date,publish_date,dollar_broad,dollar_broad_pctl
2006-01-02,2006-01-03,101.4155,
2006-01-03,2006-01-04,100.7558,
2006-01-04,2006-01-05,100.2288,
2006-01-05,2006-01-06,100.2992,
2006-01-06,2006-01-07,100.0241,
2006-01-09,2006-01-10,100.1794,
2006-01-10,2006-01-11,100.1436,
2006-01-11,2006-01-12,99.871,
2006-01-12,2006-01-13,100.0643,
2006-01-13,2006-01-14,99.9675,
2006-01-16,2006-01-17,99.9715,
2006-01-17,2006-01-18,100.2447,
2006-01-18,2006-01-19,100.4085,
2006-01-19,2006-01-20,100.1862,
2006-01-20,2006-01-21,99.9017,
2006-01-23,2006-01-24,99.3783,
2006-01-24,2006-01-25,99.3434,
2006-01-25,2006-01-26,99.348,
2006-01-26,2006-01-27,99.4798,
2006-01-27,2006-01-28,99.6433,
2006-01-30,2006-01-31,99.7144,
2006-01-31,2006-02-01,99.4311,
2006-02-01,2006-02-02,99.6132,
2006-02-02,2006-02-03,99.7916,
2006-02-03,2006-02-04,100.118,
2006-02-06,2006-02-07,100.1372,
2006-02-07,2006-02-08,100.1759,
2006-02-08,2006-02-09,100.4879,
2006-02-09,2006-02-10,100.2117,
2006-02-10,2006-02-11,100.322,
2006-02-13,2006-02-14,100.3955,
2006-02-14,2006-02-15,100.3987,
2006-02-15,2006-02-16,100.4489,
2006-02-16,2006-02-17,100.5183,
2006-02-17,2006-02-18,100.3404,
2006-02-20,2006-02-21,100.3447,
2006-02-21,2006-02-22,100.2346,
2006-02-22,2006-02-23,100.3879,
2006-02-23,2006-02-24,100.1956,
2006-02-24,2006-02-25,100.2594,
2006-02-27,2006-02-28,100.0724,
2006-02-28,2006-03-01,99.7695,
2006-03-01,2006-03-02,99.8355,
2006-03-02,2006-03-03,99.5969,
2006-03-03,2006-03-04,99.7024,
2006-03-06,2006-03-07,99.9834,
2006-03-07,2006-03-08,100.564,
2006-03-08,2006-03-09,100.8565,
2006-03-09,2006-03-10,100.7718,
2006-03-10,2006-03-11,100.9566,
2006-03-13,2006-03-14,100.8563,
2006-03-14,2006-03-15,100.312,
2006-03-15,2006-03-16,100.2121,
2006-03-16,2006-03-17,99.9049,
2006-03-17,2006-03-18,99.8614,
2006-03-20,2006-03-21,100.0491,
2006-03-21,2006-03-22,100.4716,
2006-03-22,2006-03-23,100.496,
2006-03-23,2006-03-24,100.8256,
2006-03-24,2006-03-25,100.7773,91.66666666666666
2006-03-27,2006-03-28,100.8359,93.44262295081968
2006-03-28,2006-03-29,100.7995,90.32258064516128
2006-03-29,2006-03-30,101.0474,98.4126984126984
2006-03-30,2006-03-31,100.5698,82.8125
2006-03-31,2006-04-01,100.56,80.0
2006-04-03,2006-04-04,100.6204,83.33333333333334
2006-04-04,2006-04-05,100.1319,38.80597014925373
2006-04-05,2006-04-06,100.0792,36.76470588235294
2006-04-06,2006-04-07,100.1578,43.47826086956522
2006-04-07,2006-04-08,100.4187,71.42857142857143
2006-04-10,2006-04-11,100.4091,70.4225352112676
2006-04-11,2006-04-12,100.2903,56.94444444444444
2006-04-12,2006-04-13,100.3589,64.38356164383562
2006-04-13,2006-04-14,100.4759,75.67567567567568
2006-04-14,2006-04-15,100.4697,73.33333333333333
2006-04-17,2006-04-18,99.8719,21.052631578947366
2006-04-18,2006-04-19,99.6747,11.688311688311687
2006-04-19,2006-04-20,99.3467,2.564102564102564
2006-04-20,2006-04-21,99.4974,8.860759493670885
2006-04-21,2006-04-22,99.4345,7.5
2006-04-24,2006-04-25,99.117,1.2345679012345678
2006-04-25,2006-04-26,98.9687,1.2195121951219512
2006-04-26,2006-04-27,98.8907,1.2048192771084338
2006-04-27,2006-04-28,98.5149,1.1904761904761905
2006-04-28,2006-04-29,98.1412,1.1764705882352942
2006-05-01,2006-05-02,97.9085,1.1627906976744187
2006-05-02,2006-05-03,97.6571,1.1494252873563218
2006-05-03,2006-05-04,97.5572,1.1363636363636365
2006-05-04,2006-05-05,97.4878,1.1235955056179776
2006-05-05,2006-05-06,97.2585,1.1111111111111112
2006-05-08,2006-05-09,97.1945,1.098901098901099
2006-05-09,2006-05-10,96.9578,1.0869565217391304
2006-05-10,2006-05-11,96.6391,1.0752688172043012
2006-05-11,2006-05-12,96.5383,1.0638297872340425
2006-05-12,2006-05-13,96.8788,3.1578947368421053
2006-05-15,2006-05-16,97.3588,7.291666666666667
2006-05-16,2006-05-17,97.1959,6.185567010309279
2006-05-17,2006-05-18,97.4725,9.183673469387756
2006-05-18,2006-05-19,97.7033,13.131313131313133
2006-05-19,2006-05-20,97.933,15.0
2006-05-22,2006-05-23,97.9377,15.841584158415841
2006-05-23,2006-05-24,97.7045,13.725490196078432
2006-05-24,2006-05-25,98.3936,18.446601941747574
2006-05-25,2006-05-26,97.8423,14.423076923076922
2006-05-26,2006-05-27,97.8995,15.238095238095239
2006-05-29,2006-05-30,97.8936,15.09433962264151
2006-05-30,2006-05-31,97.588,11.214953271028037
2006-05-31,2006-06-01,97.7705,14.814814814814813
2006-06-01,2006-06-02,97.7726,15.59633027522936
2006-06-02,2006-06-03,97.5544,10.0
2006-06-05,2006-06-06,97.3681,8.108108108108109
2006-06-06,2006-06-07,98.1449,24.107142857142858
2006-06-07,2006-06-08,98.1641,24.778761061946902
2006-06-08,2006-06-09,98.9313,28.07017543859649
2006-06-09,2006-06-10,98.5471,26.956521739130434
2006-06-12,2006-06-13,98.5494,27.586206896551722
2006-06-13,2006-06-14,98.9201,29.059829059829063
2006-06-14,2006-06-15,98.8338,27.966101694915253
2006-06-15,2006-06-16,98.8846,28.57142857142857
2006-06-16,2006-06-17,98.9127,30.0
2006-06-19,2006-06-20,99.145,33.88429752066116
2006-06-20,2006-06-21,99.0117,32.78688524590164
2006-06-21,2006-06-22,98.5544,26.82926829268293
2006-06-22,2006-06-23,99.0856,33.87096774193548
2006-06-23,2006-06-24,99.4216,39.2
2006-06-26,2006-06-27,99.3634,38.095238095238095
2006-06-27,2006-06-28,99.219,35.43307086614173
2006-06-28,2006-06-29,99.392,39.84375
2006-06-29,2006-06-30,99.2158,34.883720930232556
2006-06-30,2006-07-01,98.2483,22.30769230769231
2006-07-03,2006-07-04,98.0371,19.84732824427481
2006-07-04,2006-07-05,98.0221,19.696969696969695
2006-07-05,2006-07-06,98.308,24.06015037593985
2006-07-06,2006-07-07,98.138,20.8955223880597
2006-07-07,2006-07-08,97.7508,13.333333333333334
2006-07-10,2006-07-11,97.9813,19.852941176470587
2006-07-11,2006-07-12,98.2132,24.817518248175183
2006-07-12,2006-07-13,98.5202,28.26086956521739
2006-07-13,2006-07-14,98.5583,30.935251798561154
2006-07-14,2006-07-15,98.6814,31.428571428571427
2006-07-17,2006-07-18,99.0767,37.5886524822695
2006-07-18,2006-07-19,99.1341,39.436619718309856
2006-07-19,2006-07-20,98.9262,34.96503496503497
2006-07-20,2006-07-21,98.6014,30.555555555555557
2006-07-21,2006-07-22,98.5221,27.586206896551722
2006-07-24,2006-07-25,98.7795,32.19178082191781
2006-07-25,2006-07-26,98.9388,37.41496598639456
2006-07-26,2006-07-27,98.742,31.756756756756754
2006-07-27,2006-07-28,98.2283,23.48993288590604
2006-07-28,2006-07-29,98.0539,20.0
2006-07-31,2006-08-01,97.9996,18.543046357615893
2006-08-01,2006-08-02,98.1715,23.684210526315788
2006-08-02,2006-08-03,97.9432,17.647058823529413
2006-08-03,2006-08-04,98.0694,21.428571428571427
2006-08-04,2006-08-05,97.6005,9.67741935483871
2006-08-07,2006-08-08,97.5088,7.6923076923076925
2006-08-08,2006-08-09,97.6524,10.828025477707007
2006-08-09,2006-08-10,97.4402,6.329113924050633
2006-08-10,2006-08-11,97.8887,16.352201257861633
2006-08-11,2006-08-12,97.7863,15.625
2006-08-14,2006-08-15,97.9677,21.11801242236025
2006-08-15,2006-08-16,97.8043,16.049382716049383
2006-08-16,2006-08-17,97.3894,6.134969325153374
2006-08-17,2006-08-18,97.3486,4.878048780487805
2006-08-18,2006-08-19,97.7577,15.151515151515152
2006-08-21,2006-08-22,97.3856,6.626506024096386
2006-08-22,2006-08-23,97.6079,12.574850299401197
2006-08-23,2006-08-24,97.5731,11.30952380952381
2006-08-24,2006-08-25,97.7939,18.93491124260355
2006-08-25,2006-08-26,97.8827,20.588235294117645
2006-08-28,2006-08-29,97.8467,20.46783625730994
2006-08-29,2006-08-30,97.7748,18.023255813953487
2006-08-30,2006-08-31,97.5792,11.560693641618498
2006-08-31,2006-09-01,97.644,13.793103448275861
2006-09-01,2006-09-02,97.5084,9.142857142857142
2006-09-04,2006-09-05,97.4981,9.090909090909092
2006-09-05,2006-09-06,97.4392,7.344632768361582
2006-09-06,2006-09-07,97.6087,15.168539325842698
2006-09-07,2006-09-08,97.8108,22.905027932960895
2006-09-08,2006-09-09,98.2119,35.55555555555556
2006-09-11,2006-09-12,98.3845,38.12154696132597
2006-09-12,2006-09-13,98.2781,37.362637362637365
2006-09-13,2006-09-14,98.1775,34.97267759562842
2006-09-14,2006-09-15,98.0088,29.891304347826086
2006-09-15,2006-09-16,98.2104,35.67567567567568
2006-09-18,2006-09-19,98.1332,32.25806451612903
2006-09-19,2006-09-20,98.1703,34.75935828877005
2006-09-20,2006-09-21,98.1556,34.04255319148936
2006-09-21,2006-09-22,97.9458,27.513227513227513
2006-09-22,2006-09-23,97.8667,23.157894736842106
2006-09-25,2006-09-26,97.9909,29.31937172774869
2006-09-26,2006-09-27,98.0555,32.29166666666667
2006-09-27,2006-09-28,98.0107,30.569948186528496
2006-09-28,2006-09-29,98.0381,31.958762886597935
2006-09-29,2006-09-30,98.1054,33.84615384615385
2006-10-02,2006-10-03,97.9247,25.510204081632654
2006-10-03,2006-10-04,98.1267,34.51776649746193
2006-10-04,2006-10-05,98.3682,42.92929292929293
2006-10-05,2006-10-06,98.2776,41.70854271356784
2006-10-06,2006-10-07,98.5619,48.0
2006-10-09,2006-10-10,98.5702,48.258706467661696
2006-10-10,2006-10-11,98.9125,51.98019801980198
2006-10-11,2006-10-12,98.9146,52.70935960591133
2006-10-12,2006-10-13,98.831,50.0
2006-10-13,2006-10-14,98.8002,49.75609756097561
2006-10-16,2006-10-17,98.71,48.54368932038835
2006-10-17,2006-10-18,98.5354,44.44444444444444
2006-10-18,2006-10-19,98.6164,48.07692307692308
2006-10-19,2006-10-20,98.2897,40.66985645933015
2006-10-20,2006-10-21,98.1629,35.23809523809524
2006-10-23,2006-10-24,98.4483,43.127962085308056
2006-10-24,2006-10-25,98.349,41.509433962264154
2006-10-25,2006-10-26,98.2057,37.08920187793427
2006-10-26,2006-10-27,97.8907,21.962616822429908
2006-10-27,2006-10-28,97.4914,7.906976744186046
2006-10-30,2006-10-31,97.5672,10.648148148148149
2006-10-31,2006-11-01,97.3901,5.990783410138248
2006-11-01,2006-11-02,97.4949,8.715596330275229
2006-11-02,2006-11-03,97.6556,15.52511415525114
2006-11-03,2006-11-04,97.7209,17.272727272727273
2006-11-06,2006-11-07,97.806,21.266968325791854
2006-11-07,2006-11-08,97.4453,7.207207207207207
2006-11-08,2006-11-09,97.58,13.004484304932735
2006-11-09,2006-11-10,97.5041,9.821428571428571
2006-11-10,2006-11-11,97.4638,7.555555555555555
2006-11-13,2006-11-14,97.7904,21.68141592920354
2006-11-14,2006-11-15,97.7475,18.94273127753304
2006-11-15,2006-11-16,97.8359,24.12280701754386
2006-11-16,2006-11-17,97.8098,23.580786026200872
2006-11-17,2006-11-18,97.9855,31.73913043478261
2006-11-20,2006-11-21,98.0254,34.1991341991342
2006-11-21,2006-11-22,98.0215,33.62068965517241
2006-11-22,2006-11-23,97.5315,11.158798283261802
2006-11-23,2006-11-24,97.5314,11.11111111111111
2006-11-24,2006-11-25,97.0657,2.127659574468085
2006-11-27,2006-11-28,96.9986,2.11864406779661
2006-11-28,2006-11-29,96.8428,1.2658227848101267
2006-11-29,2006-11-30,96.8577,1.680672268907563
2006-11-30,2006-12-01,96.5779,0.8368200836820083
2006-12-01,2006-12-02,96.4585,0.4166666666666667
2006-12-04,2006-12-05,96.4319,0.4149377593360996
2006-12-05,2006-12-06,96.2082,0.4132231404958678
2006-12-06,2006-12-07,96.2839,0.823045267489712
2006-12-07,2006-12-08,96.3207,1.2295081967213115
2006-12-08,2006-12-09,96.6123,3.2653061224489797
2006-12-11,2006-12-12,96.6646,4.0650406504065035
2006-12-12,2006-12-13,96.7119,4.4534412955465585
2006-12-13,2006-12-14,96.7296,4.838709677419355
2006-12-14,2006-12-15,96.7946,5.220883534136546
2006-12-15,2006-12-16,96.9857,7.199999999999999
2006-12-18,2006-12-19,97.1559,8.366533864541832
2006-12-19,2006-12-20,96.9313,6.746031746031746
2006-12-20,2006-12-21,96.7762,5.158730158730158
2006-12-21,2006-12-22,96.9148,7.142857142857142
2006-12-22,2006-12-23,97.1113,9.523809523809524
2006-12-25,2006-12-26,97.1221,9.920634920634921
2006-12-26,2006-12-27,97.1786,10.714285714285714
2006-12-27,2006-12-28,97.2076,11.904761904761903
2006-12-28,2006-12-29,97.0656,9.126984126984127
2006-12-29,2006-12-30,97.0312,9.126984126984127
2007-01-01,2007-01-02,97.0323,9.523809523809524
2007-01-03,2007-01-04,97.1281,11.507936507936508
2007-01-04,2007-01-05,97.5251,21.428571428571427
2007-01-05,2007-01-06,97.7801,31.746031746031743
2007-01-08,2007-01-09,97.788,32.53968253968254
2007-01-09,2007-01-10,97.9642,41.269841269841265
2007-01-10,2007-01-11,98.0943,47.61904761904761
2007-01-11,2007-01-12,98.0845,47.61904761904761
2007-01-12,2007-01-13,97.921,39.285714285714285
2007-01-15,2007-01-16,97.9201,39.285714285714285
2007-01-16,2007-01-17,97.9816,43.25396825396825
2007-01-17,2007-01-18,97.7509,30.158730158730158
2007-01-18,2007-01-19,97.8286,35.714285714285715
2007-01-19,2007-01-20,97.6868,28.174603174603174
2007-01-22,2007-01-23,97.827,36.11111111111111
2007-01-23,2007-01-24,97.8117,36.11111111111111
2007-01-24,2007-01-25,97.908,40.87301587301587
2007-01-25,2007-01-26,97.8396,37.698412698412696
2007-01-26,2007-01-27,98.1491,54.761904761904766
2007-01-29,2007-01-30,98.2066,57.936507936507944
2007-01-30,2007-01-31,98.1515,55.158730158730165
2007-01-31,2007-02-01,97.964,44.84126984126984
2007-02-01,2007-02-02,97.7101,29.365079365079367
2007-02-02,2007-02-03,97.9743,46.42857142857143
2007-02-05,2007-02-06,97.87,39.682539682539684
2007-02-06,2007-02-07,97.7357,30.158730158730158
2007-02-07,2007-02-08,97.7239,30.158730158730158
2007-02-08,2007-02-09,97.8169,37.698412698412696
2007-02-09,2007-02-10,97.7076,29.365079365079367
2007-02-12,2007-02-13,97.9409,46.42857142857143
2007-02-13,2007-02-14,97.7063,29.365079365079367
2007-02-14,2007-02-15,97.2779,14.285714285714285
2007-02-15,2007-02-16,97.1588,12.3015873015873
2007-02-16,2007-02-17,97.164,12.698412698412698
2007-02-19,2007-02-20,97.1545,11.904761904761903
2007-02-20,2007-02-21,97.321,15.873015873015872
2007-02-21,2007-02-22,97.27,15.476190476190476
2007-02-22,2007-02-23,97.266,15.476190476190476
2007-02-23,2007-02-24,97.1756,13.492063492063492
2007-02-26,2007-02-27,97.2281,15.476190476190476
2007-02-27,2007-02-28,97.0883,10.714285714285714
2007-02-28,2007-03-01,97.2386,16.26984126984127
2007-03-01,2007-03-02,97.3358,18.650793650793652
2007-03-02,2007-03-03,97.3691,20.238095238095237
2007-03-05,2007-03-06,97.6716,33.33333333333333
2007-03-06,2007-03-07,97.5123,26.58730158730159
2007-03-07,2007-03-08,97.4558,23.015873015873016
2007-03-08,2007-03-09,97.5731,30.158730158730158
2007-03-09,2007-03-10,97.4559,23.41269841269841
2007-03-12,2007-03-13,97.3013,18.253968253968253
2007-03-13,2007-03-14,97.2203,15.873015873015872
2007-03-14,2007-03-15,97.2759,18.253968253968253
2007-03-15,2007-03-16,97.2476,17.063492063492063
2007-03-16,2007-03-17,97.0407,9.920634920634921
2007-03-19,2007-03-20,97.1062,11.507936507936508
2007-03-20,2007-03-21,96.7985,5.952380952380952
2007-03-21,2007-03-22,96.6195,3.571428571428571
2007-03-22,2007-03-23,96.3893,1.5873015873015872
2007-03-23,2007-03-24,96.5662,3.1746031746031744
2007-03-26,2007-03-27,96.5493,3.1746031746031744
2007-03-27,2007-03-28,96.4558,2.380952380952381
2007-03-28,2007-03-29,96.4894,3.1746031746031744
2007-03-29,2007-03-30,96.5067,3.571428571428571
2007-03-30,2007-03-31,96.3183,1.1904761904761905
2007-04-02,2007-04-03,96.3175,1.1904761904761905
2007-04-03,2007-04-04,96.3774,2.380952380952381
2007-04-04,2007-04-05,96.3646,2.380952380952381
2007-04-05,2007-04-06,96.1188,0.3968253968253968
2007-04-06,2007-04-07,96.2526,1.1904761904761905
2007-04-09,2007-04-10,96.293,1.984126984126984
2007-04-10,2007-04-11,96.1179,0.3968253968253968
2007-04-11,2007-04-12,96.0293,0.3968253968253968
2007-04-12,2007-04-13,95.7999,0.3968253968253968
2007-04-13,2007-04-14,95.711,0.3968253968253968
2007-04-16,2007-04-17,95.5538,0.3968253968253968
2007-04-17,2007-04-18,95.3832,0.3968253968253968
2007-04-18,2007-04-19,95.3109,0.3968253968253968
2007-04-19,2007-04-20,95.2712,0.3968253968253968
2007-04-20,2007-04-21,95.1692,0.3968253968253968
2007-04-23,2007-04-24,95.1833,0.7936507936507936
2007-04-24,2007-04-25,95.1608,0.3968253968253968
2007-04-25,2007-04-26,94.8497,0.3968253968253968
2007-04-26,2007-04-27,95.1653,1.1904761904761905
2007-04-27,2007-04-28,95.0103,0.7936507936507936
2007-04-30,2007-05-01,94.8365,0.3968253968253968
2007-05-01,2007-05-02,95.0037,1.1904761904761905
2007-05-02,2007-05-03,95.0352,1.984126984126984
2007-05-03,2007-05-04,95.0167,1.984126984126984
2007-05-04,2007-05-05,94.9118,1.1904761904761905
2007-05-07,2007-05-08,94.6914,0.3968253968253968
2007-05-08,2007-05-09,94.8648,1.5873015873015872
2007-05-09,2007-05-10,94.7933,0.7936507936507936
2007-05-10,2007-05-11,94.9506,2.7777777777777777
2007-05-11,2007-05-12,95.0035,3.1746031746031744
2007-05-14,2007-05-15,94.8267,1.1904761904761905
2007-05-15,2007-05-16,94.5574,0.3968253968253968
2007-05-16,2007-05-17,94.8143,1.5873015873015872
2007-05-17,2007-05-18,94.8339,2.380952380952381
2007-05-18,2007-05-19,94.6573,0.7936507936507936
2007-05-21,2007-05-22,94.7026,1.5873015873015872
2007-05-22,2007-05-23,94.5753,0.7936507936507936
2007-05-23,2007-05-24,94.4557,0.3968253968253968
2007-05-24,2007-05-25,94.7025,2.380952380952381
2007-05-25,2007-05-26,94.5022,0.7936507936507936
2007-05-28,2007-05-29,94.4959,0.7936507936507936
2007-05-29,2007-05-30,94.3533,0.3968253968253968
2007-05-30,2007-05-31,94.549,1.984126984126984
2007-05-31,2007-06-01,94.3215,0.3968253968253968
2007-06-01,2007-06-02,94.132,0.3968253968253968
2007-06-04,2007-06-05,93.9969,0.3968253968253968
2007-06-05,2007-06-06,93.9986,0.7936507936507936
2007-06-06,2007-06-07,94.1217,1.1904761904761905
2007-06-07,2007-06-08,94.3537,2.7777777777777777
2007-06-08,2007-06-09,94.7599,7.142857142857142
2007-06-11,2007-06-12,94.6576,5.952380952380952
2007-06-12,2007-06-13,94.6991,6.746031746031746
2007-06-13,2007-06-14,94.9011,11.11111111111111
2007-06-14,2007-06-15,94.9029,11.507936507936508
2007-06-15,2007-06-16,94.6228,5.555555555555555
2007-06-18,2007-06-19,94.5475,4.365079365079365
2007-06-19,2007-06-20,94.3227,2.380952380952381
2007-06-20,2007-06-21,94.3618,3.571428571428571
2007-06-21,2007-06-22,94.6073,6.746031746031746
2007-06-22,2007-06-23,94.4371,3.968253968253968
2007-06-25,2007-06-26,94.5105,5.555555555555555
2007-06-26,2007-06-27,94.4678,4.761904761904762
2007-06-27,2007-06-28,94.5633,7.5396825396825395
2007-06-28,2007-06-29,94.2395,1.984126984126984
2007-06-29,2007-06-30,94.1393,1.984126984126984
2007-07-02,2007-07-03,93.634,0.3968253968253968
2007-07-03,2007-07-04,93.697,0.7936507936507936
2007-07-04,2007-07-05,93.6965,0.7936507936507936
2007-07-05,2007-07-06,93.7653,1.5873015873015872
2007-07-06,2007-07-07,93.5759,0.3968253968253968
2007-07-09,2007-07-10,93.5519,0.3968253968253968
2007-07-10,2007-07-11,93.3339,0.3968253968253968
2007-07-11,2007-07-12,93.3089,0.3968253968253968
2007-07-12,2007-07-13,93.1198,0.3968253968253968
2007-07-13,2007-07-14,93.0133,0.3968253968253968
2007-07-16,2007-07-17,92.9094,0.3968253968253968
2007-07-17,2007-07-18,92.9095,0.7936507936507936
2007-07-18,2007-07-19,92.7959,0.3968253968253968
2007-07-19,2007-07-20,92.7332,0.3968253968253968
2007-07-20,2007-07-21,92.7179,0.3968253968253968
2007-07-23,2007-07-24,92.6585,0.3968253968253968
2007-07-24,2007-07-25,92.505,0.3968253968253968
2007-07-25,2007-07-26,92.9189,3.1746031746031744
2007-07-26,2007-07-27,93.1186,3.968253968253968
2007-07-27,2007-07-28,93.5485,5.555555555555555
2007-07-30,2007-07-31,93.5918,6.746031746031746
2007-07-31,2007-08-01,93.4264,5.555555555555555
2007-08-01,2007-08-02,93.4011,5.555555555555555
2007-08-02,2007-08-03,93.3038,4.761904761904762
2007-08-03,2007-08-04,93.1039,3.968253968253968
2007-08-06,2007-08-07,93.1112,4.365079365079365
2007-08-07,2007-08-08,93.3171,6.349206349206349
2007-08-08,2007-08-09,93.0989,3.968253968253968
2007-08-09,2007-08-10,93.441,8.333333333333332
2007-08-10,2007-08-11,93.5214,8.73015873015873
2007-08-13,2007-08-14,93.6032,10.714285714285714
2007-08-14,2007-08-15,94.0416,13.492063492063492
2007-08-15,2007-08-16,94.5014,19.047619047619047
2007-08-16,2007-08-17,94.9055,29.365079365079367
2007-08-17,2007-08-18,94.319,15.476190476190476
2007-08-20,2007-08-21,94.2138,15.079365079365079
2007-08-21,2007-08-22,94.2676,15.873015873015872
2007-08-22,2007-08-23,94.0998,13.88888888888889
2007-08-23,2007-08-24,93.9827,12.698412698412698
2007-08-24,2007-08-25,93.6863,11.507936507936508
2007-08-27,2007-08-28,93.6109,11.11111111111111
2007-08-28,2007-08-29,93.8394,13.492063492063492
2007-08-29,2007-08-30,93.7174,13.095238095238097
2007-08-30,2007-08-31,93.7324,13.492063492063492
2007-08-31,2007-09-01,93.6674,11.904761904761903
2007-09-03,2007-09-04,93.6691,12.3015873015873
2007-09-04,2007-09-05,93.6433,11.904761904761903
2007-09-05,2007-09-06,93.5453,9.126984126984127
2007-09-06,2007-09-07,93.4468,8.73015873015873
2007-09-07,2007-09-08,93.2939,5.952380952380952
2007-09-10,2007-09-11,93.2349,5.952380952380952
2007-09-11,2007-09-12,92.9244,3.571428571428571
2007-09-12,2007-09-13,92.6386,0.7936507936507936
2007-09-13,2007-09-14,92.6172,0.7936507936507936
2007-09-14,2007-09-15,92.7083,1.984126984126984
2007-09-17,2007-09-18,92.823,3.571428571428571
2007-09-18,2007-09-19,92.6584,1.5873015873015872
2007-09-19,2007-09-20,92.1534,0.3968253968253968
2007-09-20,2007-09-21,91.4212,0.3968253968253968
2007-09-21,2007-09-22,91.4854,0.7936507936507936
2007-09-24,2007-09-25,91.4017,0.3968253968253968
2007-09-25,2007-09-26,91.3392,0.3968253968253968
2007-09-26,2007-09-27,91.4335,1.5873015873015872
2007-09-27,2007-09-28,91.3497,0.7936507936507936
2007-09-28,2007-09-29,90.9446,0.3968253968253968
2007-10-01,2007-10-02,90.8801,0.3968253968253968
2007-10-02,2007-10-03,91.12,1.1904761904761905
2007-10-03,2007-10-04,91.1038,1.1904761904761905
2007-10-04,2007-10-05,91.1632,1.984126984126984
2007-10-05,2007-10-06,90.7393,0.3968253968253968
2007-10-08,2007-10-09,90.748,0.7936507936507936
2007-10-09,2007-10-10,90.8609,1.1904761904761905
2007-10-10,2007-10-11,90.7154,0.3968253968253968
2007-10-11,2007-10-12,90.4901,0.3968253968253968
2007-10-12,2007-10-13,90.5945,0.7936507936507936
2007-10-15,2007-10-16,90.5387,0.7936507936507936
2007-10-16,2007-10-17,90.7123,1.5873015873015872
2007-10-17,2007-10-18,90.515,0.7936507936507936
2007-10-18,2007-10-19,90.3084,0.3968253968253968
2007-10-19,2007-10-20,90.1014,0.3968253968253968
2007-10-22,2007-10-23,90.6777,2.7777777777777777
2007-10-23,2007-10-24,90.1899,0.7936507936507936
2007-10-24,2007-10-25,90.2262,1.1904761904761905
2007-10-25,2007-10-26,89.9925,0.3968253968253968
2007-10-26,2007-10-27,89.6508,0.3968253968253968
2007-10-29,2007-10-30,89.4118,0.3968253968253968
2007-10-30,2007-10-31,89.3252,0.3968253968253968
2007-10-31,2007-11-01,89.1389,0.3968253968253968
2007-11-01,2007-11-02,89.1628,0.7936507936507936
2007-11-02,2007-11-03,88.8924,0.3968253968253968
2007-11-05,2007-11-06,88.8851,0.3968253968253968
2007-11-06,2007-11-07,88.4938,0.3968253968253968
2007-11-07,2007-11-08,88.0631,0.3968253968253968
2007-11-08,2007-11-09,88.2631,0.7936507936507936
2007-11-09,2007-11-10,88.4615,1.1904761904761905
2007-11-12,2007-11-13,88.465,1.5873015873015872
2007-11-13,2007-11-14,89.1016,3.1746031746031744
2007-11-14,2007-11-15,88.9671,3.1746031746031744
2007-11-15,2007-11-16,89.4413,5.555555555555555
2007-11-16,2007-11-17,89.3182,4.761904761904762
2007-11-19,2007-11-20,89.5262,6.349206349206349
2007-11-20,2007-11-21,89.2622,4.761904761904762
2007-11-21,2007-11-22,89.3352,5.952380952380952
2007-11-22,2007-11-23,89.3269,5.952380952380952
2007-11-23,2007-11-24,89.2384,4.761904761904762
2007-11-26,2007-11-27,89.145,4.365079365079365
2007-11-27,2007-11-28,89.4082,7.5396825396825395
2007-11-28,2007-11-29,89.4195,8.333333333333332
2007-11-29,2007-11-30,89.3681,7.5396825396825395
2007-11-30,2007-12-01,89.6212,9.920634920634921
2007-12-03,2007-12-04,89.6403,10.317460317460316
2007-12-04,2007-12-05,89.6672,11.11111111111111
2007-12-05,2007-12-06,89.8751,11.507936507936508
2007-12-06,2007-12-07,89.9268,11.904761904761903
2007-12-07,2007-12-08,89.74,11.507936507936508
2007-12-10,2007-12-11,89.6811,11.507936507936508
2007-12-11,2007-12-12,89.7176,11.904761904761903
2007-12-12,2007-12-13,89.7349,12.3015873015873
2007-12-13,2007-12-14,90.1374,14.682539682539684
2007-12-14,2007-12-15,90.4345,16.26984126984127
2007-12-17,2007-12-18,90.5363,17.46031746031746
2007-12-18,2007-12-19,90.5602,18.253968253968253
2007-12-19,2007-12-20,90.6147,19.047619047619047
2007-12-20,2007-12-21,90.4695,16.666666666666664
2007-12-21,2007-12-22,90.3672,16.26984126984127
2007-12-24,2007-12-25,90.1788,15.079365079365079
2007-12-25,2007-12-26,90.1786,15.079365079365079
2007-12-26,2007-12-27,89.9226,13.492063492063492
2007-12-27,2007-12-28,89.684,11.904761904761903
2007-12-28,2007-12-29,89.4069,7.936507936507936
2007-12-31,2008-01-01,89.6304,10.714285714285714
2008-01-01,2008-01-02,89.6297,10.714285714285714
2008-01-02,2008-01-03,89.3514,7.5396825396825395
2008-01-03,2008-01-04,89.231,5.158730158730158
2008-01-04,2008-01-05,89.2467,5.952380952380952
2008-01-07,2008-01-08,89.5718,11.507936507936508
2008-01-08,2008-01-09,89.3398,8.333333333333332
2008-01-09,2008-01-10,89.6807,14.682539682539684
2008-01-10,2008-01-11,89.6226,12.698412698412698
2008-01-11,2008-01-12,89.5215,11.507936507936508
2008-01-14,2008-01-15,89.2749,6.746031746031746
2008-01-15,2008-01-16,89.1555,4.761904761904762
2008-01-16,2008-01-17,89.6701,16.26984126984127
2008-01-17,2008-01-18,89.6484,15.476190476190476
2008-01-18,2008-01-19,89.8993,19.841269841269842
2008-01-21,2008-01-22,89.9265,20.634920634920633
2008-01-22,2008-01-23,89.84,19.444444444444446
2008-01-23,2008-01-24,89.9138,20.634920634920633
2008-01-24,2008-01-25,89.203,5.555555555555555
2008-01-25,2008-01-26,89.2184,5.952380952380952
2008-01-28,2008-01-29,88.9555,3.1746031746031744
2008-01-29,2008-01-30,88.8342,2.380952380952381
2008-01-30,2008-01-31,88.7442,2.380952380952381
2008-01-31,2008-02-01,88.6547,2.380952380952381
2008-02-01,2008-02-02,88.4824,1.984126984126984
2008-02-04,2008-02-05,88.4788,1.984126984126984
2008-02-05,2008-02-06,89.076,5.952380952380952
2008-02-06,2008-02-07,88.9987,5.952380952380952
2008-02-07,2008-02-08,89.4221,15.873015873015872
2008-02-08,2008-02-09,89.2226,9.523809523809524
2008-02-11,2008-02-12,89.2149,9.126984126984127
2008-02-12,2008-02-13,88.9539,5.158730158730158
2008-02-13,2008-02-14,89.1382,7.5396825396825395
2008-02-14,2008-02-15,88.9055,5.158730158730158
2008-02-15,2008-02-16,88.9006,5.158730158730158
2008-02-18,2008-02-19,88.9004,5.158730158730158
2008-02-19,2008-02-20,88.9626,7.142857142857142
2008-02-20,2008-02-21,89.2572,13.88888888888889
2008-02-21,2008-02-22,88.716,3.571428571428571
2008-02-22,2008-02-23,88.7082,3.571428571428571
2008-02-25,2008-02-26,88.5373,3.1746031746031744
2008-02-26,2008-02-27,88.0998,0.7936507936507936
2008-02-27,2008-02-28,87.3353,0.3968253968253968
2008-02-28,2008-02-29,87.0363,0.3968253968253968
2008-02-29,2008-03-01,87.1654,0.7936507936507936
2008-03-03,2008-03-04,87.2381,1.1904761904761905
2008-03-04,2008-03-05,87.3039,1.5873015873015872
2008-03-05,2008-03-06,87.1347,0.7936507936507936
2008-03-06,2008-03-07,86.9105,0.3968253968253968
2008-03-07,2008-03-08,87.1258,1.1904761904761905
2008-03-10,2008-03-11,87.1452,1.984126984126984
2008-03-11,2008-03-12,87.1763,2.7777777777777777
2008-03-12,2008-03-13,86.728,0.3968253968253968
2008-03-13,2008-03-14,86.3891,0.3968253968253968
2008-03-14,2008-03-15,86.4301,0.7936507936507936
2008-03-17,2008-03-18,86.3417,0.3968253968253968
2008-03-18,2008-03-19,86.1191,0.3968253968253968
2008-03-19,2008-03-20,86.5755,1.984126984126984
2008-03-20,2008-03-21,87.3293,6.349206349206349
2008-03-21,2008-03-22,87.2111,5.555555555555555
2008-03-24,2008-03-25,87.3103,6.746031746031746
2008-03-25,2008-03-26,86.8339,2.7777777777777777
2008-03-26,2008-03-27,86.5513,1.984126984126984
2008-03-27,2008-03-28,86.4583,1.984126984126984
2008-03-28,2008-03-29,86.6369,3.1746031746031744
2008-03-31,2008-04-01,86.6881,3.571428571428571
2008-04-01,2008-04-02,87.0276,5.158730158730158
2008-04-02,2008-04-03,86.8886,4.761904761904762
2008-04-03,2008-04-04,86.6424,3.571428571428571
2008-04-04,2008-04-05,86.5108,2.380952380952381
2008-04-07,2008-04-08,86.603,3.571428571428571
2008-04-08,2008-04-09,86.7369,5.555555555555555
2008-04-09,2008-04-10,86.5764,3.571428571428571
2008-04-10,2008-04-11,86.5131,2.7777777777777777
2008-04-11,2008-04-12,86.5029,2.380952380952381
2008-04-14,2008-04-15,86.3492,1.1904761904761905
2008-04-15,2008-04-16,86.4705,2.7777777777777777
2008-04-16,2008-04-17,85.9037,0.3968253968253968
2008-04-17,2008-04-18,86.1077,0.7936507936507936
2008-04-18,2008-04-19,86.5277,5.158730158730158
2008-04-21,2008-04-22,86.2979,1.5873015873015872
2008-04-22,2008-04-23,85.927,0.7936507936507936
2008-04-23,2008-04-24,86.3841,3.1746031746031744
2008-04-24,2008-04-25,86.7154,9.523809523809524
2008-04-25,2008-04-26,86.8337,10.714285714285714
2008-04-28,2008-04-29,86.7635,10.714285714285714
2008-04-29,2008-04-30,86.873,11.904761904761903
2008-04-30,2008-05-01,86.8907,12.698412698412698
2008-05-01,2008-05-02,87.1347,15.079365079365079
2008-05-02,2008-05-03,87.2311,17.063492063492063
2008-05-05,2008-05-06,87.0636,14.285714285714285
2008-05-06,2008-05-07,86.847,11.904761904761903
2008-05-07,2008-05-08,87.3421,20.238095238095237
2008-05-08,2008-05-09,87.4575,20.634920634920633
2008-05-09,2008-05-10,87.2528,18.650793650793652
2008-05-12,2008-05-13,87.0403,14.682539682539684
2008-05-13,2008-05-14,87.1332,15.873015873015872
2008-05-14,2008-05-15,87.3659,21.825396825396826
2008-05-15,2008-05-16,87.1823,18.253968253968253
2008-05-16,2008-05-17,86.7855,11.11111111111111
2008-05-19,2008-05-20,86.8225,11.507936507936508
2008-05-20,2008-05-21,86.5627,7.142857142857142
2008-05-21,2008-05-22,86.1595,1.984126984126984
2008-05-22,2008-05-23,86.3223,2.7777777777777777
2008-05-23,2008-05-24,86.1922,2.380952380952381
2008-05-26,2008-05-27,86.19,2.380952380952381
2008-05-27,2008-05-28,86.4459,5.952380952380952
2008-05-28,2008-05-29,86.4951,7.142857142857142
2008-05-29,2008-05-30,86.5616,9.523809523809524
2008-05-30,2008-05-31,86.5504,9.126984126984127
2008-06-02,2008-06-03,86.6321,11.904761904761903
2008-06-03,2008-06-04,86.8359,16.666666666666664
2008-06-04,2008-06-05,87.0999,20.634920634920633
2008-06-05,2008-06-06,87.0968,20.634920634920633
2008-06-06,2008-06-07,86.8028,15.476190476190476
2008-06-09,2008-06-10,86.9096,19.047619047619047
2008-06-10,2008-06-11,87.4705,29.761904761904763
2008-06-11,2008-06-12,87.2059,25.396825396825395
2008-06-12,2008-06-13,87.6187,30.555555555555557
2008-06-13,2008-06-14,87.7622,30.952380952380953
2008-06-16,2008-06-17,87.3911,29.761904761904763
2008-06-17,2008-06-18,87.2103,25.793650793650798
2008-06-18,2008-06-19,87.1872,25.396825396825395
2008-06-19,2008-06-20,87.0815,21.428571428571427
2008-06-20,2008-06-21,86.9036,19.047619047619047
2008-06-23,2008-06-24,87.2163,27.77777777777778
2008-06-24,2008-06-25,86.9666,20.238095238095237
2008-06-25,2008-06-26,87.0535,21.825396825396826
2008-06-26,2008-06-27,86.6793,13.095238095238097
2008-06-27,2008-06-28,86.643,13.095238095238097
2008-06-30,2008-07-01,86.7621,15.476190476190476
2008-07-01,2008-07-02,86.8447,18.650793650793652
2008-07-02,2008-07-03,86.4782,7.142857142857142
2008-07-03,2008-07-04,86.8843,20.238095238095237
2008-07-04,2008-07-05,86.8781,20.238095238095237
2008-07-07,2008-07-08,86.9617,23.015873015873016
2008-07-08,2008-07-09,86.9778,23.809523809523807
2008-07-09,2008-07-10,86.5335,9.523809523809524
2008-07-10,2008-07-11,86.5122,8.73015873015873
2008-07-11,2008-07-12,86.221,3.1746031746031744
2008-07-14,2008-07-15,86.1079,1.5873015873015872
2008-07-15,2008-07-16,85.8731,0.3968253968253968
2008-07-16,2008-07-17,85.9285,1.5873015873015872
2008-07-17,2008-07-18,85.9387,1.984126984126984
2008-07-18,2008-07-19,86.0735,2.380952380952381
2008-07-21,2008-07-22,86.0151,2.380952380952381
2008-07-22,2008-07-23,86.1909,5.158730158730158
2008-07-23,2008-07-24,86.2664,6.349206349206349
2008-07-24,2008-07-25,86.4017,9.126984126984127
2008-07-25,2008-07-26,86.3916,9.126984126984127
2008-07-28,2008-07-29,86.4666,11.11111111111111
2008-07-29,2008-07-30,86.8175,23.015873015873016
2008-07-30,2008-07-31,86.8167,23.015873015873016
2008-07-31,2008-08-01,86.8567,26.190476190476193
2008-08-01,2008-08-02,86.8257,24.206349206349206
2008-08-04,2008-08-05,87.0611,32.93650793650794
2008-08-05,2008-08-06,87.3281,42.06349206349206
2008-08-06,2008-08-07,87.6004,45.23809523809524
2008-08-07,2008-08-08,87.8732,46.42857142857143
2008-08-08,2008-08-09,88.8939,53.17460317460318
2008-08-11,2008-08-12,89.035,56.74603174603175
2008-08-12,2008-08-13,89.1916,59.92063492063492
2008-08-13,2008-08-14,89.3211,64.68253968253968
2008-08-14,2008-08-15,89.3675,67.06349206349206
2008-08-15,2008-08-16,89.7244,76.5873015873016
2008-08-18,2008-08-19,89.5966,71.42857142857143
2008-08-19,2008-08-20,89.6465,73.80952380952381
2008-08-20,2008-08-21,89.6977,76.98412698412699
2008-08-21,2008-08-22,88.9128,54.761904761904766
2008-08-22,2008-08-23,89.2381,62.698412698412696
2008-08-25,2008-08-26,89.3094,65.07936507936508
2008-08-26,2008-08-27,89.7007,78.57142857142857
2008-08-27,2008-08-28,89.6419,75.0
2008-08-28,2008-08-29,89.8225,80.95238095238095
2008-08-29,2008-08-30,90.0567,84.52380952380952
2008-09-01,2008-09-02,90.08,84.92063492063492
2008-09-02,2008-09-03,90.8438,94.04761904761905
2008-09-03,2008-09-04,90.8286,94.04761904761905
2008-09-04,2008-09-05,91.1621,96.82539682539682
2008-09-05,2008-09-06,91.341,98.01587301587301
2008-09-08,2008-09-09,91.663,100.0
2008-09-09,2008-09-10,91.5779,99.60317460317461
2008-09-10,2008-09-11,92.1283,100.0
2008-09-11,2008-09-12,92.4901,100.0
2008-09-12,2008-09-13,91.4706,98.4126984126984
2008-09-15,2008-09-16,91.757,99.20634920634922
2008-09-16,2008-09-17,92.0594,99.20634920634922
2008-09-17,2008-09-18,92.0982,99.20634920634922
2008-09-18,2008-09-19,91.7111,98.01587301587301
2008-09-19,2008-09-20,91.0014,95.23809523809523
2008-09-22,2008-09-23,90.1119,85.71428571428571
2008-09-23,2008-09-24,90.1221,86.11111111111111
2008-09-24,2008-09-25,90.4602,89.68253968253968
2008-09-25,2008-09-26,90.4651,90.07936507936508
2008-09-26,2008-09-27,90.6872,94.04761904761905
2008-09-29,2008-09-30,91.3961,96.42857142857143
2008-09-30,2008-10-01,92.3773,99.60317460317461
2008-10-01,2008-10-02,92.511,100.0
2008-10-02,2008-10-03,93.3792,100.0
2008-10-03,2008-10-04,93.5414,100.0
2008-10-06,2008-10-07,95.1629,100.0
2008-10-07,2008-10-08,95.4889,100.0
2008-10-08,2008-10-09,96.9684,100.0
2008-10-09,2008-10-10,96.5143,99.60317460317461
2008-10-10,2008-10-11,97.999,100.0
2008-10-13,2008-10-14,97.9686,99.60317460317461
2008-10-14,2008-10-15,96.2544,98.4126984126984
2008-10-15,2008-10-16,97.2045,99.20634920634922
2008-10-16,2008-10-17,98.368,100.0
2008-10-17,2008-10-18,97.7255,98.80952380952381
2008-10-20,2008-10-21,98.1605,99.60317460317461
2008-10-21,2008-10-22,99.4242,100.0
2008-10-22,2008-10-23,101.2131,100.0
2008-10-23,2008-10-24,101.1071,99.60317460317461
2008-10-24,2008-10-25,101.8442,100.0
2008-10-27,2008-10-28,102.3415,100.0
2008-10-28,2008-10-29,102.4236,100.0
2008-10-29,2008-10-30,100.0967,98.01587301587301
2008-10-30,2008-10-31,99.4568,97.61904761904762
2008-10-31,2008-11-01,99.7662,97.61904761904762
2008-11-03,2008-11-04,99.4345,96.82539682539682
2008-11-04,2008-11-05,97.9957,94.84126984126983
2008-11-05,2008-11-06,98.0953,95.23809523809523
2008-11-06,2008-11-07,99.5364,97.22222222222221
2008-11-07,2008-11-08,99.3944,95.63492063492063
2008-11-10,2008-11-11,99.5897,97.22222222222221
2008-11-11,2008-11-12,99.6041,97.22222222222221
2008-11-12,2008-11-13,101.1947,98.4126984126984
2008-11-13,2008-11-14,101.774,98.80952380952381
2008-11-14,2008-11-15,100.9705,97.22222222222221
2008-11-17,2008-11-18,101.1029,97.22222222222221
2008-11-18,2008-11-19,101.3965,98.4126984126984
2008-11-19,2008-11-20,101.8804,99.20634920634922
2008-11-20,2008-11-21,103.2737,100.0
2008-11-21,2008-11-22,103.6289,100.0
2008-11-24,2008-11-25,101.502,97.22222222222221
2008-11-25,2008-11-26,100.7997,94.44444444444444
2008-11-26,2008-11-27,101.2566,96.42857142857143
2008-11-27,2008-11-28,101.2564,96.03174603174604
2008-11-28,2008-11-29,101.6468,97.22222222222221
2008-12-01,2008-12-02,102.1744,98.4126984126984
2008-12-02,2008-12-03,101.9891,98.01587301587301
2008-12-03,2008-12-04,102.4251,99.20634920634922
2008-12-04,2008-12-05,102.0715,97.61904761904762
2008-12-05,2008-12-06,103.4902,99.60317460317461
2008-12-08,2008-12-09,101.7227,95.23809523809523
2008-12-09,2008-12-10,101.7346,95.23809523809523
2008-12-10,2008-12-11,101.2913,93.25396825396825
2008-12-11,2008-12-12,99.5101,87.6984126984127
2008-12-12,2008-12-13,100.319,89.68253968253968
2008-12-15,2008-12-16,99.1001,85.31746031746032
2008-12-16,2008-12-17,98.4771,84.92063492063492
2008-12-17,2008-12-18,96.8227,80.95238095238095
2008-12-18,2008-12-19,96.8447,80.95238095238095
2008-12-19,2008-12-20,98.1278,83.73015873015873
2008-12-22,2008-12-23,98.1643,84.12698412698413
2008-12-23,2008-12-24,98.2698,84.12698412698413
2008-12-24,2008-12-25,98.2249,83.73015873015873
2008-12-25,2008-12-26,98.2419,83.73015873015873
2008-12-26,2008-12-27,98.2594,83.73015873015873
2008-12-29,2008-12-30,97.9359,79.76190476190477
2008-12-30,2008-12-31,98.3833,84.52380952380952
2008-12-31,2009-01-01,98.6518,84.92063492063492
2009-01-02,2009-01-03,98.6008,84.52380952380952
2009-01-05,2009-01-06,98.9195,84.92063492063492
2009-01-06,2009-01-07,98.7871,84.52380952380952
2009-01-07,2009-01-08,98.089,78.96825396825396
2009-01-08,2009-01-09,98.3223,82.14285714285714
2009-01-09,2009-01-10,98.8752,84.52380952380952
2009-01-12,2009-01-13,99.6022,88.09523809523809
2009-01-13,2009-01-14,100.3597,89.68253968253968
2009-01-14,2009-01-15,100.7546,89.68253968253968
2009-01-15,2009-01-16,101.4653,93.65079365079364
2009-01-16,2009-01-17,100.711,88.88888888888889
2009-01-21,2009-01-22,102.1007,97.22222222222221
2009-01-22,2009-01-23,101.8432,95.23809523809523
2009-01-23,2009-01-24,102.1096,97.22222222222221
2009-01-26,2009-01-27,100.9764,88.88888888888889
2009-01-27,2009-01-28,101.1702,89.68253968253968
2009-01-28,2009-01-29,100.5461,86.5079365079365
2009-01-29,2009-01-30,101.3398,91.66666666666666
2009-01-30,2009-01-31,102.1169,97.22222222222221
2009-02-02,2009-02-03,102.5067,98.80952380952381
2009-02-03,2009-02-04,101.8506,94.44444444444444
2009-02-04,2009-02-05,101.9056,94.84126984126983
2009-02-05,2009-02-06,101.9517,94.84126984126983
2009-02-06,2009-02-07,101.7455,92.06349206349206
2009-02-09,2009-02-10,100.9637,84.92063492063492
2009-02-10,2009-02-11,101.7094,90.87301587301587
2009-02-11,2009-02-12,102.24,97.22222222222221
2009-02-12,2009-02-13,102.598,98.80952380952381
2009-02-13,2009-02-14,102.2958,96.82539682539682
2009-02-17,2009-02-18,103.7625,100.0
2009-02-18,2009-02-19,104.0385,100.0
2009-02-19,2009-02-20,103.7656,99.60317460317461
2009-02-20,2009-02-21,104.0244,99.60317460317461
2009-02-23,2009-02-24,103.7416,98.4126984126984
2009-02-24,2009-02-25,103.9829,99.20634920634922
2009-02-25,2009-02-26,104.3086,100.0
2009-02-26,2009-02-27,104.1813,99.60317460317461
2009-02-27,2009-02-28,104.9284,100.0
2009-03-02,2009-03-03,105.9617,100.0
2009-03-03,2009-03-04,106.0249,100.0
2009-03-04,2009-03-05,105.4558,99.20634920634922
2009-03-05,2009-03-06,105.8064,99.20634920634922
2009-03-06,2009-03-07,105.3937,98.4126984126984
2009-03-09,2009-03-10,106.0182,99.60317460317461
2009-03-10,2009-03-11,105.1153,97.61904761904762
2009-03-11,2009-03-12,104.8499,96.82539682539682
2009-03-12,2009-03-13,104.89,96.82539682539682
2009-03-13,2009-03-14,104.1106,95.23809523809523
2009-03-16,2009-03-17,103.2005,91.26984126984127
2009-03-17,2009-03-18,103.2305,91.26984126984127
2009-03-18,2009-03-19,103.0005,90.47619047619048
2009-03-19,2009-03-20,100.3951,72.61904761904762
2009-03-20,2009-03-21,101.0581,75.39682539682539
2009-03-23,2009-03-24,101.103,75.79365079365078
2009-03-24,2009-03-25,101.0319,74.60317460317461
2009-03-25,2009-03-26,100.9674,73.4126984126984
2009-03-26,2009-03-27,101.097,75.0
2009-03-27,2009-03-28,101.8388,82.53968253968253
2009-03-30,2009-03-31,102.749,90.07936507936508
2009-03-31,2009-04-01,102.3761,88.09523809523809
2009-04-01,2009-04-02,102.1252,86.11111111111111
2009-04-02,2009-04-03,100.8733,70.63492063492063
2009-04-03,2009-04-04,100.6429,69.04761904761905
2009-04-06,2009-04-07,100.9428,70.63492063492063
2009-04-07,2009-04-08,100.9808,72.22222222222221
2009-04-08,2009-04-09,100.8948,69.84126984126983
2009-04-09,2009-04-10,100.7988,68.65079365079364
2009-04-10,2009-04-11,100.7597,68.25396825396825
2009-04-13,2009-04-14,100.1369,65.07936507936508
2009-04-14,2009-04-15,99.9097,64.28571428571429
2009-04-15,2009-04-16,100.1497,65.07936507936508
2009-04-16,2009-04-17,100.0517,63.888888888888886
2009-04-17,2009-04-18,100.5719,66.66666666666666
2009-04-20,2009-04-21,101.448,77.77777777777779
2009-04-21,2009-04-22,101.1794,74.60317460317461
2009-04-22,2009-04-23,101.1142,73.80952380952381
2009-04-23,2009-04-24,101.0065,71.03174603174604
2009-04-24,2009-04-25,100.0244,61.50793650793651
2009-04-27,2009-04-28,100.7258,65.87301587301587
2009-04-28,2009-04-29,101.3145,76.5873015873016
2009-04-29,2009-04-30,100.0009,60.317460317460316
2009-04-30,2009-05-01,100.1042,61.50793650793651
2009-05-01,2009-05-02,100.0057,59.92063492063492
2009-05-04,2009-05-05,99.134,54.761904761904766
2009-05-05,2009-05-06,98.8529,53.17460317460318
2009-05-06,2009-05-07,98.9044,53.57142857142857
2009-05-07,2009-05-08,98.552,51.19047619047619
2009-05-08,2009-05-09,98.1269,46.42857142857143
2009-05-11,2009-05-12,97.747,43.65079365079365
2009-05-12,2009-05-13,97.8269,43.65079365079365
2009-05-13,2009-05-14,98.0276,45.23809523809524
2009-05-14,2009-05-15,98.1271,46.42857142857143
2009-05-15,2009-05-16,98.1063,45.63492063492063
2009-05-18,2009-05-19,97.9412,42.857142857142854
2009-05-19,2009-05-20,97.2827,40.87301587301587
2009-05-20,2009-05-21,96.5707,38.88888888888889
2009-05-21,2009-05-22,96.6039,38.88888888888889
2009-05-22,2009-05-23,95.8788,37.301587301587304
2009-05-26,2009-05-27,95.988,37.301587301587304
2009-05-27,2009-05-28,95.9622,36.904761904761905
2009-05-28,2009-05-29,96.1313,37.301587301587304
2009-05-29,2009-05-30,95.268,35.317460317460316
2009-06-01,2009-06-02,94.8107,34.523809523809526
2009-06-02,2009-06-03,94.6556,34.12698412698413
2009-06-03,2009-06-04,95.0751,34.523809523809526
2009-06-04,2009-06-05,95.2922,35.317460317460316
2009-06-05,2009-06-06,96.0412,36.904761904761905
2009-06-08,2009-06-09,96.6548,38.88888888888889
2009-06-09,2009-06-10,95.9537,35.317460317460316
2009-06-10,2009-06-11,96.1277,36.507936507936506
2009-06-11,2009-06-12,95.4993,34.12698412698413
2009-06-12,2009-06-13,95.836,34.12698412698413
2009-06-15,2009-06-16,96.7519,38.88888888888889
2009-06-16,2009-06-17,96.2616,36.904761904761905
2009-06-17,2009-06-18,96.64,38.095238095238095
2009-06-18,2009-06-19,96.1482,35.714285714285715
2009-06-19,2009-06-20,96.0325,34.12698412698413
2009-06-22,2009-06-23,96.8818,39.682539682539684
2009-06-23,2009-06-24,96.5196,36.507936507936506
2009-06-24,2009-06-25,96.2369,34.92063492063492
2009-06-25,2009-06-26,96.7072,38.095238095238095
2009-06-26,2009-06-27,96.1935,34.12698412698413
2009-06-29,2009-06-30,96.242,34.523809523809526
2009-06-30,2009-07-01,96.3761,35.317460317460316
2009-07-01,2009-07-02,95.6581,28.968253968253972
2009-07-02,2009-07-03,96.3216,34.92063492063492
2009-07-06,2009-07-07,96.6174,36.904761904761905
2009-07-07,2009-07-08,96.6321,36.904761904761905
2009-07-08,2009-07-09,97.0204,40.07936507936508
2009-07-09,2009-07-10,96.6219,36.11111111111111
2009-07-10,2009-07-11,97.0819,40.07936507936508
2009-07-13,2009-07-14,96.9995,39.285714285714285
2009-07-14,2009-07-15,96.6599,36.507936507936506
2009-07-15,2009-07-16,95.8004,25.793650793650798
2009-07-16,2009-07-17,95.7241,25.396825396825395
2009-07-17,2009-07-18,95.6036,24.6031746031746
2009-07-20,2009-07-21,95.0903,22.22222222222222
2009-07-21,2009-07-22,95.0564,21.428571428571427
2009-07-22,2009-07-23,94.8659,21.03174603174603
2009-07-23,2009-07-24,94.532,19.841269841269842
2009-07-24,2009-07-25,94.7046,20.238095238095237
2009-07-27,2009-07-28,94.6659,19.841269841269842
2009-07-28,2009-07-29,94.5592,19.047619047619047
2009-07-29,2009-07-30,95.1678,22.61904761904762
2009-07-30,2009-07-31,94.8967,20.634920634920633
2009-07-31,2009-08-01,94.2526,17.46031746031746
2009-08-03,2009-08-04,93.6331,17.063492063492063
2009-08-04,2009-08-05,93.7281,17.063492063492063
2009-08-05,2009-08-06,93.7848,17.063492063492063
2009-08-06,2009-08-07,93.9358,17.063492063492063
2009-08-07,2009-08-08,94.4692,17.46031746031746
2009-08-10,2009-08-11,94.6087,18.253968253968253
2009-08-11,2009-08-12,94.8678,20.238095238095237
2009-08-12,2009-08-13,94.5394,17.063492063492063
2009-08-13,2009-08-14,94.2392,15.476190476190476
2009-08-14,2009-08-15,94.475,16.26984126984127
2009-08-17,2009-08-18,95.1024,21.825396825396826
2009-08-18,2009-08-19,95.1118,21.825396825396826
2009-08-19,2009-08-20,94.4084,14.682539682539684
2009-08-20,2009-08-21,94.3492,14.285714285714285
2009-08-21,2009-08-22,94.0103,13.095238095238097
2009-08-24,2009-08-25,93.9345,12.3015873015873
2009-08-25,2009-08-26,93.9066,11.904761904761903
2009-08-26,2009-08-27,94.8662,19.047619047619047
2009-08-27,2009-08-28,94.7943,17.857142857142858
2009-08-28,2009-08-29,94.4489,13.88888888888889
2009-08-31,2009-09-01,94.6202,16.26984126984127
2009-09-01,2009-09-02,95.2201,22.61904761904762
2009-09-02,2009-09-03,95.1575,21.428571428571427
2009-09-03,2009-09-04,94.959,19.047619047619047
2009-09-04,2009-09-05,94.5811,14.285714285714285
2009-09-08,2009-09-09,93.7323,7.936507936507936
2009-09-09,2009-09-10,93.6915,7.142857142857142
2009-09-10,2009-09-11,93.6947,7.142857142857142
2009-09-11,2009-09-12,93.3225,5.158730158730158
2009-09-14,2009-09-15,93.6196,5.952380952380952
2009-09-15,2009-09-16,93.4427,5.158730158730158
2009-09-16,2009-09-17,92.9072,3.968253968253968
2009-09-17,2009-09-18,92.8287,3.571428571428571
2009-09-18,2009-09-19,93.1233,3.968253968253968
2009-09-21,2009-09-22,93.3547,4.365079365079365
2009-09-22,2009-09-23,92.8664,2.7777777777777777
2009-09-23,2009-09-24,92.979,3.1746031746031744
2009-09-24,2009-09-25,93.4708,5.158730158730158
2009-09-25,2009-09-26,93.5535,5.555555555555555
2009-09-28,2009-09-29,93.4669,4.365079365079365
2009-09-29,2009-09-30,93.7776,7.936507936507936
2009-09-30,2009-10-01,93.1907,2.380952380952381
2009-10-01,2009-10-02,93.5995,5.158730158730158
2009-10-02,2009-10-03,93.6756,6.349206349206349
2009-10-05,2009-10-06,93.3356,3.1746031746031744
2009-10-06,2009-10-07,92.619,0.3968253968253968
2009-10-07,2009-10-08,92.794,0.7936507936507936
2009-10-08,2009-10-09,92.2074,0.3968253968253968
2009-10-09,2009-10-10,92.2984,0.7936507936507936
2009-10-13,2009-10-14,91.8273,0.3968253968253968
2009-10-14,2009-10-15,91.5047,0.3968253968253968
2009-10-15,2009-10-16,91.4367,0.3968253968253968
2009-10-16,2009-10-17,91.6541,1.1904761904761905
2009-10-19,2009-10-20,91.4406,0.7936507936507936
2009-10-20,2009-10-21,91.801,1.984126984126984
2009-10-21,2009-10-22,91.3805,0.3968253968253968
2009-10-22,2009-10-23,91.6075,1.984126984126984
2009-10-23,2009-10-24,91.7331,2.7777777777777777
2009-10-26,2009-10-27,92.0998,3.968253968253968
2009-10-27,2009-10-28,92.5335,5.158730158730158
2009-10-28,2009-10-29,92.8152,6.349206349206349
2009-10-29,2009-10-30,92.4708,5.158730158730158
2009-10-30,2009-10-31,92.6207,6.349206349206349
2009-11-02,2009-11-03,92.4501,5.158730158730158
2009-11-03,2009-11-04,92.9037,8.73015873015873
2009-11-04,2009-11-05,92.3725,5.158730158730158
2009-11-05,2009-11-06,92.3437,5.158730158730158
2009-11-06,2009-11-07,92.3848,5.952380952380952
2009-11-09,2009-11-10,91.6861,2.7777777777777777
2009-11-10,2009-11-11,91.6659,2.7777777777777777
2009-11-12,2009-11-13,91.9461,4.761904761904762
2009-11-13,2009-11-14,91.5754,1.984126984126984
2009-11-16,2009-11-17,91.194,0.3968253968253968
2009-11-17,2009-11-18,91.7419,4.761904761904762
2009-11-18,2009-11-19,91.249,0.7936507936507936
2009-11-19,2009-11-20,91.7827,5.555555555555555
2009-11-20,2009-11-21,91.9906,7.142857142857142
2009-11-23,2009-11-24,91.4864,2.380952380952381
2009-11-24,2009-11-25,91.5539,3.1746031746031744
2009-11-25,2009-11-26,90.9669,0.3968253968253968
2009-11-27,2009-11-28,91.5272,3.571428571428571
2009-11-30,2009-12-01,91.3717,1.5873015873015872
2009-12-01,2009-12-02,90.8323,0.3968253968253968
2009-12-02,2009-12-03,90.8906,0.7936507936507936
2009-12-03,2009-12-04,90.9152,1.1904761904761905
2009-12-04,2009-12-05,91.3806,3.571428571428571
2009-12-07,2009-12-08,91.5414,5.952380952380952
2009-12-08,2009-12-09,91.9513,11.11111111111111
2009-12-09,2009-12-10,92.014,11.904761904761903
2009-12-10,2009-12-11,92.0073,11.904761904761903
2009-12-11,2009-12-12,92.2946,13.492063492063492
2009-12-14,2009-12-15,92.0305,12.698412698412698
2009-12-15,2009-12-16,92.3635,15.079365079365079
2009-12-16,2009-12-17,92.1496,13.492063492063492
2009-12-17,2009-12-18,93.225,22.22222222222222
2009-12-18,2009-12-19,93.1632,21.825396825396826
2009-12-22,2009-12-23,93.2903,23.015873015873016
2009-12-23,2009-12-24,92.9295,21.03174603174603
2009-12-24,2009-12-25,92.8694,20.238095238095237
2009-12-28,2009-12-29,92.6993,18.650793650793652
2009-12-29,2009-12-30,92.8838,21.03174603174603
2009-12-30,2009-12-31,93.0872,23.015873015873016
2009-12-31,2010-01-01,92.9124,22.22222222222222
2010-01-04,2010-01-05,92.3566,15.476190476190476
2010-01-05,2010-01-06,92.2236,14.285714285714285
2010-01-06,2010-01-07,92.0941,13.095238095238097
2010-01-07,2010-01-08,92.3684,17.063492063492063
2010-01-08,2010-01-09,92.1485,13.88888888888889
2010-01-11,2010-01-12,91.5997,7.142857142857142
2010-01-12,2010-01-13,91.7005,9.126984126984127
2010-01-13,2010-01-14,91.7272,9.523809523809524
2010-01-14,2010-01-15,91.5864,7.142857142857142
2010-01-15,2010-01-16,91.7668,11.11111111111111
2010-01-19,2010-01-20,91.9611,13.492063492063492
2010-01-20,2010-01-21,92.6766,23.015873015873016
2010-01-21,2010-01-22,92.6627,23.015873015873016
2010-01-22,2010-01-23,92.943,28.174603174603174
2010-01-25,2010-01-26,92.9099,27.380952380952383
2010-01-26,2010-01-27,93.3298,32.142857142857146
2010-01-27,2010-01-28,93.2835,31.349206349206348
2010-01-28,2010-01-29,93.2635,31.349206349206348
2010-01-29,2010-01-30,93.7638,38.88888888888889
2010-02-01,2010-02-02,93.7321,38.492063492063494
2010-02-02,2010-02-03,93.4136,34.12698412698413
2010-02-03,2010-02-04,93.6268,36.904761904761905
2010-02-04,2010-02-05,94.1401,42.857142857142854
2010-02-05,2010-02-06,94.6218,48.41269841269841
2010-02-12,2010-02-13,93.9976,42.46031746031746
2010-02-16,2010-02-17,93.482,35.714285714285715
2010-02-17,2010-02-18,93.7171,39.285714285714285
2010-02-18,2010-02-19,93.8752,42.06349206349206
2010-02-19,2010-02-20,93.9569,43.65079365079365
2010-02-22,2010-02-23,93.7402,40.87301587301587
2010-02-23,2010-02-24,93.9794,44.44444444444444
2010-02-24,2010-02-25,93.9775,44.44444444444444
2010-02-25,2010-02-26,94.3797,47.61904761904761
2010-02-26,2010-02-27,93.6602,38.095238095238095
2010-03-01,2010-03-02,93.7979,42.857142857142854
2010-03-02,2010-03-03,93.488,36.11111111111111
2010-03-03,2010-03-04,92.9861,29.365079365079367
2010-03-04,2010-03-05,93.4079,34.523809523809526
2010-03-05,2010-03-06,93.2623,31.746031746031743
2010-03-08,2010-03-09,93.2446,31.746031746031743
2010-03-09,2010-03-10,93.1941,31.349206349206348
2010-03-10,2010-03-11,93.0426,29.761904761904763
2010-03-11,2010-03-12,93.0533,30.158730158730158
2010-03-12,2010-03-13,92.6616,23.015873015873016
2010-03-15,2010-03-16,92.9642,29.365079365079367
2010-03-16,2010-03-17,92.595,22.22222222222222
2010-03-17,2010-03-18,92.4446,21.03174603174603
2010-03-18,2010-03-19,92.7451,25.396825396825395
2010-03-19,2010-03-20,93.0407,31.746031746031743
2010-03-22,2010-03-23,93.1333,33.730158730158735
2010-03-23,2010-03-24,93.006,31.746031746031743
2010-03-24,2010-03-25,93.6468,44.44444444444444
2010-03-25,2010-03-26,93.5885,42.857142857142854
2010-03-26,2010-03-27,93.6873,46.03174603174603
2010-03-29,2010-03-30,93.2959,38.095238095238095
2010-03-30,2010-03-31,93.2627,36.904761904761905
2010-03-31,2010-04-01,92.8987,28.174603174603174
2010-04-01,2010-04-02,92.6661,24.6031746031746
2010-04-02,2010-04-03,92.9057,29.365079365079367
2010-04-05,2010-04-06,92.6644,24.6031746031746
2010-04-06,2010-04-07,92.7373,26.190476190476193
2010-04-07,2010-04-08,92.7452,26.984126984126984
2010-04-08,2010-04-09,92.7211,26.190476190476193
2010-04-09,2010-04-10,92.4772,22.22222222222222
2010-04-12,2010-04-13,92.243,17.857142857142858
2010-04-13,2010-04-14,92.2689,18.253968253968253
2010-04-14,2010-04-15,91.9297,12.698412698412698
2010-04-15,2010-04-16,92.2029,17.46031746031746
2010-04-16,2010-04-17,92.5253,24.206349206349206
2010-04-19,2010-04-20,92.8577,31.349206349206348
2010-04-20,2010-04-21,92.4338,22.61904761904762
2010-04-21,2010-04-22,92.4482,23.41269841269841
2010-04-22,2010-04-23,92.7277,29.761904761904763
2010-04-23,2010-04-24,92.6622,27.380952380952383
2010-04-26,2010-04-27,92.5187,25.0
2010-04-27,2010-04-28,93.0956,41.269841269841265
2010-04-28,2010-04-29,93.4856,50.79365079365079
2010-04-29,2010-04-30,92.9013,35.317460317460316
2010-04-30,2010-05-01,92.8423,33.33333333333333
2010-05-03,2010-05-04,93.235,44.84126984126984
2010-05-04,2010-05-05,93.8137,61.111111111111114
2010-05-05,2010-05-06,94.3968,67.06349206349206
2010-05-06,2010-05-07,95.3032,79.76190476190477
2010-05-07,2010-05-08,95.2952,79.76190476190477
2010-05-10,2010-05-11,94.3096,66.26984126984127
2010-05-11,2010-05-12,94.4305,68.25396825396825
2010-05-12,2010-05-13,94.5515,70.63492063492063
2010-05-13,2010-05-14,94.5071,69.84126984126983
2010-05-14,2010-05-15,95.3746,82.14285714285714
2010-05-17,2010-05-18,95.9795,86.11111111111111
2010-05-18,2010-05-19,95.6212,83.33333333333334
2010-05-19,2010-05-20,96.5083,91.66666666666666
2010-05-20,2010-05-21,96.9483,96.82539682539682
2010-05-21,2010-05-22,96.2911,90.87301587301587
2010-05-24,2010-05-25,96.6433,95.23809523809523
2010-05-25,2010-05-26,97.5487,99.60317460317461
2010-05-26,2010-05-27,97.1879,99.20634920634922
2010-05-27,2010-05-28,96.3611,91.66666666666666
2010-05-28,2010-05-29,96.3062,91.26984126984127
2010-06-01,2010-06-02,96.6123,93.65079365079364
2010-06-02,2010-06-03,96.615,93.65079365079364
2010-06-03,2010-06-04,96.461,92.06349206349206
2010-06-04,2010-06-05,97.1688,99.20634920634922
2010-06-07,2010-06-08,97.503,99.60317460317461
2010-06-08,2010-06-09,97.3425,99.20634920634922
2010-06-09,2010-06-10,96.8938,96.42857142857143
2010-06-10,2010-06-11,96.4877,90.47619047619048
2010-06-11,2010-06-12,96.5616,91.26984126984127
2010-06-14,2010-06-15,95.8082,82.93650793650794
2010-06-15,2010-06-16,95.7049,82.14285714285714
2010-06-16,2010-06-17,95.5668,80.95238095238095
2010-06-17,2010-06-18,95.4973,80.55555555555556
2010-06-18,2010-06-19,95.2981,79.76190476190477
2010-06-21,2010-06-22,94.8505,74.60317460317461
2010-06-22,2010-06-23,95.1165,78.57142857142857
2010-06-23,2010-06-24,95.4853,81.74603174603175
2010-06-24,2010-06-25,95.6194,83.33333333333334
2010-06-25,2010-06-26,95.4582,81.74603174603175
2010-06-28,2010-06-29,95.2696,80.15873015873017
2010-06-29,2010-06-30,96.0199,87.3015873015873
2010-06-30,2010-07-01,95.9934,87.3015873015873
2010-07-01,2010-07-02,95.8018,86.5079365079365
2010-07-02,2010-07-03,95.6345,84.92063492063492
2010-07-06,2010-07-07,95.1069,78.17460317460318
2010-07-07,2010-07-08,95.1795,80.15873015873017
2010-07-08,2010-07-09,94.7734,74.20634920634922
2010-07-09,2010-07-10,94.683,73.80952380952381
2010-07-12,2010-07-13,94.9598,77.77777777777779
2010-07-13,2010-07-14,94.3856,67.46031746031747
2010-07-14,2010-07-15,94.3247,66.66666666666666
2010-07-15,2010-07-16,94.1988,65.47619047619048
2010-07-16,2010-07-17,94.5061,71.03174603174604
2010-07-19,2010-07-20,94.602,73.80952380952381
2010-07-20,2010-07-21,94.542,72.61904761904762
2010-07-21,2010-07-22,94.4496,70.23809523809523
2010-07-22,2010-07-23,94.1135,65.07936507936508
2010-07-23,2010-07-24,94.1431,65.87301587301587
2010-07-26,2010-07-27,93.7556,59.523809523809526
2010-07-27,2010-07-28,93.7583,59.92063492063492
2010-07-28,2010-07-29,93.7506,59.523809523809526
2010-07-29,2010-07-30,93.6004,53.96825396825397
2010-07-30,2010-07-31,93.2793,46.82539682539682
2010-08-02,2010-08-03,92.7916,32.142857142857146
2010-08-03,2010-08-04,92.6258,27.380952380952383
2010-08-04,2010-08-05,92.731,31.349206349206348
2010-08-05,2010-08-06,92.6401,27.77777777777778
2010-08-06,2010-08-07,92.5915,26.190476190476193
2010-08-09,2010-08-10,92.6726,30.555555555555557
2010-08-10,2010-08-11,93.2197,46.82539682539682
2010-08-11,2010-08-12,93.7778,64.68253968253968
2010-08-12,2010-08-13,93.8905,66.26984126984127
2010-08-13,2010-08-14,94.0457,69.44444444444444
2010-08-16,2010-08-17,93.7902,64.68253968253968
2010-08-17,2010-08-18,93.4239,53.57142857142857
2010-08-18,2010-08-19,93.3719,52.77777777777778
2010-08-19,2010-08-20,93.7141,61.50793650793651
2010-08-20,2010-08-21,94.2087,72.61904761904762
2010-08-23,2010-08-24,94.3295,73.80952380952381
2010-08-24,2010-08-25,94.4362,76.5873015873016
2010-08-25,2010-08-26,94.7372,81.34920634920636
2010-08-26,2010-08-27,94.3523,74.60317460317461
2010-08-27,2010-08-28,94.3462,74.20634920634922
2010-08-30,2010-08-31,94.5922,79.76190476190477
2010-08-31,2010-09-01,94.7204,81.34920634920636
2010-09-01,2010-09-02,94.1148,70.63492063492063
2010-09-02,2010-09-03,94.0852,69.84126984126983
2010-09-03,2010-09-04,93.6952,61.50793650793651
2010-09-07,2010-09-08,94.042,69.84126984126983
2010-09-08,2010-09-09,93.7785,66.26984126984127
2010-09-09,2010-09-10,93.7033,61.904761904761905
2010-09-10,2010-09-11,93.6768,60.317460317460316
2010-09-13,2010-09-14,93.0767,44.047619047619044
2010-09-14,2010-09-15,92.6182,26.984126984126984
2010-09-15,2010-09-16,92.9313,41.269841269841265
2010-09-16,2010-09-17,92.9108,40.476190476190474
2010-09-17,2010-09-18,92.9418,42.06349206349206
2010-09-20,2010-09-21,92.7496,34.523809523809526
2010-09-21,2010-09-22,92.6684,30.952380952380953
2010-09-22,2010-09-23,92.0647,15.873015873015872
2010-09-23,2010-09-24,92.0233,15.476190476190476
2010-09-24,2010-09-25,91.5996,7.5396825396825395
2010-09-27,2010-09-28,91.4803,4.761904761904762
2010-09-28,2010-09-29,91.3493,2.7777777777777777
2010-09-29,2010-09-30,91.1632,1.984126984126984
2010-09-30,2010-10-01,91.3415,3.1746031746031744
2010-10-01,2010-10-02,90.836,0.7936507936507936
2010-10-04,2010-10-05,91.0015,2.380952380952381
2010-10-05,2010-10-06,90.5622,0.3968253968253968
2010-10-06,2010-10-07,90.1411,0.3968253968253968
2010-10-07,2010-10-08,90.286,0.7936507936507936
2010-10-08,2010-10-09,90.1133,0.3968253968253968
2010-10-12,2010-10-13,90.2203,1.1904761904761905
2010-10-13,2010-10-14,89.7779,0.3968253968253968
2010-10-14,2010-10-15,89.5228,0.3968253968253968
2010-10-15,2010-10-16,89.6815,0.7936507936507936
2010-10-18,2010-10-19,89.8484,1.5873015873015872
2010-10-19,2010-10-20,90.5499,3.571428571428571
2010-10-20,2010-10-21,90.1446,2.7777777777777777
2010-10-21,2010-10-22,90.138,2.380952380952381
2010-10-22,2010-10-23,90.4063,4.365079365079365
2010-10-25,2010-10-26,89.9328,1.984126984126984
2010-10-26,2010-10-27,90.2818,4.365079365079365
2010-10-27,2010-10-28,90.8038,6.349206349206349
2010-10-28,2010-10-29,90.2407,4.365079365079365
2010-10-29,2010-10-30,90.0935,2.380952380952381
2010-11-01,2010-11-02,90.0307,2.380952380952381
2010-11-02,2010-11-03,89.6847,1.1904761904761905
2010-11-03,2010-11-04,89.7079,1.5873015873015872
2010-11-04,2010-11-05,88.9831,0.3968253968253968
2010-11-05,2010-11-06,89.2441,0.7936507936507936
2010-11-08,2010-11-09,89.5711,1.5873015873015872
2010-11-09,2010-11-10,89.558,1.5873015873015872
2010-11-10,2010-11-11,89.9056,4.365079365079365
2010-11-12,2010-11-13,90.1701,7.5396825396825395
2010-11-15,2010-11-16,90.4331,9.920634920634921
2010-11-16,2010-11-17,91.1102,13.88888888888889
2010-11-17,2010-11-18,90.9282,13.095238095238097
2010-11-18,2010-11-19,90.649,11.11111111111111
2010-11-19,2010-11-20,90.6986,11.507936507936508
2010-11-22,2010-11-23,90.7023,11.904761904761903
2010-11-23,2010-11-24,91.4318,18.650793650793652
2010-11-24,2010-11-25,91.2179,16.26984126984127
2010-11-26,2010-11-27,91.8152,23.809523809523807
2010-11-29,2010-11-30,92.1997,28.57142857142857
2010-11-30,2010-12-01,92.1494,27.77777777777778
2010-12-01,2010-12-02,91.6799,21.825396825396826
2010-12-02,2010-12-03,91.2651,16.666666666666664
2010-12-03,2010-12-04,90.8788,13.492063492063492
2010-12-06,2010-12-07,91.0167,15.476190476190476
2010-12-07,2010-12-08,90.9732,15.079365079365079
2010-12-08,2010-12-09,91.3376,17.857142857142858
2010-12-09,2010-12-10,91.3923,19.047619047619047
2010-12-10,2010-12-11,91.2831,17.063492063492063
2010-12-13,2010-12-14,90.8837,13.492063492063492
2010-12-14,2010-12-15,90.764,12.3015873015873
2010-12-15,2010-12-16,91.094,15.873015873015872
2010-12-16,2010-12-17,91.3773,19.444444444444446
2010-12-17,2010-12-18,91.5555,21.03174603174603
2010-12-20,2010-12-21,91.6398,22.61904761904762
2010-12-21,2010-12-22,91.519,21.03174603174603
2010-12-22,2010-12-23,91.429,20.238095238095237
2010-12-23,2010-12-24,91.3013,18.253968253968253
2010-12-27,2010-12-28,91.1963,17.063492063492063
2010-12-28,2010-12-29,90.9848,15.079365079365079
2010-12-29,2010-12-30,90.7669,12.698412698412698
2010-12-30,2010-12-31,90.5146,10.317460317460316
2011-01-03,2011-01-04,89.9524,5.158730158730158
2011-01-04,2011-01-05,90.3277,9.920634920634921
2011-01-05,2011-01-06,90.5715,12.3015873015873
2011-01-06,2011-01-07,90.9125,16.26984126984127
2011-01-07,2011-01-08,91.0001,17.857142857142858
2011-01-10,2011-01-11,91.03,19.047619047619047
2011-01-11,2011-01-12,90.8431,15.476190476190476
2011-01-12,2011-01-13,90.4111,10.714285714285714
2011-01-13,2011-01-14,89.9019,4.365079365079365
2011-01-14,2011-01-15,90.0461,6.349206349206349
2011-01-18,2011-01-19,89.821,3.968253968253968
2011-01-19,2011-01-20,89.6948,3.1746031746031744
2011-01-20,2011-01-21,90.1316,8.333333333333332
2011-01-21,2011-01-22,89.7204,3.968253968253968
2011-01-24,2011-01-25,89.5375,1.5873015873015872
2011-01-25,2011-01-26,89.7279,4.761904761904762
2011-01-26,2011-01-27,89.5091,1.1904761904761905
2011-01-27,2011-01-28,89.5728,3.1746031746031744
2011-01-28,2011-01-29,89.8189,6.349206349206349
2011-01-31,2011-02-01,89.694,4.365079365079365
2011-02-01,2011-02-02,89.1436,0.7936507936507936
2011-02-02,2011-02-03,89.0737,0.7936507936507936
2011-02-03,2011-02-04,89.2522,1.984126984126984
2011-02-04,2011-02-05,89.391,2.380952380952381
2011-02-07,2011-02-08,89.3556,2.380952380952381
2011-02-08,2011-02-09,89.1241,1.1904761904761905
2011-02-09,2011-02-10,89.4166,3.571428571428571
2011-02-10,2011-02-11,89.6266,6.349206349206349
2011-02-11,2011-02-12,89.8784,11.11111111111111
2011-02-14,2011-02-15,89.8543,11.11111111111111
2011-02-15,2011-02-16,89.8871,11.904761904761903
2011-02-16,2011-02-17,89.7059,8.333333333333332
2011-02-17,2011-02-18,89.4102,3.571428571428571
2011-02-18,2011-02-19,89.1974,1.984126984126984
2011-02-22,2011-02-23,89.4617,4.761904761904762
2011-02-23,2011-02-24,89.4186,4.761904761904762
2011-02-24,2011-02-25,89.2346,2.380952380952381
2011-02-25,2011-02-26,89.1664,1.984126984126984
2011-02-28,2011-03-01,88.9391,0.3968253968253968
2011-03-01,2011-03-02,88.831,0.3968253968253968
2011-03-02,2011-03-03,88.7317,0.3968253968253968
2011-03-03,2011-03-04,88.637,0.3968253968253968
2011-03-04,2011-03-05,88.4898,0.3968253968253968
2011-03-07,2011-03-08,88.5207,0.7936507936507936
2011-03-08,2011-03-09,88.6454,1.5873015873015872
2011-03-09,2011-03-10,88.5328,1.1904761904761905
2011-03-10,2011-03-11,88.8698,3.1746031746031744
2011-03-11,2011-03-12,88.691,2.380952380952381
2011-03-14,2011-03-15,88.5191,0.7936507936507936
2011-03-15,2011-03-16,88.7845,3.571428571428571
2011-03-16,2011-03-17,88.9785,5.158730158730158
2011-03-17,2011-03-18,88.6549,2.7777777777777777
2011-03-18,2011-03-19,88.5221,1.5873015873015872
2011-03-21,2011-03-22,88.2032,0.3968253968253968
2011-03-22,2011-03-23,88.0665,0.3968253968253968
2011-03-23,2011-03-24,88.3328,1.1904761904761905
2011-03-24,2011-03-25,88.0592,0.3968253968253968
2011-03-25,2011-03-26,88.1716,1.1904761904761905
2011-03-28,2011-03-29,88.3058,1.984126984126984
2011-03-29,2011-03-30,88.3991,2.7777777777777777
2011-03-30,2011-03-31,88.2298,1.984126984126984
2011-03-31,2011-04-01,88.0299,0.3968253968253968
2011-04-01,2011-04-02,87.7993,0.3968253968253968
2011-04-04,2011-04-05,87.8406,0.7936507936507936
2011-04-05,2011-04-06,87.7483,0.3968253968253968
2011-04-06,2011-04-07,87.4913,0.3968253968253968
2011-04-07,2011-04-08,87.532,0.7936507936507936
2011-04-08,2011-04-09,87.1493,0.3968253968253968
2011-04-11,2011-04-12,87.094,0.3968253968253968
2011-04-12,2011-04-13,87.2943,1.1904761904761905
2011-04-13,2011-04-14,87.2093,1.1904761904761905
2011-04-14,2011-04-15,87.0802,0.3968253968253968
2011-04-15,2011-04-16,87.005,0.3968253968253968
2011-04-18,2011-04-19,87.5081,3.1746031746031744
2011-04-19,2011-04-20,87.0791,0.7936507936507936
2011-04-20,2011-04-21,86.5642,0.3968253968253968
2011-04-21,2011-04-22,86.2256,0.3968253968253968
2011-04-22,2011-04-23,86.3742,0.7936507936507936
2011-04-25,2011-04-26,86.4026,1.1904761904761905
2011-04-26,2011-04-27,86.2576,0.7936507936507936
2011-04-27,2011-04-28,86.2519,0.7936507936507936
2011-04-28,2011-04-29,85.8419,0.3968253968253968
2011-04-29,2011-04-30,85.5999,0.3968253968253968
2011-05-02,2011-05-03,85.5199,0.3968253968253968
2011-05-03,2011-05-04,85.6352,1.1904761904761905
2011-05-04,2011-05-05,85.8917,1.984126984126984
2011-05-05,2011-05-06,86.508,4.365079365079365
2011-05-06,2011-05-07,86.4575,4.365079365079365
2011-05-09,2011-05-10,86.8346,5.555555555555555
2011-05-10,2011-05-11,86.6518,5.555555555555555
2011-05-11,2011-05-12,86.7195,5.952380952380952
2011-05-12,2011-05-13,87.0767,7.142857142857142
2011-05-13,2011-05-14,87.4176,9.920634920634921
2011-05-16,2011-05-17,87.3311,9.920634920634921
2011-05-17,2011-05-18,87.6307,11.904761904761903
2011-05-18,2011-05-19,87.295,9.920634920634921
2011-05-19,2011-05-20,87.2638,9.523809523809524
2011-05-20,2011-05-21,87.3044,10.714285714285714
2011-05-23,2011-05-24,87.8941,14.682539682539684
2011-05-24,2011-05-25,87.662,13.492063492063492
2011-05-25,2011-05-26,87.6136,13.095238095238097
2011-05-26,2011-05-27,87.5588,13.095238095238097
2011-05-27,2011-05-28,86.9525,6.746031746031746
2011-05-31,2011-06-01,86.656,5.952380952380952
2011-06-01,2011-06-02,86.5964,5.555555555555555
2011-06-02,2011-06-03,86.8435,7.5396825396825395
2011-06-03,2011-06-04,86.4234,4.365079365079365
2011-06-06,2011-06-07,86.4669,5.158730158730158
2011-06-07,2011-06-08,86.3627,3.571428571428571
2011-06-08,2011-06-09,86.5714,6.746031746031746
2011-06-09,2011-06-10,86.5913,7.142857142857142
2011-06-10,2011-06-11,87.042,10.714285714285714
2011-06-13,2011-06-14,87.0579,11.11111111111111
2011-06-14,2011-06-15,86.6771,8.73015873015873
2011-06-15,2011-06-16,87.3342,16.26984126984127
2011-06-16,2011-06-17,87.6917,19.841269841269842
2011-06-17,2011-06-18,87.2179,14.285714285714285
2011-06-20,2011-06-21,87.1908,13.88888888888889
2011-06-21,2011-06-22,86.857,10.317460317460316
2011-06-22,2011-06-23,86.8067,9.523809523809524
2011-06-23,2011-06-24,87.455,18.650793650793652
2011-06-24,2011-06-25,87.5014,19.444444444444446
2011-06-27,2011-06-28,87.5225,20.238095238095237
2011-06-28,2011-06-29,87.2178,15.476190476190476
2011-06-29,2011-06-30,86.8014,9.523809523809524
2011-06-30,2011-07-01,86.4786,5.952380952380952
2011-07-01,2011-07-02,86.3613,3.571428571428571
2011-07-05,2011-07-06,86.4253,5.555555555555555
2011-07-06,2011-07-07,86.6825,10.317460317460316
2011-07-07,2011-07-08,86.4825,7.142857142857142
2011-07-08,2011-07-09,86.615,9.523809523809524
2011-07-11,2011-07-12,87.1013,17.063492063492063
2011-07-12,2011-07-13,87.1701,17.857142857142858
2011-07-13,2011-07-14,86.5697,8.333333333333332
2011-07-14,2011-07-15,86.5234,7.936507936507936
2011-07-15,2011-07-16,86.5169,7.936507936507936
2011-07-18,2011-07-19,86.9549,15.476190476190476
2011-07-19,2011-07-20,86.4386,5.952380952380952
2011-07-20,2011-07-21,86.2794,3.571428571428571
2011-07-21,2011-07-22,85.8378,1.5873015873015872
2011-07-22,2011-07-23,85.8623,2.380952380952381
2011-07-25,2011-07-26,85.8006,1.5873015873015872
2011-07-26,2011-07-27,85.4692,0.3968253968253968
2011-07-27,2011-07-28,85.7126,1.984126984126984
2011-07-28,2011-07-29,85.8245,2.7777777777777777
2011-07-29,2011-07-30,85.7282,2.380952380952381
2011-08-01,2011-08-02,86.0391,5.158730158730158
2011-08-02,2011-08-03,86.0533,5.555555555555555
2011-08-03,2011-08-04,86.0706,5.952380952380952
2011-08-04,2011-08-05,86.9299,19.841269841269842
2011-08-05,2011-08-06,87.1084,24.206349206349206
2011-08-08,2011-08-09,87.1873,25.396825396825395
2011-08-09,2011-08-10,87.3919,29.761904761904763
2011-08-10,2011-08-11,87.3792,29.761904761904763
2011-08-11,2011-08-12,87.3215,28.968253968253972
2011-08-12,2011-08-13,87.177,25.396825396825395
2011-08-15,2011-08-16,86.7515,17.857142857142858
2011-08-16,2011-08-17,86.7115,17.46031746031746
2011-08-17,2011-08-18,86.5518,13.492063492063492
2011-08-18,2011-08-19,87.1271,25.793650793650798
2011-08-19,2011-08-20,86.8286,19.841269841269842
2011-08-22,2011-08-23,87.0753,23.809523809523807
2011-08-23,2011-08-24,86.9001,21.428571428571427
2011-08-24,2011-08-25,87.1316,27.380952380952383
2011-08-25,2011-08-26,87.2306,30.952380952380953
2011-08-26,2011-08-27,87.0751,24.206349206349206
2011-08-29,2011-08-30,86.8433,20.634920634920633
2011-08-30,2011-08-31,87.001,23.41269841269841
2011-08-31,2011-09-01,86.7739,19.047619047619047
2011-09-01,2011-09-02,86.8512,21.825396825396826
2011-09-02,2011-09-03,87.1797,30.952380952380953
2011-09-06,2011-09-07,88.1645,44.84126984126984
2011-09-07,2011-09-08,87.9699,43.65079365079365
2011-09-08,2011-09-09,88.1162,45.23809523809524
2011-09-09,2011-09-10,88.9514,53.96825396825397
2011-09-12,2011-09-13,89.2192,57.14285714285714
2011-09-13,2011-09-14,89.2653,58.730158730158735
2011-09-14,2011-09-15,89.419,61.111111111111114
2011-09-15,2011-09-16,89.0647,55.158730158730165
2011-09-16,2011-09-17,89.1108,55.952380952380956
2011-09-19,2011-09-20,89.9336,72.61904761904762
2011-09-20,2011-09-21,89.8777,70.63492063492063
2011-09-21,2011-09-22,90.3453,79.36507936507937
2011-09-22,2011-09-23,92.075,99.20634920634922
2011-09-23,2011-09-24,91.6904,98.01587301587301
2011-09-26,2011-09-27,91.7724,98.4126984126984
2011-09-27,2011-09-28,90.8985,86.5079365079365
2011-09-28,2011-09-29,91.0227,89.68253968253968
2011-09-29,2011-09-30,91.3033,93.65079365079364
2011-09-30,2011-10-01,91.9998,98.80952380952381
2011-10-03,2011-10-04,92.5128,100.0
2011-10-04,2011-10-05,92.9508,100.0
2011-10-05,2011-10-06,92.3008,99.20634920634922
2011-10-06,2011-10-07,91.9661,97.22222222222221
2011-10-07,2011-10-08,91.2469,90.47619047619048
2011-10-11,2011-10-12,90.9162,85.71428571428571
2011-10-12,2011-10-13,90.3378,78.17460317460318
2011-10-13,2011-10-14,90.6603,81.34920634920636
2011-10-14,2011-10-15,90.2116,76.19047619047619
2011-10-17,2011-10-18,90.266,76.5873015873016
2011-10-18,2011-10-19,90.5907,80.55555555555556
2011-10-19,2011-10-20,90.3317,76.98412698412699
2011-10-20,2011-10-21,91.1026,88.88888888888889
2011-10-21,2011-10-22,90.279,75.79365079365078
2011-10-24,2011-10-25,89.8558,69.04761904761905
2011-10-25,2011-10-26,89.9525,72.61904761904762
2011-10-26,2011-10-27,90.0836,73.4126984126984
2011-10-27,2011-10-28,88.7882,52.77777777777778
2011-10-28,2011-10-29,88.6382,50.79365079365079
2011-10-31,2011-11-01,89.2053,58.730158730158735
2011-11-01,2011-11-02,90.7296,82.14285714285714
2011-11-02,2011-11-03,90.244,75.79365079365078
2011-11-03,2011-11-04,90.2961,76.5873015873016
2011-11-04,2011-11-05,90.3154,76.5873015873016
2011-11-07,2011-11-08,90.3832,78.17460317460318
2011-11-08,2011-11-09,90.172,73.80952380952381
2011-11-09,2011-11-10,90.6991,81.34920634920636
2011-11-10,2011-11-11,90.8588,83.33333333333334
2011-11-14,2011-11-15,90.7215,81.34920634920636
2011-11-15,2011-11-16,91.1081,88.88888888888889
2011-11-16,2011-11-17,91.1237,89.28571428571429
2011-11-17,2011-11-18,91.1822,89.28571428571429
2011-11-18,2011-11-19,91.3676,92.46031746031747
2011-11-21,2011-11-22,91.9978,97.22222222222221
2011-11-22,2011-11-23,92.0193,97.61904761904762
2011-11-23,2011-11-24,92.7463,99.60317460317461
2011-11-25,2011-11-26,93.1455,100.0
2011-11-28,2011-11-29,92.4983,98.4126984126984
2011-11-29,2011-11-30,92.2163,97.61904761904762
2011-11-30,2011-12-01,91.4728,92.46031746031747
2011-12-01,2011-12-02,91.227,88.4920634920635
2011-12-02,2011-12-03,91.3532,91.26984126984127
2011-12-05,2011-12-06,91.1087,87.3015873015873
2011-12-06,2011-12-07,91.2817,89.28571428571429
2011-12-07,2011-12-08,91.2331,88.4920634920635
2011-12-08,2011-12-09,91.668,94.44444444444444
2011-12-09,2011-12-10,91.6122,93.65079365079364
2011-12-12,2011-12-13,92.3375,98.01587301587301
2011-12-13,2011-12-14,92.5456,98.80952380952381
2011-12-14,2011-12-15,93.2176,100.0
2011-12-15,2011-12-16,92.8858,98.80952380952381
2011-12-16,2011-12-17,92.8252,98.4126984126984
2011-12-19,2011-12-20,92.8685,98.4126984126984
2011-12-20,2011-12-21,92.432,96.03174603174604
2011-12-21,2011-12-22,92.5262,96.82539682539682
2011-12-22,2011-12-23,92.3883,95.23809523809523
2011-12-23,2011-12-24,92.3897,95.23809523809523
2011-12-27,2011-12-28,92.4137,95.23809523809523
2011-12-28,2011-12-29,92.8374,98.01587301587301
2011-12-29,2011-12-30,92.7398,96.82539682539682
2011-12-30,2011-12-31,92.4262,94.44444444444444
2012-01-03,2012-01-04,91.7551,89.28571428571429
2012-01-04,2012-01-05,92.0345,91.26984126984127
2012-01-05,2012-01-06,92.5773,96.42857142857143
2012-01-06,2012-01-07,92.7183,96.42857142857143
2012-01-09,2012-01-10,92.7418,96.82539682539682
2012-01-10,2012-01-11,92.2461,90.87301587301587
2012-01-11,2012-01-12,92.554,95.23809523809523
2012-01-12,2012-01-13,92.2274,90.07936507936508
2012-01-13,2012-01-14,92.5385,94.44444444444444
2012-01-17,2012-01-18,92.0142,87.6984126984127
2012-01-18,2012-01-19,91.6943,85.31746031746032
2012-01-19,2012-01-20,91.3316,82.53968253968253
2012-01-20,2012-01-21,91.3661,82.93650793650794
2012-01-23,2012-01-24,90.986,77.38095238095238
2012-01-24,2012-01-25,91.181,79.36507936507937
2012-01-25,2012-01-26,91.277,80.95238095238095
2012-01-26,2012-01-27,90.3962,73.01587301587301
2012-01-27,2012-01-28,90.2559,69.44444444444444
2012-01-30,2012-01-31,90.4762,73.01587301587301
2012-01-31,2012-02-01,90.5538,73.01587301587301
2012-02-01,2012-02-02,90.0963,67.06349206349206
2012-02-02,2012-02-03,89.8765,64.28571428571429
2012-02-03,2012-02-04,89.8491,63.095238095238095
2012-02-06,2012-02-07,89.7907,62.698412698412696
2012-02-07,2012-02-08,89.5968,61.50793650793651
2012-02-08,2012-02-09,89.6555,61.904761904761905
2012-02-09,2012-02-10,89.6246,61.111111111111114
2012-02-10,2012-02-11,90.1024,67.06349206349206
2012-02-13,2012-02-14,89.8895,65.07936507936508
2012-02-14,2012-02-15,90.1919,67.46031746031747
2012-02-15,2012-02-16,90.1932,67.46031746031747
2012-02-16,2012-02-17,90.3109,69.84126984126983
2012-02-17,2012-02-18,90.23,67.46031746031747
2012-02-21,2012-02-22,90.0117,64.28571428571429
2012-02-22,2012-02-23,90.2472,67.85714285714286
2012-02-23,2012-02-24,90.1108,65.07936507936508
2012-02-24,2012-02-25,89.9104,62.301587301587304
2012-02-27,2012-02-28,89.9635,63.095238095238095
2012-02-28,2012-02-29,89.8103,59.523809523809526
2012-02-29,2012-03-01,89.7487,58.730158730158735
2012-03-01,2012-03-02,89.7817,58.730158730158735
2012-03-02,2012-03-03,90.135,65.07936507936508
2012-03-05,2012-03-06,90.2748,68.65079365079364
2012-03-06,2012-03-07,90.8237,75.0
2012-03-07,2012-03-08,90.6837,73.4126984126984
2012-03-08,2012-03-09,90.2598,67.06349206349206
2012-03-09,2012-03-10,90.4341,71.42857142857143
2012-03-12,2012-03-13,90.6643,73.01587301587301
2012-03-13,2012-03-14,90.5363,71.42857142857143
2012-03-14,2012-03-15,90.9325,76.19047619047619
2012-03-15,2012-03-16,90.7866,74.20634920634922
2012-03-16,2012-03-17,90.5245,70.23809523809523
2012-03-19,2012-03-20,90.292,65.87301587301587
2012-03-20,2012-03-21,90.6065,71.42857142857143
2012-03-21,2012-03-22,90.6761,72.22222222222221
2012-03-22,2012-03-23,90.8225,74.20634920634922
2012-03-23,2012-03-24,90.6156,70.63492063492063
2012-03-26,2012-03-27,90.3266,65.47619047619048
2012-03-27,2012-03-28,90.2796,63.49206349206349
2012-03-28,2012-03-29,90.603,69.84126984126983
2012-03-29,2012-03-30,90.7285,73.01587301587301
2012-03-30,2012-03-31,90.4593,67.06349206349206
2012-04-02,2012-04-03,90.247,59.523809523809526
2012-04-03,2012-04-04,90.1921,57.53968253968254
2012-04-04,2012-04-05,90.8284,74.60317460317461
2012-04-05,2012-04-06,90.8781,75.0
2012-04-06,2012-04-07,90.9375,76.19047619047619
2012-04-09,2012-04-10,90.9624,76.19047619047619
2012-04-10,2012-04-11,91.2728,80.55555555555556
2012-04-11,2012-04-12,91.1768,78.17460317460318
2012-04-12,2012-04-13,90.7694,71.03174603174604
2012-04-13,2012-04-14,91.0558,76.19047619047619
2012-04-16,2012-04-17,91.2355,79.76190476190477
2012-04-17,2012-04-18,90.7661,69.84126984126983
2012-04-18,2012-04-19,90.9326,73.80952380952381
2012-04-19,2012-04-20,91.0833,75.79365079365078
2012-04-20,2012-04-21,90.8066,69.84126984126983
2012-04-23,2012-04-24,91.079,75.39682539682539
2012-04-24,2012-04-25,90.8153,69.44444444444444
2012-04-25,2012-04-26,90.756,67.46031746031747
2012-04-26,2012-04-27,90.6428,63.888888888888886
2012-04-27,2012-04-28,90.3269,57.53968253968254
2012-04-30,2012-05-01,90.3634,58.730158730158735
2012-05-01,2012-05-02,90.3227,56.34920634920635
2012-05-02,2012-05-03,90.6144,63.095238095238095
2012-05-03,2012-05-04,90.6839,65.47619047619048
2012-05-04,2012-05-05,91.0497,74.60317460317461
2012-05-07,2012-05-08,91.0747,75.0
2012-05-08,2012-05-09,91.4107,83.33333333333334
2012-05-09,2012-05-10,91.7632,85.71428571428571
2012-05-10,2012-05-11,91.7077,84.92063492063492
2012-05-11,2012-05-12,91.7306,84.92063492063492
2012-05-14,2012-05-15,92.2491,90.07936507936508
2012-05-15,2012-05-16,92.5235,93.65079365079364
2012-05-16,2012-05-17,92.903,98.80952380952381
2012-05-17,2012-05-18,92.9632,99.20634920634922
2012-05-18,2012-05-19,93.1395,99.20634920634922
2012-05-21,2012-05-22,93.0945,98.80952380952381
2012-05-22,2012-05-23,93.1113,98.80952380952381
2012-05-23,2012-05-24,93.8855,100.0
2012-05-24,2012-05-25,93.8027,99.60317460317461
2012-05-25,2012-05-26,93.9488,100.0
2012-05-29,2012-05-30,93.875,99.20634920634922
2012-05-30,2012-05-31,94.302,100.0
2012-05-31,2012-06-01,94.6856,100.0
2012-06-01,2012-06-02,94.6979,100.0
2012-06-04,2012-06-05,94.5184,99.20634920634922
2012-06-05,2012-06-06,94.6184,99.20634920634922
2012-06-06,2012-06-07,94.0362,98.01587301587301
2012-06-07,2012-06-08,93.774,96.03174603174604
2012-06-08,2012-06-09,94.2024,98.01587301587301
2012-06-11,2012-06-12,94.0369,97.61904761904762
2012-06-12,2012-06-13,94.0693,97.61904761904762
2012-06-13,2012-06-14,93.8309,95.23809523809523
2012-06-14,2012-06-15,93.8152,94.84126984126983
2012-06-15,2012-06-16,93.5203,93.65079365079364
2012-06-18,2012-06-19,93.6431,93.65079365079364
2012-06-19,2012-06-20,93.0524,90.87301587301587
2012-06-20,2012-06-21,93.1602,92.46031746031747
2012-06-21,2012-06-22,93.6378,93.25396825396825
2012-06-22,2012-06-23,93.9205,96.03174603174604
2012-06-25,2012-06-26,94.1757,97.61904761904762
2012-06-26,2012-06-27,93.9859,96.03174603174604
2012-06-27,2012-06-28,93.8728,94.04761904761905
2012-06-28,2012-06-29,94.0203,96.03174603174604
2012-06-29,2012-06-30,92.9096,86.90476190476191
2012-07-02,2012-07-03,92.951,87.3015873015873
2012-07-03,2012-07-04,92.6508,82.53968253968253
2012-07-05,2012-07-06,93.2211,90.47619047619048
2012-07-06,2012-07-07,93.7087,91.66666666666666
2012-07-09,2012-07-10,93.6974,91.26984126984127
2012-07-10,2012-07-11,93.5552,90.07936507936508
2012-07-11,2012-07-12,93.5981,90.07936507936508
2012-07-12,2012-07-13,93.9298,94.84126984126983
2012-07-13,2012-07-14,93.5515,88.88888888888889
2012-07-16,2012-07-17,93.3746,88.09523809523809
2012-07-17,2012-07-18,93.3479,87.6984126984127
2012-07-18,2012-07-19,93.0973,84.92063492063492
2012-07-19,2012-07-20,93.0438,83.73015873015873
2012-07-20,2012-07-21,93.3653,87.6984126984127
2012-07-23,2012-07-24,93.9297,94.44444444444444
2012-07-24,2012-07-25,94.2635,98.01587301587301
2012-07-25,2012-07-26,94.0564,96.42857142857143
2012-07-26,2012-07-27,93.3595,86.11111111111111
2012-07-27,2012-07-28,92.9333,80.15873015873017
2012-07-30,2012-07-31,93.0524,82.14285714285714
2012-07-31,2012-08-01,92.8422,77.77777777777779
2012-08-01,2012-08-02,92.8905,78.57142857142857
2012-08-02,2012-08-03,93.4269,86.90476190476191
2012-08-03,2012-08-04,92.6048,73.80952380952381
2012-08-06,2012-08-07,92.4339,70.23809523809523
2012-08-07,2012-08-08,92.5128,71.03174603174604
2012-08-08,2012-08-09,92.5407,72.22222222222221
2012-08-09,2012-08-10,92.6057,73.80952380952381
2012-08-10,2012-08-11,92.5129,70.23809523809523
2012-08-13,2012-08-14,92.5955,73.01587301587301
2012-08-14,2012-08-15,92.6152,73.80952380952381
2012-08-15,2012-08-16,92.6838,74.20634920634922
2012-08-16,2012-08-17,92.5737,71.42857142857143
2012-08-17,2012-08-18,92.711,74.20634920634922
2012-08-20,2012-08-21,92.6263,73.01587301587301
2012-08-21,2012-08-22,92.3053,63.49206349206349
2012-08-22,2012-08-23,92.4362,66.26984126984127
2012-08-23,2012-08-24,92.1057,60.71428571428571
2012-08-24,2012-08-25,92.2785,62.301587301587304
2012-08-27,2012-08-28,92.3135,63.095238095238095
2012-08-28,2012-08-29,92.2033,59.92063492063492
2012-08-29,2012-08-30,92.3823,63.49206349206349
2012-08-30,2012-08-31,92.6239,72.61904761904762
2012-08-31,2012-09-01,92.1677,58.730158730158735
2012-09-04,2012-09-05,92.1582,58.333333333333336
2012-09-05,2012-09-06,92.1262,57.936507936507944
2012-09-06,2012-09-07,91.8973,54.36507936507936
2012-09-07,2012-09-08,91.3469,48.41269841269841
2012-09-10,2012-09-11,91.3102,47.61904761904761
2012-09-11,2012-09-12,91.0575,40.07936507936508
2012-09-12,2012-09-13,91.0477,38.88888888888889
2012-09-13,2012-09-14,90.9632,37.698412698412696
2012-09-14,2012-09-15,90.1436,11.11111111111111
2012-09-17,2012-09-18,90.2837,17.063492063492063
2012-09-18,2012-09-19,90.5029,23.41269841269841
2012-09-19,2012-09-20,90.4646,22.61904761904762
2012-09-20,2012-09-21,90.7631,30.952380952380953
2012-09-21,2012-09-22,90.5342,23.41269841269841
2012-09-24,2012-09-25,90.8263,34.12698412698413
2012-09-25,2012-09-26,90.6074,25.793650793650798
2012-09-26,2012-09-27,91.0028,39.285714285714285
2012-09-27,2012-09-28,90.7538,30.952380952380953
2012-09-28,2012-09-29,90.8342,35.714285714285715
2012-10-01,2012-10-02,90.7011,29.761904761904763
2012-10-02,2012-10-03,90.644,27.380952380952383
2012-10-03,2012-10-04,90.8726,37.301587301587304
2012-10-04,2012-10-05,90.4932,22.61904761904762
2012-10-05,2012-10-06,90.2851,16.26984126984127
2012-10-09,2012-10-10,90.8703,38.095238095238095
2012-10-10,2012-10-11,90.883,39.285714285714285
2012-10-11,2012-10-12,90.7437,32.53968253968254
2012-10-12,2012-10-13,90.6833,29.365079365079367
2012-10-15,2012-10-16,90.6409,27.380952380952383
2012-10-16,2012-10-17,90.5583,24.6031746031746
2012-10-17,2012-10-18,90.2309,11.904761904761903
2012-10-18,2012-10-19,90.3804,19.841269841269842
2012-10-19,2012-10-20,90.8107,35.317460317460316
2012-10-22,2012-10-23,90.7911,34.92063492063492
2012-10-23,2012-10-24,91.0945,45.63492063492063
2012-10-24,2012-10-25,91.1275,46.82539682539682
2012-10-25,2012-10-26,91.02,42.06349206349206
2012-10-26,2012-10-27,91.1411,46.82539682539682
2012-10-31,2012-11-01,91.1609,46.82539682539682
2012-11-01,2012-11-02,91.1217,45.23809523809524
2012-11-02,2012-11-03,91.281,50.0
2012-11-05,2012-11-06,91.4778,53.57142857142857
2012-11-06,2012-11-07,91.2908,50.0
2012-11-07,2012-11-08,91.4514,52.77777777777778
2012-11-08,2012-11-09,91.5375,53.57142857142857
2012-11-09,2012-11-10,91.6871,54.36507936507936
2012-11-13,2012-11-14,91.7356,55.55555555555556
2012-11-14,2012-11-15,91.7942,56.34920634920635
2012-11-15,2012-11-16,91.8837,56.34920634920635
2012-11-16,2012-11-17,92.0095,57.14285714285714
2012-11-19,2012-11-20,91.5653,51.587301587301596
2012-11-20,2012-11-21,91.556,51.19047619047619
2012-11-21,2012-11-22,91.6645,51.98412698412699
2012-11-23,2012-11-24,91.2616,44.44444444444444
2012-11-26,2012-11-27,91.2789,45.63492063492063
2012-11-27,2012-11-28,91.2608,44.44444444444444
2012-11-28,2012-11-29,91.33,48.01587301587302
2012-11-29,2012-11-30,91.2104,43.25396825396825
2012-11-30,2012-12-01,91.1038,40.476190476190474
2012-12-03,2012-12-04,91.0084,36.904761904761905
2012-12-04,2012-12-05,90.9748,36.11111111111111
2012-12-05,2012-12-06,90.9423,35.317460317460316
2012-12-06,2012-12-07,91.0629,40.07936507936508
2012-12-07,2012-12-08,91.0437,38.492063492063494
2012-12-10,2012-12-11,90.9631,36.11111111111111
2012-12-11,2012-12-12,90.8403,32.53968253968254
2012-12-12,2012-12-13,90.7708,28.57142857142857
2012-12-13,2012-12-14,90.776,28.968253968253972
2012-12-14,2012-12-15,90.7156,25.793650793650798
2012-12-17,2012-12-18,90.6193,22.22222222222222
2012-12-18,2012-12-19,90.5161,18.253968253968253
2012-12-19,2012-12-20,90.4896,17.46031746031746
2012-12-20,2012-12-21,90.6002,21.03174603174603
2012-12-21,2012-12-22,90.9597,38.88888888888889
2012-12-24,2012-12-25,91.0354,42.46031746031746
2012-12-26,2012-12-27,91.0606,44.84126984126984
2012-12-27,2012-12-28,91.1037,47.22222222222222
2012-12-28,2012-12-29,91.0419,42.857142857142854
2012-12-31,2013-01-01,91.0834,47.22222222222222
2013-01-02,2013-01-03,90.6941,26.984126984126984
2013-01-03,2013-01-04,90.8097,32.93650793650794
2013-01-04,2013-01-05,91.1025,48.80952380952381
2013-01-07,2013-01-08,90.9852,41.66666666666667
2013-01-08,2013-01-09,91.057,46.03174603174603
2013-01-09,2013-01-10,91.0088,43.25396825396825
2013-01-10,2013-01-11,90.6425,24.206349206349206
2013-01-11,2013-01-12,90.5352,19.841269841269842
2013-01-14,2013-01-15,90.4935,18.253968253968253
2013-01-15,2013-01-16,90.5191,19.444444444444446
2013-01-16,2013-01-17,90.596,22.22222222222222
2013-01-17,2013-01-18,90.5401,21.428571428571427
2013-01-18,2013-01-19,90.8697,38.88888888888889
2013-01-22,2013-01-23,90.7892,34.523809523809526
2013-01-23,2013-01-24,90.8376,38.88888888888889
2013-01-24,2013-01-25,90.9112,41.66666666666667
2013-01-25,2013-01-26,91.0868,53.17460317460318
2013-01-28,2013-01-29,91.2354,57.53968253968254
2013-01-29,2013-01-30,90.9406,43.25396825396825
2013-01-30,2013-01-31,90.8836,41.269841269841265
2013-01-31,2013-02-01,90.798,34.523809523809526
2013-02-01,2013-02-02,90.6923,28.174603174603174
2013-02-04,2013-02-05,90.9774,45.63492063492063
2013-02-05,2013-02-06,90.881,40.07936507936508
2013-02-06,2013-02-07,91.0176,47.22222222222222
2013-02-07,2013-02-08,91.2912,60.71428571428571
2013-02-08,2013-02-09,91.3056,60.71428571428571
2013-02-11,2013-02-12,91.4451,62.301587301587304
2013-02-12,2013-02-13,91.2779,58.333333333333336
2013-02-13,2013-02-14,91.2709,57.53968253968254
2013-02-14,2013-02-15,91.366,61.50793650793651
2013-02-15,2013-02-16,91.4551,62.698412698412696
2013-02-19,2013-02-20,91.5073,63.095238095238095
2013-02-20,2013-02-21,91.6689,64.68253968253968
2013-02-21,2013-02-22,92.0394,68.25396825396825
2013-02-22,2013-02-23,92.1197,68.65079365079364
2013-02-25,2013-02-26,92.1975,69.84126984126983
2013-02-26,2013-02-27,92.4247,72.22222222222221
2013-02-27,2013-02-28,92.234,69.84126984126983
2013-02-28,2013-03-01,92.295,70.63492063492063
2013-03-01,2013-03-02,92.6177,76.5873015873016
2013-03-04,2013-03-05,92.6316,77.38095238095238
2013-03-05,2013-03-06,92.4965,72.22222222222221
2013-03-07,2013-03-08,92.5462,73.80952380952381
2013-03-08,2013-03-09,92.6252,76.5873015873016
2013-03-11,2013-03-12,92.5351,72.61904761904762
2013-03-12,2013-03-13,92.3853,69.44444444444444
2013-03-13,2013-03-14,92.4709,70.63492063492063
2013-03-14,2013-03-15,92.4695,70.23809523809523
2013-03-15,2013-03-16,92.128,63.888888888888886
2013-03-18,2013-03-19,92.3377,67.85714285714286
2013-03-19,2013-03-20,92.526,72.22222222222221
2013-03-20,2013-03-21,92.4141,68.25396825396825
2013-03-21,2013-03-22,92.3322,66.66666666666666
2013-03-22,2013-03-23,92.2051,63.888888888888886
2013-03-25,2013-03-26,92.3081,65.87301587301587
2013-03-26,2013-03-27,92.232,63.49206349206349
2013-03-27,2013-03-28,92.446,69.44444444444444
2013-03-28,2013-03-29,92.2544,63.888888888888886
2013-03-29,2013-03-30,92.302,64.68253968253968
2013-04-01,2013-04-02,92.1687,60.71428571428571
2013-04-02,2013-04-03,92.1432,59.523809523809526
2013-04-03,2013-04-04,92.104,57.53968253968254
2013-04-04,2013-04-05,92.3896,67.46031746031747
2013-04-05,2013-04-06,92.1043,57.14285714285714
2013-04-08,2013-04-09,92.2317,61.50793650793651
2013-04-09,2013-04-10,91.9669,55.158730158730165
2013-04-10,2013-04-11,91.9598,54.761904761904766
2013-04-11,2013-04-12,91.6972,51.587301587301596
2013-04-12,2013-04-13,91.7967,53.57142857142857
2013-04-15,2013-04-16,91.9457,54.36507936507936
2013-04-16,2013-04-17,91.8451,53.17460317460318
2013-04-17,2013-04-18,92.1372,58.333333333333336
2013-04-18,2013-04-19,92.176,59.92063492063492
2013-04-19,2013-04-20,92.2166,61.111111111111114
2013-04-22,2013-04-23,92.3591,66.26984126984127
2013-04-23,2013-04-24,92.3836,66.66666666666666
2013-04-24,2013-04-25,92.4581,69.44444444444444
2013-04-25,2013-04-26,92.0394,53.57142857142857
2013-04-26,2013-04-27,91.9012,51.19047619047619
2013-04-29,2013-04-30,91.6539,45.63492063492063
2013-04-30,2013-05-01,91.3741,41.66666666666667
2013-05-01,2013-05-02,91.4331,42.06349206349206
2013-05-02,2013-05-03,91.6174,45.23809523809524
2013-05-03,2013-05-04,91.5087,43.65079365079365
2013-05-06,2013-05-07,91.6387,45.23809523809524
2013-05-07,2013-05-08,91.5201,43.25396825396825
2013-05-08,2013-05-09,91.1848,33.33333333333333
2013-05-09,2013-05-10,91.3036,37.301587301587304
2013-05-10,2013-05-11,92.2527,61.50793650793651
2013-05-13,2013-05-14,92.2711,61.904761904761905
2013-05-14,2013-05-15,92.3697,65.47619047619048
2013-05-15,2013-05-16,92.7691,78.57142857142857
2013-05-16,2013-05-17,92.6602,77.38095238095238
2013-05-17,2013-05-18,93.1617,84.52380952380952
2013-05-20,2013-05-21,93.0359,80.95238095238095
2013-05-21,2013-05-22,92.9662,80.55555555555556
2013-05-22,2013-05-23,93.3104,84.92063492063492
2013-05-23,2013-05-24,93.2113,84.12698412698413
2013-05-24,2013-05-25,93.2768,84.52380952380952
2013-05-28,2013-05-29,93.5853,88.09523809523809
2013-05-29,2013-05-30,93.531,86.90476190476191
2013-05-30,2013-05-31,93.4219,86.11111111111111
2013-05-31,2013-06-01,93.6076,89.28571428571429
2013-06-03,2013-06-04,93.163,82.93650793650794
2013-06-04,2013-06-05,93.3067,84.52380952380952
2013-06-05,2013-06-06,93.275,84.12698412698413
2013-06-06,2013-06-07,92.809,77.77777777777779
2013-06-07,2013-06-08,92.6056,73.01587301587301
2013-06-10,2013-06-11,92.973,80.95238095238095
2013-06-11,2013-06-12,92.7996,78.17460317460318
2013-06-12,2013-06-13,92.4775,69.04761904761905
2013-06-13,2013-06-14,92.3449,63.49206349206349
2013-06-14,2013-06-15,92.1886,56.34920634920635
2013-06-17,2013-06-18,92.3332,63.49206349206349
2013-06-18,2013-06-19,92.5432,73.01587301587301
2013-06-19,2013-06-20,92.4755,70.23809523809523
2013-06-20,2013-06-21,94.125,99.20634920634922
2013-06-21,2013-06-22,94.4243,100.0
2013-06-24,2013-06-25,94.5714,100.0
2013-06-25,2013-06-26,94.3285,99.20634920634922
2013-06-26,2013-06-27,94.3807,99.20634920634922
2013-06-27,2013-06-28,94.2429,98.01587301587301
2013-06-28,2013-06-29,94.3047,98.4126984126984
2013-07-01,2013-07-02,94.0998,96.82539682539682
2013-07-02,2013-07-03,94.4051,99.20634920634922
2013-07-03,2013-07-04,94.4767,99.60317460317461
2013-07-05,2013-07-06,95.0639,100.0
2013-07-08,2013-07-09,94.9954,99.60317460317461
2013-07-09,2013-07-10,94.9467,99.20634920634922
2013-07-10,2013-07-11,94.7595,98.80952380952381
2013-07-11,2013-07-12,93.949,93.65079365079364
2013-07-12,2013-07-13,94.0029,93.65079365079364
2013-07-15,2013-07-16,93.9729,93.25396825396825
2013-07-16,2013-07-17,93.5232,89.68253968253968
2013-07-17,2013-07-18,93.5498,90.47619047619048
2013-07-18,2013-07-19,93.681,92.06349206349206
2013-07-19,2013-07-20,93.4759,89.68253968253968
2013-07-22,2013-07-23,93.2253,85.71428571428571
2013-07-23,2013-07-24,93.1631,85.31746031746032
2013-07-24,2013-07-25,93.3124,87.6984126984127
2013-07-25,2013-07-26,93.2862,86.5079365079365
2013-07-26,2013-07-27,93.1695,84.92063492063492
2013-07-29,2013-07-30,93.1663,84.92063492063492
2013-07-30,2013-07-31,93.3976,89.28571428571429
2013-07-31,2013-08-01,93.5703,92.06349206349206
2013-08-01,2013-08-02,93.7972,93.25396825396825
2013-08-02,2013-08-03,93.5789,91.66666666666666
2013-08-05,2013-08-06,93.507,89.68253968253968
2013-08-06,2013-08-07,93.3199,87.6984126984127
2013-08-07,2013-08-08,93.2652,84.92063492063492
2013-08-08,2013-08-09,92.8483,80.95238095238095
2013-08-09,2013-08-10,92.8394,80.55555555555556
2013-08-12,2013-08-13,92.9178,80.95238095238095
2013-08-13,2013-08-14,93.476,89.28571428571429
2013-08-14,2013-08-15,93.382,87.6984126984127
2013-08-15,2013-08-16,93.5059,89.28571428571429
2013-08-16,2013-08-17,93.4255,88.09523809523809
2013-08-19,2013-08-20,93.6623,92.46031746031747
2013-08-20,2013-08-21,93.5536,90.47619047619048
2013-08-21,2013-08-22,94.0362,94.44444444444444
2013-08-22,2013-08-23,94.2804,95.63492063492063
2013-08-23,2013-08-24,93.9466,92.46031746031747
2013-08-26,2013-08-27,94.1853,94.84126984126983
2013-08-27,2013-08-28,94.3934,96.82539682539682
2013-08-28,2013-08-29,94.4127,97.22222222222221
2013-08-29,2013-08-30,94.6398,98.4126984126984
2013-08-30,2013-08-31,94.7541,98.4126984126984
2013-09-03,2013-09-04,94.9574,99.20634920634922
2013-09-04,2013-09-05,94.5739,97.22222222222221
2013-09-05,2013-09-06,94.8891,98.4126984126984
2013-09-06,2013-09-07,94.2487,92.46031746031747
2013-09-09,2013-09-10,94.0009,89.68253968253968
2013-09-10,2013-09-11,93.938,88.09523809523809
2013-09-11,2013-09-12,93.7112,87.3015873015873
2013-09-12,2013-09-13,93.5903,85.71428571428571
2013-09-13,2013-09-14,93.6666,86.5079365079365
2013-09-16,2013-09-17,93.2875,77.38095238095238
2013-09-17,2013-09-18,93.2231,75.0
2013-09-18,2013-09-19,93.2569,75.39682539682539
2013-09-19,2013-09-20,92.4082,61.111111111111114
2013-09-20,2013-09-21,92.6049,66.26984126984127
2013-09-23,2013-09-24,92.613,66.66666666666666
2013-09-24,2013-09-25,92.7691,68.65079365079364
2013-09-25,2013-09-26,92.7675,67.85714285714286
2013-09-26,2013-09-27,93.0096,71.42857142857143
2013-09-27,2013-09-28,92.9747,71.03174603174604
2013-09-30,2013-10-01,92.9207,69.84126984126983
2013-10-01,2013-10-02,92.9515,69.84126984126983
2013-10-02,2013-10-03,92.772,67.06349206349206
2013-10-03,2013-10-04,92.7461,65.47619047619048
2013-10-04,2013-10-05,92.6469,64.68253968253968
2013-10-07,2013-10-08,92.6725,65.07936507936508
2013-10-08,2013-10-09,92.7558,65.47619047619048
2013-10-09,2013-10-10,93.0829,71.82539682539682
2013-10-10,2013-10-11,92.8579,68.25396825396825
2013-10-11,2013-10-12,92.854,67.85714285714286
2013-10-15,2013-10-16,92.7642,64.28571428571429
2013-10-16,2013-10-17,92.6819,63.095238095238095
2013-10-17,2013-10-18,92.0246,40.87301587301587
2013-10-18,2013-10-19,91.9989,40.07936507936508
2013-10-21,2013-10-22,92.2498,47.61904761904761
2013-10-22,2013-10-23,91.9563,38.492063492063494
2013-10-23,2013-10-24,92.0947,41.269841269841265
2013-10-24,2013-10-25,92.1867,44.44444444444444
2013-10-25,2013-10-26,92.1623,43.25396825396825
2013-10-28,2013-10-29,92.1872,44.44444444444444
2013-10-29,2013-10-30,92.301,49.2063492063492
2013-10-30,2013-10-31,92.3057,49.60317460317461
2013-10-31,2013-11-01,92.731,63.095238095238095
2013-11-01,2013-11-02,93.155,71.82539682539682
2013-11-04,2013-11-05,92.9359,68.65079365079364
2013-11-05,2013-11-06,93.2112,73.80952380952381
2013-11-06,2013-11-07,93.0943,71.03174603174604
2013-11-07,2013-11-08,93.4003,79.76190476190477
2013-11-08,2013-11-09,93.6619,85.71428571428571
2013-11-12,2013-11-13,93.7651,87.3015873015873
2013-11-13,2013-11-14,93.4848,80.55555555555556
2013-11-14,2013-11-15,93.4328,79.36507936507937
2013-11-15,2013-11-16,93.2854,74.60317460317461
2013-11-18,2013-11-19,92.9824,67.06349206349206
2013-11-19,2013-11-20,93.0649,67.85714285714286
2013-11-20,2013-11-21,93.2501,72.61904761904762
2013-11-21,2013-11-22,93.5638,82.93650793650794
2013-11-22,2013-11-23,93.4198,77.77777777777779
2013-11-25,2013-11-26,93.5539,82.53968253968253
2013-11-26,2013-11-27,93.5226,80.55555555555556
2013-11-27,2013-11-28,93.6864,86.5079365079365
2013-11-29,2013-11-30,93.6291,84.52380952380952
2013-12-02,2013-12-03,93.8856,87.6984126984127
2013-12-03,2013-12-04,93.8251,87.3015873015873
2013-12-04,2013-12-05,93.8997,87.6984126984127
2013-12-05,2013-12-06,93.4954,77.38095238095238
2013-12-06,2013-12-07,93.4045,74.20634920634922
2013-12-09,2013-12-10,93.1444,63.888888888888886
2013-12-11,2013-12-12,93.0842,63.095238095238095
2013-12-12,2013-12-13,93.4292,75.39682539682539
2013-12-13,2013-12-14,93.3568,72.22222222222221
2013-12-16,2013-12-17,93.2175,66.26984126984127
2013-12-17,2013-12-18,93.302,70.23809523809523
2013-12-18,2013-12-19,93.4207,74.20634920634922
2013-12-19,2013-12-20,93.7368,85.71428571428571
2013-12-20,2013-12-21,93.7211,85.31746031746032
2013-12-23,2013-12-24,93.572,80.55555555555556
2013-12-24,2013-12-25,93.6734,83.73015873015873
2013-12-26,2013-12-27,93.766,86.11111111111111
2013-12-27,2013-12-28,93.7018,84.12698412698413
2013-12-30,2013-12-31,93.4866,74.60317460317461
2013-12-31,2014-01-01,93.5576,78.17460317460318
2014-01-02,2014-01-03,93.8192,86.5079365079365
2014-01-03,2014-01-04,93.853,86.90476190476191
2014-01-06,2014-01-07,93.9109,87.6984126984127
2014-01-07,2014-01-08,94.0398,90.47619047619048
2014-01-08,2014-01-09,94.2181,91.66666666666666
2014-01-09,2014-01-10,94.3299,93.65079365079364
2014-01-10,2014-01-11,94.0045,88.88888888888889
2014-01-13,2014-01-14,93.899,85.31746031746032
2014-01-14,2014-01-15,94.0303,88.88888888888889
2014-01-15,2014-01-16,94.341,93.65079365079364
2014-01-16,2014-01-17,94.5507,96.03174603174604
2014-01-17,2014-01-18,94.5846,96.82539682539682
2014-01-21,2014-01-22,94.679,97.22222222222221
2014-01-22,2014-01-23,94.8479,98.01587301587301
2014-01-23,2014-01-24,94.8415,97.61904761904762
2014-01-24,2014-01-25,94.8555,98.01587301587301
2014-01-27,2014-01-28,94.9059,98.4126984126984
2014-01-28,2014-01-29,94.88,97.61904761904762
2014-01-29,2014-01-30,94.8621,97.22222222222221
2014-01-30,2014-01-31,95.1294,100.0
2014-01-31,2014-02-01,95.1774,100.0
2014-02-03,2014-02-04,95.2469,100.0
2014-02-04,2014-02-05,95.0438,98.4126984126984
2014-02-05,2014-02-06,95.0285,98.01587301587301
2014-02-06,2014-02-07,94.7177,92.85714285714286
2014-02-07,2014-02-08,94.7457,92.85714285714286
2014-02-10,2014-02-11,94.7189,92.46031746031747
2014-02-11,2014-02-12,94.6377,90.87301587301587
2014-02-12,2014-02-13,94.6209,90.47619047619048
2014-02-14,2014-02-15,94.2711,84.12698412698413
2014-02-18,2014-02-19,94.1934,82.53968253968253
2014-02-19,2014-02-20,94.38,86.11111111111111
2014-02-20,2014-02-21,94.6571,91.26984126984127
2014-02-24,2014-02-25,94.4042,86.5079365079365
2014-02-25,2014-02-26,94.4735,87.6984126984127
2014-02-26,2014-02-27,94.7754,93.65079365079364
2014-02-27,2014-02-28,94.6722,90.87301587301587
2014-02-28,2014-03-01,94.3879,84.52380952380952
2014-03-04,2014-03-05,94.6568,90.07936507936508
2014-03-05,2014-03-06,94.4679,86.11111111111111
2014-03-06,2014-03-07,93.9858,75.0
2014-03-07,2014-03-08,94.2532,80.15873015873017
2014-03-10,2014-03-11,94.3731,82.53968253968253
2014-03-11,2014-03-12,94.387,83.33333333333334
2014-03-12,2014-03-13,94.462,85.71428571428571
2014-03-13,2014-03-14,94.1872,76.98412698412699
2014-03-14,2014-03-15,94.243,78.17460317460318
2014-03-18,2014-03-19,94.2631,78.96825396825396
2014-03-19,2014-03-20,94.3752,81.74603174603175
2014-03-20,2014-03-21,94.9986,97.61904761904762
2014-03-21,2014-03-22,94.8547,94.04761904761905
2014-03-24,2014-03-25,94.759,92.06349206349206
2014-03-25,2014-03-26,94.6379,88.09523809523809
2014-03-26,2014-03-27,94.5281,85.31746031746032
2014-03-27,2014-03-28,94.3315,78.57142857142857
2014-03-28,2014-03-29,94.3683,78.96825396825396
2014-03-31,2014-04-01,94.2432,74.60317460317461
2014-04-01,2014-04-02,94.1244,71.42857142857143
2014-04-02,2014-04-03,94.3103,76.98412698412699
2014-04-03,2014-04-04,94.512,84.92063492063492
2014-04-04,2014-04-05,94.2191,72.61904761904762
2014-04-07,2014-04-08,94.0881,69.44444444444444
2014-04-08,2014-04-09,93.6579,56.74603174603175
2014-04-09,2014-04-10,93.6716,57.936507936507944
2014-04-10,2014-04-11,93.5123,50.0
2014-04-11,2014-04-12,93.6395,55.952380952380956
2014-04-14,2014-04-15,93.8046,61.904761904761905
2014-04-15,2014-04-16,93.9486,65.47619047619048
2014-04-16,2014-04-17,93.9461,64.68253968253968
2014-04-17,2014-04-18,93.8936,62.698412698412696
2014-04-18,2014-04-19,93.9629,65.87301587301587
2014-04-21,2014-04-22,94.0337,68.25396825396825
2014-04-22,2014-04-23,94.0802,69.04761904761905
2014-04-23,2014-04-24,94.149,70.63492063492063
2014-04-24,2014-04-25,94.1294,70.23809523809523
2014-04-25,2014-04-26,94.1623,70.63492063492063
2014-04-28,2014-04-29,94.1374,69.84126984126983
2014-04-29,2014-04-30,94.0295,65.47619047619048
2014-04-30,2014-05-01,93.8896,59.12698412698413
2014-05-01,2014-05-02,93.8707,58.333333333333336
2014-05-02,2014-05-03,93.8182,56.74603174603175
2014-05-05,2014-05-06,93.7334,54.36507936507936
2014-05-06,2014-05-07,93.4324,39.682539682539684
2014-05-07,2014-05-08,93.4337,40.07936507936508
2014-05-08,2014-05-09,93.3686,35.317460317460316
2014-05-09,2014-05-10,93.6614,50.0
2014-05-12,2014-05-13,93.6537,49.2063492063492
2014-05-13,2014-05-14,93.6755,51.98412698412699
2014-05-14,2014-05-15,93.5968,47.22222222222222
2014-05-15,2014-05-16,93.7065,53.17460317460318
2014-05-16,2014-05-17,93.6073,46.82539682539682
2014-05-19,2014-05-20,93.502,39.682539682539684
2014-05-20,2014-05-21,93.6699,50.39682539682539
2014-05-21,2014-05-22,93.7629,54.761904761904766
2014-05-22,2014-05-23,93.6944,51.98412698412699
2014-05-23,2014-05-24,93.7042,52.38095238095239
2014-05-27,2014-05-28,93.8418,57.53968253968254
2014-05-28,2014-05-29,93.8793,58.333333333333336
2014-05-29,2014-05-30,93.6973,50.79365079365079
2014-05-30,2014-05-31,93.7606,53.57142857142857
2014-06-02,2014-06-03,94.0006,63.888888888888886
2014-06-03,2014-06-04,94.0536,67.06349206349206
2014-06-04,2014-06-05,94.1239,68.25396825396825
2014-06-05,2014-06-06,93.9732,62.301587301587304
2014-06-06,2014-06-07,93.9069,58.730158730158735
2014-06-09,2014-06-10,93.9628,61.111111111111114
2014-06-10,2014-06-11,94.0638,66.66666666666666
2014-06-11,2014-06-12,93.9744,61.904761904761905
2014-06-12,2014-06-13,93.8155,52.38095238095239
2014-06-13,2014-06-14,93.9168,57.936507936507944
2014-06-16,2014-06-17,93.8639,53.96825396825397
2014-06-17,2014-06-18,94.0829,67.06349206349206
2014-06-18,2014-06-19,94.0525,65.47619047619048
2014-06-19,2014-06-20,93.752,48.01587301587302
2014-06-20,2014-06-21,93.7591,48.01587301587302
2014-06-23,2014-06-24,93.628,38.095238095238095
2014-06-24,2014-06-25,93.7093,45.63492063492063
2014-06-25,2014-06-26,93.5851,36.11111111111111
2014-06-26,2014-06-27,93.5471,32.53968253968254
2014-06-27,2014-06-28,93.3983,24.206349206349206
2014-06-30,2014-07-01,93.2058,17.46031746031746
2014-07-01,2014-07-02,93.1365,15.476190476190476
2014-07-02,2014-07-03,93.2478,19.841269841269842
2014-07-03,2014-07-04,93.3149,23.41269841269841
2014-07-07,2014-07-08,93.3803,25.0
2014-07-08,2014-07-09,93.323,24.206349206349206
2014-07-09,2014-07-10,93.228,19.841269841269842
2014-07-10,2014-07-11,93.3152,24.206349206349206
2014-07-11,2014-07-12,93.4171,28.57142857142857
2014-07-14,2014-07-15,93.4101,28.57142857142857
2014-07-15,2014-07-16,93.5796,40.07936507936508
2014-07-16,2014-07-17,93.5991,41.66666666666667
2014-07-17,2014-07-18,93.6586,44.44444444444444
2014-07-18,2014-07-19,93.6608,44.84126984126984
2014-07-21,2014-07-22,93.6069,42.06349206349206
2014-07-22,2014-07-23,93.6306,43.65079365079365
2014-07-23,2014-07-24,93.5951,41.269841269841265
2014-07-24,2014-07-25,93.6836,49.60317460317461
2014-07-25,2014-07-26,93.8294,58.730158730158735
2014-07-28,2014-07-29,93.83,58.730158730158735
2014-07-29,2014-07-30,94.0443,70.63492063492063
2014-07-30,2014-07-31,94.3473,81.74603174603175
2014-07-31,2014-08-01,94.4467,85.31746031746032
2014-08-01,2014-08-02,94.4754,86.5079365079365
2014-08-04,2014-08-05,94.448,84.92063492063492
2014-08-05,2014-08-06,94.6754,91.26984126984127
2014-08-06,2014-08-07,94.6092,88.09523809523809
2014-08-07,2014-08-08,94.6364,88.4920634920635
2014-08-08,2014-08-09,94.6027,87.3015873015873
2014-08-11,2014-08-12,94.4767,84.92063492063492
2014-08-12,2014-08-13,94.5211,85.31746031746032
2014-08-13,2014-08-14,94.4681,83.33333333333334
2014-08-14,2014-08-15,94.3508,77.77777777777779
2014-08-15,2014-08-16,94.2941,75.39682539682539
2014-08-18,2014-08-19,94.2519,73.4126984126984
2014-08-19,2014-08-20,94.4356,81.34920634920636
2014-08-20,2014-08-21,94.5937,86.90476190476191
2014-08-21,2014-08-22,94.673,90.87301587301587
2014-08-22,2014-08-23,94.8012,94.04761904761905
2014-08-25,2014-08-26,94.9159,97.22222222222221
2014-08-26,2014-08-27,94.8617,95.23809523809523
2014-08-27,2014-08-28,94.6863,90.47619047619048
2014-08-28,2014-08-29,94.6947,90.47619047619048
2014-08-29,2014-08-30,94.7251,91.26984126984127
2014-09-02,2014-09-03,95.063,98.80952380952381
2014-09-03,2014-09-04,94.8709,95.23809523809523
2014-09-04,2014-09-05,95.2641,100.0
2014-09-05,2014-09-06,95.2203,99.20634920634922
2014-09-08,2014-09-09,95.4167,100.0
2014-09-09,2014-09-10,95.8811,100.0
2014-09-10,2014-09-11,95.8641,99.60317460317461
2014-09-11,2014-09-12,95.9184,100.0
2014-09-12,2014-09-13,96.0748,100.0
2014-09-15,2014-09-16,96.1195,100.0
2014-09-16,2014-09-17,95.8483,98.01587301587301
2014-09-17,2014-09-18,95.9106,98.80952380952381
2014-09-18,2014-09-19,96.1284,100.0
2014-09-19,2014-09-20,96.3417,100.0
2014-09-22,2014-09-23,96.4625,100.0
2014-09-23,2014-09-24,96.5112,100.0
2014-09-24,2014-09-25,96.6574,100.0
2014-09-25,2014-09-26,96.8988,100.0
2014-09-26,2014-09-27,97.208,100.0
2014-09-29,2014-09-30,97.3523,100.0
2014-09-30,2014-10-01,97.5261,100.0
2014-10-01,2014-10-02,97.5387,100.0
2014-10-02,2014-10-03,97.3062,98.80952380952381
2014-10-03,2014-10-04,97.9846,100.0
2014-10-06,2014-10-07,97.5513,99.60317460317461
2014-10-07,2014-10-08,97.4459,98.4126984126984
2014-10-08,2014-10-09,97.4945,98.4126984126984
2014-10-09,2014-10-10,97.1711,96.42857142857143
2014-10-10,2014-10-11,97.4144,97.61904761904762
2014-10-14,2014-10-15,97.3943,97.22222222222221
2014-10-15,2014-10-16,97.3532,96.82539682539682
2014-10-16,2014-10-17,97.2869,95.63492063492063
2014-10-17,2014-10-18,97.3067,96.03174603174604
2014-10-20,2014-10-21,97.2874,95.23809523809523
2014-10-21,2014-10-22,97.2488,94.44444444444444
2014-10-22,2014-10-23,97.459,98.01587301587301
2014-10-23,2014-10-24,97.6047,99.60317460317461
2014-10-24,2014-10-25,97.4772,97.61904761904762
2014-10-27,2014-10-28,97.5423,98.80952380952381
2014-10-28,2014-10-29,97.2173,92.46031746031747
2014-10-29,2014-10-30,97.0145,91.26984126984127
2014-10-30,2014-10-31,97.456,96.42857142857143
2014-10-31,2014-11-01,98.1163,100.0
2014-11-03,2014-11-04,98.5336,100.0
2014-11-04,2014-11-05,98.5576,100.0
2014-11-05,2014-11-06,98.8086,100.0
2014-11-06,2014-11-07,99.1325,100.0
2014-11-07,2014-11-08,99.0236,99.60317460317461
2014-11-10,2014-11-11,98.9305,99.20634920634922
2014-11-12,2014-11-13,98.8897,98.80952380952381
2014-11-13,2014-11-14,99.1045,99.60317460317461
2014-11-14,2014-11-15,99.0917,99.20634920634922
2014-11-17,2014-11-18,99.2188,100.0
2014-11-18,2014-11-19,99.0185,98.01587301587301
2014-11-19,2014-11-20,99.2424,100.0
2014-11-20,2014-11-21,99.2554,100.0
2014-11-21,2014-11-22,99.2894,100.0
2014-11-24,2014-11-25,99.4227,100.0
2014-11-25,2014-11-26,99.2837,99.20634920634922
2014-11-26,2014-11-27,99.1893,97.61904761904762
2014-11-28,2014-11-29,100.0719,100.0
2014-12-01,2014-12-02,99.8964,99.60317460317461
2014-12-02,2014-12-03,100.4478,100.0
2014-12-03,2014-12-04,100.5696,100.0
2014-12-04,2014-12-05,100.3931,99.20634920634922
2014-12-05,2014-12-06,101.0989,100.0
2014-12-08,2014-12-09,101.31,100.0
2014-12-09,2014-12-10,100.8095,99.20634920634922
2014-12-10,2014-12-11,101.0212,99.20634920634922
2014-12-11,2014-12-12,101.4448,100.0
2014-12-12,2014-12-13,101.3735,99.60317460317461
2014-12-15,2014-12-16,101.674,100.0
2014-12-16,2014-12-17,101.526,99.60317460317461
2014-12-17,2014-12-18,101.5527,99.60317460317461
2014-12-18,2014-12-19,101.7531,100.0
2014-12-19,2014-12-20,102.0483,100.0
2014-12-22,2014-12-23,101.9942,99.60317460317461
2014-12-23,2014-12-24,102.348,100.0
2014-12-24,2014-12-25,102.3028,99.60317460317461
2014-12-29,2014-12-30,102.3767,100.0
2014-12-30,2014-12-31,102.1019,98.80952380952381
2014-12-31,2015-01-01,102.2843,98.80952380952381
2015-01-02,2015-01-03,102.9027,100.0
2015-01-05,2015-01-06,103.4976,100.0
2015-01-06,2015-01-07,103.2938,99.60317460317461
2015-01-07,2015-01-08,103.6316,100.0
2015-01-08,2015-01-09,103.2799,98.80952380952381
2015-01-09,2015-01-10,103.1213,98.4126984126984
2015-01-12,2015-01-13,103.2372,98.4126984126984
2015-01-13,2015-01-14,103.27,98.4126984126984
2015-01-14,2015-01-15,103.0903,97.22222222222221
2015-01-15,2015-01-16,103.0829,96.82539682539682
2015-01-16,2015-01-17,103.2189,97.61904761904762
2015-01-20,2015-01-21,103.5233,99.60317460317461
2015-01-21,2015-01-22,103.7858,100.0
2015-01-22,2015-01-23,103.9271,100.0
2015-01-23,2015-01-24,104.3676,100.0
2015-01-26,2015-01-27,104.4818,100.0
2015-01-27,2015-01-28,104.1646,99.20634920634922
2015-01-28,2015-01-29,104.4737,99.60317460317461
2015-01-29,2015-01-30,105.2763,100.0
2015-01-30,2015-01-31,105.5884,100.0
2015-02-02,2015-02-03,105.2058,99.20634920634922
2015-02-03,2015-02-04,104.6063,98.80952380952381
2015-02-04,2015-02-05,104.785,98.80952380952381
2015-02-05,2015-02-06,104.4915,98.01587301587301
2015-02-06,2015-02-07,105.1283,98.80952380952381
2015-02-09,2015-02-10,104.9889,98.4126984126984
2015-02-10,2015-02-11,105.2897,99.60317460317461
2015-02-11,2015-02-12,105.7901,100.0
2015-02-12,2015-02-13,104.9385,97.22222222222221
2015-02-13,2015-02-14,104.8452,96.82539682539682
2015-02-18,2015-02-19,105.2514,98.4126984126984
2015-02-19,2015-02-20,105.1407,97.61904761904762
2015-02-20,2015-02-21,105.3387,99.20634920634922
2015-02-23,2015-02-24,105.5359,99.20634920634922
2015-02-24,2015-02-25,105.5472,99.20634920634922
2015-02-25,2015-02-26,105.0503,95.63492063492063
2015-02-26,2015-02-27,105.5021,98.4126984126984
2015-02-27,2015-02-28,105.5981,99.60317460317461
2015-03-02,2015-03-03,105.8151,100.0
2015-03-03,2015-03-04,105.5562,98.4126984126984
2015-03-04,2015-03-05,106.1333,100.0
2015-03-06,2015-03-07,107.4337,100.0
2015-03-09,2015-03-10,107.5199,100.0
2015-03-10,2015-03-11,108.1165,100.0
2015-03-11,2015-03-12,108.5235,100.0
2015-03-12,2015-03-13,108.1741,99.60317460317461
2015-03-13,2015-03-14,108.9174,100.0
2015-03-16,2015-03-17,108.6422,99.60317460317461
2015-03-17,2015-03-18,108.5805,99.20634920634922
2015-03-18,2015-03-19,108.408,98.4126984126984
2015-03-19,2015-03-20,108.1826,98.01587301587301
2015-03-20,2015-03-21,107.1671,96.03174603174604
2015-03-23,2015-03-24,106.5022,95.63492063492063
2015-03-24,2015-03-25,106.4401,95.23809523809523
2015-03-25,2015-03-26,106.2636,94.84126984126983
2015-03-26,2015-03-27,106.5582,95.63492063492063
2015-03-27,2015-03-28,106.8916,95.63492063492063
2015-03-30,2015-03-31,107.3941,96.03174603174604
2015-03-31,2015-04-01,107.4396,96.42857142857143
2015-04-01,2015-04-02,107.06,94.84126984126983
2015-04-02,2015-04-03,106.6738,94.04761904761905
2015-04-03,2015-04-04,105.8861,91.66666666666666
2015-04-06,2015-04-07,105.7876,90.47619047619048
2015-04-07,2015-04-08,106.4488,92.85714285714286
2015-04-08,2015-04-09,106.4231,92.06349206349206
2015-04-09,2015-04-10,107.0335,94.44444444444444
2015-04-10,2015-04-11,107.4526,96.42857142857143
2015-04-13,2015-04-14,107.7508,96.82539682539682
2015-04-14,2015-04-15,107.0547,93.65079365079364
2015-04-15,2015-04-16,107.1855,94.44444444444444
2015-04-16,2015-04-17,106.2761,89.68253968253968
2015-04-17,2015-04-18,106.329,89.68253968253968
2015-04-20,2015-04-21,106.4902,90.87301587301587
2015-04-21,2015-04-22,106.5582,91.66666666666666
2015-04-22,2015-04-23,106.5815,91.66666666666666
2015-04-23,2015-04-24,106.1658,87.3015873015873
2015-04-24,2015-04-25,105.905,86.5079365079365
2015-04-27,2015-04-28,105.6891,84.52380952380952
2015-04-28,2015-04-29,105.1234,78.96825396825396
2015-04-29,2015-04-30,104.5634,76.19047619047619
2015-04-30,2015-05-01,105.312,81.34920634920636
2015-05-01,2015-05-02,105.6382,84.12698412698413
2015-05-04,2015-05-05,105.6679,84.12698412698413
2015-05-05,2015-05-06,105.2396,78.96825396825396
2015-05-06,2015-05-07,104.6935,75.0
2015-05-07,2015-05-08,105.1941,78.17460317460318
2015-05-08,2015-05-09,104.8424,75.0
2015-05-11,2015-05-12,105.3075,80.15873015873017
2015-05-12,2015-05-13,104.8924,75.0
2015-05-13,2015-05-14,104.3608,70.63492063492063
2015-05-14,2015-05-15,104.2359,70.23809523809523
2015-05-15,2015-05-16,104.0202,69.44444444444444
2015-05-18,2015-05-19,104.6068,73.01587301587301
2015-05-19,2015-05-20,105.3448,80.95238095238095
2015-05-20,2015-05-21,105.5605,82.53968253968253
2015-05-21,2015-05-22,105.3808,80.55555555555556
2015-05-22,2015-05-23,105.8487,85.71428571428571
2015-05-26,2015-05-27,106.7294,92.06349206349206
2015-05-27,2015-05-28,106.908,92.46031746031747
2015-05-28,2015-05-29,106.92,92.46031746031747
2015-05-29,2015-05-30,106.7388,91.26984126984127
2015-06-01,2015-06-02,107.2238,94.44444444444444
2015-06-02,2015-06-03,106.4507,87.6984126984127
2015-06-03,2015-06-04,106.1443,84.52380952380952
2015-06-04,2015-06-05,106.4725,87.6984126984127
2015-06-05,2015-06-06,107.1336,93.25396825396825
2015-06-08,2015-06-09,106.7693,90.47619047619048
2015-06-09,2015-06-10,106.2238,83.73015873015873
2015-06-10,2015-06-11,105.8037,80.55555555555556
2015-06-11,2015-06-12,106.0934,82.14285714285714
2015-06-12,2015-06-13,105.9015,81.34920634920636
2015-06-15,2015-06-16,105.9989,81.74603174603175
2015-06-16,2015-06-17,106.0473,81.74603174603175
2015-06-17,2015-06-18,106.058,81.74603174603175
2015-06-18,2015-06-19,105.102,67.85714285714286
2015-06-19,2015-06-20,105.4496,73.4126984126984
2015-06-22,2015-06-23,105.3846,73.01587301587301
2015-06-23,2015-06-24,105.9678,80.55555555555556
2015-06-24,2015-06-25,106.2522,83.73015873015873
2015-06-25,2015-06-26,106.1515,82.53968253968253
2015-06-26,2015-06-27,106.4116,84.92063492063492
2015-06-29,2015-06-30,106.3785,84.52380952380952
2015-06-30,2015-07-01,106.5191,87.6984126984127
2015-07-01,2015-07-02,107.0101,91.66666666666666
2015-07-02,2015-07-03,106.9106,90.87301587301587
2015-07-06,2015-07-07,107.1343,93.25396825396825
2015-07-07,2015-07-08,107.785,96.82539682539682
2015-07-08,2015-07-09,107.4734,95.63492063492063
2015-07-09,2015-07-10,107.5595,96.03174603174604
2015-07-10,2015-07-11,107.213,92.85714285714286
2015-07-13,2015-07-14,107.5849,96.03174603174604
2015-07-14,2015-07-15,107.4843,94.84126984126983
2015-07-15,2015-07-16,108.0149,96.82539682539682
2015-07-16,2015-07-17,108.1726,97.22222222222221
2015-07-17,2015-07-18,108.5374,98.80952380952381
2015-07-20,2015-07-21,108.6944,99.60317460317461
2015-07-21,2015-07-22,108.3893,97.22222222222221
2015-07-22,2015-07-23,108.7817,99.60317460317461
2015-07-23,2015-07-24,108.7565,99.20634920634922
2015-07-24,2015-07-25,109.0174,100.0
2015-07-27,2015-07-28,108.6924,98.01587301587301
2015-07-28,2015-07-29,108.6881,97.61904761904762
2015-07-29,2015-07-30,108.604,96.82539682539682
2015-07-30,2015-07-31,109.4328,100.0
2015-07-31,2015-08-01,108.7819,98.80952380952381
2015-08-03,2015-08-04,109.214,99.60317460317461
2015-08-04,2015-08-05,109.2244,99.60317460317461
2015-08-05,2015-08-06,109.842,100.0
2015-08-06,2015-08-07,109.722,99.60317460317461
2015-08-07,2015-08-08,109.4376,99.20634920634922
2015-08-10,2015-08-11,109.1931,97.61904761904762
2015-08-11,2015-08-12,109.9464,100.0
2015-08-12,2015-08-13,109.4655,98.80952380952381
2015-08-13,2015-08-14,109.9025,99.60317460317461
2015-08-14,2015-08-15,109.9174,99.60317460317461
2015-08-17,2015-08-18,110.1435,100.0
2015-08-18,2015-08-19,110.2504,100.0
2015-08-19,2015-08-20,110.4333,100.0
2015-08-20,2015-08-21,110.1077,98.80952380952381
2015-08-21,2015-08-22,110.1443,99.20634920634922
2015-08-24,2015-08-25,109.9306,97.61904761904762
2015-08-25,2015-08-26,110.3394,99.60317460317461
2015-08-26,2015-08-27,110.5807,100.0
2015-08-27,2015-08-28,110.4834,99.60317460317461
2015-08-28,2015-08-29,110.6714,100.0
2015-08-31,2015-09-01,110.5621,99.20634920634922
2015-09-01,2015-09-02,110.4506,98.4126984126984
2015-09-02,2015-09-03,110.7979,100.0
2015-09-03,2015-09-04,110.8566,100.0
2015-09-04,2015-09-05,111.1018,100.0
2015-09-08,2015-09-09,110.7942,98.80952380952381
2015-09-09,2015-09-10,110.9225,99.60317460317461
2015-09-10,2015-09-11,110.6331,97.61904761904762
2015-09-11,2015-09-12,110.6109,97.22222222222221
2015-09-14,2015-09-15,110.5005,96.03174603174604
2015-09-15,2015-09-16,110.6394,97.61904761904762
2015-09-16,2015-09-17,110.1021,92.06349206349206
2015-09-17,2015-09-18,110.1212,92.46031746031747
2015-09-18,2015-09-19,109.8165,89.28571428571429
2015-09-21,2015-09-22,110.6414,97.61904761904762
2015-09-22,2015-09-23,111.1967,100.0
2015-09-23,2015-09-24,111.6287,100.0
2015-09-24,2015-09-25,111.4454,99.60317460317461
2015-09-25,2015-09-26,111.3725,99.20634920634922
2015-09-28,2015-09-29,111.3914,99.20634920634922
2015-09-29,2015-09-30,111.5219,99.60317460317461
2015-09-30,2015-10-01,111.3311,98.01587301587301
2015-10-01,2015-10-02,111.0439,96.82539682539682
2015-10-02,2015-10-03,110.7006,94.84126984126983
2015-10-05,2015-10-06,110.4445,90.47619047619048
2015-10-06,2015-10-07,110.1371,88.09523809523809
2015-10-07,2015-10-08,109.8162,84.12698412698413
2015-10-08,2015-10-09,109.6452,83.33333333333334
2015-10-09,2015-10-10,109.0782,80.55555555555556
2015-10-13,2015-10-14,109.4119,81.74603174603175
2015-10-14,2015-10-15,109.1244,80.15873015873017
2015-10-15,2015-10-16,108.6671,76.19047619047619
2015-10-16,2015-10-17,108.9956,78.96825396825396
2015-10-19,2015-10-20,109.3858,81.34920634920636
2015-10-20,2015-10-21,109.3368,80.95238095238095
2015-10-21,2015-10-22,109.7746,83.73015873015873
2015-10-22,2015-10-23,110.0342,86.5079365079365
2015-10-23,2015-10-24,110.4329,89.68253968253968
2015-10-26,2015-10-27,110.2089,88.4920634920635
2015-10-27,2015-10-28,110.4875,91.26984126984127
2015-10-28,2015-10-29,110.2334,88.09523809523809
2015-10-29,2015-10-30,110.8083,95.63492063492063
2015-10-30,2015-10-31,110.2079,86.90476190476191
2015-11-02,2015-11-03,110.2188,87.3015873015873
2015-11-03,2015-11-04,110.244,87.6984126984127
2015-11-04,2015-11-05,110.7139,94.44444444444444
2015-11-05,2015-11-06,110.8302,95.63492063492063
2015-11-06,2015-11-07,111.7603,100.0
2015-11-09,2015-11-10,111.9112,100.0
2015-11-10,2015-11-11,111.9919,100.0
2015-11-12,2015-11-13,111.7965,99.20634920634922
2015-11-13,2015-11-14,112.0264,100.0
2015-11-16,2015-11-17,112.2199,100.0
2015-11-17,2015-11-18,112.3141,100.0
2015-11-18,2015-11-19,112.3663,100.0
2015-11-19,2015-11-20,111.5749,96.42857142857143
2015-11-20,2015-11-21,111.7799,97.22222222222221
2015-11-23,2015-11-24,112.1125,98.80952380952381
2015-11-24,2015-11-25,111.7638,96.42857142857143
2015-11-25,2015-11-26,111.8936,97.22222222222221
2015-11-27,2015-11-28,112.2824,99.20634920634922
2015-11-30,2015-12-01,112.34,99.60317460317461
2015-12-01,2015-12-02,112.1134,98.01587301587301
2015-12-02,2015-12-03,112.3715,100.0
2015-12-03,2015-12-04,111.6407,93.65079365079364
2015-12-04,2015-12-05,111.5463,92.46031746031747
2015-12-07,2015-12-08,112.3056,98.4126984126984
2015-12-08,2015-12-09,112.5485,100.0
2015-12-09,2015-12-10,112.1918,96.82539682539682
2015-12-10,2015-12-11,112.2672,97.22222222222221
2015-12-11,2015-12-12,112.7147,100.0
2015-12-14,2015-12-15,112.7521,100.0
2015-12-15,2015-12-16,112.8609,100.0
2015-12-16,2015-12-17,112.9864,100.0
2015-12-17,2015-12-18,113.8177,100.0
2015-12-18,2015-12-19,113.2837,99.60317460317461
2015-12-21,2015-12-22,113.4144,99.60317460317461
2015-12-22,2015-12-23,113.211,98.80952380952381
2015-12-23,2015-12-24,113.1847,98.4126984126984
2015-12-24,2015-12-25,113.0496,98.01587301587301
2015-12-28,2015-12-29,113.0461,97.61904761904762
2015-12-29,2015-12-30,113.1664,98.01587301587301
2015-12-30,2015-12-31,113.4707,99.60317460317461
2015-12-31,2016-01-01,113.3429,98.80952380952381
2016-01-04,2016-01-05,114.1595,100.0
2016-01-05,2016-01-06,114.2649,100.0
2016-01-06,2016-01-07,114.6177,100.0
2016-01-07,2016-01-08,114.6516,100.0
2016-01-08,2016-01-09,115.0095,100.0
2016-01-11,2016-01-12,115.0139,100.0
2016-01-12,2016-01-13,115.3128,100.0
2016-01-13,2016-01-14,115.1425,99.60317460317461
2016-01-14,2016-01-15,115.3846,100.0
2016-01-15,2016-01-16,115.7404,100.0
2016-01-19,2016-01-20,115.8155,100.0
2016-01-20,2016-01-21,116.3498,100.0
2016-01-21,2016-01-22,115.9833,99.60317460317461
2016-01-27,2016-01-28,115.5087,98.4126984126984
2016-01-28,2016-01-29,115.2224,97.22222222222221
2016-01-29,2016-01-30,115.5731,98.4126984126984
2016-02-01,2016-02-02,115.3331,97.22222222222221
2016-02-02,2016-02-03,115.553,98.01587301587301
2016-02-03,2016-02-04,114.6144,93.65079365079364
2016-02-04,2016-02-05,113.6012,92.06349206349206
2016-02-05,2016-02-06,114.2935,93.25396825396825
2016-02-08,2016-02-09,114.4351,93.25396825396825
2016-02-09,2016-02-10,114.127,91.66666666666666
2016-02-10,2016-02-11,114.2877,92.46031746031747
2016-02-11,2016-02-12,114.1845,91.66666666666666
2016-02-12,2016-02-13,114.2992,92.85714285714286
2016-02-16,2016-02-17,114.4905,93.25396825396825
2016-02-17,2016-02-18,113.8634,89.68253968253968
2016-02-18,2016-02-19,113.8897,89.68253968253968
2016-02-19,2016-02-20,113.9558,89.68253968253968
2016-02-22,2016-02-23,113.8232,88.4920634920635
2016-02-23,2016-02-24,114.177,90.47619047619048
2016-02-24,2016-02-25,114.1716,90.07936507936508
2016-02-25,2016-02-26,113.9222,88.4920634920635
2016-02-26,2016-02-27,114.3708,92.46031746031747
2016-02-29,2016-03-01,114.2418,90.47619047619048
2016-03-01,2016-03-02,113.9265,87.6984126984127
2016-03-02,2016-03-03,113.7965,85.31746031746032
2016-03-03,2016-03-04,113.2482,82.93650793650794
2016-03-04,2016-03-05,112.6387,78.96825396825396
2016-03-07,2016-03-08,112.6219,78.57142857142857
2016-03-08,2016-03-09,112.8465,79.76190476190477
2016-03-09,2016-03-10,112.4268,77.38095238095238
2016-03-10,2016-03-11,112.4191,76.98412698412699
2016-03-11,2016-03-12,111.741,69.04761904761905
2016-03-14,2016-03-15,112.1688,73.01587301587301
2016-03-15,2016-03-16,112.5545,77.77777777777779
2016-03-16,2016-03-17,112.7759,79.36507936507937
2016-03-17,2016-03-18,110.445,55.158730158730165
2016-03-18,2016-03-19,110.4002,53.57142857142857
2016-03-21,2016-03-22,110.737,60.317460317460316
2016-03-22,2016-03-23,110.7877,60.317460317460316
2016-03-23,2016-03-24,111.5473,66.26984126984127
2016-03-24,2016-03-25,111.816,69.44444444444444
2016-03-25,2016-03-26,111.7698,68.25396825396825
2016-03-28,2016-03-29,111.3578,63.095238095238095
2016-03-29,2016-03-30,111.3736,63.49206349206349
2016-03-30,2016-03-31,110.2301,48.80952380952381
2016-03-31,2016-04-01,109.9191,43.65079365079365
2016-04-01,2016-04-02,110.2977,50.0
2016-04-04,2016-04-05,110.3987,50.39682539682539
2016-04-05,2016-04-06,110.9478,60.71428571428571
2016-04-06,2016-04-07,110.5347,53.57142857142857
2016-04-07,2016-04-08,110.8876,59.92063492063492
2016-04-08,2016-04-09,110.4213,49.60317460317461
2016-04-11,2016-04-12,109.9758,42.06349206349206
2016-04-12,2016-04-13,109.816,38.492063492063494
2016-04-13,2016-04-14,110.1436,44.44444444444444
2016-04-14,2016-04-15,110.1691,44.84126984126984
2016-04-15,2016-04-16,110.1933,44.84126984126984
2016-04-18,2016-04-19,109.9892,40.87301587301587
2016-04-19,2016-04-20,109.2782,32.93650793650794
2016-04-20,2016-04-21,109.3926,33.730158730158735
2016-04-21,2016-04-22,109.8533,38.095238095238095
2016-04-22,2016-04-23,110.2331,46.42857142857143
2016-04-25,2016-04-26,110.1865,44.047619047619044
2016-04-26,2016-04-27,109.7496,34.92063492063492
2016-04-27,2016-04-28,109.8483,36.904761904761905
2016-04-28,2016-04-29,109.2148,29.761904761904763
2016-04-29,2016-04-30,108.8274,26.984126984126984
2016-05-02,2016-05-03,108.671,24.206349206349206
2016-05-03,2016-05-04,109.3613,30.952380952380953
2016-05-04,2016-05-05,109.9952,40.07936507936508
2016-05-05,2016-05-06,110.2417,46.82539682539682
2016-05-06,2016-05-07,110.3801,48.41269841269841
2016-05-09,2016-05-10,110.9466,60.317460317460316
2016-05-10,2016-05-11,110.8225,58.333333333333336
2016-05-11,2016-05-12,110.2806,46.42857142857143
2016-05-12,2016-05-13,110.6935,55.158730158730165
2016-05-13,2016-05-14,111.2521,61.904761904761905
2016-05-16,2016-05-17,111.1217,61.111111111111114
2016-05-17,2016-05-18,111.0867,60.317460317460316
2016-05-18,2016-05-19,111.4995,64.28571428571429
2016-05-19,2016-05-20,112.2331,73.01587301587301
2016-05-20,2016-05-21,112.1822,71.82539682539682
2016-05-23,2016-05-24,112.284,73.80952380952381
2016-05-24,2016-05-25,112.2912,73.80952380952381
2016-05-25,2016-05-26,112.2001,71.42857142857143
2016-05-26,2016-05-27,111.8979,67.85714285714286
2016-05-27,2016-05-28,112.0822,69.04761904761905
2016-05-31,2016-06-01,112.4276,76.5873015873016
2016-06-01,2016-06-02,112.462,76.5873015873016
2016-06-02,2016-06-03,112.4564,76.19047619047619
2016-06-03,2016-06-04,111.4451,59.523809523809526
2016-06-06,2016-06-07,111.2295,56.74603174603175
2016-06-07,2016-06-08,110.8378,52.38095238095239
2016-06-08,2016-06-09,110.1916,34.92063492063492
2016-06-09,2016-06-10,110.6168,46.42857142857143
2016-06-10,2016-06-11,111.1027,55.55555555555556
2016-06-13,2016-06-14,111.5036,60.317460317460316
2016-06-14,2016-06-15,111.9826,66.66666666666666
2016-06-15,2016-06-16,111.7671,63.49206349206349
2016-06-16,2016-06-17,112.2347,71.03174603174604
2016-06-17,2016-06-18,111.5332,59.523809523809526
2016-06-20,2016-06-21,110.8693,50.39682539682539
2016-06-21,2016-06-22,111.0077,51.98412698412699
2016-06-22,2016-06-23,110.7681,46.42857142857143
2016-06-23,2016-06-24,110.262,34.92063492063492
2016-06-24,2016-06-25,112.1355,68.25396825396825
2016-06-27,2016-06-28,113.1301,81.34920634920636
2016-06-28,2016-06-29,112.7545,78.57142857142857
2016-06-29,2016-06-30,111.8597,63.49206349206349
2016-06-30,2016-07-01,112.1618,67.46031746031747
2016-07-01,2016-07-02,111.6509,59.523809523809526
2016-07-05,2016-07-06,112.4231,74.20634920634922
2016-07-06,2016-07-07,112.5438,75.79365079365078
2016-07-07,2016-07-08,112.5775,76.5873015873016
2016-07-08,2016-07-09,112.3963,72.61904761904762
2016-07-11,2016-07-12,112.5254,75.0
2016-07-12,2016-07-13,112.1102,63.888888888888886
2016-07-13,2016-07-14,112.0266,63.095238095238095
2016-07-14,2016-07-15,111.7692,58.333333333333336
2016-07-15,2016-07-16,112.2833,69.04761904761905
2016-07-18,2016-07-19,112.2463,67.85714285714286
2016-07-19,2016-07-20,112.638,76.98412698412699
2016-07-20,2016-07-21,112.6743,77.38095238095238
2016-07-21,2016-07-22,112.6239,76.19047619047619
2016-07-22,2016-07-23,112.989,80.15873015873017
2016-07-25,2016-07-26,113.1784,81.74603174603175
2016-07-26,2016-07-27,113.0593,80.55555555555556
2016-07-27,2016-07-28,113.217,82.53968253968253
2016-07-28,2016-07-29,112.7393,76.19047619047619
2016-07-29,2016-07-30,111.874,56.34920634920635
2016-08-01,2016-08-02,111.9757,57.53968253968254
2016-08-02,2016-08-03,111.7124,51.587301587301596
2016-08-03,2016-08-04,111.9419,57.14285714285714
2016-08-04,2016-08-05,111.9149,56.74603174603175
2016-08-05,2016-08-06,112.3589,67.85714285714286
2016-08-08,2016-08-09,112.1456,60.71428571428571
2016-08-09,2016-08-10,111.722,50.0
2016-08-10,2016-08-11,111.3238,42.46031746031746
2016-08-11,2016-08-12,111.1954,40.87301587301587
2016-08-12,2016-08-13,111.1787,40.476190476190474
2016-08-15,2016-08-16,110.9212,36.507936507936506
2016-08-16,2016-08-17,110.4295,23.41269841269841
2016-08-17,2016-08-18,110.9459,36.904761904761905
2016-08-18,2016-08-19,110.3134,20.634920634920633
2016-08-19,2016-08-20,110.8163,33.33333333333333
2016-08-22,2016-08-23,110.9997,37.698412698412696
2016-08-23,2016-08-24,110.9414,36.11111111111111
2016-08-24,2016-08-25,111.2958,42.06349206349206
2016-08-25,2016-08-26,111.1726,39.682539682539684
2016-08-26,2016-08-27,111.2035,40.87301587301587
2016-08-29,2016-08-30,111.8775,54.36507936507936
2016-08-30,2016-08-31,112.2928,66.26984126984127
2016-08-31,2016-09-01,112.4036,69.04761904761905
2016-09-01,2016-09-02,112.1733,60.71428571428571
2016-09-02,2016-09-03,112.0009,56.34920634920635
2016-09-06,2016-09-07,110.9613,34.12698412698413
2016-09-07,2016-09-08,110.9717,34.12698412698413
2016-09-08,2016-09-09,111.2609,39.682539682539684
2016-09-09,2016-09-10,111.9879,55.55555555555556
2016-09-12,2016-09-13,112.1516,59.523809523809526
2016-09-13,2016-09-14,112.5207,71.42857142857143
2016-09-14,2016-09-15,112.4678,71.03174603174604
2016-09-15,2016-09-16,112.4753,71.03174603174604
2016-09-16,2016-09-17,113.1765,80.95238095238095
2016-09-19,2016-09-20,112.903,77.77777777777779
2016-09-20,2016-09-21,113.1848,81.74603174603175
2016-09-21,2016-09-22,112.9842,77.38095238095238
2016-09-22,2016-09-23,112.2592,60.71428571428571
2016-09-23,2016-09-24,112.7166,74.20634920634922
2016-09-26,2016-09-27,112.7112,73.4126984126984
2016-09-27,2016-09-28,112.5515,70.23809523809523
2016-09-28,2016-09-29,112.6283,71.82539682539682
2016-09-29,2016-09-30,112.2879,60.71428571428571
2016-09-30,2016-10-01,112.2795,59.12698412698413
2016-10-03,2016-10-04,112.5077,67.85714285714286
2016-10-04,2016-10-05,112.6579,72.61904761904762
2016-10-05,2016-10-06,112.7946,75.79365079365078
2016-10-06,2016-10-07,113.0066,78.17460317460318
2016-10-07,2016-10-08,113.2915,83.33333333333334
2016-10-11,2016-10-12,113.4461,84.12698412698413
2016-10-12,2016-10-13,113.7442,84.92063492063492
2016-10-13,2016-10-14,113.6238,84.52380952380952
2016-10-14,2016-10-15,113.7119,84.52380952380952
2016-10-17,2016-10-18,113.5488,83.33333333333334
2016-10-18,2016-10-19,113.1393,77.38095238095238
2016-10-19,2016-10-20,113.0547,76.19047619047619
2016-10-20,2016-10-21,113.4033,81.74603174603175
2016-10-21,2016-10-22,113.9015,86.90476190476191
2016-10-24,2016-10-25,113.8571,85.71428571428571
2016-10-25,2016-10-26,113.6801,83.33333333333334
2016-10-26,2016-10-27,113.8131,84.52380952380952
2016-10-27,2016-10-28,114.1998,90.07936507936508
2016-10-28,2016-10-29,114.0931,87.6984126984127
2016-10-31,2016-11-01,114.0188,87.3015873015873
2016-11-01,2016-11-02,113.9915,86.90476190476191
2016-11-02,2016-11-03,113.9206,85.31746031746032
2016-11-03,2016-11-04,113.7664,81.74603174603175
2016-11-04,2016-11-05,113.5828,79.36507936507937
2016-11-07,2016-11-08,113.5443,78.57142857142857
2016-11-08,2016-11-09,113.3017,76.19047619047619
2016-11-09,2016-11-10,114.6956,94.44444444444444
2016-11-10,2016-11-11,115.9375,99.20634920634922
2016-11-14,2016-11-15,117.2245,100.0
2016-11-15,2016-11-16,116.7724,99.60317460317461
2016-11-16,2016-11-17,116.8062,99.60317460317461
2016-11-17,2016-11-18,116.8952,99.60317460317461
2016-11-18,2016-11-19,117.5936,100.0
2016-11-21,2016-11-22,117.4762,99.60317460317461
2016-11-22,2016-11-23,117.4508,99.20634920634922
2016-11-23,2016-11-24,118.0356,100.0
2016-11-25,2016-11-26,118.02,99.60317460317461
2016-11-28,2016-11-29,117.7278,99.20634920634922
2016-11-29,2016-11-30,117.644,98.80952380952381
2016-11-30,2016-12-01,117.7636,99.20634920634922
2016-12-01,2016-12-02,117.6642,98.4126984126984
2016-12-02,2016-12-03,117.3116,96.42857142857143
2016-12-05,2016-12-06,117.1008,95.63492063492063
2016-12-06,2016-12-07,116.9225,95.23809523809523
2016-12-07,2016-12-08,116.672,93.65079365079364
2016-12-08,2016-12-09,117.0327,95.23809523809523
2016-12-09,2016-12-10,117.2834,96.03174603174604
2016-12-12,2016-12-13,116.9161,94.04761904761905
2016-12-13,2016-12-14,116.8029,92.85714285714286
2016-12-14,2016-12-15,116.7332,92.06349206349206
2016-12-15,2016-12-16,118.8072,100.0
2016-12-16,2016-12-17,118.3584,99.60317460317461
2016-12-19,2016-12-20,118.3875,99.60317460317461
2016-12-20,2016-12-21,118.63,99.60317460317461
2016-12-21,2016-12-22,118.581,99.20634920634922
2016-12-22,2016-12-23,118.8209,100.0
2016-12-23,2016-12-24,118.7856,99.20634920634922
2016-12-27,2016-12-28,118.9506,100.0
2016-12-28,2016-12-29,119.2305,100.0
2016-12-29,2016-12-30,118.6637,98.01587301587301
2016-12-30,2016-12-31,118.3466,96.03174603174604
2017-01-03,2017-01-04,119.0903,99.60317460317461
2017-01-04,2017-01-05,118.8803,98.80952380952381
2017-01-05,2017-01-06,117.9999,94.04761904761905
2017-01-06,2017-01-07,118.3495,95.23809523809523
2017-01-09,2017-01-10,118.4111,96.03174603174604
2017-01-10,2017-01-11,118.5386,96.03174603174604
2017-01-11,2017-01-12,119.0219,99.20634920634922
2017-01-12,2017-01-13,117.8001,92.06349206349206
2017-01-13,2017-01-14,117.9884,92.06349206349206
2017-01-17,2017-01-18,117.2656,87.6984126984127
2017-01-18,2017-01-19,117.7242,90.47619047619048
2017-01-19,2017-01-20,118.3182,93.25396825396825
2017-01-23,2017-01-24,117.2479,86.5079365079365
2017-01-24,2017-01-25,117.0516,85.31746031746032
2017-01-25,2017-01-26,116.9355,84.52380952380952
2017-01-26,2017-01-27,117.2766,86.90476190476191
2017-01-27,2017-01-28,117.0735,84.92063492063492
2017-01-30,2017-01-31,116.7325,80.55555555555556
2017-01-31,2017-02-01,116.2241,79.76190476190477
2017-02-01,2017-02-02,116.3914,79.76190476190477
2017-02-02,2017-02-03,115.903,78.57142857142857
2017-02-03,2017-02-04,115.6259,78.17460317460318
2017-02-06,2017-02-07,116.0504,78.96825396825396
2017-02-07,2017-02-08,116.4082,79.76190476190477
2017-02-08,2017-02-09,116.1382,78.57142857142857
2017-02-09,2017-02-10,116.306,78.96825396825396
2017-02-10,2017-02-11,116.148,78.17460317460318
2017-02-13,2017-02-14,116.3427,78.96825396825396
2017-02-14,2017-02-15,116.3949,79.36507936507937
2017-02-15,2017-02-16,116.2162,77.38095238095238
2017-02-16,2017-02-17,116.0067,75.79365079365078
2017-02-17,2017-02-18,116.4035,79.36507936507937
2017-02-21,2017-02-22,116.5921,79.76190476190477
2017-02-22,2017-02-23,116.2136,76.19047619047619
2017-02-23,2017-02-24,115.6527,73.4126984126984
2017-02-24,2017-02-25,115.8143,73.4126984126984
2017-02-27,2017-02-28,115.6764,73.01587301587301
2017-02-28,2017-03-01,116.0032,74.20634920634922
2017-03-01,2017-03-02,116.438,79.36507936507937
2017-03-02,2017-03-03,116.8429,82.14285714285714
2017-03-03,2017-03-04,116.6438,79.36507936507937
2017-03-06,2017-03-07,116.4313,78.17460317460318
2017-03-07,2017-03-08,116.4303,77.77777777777779
2017-03-08,2017-03-09,116.875,82.14285714285714
2017-03-09,2017-03-10,116.9959,83.73015873015873
2017-03-10,2017-03-11,116.616,78.17460317460318
2017-03-13,2017-03-14,116.4004,75.39682539682539
2017-03-14,2017-03-15,116.5646,77.38095238095238
2017-03-15,2017-03-16,116.3584,73.80952380952381
2017-03-16,2017-03-17,115.4456,67.06349206349206
2017-03-17,2017-03-18,115.2783,66.66666666666666
2017-03-20,2017-03-21,115.0426,66.26984126984127
2017-03-21,2017-03-22,114.8119,65.87301587301587
2017-03-22,2017-03-23,114.7937,65.47619047619048
2017-03-23,2017-03-24,114.7899,65.07936507936508
2017-03-24,2017-03-25,114.6372,64.28571428571429
2017-03-27,2017-03-28,114.2347,63.888888888888886
2017-03-28,2017-03-29,114.419,63.888888888888886
2017-03-29,2017-03-30,114.7167,64.68253968253968
2017-03-30,2017-03-31,114.5245,63.49206349206349
2017-03-31,2017-04-01,114.7938,65.47619047619048
2017-04-03,2017-04-04,114.8734,65.87301587301587
2017-04-04,2017-04-05,115.0038,65.87301587301587
2017-04-05,2017-04-06,114.9494,65.47619047619048
2017-04-06,2017-04-07,115.0181,65.87301587301587
2017-04-07,2017-04-08,115.0547,66.26984126984127
2017-04-10,2017-04-11,115.11,66.26984126984127
2017-04-11,2017-04-12,115.009,64.68253968253968
2017-04-12,2017-04-13,114.9162,63.49206349206349
2017-04-13,2017-04-14,114.5059,59.523809523809526
2017-04-14,2017-04-15,114.5368,59.92063492063492
2017-04-17,2017-04-18,114.3283,58.333333333333336
2017-04-18,2017-04-19,114.2575,57.936507936507944
2017-04-19,2017-04-20,114.7923,61.50793650793651
2017-04-20,2017-04-21,114.6205,59.523809523809526
2017-04-21,2017-04-22,114.8128,62.698412698412696
2017-04-24,2017-04-25,114.3659,57.14285714285714
2017-04-25,2017-04-26,114.5111,57.936507936507944
2017-04-26,2017-04-27,114.9479,63.49206349206349
2017-04-27,2017-04-28,114.9946,63.888888888888886
2017-04-28,2017-04-29,114.7877,59.523809523809526
2017-05-01,2017-05-02,114.5921,57.53968253968254
2017-05-02,2017-05-03,114.6792,58.333333333333336
2017-05-03,2017-05-04,114.6637,57.936507936507944
2017-05-04,2017-05-05,114.9076,62.301587301587304
2017-05-05,2017-05-06,114.7725,58.730158730158735
2017-05-08,2017-05-09,115.0895,65.87301587301587
2017-05-09,2017-05-10,115.3933,66.66666666666666
2017-05-10,2017-05-11,115.1145,65.87301587301587
2017-05-11,2017-05-12,115.0669,64.68253968253968
2017-05-12,2017-05-13,114.7479,56.74603174603175
2017-05-15,2017-05-16,114.3504,51.19047619047619
2017-05-16,2017-05-17,113.9923,48.41269841269841
2017-05-17,2017-05-18,113.7506,45.63492063492063
2017-05-18,2017-05-19,114.2683,50.39682539682539
2017-05-19,2017-05-20,113.7001,44.047619047619044
2017-05-22,2017-05-23,113.5442,41.66666666666667
2017-05-23,2017-05-24,113.6862,43.65079365079365
2017-05-24,2017-05-25,113.675,42.857142857142854
2017-05-25,2017-05-26,113.3719,39.682539682539684
2017-05-26,2017-05-27,113.4839,40.476190476190474
2017-05-30,2017-05-31,113.5552,41.66666666666667
2017-05-31,2017-06-01,113.2956,38.095238095238095
2017-06-01,2017-06-02,113.3017,38.492063492063494
2017-06-02,2017-06-03,113.1908,36.507936507936506
2017-06-05,2017-06-06,112.9755,32.142857142857146
2017-06-06,2017-06-07,112.7095,29.365079365079367
2017-06-07,2017-06-08,112.8191,31.349206349206348
2017-06-08,2017-06-09,112.8351,31.349206349206348
2017-06-09,2017-06-10,112.9562,31.746031746031743
2017-06-12,2017-06-13,112.9837,32.142857142857146
2017-06-13,2017-06-14,112.6271,25.793650793650798
2017-06-14,2017-06-15,112.0734,15.079365079365079
2017-06-15,2017-06-16,112.8708,30.555555555555557
2017-06-16,2017-06-17,112.6155,24.6031746031746
2017-06-19,2017-06-20,112.7576,28.968253968253972
2017-06-20,2017-06-21,113.2698,36.904761904761905
2017-06-21,2017-06-22,113.3327,38.492063492063494
2017-06-22,2017-06-23,113.1654,34.12698412698413
2017-06-23,2017-06-24,112.8665,28.968253968253972
2017-06-26,2017-06-27,112.7633,27.380952380952383
2017-06-27,2017-06-28,112.55,21.03174603174603
2017-06-28,2017-06-29,112.0747,12.3015873015873
2017-06-29,2017-06-30,111.998,11.11111111111111
2017-06-30,2017-07-01,111.9896,11.11111111111111
2017-07-03,2017-07-04,112.4268,19.047619047619047
2017-07-05,2017-07-06,112.6534,24.6031746031746
2017-07-06,2017-07-07,112.4199,17.857142857142858
2017-07-07,2017-07-08,112.3137,16.666666666666664
2017-07-10,2017-07-11,112.1587,13.88888888888889
2017-07-11,2017-07-12,112.1434,13.095238095238097
2017-07-12,2017-07-13,111.5904,6.746031746031746
2017-07-13,2017-07-14,111.5365,6.746031746031746
2017-07-14,2017-07-15,110.9075,1.5873015873015872
2017-07-17,2017-07-18,110.9304,2.380952380952381
2017-07-18,2017-07-19,110.4356,1.1904761904761905
2017-07-19,2017-07-20,110.4339,1.1904761904761905
2017-07-20,2017-07-21,110.2512,0.3968253968253968
2017-07-21,2017-07-22,110.191,0.3968253968253968
2017-07-24,2017-07-25,110.2004,0.7936507936507936
2017-07-25,2017-07-26,110.2835,1.5873015873015872
2017-07-26,2017-07-27,110.3811,2.380952380952381
2017-07-27,2017-07-28,110.216,1.1904761904761905
2017-07-28,2017-07-29,109.92,0.3968253968253968
2017-07-31,2017-08-01,109.8177,0.3968253968253968
2017-08-01,2017-08-02,109.8495,0.7936507936507936
2017-08-02,2017-08-03,109.7503,0.3968253968253968
2017-08-03,2017-08-04,109.8332,1.1904761904761905
2017-08-04,2017-08-05,110.2808,3.968253968253968
2017-08-07,2017-08-08,110.373,5.158730158730158
2017-08-08,2017-08-09,110.396,5.952380952380952
2017-08-09,2017-08-10,110.3671,5.158730158730158
2017-08-10,2017-08-11,110.1886,2.380952380952381
2017-08-11,2017-08-12,110.0422,2.380952380952381
2017-08-14,2017-08-15,110.095,2.7777777777777777
2017-08-15,2017-08-16,110.4846,9.126984126984127
2017-08-16,2017-08-17,110.4394,9.126984126984127
2017-08-17,2017-08-18,110.1673,3.1746031746031744
2017-08-18,2017-08-19,110.041,2.380952380952381
2017-08-21,2017-08-22,109.7349,0.3968253968253968
2017-08-22,2017-08-23,109.8386,1.984126984126984
2017-08-23,2017-08-24,109.8095,1.1904761904761905
2017-08-24,2017-08-25,109.7524,1.1904761904761905
2017-08-25,2017-08-26,109.3415,0.3968253968253968
2017-08-28,2017-08-29,109.1815,0.3968253968253968
2017-08-29,2017-08-30,109.0946,0.3968253968253968
2017-08-30,2017-08-31,109.4052,1.5873015873015872
2017-08-31,2017-09-01,109.3686,1.5873015873015872
2017-09-01,2017-09-02,109.0504,0.3968253968253968
2017-09-05,2017-09-06,108.8664,0.3968253968253968
2017-09-06,2017-09-07,108.4897,0.3968253968253968
2017-09-07,2017-09-08,107.9224,0.3968253968253968
2017-09-08,2017-09-09,107.808,0.3968253968253968
2017-09-11,2017-09-12,108.153,1.1904761904761905
2017-09-12,2017-09-13,108.3239,1.5873015873015872
2017-09-13,2017-09-14,108.6628,2.380952380952381
2017-09-14,2017-09-15,108.618,2.380952380952381
2017-09-15,2017-09-16,108.3147,1.5873015873015872
2017-09-18,2017-09-19,108.6401,3.1746031746031744
2017-09-19,2017-09-20,108.6142,2.7777777777777777
2017-09-20,2017-09-21,108.4329,2.380952380952381
2017-09-21,2017-09-22,108.9267,5.158730158730158
2017-09-22,2017-09-23,108.7542,4.761904761904762
2017-09-25,2017-09-26,109.3302,7.142857142857142
2017-09-26,2017-09-27,109.7769,9.920634920634921
2017-09-27,2017-09-28,110.0722,13.492063492063492
2017-09-28,2017-09-29,110.2415,16.26984126984127
2017-09-29,2017-09-30,110.0867,13.88888888888889
2017-10-02,2017-10-03,110.3686,18.650793650793652
2017-10-03,2017-10-04,110.3281,18.253968253968253
2017-10-04,2017-10-05,110.2425,17.063492063492063
2017-10-05,2017-10-06,110.5823,22.61904761904762
2017-10-06,2017-10-07,110.7841,23.015873015873016
2017-10-10,2017-10-11,110.3034,18.650793650793652
2017-10-11,2017-10-12,110.3037,19.047619047619047
2017-10-12,2017-10-13,110.3152,19.444444444444446
2017-10-13,2017-10-14,110.2669,17.857142857142858
2017-10-16,2017-10-17,110.5432,24.206349206349206
2017-10-17,2017-10-18,110.9141,25.793650793650798
2017-10-18,2017-10-19,110.7214,25.0
2017-10-19,2017-10-20,110.4577,23.809523809523807
2017-10-20,2017-10-21,111.0375,27.380952380952383
2017-10-23,2017-10-24,111.2134,27.77777777777778
2017-10-24,2017-10-25,111.4027,28.174603174603174
2017-10-25,2017-10-26,111.3904,28.174603174603174
2017-10-26,2017-10-27,111.6418,29.761904761904763
2017-10-27,2017-10-28,112.1495,32.142857142857146
2017-10-30,2017-10-31,111.901,30.158730158730158
2017-10-31,2017-11-01,111.8052,30.158730158730158
2017-11-01,2017-11-02,111.7942,30.158730158730158
2017-11-02,2017-11-03,111.5474,29.365079365079367
2017-11-03,2017-11-04,111.9383,31.746031746031743
2017-11-06,2017-11-07,111.7197,30.555555555555557
2017-11-07,2017-11-08,111.9446,32.53968253968254
2017-11-08,2017-11-09,111.6935,30.555555555555557
2017-11-09,2017-11-10,111.5626,29.761904761904763
2017-11-13,2017-11-14,111.7833,31.746031746031743
2017-11-14,2017-11-15,111.5097,28.968253968253972
2017-11-15,2017-11-16,111.4809,28.968253968253972
2017-11-16,2017-11-17,111.2568,28.174603174603174
2017-11-17,2017-11-18,111.0016,27.380952380952383
2017-11-20,2017-11-21,111.2599,28.968253968253972
2017-11-21,2017-11-22,110.9828,27.380952380952383
2017-11-22,2017-11-23,110.5632,25.0
2017-11-24,2017-11-25,110.0253,12.698412698412698
2017-11-27,2017-11-28,110.1136,15.079365079365079
2017-11-28,2017-11-29,110.3018,19.841269841269842
2017-11-29,2017-11-30,110.3265,21.428571428571427
2017-11-30,2017-12-01,110.4648,25.793650793650798
2017-12-01,2017-12-02,110.1413,15.476190476190476
2017-12-04,2017-12-05,110.397,24.6031746031746
2017-12-05,2017-12-06,110.4905,27.380952380952383
2017-12-06,2017-12-07,110.8711,29.761904761904763
2017-12-07,2017-12-08,111.0178,32.142857142857146
2017-12-08,2017-12-09,111.2273,33.33333333333333
2017-12-11,2017-12-12,111.0827,32.93650793650794
2017-12-12,2017-12-13,111.5214,36.507936507936506
2017-12-13,2017-12-14,111.2759,34.92063492063492
2017-12-14,2017-12-15,111.0893,33.33333333333333
2017-12-15,2017-12-16,111.1286,33.730158730158735
2017-12-18,2017-12-19,110.9086,30.555555555555557
2017-12-19,2017-12-20,111.1255,34.12698412698413
2017-12-20,2017-12-21,110.8361,29.761904761904763
2017-12-21,2017-12-22,110.8786,30.555555555555557
2017-12-22,2017-12-23,111.0997,34.92063492063492
2017-12-26,2017-12-27,110.9758,32.53968253968254
2017-12-27,2017-12-28,110.8553,30.158730158730158
2017-12-28,2017-12-29,110.5154,27.77777777777778
2017-12-29,2017-12-30,110.0783,14.285714285714285
2018-01-02,2018-01-03,109.6445,8.73015873015873
2018-01-03,2018-01-04,109.6751,9.126984126984127
2018-01-04,2018-01-05,109.4777,8.73015873015873
2018-01-05,2018-01-06,109.3496,7.936507936507936
2018-01-08,2018-01-09,109.5681,9.523809523809524
2018-01-09,2018-01-10,109.9025,14.285714285714285
2018-01-10,2018-01-11,109.628,9.920634920634921
2018-01-11,2018-01-12,109.4888,9.523809523809524
2018-01-12,2018-01-13,108.901,5.555555555555555
2018-01-16,2018-01-17,108.3218,1.984126984126984
2018-01-17,2018-01-18,108.1526,1.1904761904761905
2018-01-18,2018-01-19,108.0655,1.1904761904761905
2018-01-19,2018-01-20,107.9455,1.1904761904761905
2018-01-22,2018-01-23,108.107,1.984126984126984
2018-01-23,2018-01-24,107.9979,1.5873015873015872
2018-01-24,2018-01-25,107.0802,0.3968253968253968
2018-01-25,2018-01-26,106.5052,0.3968253968253968
2018-01-26,2018-01-27,106.6911,0.7936507936507936
2018-01-29,2018-01-30,107.1142,1.5873015873015872
2018-01-30,2018-01-31,107.1064,1.5873015873015872
2018-01-31,2018-02-01,106.7696,1.1904761904761905
2018-02-01,2018-02-02,106.4877,0.3968253968253968
2018-02-02,2018-02-03,107.1151,3.1746031746031744
2018-02-05,2018-02-06,107.33,3.571428571428571
2018-02-06,2018-02-07,107.5204,3.968253968253968
2018-02-07,2018-02-08,107.7175,4.365079365079365
2018-02-08,2018-02-09,108.3025,7.936507936507936
2018-02-09,2018-02-10,108.2582,7.936507936507936
2018-02-12,2018-02-13,108.0332,6.349206349206349
2018-02-13,2018-02-14,107.7574,4.761904761904762
2018-02-14,2018-02-15,107.4691,3.968253968253968
2018-02-15,2018-02-16,106.9867,1.984126984126984
2018-02-16,2018-02-17,107.0359,2.380952380952381
2018-02-20,2018-02-21,107.6249,5.555555555555555
2018-02-21,2018-02-22,107.8679,7.142857142857142
2018-02-22,2018-02-23,107.8668,7.142857142857142
2018-02-23,2018-02-24,107.6804,5.952380952380952
2018-02-26,2018-02-27,107.7347,6.746031746031746
2018-02-27,2018-02-28,108.1731,11.904761904761903
2018-02-28,2018-03-01,108.3903,14.285714285714285
2018-03-01,2018-03-02,108.5358,15.476190476190476
2018-03-05,2018-03-06,108.3614,14.285714285714285
2018-03-06,2018-03-07,107.7969,7.5396825396825395
2018-03-07,2018-03-08,108.0911,11.11111111111111
2018-03-08,2018-03-09,108.2671,13.492063492063492
2018-03-09,2018-03-10,107.923,9.523809523809524
2018-03-12,2018-03-13,107.9438,9.920634920634921
2018-03-13,2018-03-14,107.7384,7.142857142857142
2018-03-14,2018-03-15,107.8623,8.73015873015873
2018-03-15,2018-03-16,108.2032,14.682539682539684
2018-03-16,2018-03-17,108.4332,18.650793650793652
2018-03-19,2018-03-20,108.3145,16.26984126984127
2018-03-20,2018-03-21,108.4953,19.841269841269842
2018-03-22,2018-03-23,107.9935,11.507936507936508
2018-03-23,2018-03-24,107.7495,7.5396825396825395
2018-03-26,2018-03-27,107.1819,4.365079365079365
2018-03-27,2018-03-28,107.3359,5.158730158730158
2018-03-28,2018-03-29,107.5733,6.349206349206349
2018-03-29,2018-03-30,107.665,7.142857142857142
2018-03-30,2018-03-31,107.4784,5.952380952380952
2018-04-02,2018-04-03,107.7033,8.333333333333332
2018-04-03,2018-04-04,107.5624,6.746031746031746
2018-04-04,2018-04-05,107.6361,7.936507936507936
2018-04-05,2018-04-06,107.7281,9.920634920634921
2018-04-06,2018-04-07,107.7886,11.904761904761903
2018-04-09,2018-04-10,107.5316,6.746031746031746
2018-04-10,2018-04-11,107.3659,5.555555555555555
2018-04-11,2018-04-12,107.1224,4.365079365079365
2018-04-12,2018-04-13,107.2905,5.158730158730158
2018-04-13,2018-04-14,107.2368,5.158730158730158
2018-04-16,2018-04-17,107.0595,2.7777777777777777
2018-04-17,2018-04-18,107.0344,2.380952380952381
2018-04-18,2018-04-19,107.1096,4.365079365079365
2018-04-19,2018-04-20,107.5197,9.126984126984127
2018-04-20,2018-04-21,108.1787,23.015873015873016
2018-04-23,2018-04-24,108.9332,32.53968253968254
2018-04-24,2018-04-25,108.7906,31.349206349206348
2018-04-25,2018-04-26,109.3447,35.317460317460316
2018-04-26,2018-04-27,109.3646,36.11111111111111
2018-04-27,2018-04-28,109.1735,34.12698412698413
2018-04-30,2018-05-01,109.3363,35.317460317460316
2018-05-01,2018-05-02,109.7445,40.87301587301587
2018-05-02,2018-05-03,110.1625,48.80952380952381
2018-05-03,2018-05-04,110.1803,49.60317460317461
2018-05-04,2018-05-05,110.25,52.38095238095239
2018-05-07,2018-05-08,110.5721,63.095238095238095
2018-05-08,2018-05-09,111.063,69.84126984126983
2018-05-09,2018-05-10,110.8818,66.26984126984127
2018-05-10,2018-05-11,110.405,59.12698412698413
2018-05-11,2018-05-12,110.2847,54.36507936507936
2018-05-14,2018-05-15,110.408,59.92063492063492
2018-05-15,2018-05-16,111.2292,74.60317460317461
2018-05-16,2018-05-17,111.3068,76.19047619047619
2018-05-17,2018-05-18,111.3547,76.5873015873016
2018-05-18,2018-05-19,111.7171,81.34920634920636
2018-05-21,2018-05-22,111.6394,80.55555555555556
2018-05-22,2018-05-23,111.1945,73.80952380952381
2018-05-23,2018-05-24,111.6933,81.74603174603175
2018-05-24,2018-05-25,111.4885,78.57142857142857
2018-05-25,2018-05-26,111.5843,80.95238095238095
2018-05-29,2018-05-30,112.2127,89.28571428571429
2018-05-30,2018-05-31,111.6731,82.53968253968253
2018-05-31,2018-06-01,111.9894,86.90476190476191
2018-06-01,2018-06-02,111.8265,85.71428571428571
2018-06-04,2018-06-05,111.8247,85.71428571428571
2018-06-05,2018-06-06,112.264,91.26984126984127
2018-06-06,2018-06-07,111.7525,84.52380952380952
2018-06-07,2018-06-08,112.0725,89.28571428571429
2018-06-08,2018-06-09,112.1066,90.47619047619048
2018-06-11,2018-06-12,112.1106,90.87301587301587
2018-06-12,2018-06-13,112.2138,92.85714285714286
2018-06-13,2018-06-14,112.2577,93.25396825396825
2018-06-14,2018-06-15,112.8593,97.61904761904762
2018-06-15,2018-06-16,113.3379,100.0
2018-06-18,2018-06-19,113.4899,100.0
2018-06-19,2018-06-20,113.639,100.0
2018-06-20,2018-06-21,113.4784,99.20634920634922
2018-06-21,2018-06-22,113.6109,99.60317460317461
2018-06-22,2018-06-23,113.3047,97.61904761904762
2018-06-25,2018-06-26,113.286,97.22222222222221
2018-06-26,2018-06-27,113.3016,97.61904761904762
2018-06-27,2018-06-28,113.8971,100.0
2018-06-28,2018-06-29,113.8405,99.60317460317461
2018-06-29,2018-06-30,113.2586,96.03174603174604
2018-07-02,2018-07-03,114.1673,100.0
2018-07-03,2018-07-04,113.3222,96.82539682539682
2018-07-05,2018-07-06,112.9759,94.84126984126983
2018-07-06,2018-07-07,112.6428,93.65079365079364
2018-07-09,2018-07-10,112.6425,93.25396825396825
2018-07-10,2018-07-11,112.5794,93.25396825396825
2018-07-11,2018-07-12,112.8582,94.04761904761905
2018-07-12,2018-07-13,112.779,93.65079365079364
2018-07-13,2018-07-14,113.0705,94.84126984126983
2018-07-16,2018-07-17,112.8437,93.25396825396825
2018-07-17,2018-07-18,113.1504,94.84126984126983
2018-07-18,2018-07-19,113.3348,96.82539682539682
2018-07-19,2018-07-20,113.9463,99.60317460317461
2018-07-20,2018-07-21,113.3213,95.63492063492063
2018-07-23,2018-07-24,113.4246,96.82539682539682
2018-07-24,2018-07-25,113.2045,93.25396825396825
2018-07-25,2018-07-26,112.9221,91.66666666666666
2018-07-26,2018-07-27,112.9179,91.26984126984127
2018-07-27,2018-07-28,112.8125,89.68253968253968
2018-07-30,2018-07-31,112.6044,88.09523809523809
2018-07-31,2018-08-01,112.7299,88.88888888888889
2018-08-01,2018-08-02,112.8899,90.87301587301587
2018-08-02,2018-08-03,113.1679,92.85714285714286
2018-08-03,2018-08-04,113.012,91.66666666666666
2018-08-06,2018-08-07,113.229,93.25396825396825
2018-08-07,2018-08-08,112.9759,90.87301587301587
2018-08-08,2018-08-09,113.1411,91.66666666666666
2018-08-09,2018-08-10,113.3806,96.42857142857143
2018-08-10,2018-08-11,114.3005,100.0
2018-08-13,2018-08-14,114.851,100.0
2018-08-14,2018-08-15,114.658,99.60317460317461
2018-08-15,2018-08-16,115.1526,100.0
2018-08-16,2018-08-17,114.6416,98.80952380952381
2018-08-17,2018-08-18,114.5339,98.4126984126984
2018-08-20,2018-08-21,114.3504,98.01587301587301
2018-08-21,2018-08-22,113.8604,96.03174603174604
2018-08-22,2018-08-23,113.663,95.23809523809523
2018-08-23,2018-08-24,114.0932,96.82539682539682
2018-08-24,2018-08-25,113.5985,93.65079365079364
2018-08-27,2018-08-28,113.2721,88.88888888888889
2018-08-28,2018-08-29,113.3444,91.66666666666666
2018-08-29,2018-08-30,113.6461,94.44444444444444
2018-08-30,2018-08-31,114.0899,96.42857142857143
2018-08-31,2018-09-01,114.2755,97.22222222222221
2018-09-04,2018-09-05,114.8584,99.60317460317461
2018-09-05,2018-09-06,114.7477,98.80952380952381
2018-09-06,2018-09-07,114.6479,98.01587301587301
2018-09-07,2018-09-08,114.5816,97.22222222222221
2018-09-10,2018-09-11,114.6802,98.4126984126984
2018-09-11,2018-09-12,114.7051,98.4126984126984
2018-09-12,2018-09-13,114.2192,94.44444444444444
2018-09-13,2018-09-14,113.9268,92.46031746031747
2018-09-14,2018-09-15,114.0657,92.85714285714286
2018-09-17,2018-09-18,113.9158,91.66666666666666
2018-09-18,2018-09-19,113.7739,90.07936507936508
2018-09-19,2018-09-20,113.6532,89.28571428571429
2018-09-20,2018-09-21,113.4989,87.3015873015873
2018-09-21,2018-09-22,113.5099,87.3015873015873
2018-09-24,2018-09-25,113.5301,87.3015873015873
2018-09-25,2018-09-26,113.7202,89.68253968253968
2018-09-26,2018-09-27,113.6739,89.28571428571429
2018-09-27,2018-09-28,113.9784,92.46031746031747
2018-09-28,2018-09-29,113.8077,89.68253968253968
2018-10-01,2018-10-02,113.8235,89.68253968253968
2018-10-02,2018-10-03,113.8954,90.47619047619048
2018-10-03,2018-10-04,114.1569,93.65079365079364
2018-10-04,2018-10-05,114.6867,98.01587301587301
2018-10-05,2018-10-06,114.561,95.63492063492063
2018-10-09,2018-10-10,114.6583,97.22222222222221
2018-10-10,2018-10-11,114.6072,95.63492063492063
2018-10-11,2018-10-12,114.4074,94.04761904761905
2018-10-12,2018-10-13,114.3691,93.65079365079364
2018-10-15,2018-10-16,114.045,89.68253968253968
2018-10-16,2018-10-17,113.8963,87.3015873015873
2018-10-17,2018-10-18,114.1755,91.66666666666666
2018-10-18,2018-10-19,114.8164,98.80952380952381
2018-10-19,2018-10-20,114.8567,99.20634920634922
2018-10-22,2018-10-23,115.1782,100.0
2018-10-23,2018-10-24,115.1651,99.60317460317461
2018-10-24,2018-10-25,115.3755,100.0
2018-10-25,2018-10-26,115.4831,100.0
2018-10-26,2018-10-27,115.473,99.60317460317461
2018-10-29,2018-10-30,115.8936,100.0
2018-10-30,2018-10-31,116.2357,100.0
2018-10-31,2018-11-01,116.5281,100.0
2018-11-01,2018-11-02,115.8657,98.80952380952381
2018-11-02,2018-11-03,115.643,98.4126984126984
2018-11-05,2018-11-06,115.703,98.4126984126984
2018-11-06,2018-11-07,115.5622,97.61904761904762
2018-11-07,2018-11-08,115.2519,96.03174603174604
2018-11-08,2018-11-09,115.6478,98.01587301587301
2018-11-09,2018-11-10,116.4778,99.60317460317461
2018-11-13,2018-11-14,116.6694,100.0
2018-11-14,2018-11-15,116.498,99.20634920634922
2018-11-15,2018-11-16,116.3861,98.4126984126984
2018-11-16,2018-11-17,115.9258,97.61904761904762
2018-11-19,2018-11-20,115.9859,97.61904761904762
2018-11-20,2018-11-21,116.2367,98.01587301587301
2018-11-21,2018-11-22,116.092,97.22222222222221
2018-11-23,2018-11-24,116.4713,98.4126984126984
2018-11-26,2018-11-27,116.6208,99.60317460317461
2018-11-27,2018-11-28,116.9001,100.0
2018-11-28,2018-11-29,116.8343,99.60317460317461
2018-11-29,2018-11-30,116.1961,95.63492063492063
2018-11-30,2018-12-01,116.413,96.82539682539682
2018-12-03,2018-12-04,115.9057,93.65079365079364
2018-12-04,2018-12-05,116.0028,94.44444444444444
2018-12-06,2018-12-07,116.3991,96.42857142857143
2018-12-07,2018-12-08,116.0847,94.04761904761905
2018-12-10,2018-12-11,116.6746,99.20634920634922
2018-12-11,2018-12-12,116.7564,99.20634920634922
2018-12-12,2018-12-13,116.2214,94.04761904761905
2018-12-13,2018-12-14,116.3974,95.23809523809523
2018-12-14,2018-12-15,116.79,99.20634920634922
2018-12-17,2018-12-18,116.4532,95.63492063492063
2018-12-18,2018-12-19,116.4127,94.84126984126983
2018-12-19,2018-12-20,116.0676,90.87301587301587
2018-12-20,2018-12-21,116.0183,90.47619047619048
2018-12-21,2018-12-22,116.2227,92.46031746031747
2018-12-24,2018-12-25,116.2182,91.66666666666666
2018-12-26,2018-12-27,116.1162,90.87301587301587
2018-12-27,2018-12-28,115.9927,88.4920634920635
2018-12-28,2018-12-29,115.7232,86.11111111111111
2018-12-31,2019-01-01,115.5674,84.52380952380952
2019-01-02,2019-01-03,115.7689,86.11111111111111
2019-01-03,2019-01-04,115.4622,82.53968253968253
2019-01-04,2019-01-05,114.9821,80.15873015873017
2019-01-07,2019-01-08,114.5628,74.20634920634922
2019-01-08,2019-01-09,114.7281,77.77777777777779
2019-01-09,2019-01-10,114.1406,69.04761904761905
2019-01-10,2019-01-11,114.0496,67.46031746031747
2019-01-11,2019-01-12,114.0404,66.66666666666666
2019-01-15,2019-01-16,114.3402,71.42857142857143
2019-01-16,2019-01-17,114.137,68.25396825396825
2019-01-17,2019-01-18,114.4115,72.61904761904762
2019-01-18,2019-01-19,114.558,73.01587301587301
2019-01-22,2019-01-23,114.7541,78.17460317460318
2019-01-23,2019-01-24,114.5759,73.4126984126984
2019-01-24,2019-01-25,114.617,74.20634920634922
2019-01-25,2019-01-26,114.0197,63.49206349206349
2019-01-28,2019-01-29,114.0522,64.68253968253968
2019-01-29,2019-01-30,114.026,63.095238095238095
2019-01-30,2019-01-31,114.0731,65.07936507936508
2019-01-31,2019-02-01,113.5504,53.96825396825397
2019-02-01,2019-02-02,113.7548,57.14285714285714
2019-02-04,2019-02-05,113.8766,59.12698412698413
2019-02-05,2019-02-06,114.0431,63.095238095238095
2019-02-06,2019-02-07,114.2305,68.25396825396825
2019-02-07,2019-02-08,114.4339,71.03174603174604
2019-02-08,2019-02-09,114.5003,71.03174603174604
2019-02-11,2019-02-12,115.031,80.15873015873017
2019-02-12,2019-02-13,114.7297,76.98412698412699
2019-02-13,2019-02-14,114.9407,79.36507936507937
2019-02-14,2019-02-15,115.1007,80.15873015873017
2019-02-15,2019-02-16,114.9923,79.36507936507937
2019-02-19,2019-02-20,114.57,70.63492063492063
2019-02-21,2019-02-22,114.5091,68.65079365079364
2019-02-22,2019-02-23,114.2716,64.68253968253968
2019-02-25,2019-02-26,114.1457,62.301587301587304
2019-02-26,2019-02-27,114.0687,59.92063492063492
2019-02-27,2019-02-28,114.0363,57.14285714285714
2019-02-28,2019-03-01,114.1991,63.49206349206349
2019-03-01,2019-03-02,114.537,69.04761904761905
2019-03-04,2019-03-05,114.6925,74.60317460317461
2019-03-05,2019-03-06,114.804,76.5873015873016
2019-03-06,2019-03-07,114.9714,78.57142857142857
2019-03-07,2019-03-08,115.4919,83.33333333333334
2019-03-08,2019-03-09,115.3599,81.34920634920636
2019-03-11,2019-03-12,115.2967,80.95238095238095
2019-03-12,2019-03-13,114.939,76.5873015873016
2019-03-13,2019-03-14,114.7372,73.4126984126984
2019-03-14,2019-03-15,114.79,74.20634920634922
2019-03-15,2019-03-16,114.5815,67.46031746031747
2019-03-18,2019-03-19,114.4375,63.49206349206349
2019-03-19,2019-03-20,114.2324,59.523809523809526
2019-03-20,2019-03-21,114.1509,56.74603174603175
2019-03-21,2019-03-22,114.1684,57.53968253968254
2019-03-22,2019-03-23,114.6856,70.63492063492063
2019-03-25,2019-03-26,114.4171,62.301587301587304
2019-03-26,2019-03-27,114.6414,68.25396825396825
2019-03-27,2019-03-28,115.1243,78.96825396825396
2019-03-28,2019-03-29,115.2581,80.55555555555556
2019-03-29,2019-03-30,115.1371,78.57142857142857
2019-04-01,2019-04-02,114.9362,75.0
2019-04-02,2019-04-03,115.1173,77.77777777777779
2019-04-03,2019-04-04,114.7211,69.84126984126983
2019-04-04,2019-04-05,114.9697,75.39682539682539
2019-04-05,2019-04-06,114.9726,75.79365079365078
2019-04-08,2019-04-09,114.6893,67.85714285714286
2019-04-09,2019-04-10,114.5321,59.92063492063492
2019-04-10,2019-04-11,114.4269,57.936507936507944
2019-04-11,2019-04-12,114.6303,64.28571428571429
2019-04-12,2019-04-13,114.3531,55.55555555555556
2019-04-15,2019-04-16,114.495,58.333333333333336
2019-04-16,2019-04-17,114.6756,66.26984126984127
2019-04-17,2019-04-18,114.5141,58.730158730158735
2019-04-18,2019-04-19,114.7073,68.65079365079364
2019-04-19,2019-04-20,114.6977,67.85714285714286
2019-04-22,2019-04-23,114.7694,71.03174603174604
2019-04-23,2019-04-24,115.1578,78.96825396825396
2019-04-24,2019-04-25,115.4187,81.74603174603175
2019-04-25,2019-04-26,115.7709,86.11111111111111
2019-04-26,2019-04-27,115.4767,82.14285714285714
2019-04-29,2019-04-30,115.5227,82.93650793650794
2019-04-30,2019-05-01,115.3281,79.36507936507937
2019-05-01,2019-05-02,115.0022,74.20634920634922
2019-05-02,2019-05-03,115.5617,82.93650793650794
2019-05-03,2019-05-04,115.2646,78.17460317460318
2019-05-06,2019-05-07,115.3811,79.76190476190477
2019-05-07,2019-05-08,115.6116,83.73015873015873
2019-05-08,2019-05-09,115.5171,81.74603174603175
2019-05-09,2019-05-10,115.8421,86.11111111111111
2019-05-10,2019-05-11,115.5334,81.74603174603175
2019-05-13,2019-05-14,115.915,87.3015873015873
2019-05-14,2019-05-15,115.9425,87.6984126984127
2019-05-15,2019-05-16,115.8565,85.31746031746032
2019-05-16,2019-05-17,116.0346,89.28571428571429
2019-05-17,2019-05-18,116.448,95.23809523809523
2019-05-20,2019-05-21,116.3119,92.85714285714286
2019-05-21,2019-05-22,116.2844,92.46031746031747
2019-05-22,2019-05-23,116.2412,92.06349206349206
2019-05-23,2019-05-24,116.2368,91.66666666666666
2019-05-24,2019-05-25,116.0806,87.6984126984127
2019-05-28,2019-05-29,116.3174,92.85714285714286
2019-05-29,2019-05-30,116.5535,97.22222222222221
2019-05-30,2019-05-31,116.3989,93.25396825396825
2019-05-31,2019-06-01,116.7273,98.4126984126984
2019-06-03,2019-06-04,116.4764,95.23809523809523
2019-06-04,2019-06-05,116.091,86.11111111111111
2019-06-05,2019-06-06,116.03,84.12698412698413
2019-06-06,2019-06-07,115.9771,82.14285714285714
2019-06-07,2019-06-08,115.7368,77.77777777777779
2019-06-10,2019-06-11,115.5001,73.01587301587301
2019-06-11,2019-06-12,115.3794,69.84126984126983
2019-06-12,2019-06-13,115.438,70.63492063492063
2019-06-13,2019-06-14,115.6275,75.79365079365078
2019-06-14,2019-06-15,115.9057,80.55555555555556
2019-06-17,2019-06-18,115.9684,81.74603174603175
2019-06-18,2019-06-19,115.8797,78.96825396825396
2019-06-19,2019-06-20,115.7889,77.38095238095238
2019-06-20,2019-06-21,114.8046,55.55555555555556
2019-06-21,2019-06-22,114.8377,55.952380952380956
2019-06-24,2019-06-25,114.6559,46.82539682539682
2019-06-25,2019-06-26,114.6363,45.23809523809524
2019-06-26,2019-06-27,114.5608,41.269841269841265
2019-06-27,2019-06-28,114.665,47.61904761904761
2019-06-28,2019-06-29,114.5821,43.25396825396825
2019-07-01,2019-07-02,114.7239,51.587301587301596
2019-07-02,2019-07-03,114.8258,55.55555555555556
2019-07-03,2019-07-04,114.8135,54.761904761904766
2019-07-05,2019-07-06,115.1132,61.50793650793651
2019-07-08,2019-07-09,115.0254,60.317460317460316
2019-07-09,2019-07-10,115.1017,61.111111111111114
2019-07-10,2019-07-11,115.0879,60.317460317460316
2019-07-11,2019-07-12,114.8361,53.96825396825397
2019-07-12,2019-07-13,114.7685,50.79365079365079
2019-07-15,2019-07-16,114.6819,44.84126984126984
2019-07-16,2019-07-17,115.0111,59.12698412698413
2019-07-17,2019-07-18,114.8819,55.158730158730165
2019-07-18,2019-07-19,114.8744,54.761904761904766
2019-07-19,2019-07-20,114.8695,54.36507936507936
2019-07-22,2019-07-23,115.0018,58.333333333333336
2019-07-23,2019-07-24,115.2995,65.87301587301587
2019-07-24,2019-07-25,115.2436,63.888888888888886
2019-07-25,2019-07-26,115.2982,65.47619047619048
2019-07-26,2019-07-27,115.5449,72.22222222222221
2019-07-29,2019-07-30,115.5885,73.4126984126984
2019-07-30,2019-07-31,115.6211,73.80952380952381
2019-07-31,2019-08-01,115.4946,69.44444444444444
2019-08-01,2019-08-02,116.0499,84.52380952380952
2019-08-02,2019-08-03,116.1864,86.90476190476191
2019-08-05,2019-08-06,116.5851,96.82539682539682
2019-08-06,2019-08-07,116.6904,98.01587301587301
2019-08-07,2019-08-08,116.7987,99.20634920634922
2019-08-08,2019-08-09,116.474,93.65079365079364
2019-08-09,2019-08-10,116.4419,92.06349206349206
2019-08-12,2019-08-13,116.7548,98.01587301587301
2019-08-13,2019-08-14,116.7267,97.22222222222221
2019-08-14,2019-08-15,117.0913,100.0
2019-08-15,2019-08-16,117.2239,100.0
2019-08-16,2019-08-17,117.0786,99.20634920634922
2019-08-19,2019-08-20,117.3886,100.0
2019-08-20,2019-08-21,117.3726,99.60317460317461
2019-08-21,2019-08-22,117.1764,98.80952380952381
2019-08-22,2019-08-23,117.3558,99.20634920634922
2019-08-23,2019-08-24,117.3009,98.80952380952381
2019-08-26,2019-08-27,117.6658,100.0
2019-08-27,2019-08-28,117.75,100.0
2019-08-28,2019-08-29,117.8767,100.0
2019-08-29,2019-08-30,118.0625,100.0
2019-08-30,2019-08-31,118.1575,100.0
2019-09-03,2019-09-04,118.3113,100.0
2019-09-04,2019-09-05,117.6729,98.01587301587301
2019-09-05,2019-09-06,117.4776,97.22222222222221
2019-09-06,2019-09-07,117.1292,94.44444444444444
2019-09-09,2019-09-10,117.0601,93.25396825396825
2019-09-10,2019-09-11,117.0887,93.65079365079364
2019-09-11,2019-09-12,117.3125,95.63492063492063
2019-09-12,2019-09-13,116.8375,91.66666666666666
2019-09-13,2019-09-14,116.7677,90.07936507936508
2019-09-16,2019-09-17,117.0251,92.06349206349206
2019-09-17,2019-09-18,116.9826,91.66666666666666
2019-09-18,2019-09-19,116.9766,91.26984126984127
2019-09-19,2019-09-20,117.0861,92.85714285714286
2019-09-20,2019-09-21,117.1819,94.44444444444444
2019-09-23,2019-09-24,117.2986,94.84126984126983
2019-09-24,2019-09-25,117.2227,94.04761904761905
2019-09-25,2019-09-26,117.6527,97.22222222222221
2019-09-26,2019-09-27,117.7267,98.01587301587301
2019-09-27,2019-09-28,117.7218,97.61904761904762
2019-09-30,2019-10-01,117.9461,98.80952380952381
2019-10-01,2019-10-02,117.9595,98.80952380952381
2019-10-02,2019-10-03,117.9671,98.80952380952381
2019-10-03,2019-10-04,117.6608,95.23809523809523
2019-10-04,2019-10-05,117.5288,94.44444444444444
2019-10-07,2019-10-08,117.5533,94.44444444444444
2019-10-08,2019-10-09,117.7407,96.82539682539682
2019-10-09,2019-10-10,117.6835,95.63492063492063
2019-10-10,2019-10-11,117.2801,90.07936507936508
2019-10-11,2019-10-12,116.8239,83.33333333333334
2019-10-15,2019-10-16,116.8111,82.93650793650794
2019-10-16,2019-10-17,116.6425,78.57142857142857
2019-10-17,2019-10-18,116.2615,69.84126984126983
2019-10-18,2019-10-19,116.1344,65.87301587301587
2019-10-21,2019-10-22,116.0436,62.698412698412696
2019-10-22,2019-10-23,115.9851,59.92063492063492
2019-10-23,2019-10-24,116.0586,63.095238095238095
2019-10-24,2019-10-25,116.1278,65.47619047619048
2019-10-25,2019-10-26,116.0774,63.095238095238095
2019-10-28,2019-10-29,116.0222,60.317460317460316
2019-10-29,2019-10-30,115.9797,57.936507936507944
2019-10-30,2019-10-31,116.1636,65.87301587301587
2019-10-31,2019-11-01,115.9125,55.158730158730165
2019-11-01,2019-11-02,115.7312,50.39682539682539
2019-11-04,2019-11-05,115.8624,53.17460317460318
2019-11-05,2019-11-06,116.1138,64.68253968253968
2019-11-06,2019-11-07,116.1004,64.68253968253968
2019-11-07,2019-11-08,116.1172,65.47619047619048
2019-11-08,2019-11-09,116.3436,71.42857142857143
2019-11-12,2019-11-13,116.5837,77.38095238095238
2019-11-13,2019-11-14,116.8397,84.12698412698413
2019-11-14,2019-11-15,116.8022,82.14285714285714
2019-11-15,2019-11-16,116.4401,72.61904761904762
2019-11-18,2019-11-19,116.3625,70.23809523809523
2019-11-19,2019-11-20,116.5391,76.19047619047619
2019-11-20,2019-11-21,116.828,82.93650793650794
2019-11-21,2019-11-22,116.7435,79.36507936507937
2019-11-22,2019-11-23,116.9137,84.52380952380952
2019-11-25,2019-11-26,117.0098,85.31746031746032
2019-11-26,2019-11-27,117.0513,85.71428571428571
2019-11-27,2019-11-28,117.1273,87.6984126984127
2019-11-29,2019-11-30,117.1204,87.3015873015873
2019-12-02,2019-12-03,116.9647,82.93650793650794
2019-12-03,2019-12-04,116.8898,82.14285714285714
2019-12-04,2019-12-05,116.692,76.19047619047619
2019-12-05,2019-12-06,116.3838,68.65079365079364
2019-12-06,2019-12-07,116.5381,73.01587301587301
2019-12-09,2019-12-10,116.3283,67.46031746031747
2019-12-10,2019-12-11,116.2542,65.47619047619048
2019-12-11,2019-12-12,116.1478,62.698412698412696
2019-12-12,2019-12-13,115.8741,51.587301587301596
2019-12-13,2019-12-14,115.6967,48.01587301587302
2019-12-16,2019-12-17,115.555,45.63492063492063
2019-12-17,2019-12-18,115.5553,46.03174603174603
2019-12-18,2019-12-19,115.6618,48.80952380952381
2019-12-19,2019-12-20,115.5988,47.61904761904761
2019-12-20,2019-12-21,115.7598,51.19047619047619
2019-12-23,2019-12-24,115.8059,52.77777777777778
2019-12-26,2019-12-27,115.634,49.2063492063492
2019-12-27,2019-12-28,115.22,37.301587301587304
2019-12-30,2019-12-31,114.9631,30.158730158730158
2019-12-31,2020-01-01,114.669,19.047619047619047
2020-01-02,2020-01-03,114.9745,32.142857142857146
2020-01-03,2020-01-04,114.9867,32.93650793650794
2020-01-06,2020-01-07,114.9557,30.555555555555557
2020-01-07,2020-01-08,115.1477,38.88888888888889
2020-01-08,2020-01-09,115.1328,38.492063492063494
2020-01-09,2020-01-10,115.2331,40.476190476190474
2020-01-10,2020-01-11,115.0677,35.714285714285715
2020-01-13,2020-01-14,115.0342,35.317460317460316
2020-01-14,2020-01-15,115.0239,34.12698412698413
2020-01-15,2020-01-16,114.9528,29.365079365079367
2020-01-16,2020-01-17,115.0006,32.53968253968254
2020-01-17,2020-01-18,115.0656,35.317460317460316
2020-01-21,2020-01-22,115.1876,39.682539682539684
2020-01-22,2020-01-23,115.2273,40.07936507936508
2020-01-23,2020-01-24,115.5545,48.41269841269841
2020-01-24,2020-01-25,115.5556,49.2063492063492
2020-01-27,2020-01-28,115.8004,54.761904761904766
2020-01-28,2020-01-29,115.7239,52.38095238095239
2020-01-29,2020-01-30,115.7003,51.98412698412699
2020-01-30,2020-01-31,115.8077,55.158730158730165
2020-01-31,2020-02-01,115.7345,52.38095238095239
2020-02-03,2020-02-04,116.1172,65.07936507936508
2020-02-04,2020-02-05,115.9291,57.936507936507944
2020-02-05,2020-02-06,116.009,59.92063492063492
2020-02-06,2020-02-07,116.1518,66.26984126984127
2020-02-07,2020-02-08,116.5086,73.80952380952381
2020-02-10,2020-02-11,116.5711,75.0
2020-02-11,2020-02-12,116.3585,69.84126984126983
2020-02-12,2020-02-13,116.2794,67.46031746031747
2020-02-13,2020-02-14,116.3999,71.03174603174604
2020-02-14,2020-02-15,116.4223,71.03174603174604
2020-02-18,2020-02-19,116.6039,75.79365079365078
2020-02-19,2020-02-20,116.7829,78.96825396825396
2020-02-20,2020-02-21,117.2454,89.68253968253968
2020-02-21,2020-02-22,117.0473,84.12698412698413
2020-02-24,2020-02-25,117.4018,92.46031746031747
2020-02-25,2020-02-26,117.2425,88.88888888888889
2020-02-26,2020-02-27,117.405,92.46031746031747
2020-02-27,2020-02-28,117.3678,90.87301587301587
2020-02-28,2020-02-29,117.6568,94.04761904761905
2020-03-02,2020-03-03,116.8144,77.38095238095238
2020-03-03,2020-03-04,116.4958,69.04761904761905
2020-03-04,2020-03-05,116.7802,75.39682539682539
2020-03-05,2020-03-06,116.7901,75.79365079365078
2020-03-06,2020-03-07,116.7106,72.61904761904762
2020-03-09,2020-03-10,117.1871,86.5079365079365
2020-03-10,2020-03-11,117.9027,97.61904761904762
2020-03-11,2020-03-12,118.2505,99.60317460317461
2020-03-12,2020-03-13,120.4883,100.0
2020-03-13,2020-03-14,120.4388,99.60317460317461
2020-03-16,2020-03-17,120.9352,100.0
2020-03-17,2020-03-18,122.4816,100.0
2020-03-18,2020-03-19,124.1623,100.0
2020-03-19,2020-03-20,125.0587,100.0
2020-03-20,2020-03-21,124.9362,99.60317460317461
2020-03-23,2020-03-24,126.1262,100.0
2020-03-24,2020-03-25,125.5001,99.60317460317461
2020-03-25,2020-03-26,124.7916,98.4126984126984
2020-03-26,2020-03-27,122.4308,97.22222222222221
2020-03-27,2020-03-28,122.4007,96.82539682539682
2020-03-30,2020-03-31,123.2883,97.61904761904762
2020-03-31,2020-04-01,122.5301,97.22222222222221
2020-04-01,2020-04-02,123.7933,97.61904761904762
2020-04-02,2020-04-03,123.5916,97.22222222222221
2020-04-03,2020-04-04,124.4152,98.01587301587301
2020-04-06,2020-04-07,124.16,97.22222222222221
2020-04-07,2020-04-08,123.0956,95.63492063492063
2020-04-08,2020-04-09,123.2216,95.63492063492063
2020-04-09,2020-04-10,122.476,94.04761904761905
2020-04-10,2020-04-11,122.1592,92.85714285714286
2020-04-13,2020-04-14,122.5203,94.44444444444444
2020-04-14,2020-04-15,122.1121,92.06349206349206
2020-04-15,2020-04-16,123.0752,94.84126984126983
2020-04-16,2020-04-17,123.4615,96.03174603174604
2020-04-17,2020-04-18,122.871,94.04761904761905
2020-04-20,2020-04-21,123.1033,94.84126984126983
2020-04-21,2020-04-22,123.9116,96.82539682539682
2020-04-22,2020-04-23,123.9256,96.82539682539682
2020-04-23,2020-04-24,123.7542,95.63492063492063
2020-04-24,2020-04-25,124.1615,97.22222222222221
2020-04-27,2020-04-28,123.8843,95.63492063492063
2020-04-28,2020-04-29,123.3693,93.65079365079364
2020-04-29,2020-04-30,122.7782,90.87301587301587
2020-04-30,2020-05-01,122.327,88.09523809523809
2020-05-01,2020-05-02,123.1492,92.46031746031747
2020-05-04,2020-05-05,123.2117,92.46031746031747
2020-05-05,2020-05-06,122.803,90.07936507936508
2020-05-06,2020-05-07,123.609,94.44444444444444
2020-05-07,2020-05-08,123.1249,91.26984126984127
2020-05-08,2020-05-09,122.5379,88.4920634920635
2020-05-11,2020-05-12,123.2333,92.46031746031747
2020-05-12,2020-05-13,123.0592,89.28571428571429
2020-05-13,2020-05-14,123.5408,93.65079365079364
2020-05-14,2020-05-15,123.6429,94.44444444444444
2020-05-15,2020-05-16,123.5991,93.65079365079364
2020-05-18,2020-05-19,122.7968,86.90476190476191
2020-05-19,2020-05-20,122.5655,86.11111111111111
2020-05-20,2020-05-21,122.1007,81.74603174603175
2020-05-21,2020-05-22,122.0914,81.34920634920636
2020-05-22,2020-05-23,122.3211,82.53968253968253
2020-05-26,2020-05-27,121.3864,80.55555555555556
2020-05-27,2020-05-28,121.5677,80.55555555555556
2020-05-28,2020-05-29,121.0138,79.76190476190477
2020-05-29,2020-05-30,120.9458,79.36507936507937
2020-06-01,2020-06-02,120.2686,77.77777777777779
2020-06-02,2020-06-03,119.6854,77.38095238095238
2020-06-03,2020-06-04,119.2556,76.98412698412699
2020-06-04,2020-06-05,119.3014,76.98412698412699
2020-06-05,2020-06-06,118.8138,76.19047619047619
2020-06-08,2020-06-09,118.6621,75.79365079365078
2020-06-09,2020-06-10,118.5893,75.39682539682539
2020-06-10,2020-06-11,118.5231,75.0
2020-06-11,2020-06-12,119.2347,76.19047619047619
2020-06-12,2020-06-13,119.6645,76.98412698412699
2020-06-15,2020-06-16,119.9539,77.38095238095238
2020-06-16,2020-06-17,119.567,76.19047619047619
2020-06-17,2020-06-18,119.9105,76.98412698412699
2020-06-18,2020-06-19,120.2173,77.38095238095238
2020-06-19,2020-06-20,120.2186,77.38095238095238
2020-06-22,2020-06-23,119.7532,75.79365079365078
2020-06-23,2020-06-24,119.3285,74.20634920634922
2020-06-24,2020-06-25,119.9744,76.5873015873016
2020-06-25,2020-06-26,120.2997,77.77777777777779
2020-06-26,2020-06-27,120.533,78.57142857142857
2020-06-29,2020-06-30,120.6658,78.57142857142857
2020-06-30,2020-07-01,120.4649,77.38095238095238
2020-07-01,2020-07-02,120.0808,75.0
2020-07-02,2020-07-03,119.8555,73.4126984126984
2020-07-06,2020-07-07,119.2852,70.63492063492063
2020-07-07,2020-07-08,119.5717,71.82539682539682
2020-07-08,2020-07-09,119.5525,71.03174603174604
2020-07-09,2020-07-10,119.5129,70.63492063492063
2020-07-10,2020-07-11,119.3509,70.23809523809523
2020-07-13,2020-07-14,119.1891,67.85714285714286
2020-07-14,2020-07-15,119.3901,70.23809523809523
2020-07-15,2020-07-16,119.0331,67.06349206349206
2020-07-16,2020-07-17,118.9275,66.66666666666666
2020-07-17,2020-07-18,119.124,67.06349206349206
2020-07-20,2020-07-21,119.0483,66.66666666666666
2020-07-21,2020-07-22,118.4042,63.888888888888886
2020-07-22,2020-07-23,118.1337,62.301587301587304
2020-07-23,2020-07-24,118.0613,61.50793650793651
2020-07-24,2020-07-25,118.1329,61.904761904761905
2020-07-27,2020-07-28,117.3869,52.38095238095239
2020-07-28,2020-07-29,117.3189,50.79365079365079
2020-07-29,2020-07-30,117.2126,47.22222222222222
2020-07-30,2020-07-31,117.4008,52.77777777777778
2020-07-31,2020-08-01,117.2082,46.42857142857143
2020-08-03,2020-08-04,117.8074,58.730158730158735
2020-08-04,2020-08-05,117.7833,58.333333333333336
2020-08-05,2020-08-06,116.8736,37.301587301587304
2020-08-06,2020-08-07,117.0422,40.07936507936508
2020-08-07,2020-08-08,117.6239,53.96825396825397
2020-08-10,2020-08-11,117.5821,53.57142857142857
2020-08-11,2020-08-12,117.3781,50.0
2020-08-12,2020-08-13,117.2559,46.42857142857143
2020-08-13,2020-08-14,117.1193,41.269841269841265
2020-08-14,2020-08-15,116.9395,35.714285714285715
2020-08-17,2020-08-18,116.749,30.158730158730158
2020-08-18,2020-08-19,116.5593,27.380952380952383
2020-08-19,2020-08-20,116.567,27.77777777777778
2020-08-20,2020-08-21,116.8126,33.730158730158735
2020-08-21,2020-08-22,117.0572,40.87301587301587
2020-08-24,2020-08-25,116.912,36.904761904761905
2020-08-25,2020-08-26,116.8206,34.523809523809526
2020-08-26,2020-08-27,116.6243,29.365079365079367
2020-08-27,2020-08-28,116.649,30.158730158730158
2020-08-28,2020-08-29,115.9374,15.079365079365079
2020-08-31,2020-09-01,115.7586,11.904761904761903
2020-09-01,2020-09-02,115.5687,8.73015873015873
2020-09-02,2020-09-03,116.0304,17.857142857142858
2020-09-03,2020-09-04,116.0685,19.047619047619047
2020-09-04,2020-09-05,116.0347,18.253968253968253
2020-09-08,2020-09-09,116.4618,28.174603174603174
2020-09-09,2020-09-10,116.1291,22.22222222222222
2020-09-10,2020-09-11,115.8806,15.079365079365079
2020-09-11,2020-09-12,116.0866,20.634920634920633
2020-09-14,2020-09-15,115.6428,9.920634920634921
2020-09-15,2020-09-16,115.5908,9.126984126984127
2020-09-16,2020-09-17,115.3537,7.142857142857142
2020-09-17,2020-09-18,115.4392,7.5396825396825395
2020-09-18,2020-09-19,115.2395,7.142857142857142
2020-09-21,2020-09-22,116.378,29.761904761904763
2020-09-22,2020-09-23,116.5438,33.730158730158735
2020-09-23,2020-09-24,117.2526,51.19047619047619
2020-09-24,2020-09-25,117.5473,55.55555555555556
2020-09-25,2020-09-26,117.8679,60.317460317460316
2020-09-28,2020-09-29,117.6178,56.34920634920635
2020-09-29,2020-09-30,117.526,54.761904761904766
2020-09-30,2020-10-01,116.946,45.23809523809524
2020-10-01,2020-10-02,116.7227,38.095238095238095
2020-10-02,2020-10-03,116.7321,38.492063492063494
2020-10-05,2020-10-06,116.1767,26.984126984126984
2020-10-06,2020-10-07,116.2681,28.174603174603174
2020-10-07,2020-10-08,116.3447,29.761904761904763
2020-10-08,2020-10-09,116.1657,26.984126984126984
2020-10-09,2020-10-10,115.2757,7.5396825396825395
2020-10-13,2020-10-14,115.9107,17.857142857142858
2020-10-14,2020-10-15,115.6872,12.698412698412698
2020-10-15,2020-10-16,116.0964,24.206349206349206
2020-10-16,2020-10-17,115.7679,15.873015873015872
2020-10-19,2020-10-20,115.4031,8.333333333333332
2020-10-20,2020-10-21,115.2485,7.5396825396825395
2020-10-21,2020-10-22,114.9108,0.7936507936507936
2020-10-22,2020-10-23,115.1158,5.158730158730158
2020-10-23,2020-10-24,115.0126,3.571428571428571
2020-10-26,2020-10-27,115.2797,9.523809523809524
2020-10-27,2020-10-28,115.0131,3.968253968253968
2020-10-28,2020-10-29,115.8023,19.444444444444446
2020-10-29,2020-10-30,116.3069,31.349206349206348
2020-10-30,2020-10-31,116.1354,27.77777777777778
2020-11-02,2020-11-03,116.2361,29.761904761904763
2020-11-03,2020-11-04,115.4802,11.507936507936508
2020-11-04,2020-11-05,115.1677,7.142857142857142
2020-11-05,2020-11-06,114.4556,0.3968253968253968
2020-11-06,2020-11-07,113.9919,0.3968253968253968
2020-11-09,2020-11-10,114.0895,0.7936507936507936
2020-11-10,2020-11-11,114.0757,0.7936507936507936
2020-11-12,2020-11-13,114.2843,1.5873015873015872
2020-11-13,2020-11-14,114.2397,1.5873015873015872
2020-11-16,2020-11-17,113.8312,0.3968253968253968
2020-11-17,2020-11-18,113.682,0.3968253968253968
2020-11-18,2020-11-19,113.46,0.3968253968253968
2020-11-19,2020-11-20,113.694,1.1904761904761905
2020-11-20,2020-11-21,113.489,0.7936507936507936
2020-11-23,2020-11-24,113.7548,1.984126984126984
2020-11-24,2020-11-25,113.4316,0.3968253968253968
2020-11-25,2020-11-26,113.1823,0.3968253968253968
2020-11-30,2020-12-01,113.2256,0.7936507936507936
2020-12-01,2020-12-02,112.8063,0.3968253968253968
2020-12-02,2020-12-03,112.6115,0.3968253968253968
2020-12-03,2020-12-04,112.0236,0.3968253968253968
2020-12-04,2020-12-05,111.7778,0.3968253968253968
2020-12-07,2020-12-08,111.8385,0.7936507936507936
2020-12-08,2020-12-09,111.8639,1.1904761904761905
2020-12-09,2020-12-10,112.0305,1.984126984126984
2020-12-10,2020-12-11,111.9788,1.5873015873015872
2020-12-11,2020-12-12,112.1417,2.7777777777777777
2020-12-14,2020-12-15,112.1708,3.1746031746031744
2020-12-15,2020-12-16,111.8601,1.1904761904761905
2020-12-16,2020-12-17,111.7157,0.3968253968253968
2020-12-17,2020-12-18,111.2226,0.3968253968253968
2020-12-18,2020-12-19,111.6071,0.7936507936507936
2020-12-21,2020-12-22,111.9415,3.1746031746031744
2020-12-22,2020-12-23,112.1947,5.555555555555555
2020-12-23,2020-12-24,111.9807,3.968253968253968
2020-12-28,2020-12-29,111.9752,3.571428571428571
2020-12-29,2020-12-30,111.5172,0.7936507936507936
2020-12-30,2020-12-31,111.3084,0.7936507936507936
2020-12-31,2021-01-01,111.3169,1.1904761904761905
2021-01-04,2021-01-05,111.2075,0.3968253968253968
2021-01-05,2021-01-06,110.9574,0.3968253968253968
2021-01-06,2021-01-07,110.8502,0.3968253968253968
2021-01-07,2021-01-08,111.3042,1.984126984126984
2021-01-08,2021-01-09,111.2847,1.984126984126984
2021-01-11,2021-01-12,111.8257,5.158730158730158
2021-01-12,2021-01-13,111.5501,3.968253968253968
2021-01-13,2021-01-14,111.3622,3.571428571428571
2021-01-14,2021-01-15,111.1567,1.1904761904761905
2021-01-15,2021-01-16,111.5106,4.365079365079365
2021-01-19,2021-01-20,111.4527,4.365079365079365
2021-01-21,2021-01-22,111.1973,1.5873015873015872
2021-01-22,2021-01-23,111.5516,6.349206349206349
2021-01-25,2021-01-26,111.8676,9.523809523809524
2021-01-26,2021-01-27,111.6572,7.142857142857142
2021-01-27,2021-01-28,112.0782,12.698412698412698
2021-01-28,2021-01-29,112.0059,11.904761904761903
2021-01-29,2021-01-30,111.9511,10.714285714285714
2021-02-01,2021-02-02,112.4189,15.079365079365079
2021-02-02,2021-02-03,112.2862,15.079365079365079
2021-02-03,2021-02-04,112.2567,15.079365079365079
2021-02-04,2021-02-05,112.7469,16.666666666666664
2021-02-05,2021-02-06,112.2379,15.079365079365079
2021-02-08,2021-02-09,112.0428,13.492063492063492
2021-02-09,2021-02-10,111.7675,7.936507936507936
2021-02-10,2021-02-11,111.5834,6.746031746031746
2021-02-11,2021-02-12,111.5272,5.952380952380952
2021-02-12,2021-02-13,111.4889,5.158730158730158
2021-02-16,2021-02-17,111.7879,9.920634920634921
2021-02-17,2021-02-18,112.0204,14.682539682539684
2021-02-18,2021-02-19,112.1603,17.063492063492063
2021-02-19,2021-02-20,111.7058,8.73015873015873
2021-02-22,2021-02-23,111.918,12.698412698412698
2021-02-23,2021-02-24,111.8981,12.698412698412698
2021-02-24,2021-02-25,111.7212,9.523809523809524
2021-02-25,2021-02-26,111.9253,13.88888888888889
2021-02-26,2021-02-27,112.8306,23.015873015873016
2021-03-01,2021-03-02,112.5263,21.825396825396826
2021-03-02,2021-03-03,112.5342,22.22222222222222
2021-03-03,2021-03-04,112.7617,23.41269841269841
2021-03-04,2021-03-05,112.7037,23.015873015873016
2021-03-05,2021-03-06,113.7487,27.77777777777778
2021-03-08,2021-03-09,114.2678,30.555555555555557
2021-03-09,2021-03-10,113.928,28.968253968253972
2021-03-10,2021-03-11,113.5881,26.984126984126984
2021-03-11,2021-03-12,112.9214,25.0
2021-03-12,2021-03-13,113.0269,25.396825396825395
2021-03-15,2021-03-16,113.1928,26.190476190476193
2021-03-16,2021-03-17,112.9839,25.396825396825395
2021-03-17,2021-03-18,113.1589,26.190476190476193
2021-03-18,2021-03-19,112.7744,24.206349206349206
2021-03-19,2021-03-20,112.9756,25.793650793650798
2021-03-22,2021-03-23,113.0023,26.58730158730159
2021-03-23,2021-03-24,113.2916,28.968253968253972
2021-03-24,2021-03-25,113.6565,30.952380952380953
2021-03-25,2021-03-26,114.0016,34.12698412698413
2021-03-26,2021-03-27,113.7406,32.142857142857146
2021-03-29,2021-03-30,113.9314,34.12698412698413
2021-03-30,2021-03-31,114.203,36.11111111111111
2021-03-31,2021-04-01,113.8234,33.33333333333333
2021-04-01,2021-04-02,113.7389,32.142857142857146
2021-04-02,2021-04-03,113.7315,32.142857142857146
2021-04-05,2021-04-06,113.394,29.365079365079367
2021-04-06,2021-04-07,113.1464,27.380952380952383
2021-04-07,2021-04-08,113.2436,29.365079365079367
2021-04-08,2021-04-09,113.0917,27.380952380952383
2021-04-09,2021-04-10,113.2028,29.365079365079367
2021-04-12,2021-04-13,113.1815,28.57142857142857
2021-04-13,2021-04-14,113.0391,27.380952380952383
2021-04-14,2021-04-15,112.7849,24.6031746031746
2021-04-15,2021-04-16,112.6181,23.015873015873016
2021-04-16,2021-04-17,112.4814,21.825396825396826
2021-04-19,2021-04-20,112.1835,19.841269841269842
2021-04-20,2021-04-21,112.2354,20.634920634920633
2021-04-21,2021-04-22,112.1771,19.841269841269842
2021-04-22,2021-04-23,112.2297,21.03174603174603
2021-04-23,2021-04-24,112.0889,18.650793650793652
2021-04-26,2021-04-27,111.8109,11.11111111111111
2021-04-27,2021-04-28,111.9097,13.88888888888889
2021-04-28,2021-04-29,111.7909,11.11111111111111
2021-04-29,2021-04-30,111.7464,9.920634920634921
2021-04-30,2021-05-01,112.0839,20.238095238095237
2021-05-03,2021-05-04,112.005,17.857142857142858
2021-05-04,2021-05-05,112.2896,25.793650793650798
2021-05-05,2021-05-06,112.1514,21.825396825396826
2021-05-06,2021-05-07,111.8401,13.095238095238097
2021-05-07,2021-05-08,111.0249,1.1904761904761905
2021-05-10,2021-05-11,110.7905,0.3968253968253968
2021-05-11,2021-05-12,110.8921,1.1904761904761905
2021-05-12,2021-05-13,111.5636,8.73015873015873
2021-05-13,2021-05-14,111.5955,9.523809523809524
2021-05-14,2021-05-15,111.1353,2.380952380952381
2021-05-17,2021-05-18,111.079,2.380952380952381
2021-05-18,2021-05-19,110.8317,0.7936507936507936
2021-05-19,2021-05-20,110.8807,1.5873015873015872
2021-05-20,2021-05-21,110.8605,1.5873015873015872
2021-05-21,2021-05-22,111.0576,3.571428571428571
2021-05-24,2021-05-25,110.9118,2.7777777777777777
2021-05-25,2021-05-26,110.842,1.1904761904761905
2021-05-26,2021-05-27,110.8677,2.380952380952381
2021-05-27,2021-05-28,110.8688,2.7777777777777777
2021-05-28,2021-05-29,110.7576,0.3968253968253968
2021-06-01,2021-06-02,110.5046,0.3968253968253968
2021-06-02,2021-06-03,110.5799,0.7936507936507936
2021-06-03,2021-06-04,111.1782,7.936507936507936
2021-06-04,2021-06-05,110.7521,1.1904761904761905
2021-06-07,2021-06-08,110.5155,0.7936507936507936
2021-06-08,2021-06-09,110.649,1.5873015873015872
2021-06-09,2021-06-10,110.5707,1.1904761904761905
2021-06-10,2021-06-11,110.5456,1.1904761904761905
2021-06-11,2021-06-12,111.0933,9.126984126984127
2021-06-14,2021-06-15,110.9659,7.936507936507936
2021-06-15,2021-06-16,111.3507,13.88888888888889
2021-06-16,2021-06-17,111.1165,9.920634920634921
2021-06-17,2021-06-18,112.5772,39.682539682539684
2021-06-18,2021-06-19,113.0408,46.03174603174603
2021-06-21,2021-06-22,112.8391,43.65079365079365
2021-06-22,2021-06-23,112.9174,44.047619047619044
2021-06-23,2021-06-24,112.3819,38.095238095238095
2021-06-24,2021-06-25,112.326,38.095238095238095
2021-06-25,2021-06-26,111.9655,28.174603174603174
2021-06-28,2021-06-29,112.0248,31.349206349206348
2021-06-29,2021-06-30,112.2613,38.095238095238095
2021-06-30,2021-07-01,112.5533,41.66666666666667
2021-07-01,2021-07-02,112.74,43.65079365079365
2021-07-02,2021-07-03,112.5425,41.66666666666667
2021-07-06,2021-07-07,112.9516,48.01587301587302
2021-07-07,2021-07-08,113.1048,51.19047619047619
2021-07-08,2021-07-09,113.0776,50.79365079365079
2021-07-09,2021-07-10,112.8375,46.82539682539682
2021-07-12,2021-07-13,112.7611,44.84126984126984
2021-07-13,2021-07-14,113.0063,50.39682539682539
2021-07-14,2021-07-15,112.8801,48.01587301587302
2021-07-15,2021-07-16,113.0041,50.79365079365079
2021-07-16,2021-07-17,113.0428,52.77777777777778
2021-07-19,2021-07-20,113.5472,59.523809523809526
2021-07-20,2021-07-21,113.7502,63.095238095238095
2021-07-21,2021-07-22,113.3926,57.936507936507944
2021-07-22,2021-07-23,113.4695,59.523809523809526
2021-07-23,2021-07-24,113.4398,59.12698412698413
2021-07-26,2021-07-27,113.2238,56.74603174603175
2021-07-27,2021-07-28,113.2227,56.74603174603175
2021-07-28,2021-07-29,113.1807,55.158730158730165
2021-07-29,2021-07-30,112.4834,40.87301587301587
2021-07-30,2021-07-31,112.6714,44.047619047619044
2021-08-02,2021-08-03,112.6691,44.047619047619044
2021-08-03,2021-08-04,112.8228,48.01587301587302
2021-08-04,2021-08-05,112.8953,50.0
2021-08-05,2021-08-06,112.7674,46.82539682539682
2021-08-06,2021-08-07,113.3088,61.50793650793651
2021-08-09,2021-08-10,113.4521,63.49206349206349
2021-08-10,2021-08-11,113.4973,65.07936507936508
2021-08-11,2021-08-12,113.282,61.111111111111114
2021-08-12,2021-08-13,113.2691,61.111111111111114
2021-08-13,2021-08-14,113.0615,55.55555555555556
2021-08-16,2021-08-17,113.1698,57.936507936507944
2021-08-17,2021-08-18,113.6174,67.85714285714286
2021-08-18,2021-08-19,113.6959,69.44444444444444
2021-08-19,2021-08-20,114.1106,75.39682539682539
2021-08-20,2021-08-21,114.5009,77.77777777777779
2021-08-23,2021-08-24,113.9418,73.80952380952381
2021-08-24,2021-08-25,113.6795,68.65079365079364
2021-08-25,2021-08-26,113.6322,68.25396825396825
2021-08-26,2021-08-27,113.7883,73.01587301587301
2021-08-27,2021-08-28,113.3404,63.49206349206349
2021-08-30,2021-08-31,113.246,61.904761904761905
2021-08-31,2021-09-01,113.1076,57.14285714285714
2021-09-01,2021-09-02,112.8732,50.0
2021-09-02,2021-09-03,112.7863,48.01587301587302
2021-09-03,2021-09-04,112.5476,42.46031746031746
2021-09-07,2021-09-08,112.9795,53.57142857142857
2021-09-08,2021-09-09,113.2319,63.49206349206349
2021-09-09,2021-09-10,113.043,57.14285714285714
2021-09-10,2021-09-11,112.9425,52.77777777777778
2021-09-13,2021-09-14,113.0341,56.34920634920635
2021-09-14,2021-09-15,113.0061,55.55555555555556
2021-09-15,2021-09-16,112.9773,53.96825396825397
2021-09-16,2021-09-17,113.3036,67.85714285714286
2021-09-17,2021-09-18,113.5989,73.4126984126984
2021-09-20,2021-09-21,113.9422,81.34920634920636
2021-09-21,2021-09-22,113.8179,79.36507936507937
2021-09-22,2021-09-23,113.6223,74.20634920634922
2021-09-23,2021-09-24,113.513,72.61904761904762
2021-09-24,2021-09-25,113.7597,79.76190476190477
2021-09-27,2021-09-28,113.7432,78.57142857142857
2021-09-28,2021-09-29,114.2469,86.5079365079365
2021-09-29,2021-09-30,114.7092,88.4920634920635
2021-09-30,2021-10-01,114.6403,88.4920634920635
2021-10-01,2021-10-02,114.3798,87.6984126984127
2021-10-04,2021-10-05,114.2739,87.3015873015873
2021-10-05,2021-10-06,114.3654,88.09523809523809
2021-10-06,2021-10-07,114.7185,90.47619047619048
2021-10-07,2021-10-08,114.5044,89.68253968253968
2021-10-08,2021-10-09,114.5986,90.07936507936508
2021-10-12,2021-10-13,114.7542,91.66666666666666
2021-10-13,2021-10-14,114.4705,89.28571428571429
2021-10-14,2021-10-15,114.2053,86.11111111111111
2021-10-15,2021-10-16,114.0905,85.31746031746032
2021-10-18,2021-10-19,113.9899,83.73015873015873
2021-10-19,2021-10-20,113.647,75.39682539682539
2021-10-20,2021-10-21,113.5083,72.61904761904762
2021-10-21,2021-10-22,113.6188,75.0
2021-10-22,2021-10-23,113.67,76.98412698412699
2021-10-25,2021-10-26,113.605,74.60317460317461
2021-10-26,2021-10-27,113.674,77.77777777777779
2021-10-27,2021-10-28,113.6218,75.79365079365078
2021-10-28,2021-10-29,113.4389,70.23809523809523
2021-10-29,2021-10-30,114.1349,89.68253968253968
2021-11-01,2021-11-02,114.2067,90.87301587301587
2021-11-02,2021-11-03,114.2847,93.25396825396825
2021-11-03,2021-11-04,114.3593,93.65079365079364
2021-11-04,2021-11-05,114.3558,93.65079365079364
2021-11-05,2021-11-06,114.0732,88.09523809523809
2021-11-08,2021-11-09,113.8256,84.92063492063492
2021-11-09,2021-11-10,113.762,83.73015873015873
2021-11-10,2021-11-11,114.1484,91.26984126984127
2021-11-12,2021-11-13,114.5144,98.01587301587301
2021-11-15,2021-11-16,114.5876,98.01587301587301
2021-11-16,2021-11-17,115.136,100.0
2021-11-17,2021-11-18,115.0263,99.60317460317461
2021-11-18,2021-11-19,115.0678,99.60317460317461
2021-11-19,2021-11-20,115.2187,100.0
2021-11-22,2021-11-23,115.6481,100.0
2021-11-23,2021-11-24,116.0118,100.0
2021-11-24,2021-11-25,116.2711,100.0
2021-11-26,2021-11-27,116.5103,100.0
2021-11-29,2021-11-30,116.581,100.0
2021-11-30,2021-12-01,116.2071,98.80952380952381
2021-12-01,2021-12-02,115.889,98.01587301587301
2021-12-02,2021-12-03,116.018,98.4126984126984
2021-12-03,2021-12-04,116.2377,98.80952380952381
2021-12-06,2021-12-07,116.1538,98.01587301587301
2021-12-07,2021-12-08,115.8555,96.42857142857143
2021-12-08,2021-12-09,115.4418,95.63492063492063
2021-12-09,2021-12-10,115.7784,96.03174603174604
2021-12-10,2021-12-11,115.5732,95.23809523809523
2021-12-13,2021-12-14,115.842,96.03174603174604
2021-12-14,2021-12-15,116.2397,98.80952380952381
2021-12-15,2021-12-16,116.4219,99.20634920634922
2021-12-16,2021-12-17,115.7146,94.44444444444444
2021-12-17,2021-12-18,115.791,94.84126984126983
2021-12-20,2021-12-21,116.0092,96.03174603174604
2021-12-21,2021-12-22,116.1089,96.82539682539682
2021-12-22,2021-12-23,115.7485,93.25396825396825
2021-12-23,2021-12-24,115.5337,91.66666666666666
2021-12-27,2021-12-28,115.4684,91.26984126984127
2021-12-28,2021-12-29,115.4192,90.47619047619048
2021-12-29,2021-12-30,115.3678,90.07936507936508
2021-12-30,2021-12-31,115.283,89.68253968253968
2022-01-03,2022-01-04,115.4101,90.07936507936508
2022-01-04,2022-01-05,115.3103,89.28571428571429
2022-01-05,2022-01-06,115.137,88.09523809523809
2022-01-06,2022-01-07,115.4046,89.68253968253968
2022-01-07,2022-01-08,115.0451,86.5079365079365
2022-01-10,2022-01-11,115.2216,88.09523809523809
2022-01-11,2022-01-12,114.8332,85.31746031746032
2022-01-12,2022-01-13,114.355,79.36507936507937
2022-01-13,2022-01-14,114.177,76.19047619047619
2022-01-14,2022-01-15,114.3825,80.95238095238095
2022-01-18,2022-01-19,114.7373,84.52380952380952
2022-01-19,2022-01-20,114.6109,82.93650793650794
2022-01-20,2022-01-21,114.4642,80.15873015873017
2022-01-21,2022-01-22,114.6125,82.93650793650794
2022-01-24,2022-01-25,115.2034,87.3015873015873
2022-01-25,2022-01-26,115.1654,86.90476190476191
2022-01-26,2022-01-27,115.0922,85.71428571428571
2022-01-27,2022-01-28,115.978,95.23809523809523
2022-01-28,2022-01-29,116.0393,96.42857142857143
2022-01-31,2022-02-01,115.566,90.87301587301587
2022-02-01,2022-02-02,115.3685,88.09523809523809
2022-02-02,2022-02-03,115.1538,84.92063492063492
2022-02-03,2022-02-04,114.9065,82.14285714285714
2022-02-04,2022-02-05,115.1362,84.12698412698413
2022-02-07,2022-02-08,115.0098,81.74603174603175
2022-02-08,2022-02-09,115.0892,82.93650793650794
2022-02-09,2022-02-10,114.8232,80.15873015873017
2022-02-10,2022-02-11,114.5527,76.19047619047619
2022-02-11,2022-02-12,114.8413,80.55555555555556
2022-02-14,2022-02-15,115.1946,85.31746031746032
2022-02-15,2022-02-16,114.93,80.55555555555556
2022-02-16,2022-02-17,114.6886,76.98412698412699
2022-02-17,2022-02-18,114.6755,76.5873015873016
2022-02-18,2022-02-19,114.7982,78.57142857142857
2022-02-22,2022-02-23,114.7002,76.5873015873016
2022-02-23,2022-02-24,114.6668,75.39682539682539
2022-02-24,2022-02-25,115.9419,94.44444444444444
2022-02-25,2022-02-26,115.2577,86.11111111111111
2022-02-28,2022-03-01,115.2224,85.71428571428571
2022-03-01,2022-03-02,115.7962,92.85714285714286
2022-03-02,2022-03-03,115.7623,91.66666666666666
2022-03-03,2022-03-04,115.9495,94.44444444444444
2022-03-04,2022-03-05,116.6503,100.0
2022-03-07,2022-03-08,117.3278,100.0
2022-03-08,2022-03-09,117.6176,100.0
2022-03-09,2022-03-10,116.5961,98.80952380952381
2022-03-10,2022-03-11,116.7401,99.20634920634922
2022-03-11,2022-03-12,117.0192,99.20634920634922
2022-03-14,2022-03-15,117.1506,99.20634920634922
2022-03-15,2022-03-16,117.246,99.20634920634922
2022-03-16,2022-03-17,116.8073,98.01587301587301
2022-03-17,2022-03-18,116.0467,92.85714285714286
2022-03-18,2022-03-19,116.1378,93.25396825396825
2022-03-21,2022-03-22,115.9398,89.28571428571429
2022-03-22,2022-03-23,116.0824,92.46031746031747
2022-03-23,2022-03-24,116.005,90.07936507936508
2022-03-24,2022-03-25,115.9599,89.28571428571429
2022-03-25,2022-03-26,115.7921,86.11111111111111
2022-03-28,2022-03-29,116.1911,93.65079365079364
2022-03-29,2022-03-30,115.5679,82.53968253968253
2022-03-30,2022-03-31,115.0818,72.61904761904762
2022-03-31,2022-04-01,115.2218,76.98412698412699
2022-04-01,2022-04-02,115.4814,81.34920634920636
2022-04-04,2022-04-05,115.4112,79.76190476190477
2022-04-05,2022-04-06,115.73,83.73015873015873
2022-04-06,2022-04-07,115.9995,89.28571428571429
2022-04-07,2022-04-08,116.3512,95.23809523809523
2022-04-08,2022-04-09,116.4176,95.23809523809523
2022-04-11,2022-04-12,116.5401,96.03174603174604
2022-04-12,2022-04-13,116.3866,94.44444444444444
2022-04-13,2022-04-14,116.2796,93.65079365079364
2022-04-14,2022-04-15,116.7558,97.61904761904762
2022-04-15,2022-04-16,116.7017,96.82539682539682
2022-04-18,2022-04-19,116.8441,98.01587301587301
2022-04-19,2022-04-20,117.1324,98.4126984126984
2022-04-20,2022-04-21,116.7306,96.03174603174604
2022-04-21,2022-04-22,117.1432,98.4126984126984
2022-04-22,2022-04-23,118.0186,100.0
2022-04-25,2022-04-26,118.6271,100.0
2022-04-26,2022-04-27,118.9624,100.0
2022-04-27,2022-04-28,119.4708,100.0
2022-04-28,2022-04-29,120.0675,100.0
2022-04-29,2022-04-30,119.4933,99.60317460317461
2022-05-02,2022-05-03,119.8825,99.60317460317461
2022-05-03,2022-05-04,119.7043,99.20634920634922
2022-05-04,2022-05-05,119.5592,98.80952380952381
2022-05-05,2022-05-06,120.0068,99.60317460317461
2022-05-06,2022-05-07,119.8577,98.80952380952381
2022-05-09,2022-05-10,120.4972,100.0
2022-05-10,2022-05-11,120.7742,100.0
2022-05-11,2022-05-12,120.3925,99.20634920634922
2022-05-12,2022-05-13,121.2796,100.0
2022-05-13,2022-05-14,120.8442,99.60317460317461
2022-05-16,2022-05-17,120.6881,98.80952380952381
2022-05-17,2022-05-18,119.8871,96.82539682539682
2022-05-18,2022-05-19,120.0274,97.22222222222221
2022-05-19,2022-05-20,119.4278,93.65079365079364
2022-05-20,2022-05-21,119.3677,93.25396825396825
2022-05-23,2022-05-24,118.7169,92.46031746031747
2022-05-24,2022-05-25,118.6245,91.66666666666666
2022-05-25,2022-05-26,118.9598,92.46031746031747
2022-05-26,2022-05-27,118.7687,92.06349206349206
2022-05-27,2022-05-28,118.2834,90.47619047619048
2022-05-31,2022-06-01,118.0704,90.07936507936508
2022-06-01,2022-06-02,118.6954,91.26984126984127
2022-06-02,2022-06-03,118.0658,89.28571428571429
2022-06-03,2022-06-04,118.2153,89.68253968253968
2022-06-06,2022-06-07,118.3081,90.07936507936508
2022-06-07,2022-06-08,118.4414,90.07936507936508
2022-06-08,2022-06-09,118.3951,89.68253968253968
2022-06-09,2022-06-10,118.9226,92.06349206349206
2022-06-10,2022-06-11,119.9981,96.42857142857143
2022-06-13,2022-06-14,121.1523,99.60317460317461
2022-06-14,2022-06-15,121.6669,100.0
2022-06-15,2022-06-16,121.6403,99.60317460317461
2022-06-16,2022-06-17,120.6714,97.22222222222221
2022-06-17,2022-06-18,121.2369,98.80952380952381
2022-06-21,2022-06-22,120.6427,96.42857142857143
2022-06-22,2022-06-23,120.5197,96.03174603174604
2022-06-23,2022-06-24,120.7622,97.22222222222221
2022-06-24,2022-06-25,120.4853,94.84126984126983
2022-06-27,2022-06-28,120.1736,94.04761904761905
2022-06-28,2022-06-29,120.62,95.63492063492063
2022-06-29,2022-06-30,120.9616,98.01587301587301
2022-06-30,2022-07-01,120.9652,98.01587301587301
2022-07-01,2022-07-02,121.5058,99.20634920634922
2022-07-05,2022-07-06,122.6203,100.0
2022-07-06,2022-07-07,123.0073,100.0
2022-07-07,2022-07-08,122.7257,99.60317460317461
2022-07-08,2022-07-09,122.4662,98.80952380952381
2022-07-11,2022-07-12,123.2974,100.0
2022-07-12,2022-07-13,123.4524,100.0
2022-07-13,2022-07-14,123.2834,99.20634920634922
2022-07-14,2022-07-15,124.0622,100.0
2022-07-15,2022-07-16,123.4765,99.60317460317461
2022-07-18,2022-07-19,122.7727,97.61904761904762
2022-07-19,2022-07-20,122.4819,96.42857142857143
2022-07-20,2022-07-21,122.5997,96.42857142857143
2022-07-21,2022-07-22,122.9032,97.61904761904762
2022-07-22,2022-07-23,122.451,94.84126984126983
2022-07-25,2022-07-26,122.4594,94.84126984126983
2022-07-26,2022-07-27,122.7581,96.82539682539682
2022-07-27,2022-07-28,122.8169,97.22222222222221
2022-07-28,2022-07-29,122.1161,93.25396825396825
2022-07-29,2022-07-30,121.7678,92.85714285714286
2022-08-01,2022-08-02,121.4109,91.26984126984127
2022-08-02,2022-08-03,121.9486,92.85714285714286
2022-08-03,2022-08-04,122.3888,93.25396825396825
2022-08-04,2022-08-05,121.8333,92.06349206349206
2022-08-05,2022-08-06,122.321,92.85714285714286
2022-08-08,2022-08-09,121.8783,91.66666666666666
2022-08-09,2022-08-10,121.8614,91.26984126984127
2022-08-10,2022-08-11,120.7543,85.31746031746032
2022-08-11,2022-08-12,120.7163,84.92063492063492
2022-08-12,2022-08-13,121.018,87.3015873015873
2022-08-15,2022-08-16,121.4315,88.88888888888889
2022-08-16,2022-08-17,121.6807,90.07936507936508
2022-08-17,2022-08-18,122.0711,92.06349206349206
2022-08-18,2022-08-19,122.3627,92.85714285714286
2022-08-19,2022-08-20,123.0501,98.01587301587301
2022-08-22,2022-08-23,123.605,99.60317460317461
2022-08-23,2022-08-24,123.0547,97.61904761904762
2022-08-24,2022-08-25,123.109,97.61904761904762
2022-08-25,2022-08-26,123.0586,97.22222222222221
2022-08-26,2022-08-27,123.0656,97.22222222222221
2022-08-29,2022-08-30,123.4686,98.80952380952381
2022-08-30,2022-08-31,123.6848,99.60317460317461
2022-08-31,2022-09-01,123.535,98.80952380952381
2022-09-01,2022-09-02,124.4006,100.0
2022-09-02,2022-09-03,123.7743,99.20634920634922
2022-09-06,2022-09-07,124.767,100.0
2022-09-07,2022-09-08,124.8408,100.0
2022-09-08,2022-09-09,124.578,99.20634920634922
2022-09-09,2022-09-10,123.7874,98.01587301587301
2022-09-12,2022-09-13,123.3332,94.84126984126983
2022-09-13,2022-09-14,124.4242,98.80952380952381
2022-09-14,2022-09-15,124.4509,98.80952380952381
2022-09-15,2022-09-16,124.8843,100.0
2022-09-16,2022-09-17,124.8794,99.60317460317461
2022-09-19,2022-09-20,125.0104,100.0
2022-09-20,2022-09-21,125.1248,100.0
2022-09-21,2022-09-22,125.7399,100.0
2022-09-22,2022-09-23,126.1667,100.0
2022-09-23,2022-09-24,127.2853,100.0
2022-09-26,2022-09-27,128.4539,100.0
2022-09-27,2022-09-28,128.4386,99.60317460317461
2022-09-28,2022-09-29,128.0884,99.20634920634922
2022-09-29,2022-09-30,127.5437,98.80952380952381
2022-09-30,2022-10-01,127.5148,98.4126984126984
2022-10-03,2022-10-04,127.0813,97.61904761904762
2022-10-04,2022-10-05,126.1819,97.22222222222221
2022-10-05,2022-10-06,126.8616,97.22222222222221
2022-10-06,2022-10-07,127.2493,97.61904761904762
2022-10-07,2022-10-08,127.3111,98.01587301587301
2022-10-11,2022-10-12,127.6641,98.80952380952381
2022-10-12,2022-10-13,128.1481,99.20634920634922
2022-10-13,2022-10-14,127.7286,98.4126984126984
2022-10-14,2022-10-15,128.3325,99.20634920634922
2022-10-17,2022-10-18,127.6448,97.22222222222221
2022-10-18,2022-10-19,127.9153,98.01587301587301
2022-10-19,2022-10-20,128.3968,99.20634920634922
2022-10-20,2022-10-21,128.0052,97.61904761904762
2022-10-21,2022-10-22,127.6735,96.42857142857143
2022-10-24,2022-10-25,128.0304,97.61904761904762
2022-10-25,2022-10-26,127.3771,94.04761904761905
2022-10-26,2022-10-27,126.4723,91.66666666666666
2022-10-27,2022-10-28,126.7028,91.66666666666666
2022-10-28,2022-10-29,127.2135,92.46031746031747
2022-10-31,2022-11-01,127.6219,94.84126984126983
2022-11-01,2022-11-02,127.3987,93.65079365079364
2022-11-02,2022-11-03,127.3115,92.85714285714286
2022-11-03,2022-11-04,128.1743,98.4126984126984
2022-11-04,2022-11-05,127.1468,90.47619047619048
2022-11-07,2022-11-08,126.3062,88.4920634920635
2022-11-08,2022-11-09,125.633,86.90476190476191
2022-11-09,2022-11-10,125.9861,87.3015873015873
2022-11-10,2022-11-11,124.7044,83.73015873015873
2022-11-14,2022-11-15,123.4277,78.17460317460318
2022-11-15,2022-11-16,123.039,74.60317460317461
2022-11-16,2022-11-17,123.2817,76.5873015873016
2022-11-17,2022-11-18,123.977,81.34920634920636
2022-11-18,2022-11-19,123.8524,80.95238095238095
2022-11-21,2022-11-22,124.7009,83.33333333333334
2022-11-22,2022-11-23,124.2365,81.34920634920636
2022-11-23,2022-11-24,123.7574,78.96825396825396
2022-11-25,2022-11-26,123.3386,75.79365079365078
2022-11-28,2022-11-29,123.6032,77.77777777777779
2022-11-29,2022-11-30,123.6615,78.17460317460318
2022-11-30,2022-12-01,123.5175,76.5873015873016
2022-12-01,2022-12-02,122.0045,63.49206349206349
2022-12-02,2022-12-03,122.0102,63.49206349206349
2022-12-05,2022-12-06,122.6384,67.85714285714286
2022-12-06,2022-12-07,123.0191,70.23809523809523
2022-12-07,2022-12-08,122.7608,68.25396825396825
2022-12-08,2022-12-09,122.4152,64.28571428571429
2022-12-09,2022-12-10,122.4201,64.28571428571429
2022-12-12,2022-12-13,122.7714,68.25396825396825
2022-12-13,2022-12-14,121.8493,59.12698412698413
2022-12-14,2022-12-15,121.8226,58.333333333333336
2022-12-15,2022-12-16,122.5519,65.47619047619048
2022-12-16,2022-12-17,122.6505,66.66666666666666
2022-12-19,2022-12-20,122.5275,64.68253968253968
2022-12-20,2022-12-21,122.1357,60.71428571428571
2022-12-21,2022-12-22,122.2828,60.71428571428571
2022-12-22,2022-12-23,122.2419,60.317460317460316
2022-12-23,2022-12-24,121.9743,57.936507936507944
2022-12-27,2022-12-28,121.7539,54.761904761904766
2022-12-28,2022-12-29,122.0075,58.333333333333336
2022-12-29,2022-12-30,121.6577,53.17460317460318
2022-12-30,2022-12-31,121.4256,51.587301587301596
2023-01-03,2023-01-04,122.0905,59.12698412698413
2023-01-04,2023-01-05,121.5008,51.587301587301596
2023-01-05,2023-01-06,122.1017,59.12698412698413
2023-01-06,2023-01-07,121.0852,48.41269841269841
2023-01-09,2023-01-10,120.1508,41.269841269841265
2023-01-10,2023-01-11,120.2483,41.66666666666667
2023-01-11,2023-01-12,120.1614,40.87301587301587
2023-01-12,2023-01-13,119.4218,35.317460317460316
2023-01-13,2023-01-14,119.1673,34.523809523809526
2023-01-17,2023-01-18,119.2121,34.523809523809526
2023-01-18,2023-01-19,119.0755,33.730158730158735
2023-01-19,2023-01-20,119.6107,36.904761904761905
2023-01-20,2023-01-21,119.3486,34.12698412698413
2023-01-23,2023-01-24,119.1434,32.93650793650794
2023-01-24,2023-01-25,119.0958,32.53968253968254
2023-01-25,2023-01-26,118.9686,31.746031746031743
2023-01-26,2023-01-27,119.021,31.746031746031743
2023-01-27,2023-01-28,118.9223,29.761904761904763
2023-01-30,2023-01-31,118.8953,29.365079365079367
2023-01-31,2023-02-01,118.9802,31.349206349206348
2023-02-01,2023-02-02,118.6259,26.984126984126984
2023-02-02,2023-02-03,118.3421,25.396825396825395
2023-02-03,2023-02-04,119.5095,36.11111111111111
2023-02-06,2023-02-07,120.541,43.25396825396825
2023-02-07,2023-02-08,120.3475,41.269841269841265
2023-02-08,2023-02-09,120.1436,39.285714285714285
2023-02-09,2023-02-10,119.9781,37.301587301587304
2023-02-10,2023-02-11,120.1419,38.88888888888889
2023-02-13,2023-02-14,119.9828,36.904761904761905
2023-02-14,2023-02-15,119.9229,36.11111111111111
2023-02-15,2023-02-16,120.4557,41.66666666666667
2023-02-16,2023-02-17,120.4651,41.66666666666667
2023-02-17,2023-02-18,120.5526,43.25396825396825
2023-02-21,2023-02-22,120.6256,43.65079365079365
2023-02-22,2023-02-23,120.8389,46.42857142857143
2023-02-23,2023-02-24,121.0896,48.41269841269841
2023-02-24,2023-02-25,121.5681,51.587301587301596
2023-02-27,2023-02-28,121.3941,49.2063492063492
2023-02-28,2023-03-01,121.3341,48.80952380952381
2023-03-01,2023-03-02,120.6347,41.66666666666667
2023-03-02,2023-03-03,121.1302,47.22222222222222
2023-03-03,2023-03-04,120.7742,44.047619047619044
2023-03-06,2023-03-07,120.485,37.698412698412696
2023-03-07,2023-03-08,121.4623,50.39682539682539
2023-03-08,2023-03-09,121.4511,50.0
2023-03-09,2023-03-10,121.4458,49.60317460317461
2023-03-10,2023-03-11,121.2421,46.82539682539682
2023-03-13,2023-03-14,120.8897,43.25396825396825
2023-03-14,2023-03-15,121.0141,44.047619047619044
2023-03-15,2023-03-16,122.1079,59.12698412698413
2023-03-16,2023-03-17,121.7221,52.77777777777778
2023-03-17,2023-03-18,121.5643,50.39682539682539
2023-03-20,2023-03-21,121.0141,42.857142857142854
2023-03-21,2023-03-22,120.8958,41.269841269841265
2023-03-22,2023-03-23,120.6217,35.714285714285715
2023-03-23,2023-03-24,119.7587,24.6031746031746
2023-03-24,2023-03-25,120.4598,32.142857142857146
2023-03-27,2023-03-28,120.2541,30.555555555555557
2023-03-28,2023-03-29,119.7138,23.41269841269841
2023-03-29,2023-03-30,119.7258,23.41269841269841
2023-03-30,2023-03-31,119.4078,19.444444444444446
2023-03-31,2023-04-01,119.3602,18.650793650793652
2023-04-03,2023-04-04,119.3204,17.857142857142858
2023-04-04,2023-04-05,119.142,16.26984126984127
2023-04-05,2023-04-06,119.2953,17.46031746031746
2023-04-06,2023-04-07,119.3072,17.46031746031746
2023-04-07,2023-04-08,119.3547,18.253968253968253
2023-04-10,2023-04-11,119.7948,23.809523809523807
2023-04-11,2023-04-12,119.5248,21.03174603174603
2023-04-12,2023-04-13,119.003,12.698412698412698
2023-04-13,2023-04-14,118.3915,6.349206349206349
2023-04-14,2023-04-15,118.8567,9.523809523809524
2023-04-17,2023-04-18,119.2787,15.476190476190476
2023-04-18,2023-04-19,119.1049,13.492063492063492
2023-04-19,2023-04-20,119.303,15.873015873015872
2023-04-20,2023-04-21,119.1199,13.095238095238097
2023-04-21,2023-04-22,119.3117,16.26984126984127
2023-04-24,2023-04-25,119.2039,13.88888888888889
2023-04-25,2023-04-26,119.613,21.825396825396826
2023-04-26,2023-04-27,119.3228,16.26984126984127
2023-04-27,2023-04-28,119.4298,19.047619047619047
2023-04-28,2023-04-29,119.2248,13.095238095238097
2023-05-01,2023-05-02,119.4435,19.444444444444446
2023-05-02,2023-05-03,119.6105,21.428571428571427
2023-05-03,2023-05-04,119.1233,11.11111111111111
2023-05-04,2023-05-05,119.0465,9.523809523809524
2023-05-05,2023-05-06,118.5548,3.968253968253968
2023-05-08,2023-05-09,118.5759,4.365079365079365
2023-05-09,2023-05-10,118.8239,6.746031746031746
2023-05-10,2023-05-11,118.5864,4.761904761904762
2023-05-11,2023-05-12,119.0303,11.11111111111111
2023-05-12,2023-05-13,119.3671,20.238095238095237
2023-05-15,2023-05-16,119.1608,14.682539682539684
2023-05-16,2023-05-17,119.1743,15.476190476190476
2023-05-17,2023-05-18,119.607,24.6031746031746
2023-05-18,2023-05-19,120.0886,30.158730158730158
2023-05-19,2023-05-20,119.7751,27.380952380952383
2023-05-22,2023-05-23,120.0875,29.761904761904763
2023-05-23,2023-05-24,120.3204,32.93650793650794
2023-05-24,2023-05-25,120.4752,34.523809523809526
2023-05-25,2023-05-26,120.8413,40.87301587301587
2023-05-26,2023-05-27,120.6304,37.301587301587304
2023-05-30,2023-05-31,120.5546,35.714285714285715
2023-05-31,2023-06-01,120.9662,42.46031746031746
2023-06-01,2023-06-02,120.0491,26.984126984126984
2023-06-02,2023-06-03,120.0049,26.58730158730159
2023-06-05,2023-06-06,120.0048,26.190476190476193
2023-06-06,2023-06-07,119.9718,24.6031746031746
2023-06-07,2023-06-08,119.859,23.809523809523807
2023-06-08,2023-06-09,119.5712,19.841269841269842
2023-06-09,2023-06-10,119.4322,18.253968253968253
2023-06-12,2023-06-13,119.6376,21.428571428571427
2023-06-13,2023-06-14,119.1899,10.714285714285714
2023-06-14,2023-06-15,118.776,2.7777777777777777
2023-06-15,2023-06-16,118.5521,1.1904761904761905
2023-06-16,2023-06-17,118.4184,1.1904761904761905
2023-06-20,2023-06-21,118.938,5.555555555555555
2023-06-21,2023-06-22,118.727,3.571428571428571
2023-06-22,2023-06-23,118.7552,3.968253968253968
2023-06-23,2023-06-24,119.152,11.904761904761903
2023-06-26,2023-06-27,119.0761,9.523809523809524
2023-06-27,2023-06-28,118.8949,5.555555555555555
2023-06-28,2023-06-29,119.3382,18.650793650793652
2023-06-29,2023-06-30,119.527,23.41269841269841
2023-06-30,2023-07-01,119.3606,20.238095238095237
2023-07-03,2023-07-04,119.2119,15.079365079365079
2023-07-05,2023-07-06,119.3483,19.444444444444446
2023-07-06,2023-07-07,119.8193,29.365079365079367
2023-07-07,2023-07-08,119.0761,10.317460317460316
2023-07-10,2023-07-11,118.9548,7.142857142857142
2023-07-11,2023-07-12,118.7344,3.968253968253968
2023-07-12,2023-07-13,117.6385,0.3968253968253968
2023-07-13,2023-07-14,117.1831,0.3968253968253968
2023-07-14,2023-07-15,117.0463,0.3968253968253968
2023-07-17,2023-07-18,117.1267,0.7936507936507936
2023-07-18,2023-07-19,117.0264,0.3968253968253968
2023-07-19,2023-07-20,117.3462,1.984126984126984
2023-07-20,2023-07-21,117.5947,2.380952380952381
2023-07-21,2023-07-22,117.9418,3.1746031746031744
2023-07-24,2023-07-25,117.8124,3.1746031746031744
2023-07-25,2023-07-26,117.8565,3.571428571428571
2023-07-26,2023-07-27,117.76,3.1746031746031744
2023-07-27,2023-07-28,117.8938,4.365079365079365
2023-07-28,2023-07-29,117.788,3.571428571428571
2023-07-31,2023-08-01,117.8241,4.365079365079365
2023-08-01,2023-08-02,118.5738,7.936507936507936
2023-08-02,2023-08-03,119.1268,19.047619047619047
2023-08-03,2023-08-04,119.3963,29.365079365079367
2023-08-04,2023-08-05,118.821,11.11111111111111
2023-08-07,2023-08-08,119.0809,17.857142857142858
2023-08-08,2023-08-09,119.6407,36.11111111111111
2023-08-09,2023-08-10,119.476,32.53968253968254
2023-08-10,2023-08-11,119.1581,21.428571428571427
2023-08-11,2023-08-12,119.6268,36.507936507936506
2023-08-14,2023-08-15,120.0725,43.25396825396825
2023-08-15,2023-08-16,120.2127,46.03174603174603
2023-08-16,2023-08-17,120.3551,48.01587301587302
2023-08-17,2023-08-18,120.5242,50.39682539682539
2023-08-18,2023-08-19,120.4321,48.41269841269841
2023-08-21,2023-08-22,120.4627,49.60317460317461
2023-08-22,2023-08-23,120.3554,48.41269841269841
2023-08-23,2023-08-24,120.0307,42.857142857142854
2023-08-24,2023-08-25,120.2354,46.82539682539682
2023-08-25,2023-08-26,120.5137,52.38095238095239
2023-08-28,2023-08-29,120.3155,48.01587301587302
2023-08-29,2023-08-30,120.2669,48.01587301587302
2023-08-30,2023-08-31,119.7937,39.285714285714285
2023-08-31,2023-09-01,120.225,47.22222222222222
2023-09-01,2023-09-02,120.759,57.53968253968254
2023-09-05,2023-09-06,121.4345,63.888888888888886
2023-09-06,2023-09-07,121.8671,68.65079365079364
2023-09-07,2023-09-08,121.9528,69.04761904761905
2023-09-08,2023-09-09,121.9475,69.04761904761905
2023-09-11,2023-09-12,121.3386,63.095238095238095
2023-09-12,2023-09-13,121.2913,62.698412698412696
2023-09-13,2023-09-14,121.0549,61.111111111111114
2023-09-14,2023-09-15,121.2395,62.698412698412696
2023-09-15,2023-09-16,121.199,62.698412698412696
2023-09-18,2023-09-19,121.1938,62.698412698412696
2023-09-19,2023-09-20,121.1645,62.698412698412696
2023-09-20,2023-09-21,120.9648,59.92063492063492
2023-09-21,2023-09-22,121.5528,69.04761904761905
2023-09-22,2023-09-23,121.5306,69.04761904761905
2023-09-25,2023-09-26,122.1143,76.5873015873016
2023-09-26,2023-09-27,122.4742,78.96825396825396
2023-09-27,2023-09-28,122.9895,81.74603174603175
2023-09-28,2023-09-29,122.5342,79.76190476190477
2023-09-29,2023-09-30,122.3077,78.17460317460318
2023-10-02,2023-10-03,123.0545,83.73015873015873
2023-10-03,2023-10-04,123.7848,86.90476190476191
2023-10-04,2023-10-05,123.5946,85.71428571428571
2023-10-05,2023-10-06,123.8993,88.09523809523809
2023-10-06,2023-10-07,123.3563,84.92063492063492
2023-10-10,2023-10-11,122.9282,82.53968253968253
2023-10-11,2023-10-12,122.7697,82.14285714285714
2023-10-12,2023-10-13,123.2101,84.92063492063492
2023-10-13,2023-10-14,123.5954,87.6984126984127
2023-10-16,2023-10-17,123.3185,85.71428571428571
2023-10-17,2023-10-18,123.1202,84.92063492063492
2023-10-18,2023-10-19,123.8148,90.47619047619048
2023-10-19,2023-10-20,123.798,90.47619047619048
2023-10-20,2023-10-21,123.612,89.28571428571429
2023-10-23,2023-10-24,123.2846,86.11111111111111
2023-10-24,2023-10-25,123.6416,90.07936507936508
2023-10-25,2023-10-26,123.7871,91.66666666666666
2023-10-26,2023-10-27,124.0064,94.04761904761905
2023-10-27,2023-10-28,123.62,90.07936507936508
2023-10-30,2023-10-31,123.4076,87.6984126984127
2023-10-31,2023-11-01,123.8364,93.65079365079364
2023-11-01,2023-11-02,123.7922,92.85714285714286
2023-11-02,2023-11-03,122.8818,82.93650793650794
2023-11-03,2023-11-04,121.7564,71.82539682539682
2023-11-06,2023-11-07,121.6484,70.63492063492063
2023-11-07,2023-11-08,122.0777,76.19047619047619
2023-11-08,2023-11-09,122.0926,76.98412698412699
2023-11-09,2023-11-10,122.1281,78.57142857142857
2023-11-13,2023-11-14,122.4264,81.34920634920636
2023-11-14,2023-11-15,121.35,66.26984126984127
2023-11-15,2023-11-16,121.0749,61.904761904761905
2023-11-16,2023-11-17,121.1754,63.888888888888886
2023-11-17,2023-11-18,120.8477,59.12698412698413
2023-11-20,2023-11-21,120.2533,48.41269841269841
2023-11-21,2023-11-22,120.2241,47.22222222222222
2023-11-22,2023-11-23,120.6802,58.333333333333336
2023-11-24,2023-11-25,120.2105,46.82539682539682
2023-11-27,2023-11-28,120.173,46.82539682539682
2023-11-28,2023-11-29,119.5904,34.92063492063492
2023-11-29,2023-11-30,119.8159,40.476190476190474
2023-11-30,2023-12-01,120.2434,50.0
2023-12-01,2023-12-02,119.9424,42.06349206349206
2023-12-04,2023-12-05,120.4727,56.34920634920635
2023-12-05,2023-12-06,120.7913,62.301587301587304
2023-12-06,2023-12-07,120.5334,58.333333333333336
2023-12-07,2023-12-08,120.6013,59.92063492063492
2023-12-08,2023-12-09,120.7607,62.698412698412696
2023-12-11,2023-12-12,120.9279,65.87301587301587
2023-12-12,2023-12-13,120.6817,62.301587301587304
2023-12-13,2023-12-14,121.1571,70.23809523809523
2023-12-14,2023-12-15,119.5683,34.523809523809526
2023-12-15,2023-12-16,119.7382,39.285714285714285
2023-12-18,2023-12-19,119.9102,42.46031746031746
2023-12-19,2023-12-20,119.4632,32.93650793650794
2023-12-20,2023-12-21,119.5435,34.92063492063492
2023-12-21,2023-12-22,119.3168,26.984126984126984
2023-12-22,2023-12-23,119.0625,16.666666666666664
2023-12-26,2023-12-27,118.8875,12.3015873015873
2023-12-27,2023-12-28,118.4729,7.142857142857142
2023-12-28,2023-12-29,118.4104,6.746031746031746
2023-12-29,2023-12-30,118.4208,7.5396825396825395
2024-01-02,2024-01-03,119.2686,26.984126984126984
2024-01-03,2024-01-04,119.6958,42.06349206349206
2024-01-04,2024-01-05,119.6208,40.87301587301587
2024-01-05,2024-01-06,119.388,33.33333333333333
2024-01-08,2024-01-09,119.2506,26.984126984126984
2024-01-09,2024-01-10,119.6666,43.25396825396825
2024-01-10,2024-01-11,119.7614,45.63492063492063
2024-01-11,2024-01-12,119.8916,48.41269841269841
2024-01-12,2024-01-13,119.534,38.492063492063494
2024-01-16,2024-01-17,120.5759,66.66666666666666
2024-01-17,2024-01-18,121.0402,75.0
2024-01-18,2024-01-19,120.8895,71.82539682539682
2024-01-19,2024-01-20,120.6442,67.85714285714286
2024-01-22,2024-01-23,120.6178,65.87301587301587
2024-01-23,2024-01-24,121.1001,76.19047619047619
2024-01-24,2024-01-25,120.4916,61.904761904761905
2024-01-25,2024-01-26,120.8311,69.84126984126983
2024-01-26,2024-01-27,120.6173,64.68253968253968
2024-01-29,2024-01-30,120.8538,71.03174603174604
2024-01-30,2024-01-31,120.6025,63.888888888888886
2024-01-31,2024-02-01,120.4331,57.14285714285714
2024-02-01,2024-02-02,120.3335,55.158730158730165
2024-02-02,2024-02-03,120.902,72.22222222222221
2024-02-05,2024-02-06,121.349,80.55555555555556
2024-02-06,2024-02-07,120.9588,72.22222222222221
2024-02-07,2024-02-08,120.9049,71.42857142857143
2024-02-08,2024-02-09,121.0798,75.0
2024-02-09,2024-02-10,121.039,73.4126984126984
2024-02-12,2024-02-13,120.9378,71.03174603174604
2024-02-13,2024-02-14,121.5202,82.93650793650794
2024-02-14,2024-02-15,121.4002,80.95238095238095
2024-02-15,2024-02-16,121.2121,77.38095238095238
2024-02-16,2024-02-17,121.1505,75.0
2024-02-20,2024-02-21,121.0199,71.42857142857143
2024-02-21,2024-02-22,121.0379,71.42857142857143
2024-02-22,2024-02-23,121.102,74.20634920634922
2024-02-23,2024-02-24,121.0369,70.63492063492063
2024-02-26,2024-02-27,121.0592,72.22222222222221
2024-02-27,2024-02-28,120.9647,68.25396825396825
2024-02-28,2024-02-29,121.128,74.60317460317461
2024-02-29,2024-03-01,121.1824,76.98412698412699
2024-03-01,2024-03-02,121.0111,69.44444444444444
2024-03-04,2024-03-05,120.872,64.68253968253968
2024-03-05,2024-03-06,120.8846,65.07936507936508
2024-03-06,2024-03-07,120.4649,54.36507936507936
2024-03-07,2024-03-08,120.1909,47.22222222222222
2024-03-08,2024-03-09,119.975,44.047619047619044
2024-03-11,2024-03-12,120.0394,45.63492063492063
2024-03-12,2024-03-13,120.1668,47.61904761904761
2024-03-13,2024-03-14,119.9642,43.65079365079365
2024-03-14,2024-03-15,120.241,51.19047619047619
2024-03-15,2024-03-16,120.4003,55.158730158730165
2024-03-18,2024-03-19,120.5752,60.317460317460316
2024-03-19,2024-03-20,120.9332,70.23809523809523
2024-03-20,2024-03-21,120.9289,70.23809523809523
2024-03-21,2024-03-22,120.8086,65.87301587301587
2024-03-22,2024-03-23,121.1842,80.15873015873017
2024-03-25,2024-03-26,121.0295,73.4126984126984
2024-03-26,2024-03-27,121.0742,75.79365079365078
2024-03-27,2024-03-28,121.0089,71.82539682539682
2024-03-28,2024-03-29,121.0635,75.39682539682539
2024-03-29,2024-03-30,121.0191,71.82539682539682
2024-04-01,2024-04-02,121.5151,84.12698412698413
2024-04-02,2024-04-03,121.3035,81.74603174603175
2024-04-03,2024-04-04,121.0198,71.03174603174604
2024-04-04,2024-04-05,120.7613,61.904761904761905
2024-04-05,2024-04-06,120.9646,68.25396825396825
2024-04-08,2024-04-09,120.7359,60.317460317460316
2024-04-09,2024-04-10,120.7048,59.92063492063492
2024-04-10,2024-04-11,121.5727,85.31746031746032
2024-04-11,2024-04-12,121.6081,85.31746031746032
2024-04-12,2024-04-13,122.2885,88.88888888888889
2024-04-15,2024-04-16,122.425,89.28571428571429
2024-04-16,2024-04-17,123.1234,92.85714285714286
2024-04-17,2024-04-18,123.0207,91.66666666666666
2024-04-18,2024-04-19,123.0017,91.26984126984127
2024-04-19,2024-04-20,123.1075,92.06349206349206
2024-04-22,2024-04-23,123.0609,91.66666666666666
2024-04-23,2024-04-24,122.7227,88.4920634920635
2024-04-24,2024-04-25,122.89,89.28571428571429
2024-04-25,2024-04-26,122.8384,88.4920634920635
2024-04-26,2024-04-27,122.9471,89.68253968253968
2024-04-29,2024-04-30,122.5449,86.90476190476191
2024-04-30,2024-05-01,122.9853,89.68253968253968
2024-05-01,2024-05-02,123.0168,90.47619047619048
2024-05-02,2024-05-03,122.4384,84.92063492063492
2024-05-03,2024-05-04,122.1375,82.93650793650794
2024-05-06,2024-05-07,121.8913,80.15873015873017
2024-05-07,2024-05-08,122.093,81.74603174603175
2024-05-08,2024-05-09,122.1926,82.93650793650794
2024-05-09,2024-05-10,122.1634,82.53968253968253
2024-05-10,2024-05-11,122.014,79.76190476190477
2024-05-13,2024-05-14,122.0261,79.76190476190477
2024-05-14,2024-05-15,121.9256,78.17460317460318
2024-05-15,2024-05-16,121.3543,73.01587301587301
2024-05-16,2024-05-17,121.2236,70.23809523809523
2024-05-17,2024-05-18,121.2354,70.23809523809523
2024-05-20,2024-05-21,121.2289,69.84126984126983
2024-05-21,2024-05-22,121.3793,73.01587301587301
2024-05-22,2024-05-23,121.5462,75.0
2024-05-23,2024-05-24,121.7477,76.5873015873016
2024-05-24,2024-05-25,121.6172,75.79365079365078
2024-05-28,2024-05-29,121.43,72.22222222222221
2024-05-29,2024-05-30,122.1641,82.53968253968253
2024-05-30,2024-05-31,121.9601,78.57142857142857
2024-05-31,2024-06-01,122.098,80.55555555555556
2024-06-03,2024-06-04,122.3509,83.73015873015873
2024-06-04,2024-06-05,122.7256,86.5079365079365
2024-06-05,2024-06-06,122.5339,84.92063492063492
2024-06-06,2024-06-07,122.3713,82.93650793650794
2024-06-07,2024-06-08,123.549,94.84126984126983
2024-06-10,2024-06-11,123.9125,99.60317460317461
2024-06-11,2024-06-12,124.0349,100.0
2024-06-12,2024-06-13,123.8295,98.01587301587301
2024-06-13,2024-06-14,124.0235,99.60317460317461
2024-06-14,2024-06-15,124.1694,100.0
2024-06-17,2024-06-18,124.239,100.0
2024-06-18,2024-06-19,123.9776,98.01587301587301
2024-06-20,2024-06-21,124.192,99.60317460317461
2024-06-21,2024-06-22,124.1086,98.80952380952381
2024-06-24,2024-06-25,123.7125,93.25396825396825
2024-06-25,2024-06-26,123.9417,96.82539682539682
2024-06-26,2024-06-27,124.26,100.0
2024-06-27,2024-06-28,124.3379,100.0
2024-06-28,2024-06-29,124.2103,98.80952380952381
2024-07-01,2024-07-02,124.4667,100.0
2024-07-02,2024-07-03,124.2917,99.20634920634922
2024-07-03,2024-07-04,123.7768,90.87301587301587
2024-07-05,2024-07-06,123.4762,87.6984126984127
2024-07-08,2024-07-09,123.3576,86.90476190476191
2024-07-09,2024-07-10,123.4071,86.90476190476191
2024-07-10,2024-07-11,123.1895,84.52380952380952
2024-07-11,2024-07-12,122.769,77.77777777777779
2024-07-12,2024-07-13,122.4404,75.0
2024-07-15,2024-07-16,122.6347,76.5873015873016
2024-07-16,2024-07-17,122.7264,77.38095238095238
2024-07-17,2024-07-18,122.518,74.60317460317461
2024-07-18,2024-07-19,122.7909,78.17460317460318
2024-07-19,2024-07-20,123.147,84.12698412698413
2024-07-22,2024-07-23,123.2172,84.92063492063492
2024-07-23,2024-07-24,123.3843,86.5079365079365
2024-07-24,2024-07-25,123.5575,88.09523809523809
2024-07-25,2024-07-26,123.5286,87.3015873015873
2024-07-26,2024-07-27,123.672,90.07936507936508
2024-07-29,2024-07-30,124.1392,96.82539682539682
2024-07-30,2024-07-31,124.2855,98.80952380952381
2024-07-31,2024-08-01,123.6373,88.4920634920635
2024-08-01,2024-08-02,123.8693,92.85714285714286
2024-08-02,2024-08-03,123.4681,84.52380952380952
2024-08-05,2024-08-06,123.5787,86.11111111111111
2024-08-06,2024-08-07,123.6532,88.4920634920635
2024-08-07,2024-08-08,123.5698,85.31746031746032
2024-08-08,2024-08-09,123.4466,82.93650793650794
2024-08-09,2024-08-10,122.9276,73.4126984126984
2024-08-12,2024-08-13,123.2204,79.76190476190477
2024-08-13,2024-08-14,123.0146,75.0
2024-08-14,2024-08-15,122.4297,65.47619047619048
2024-08-15,2024-08-16,122.5844,68.25396825396825
2024-08-16,2024-08-17,122.3972,63.888888888888886
2024-08-19,2024-08-20,121.8788,55.158730158730165
2024-08-20,2024-08-21,121.7728,54.36507936507936
2024-08-21,2024-08-22,121.8535,54.36507936507936
2024-08-22,2024-08-23,122.3626,63.095238095238095
2024-08-23,2024-08-24,121.4597,48.80952380952381
2024-08-26,2024-08-27,121.6943,52.38095238095239
2024-08-27,2024-08-28,121.8672,54.36507936507936
2024-08-28,2024-08-29,121.8943,55.158730158730165
2024-08-29,2024-08-30,122.2333,61.50793650793651
2024-08-30,2024-08-31,122.3262,62.301587301587304
2024-09-03,2024-09-04,122.7811,70.63492063492063
2024-09-04,2024-09-05,122.5144,65.87301587301587
2024-09-05,2024-09-06,122.4533,65.07936507936508
2024-09-06,2024-09-07,122.4991,65.47619047619048
2024-09-09,2024-09-10,122.7156,68.25396825396825
2024-09-10,2024-09-11,123.0071,74.60317460317461
2024-09-11,2024-09-12,122.7754,69.84126984126983
2024-09-12,2024-09-13,122.4423,63.095238095238095
2024-09-13,2024-09-14,121.6551,48.41269841269841
2024-09-16,2024-09-17,121.4976,44.44444444444444
2024-09-17,2024-09-18,121.6031,46.82539682539682
2024-09-18,2024-09-19,121.5618,46.03174603174603
2024-09-19,2024-09-20,121.3059,40.476190476190474
2024-09-20,2024-09-21,121.4052,42.46031746031746
2024-09-23,2024-09-24,121.4303,42.857142857142854
2024-09-24,2024-09-25,121.1291,35.714285714285715
2024-09-25,2024-09-26,121.4447,43.65079365079365
2024-09-26,2024-09-27,121.0785,34.12698412698413
2024-09-27,2024-09-28,121.1111,35.714285714285715
2024-09-30,2024-10-01,121.2864,40.476190476190474
2024-10-01,2024-10-02,121.6881,50.0
2024-10-02,2024-10-03,121.5724,47.61904761904761
2024-10-03,2024-10-04,122.1197,57.53968253968254
2024-10-04,2024-10-05,122.2197,59.92063492063492
2024-10-07,2024-10-08,122.4241,63.095238095238095
2024-10-08,2024-10-09,122.6625,69.04761904761905
2024-10-09,2024-10-10,122.8821,73.80952380952381
2024-10-10,2024-10-11,123.0951,78.17460317460318
2024-10-11,2024-10-12,122.9805,75.0
2024-10-15,2024-10-16,123.5124,84.92063492063492
2024-10-16,2024-10-17,123.9235,93.65079365079364
2024-10-17,2024-10-18,124.1122,96.03174603174604
2024-10-18,2024-10-19,123.9185,92.85714285714286
2024-10-21,2024-10-22,124.4757,100.0
2024-10-22,2024-10-23,124.4107,99.20634920634922
2024-10-23,2024-10-24,124.6931,100.0
2024-10-24,2024-10-25,124.5127,99.60317460317461
2024-10-25,2024-10-26,124.6105,99.60317460317461
2024-10-28,2024-10-29,124.8076,100.0
2024-10-29,2024-10-30,124.8612,100.0
2024-10-30,2024-10-31,124.8153,99.60317460317461
2024-10-31,2024-11-01,124.7988,98.80952380952381
2024-11-01,2024-11-02,124.8076,99.20634920634922
2024-11-04,2024-11-05,124.5903,97.22222222222221
2024-11-05,2024-11-06,124.5532,96.82539682539682
2024-11-06,2024-11-07,125.7035,100.0
2024-11-07,2024-11-08,124.775,97.61904761904762
2024-11-08,2024-11-09,125.5811,99.60317460317461
2024-11-12,2024-11-13,126.7762,100.0
2024-11-13,2024-11-14,126.9572,100.0
2024-11-14,2024-11-15,127.0015,100.0
2024-11-15,2024-11-16,126.8848,99.20634920634922
2024-11-18,2024-11-19,126.6045,98.4126984126984
2024-11-19,2024-11-20,126.3994,98.01587301587301
2024-11-20,2024-11-21,126.88,98.80952380952381
2024-11-21,2024-11-22,127.1047,100.0
2024-11-22,2024-11-23,127.4712,100.0
2024-11-25,2024-11-26,126.9948,98.80952380952381
2024-11-26,2024-11-27,127.4301,99.60317460317461
2024-11-27,2024-11-28,126.8205,96.82539682539682
2024-11-29,2024-11-30,126.5798,95.63492063492063
2024-12-02,2024-12-03,127.1272,99.20634920634922
2024-12-03,2024-12-04,126.9565,97.22222222222221
2024-12-04,2024-12-05,126.7574,95.23809523809523
2024-12-05,2024-12-06,126.4286,94.04761904761905
2024-12-06,2024-12-07,126.688,94.84126984126983
2024-12-09,2024-12-10,126.5981,94.04761904761905
2024-12-10,2024-12-11,126.957,97.22222222222221
2024-12-11,2024-12-12,126.8483,95.63492063492063
2024-12-12,2024-12-13,126.9556,96.42857142857143
2024-12-13,2024-12-14,127.3096,99.20634920634922
2024-12-16,2024-12-17,127.2687,98.80952380952381
2024-12-17,2024-12-18,127.5043,100.0
2024-12-18,2024-12-19,127.6418,100.0
2024-12-19,2024-12-20,128.6366,100.0
2024-12-20,2024-12-21,127.893,99.60317460317461
2024-12-23,2024-12-24,128.3021,99.60317460317461
2024-12-24,2024-12-25,128.3377,99.60317460317461
2024-12-26,2024-12-27,128.3329,99.20634920634922
2024-12-27,2024-12-28,128.45,99.60317460317461
2024-12-30,2024-12-31,128.8205,100.0
2024-12-31,2025-01-01,129.2775,100.0
2025-01-02,2025-01-03,129.4598,100.0
2025-01-03,2025-01-04,129.4535,99.60317460317461
2025-01-06,2025-01-07,128.538,98.01587301587301
2025-01-07,2025-01-08,128.613,98.01587301587301
2025-01-08,2025-01-09,129.0785,98.80952380952381
2025-01-09,2025-01-10,129.2827,99.20634920634922
2025-01-10,2025-01-11,129.8664,100.0
2025-01-13,2025-01-14,130.0413,100.0
2025-01-14,2025-01-15,129.3812,98.4126984126984
2025-01-15,2025-01-16,129.2092,97.22222222222221
2025-01-16,2025-01-17,129.436,98.4126984126984
2025-01-17,2025-01-18,129.4859,99.20634920634922
2025-01-21,2025-01-22,128.4151,93.65079365079364
2025-01-22,2025-01-23,128.3402,93.25396825396825
2025-01-23,2025-01-24,128.2162,91.66666666666666
2025-01-24,2025-01-25,127.4611,89.68253968253968
2025-01-27,2025-01-28,128.0912,91.26984126984127
2025-01-28,2025-01-29,128.2817,91.66666666666666
2025-01-29,2025-01-30,128.3418,93.25396825396825
2025-01-30,2025-01-31,128.1004,90.47619047619048
2025-01-31,2025-02-01,128.4828,94.04761904761905
2025-02-03,2025-02-04,129.109,96.03174603174604
2025-02-04,2025-02-05,128.1083,89.68253968253968
2025-02-05,2025-02-06,127.9751,88.4920634920635
2025-02-06,2025-02-07,128.2017,89.68253968253968
2025-02-07,2025-02-08,128.4292,92.85714285714286
2025-02-10,2025-02-11,128.6382,94.84126984126983
2025-02-11,2025-02-12,128.4322,92.46031746031747
2025-02-12,2025-02-13,128.3288,89.68253968253968
2025-02-13,2025-02-14,127.8931,86.11111111111111
2025-02-14,2025-02-15,127.1491,82.53968253968253
2025-02-18,2025-02-19,127.2906,82.93650793650794
2025-02-19,2025-02-20,127.7317,85.31746031746032
2025-02-20,2025-02-21,127.1126,80.95238095238095
2025-02-21,2025-02-22,127.1408,81.34920634920636
2025-02-24,2025-02-25,127.1921,81.74603174603175
2025-02-25,2025-02-26,127.3752,82.93650793650794
2025-02-26,2025-02-27,127.2822,81.74603174603175
2025-02-27,2025-02-28,127.9704,86.11111111111111
2025-02-28,2025-03-01,128.2805,88.4920634920635
2025-03-03,2025-03-04,127.75,84.52380952380952
2025-03-04,2025-03-05,127.9966,86.11111111111111
2025-03-05,2025-03-06,126.504,70.63492063492063
2025-03-06,2025-03-07,126.1099,69.44444444444444
2025-03-07,2025-03-08,125.9814,69.04761904761905
2025-03-10,2025-03-11,126.268,69.44444444444444
2025-03-11,2025-03-12,126.0457,68.65079365079364
2025-03-12,2025-03-13,125.8664,67.85714285714286
2025-03-13,2025-03-14,126.0031,68.25396825396825
2025-03-14,2025-03-15,125.6942,66.66666666666666
2025-03-17,2025-03-18,125.3688,65.87301587301587
2025-03-18,2025-03-19,125.488,65.87301587301587
2025-03-19,2025-03-20,125.8006,67.06349206349206
2025-03-20,2025-03-21,125.985,67.85714285714286
2025-03-21,2025-03-22,126.2679,69.04761904761905
2025-03-24,2025-03-25,126.1956,68.65079365079364
2025-03-25,2025-03-26,126.0535,67.85714285714286
2025-03-26,2025-03-27,126.2364,68.65079365079364
2025-03-27,2025-03-28,126.3626,69.44444444444444
2025-03-28,2025-03-29,126.4187,69.84126984126983
2025-03-31,2025-04-01,126.7075,72.22222222222221
2025-04-01,2025-04-02,126.4338,69.84126984126983
2025-04-02,2025-04-03,126.3811,68.25396825396825
2025-04-03,2025-04-04,124.7316,58.333333333333336
2025-04-04,2025-04-05,125.8129,63.095238095238095
2025-04-07,2025-04-08,126.8282,73.4126984126984
2025-04-08,2025-04-09,126.8668,73.80952380952381
2025-04-09,2025-04-10,126.628,70.63492063492063
2025-04-10,2025-04-11,125.089,59.12698412698413
2025-04-11,2025-04-12,124.0163,47.61904761904761
2025-04-14,2025-04-15,123.6598,43.25396825396825
2025-04-15,2025-04-16,123.776,44.047619047619044
2025-04-16,2025-04-17,123.2724,36.904761904761905
2025-04-17,2025-04-18,123.1298,34.92063492063492
2025-04-18,2025-04-19,122.9865,31.349206349206348
2025-04-21,2025-04-22,122.3145,17.857142857142858
2025-04-22,2025-04-23,122.4175,20.238095238095237
2025-04-23,2025-04-24,123.0252,33.730158730158735
2025-04-24,2025-04-25,122.9251,30.555555555555557
2025-04-25,2025-04-26,122.8858,29.761904761904763
2025-04-28,2025-04-29,122.7176,26.58730158730159
2025-04-29,2025-04-30,122.5944,25.396825396825395
2025-04-30,2025-05-01,122.5921,25.396825396825395
2025-05-01,2025-05-02,123.1405,34.92063492063492
2025-05-02,2025-05-03,122.4962,23.015873015873016
2025-05-05,2025-05-06,122.2613,17.857142857142858
2025-05-06,2025-05-07,122.0417,14.285714285714285
2025-05-07,2025-05-08,122.117,15.476190476190476
2025-05-08,2025-05-09,122.7568,28.57142857142857
2025-05-09,2025-05-10,122.5191,24.206349206349206
2025-05-12,2025-05-13,123.4863,39.285714285714285
2025-05-13,2025-05-14,122.9583,31.349206349206348
2025-05-14,2025-05-15,122.6746,25.793650793650798
2025-05-15,2025-05-16,122.8174,29.365079365079367
2025-05-16,2025-05-17,123.0737,33.33333333333333
2025-05-19,2025-05-20,122.4186,18.253968253968253
2025-05-20,2025-05-21,122.3199,15.476190476190476
2025-05-21,2025-05-22,121.7496,9.126984126984127
2025-05-22,2025-05-23,122.0429,11.904761904761903
2025-05-23,2025-05-24,121.3837,2.380952380952381
2025-05-27,2025-05-28,121.6099,6.349206349206349
2025-05-28,2025-05-29,121.9888,11.11111111111111
2025-05-29,2025-05-30,121.5617,5.158730158730158
2025-05-30,2025-05-31,121.7674,8.333333333333332
2025-06-02,2025-06-03,121.1881,1.5873015873015872
2025-06-03,2025-06-04,121.4592,4.365079365079365
2025-06-04,2025-06-05,121.0539,0.3968253968253968
2025-06-05,2025-06-06,120.9596,0.3968253968253968
2025-06-06,2025-06-07,121.161,2.380952380952381
2025-06-09,2025-06-10,120.9103,0.3968253968253968
2025-06-10,2025-06-11,121.0485,1.1904761904761905
2025-06-11,2025-06-12,120.587,0.3968253968253968
2025-06-12,2025-06-13,120.1723,0.3968253968253968
2025-06-13,2025-06-14,120.3245,0.7936507936507936
2025-06-16,2025-06-17,120.1565,0.3968253968253968
2025-06-17,2025-06-18,120.5048,1.5873015873015872
2025-06-18,2025-06-19,120.7305,2.380952380952381
2025-06-20,2025-06-21,121.0408,3.571428571428571
2025-06-23,2025-06-24,121.1694,6.349206349206349
2025-06-24,2025-06-25,120.3645,1.5873015873015872
2025-06-25,2025-06-26,120.3336,1.5873015873015872
2025-06-26,2025-06-27,119.6451,0.3968253968253968
2025-06-27,2025-06-28,119.659,0.7936507936507936
2025-06-30,2025-07-01,119.4088,0.3968253968253968
2025-07-01,2025-07-02,119.3436,0.3968253968253968
2025-07-02,2025-07-03,119.3037,0.3968253968253968
2025-07-03,2025-07-04,119.2382,0.3968253968253968
2025-07-07,2025-07-08,119.6201,1.984126984126984
2025-07-08,2025-07-09,119.8371,3.1746031746031744
2025-07-09,2025-07-10,119.7311,3.1746031746031744
2025-07-10,2025-07-11,119.8343,3.571428571428571
2025-07-11,2025-07-12,119.9214,4.365079365079365
2025-07-14,2025-07-15,120.2209,5.555555555555555
2025-07-15,2025-07-16,120.5105,7.5396825396825395
2025-07-16,2025-07-17,120.4175,7.142857142857142
2025-07-17,2025-07-18,120.6384,8.73015873015873
2025-07-18,2025-07-19,120.356,6.746031746031746
2025-07-21,2025-07-22,119.9961,4.761904761904762
2025-07-22,2025-07-23,119.681,3.1746031746031744
2025-07-23,2025-07-24,119.5697,1.984126984126984
2025-07-24,2025-07-25,119.5664,1.984126984126984
2025-07-25,2025-07-26,119.9857,5.952380952380952
2025-07-28,2025-07-29,120.6149,11.11111111111111
2025-07-29,2025-07-30,120.9674,13.095238095238097
2025-07-30,2025-07-31,121.4042,18.253968253968253
2025-07-31,2025-08-01,121.721,24.206349206349206
2025-08-01,2025-08-02,121.2122,17.063492063492063
2025-08-04,2025-08-05,120.9859,13.492063492063492
2025-08-05,2025-08-06,120.9082,12.3015873015873
2025-08-06,2025-08-07,120.5082,10.317460317460316
2025-08-07,2025-08-08,120.5043,9.920634920634921
2025-08-08,2025-08-09,120.3329,8.333333333333332
2025-08-11,2025-08-12,120.6892,13.095238095238097
2025-08-12,2025-08-13,120.2736,7.936507936507936
2025-08-13,2025-08-14,120.13,6.746031746031746
2025-08-14,2025-08-15,120.6446,13.88888888888889
2025-08-15,2025-08-16,120.3377,9.920634920634921
2025-08-18,2025-08-19,120.5622,13.095238095238097
2025-08-19,2025-08-20,120.7224,15.476190476190476
2025-08-20,2025-08-21,120.7757,16.26984126984127
2025-08-21,2025-08-22,121.0843,20.238095238095237
2025-08-22,2025-08-23,120.2774,8.73015873015873
2025-08-25,2025-08-26,120.4214,11.904761904761903
2025-08-26,2025-08-27,120.5274,13.88888888888889
2025-08-27,2025-08-28,120.7274,17.063492063492063
2025-08-28,2025-08-29,120.2595,8.333333333333332
2025-08-29,2025-08-30,120.2082,7.936507936507936
2025-09-02,2025-09-03,120.6837,17.063492063492063
2025-09-03,2025-09-04,120.5052,13.88888888888889
2025-09-04,2025-09-05,120.7629,19.444444444444446
2025-09-05,2025-09-06,120.1282,6.746031746031746
2025-09-08,2025-09-09,120.0971,6.746031746031746
2025-09-09,2025-09-10,120.1569,8.333333333333332
2025-09-10,2025-09-11,120.1223,7.142857142857142
2025-09-11,2025-09-12,119.9534,5.952380952380952
2025-09-12,2025-09-13,120.0611,7.142857142857142
2025-09-15,2025-09-16,119.5644,1.984126984126984
2025-09-16,2025-09-17,119.1348,0.3968253968253968
2025-09-17,2025-09-18,119.1582,0.7936507936507936
2025-09-18,2025-09-19,119.6616,5.158730158730158
2025-09-19,2025-09-20,119.7858,6.349206349206349
2025-09-22,2025-09-23,119.8152,6.746031746031746
2025-09-23,2025-09-24,119.6202,4.365079365079365
2025-09-24,2025-09-25,120.1707,12.698412698412698
2025-09-25,2025-09-26,120.5419,21.03174603174603
2025-09-26,2025-09-27,120.4349,18.650793650793652
2025-09-29,2025-09-30,120.115,10.714285714285714
2025-09-30,2025-10-01,120.1368,12.3015873015873
2025-10-01,2025-10-02,120.1502,12.698412698412698
2025-10-02,2025-10-03,120.4296,19.841269841269842
2025-10-03,2025-10-04,120.0881,10.317460317460316
2025-10-06,2025-10-07,120.2722,16.26984126984127
2025-10-07,2025-10-08,120.4884,21.428571428571427
2025-10-08,2025-10-09,120.7766,29.365079365079367
2025-10-09,2025-10-10,121.0902,33.33333333333333
2025-10-10,2025-10-11,121.1163,33.730158730158735
2025-10-14,2025-10-15,121.1822,34.92063492063492
2025-10-15,2025-10-16,120.8642,29.761904761904763
2025-10-16,2025-10-17,120.6698,26.58730158730159
2025-10-17,2025-10-18,120.7028,27.77777777777778
2025-10-20,2025-10-21,120.6209,25.793650793650798
2025-10-21,2025-10-22,120.8895,31.349206349206348
2025-10-22,2025-10-23,120.8958,31.746031746031743
2025-10-23,2025-10-24,120.9531,32.93650793650794
2025-10-24,2025-10-25,120.9345,32.93650793650794
2025-10-27,2025-10-28,120.7988,30.952380952380953
2025-10-28,2025-10-29,120.6361,26.190476190476193
2025-10-29,2025-10-30,120.5312,24.206349206349206
2025-10-30,2025-10-31,121.2832,40.476190476190474
2025-10-31,2025-11-01,121.3859,41.269841269841265
2025-11-03,2025-11-04,121.4512,42.06349206349206
2025-11-04,2025-11-05,121.8271,44.84126984126984
2025-11-05,2025-11-06,121.8482,45.23809523809524
2025-11-06,2025-11-07,121.6948,43.65079365079365
2025-11-07,2025-11-08,121.388,41.66666666666667
2025-11-10,2025-11-11,121.2984,40.87301587301587
2025-11-12,2025-11-13,121.0458,36.507936507936506
2025-11-13,2025-11-14,120.7725,30.952380952380953
2025-11-14,2025-11-15,120.9666,35.714285714285715
2025-11-17,2025-11-18,121.1146,39.285714285714285
2025-11-18,2025-11-19,121.2127,42.06349206349206
2025-11-19,2025-11-20,121.4978,45.63492063492063
2025-11-20,2025-11-21,121.6889,46.82539682539682
2025-11-21,2025-11-22,121.8653,49.60317460317461
2025-11-24,2025-11-25,121.9171,50.0
2025-11-25,2025-11-26,121.6335,46.82539682539682
2025-11-26,2025-11-27,121.2437,42.46031746031746
2025-11-28,2025-11-29,121.0527,38.095238095238095
2025-12-01,2025-12-02,120.9862,36.904761904761905
2025-12-02,2025-12-03,121.1467,40.87301587301587
2025-12-03,2025-12-04,120.7336,30.555555555555557
2025-12-04,2025-12-05,120.6766,28.174603174603174
2025-12-05,2025-12-06,120.6863,28.968253968253972
2025-12-08,2025-12-09,120.776,32.93650793650794
2025-12-09,2025-12-10,120.6832,28.57142857142857
2025-12-10,2025-12-11,120.6752,28.174603174603174
2025-12-11,2025-12-12,119.98,9.126984126984127
2025-12-12,2025-12-13,120.1442,13.492063492063492
2025-12-15,2025-12-16,119.9561,9.126984126984127
2025-12-16,2025-12-17,119.8902,8.333333333333332
2025-12-17,2025-12-18,120.155,15.079365079365079
2025-12-18,2025-12-19,120.0528,11.11111111111111
2025-12-19,2025-12-20,120.1652,16.666666666666664
2025-12-22,2025-12-23,119.9912,10.714285714285714
2025-12-23,2025-12-24,119.7057,6.349206349206349
2025-12-24,2025-12-25,119.4372,2.7777777777777777
2025-12-26,2025-12-27,119.4723,3.1746031746031744
2025-12-29,2025-12-30,119.5899,4.761904761904762
2025-12-30,2025-12-31,119.4939,3.571428571428571
2025-12-31,2026-01-01,119.7456,8.73015873015873
2026-01-02,2026-01-03,119.6059,5.555555555555555
2026-01-05,2026-01-06,119.6192,5.952380952380952
2026-01-06,2026-01-07,119.7807,9.920634920634921
2026-01-07,2026-01-08,119.8719,11.904761904761903
2026-01-08,2026-01-09,120.0904,16.666666666666664
2026-01-09,2026-01-10,120.2215,23.41269841269841
2026-01-12,2026-01-13,119.9958,15.079365079365079
2026-01-13,2026-01-14,120.1401,19.841269841269842
2026-01-14,2026-01-15,119.9537,13.492063492063492
2026-01-15,2026-01-16,119.9951,15.476190476190476
2026-01-16,2026-01-17,120.0838,17.46031746031746
2026-01-20,2026-01-21,119.4455,3.1746031746031744
2026-01-21,2026-01-22,119.3431,1.984126984126984
2026-01-22,2026-01-23,119.1962,1.1904761904761905
2026-01-23,2026-01-24,118.8976,0.3968253968253968
2026-01-26,2026-01-27,118.0525,0.3968253968253968
2026-01-27,2026-01-28,117.4523,0.3968253968253968
2026-01-28,2026-01-29,117.5117,0.7936507936507936
2026-01-29,2026-01-30,117.4396,0.3968253968253968
2026-01-30,2026-01-31,117.8996,1.5873015873015872
2026-02-02,2026-02-03,118.3609,2.380952380952381
2026-02-03,2026-02-04,117.9764,1.984126984126984
2026-02-04,2026-02-05,118.2602,2.7777777777777777
2026-02-05,2026-02-06,118.5034,3.571428571428571
2026-02-06,2026-02-07,118.2407,2.7777777777777777
2026-02-09,2026-02-10,117.6392,1.5873015873015872
2026-02-10,2026-02-11,117.5216,1.5873015873015872
2026-02-11,2026-02-12,117.4601,1.1904761904761905
2026-02-12,2026-02-13,117.5376,2.380952380952381
2026-02-13,2026-02-14,117.5258,2.380952380952381
2026-02-17,2026-02-18,117.7375,3.571428571428571
2026-02-18,2026-02-19,117.8426,3.968253968253968
2026-02-19,2026-02-20,118.2354,5.555555555555555
2026-02-20,2026-02-21,117.9917,5.158730158730158
2026-02-23,2026-02-24,117.9395,4.761904761904762
2026-02-24,2026-02-25,117.9463,5.158730158730158
2026-02-25,2026-02-26,117.769,3.968253968253968
2026-02-26,2026-02-27,117.9042,5.158730158730158
2026-02-27,2026-02-28,117.8223,4.365079365079365
2026-03-02,2026-03-03,118.667,9.920634920634921
2026-03-03,2026-03-04,119.4341,13.88888888888889
2026-03-04,2026-03-05,119.0705,10.714285714285714
2026-03-05,2026-03-06,119.5683,17.063492063492063
2026-03-06,2026-03-07,119.491,15.873015873015872
2026-03-09,2026-03-10,119.5151,16.666666666666664
2026-03-10,2026-03-11,118.7255,10.317460317460316
2026-03-11,2026-03-12,119.2885,13.095238095238097
2026-03-12,2026-03-13,119.8227,25.396825396825395
2026-03-13,2026-03-14,120.5518,49.60317460317461
2026-03-16,2026-03-17,120.097,33.33333333333333
2026-03-17,2026-03-18,119.8328,25.793650793650798
2026-03-18,2026-03-19,119.9276,28.174603174603174
2026-03-19,2026-03-20,120.1802,40.476190476190474
2026-03-20,2026-03-21,120.2757,43.25396825396825
2026-03-23,2026-03-24,119.9371,28.57142857142857
2026-03-24,2026-03-25,120.1295,36.507936507936506
2026-03-25,2026-03-26,120.1282,36.507936507936506
2026-03-26,2026-03-27,120.389,47.61904761904761
2026-03-27,2026-03-28,120.8851,63.888888888888886
2026-03-30,2026-03-31,121.2851,75.79365079365078
2026-03-31,2026-04-01,121.035,68.65079365079364
2026-04-01,2026-04-02,120.1198,35.714285714285715
2026-04-02,2026-04-03,120.503,50.39682539682539
2026-04-03,2026-04-04,120.6565,57.14285714285714
2026-04-06,2026-04-07,120.4302,49.60317460317461
2026-04-07,2026-04-08,120.32,45.63492063492063
2026-04-08,2026-04-09,119.0596,11.11111111111111
2026-04-09,2026-04-10,118.8998,11.11111111111111
2026-04-10,2026-04-11,118.8552,10.714285714285714
2026-04-13,2026-04-14,118.9916,11.904761904761903
2026-04-14,2026-04-15,118.3581,9.126984126984127
2026-04-15,2026-04-16,118.3623,9.920634920634921
2026-04-16,2026-04-17,118.3616,9.920634920634921
2026-04-17,2026-04-18,118.0795,7.936507936507936
2026-04-20,2026-04-21,118.2374,8.73015873015873
2026-04-21,2026-04-22,118.4331,11.507936507936508
2026-04-22,2026-04-23,118.6004,12.3015873015873
2026-04-23,2026-04-24,118.7155,13.095238095238097
2026-04-24,2026-04-25,118.7294,13.88888888888889
2026-04-27,2026-04-28,118.5458,12.3015873015873
2026-04-28,2026-04-29,118.7717,14.682539682539684
2026-04-29,2026-04-30,119.0975,17.46031746031746
2026-04-30,2026-05-01,118.671,13.492063492063492
2026-05-01,2026-05-02,118.3926,11.507936507936508
2026-05-04,2026-05-05,118.8264,15.873015873015872
2026-05-05,2026-05-06,118.6207,13.492063492063492
2026-05-06,2026-05-07,118.0982,8.333333333333332
2026-05-07,2026-05-08,118.0116,7.5396825396825395
2026-05-08,2026-05-09,118.0392,7.936507936507936
2026-05-11,2026-05-12,118.0562,8.73015873015873
2026-05-12,2026-05-13,118.5238,14.285714285714285
2026-05-13,2026-05-14,118.4737,13.88888888888889
2026-05-14,2026-05-15,118.6696,16.666666666666664
2026-05-15,2026-05-16,119.2825,23.809523809523807
2026-05-18,2026-05-19,119.0574,21.03174603174603
2026-05-19,2026-05-20,119.451,27.77777777777778
2026-05-20,2026-05-21,119.1624,23.41269841269841
2026-05-21,2026-05-22,119.369,26.58730158730159
2026-05-22,2026-05-23,119.2868,25.0
2026-05-26,2026-05-27,119.1696,23.809523809523807
2026-05-27,2026-05-28,119.1829,24.206349206349206
2026-05-28,2026-05-29,119.0318,21.03174603174603
2026-05-29,2026-05-30,118.8783,19.841269841269842
2026-06-01,2026-06-02,119.1653,24.6031746031746
2026-06-02,2026-06-03,119.0359,21.825396825396826
2026-06-03,2026-06-04,119.3848,29.761904761904763
2026-06-04,2026-06-05,119.3615,29.365079365079367
2026-06-05,2026-06-06,120.0831,49.60317460317461
