date,publish_date,walcl,wtregen,rrp,net_liq,net_liq_chg10,net_liq_chg10_pctl
2015-01-07,2015-01-08,4499524.0,176817.0,143.749,4322563.251,,
2015-01-08,2015-01-09,4499524.0,176817.0,124.293,4322582.707,,
2015-01-09,2015-01-10,4499524.0,176817.0,116.195,4322590.805,,
2015-01-12,2015-01-13,4499524.0,176817.0,118.125,4322588.875,,
2015-01-13,2015-01-14,4499524.0,176817.0,107.316,4322599.684,,
2015-01-14,2015-01-15,4516077.0,158268.0,95.4,4357713.6,,
2015-01-15,2015-01-16,4516077.0,158268.0,96.517,4357712.483,,
2015-01-16,2015-01-17,4516077.0,158268.0,135.836,4357673.164,,
2015-01-20,2015-01-21,4516077.0,158268.0,147.499,4357661.501,,
2015-01-21,2015-01-22,4512936.0,170152.0,167.769,4342616.231,,
2015-01-22,2015-01-23,4512936.0,170152.0,168.182,4342615.818,20052.566999999806,
2015-01-23,2015-01-24,4512936.0,170152.0,129.836,4342654.164,20071.45699999947,
2015-01-26,2015-01-27,4512936.0,170152.0,132.698,4342651.302,20060.49700000044,
2015-01-27,2015-01-28,4512936.0,170152.0,136.677,4342647.323,20058.44799999986,
2015-01-28,2015-01-29,4500064.0,201192.0,163.553,4298708.447,-23891.237000000663,
2015-01-29,2015-01-30,4500064.0,201192.0,148.784,4298723.216,-58990.38399999961,
2015-01-30,2015-01-31,4500064.0,201192.0,190.842,4298681.158,-59031.325000000186,
2015-02-02,2015-02-03,4500064.0,201192.0,132.913,4298739.087,-58934.07699999958,
2015-02-03,2015-02-04,4500064.0,201192.0,142.006,4298729.994,-58931.507000000216,
2015-02-04,2015-02-05,4500348.0,167272.0,145.65,4332930.35,-9685.881000000052,
2015-02-05,2015-02-06,4500348.0,167272.0,124.667,4332951.333,-9664.485000000335,
2015-02-06,2015-02-07,4500348.0,167272.0,121.983,4332954.017,-9700.14699999988,
2015-02-09,2015-02-10,4500348.0,167272.0,118.986,4332957.014,-9694.28799999971,
2015-02-10,2015-02-11,4500348.0,167272.0,122.277,4332953.723,-9693.599999999627,
2015-02-11,2015-02-12,4501685.0,158907.0,126.752,4342651.248,43942.80099999998,
2015-02-12,2015-02-13,4501685.0,158907.0,113.479,4342664.521,43941.3049999997,
2015-02-13,2015-02-14,4501685.0,158907.0,92.532,4342685.468,44004.31000000052,
2015-02-17,2015-02-18,4501685.0,158907.0,111.325,4342666.675,43927.58799999952,
2015-02-18,2015-02-19,4496851.0,118836.0,157.273,4377857.727,79127.73300000001,
2015-02-19,2015-02-20,4496851.0,118836.0,133.105,4377881.895,44951.544999999925,
2015-02-20,2015-02-21,4496851.0,118836.0,157.518,4377857.482,44906.14900000021,
2015-02-23,2015-02-24,4496851.0,118836.0,152.311,4377862.689,44908.67200000025,
2015-02-24,2015-02-25,4496851.0,118836.0,124.802,4377890.198,44933.183999999426,
2015-02-25,2015-02-26,4486725.0,68114.0,149.75,4418461.25,85507.52699999977,
2015-02-26,2015-02-27,4486725.0,68114.0,130.583,4418480.417,75829.1690000007,
2015-02-27,2015-02-28,4486725.0,68114.0,155.001,4418455.999,75791.47800000012,
2015-03-02,2015-03-03,4486725.0,68114.0,118.208,4418492.792,75807.32400000002,
2015-03-03,2015-03-04,4486725.0,68114.0,110.872,4418500.128,75833.45299999975,
2015-03-04,2015-03-05,4487583.0,49803.0,95.1,4437684.9,59827.17300000042,
2015-03-05,2015-03-06,4487583.0,49803.0,73.924,4437706.076,59824.1810000008,
2015-03-06,2015-03-07,4487583.0,49803.0,80.862,4437699.138,59841.656000000425,
2015-03-09,2015-03-10,4487583.0,49803.0,85.648,4437694.352,59831.66299999971,
2015-03-10,2015-03-11,4487583.0,49803.0,84.535,4437695.465,59805.26699999999,
2015-03-11,2015-03-12,4489279.0,39431.0,84.389,4449763.611,31302.360999999568,
2015-03-12,2015-03-13,4489279.0,39431.0,132.708,4449715.292,31234.875,
2015-03-13,2015-03-14,4489279.0,39431.0,98.042,4449749.958,31293.9589999998,
2015-03-16,2015-03-17,4489279.0,39431.0,112.056,4449735.944,31243.15199999977,
2015-03-17,2015-03-18,4489279.0,39431.0,106.3,4449741.7,31241.572000000626,
2015-03-18,2015-03-19,4495888.0,60686.0,151.424,4435050.576,-2634.3240000000224,
2015-03-19,2015-03-20,4495888.0,60686.0,83.108,4435118.892,-2587.1840000003576,
2015-03-20,2015-03-21,4495888.0,60686.0,91.207,4435110.793,-2588.3450000006706,
2015-03-23,2015-03-24,4495888.0,60686.0,99.572,4435102.428,-2591.92399999965,
2015-03-24,2015-03-25,4495888.0,60686.0,60.115,4435141.885,-2553.5800000000745,
2015-03-25,2015-03-26,4480603.0,85907.0,65.389,4394630.611,-55133.0,
2015-03-26,2015-03-27,4480603.0,85907.0,80.866,4394615.134,-55100.15800000075,
2015-03-27,2015-03-28,4480603.0,85907.0,69.638,4394626.362,-55123.5959999999,
2015-03-30,2015-03-31,4480603.0,85907.0,29.522,4394666.478,-55069.466000000015,
2015-03-31,2015-04-01,4480603.0,85907.0,202.235,4394493.765,-55247.93500000052,
2015-04-01,2015-04-02,4481799.0,75467.0,31.623,4406300.377,-28750.199000000022,
2015-04-06,2015-04-07,4481799.0,75467.0,119.369,4406212.631,-28906.26099999994,
2015-04-07,2015-04-08,4481799.0,75467.0,125.88,4406206.12,-28904.672999999486,
2015-04-08,2015-04-09,4483419.0,55206.0,96.443,4428116.557,-6985.871000000276,
2015-04-09,2015-04-10,4483419.0,55206.0,87.069,4428125.931,-7015.953999999911,
2015-04-10,2015-04-11,4483419.0,55206.0,90.933,4428122.067,33491.45600000024,
2015-04-13,2015-04-14,4483419.0,55206.0,89.878,4428123.122,33507.98800000083,
2015-04-14,2015-04-15,4483419.0,55206.0,75.874,4428137.126,33510.76400000043,
2015-04-15,2015-04-16,4485366.0,50447.0,69.829,4434849.171,40182.69299999997,
2015-04-16,2015-04-17,4485366.0,50447.0,78.293,4434840.707,40346.94200000074,
2015-04-17,2015-04-18,4485366.0,50447.0,103.383,4434815.617,28515.239999999292,
2015-04-20,2015-04-21,4485366.0,50447.0,111.416,4434807.584,28594.952999999747,51.66666666666667
2015-04-21,2015-04-22,4485366.0,50447.0,114.8,4434804.2,28598.080000000075,52.459016393442624
2015-04-22,2015-04-23,4489695.0,150028.0,114.148,4339552.852,-88563.70500000007,1.6129032258064515
2015-04-23,2015-04-24,4489695.0,150028.0,113.993,4339553.007,-88572.92399999965,1.5873015873015872
2015-04-24,2015-04-25,4489695.0,150028.0,73.512,4339593.488,-88528.57899999991,4.6875
2015-04-27,2015-04-28,4489695.0,150028.0,82.79,4339584.21,-88538.91200000048,4.615384615384616
2015-04-28,2015-04-29,4489695.0,150028.0,87.169,4339579.831,-88557.29499999993,4.545454545454546
2015-04-29,2015-04-30,4471499.0,219702.0,92.224,4251704.776,-183144.39500000048,1.4925373134328357
2015-04-30,2015-05-01,4471499.0,219702.0,130.464,4251666.536,-183174.1710000001,1.4705882352941175
2015-05-01,2015-05-02,4471499.0,219702.0,86.212,4251710.788,-183104.8289999999,4.3478260869565215
2015-05-04,2015-05-05,4471499.0,219702.0,92.311,4251704.689,-183102.89499999955,5.714285714285714
2015-05-05,2015-05-06,4471499.0,219702.0,93.162,4251703.838,-183100.36199999973,7.042253521126761
2015-05-06,2015-05-07,4472703.0,227506.0,84.722,4245112.278,-94440.57400000002,8.333333333333332
2015-05-07,2015-05-08,4472703.0,227506.0,94.505,4245102.495,-94450.5120000001,8.21917808219178
2015-05-08,2015-05-09,4472703.0,227506.0,91.484,4245105.516,-94487.97200000007,8.108108108108109
2015-05-11,2015-05-12,4472703.0,227506.0,87.331,4245109.669,-94474.5410000002,9.333333333333334
2015-05-12,2015-05-13,4472703.0,227506.0,81.378,4245115.622,-94464.2089999998,10.526315789473683
2015-05-13,2015-05-14,4501188.0,216211.0,92.129,4284884.871,33180.09500000067,68.83116883116884
2015-05-14,2015-05-15,4501188.0,216211.0,61.513,4284915.487,33248.95099999942,69.23076923076923
2015-05-15,2015-05-16,4501188.0,216211.0,76.249,4284900.751,33189.963000000454,68.35443037974683
2015-05-18,2015-05-19,4501188.0,216211.0,135.397,4284841.603,33136.91399999987,66.25
2015-05-19,2015-05-20,4501188.0,216211.0,131.9,4284845.1,33141.26199999917,66.66666666666666
2015-05-20,2015-05-21,4480384.0,181641.0,154.345,4298588.655,53476.37700000033,86.58536585365853
2015-05-21,2015-05-22,4480384.0,181641.0,141.963,4298601.037,53498.541999999434,86.74698795180723
2015-05-22,2015-05-23,4480384.0,181641.0,105.844,4298637.156,53531.640000000596,86.90476190476191
2015-05-26,2015-05-27,4480384.0,181641.0,111.048,4298631.952,53522.28299999982,85.88235294117646
2015-05-27,2015-05-28,4463981.0,175577.0,128.828,4288275.172,43159.549999999814,73.25581395348837
2015-05-28,2015-05-29,4463981.0,175577.0,135.3,4288268.7,3383.8289999999106,47.12643678160919
2015-05-29,2015-05-30,4463981.0,175577.0,160.201,4288243.799,3328.311999999918,46.590909090909086
2015-06-01,2015-06-02,4463981.0,175577.0,115.206,4288288.794,3388.0429999995977,48.31460674157304
2015-06-02,2015-06-03,4463981.0,175577.0,105.031,4288298.969,3457.365999999456,48.888888888888886
2015-06-03,2015-06-04,4465360.0,185794.0,95.389,4279470.611,-5374.48900000006,39.56043956043956
2015-06-04,2015-06-05,4465360.0,185794.0,96.429,4279469.571,-19119.0839999998,31.521739130434785
2015-06-05,2015-06-06,4465360.0,185794.0,83.637,4279482.363,-19118.67399999965,32.25806451612903
2015-06-08,2015-06-09,4465360.0,185794.0,83.323,4279482.677,-19154.479000000283,30.851063829787233
2015-06-09,2015-06-10,4465360.0,185794.0,76.043,4279489.957,-19141.99499999918,31.57894736842105
2015-06-10,2015-06-11,4468005.0,178468.0,80.453,4289456.547,1181.375,47.91666666666667
2015-06-11,2015-06-12,4468005.0,178468.0,90.833,4289446.167,1177.4670000001788,47.42268041237113
2015-06-12,2015-06-13,4468005.0,178468.0,81.745,4289455.255,1211.4560000002384,48.97959183673469
2015-06-15,2015-06-16,4468005.0,178468.0,104.635,4289432.365,1143.571000000462,46.464646464646464
2015-06-16,2015-06-17,4468005.0,178468.0,113.979,4289423.021,1124.0520000001416,46.0
2015-06-17,2015-06-18,4487817.0,207648.0,110.708,4280058.292,587.6810000007972,45.54455445544555
2015-06-18,2015-06-19,4487817.0,207648.0,151.135,4280017.865,548.2939999997616,45.09803921568628
2015-06-19,2015-06-20,4487817.0,207648.0,158.541,4280010.459,528.0959999999031,44.66019417475729
2015-06-22,2015-06-23,4487817.0,207648.0,171.906,4279997.094,514.4169999994338,44.230769230769226
2015-06-23,2015-06-24,4487817.0,207648.0,181.548,4279987.452,497.49499999918044,43.80952380952381
2015-06-24,2015-06-25,4495055.0,239498.0,136.642,4255420.358,-34036.189000000246,23.58490566037736
2015-06-25,2015-06-26,4495055.0,239498.0,64.918,4255492.082,-33954.08499999996,24.299065420560748
2015-06-26,2015-06-27,4495055.0,239498.0,86.539,4255470.461,-33984.79399999976,24.074074074074073
2015-06-29,2015-06-30,4495055.0,239498.0,45.063,4255511.937,-33920.428000000305,25.688073394495415
2015-06-30,2015-07-01,4495055.0,239498.0,192.602,4255364.398,-34058.62299999967,22.727272727272727
2015-07-01,2015-07-02,4479130.0,227457.0,93.411,4251579.589,-28478.703000000678,29.72972972972973
2015-07-02,2015-07-03,4479130.0,227457.0,176.063,4251496.937,-28520.928000000305,29.464285714285715
2015-07-06,2015-07-07,4479130.0,227457.0,169.851,4251503.149,-28507.30999999959,30.08849557522124
2015-07-07,2015-07-08,4479130.0,227457.0,159.651,4251513.349,-28483.74499999918,30.701754385964914
2015-07-08,2015-07-09,4481289.0,182596.0,145.47,4298547.53,18560.078000000678,60.0
2015-07-09,2015-07-10,4481289.0,182596.0,129.671,4298563.329,43142.9709999999,79.3103448275862
2015-07-10,2015-07-11,4481289.0,182596.0,119.629,4298573.371,43081.28899999987,78.63247863247864
2015-07-13,2015-07-14,4481289.0,182596.0,115.323,4298577.677,43107.216000000015,78.8135593220339
2015-07-14,2015-07-15,4481289.0,182596.0,106.218,4298586.782,43074.84499999974,77.31092436974791
2015-07-15,2015-07-16,4493605.0,176411.0,103.217,4317090.783,61726.38499999978,95.0
2015-07-16,2015-07-17,4493605.0,176411.0,104.58,4317089.42,65509.83100000024,95.0413223140496
2015-07-17,2015-07-18,4493605.0,176411.0,116.519,4317077.481,65580.54399999976,95.08196721311475
2015-07-20,2015-07-21,4493605.0,176411.0,126.57,4317067.43,65564.2809999995,94.3089430894309
2015-07-21,2015-07-22,4493605.0,176411.0,110.141,4317083.859,65570.50999999978,94.35483870967742
2015-07-22,2015-07-23,4500503.0,194772.0,112.695,4305618.305,7070.774999999441,55.2
2015-07-23,2015-07-24,4500503.0,194772.0,112.052,4305618.948,7055.618999999948,54.761904761904766
2015-07-24,2015-07-25,4500503.0,194772.0,79.416,4305651.584,7078.212999999523,55.90551181102362
2015-07-27,2015-07-28,4500503.0,194772.0,85.122,4305645.878,7068.200999999419,54.6875
2015-07-28,2015-07-29,4500503.0,194772.0,81.882,4305649.118,7062.336000000127,54.263565891472865
2015-07-29,2015-07-30,4485480.0,196825.0,86.429,4288568.571,-28522.21199999936,25.384615384615383
2015-07-30,2015-07-31,4485480.0,196825.0,87.405,4288567.595,-28521.825000000186,25.954198473282442
2015-07-31,2015-08-01,4485480.0,196825.0,131.978,4288523.022,-28554.4589999998,25.0
2015-08-03,2015-08-04,4485480.0,196825.0,95.005,4288559.995,-28507.43499999959,27.819548872180448
2015-08-04,2015-08-05,4485480.0,196825.0,88.841,4288566.159,-28517.700000000186,27.611940298507463
2015-08-05,2015-08-06,4486329.0,203501.0,86.869,4282741.131,-22877.17399999965,31.851851851851855
2015-08-06,2015-08-07,4486329.0,203501.0,93.508,4282734.492,-22884.45600000024,31.61764705882353
2015-08-07,2015-08-08,4486329.0,203501.0,84.994,4282743.006,-22908.577999999747,31.386861313868614
2015-08-10,2015-08-11,4486329.0,203501.0,81.806,4282746.194,-22899.683999999426,31.88405797101449
2015-08-11,2015-08-12,4486329.0,203501.0,78.367,4282749.633,-22899.484999999404,32.37410071942446
2015-08-12,2015-08-13,4489250.0,196323.0,64.411,4292862.589,4294.017999999225,56.42857142857143
2015-08-13,2015-08-14,4489250.0,196323.0,77.057,4292849.943,4282.348000000231,56.02836879432624
2015-08-14,2015-08-15,4489250.0,196323.0,64.557,4292862.443,4339.421000000089,57.04225352112676
2015-08-17,2015-08-18,4489250.0,196323.0,66.54,4292860.46,4300.464999999851,56.64335664335665
2015-08-18,2015-08-19,4489250.0,196323.0,88.144,4292838.856,4272.6969999996945,54.861111111111114
2015-08-19,2015-08-20,4487208.0,177883.0,84.36,4309240.64,26499.508999999613,64.82758620689654
2015-08-20,2015-08-21,4487208.0,177883.0,93.262,4309231.738,26497.246000000276,64.38356164383562
2015-08-21,2015-08-22,4487208.0,177883.0,92.353,4309232.647,26489.64099999983,63.94557823129252
2015-08-24,2015-08-25,4487208.0,177883.0,73.813,4309251.187,26504.992999999784,65.54054054054053
2015-08-25,2015-08-26,4487208.0,177883.0,73.165,4309251.835,26502.201999999583,65.1006711409396
2015-08-26,2015-08-27,4475105.0,128581.0,68.719,4346455.281,53592.69200000074,89.33333333333333
2015-08-27,2015-08-28,4475105.0,128581.0,71.312,4346452.688,53602.74500000011,89.40397350993378
2015-08-28,2015-08-29,4475105.0,128581.0,73.547,4346450.453,53588.00999999978,88.1578947368421
2015-08-31,2015-09-01,4475105.0,128581.0,149.694,4346374.306,53513.8459999999,86.27450980392157
2015-09-01,2015-09-02,4475105.0,128581.0,84.778,4346439.222,53600.36600000039,88.96103896103897
2015-09-02,2015-09-03,4475886.0,120354.0,70.33,4355461.67,46221.03000000026,83.87096774193549
2015-09-03,2015-09-04,4475886.0,120354.0,67.183,4355464.817,46233.07899999991,83.97435897435898
2015-09-04,2015-09-05,4475886.0,120354.0,64.428,4355467.572,46234.924999999814,84.07643312101911
2015-09-08,2015-09-09,4475886.0,120354.0,66.694,4355465.306,46214.11899999995,82.27848101265823
2015-09-09,2015-09-10,4478213.0,85792.0,68.129,4392352.871,83101.03600000031,99.37106918238993
2015-09-10,2015-09-11,4478213.0,85792.0,66.083,4392354.917,45899.63599999994,81.25
2015-09-11,2015-09-12,4478213.0,85792.0,70.782,4392350.218,45897.53000000026,80.74534161490683
2015-09-14,2015-09-15,4478213.0,85792.0,72.809,4392348.191,45897.737999999896,80.8641975308642
2015-09-15,2015-09-16,4478213.0,85792.0,73.117,4392347.883,45973.577000000514,81.59509202453987
2015-09-16,2015-09-17,4487809.0,117411.0,82.181,4370315.819,23876.597000000067,57.3170731707317
2015-09-17,2015-09-18,4487809.0,117411.0,106.254,4370291.746,14830.07600000035,53.939393939393945
2015-09-18,2015-09-19,4487809.0,117411.0,131.757,4370266.243,14801.425999999978,53.6144578313253
2015-09-21,2015-09-22,4487809.0,117411.0,134.575,4370263.425,14795.85300000012,53.293413173652695
2015-09-22,2015-09-23,4487809.0,117411.0,139.476,4370258.524,14793.218000000343,52.976190476190474
2015-09-23,2015-09-24,4497484.0,153512.0,144.297,4343827.703,-48525.16800000053,14.792899408284024
2015-09-24,2015-09-25,4497484.0,153512.0,45.671,4343926.329,-48428.588000000454,15.294117647058824
2015-09-25,2015-09-26,4497484.0,153512.0,63.966,4343908.034,-48442.18400000036,15.204678362573098
2015-09-28,2015-09-29,4497484.0,153512.0,101.855,4343870.145,-48478.04600000009,15.11627906976744
2015-09-29,2015-09-30,4497484.0,153512.0,122.86,4343849.14,-48498.743000000715,15.028901734104046
2015-09-30,2015-10-01,4484111.0,145165.0,199.614,4338746.386,-31569.433000000194,20.114942528735632
2015-10-01,2015-10-02,4484111.0,145165.0,75.143,4338870.857,-31420.889000000432,20.57142857142857
2015-10-02,2015-10-03,4484111.0,145165.0,173.162,4338772.838,-31493.40499999933,20.454545454545457
2015-10-05,2015-10-06,4484111.0,145165.0,156.558,4338789.442,-31473.983000000007,20.903954802259886
2015-10-06,2015-10-07,4484111.0,145165.0,130.247,4338815.753,-31442.77100000065,21.34831460674157
2015-10-07,2015-10-08,4486185.0,83381.0,115.434,4402688.566,58860.862999999896,90.5027932960894
2015-10-08,2015-10-09,4486185.0,83381.0,121.144,4402682.856,58756.52699999977,90.0
2015-10-09,2015-10-10,4486185.0,83381.0,109.367,4402694.633,58786.599000000395,90.05524861878453
2015-10-13,2015-10-14,4486185.0,83381.0,105.728,4402698.272,58828.12700000033,90.10989010989012
2015-10-14,2015-10-15,4504704.0,66439.0,90.184,4438174.816,94325.67599999998,100.0
2015-10-15,2015-10-16,4504704.0,66439.0,100.247,4438164.753,99418.36699999962,100.0
2015-10-16,2015-10-17,4504704.0,66439.0,123.637,4438141.363,99270.50600000005,99.45945945945947
2015-10-19,2015-10-20,4504704.0,66439.0,136.36,4438128.64,99355.80199999921,99.46236559139786
2015-10-20,2015-10-21,4504704.0,66439.0,146.257,4438118.743,99329.30099999998,98.93048128342245
2015-10-21,2015-10-22,4501372.0,60403.0,151.082,4440817.918,102002.16500000004,100.0
2015-10-22,2015-10-23,4501372.0,60403.0,152.87,4440816.13,38127.564000000246,68.78306878306879
2015-10-23,2015-10-24,4501372.0,60403.0,125.635,4440843.365,38160.509000000544,68.94736842105263
2015-10-26,2015-10-27,4501372.0,60403.0,134.597,4440834.403,38139.76999999955,68.58638743455498
2015-10-27,2015-10-28,4501372.0,60403.0,150.968,4440818.032,38119.75999999978,67.70833333333334
2015-10-28,2015-10-29,4489339.0,47100.0,155.316,4442083.684,3908.8680000007153,46.1139896373057
2015-10-29,2015-10-30,4489339.0,47100.0,172.839,4442066.161,3901.4080000007525,45.876288659793815
2015-10-30,2015-10-31,4489339.0,47100.0,225.326,4442013.674,3872.310999999754,45.64102564102564
2015-11-02,2015-11-03,4489339.0,47100.0,132.234,4442106.766,3978.126000000164,46.93877551020408
2015-11-03,2015-11-04,4489339.0,47100.0,117.622,4442121.378,4002.6349999997765,47.20812182741117
2015-11-04,2015-11-05,4489702.0,29795.0,107.406,4459799.594,18981.675999999978,55.05050505050505
2015-11-05,2015-11-06,4489702.0,29795.0,87.664,4459819.336,19003.20600000024,55.27638190954774
2015-11-06,2015-11-07,4489702.0,29795.0,70.435,4459836.565,18993.200000000186,55.00000000000001
2015-11-09,2015-11-10,4489702.0,29795.0,80.894,4459826.106,18991.702999999747,54.72636815920397
2015-11-10,2015-11-11,4489702.0,29795.0,83.13,4459823.87,19005.838000000454,55.940594059405946
2015-11-11,2015-11-12,4492012.0,107125.0,83.13,4384803.87,-57279.814000000246,9.852216748768473
2015-11-12,2015-11-13,4492012.0,107125.0,73.228,4384813.772,-57252.38900000043,10.294117647058822
2015-11-13,2015-11-14,4492012.0,107125.0,60.117,4384826.883,-57186.79099999927,10.731707317073171
2015-11-16,2015-11-17,4492012.0,107125.0,67.873,4384819.127,-57287.6389999995,9.70873786407767
2015-11-17,2015-11-18,4492012.0,107125.0,86.157,4384800.843,-57320.53499999922,9.66183574879227
2015-11-18,2015-11-19,4486721.0,133021.0,121.961,4353578.039,-106221.5549999997,2.8846153846153846
2015-11-19,2015-11-20,4486721.0,133021.0,120.822,4353579.178,-106240.15799999982,2.8708133971291865
2015-11-20,2015-11-21,4486721.0,133021.0,122.99,4353577.01,-106259.55500000063,2.857142857142857
2015-11-23,2015-11-24,4486721.0,133021.0,147.598,4353552.402,-106273.70399999991,2.843601895734597
2015-11-24,2015-11-25,4486721.0,133021.0,95.918,4353604.082,-106219.78799999971,4.716981132075472
2015-11-25,2015-11-26,4477088.0,163491.0,100.152,4313496.848,-71307.02199999988,9.859154929577464
2015-11-27,2015-11-28,4477088.0,163491.0,81.785,4313515.215,-71298.55700000003,10.2803738317757
2015-11-30,2015-12-01,4477088.0,163491.0,139.594,4313457.406,-71369.47699999996,9.767441860465116
2015-12-01,2015-12-02,4477088.0,163491.0,88.983,4313508.017,-71311.11000000034,10.185185185185185
2015-12-02,2015-12-03,4478069.0,212756.0,84.184,4265228.816,-119572.0270000007,2.7649769585253456
2015-12-03,2015-12-04,4478069.0,212756.0,74.766,4265238.234,-88339.8049999997,10.091743119266056
2015-12-04,2015-12-05,4478069.0,212756.0,69.292,4265243.708,-88335.47000000067,10.50228310502283
2015-12-07,2015-12-08,4478069.0,212756.0,77.805,4265235.195,-88341.81499999948,10.0
2015-12-08,2015-12-09,4478069.0,212756.0,75.817,4265237.183,-88315.21899999958,11.312217194570136
2015-12-09,2015-12-10,4480436.0,186624.0,87.963,4293724.037,-59880.04500000086,13.513513513513514
2015-12-10,2015-12-11,4480436.0,186624.0,86.714,4293725.286,-19771.561999999918,34.97757847533632
2015-12-11,2015-12-12,4480436.0,186624.0,89.317,4293722.683,-19792.531999999657,34.82142857142857
2015-12-14,2015-12-15,4480436.0,186624.0,86.38,4293725.62,-19731.786000000313,35.55555555555556
2015-12-15,2015-12-16,4480436.0,186624.0,95.404,4293716.596,-19791.42100000009,34.95575221238938
2015-12-16,2015-12-17,4489593.0,196343.0,102.004,4293147.996,27919.180000000633,65.19823788546255
2015-12-17,2015-12-18,4489593.0,196343.0,105.185,4293144.815,27906.58100000024,64.91228070175438
2015-12-18,2015-12-19,4489593.0,196343.0,143.223,4293106.777,27863.069000000134,64.62882096069869
2015-12-21,2015-12-22,4489593.0,196343.0,160.606,4293089.394,27854.199000000022,64.34782608695652
2015-12-22,2015-12-23,4489593.0,196343.0,185.35,4293064.65,27827.46700000018,64.06926406926407
2015-12-23,2015-12-24,4496523.0,267608.0,178.331,4228736.669,-64987.367999999784,12.931034482758621
2015-12-24,2015-12-25,4496523.0,267608.0,161.879,4228753.121,-64972.16500000004,13.304721030042918
2015-12-28,2015-12-29,4496523.0,267608.0,177.196,4228737.804,-64984.879000000656,13.247863247863249
2015-12-29,2015-12-30,4496523.0,267608.0,222.513,4228692.487,-65033.13300000038,12.76595744680851
2015-12-30,2015-12-31,4486587.0,290467.0,277.446,4195842.554,-97874.04200000037,5.084745762711865
2015-12-31,2016-01-01,4486587.0,290467.0,474.591,4195645.409,-97502.58700000029,5.485232067510549
2016-01-04,2016-01-05,4486587.0,290467.0,199.67,4195920.33,-97224.48500000034,5.88235294117647
2016-01-05,2016-01-06,4486587.0,290467.0,169.615,4195950.385,-97156.39199999999,6.2761506276150625
2016-01-06,2016-01-07,4486606.0,333220.0,126.584,4153259.416,-139829.97800000012,2.5
2016-01-07,2016-01-08,4486606.0,333220.0,116.843,4153269.157,-139795.49300000025,2.904564315352697
2016-01-08,2016-01-09,4486606.0,333220.0,99.971,4153286.029,-75450.63999999966,13.223140495867769
2016-01-11,2016-01-12,4486606.0,333220.0,97.39,4153288.61,-75464.5110000004,13.168724279835391
2016-01-12,2016-01-13,4486606.0,333220.0,86.191,4153299.809,-75437.99499999965,13.934426229508196
2016-01-13,2016-01-14,4501695.0,302983.0,84.416,4198627.584,-30064.902999999933,29.795918367346943
2016-01-14,2016-01-15,4501695.0,302983.0,78.422,4198633.578,2791.0240000002086,50.0
2016-01-15,2016-01-16,4501695.0,302983.0,90.534,4198621.466,2976.05700000003,50.20242914979757
2016-01-19,2016-01-20,4501695.0,302983.0,90.221,4198621.779,2701.4490000000224,49.596774193548384
2016-01-20,2016-01-21,4488840.0,285318.0,106.627,4203415.373,7464.987999999896,58.23293172690763
2016-01-21,2016-01-22,4488840.0,285318.0,90.44,4203431.56,50172.14399999939,85.6
2016-01-22,2016-01-23,4488840.0,285318.0,60.316,4203461.684,50192.527000000235,85.65737051792829
2016-01-25,2016-01-26,4488840.0,285318.0,80.17,4203441.83,50155.80099999998,84.92063492063492
2016-01-26,2016-01-27,4488840.0,285318.0,83.819,4203438.181,50149.570999999996,84.52380952380952
2016-01-27,2016-01-28,4482349.0,341996.0,89.304,4140263.696,-13036.112999999896,39.682539682539684
2016-01-28,2016-01-29,4482349.0,341996.0,63.251,4140289.749,-58337.83499999996,19.047619047619047
2016-01-29,2016-01-30,4482349.0,341996.0,114.573,4140238.427,-58395.150999999605,19.047619047619047
2016-02-01,2016-02-02,4482349.0,341996.0,76.79,4140276.21,-58345.25600000005,19.444444444444446
2016-02-02,2016-02-03,4482349.0,341996.0,80.127,4140272.873,-58348.90599999996,19.047619047619047
2016-02-03,2016-02-04,4483495.0,350858.0,62.461,4132574.539,-70840.8339999998,15.476190476190476
2016-02-04,2016-02-05,4483495.0,350858.0,55.893,4132581.107,-70850.45299999975,15.476190476190476
2016-02-05,2016-02-06,4483495.0,350858.0,50.888,4132586.112,-70875.57200000016,15.476190476190476
2016-02-08,2016-02-09,4483495.0,350858.0,39.132,4132597.868,-70843.96200000029,16.26984126984127
2016-02-09,2016-02-10,4483495.0,350858.0,44.123,4132592.877,-70845.304,16.26984126984127
2016-02-10,2016-02-11,4486278.0,317303.0,47.974,4168927.026,28663.330000000075,68.25396825396825
2016-02-11,2016-02-12,4486278.0,317303.0,44.482,4168930.518,28640.76900000032,67.85714285714286
2016-02-12,2016-02-13,4486278.0,317303.0,35.233,4168939.767,28701.33999999985,68.25396825396825
2016-02-16,2016-02-17,4486278.0,317303.0,34.728,4168940.272,28664.061999999918,68.25396825396825
2016-02-17,2016-02-18,4483629.0,266760.0,52.098,4216816.902,76544.02899999963,96.42857142857143
2016-02-18,2016-02-19,4483629.0,266760.0,71.581,4216797.419,84222.87999999989,97.22222222222221
2016-02-19,2016-02-20,4483629.0,266760.0,59.088,4216809.912,84228.8049999997,97.22222222222221
2016-02-22,2016-02-23,4483629.0,266760.0,54.405,4216814.595,84228.48299999954,96.82539682539682
2016-02-23,2016-02-24,4483629.0,266760.0,64.808,4216804.192,84206.32400000002,96.03174603174604
2016-02-24,2016-02-25,4489796.0,237950.0,41.065,4251804.935,119212.05799999973,100.0
2016-02-25,2016-02-26,4489796.0,237950.0,43.818,4251802.182,82875.15599999996,94.84126984126983
2016-02-26,2016-02-27,4489796.0,237950.0,56.919,4251789.081,82858.56300000008,94.44444444444444
2016-02-29,2016-03-01,4489796.0,237950.0,94.123,4251751.877,82812.11000000034,94.44444444444444
2016-03-01,2016-03-02,4489796.0,237950.0,38.763,4251807.237,82866.96499999985,94.84126984126983
2016-03-02,2016-03-03,4478485.0,237207.0,44.546,4241233.454,24416.55200000014,62.301587301587304
2016-03-03,2016-03-04,4478485.0,237207.0,50.384,4241227.616,24430.197000000626,62.698412698412696
2016-03-04,2016-03-05,4478485.0,237207.0,51.368,4241226.632,24416.72000000067,62.698412698412696
2016-03-07,2016-03-08,4478485.0,237207.0,53.724,4241224.276,24409.680999999866,62.301587301587304
2016-03-08,2016-03-09,4478485.0,237207.0,49.332,4241228.668,24424.47599999979,63.49206349206349
2016-03-09,2016-03-10,4481083.0,211443.0,47.346,4269592.654,17787.719000000507,59.523809523809526
2016-03-10,2016-03-11,4481083.0,211443.0,35.428,4269604.572,17802.389999999665,59.92063492063492
2016-03-11,2016-03-12,4481083.0,211443.0,39.73,4269600.27,17811.188999999315,60.317460317460316
2016-03-14,2016-03-15,4481083.0,211443.0,40.518,4269599.482,17847.604999999516,60.71428571428571
2016-03-15,2016-03-16,4481083.0,211443.0,38.299,4269601.701,17794.46400000062,59.92063492063492
2016-03-16,2016-03-17,4486333.0,235634.0,48.389,4250650.611,9417.156999999657,57.936507936507944
2016-03-17,2016-03-18,4486333.0,235634.0,34.869,4250664.131,9436.514999999665,58.333333333333336
2016-03-18,2016-03-19,4486333.0,235634.0,67.622,4250631.378,9404.745999999344,57.936507936507944
2016-03-21,2016-03-22,4486333.0,235634.0,55.751,4250643.249,9418.973000000231,58.333333333333336
2016-03-22,2016-03-23,4486333.0,235634.0,68.284,4250630.716,9402.048000000417,57.14285714285714
2016-03-23,2016-03-24,4492857.0,296956.0,70.075,4195830.925,-73761.72900000028,13.88888888888889
2016-03-28,2016-03-29,4492857.0,296956.0,65.481,4195835.519,-73769.05299999937,13.88888888888889
2016-03-29,2016-03-30,4492857.0,296956.0,104.77,4195796.23,-73804.0399999991,13.88888888888889
2016-03-30,2016-03-31,4482840.0,284660.0,127.119,4198052.881,-71546.60099999979,15.079365079365079
2016-03-31,2016-04-01,4482840.0,284660.0,303.849,4197876.151,-71725.55000000075,15.079365079365079
2016-04-01,2016-04-02,4482840.0,284660.0,89.118,4198090.882,-52559.72899999935,25.793650793650798
2016-04-04,2016-04-05,4482840.0,284660.0,65.692,4198114.308,-52549.82299999986,25.793650793650798
2016-04-05,2016-04-06,4482840.0,284660.0,44.369,4198135.631,-52495.74699999951,25.793650793650798
2016-04-06,2016-04-07,4484069.0,264323.0,27.455,4219718.545,-30924.70399999991,32.142857142857146
2016-04-07,2016-04-08,4484069.0,264323.0,34.065,4219711.935,-30918.781000000425,32.53968253968254
2016-04-08,2016-04-09,4484069.0,264323.0,21.618,4219724.382,23893.457000000402,65.07936507936508
2016-04-11,2016-04-12,4484069.0,264323.0,22.151,4219723.849,23888.330000000075,64.68253968253968
2016-04-12,2016-04-13,4484069.0,264323.0,18.711,4219727.289,23931.058999999426,65.07936507936508
2016-04-13,2016-04-14,4499729.0,239635.0,16.61,4260077.39,62024.50899999961,91.66666666666666
2016-04-14,2016-04-15,4499729.0,239635.0,18.241,4260075.759,62199.60800000001,91.66666666666666
2016-04-15,2016-04-16,4499729.0,239635.0,23.479,4260070.521,61979.6389999995,90.87301587301587
2016-04-18,2016-04-19,4499729.0,239635.0,38.607,4260055.393,61941.08499999996,90.47619047619048
2016-04-19,2016-04-20,4499729.0,239635.0,40.049,4260053.951,61918.3200000003,90.07936507936508
2016-04-20,2016-04-21,4490131.0,268785.0,31.971,4221314.029,1595.4840000001714,46.82539682539682
2016-04-21,2016-04-22,4490131.0,268785.0,36.555,4221309.445,1597.5100000007078,47.22222222222222
2016-04-22,2016-04-23,4490131.0,268785.0,19.084,4221326.916,1602.533999999985,47.61904761904761
2016-04-25,2016-04-26,4490131.0,268785.0,24.148,4221321.852,1598.0029999995604,47.22222222222222
2016-04-26,2016-04-27,4490131.0,268785.0,29.563,4221316.437,1589.1480000000447,46.03174603174603
2016-04-27,2016-04-28,4474665.0,346166.0,31.432,4128467.568,-131609.8219999997,3.1746031746031744
2016-04-28,2016-04-29,4474665.0,346166.0,25.526,4128473.474,-131602.28499999968,3.571428571428571
2016-04-29,2016-04-30,4474665.0,346166.0,65.558,4128433.442,-131637.0789999999,3.1746031746031744
2016-05-02,2016-05-03,4474665.0,346166.0,38.947,4128460.053,-131595.34000000032,3.968253968253968
2016-05-03,2016-05-04,4474665.0,346166.0,38.536,4128460.464,-131593.4870000002,3.968253968253968
2016-05-04,2016-05-05,4477270.0,336357.0,35.592,4140877.408,-80436.62100000028,11.507936507936508
2016-05-05,2016-05-06,4477270.0,336357.0,30.222,4140882.778,-80426.66700000037,11.507936507936508
2016-05-06,2016-05-07,4477270.0,336357.0,28.294,4140884.706,-80442.21000000043,10.714285714285714
2016-05-09,2016-05-10,4477270.0,336357.0,23.238,4140889.762,-80432.08999999985,11.11111111111111
2016-05-10,2016-05-11,4477270.0,336357.0,31.035,4140881.965,-80434.47200000007,10.714285714285714
2016-05-11,2016-05-12,4478411.0,315369.0,31.533,4163010.467,34542.89900000021,75.79365079365078
2016-05-12,2016-05-13,4478411.0,315369.0,34.843,4163007.157,34533.683000000194,75.39682539682539
2016-05-13,2016-05-14,4478411.0,315369.0,17.088,4163024.912,34591.470000000205,75.79365079365078
2016-05-16,2016-05-17,4478411.0,315369.0,20.123,4163021.877,34561.82400000002,75.39682539682539
2016-05-17,2016-05-18,4478411.0,315369.0,21.115,4163020.885,34560.420999999624,75.0
2016-05-18,2016-05-19,4473741.0,295339.0,63.92,4178338.08,37460.67200000025,75.79365079365078
2016-05-19,2016-05-20,4473741.0,295339.0,63.293,4178338.707,37455.929000000004,75.39682539682539
2016-05-20,2016-05-21,4473741.0,295339.0,60.342,4178341.658,37456.95200000005,75.39682539682539
2016-05-23,2016-05-24,4473741.0,295339.0,78.109,4178323.891,37434.128999999724,75.0
2016-05-24,2016-05-25,4473741.0,295339.0,57.676,4178344.324,37462.35900000017,76.5873015873016
2016-05-25,2016-05-26,4461111.0,268619.0,65.797,4192426.203,29415.736000000034,73.01587301587301
2016-05-26,2016-05-27,4461111.0,268619.0,58.671,4192433.329,29426.171999999788,73.4126984126984
2016-05-27,2016-05-28,4461111.0,268619.0,40.472,4192451.528,29426.61599999992,73.80952380952381
2016-05-31,2016-06-01,4461111.0,268619.0,102.627,4192389.373,29367.496000000276,72.61904761904762
2016-06-01,2016-06-02,4461393.0,267948.0,61.186,4193383.814,30362.929000000004,73.80952380952381
2016-06-02,2016-06-03,4461393.0,267948.0,62.973,4193382.027,15043.946999999695,58.333333333333336
2016-06-03,2016-06-04,4461393.0,267948.0,58.183,4193386.817,15048.10999999987,58.333333333333336
2016-06-06,2016-06-07,4461393.0,267948.0,53.352,4193391.648,15049.990000000224,58.333333333333336
2016-06-07,2016-06-08,4461393.0,267948.0,49.906,4193395.094,15071.203000000212,58.333333333333336
2016-06-08,2016-06-09,4463542.0,236351.0,41.445,4227149.555,48805.23099999968,84.12698412698413
2016-06-09,2016-06-10,4463542.0,236351.0,41.435,4227149.565,34723.3620000002,75.39682539682539
2016-06-10,2016-06-11,4463542.0,236351.0,40.5,4227150.5,34717.17100000009,75.0
2016-06-13,2016-06-14,4463542.0,236351.0,46.016,4227144.984,34693.45600000024,74.60317460317461
2016-06-14,2016-06-15,4463542.0,236351.0,34.936,4227156.064,34766.69100000011,75.39682539682539
2016-06-15,2016-06-16,4472817.0,231257.0,28.313,4241531.687,48147.87300000014,83.73015873015873
2016-06-16,2016-06-17,4472817.0,231257.0,35.1,4241524.9,48142.8730000006,83.33333333333334
2016-06-17,2016-06-18,4472817.0,231257.0,58.606,4241501.394,48114.577000000514,82.93650793650794
2016-06-20,2016-06-21,4472817.0,231257.0,67.757,4241492.243,48100.59499999974,82.53968253968253
2016-06-21,2016-06-22,4472817.0,231257.0,86.546,4241473.454,48078.35999999987,82.14285714285714
2016-06-22,2016-06-23,4482009.0,316838.0,90.386,4165080.614,-62068.94099999964,19.047619047619047
2016-06-23,2016-06-24,4482009.0,316838.0,91.509,4165079.491,-62070.07400000049,19.047619047619047
2016-06-24,2016-06-25,4482009.0,316838.0,87.498,4165083.502,-62066.99800000014,19.841269841269842
2016-06-27,2016-06-28,4482009.0,316838.0,116.639,4165054.361,-62090.62300000014,19.047619047619047
2016-06-28,2016-06-29,4482009.0,316838.0,129.102,4165041.898,-62114.1660000002,19.047619047619047
2016-06-29,2016-06-30,4466482.0,337093.0,143.206,4129245.794,-112285.89299999969,3.571428571428571
2016-06-30,2016-07-01,4466482.0,337093.0,278.809,4129110.191,-112414.70900000026,3.571428571428571
2016-07-01,2016-07-02,4466482.0,337093.0,113.428,4129275.572,-112225.82200000016,4.365079365079365
2016-07-05,2016-07-06,4466482.0,337093.0,111.242,4129277.758,-112214.48499999987,4.761904761904762
2016-07-06,2016-07-07,4470605.0,303297.0,83.401,4167224.599,-74248.85499999998,13.492063492063492
2016-07-07,2016-07-08,4470605.0,303297.0,76.407,4167231.593,2150.9789999998175,41.66666666666667
2016-07-08,2016-07-09,4470605.0,303297.0,67.516,4167240.484,2160.9930000002496,41.66666666666667
2016-07-11,2016-07-12,4470605.0,303297.0,61.876,4167246.124,2162.621999999974,42.06349206349206
2016-07-12,2016-07-13,4470605.0,303297.0,62.64,4167245.36,2190.998999999836,42.46031746031746
2016-07-13,2016-07-14,4472202.0,316064.0,48.357,4156089.643,-8952.254999999888,39.285714285714285
2016-07-14,2016-07-15,4472202.0,316064.0,30.358,4156107.642,26861.847999999765,65.47619047619048
2016-07-15,2016-07-16,4472202.0,316064.0,41.162,4156096.838,26986.64699999988,65.87301587301587
2016-07-18,2016-07-19,4472202.0,316064.0,80.813,4156057.187,26781.614999999758,65.47619047619048
2016-07-19,2016-07-20,4472202.0,316064.0,82.273,4156055.727,26777.96900000004,65.47619047619048
2016-07-20,2016-07-21,4480973.0,329150.0,79.368,4151743.632,-15480.966999999713,38.88888888888889
2016-07-21,2016-07-22,4480973.0,329150.0,70.517,4151752.483,-15479.10999999987,39.285714285714285
2016-07-22,2016-07-23,4480973.0,329150.0,44.897,4151778.103,-15462.381000000052,39.682539682539684
2016-07-25,2016-07-26,4480973.0,329150.0,49.132,4151773.868,-15472.256000000052,39.682539682539684
2016-07-26,2016-07-27,4480973.0,329150.0,69.799,4151753.201,-15492.158999999985,38.88888888888889
2016-07-27,2016-07-28,4464498.0,325499.0,67.687,4138931.313,-17158.330000000075,38.88888888888889
2016-07-28,2016-07-29,4464498.0,325499.0,45.194,4138953.806,-17153.836000000127,39.285714285714285
2016-07-29,2016-07-30,4464498.0,325499.0,110.518,4138888.482,-17208.356000000145,38.88888888888889
2016-08-01,2016-08-02,4464498.0,325499.0,72.911,4138926.089,-17131.097999999765,39.682539682539684
2016-08-02,2016-08-03,4464498.0,325499.0,80.535,4138918.465,-17137.262000000104,39.285714285714285
2016-08-03,2016-08-04,4466793.0,298813.0,68.075,4167911.925,16168.292999999598,56.74603174603175
2016-08-04,2016-08-05,4466793.0,298813.0,50.263,4167929.737,16177.25400000019,56.74603174603175
2016-08-05,2016-08-06,4466793.0,298813.0,56.235,4167923.765,16145.662000000011,55.952380952380956
2016-08-08,2016-08-09,4466793.0,298813.0,60.625,4167919.375,16145.507000000216,55.55555555555556
2016-08-09,2016-08-10,4466793.0,298813.0,66.881,4167913.119,16159.918000000063,55.952380952380956
2016-08-10,2016-08-11,4468929.0,259832.0,80.174,4209016.826,70085.51300000027,93.25396825396825
2016-08-11,2016-08-12,4468929.0,259832.0,80.145,4209016.855,70063.04900000058,92.85714285714286
2016-08-12,2016-08-13,4468929.0,259832.0,37.278,4209059.722,70171.24000000022,93.25396825396825
2016-08-15,2016-08-16,4468929.0,259832.0,56.95,4209040.05,70113.96099999966,92.85714285714286
2016-08-16,2016-08-17,4468929.0,259832.0,76.397,4209020.603,70102.13800000027,92.46031746031747
2016-08-17,2016-08-18,4466476.0,260810.0,81.337,4205584.663,37672.737999999896,76.98412698412699
2016-08-18,2016-08-19,4466476.0,260810.0,95.089,4205570.911,37641.174000000115,76.5873015873016
2016-08-19,2016-08-20,4466476.0,260810.0,101.468,4205564.532,37640.76699999953,76.19047619047619
2016-08-22,2016-08-23,4466476.0,260810.0,116.124,4205549.876,37630.501000000164,75.79365079365078
2016-08-23,2016-08-24,4466476.0,260810.0,121.654,4205544.346,37631.226999999955,75.79365079365078
2016-08-24,2016-08-25,4473840.0,254376.0,95.35,4219368.65,10351.824000000022,48.80952380952381
2016-08-25,2016-08-26,4473840.0,254376.0,72.817,4219391.183,10374.327999999747,49.2063492063492
2016-08-26,2016-08-27,4473840.0,254376.0,76.532,4219387.468,10327.746000000276,48.80952380952381
2016-08-29,2016-08-30,4473840.0,254376.0,79.731,4219384.269,10344.219000000507,49.2063492063492
2016-08-30,2016-08-31,4473840.0,254376.0,101.422,4219362.578,10341.974999999627,49.2063492063492
2016-08-31,2016-09-01,4457907.0,274195.0,171.368,4183540.632,-22044.030999999493,33.33333333333333
2016-09-01,2016-09-02,4457907.0,274195.0,90.607,4183621.393,-21949.518000000156,33.730158730158735
2016-09-02,2016-09-03,4457907.0,274195.0,96.194,4183615.806,-21948.72599999979,34.12698412698413
2016-09-06,2016-09-07,4457907.0,274195.0,92.733,4183619.267,-21930.60900000017,34.523809523809526
2016-09-07,2016-09-08,4459394.0,236154.0,79.08,4223160.92,17616.574000000022,57.53968253968254
2016-09-08,2016-09-09,4459394.0,236154.0,60.729,4223179.271,3810.6209999993443,46.03174603174603
2016-09-09,2016-09-10,4459394.0,236154.0,78.784,4223161.216,3770.032999999821,46.03174603174603
2016-09-12,2016-09-13,4459394.0,236154.0,86.056,4223153.944,3766.4759999997914,46.03174603174603
2016-09-13,2016-09-14,4459394.0,236154.0,83.109,4223156.891,3772.6219999995083,46.82539682539682
2016-09-14,2016-09-15,4481635.0,243082.0,64.485,4238488.515,19125.936999999918,63.49206349206349
2016-09-15,2016-09-16,4481635.0,243082.0,55.994,4238497.006,54956.373999999836,88.09523809523809
2016-09-16,2016-09-17,4481635.0,243082.0,100.761,4238452.239,54830.8459999999,87.6984126984127
2016-09-19,2016-09-20,4481635.0,243082.0,125.636,4238427.364,54811.558000000194,87.3015873015873
2016-09-20,2016-09-21,4481635.0,243082.0,156.685,4238396.315,54777.04800000042,86.90476190476191
2016-09-21,2016-09-22,4473032.0,340448.0,176.835,4132407.165,-90753.75499999989,8.73015873015873
2016-09-22,2016-09-23,4473032.0,340448.0,194.053,4132389.947,-90789.32399999956,8.73015873015873
2016-09-23,2016-09-24,4473032.0,340448.0,174.726,4132409.274,-90751.9419999998,9.523809523809524
2016-09-26,2016-09-27,4473032.0,340448.0,200.068,4132383.932,-90770.0120000001,9.126984126984127
2016-09-27,2016-09-28,4473032.0,340448.0,239.7,4132344.3,-90812.59100000001,8.73015873015873
2016-09-28,2016-09-29,4452002.0,351700.0,272.277,4100029.723,-138458.79199999943,1.1904761904761905
2016-09-29,2016-09-30,4452002.0,351700.0,271.847,4100030.153,-138466.85300000012,1.1904761904761905
2016-09-30,2016-10-01,4452002.0,351700.0,412.523,4099889.477,-138562.7620000001,1.1904761904761905
2016-10-03,2016-10-04,4452002.0,351700.0,320.889,4099981.111,-138446.25300000003,2.380952380952381
2016-10-04,2016-10-05,4452002.0,351700.0,306.041,4099995.959,-138400.3560000006,2.7777777777777777
2016-10-05,2016-10-06,4459407.0,347760.0,297.964,4111349.036,-21058.12900000019,35.714285714285715
2016-10-06,2016-10-07,4459407.0,347760.0,237.619,4111409.381,-20980.566000000108,35.714285714285715
2016-10-07,2016-10-08,4459407.0,347760.0,226.065,4111420.935,-20988.339000000153,35.317460317460316
2016-10-11,2016-10-12,4459407.0,347760.0,201.546,4111445.454,-20938.47800000012,36.11111111111111
2016-10-12,2016-10-13,4457698.0,356185.0,188.671,4101324.329,-31019.970999999903,32.142857142857146
2016-10-13,2016-10-14,4457698.0,356185.0,180.971,4101332.029,1302.305999999866,43.25396825396825
2016-10-14,2016-10-15,4457698.0,356185.0,133.359,4101379.641,1349.4879999998957,43.65079365079365
2016-10-17,2016-10-18,4457698.0,356185.0,124.407,4101388.593,1499.1159999999218,44.047619047619044
2016-10-18,2016-10-19,4457698.0,356185.0,174.966,4101338.034,1356.9229999999516,44.047619047619044
2016-10-19,2016-10-20,4467382.0,391988.0,191.81,4075202.19,-24793.768999999855,33.730158730158735
2016-10-20,2016-10-21,4467382.0,391988.0,172.312,4075221.688,-36127.347999999765,32.142857142857146
2016-10-21,2016-10-22,4467382.0,391988.0,181.285,4075212.715,-36196.6660000002,32.142857142857146
2016-10-24,2016-10-25,4467382.0,391988.0,142.574,4075251.426,-36169.50900000008,32.53968253968254
2016-10-25,2016-10-26,4467382.0,391988.0,132.403,4075261.597,-36183.85699999984,32.53968253968254
2016-10-26,2016-10-27,4454326.0,429027.0,142.065,4025156.935,-76167.39399999985,16.26984126984127
2016-10-27,2016-10-28,4454326.0,429027.0,135.113,4025163.887,-76168.14199999999,16.26984126984127
2016-10-28,2016-10-29,4454326.0,429027.0,129.983,4025169.017,-76210.62399999984,16.26984126984127
2016-10-31,2016-11-01,4454326.0,429027.0,214.798,4025084.202,-76304.39099999983,16.26984126984127
2016-11-01,2016-11-02,4454326.0,429027.0,171.89,4025127.11,-76210.92400000012,16.666666666666664
2016-11-02,2016-11-03,4453087.0,417665.0,176.232,4035245.768,-39956.42199999979,34.12698412698413
2016-11-03,2016-11-04,4453087.0,417665.0,148.543,4035273.457,-39948.231000000145,34.523809523809526
2016-11-04,2016-11-05,4453087.0,417665.0,136.483,4035285.517,-39927.19799999986,34.92063492063492
2016-11-07,2016-11-08,4453087.0,417665.0,128.671,4035293.329,-39958.09700000007,34.12698412698413
2016-11-08,2016-11-09,4453087.0,417665.0,127.33,4035294.67,-39966.92700000014,34.12698412698413
2016-11-09,2016-11-10,4455087.0,376217.0,130.993,4078739.007,53582.07200000016,90.47619047619048
2016-11-10,2016-11-11,4455087.0,376217.0,99.936,4078770.064,53606.176999999676,90.47619047619048
2016-11-14,2016-11-15,4455087.0,376217.0,81.448,4078788.552,53619.53500000015,90.47619047619048
2016-11-15,2016-11-16,4455087.0,376217.0,102.247,4078767.753,53683.55099999998,90.47619047619048
2016-11-16,2016-11-17,4453633.0,400625.0,116.044,4052891.956,27764.845999999903,71.82539682539682
2016-11-17,2016-11-18,4453633.0,400625.0,92.397,4052915.603,17669.834999999963,64.28571428571429
2016-11-18,2016-11-19,4453633.0,400625.0,116.091,4052891.909,17618.45200000005,63.888888888888886
2016-11-21,2016-11-22,4453633.0,400625.0,135.387,4052872.613,17587.095999999903,63.095238095238095
2016-11-22,2016-11-23,4453633.0,400625.0,128.222,4052879.778,17586.449000000022,62.698412698412696
2016-11-23,2016-11-24,4465782.0,399665.0,119.371,4065997.629,30702.959000000264,77.38095238095238
2016-11-25,2016-11-26,4465782.0,399665.0,121.165,4065995.835,-12743.172000000253,45.63492063492063
2016-11-28,2016-11-29,4465782.0,399665.0,146.903,4065970.097,-12799.966999999713,45.23809523809524
2016-11-29,2016-11-30,4465782.0,399665.0,138.401,4065978.599,-12809.953000000212,44.84126984126984
2016-11-30,2016-12-01,4446307.0,409360.0,208.524,4036738.476,-42029.277000000235,29.761904761904763
2016-12-01,2016-12-02,4446307.0,409360.0,159.215,4036787.785,-16104.170999999624,42.06349206349206
2016-12-02,2016-12-03,4446307.0,409360.0,167.881,4036779.119,-16136.484000000171,41.66666666666667
2016-12-05,2016-12-06,4446307.0,409360.0,168.369,4036778.631,-16113.277999999933,41.66666666666667
2016-12-06,2016-12-07,4446307.0,409360.0,185.55,4036761.45,-16111.16299999971,41.66666666666667
2016-12-07,2016-12-08,4448618.0,343355.0,185.812,4105077.188,52197.41000000015,88.88888888888889
2016-12-08,2016-12-09,4448618.0,343355.0,186.313,4105076.687,39079.05799999973,84.52380952380952
2016-12-09,2016-12-10,4448618.0,343355.0,185.799,4105077.201,39081.36599999992,84.52380952380952
2016-12-12,2016-12-13,4448618.0,343355.0,189.33,4105073.67,39103.57299999986,84.52380952380952
2016-12-13,2016-12-14,4448618.0,343355.0,238.46,4105024.54,39045.94100000011,83.33333333333334
2016-12-14,2016-12-15,4470973.0,324525.0,169.563,4146278.437,109539.96100000013,99.60317460317461
2016-12-15,2016-12-16,4470973.0,324525.0,199.654,4146248.346,109460.56099999975,99.20634920634922
2016-12-16,2016-12-17,4470973.0,324525.0,213.706,4146234.294,109455.17500000028,98.80952380952381
2016-12-19,2016-12-20,4470973.0,324525.0,237.525,4146210.475,109431.84400000004,98.4126984126984
2016-12-20,2016-12-21,4470973.0,324525.0,277.354,4146170.646,109409.196,98.01587301587301
2016-12-21,2016-12-22,4469089.0,388497.0,307.477,4080284.523,-24792.665000000037,32.142857142857146
2016-12-22,2016-12-23,4469089.0,388497.0,312.338,4080279.662,-24797.024999999907,31.746031746031743
2016-12-23,2016-12-24,4469089.0,388497.0,280.643,4080311.357,-24765.84400000004,32.93650793650794
2016-12-27,2016-12-28,4469089.0,388497.0,294.061,4080297.939,-24775.731000000145,32.93650793650794
2016-12-28,2016-12-29,4451451.0,380679.0,323.912,4070448.088,-34576.45200000005,29.761904761904763
2016-12-29,2016-12-30,4451451.0,380679.0,346.472,4070425.528,-75852.90899999999,14.285714285714285
2016-12-30,2016-12-31,4451451.0,380679.0,468.355,4070303.645,-75944.70099999988,14.285714285714285
2017-01-03,2017-01-04,4451451.0,380679.0,287.236,4070484.764,-75749.53000000026,15.079365079365079
2017-01-04,2017-01-05,4453101.0,387989.0,266.468,4064845.532,-81364.94299999997,9.920634920634921
2017-01-05,2017-01-06,4453101.0,387989.0,233.43,4064878.57,-81292.07600000035,9.920634920634921
2017-01-06,2017-01-07,4453101.0,387989.0,209.205,4064902.795,-15381.72800000012,42.06349206349206
2017-01-09,2017-01-10,4453101.0,387989.0,191.97,4064920.03,-15359.632000000216,42.06349206349206
2017-01-10,2017-01-11,4453101.0,387989.0,180.715,4064931.285,-15380.071999999695,41.66666666666667
2017-01-11,2017-01-12,4452509.0,372492.0,158.82,4079858.18,-439.75899999961257,44.047619047619044
2017-01-12,2017-01-13,4452509.0,372492.0,141.218,4079875.782,9427.694000000134,53.96825396825397
2017-01-13,2017-01-14,4452509.0,372492.0,88.201,4079928.799,9503.271000000183,54.36507936507936
2017-01-17,2017-01-18,4452509.0,372492.0,96.798,4079920.202,9616.55700000003,54.36507936507936
2017-01-18,2017-01-19,4460758.0,366090.0,130.118,4094537.882,24053.11800000025,65.47619047619048
2017-01-19,2017-01-20,4460758.0,366090.0,138.637,4094529.363,29683.830999999773,72.61904761904762
2017-01-20,2017-01-21,4460758.0,366090.0,148.785,4094519.215,29640.64500000002,72.22222222222221
2017-01-23,2017-01-24,4460758.0,366090.0,156.316,4094511.684,29608.888999999966,71.82539682539682
2017-01-24,2017-01-25,4460758.0,366090.0,110.193,4094557.807,29637.777000000235,71.82539682539682
2017-01-25,2017-01-26,4452838.0,390842.0,108.36,4061887.64,-3043.6450000000186,42.46031746031746
2017-01-26,2017-01-27,4452838.0,390842.0,94.67,4061901.33,-17956.850000000093,33.730158730158735
2017-01-27,2017-01-28,4452838.0,390842.0,108.772,4061887.228,-17988.554000000004,33.730158730158735
2017-01-30,2017-01-31,4452838.0,390842.0,101.514,4061894.486,-18034.313000000082,33.730158730158735
2017-01-31,2017-02-01,4452838.0,390842.0,180.162,4061815.838,-18104.36400000006,33.730158730158735
2017-02-01,2017-02-02,4453881.0,374841.0,133.73,4078906.27,-15631.612000000197,38.492063492063494
2017-02-02,2017-02-03,4453881.0,374841.0,111.12,4078928.88,-15600.483000000007,38.492063492063494
2017-02-03,2017-02-04,4453881.0,374841.0,117.361,4078922.639,-15596.575999999885,38.492063492063494
2017-02-06,2017-02-07,4453881.0,374841.0,125.66,4078914.34,-15597.344000000041,38.095238095238095
2017-02-07,2017-02-08,4453881.0,374841.0,131.659,4078908.341,-15649.466000000015,36.904761904761905
2017-02-08,2017-02-09,4456236.0,305735.0,122.934,4150378.066,88490.42599999998,97.61904761904762
2017-02-09,2017-02-10,4456236.0,305735.0,83.894,4150417.106,88515.77600000007,97.61904761904762
2017-02-10,2017-02-11,4456236.0,305735.0,74.169,4150426.831,88539.60299999965,97.61904761904762
2017-02-13,2017-02-14,4456236.0,305735.0,98.103,4150402.897,88508.41099999985,96.82539682539682
2017-02-14,2017-02-15,4456236.0,305735.0,87.998,4150413.002,88597.16399999987,97.61904761904762
2017-02-15,2017-02-16,4454676.0,309919.0,105.123,4144651.877,65745.60699999984,90.07936507936508
2017-02-16,2017-02-17,4454676.0,309919.0,104.978,4144652.022,65723.14199999999,89.68253968253968
2017-02-17,2017-02-18,4454676.0,309919.0,147.243,4144609.757,65687.11800000025,89.28571428571429
2017-02-21,2017-02-22,4454676.0,309919.0,163.259,4144593.741,65679.40100000007,89.28571428571429
2017-02-22,2017-02-23,4468702.0,258292.0,177.833,4210232.167,131323.82600000035,100.0
2017-02-23,2017-02-24,4468702.0,258292.0,187.176,4210222.824,59844.757999999914,87.3015873015873
2017-02-24,2017-02-25,4468702.0,258292.0,160.882,4210249.118,59832.01199999964,87.3015873015873
2017-02-27,2017-02-28,4468702.0,258292.0,153.382,4210256.618,59829.78700000001,87.3015873015873
2017-02-28,2017-03-01,4468702.0,258292.0,204.651,4210205.349,59802.452000000514,87.3015873015873
2017-03-01,2017-03-02,4458018.0,175496.0,156.01,4282365.99,131952.98800000036,100.0
2017-03-02,2017-03-03,4458018.0,175496.0,168.142,4282353.858,137701.98100000015,100.0
2017-03-03,2017-03-04,4458018.0,175496.0,193.272,4282328.728,137676.70600000024,99.60317460317461
2017-03-06,2017-03-07,4458018.0,175496.0,205.21,4282316.79,137707.03299999982,100.0
2017-03-07,2017-03-08,4458018.0,175496.0,208.765,4282313.235,137719.4940000004,100.0
2017-03-08,2017-03-09,4459840.0,88220.0,212.124,4371407.876,161175.7089999998,100.0
2017-03-09,2017-03-10,4459840.0,88220.0,217.831,4371402.169,161179.34499999974,100.0
2017-03-10,2017-03-11,4459840.0,88220.0,233.046,4371386.954,161137.83600000013,99.20634920634922
2017-03-13,2017-03-14,4459840.0,88220.0,232.962,4371387.038,161130.41999999993,98.80952380952381
2017-03-14,2017-03-15,4459840.0,88220.0,200.798,4371419.202,161213.8529999992,100.0
2017-03-15,2017-03-16,4469577.0,38579.0,226.51,4430771.49,148405.5,98.01587301587301
2017-03-16,2017-03-17,4469577.0,38579.0,209.114,4430788.886,148435.02799999993,98.01587301587301
2017-03-17,2017-03-18,4469577.0,38579.0,240.669,4430757.331,148428.60300000012,97.61904761904762
2017-03-20,2017-03-21,4469577.0,38579.0,235.827,4430762.173,148445.38300000038,98.01587301587301
2017-03-21,2017-03-22,4469577.0,38579.0,237.331,4430760.669,148447.43399999943,98.01587301587301
2017-03-22,2017-03-23,4478236.0,70827.0,251.013,4407157.987,35750.11099999957,71.03174603174604
2017-03-23,2017-03-24,4478236.0,70827.0,231.463,4407177.537,35775.367999999784,71.03174603174604
2017-03-24,2017-03-25,4478236.0,70827.0,200.237,4407208.763,35821.80900000036,71.03174603174604
2017-03-27,2017-03-28,4478236.0,70827.0,215.473,4407193.527,35806.48900000006,70.63492063492063
2017-03-28,2017-03-29,4478236.0,70827.0,224.475,4407184.525,35765.32300000079,69.84126984126983
2017-03-29,2017-03-30,4469618.0,65187.0,260.357,4404170.643,-26600.847000000067,24.206349206349206
2017-03-30,2017-03-31,4469618.0,65187.0,224.134,4404206.866,-26582.019999999553,24.206349206349206
2017-03-31,2017-04-01,4469618.0,65187.0,346.853,4404084.147,-26673.184000000358,23.41269841269841
2017-04-03,2017-04-04,4469618.0,65187.0,233.582,4404197.418,-26564.75500000082,24.206349206349206
2017-04-04,2017-04-05,4469618.0,65187.0,207.711,4404223.289,-26537.37999999989,24.206349206349206
2017-04-05,2017-04-06,4474634.0,89210.0,174.644,4385249.356,-21908.631000000052,27.77777777777778
2017-04-06,2017-04-07,4474634.0,89210.0,117.337,4385306.663,-21870.873999999836,27.77777777777778
2017-04-07,2017-04-08,4474634.0,89210.0,117.774,4385306.226,-21902.537000000477,27.380952380952383
2017-04-10,2017-04-11,4474634.0,89210.0,120.504,4385303.496,-21890.030999999493,27.380952380952383
2017-04-11,2017-04-12,4474634.0,89210.0,114.753,4385309.247,-21875.277999999933,27.77777777777778
2017-04-12,2017-04-13,4484492.0,122218.0,105.528,4362168.472,-42002.17100000009,16.666666666666664
2017-04-17,2017-04-18,4484492.0,122218.0,64.37,4362209.63,-41997.2360000005,17.063492063492063
2017-04-18,2017-04-19,4484492.0,122218.0,109.402,4362164.598,-41919.54899999965,17.46031746031746
2017-04-19,2017-04-20,4479270.0,164543.0,116.567,4314610.433,-89586.9849999994,7.936507936507936
2017-04-20,2017-04-21,4479270.0,164543.0,128.726,4314598.274,-89625.01499999966,7.936507936507936
2017-04-21,2017-04-22,4479270.0,164543.0,136.521,4314590.479,-70658.8769999994,15.079365079365079
2017-04-24,2017-04-25,4479270.0,164543.0,118.667,4314608.333,-70698.33000000007,15.079365079365079
2017-04-25,2017-04-26,4479270.0,164543.0,116.956,4314610.044,-70696.18200000003,15.476190476190476
2017-04-26,2017-04-27,4470142.0,234219.0,122.323,4235800.677,-149502.81900000013,0.3968253968253968
2017-04-27,2017-04-28,4470142.0,234219.0,127.826,4235795.174,-149514.0730000008,0.3968253968253968
2017-04-28,2017-04-29,4470142.0,234219.0,181.976,4235741.024,-126427.44799999986,5.158730158730158
2017-05-01,2017-05-02,4470142.0,234219.0,162.198,4235760.802,-126448.82799999975,5.158730158730158
2017-05-02,2017-05-03,4470142.0,234219.0,183.851,4235739.149,-126425.44900000002,5.555555555555555
2017-05-03,2017-05-04,4471246.0,244655.0,186.667,4226404.333,-88206.10000000056,9.920634920634921
2017-05-04,2017-05-05,4471246.0,244655.0,152.793,4226438.207,-88160.0669999998,9.920634920634921
2017-05-05,2017-05-06,4471246.0,244655.0,156.789,4226434.211,-88156.26800000016,9.920634920634921
2017-05-08,2017-05-09,4471246.0,244655.0,162.58,4226428.42,-88179.91299999971,9.126984126984127
2017-05-09,2017-05-10,4471246.0,244655.0,167.302,4226423.698,-88186.3459999999,9.126984126984127
2017-05-10,2017-05-11,4473459.0,199013.0,187.269,4274258.731,38458.05399999954,76.98412698412699
2017-05-11,2017-05-12,4473459.0,199013.0,161.232,4274284.768,38489.59400000051,76.98412698412699
2017-05-12,2017-05-13,4473459.0,199013.0,167.696,4274278.304,38537.27999999933,76.98412698412699
2017-05-15,2017-05-16,4473459.0,199013.0,144.99,4274301.01,38540.207999999635,76.98412698412699
2017-05-16,2017-05-17,4473459.0,199013.0,157.693,4274288.307,38549.15799999982,76.98412698412699
2017-05-17,2017-05-18,4467108.0,186080.0,167.158,4280860.842,54456.509000000544,82.93650793650794
2017-05-18,2017-05-19,4467108.0,186080.0,185.287,4280842.713,54404.50600000005,82.53968253968253
2017-05-19,2017-05-20,4467108.0,186080.0,182.273,4280845.727,54411.51599999983,82.53968253968253
2017-05-22,2017-05-23,4467108.0,186080.0,185.031,4280842.969,54414.54899999965,82.53968253968253
2017-05-23,2017-05-24,4467108.0,186080.0,198.865,4280829.135,54405.43699999992,81.74603174603175
2017-05-24,2017-05-25,4470852.0,167165.0,184.946,4303502.054,29243.32299999986,62.301587301587304
2017-05-25,2017-05-26,4470852.0,167165.0,153.451,4303533.549,29248.780999999493,62.698412698412696
2017-05-26,2017-05-27,4470852.0,167165.0,168.041,4303518.959,29240.65500000026,62.301587301587304
2017-05-30,2017-05-31,4470852.0,167165.0,182.065,4303504.935,29203.924999999814,62.301587301587304
2017-05-31,2017-06-01,4459914.0,170984.0,256.176,4288673.824,14385.516999999993,53.96825396825397
2017-06-01,2017-06-02,4459914.0,170984.0,163.755,4288766.245,7905.402999999933,50.79365079365079
2017-06-02,2017-06-03,4459914.0,170984.0,170.496,4288759.504,7916.79099999927,51.19047619047619
2017-06-05,2017-06-06,4459914.0,170984.0,164.208,4288765.792,7920.06500000041,51.587301587301596
2017-06-06,2017-06-07,4459914.0,170984.0,160.949,4288769.051,7926.082000000402,51.98412698412699
2017-06-07,2017-06-08,4462443.0,152444.0,165.138,4309833.862,29004.726999999955,63.888888888888886
2017-06-08,2017-06-09,4462443.0,152444.0,151.582,4309847.418,6345.36400000006,50.79365079365079
2017-06-09,2017-06-10,4462443.0,152444.0,155.344,4309843.656,6310.107000000775,50.79365079365079
2017-06-12,2017-06-13,4462443.0,152444.0,152.198,4309846.802,6327.843000000343,51.19047619047619
2017-06-13,2017-06-14,4462443.0,152444.0,172.973,4309826.027,6321.092000000179,51.19047619047619
2017-06-14,2017-06-15,4476269.0,153646.0,163.056,4322459.944,33786.12000000011,68.25396825396825
2017-06-15,2017-06-16,4476269.0,153646.0,131.378,4322491.622,33725.37700000033,68.25396825396825
2017-06-16,2017-06-17,4476269.0,153646.0,158.566,4322464.434,33704.93000000063,68.25396825396825
2017-06-19,2017-06-20,4476269.0,153646.0,166.745,4322456.255,33690.46299999952,68.25396825396825
2017-06-20,2017-06-21,4476269.0,153646.0,192.347,4322430.653,33661.601999999955,68.25396825396825
2017-06-21,2017-06-22,4474257.0,212275.0,198.769,4261783.231,-48050.63100000005,18.253968253968253
2017-06-22,2017-06-23,4474257.0,212275.0,195.144,4261786.856,-48060.56199999992,18.253968253968253
2017-06-23,2017-06-24,4474257.0,212275.0,201.475,4261780.525,-48063.13100000005,18.253968253968253
2017-06-26,2017-06-27,4474257.0,212275.0,185.227,4261796.773,-48050.0290000001,19.444444444444446
2017-06-27,2017-06-28,4474257.0,212275.0,212.664,4261769.336,-48056.69099999964,18.650793650793652
2017-06-28,2017-06-29,4463347.0,208365.0,263.699,4254718.301,-67741.64300000016,16.26984126984127
2017-06-29,2017-06-30,4463347.0,208365.0,269.565,4254712.435,-67779.18700000085,16.26984126984127
2017-06-30,2017-07-01,4463347.0,208365.0,398.875,4254583.125,-67881.30900000036,16.26984126984127
2017-07-03,2017-07-04,4463347.0,208365.0,255.693,4254726.307,-67729.94799999986,17.46031746031746
2017-07-05,2017-07-06,4467272.0,177006.0,240.029,4290025.971,-32404.68200000003,25.0
2017-07-06,2017-07-07,4467272.0,177006.0,189.992,4290076.008,28292.7770000007,65.47619047619048
2017-07-07,2017-07-08,4467272.0,177006.0,189.214,4290076.786,28289.930000000633,65.07936507936508
2017-07-10,2017-07-11,4467272.0,177006.0,189.721,4290076.279,28295.753999999724,65.47619047619048
2017-07-11,2017-07-12,4467272.0,177006.0,173.774,4290092.226,28295.452999999747,65.07936507936508
2017-07-12,2017-07-13,4466702.0,171033.0,179.172,4295489.828,33720.49199999962,70.63492063492063
2017-07-13,2017-07-14,4466702.0,171033.0,162.379,4295506.621,40788.3200000003,78.96825396825396
2017-07-14,2017-07-15,4466702.0,171033.0,136.231,4295532.769,40820.33400000073,78.96825396825396
2017-07-17,2017-07-18,4466702.0,171033.0,122.436,4295546.564,40963.439000000246,78.96825396825396
2017-07-18,2017-07-19,4466702.0,171033.0,157.322,4295511.678,40785.371000000276,77.77777777777779
2017-07-19,2017-07-20,4476903.0,180400.0,144.731,4296358.269,6332.298000000417,50.0
2017-07-20,2017-07-21,4476903.0,180400.0,126.676,4296376.324,6300.315999999642,48.80952380952381
2017-07-21,2017-07-22,4476903.0,180400.0,122.712,4296380.288,6303.5019999993965,49.2063492063492
2017-07-24,2017-07-25,4476903.0,180400.0,95.123,4296407.877,6331.598000000231,50.79365079365079
2017-07-25,2017-07-26,4476903.0,180400.0,74.54,4296428.46,6336.234000000171,51.19047619047619
2017-07-26,2017-07-27,4465284.0,191404.0,103.311,4273776.689,-21713.1389999995,31.746031746031743
2017-07-27,2017-07-28,4465284.0,191404.0,95.636,4273784.364,-21722.257000000216,31.746031746031743
2017-07-28,2017-07-29,4465284.0,191404.0,108.479,4273771.521,-21761.248000000603,31.746031746031743
2017-07-31,2017-08-01,4465284.0,191404.0,204.622,4273675.378,-21871.186000000685,31.349206349206348
2017-08-01,2017-08-02,4465284.0,191404.0,98.069,4273781.931,-21729.74700000044,32.53968253968254
2017-08-02,2017-08-03,4466846.0,180348.0,119.334,4286378.666,-9979.60300000012,44.047619047619044
2017-08-03,2017-08-04,4466846.0,180348.0,87.844,4286410.156,-9966.167999999598,44.047619047619044
2017-08-04,2017-08-05,4466846.0,180348.0,93.778,4286404.222,-9976.065999999642,43.65079365079365
2017-08-07,2017-08-08,4466846.0,180348.0,104.061,4286393.939,-10013.938000000082,42.857142857142854
2017-08-08,2017-08-09,4466846.0,180348.0,103.612,4286394.388,-10034.071999999695,42.857142857142854
2017-08-09,2017-08-10,4469083.0,149862.0,103.95,4319117.05,45340.36099999957,78.96825396825396
2017-08-10,2017-08-11,4469083.0,149862.0,90.273,4319130.727,45346.362999999896,78.96825396825396
2017-08-11,2017-08-12,4469083.0,149862.0,95.534,4319125.466,45353.9450000003,78.96825396825396
2017-08-14,2017-08-15,4469083.0,149862.0,74.682,4319146.318,45470.94000000041,78.96825396825396
2017-08-15,2017-08-16,4469083.0,149862.0,71.382,4319149.618,45367.68699999992,78.96825396825396
2017-08-16,2017-08-17,4462871.0,130954.0,92.84,4331824.16,45445.49399999995,79.36507936507937
2017-08-17,2017-08-18,4462871.0,130954.0,78.582,4331838.418,45428.26199999917,79.36507936507937
2017-08-18,2017-08-19,4462871.0,130954.0,129.105,4331787.895,45383.672999999486,79.36507936507937
2017-08-21,2017-08-22,4462871.0,130954.0,144.1,4331772.9,45378.96100000013,79.36507936507937
2017-08-22,2017-08-23,4462871.0,130954.0,166.094,4331750.906,45356.51800000016,78.57142857142857
2017-08-23,2017-08-24,4463837.0,82077.0,169.793,4381590.207,62473.15700000059,88.09523809523809
2017-08-24,2017-08-25,4463837.0,82077.0,130.879,4381629.121,62498.39400000032,88.09523809523809
2017-08-25,2017-08-26,4463837.0,82077.0,122.167,4381637.833,62512.36699999962,88.09523809523809
2017-08-28,2017-08-29,4463837.0,82077.0,121.947,4381638.053,62491.735000000335,87.3015873015873
2017-08-29,2017-08-30,4463837.0,82077.0,127.243,4381632.757,62483.13900000043,86.90476190476191
2017-08-30,2017-08-31,4452360.0,61057.0,146.086,4391156.914,59332.753999999724,84.52380952380952
2017-08-31,2017-09-01,4452360.0,61057.0,213.486,4391089.514,59251.096000000834,84.12698412698413
2017-09-01,2017-09-02,4452360.0,61057.0,124.952,4391178.048,59390.153000000864,84.52380952380952
2017-09-05,2017-09-06,4452360.0,61057.0,136.131,4391166.869,59393.968999999575,84.52380952380952
2017-09-06,2017-09-07,4453474.0,37563.0,145.128,4415765.872,84014.96600000001,89.68253968253968
2017-09-07,2017-09-08,4453474.0,37563.0,126.607,4415784.393,34194.185999999754,65.87301587301587
2017-09-08,2017-09-09,4453474.0,37563.0,113.842,4415797.158,34168.036999999546,65.47619047619048
2017-09-11,2017-09-12,4453474.0,37563.0,115.972,4415795.028,34157.1950000003,65.07936507936508
2017-09-12,2017-09-13,4453474.0,37563.0,127.019,4415783.981,34145.927999999374,64.68253968253968
2017-09-13,2017-09-14,4471174.0,70232.0,125.668,4400816.332,19183.575000000186,55.55555555555556
2017-09-14,2017-09-15,4471174.0,70232.0,97.564,4400844.436,9687.52199999988,52.77777777777778
2017-09-15,2017-09-16,4471174.0,70232.0,109.645,4400832.355,9742.841000000015,52.77777777777778
2017-09-18,2017-09-19,4471174.0,70232.0,138.909,4400803.091,9625.042999999598,51.98412698412699
2017-09-19,2017-09-20,4471174.0,70232.0,156.728,4400785.272,9618.402999999933,51.98412698412699
2017-09-20,2017-09-21,4458576.0,127782.0,168.025,4330625.975,-85139.89700000081,9.126984126984127
2017-09-21,2017-09-22,4458576.0,127782.0,152.866,4330641.134,-85143.25900000054,9.126984126984127
2017-09-22,2017-09-23,4458576.0,127782.0,157.33,4330636.67,-85160.4879999999,9.126984126984127
2017-09-25,2017-09-26,4458576.0,127782.0,158.503,4330635.497,-85159.5309999995,9.523809523809524
2017-09-26,2017-09-27,4458576.0,127782.0,173.715,4330620.285,-85163.69599999953,8.73015873015873
2017-09-27,2017-09-28,4455661.0,164652.0,220.083,4290788.917,-110027.41500000004,4.365079365079365
2017-09-28,2017-09-29,4455661.0,164652.0,208.936,4290800.064,-110044.37199999951,4.365079365079365
2017-09-29,2017-09-30,4455661.0,164652.0,316.09,4290692.91,-110139.4450000003,4.365079365079365
2017-10-02,2017-10-03,4455661.0,164652.0,190.377,4290818.623,-109984.46800000034,5.555555555555555
2017-10-03,2017-10-04,4455661.0,164652.0,181.605,4290827.395,-109957.87700000033,5.555555555555555
2017-10-04,2017-10-05,4460422.0,160433.0,178.738,4299810.262,-30815.712999999523,25.396825396825395
2017-10-05,2017-10-06,4460422.0,160433.0,132.827,4299856.173,-30784.960999999195,25.396825396825395
2017-10-06,2017-10-07,4460422.0,160433.0,119.529,4299869.471,-30767.199000000022,25.396825396825395
2017-10-10,2017-10-11,4460422.0,160433.0,121.913,4299867.087,-30768.41000000015,25.0
2017-10-11,2017-10-12,4459415.0,169766.0,129.805,4289519.195,-41101.08999999985,19.444444444444446
2017-10-12,2017-10-13,4459415.0,169766.0,102.807,4289546.193,-1242.7240000003949,44.84126984126984
2017-10-13,2017-10-14,4459415.0,169766.0,99.961,4289549.039,-1251.0250000003725,44.44444444444444
2017-10-16,2017-10-17,4459415.0,169766.0,78.531,4289570.469,-1122.4410000005737,44.84126984126984
2017-10-17,2017-10-18,4459415.0,169766.0,91.188,4289557.812,-1260.8109999997541,43.65079365079365
2017-10-18,2017-10-19,4469723.0,178974.0,121.457,4290627.543,-199.8519999999553,45.63492063492063
2017-10-19,2017-10-20,4469723.0,178974.0,102.612,4290646.388,-9163.873999999836,43.25396825396825
2017-10-20,2017-10-21,4469723.0,178974.0,102.488,4290646.512,-9209.661000000313,43.25396825396825
2017-10-23,2017-10-24,4469723.0,178974.0,110.26,4290638.74,-9230.73099999968,43.25396825396825
2017-10-24,2017-10-25,4469723.0,178974.0,97.202,4290651.798,-9215.288999999873,43.25396825396825
2017-10-25,2017-10-26,4461117.0,196332.0,112.057,4264672.943,-24846.252000000328,27.380952380952383
2017-10-26,2017-10-27,4461117.0,196332.0,98.412,4264686.588,-24859.604999999516,26.984126984126984
2017-10-27,2017-10-28,4461117.0,196332.0,105.903,4264679.097,-24869.941999999806,26.58730158730159
2017-10-30,2017-10-31,4461117.0,196332.0,102.147,4264682.853,-24887.615999999456,26.190476190476193
2017-10-31,2017-11-01,4461117.0,196332.0,173.605,4264611.395,-24946.417000000365,25.793650793650798
2017-11-01,2017-11-02,4455887.0,193546.0,87.165,4262253.835,-28373.707999999635,23.41269841269841
2017-11-02,2017-11-03,4455887.0,193546.0,58.758,4262282.242,-28364.14600000065,23.41269841269841
2017-11-03,2017-11-04,4455887.0,193546.0,60.915,4262280.085,-28366.42700000014,23.015873015873016
2017-11-06,2017-11-07,4455887.0,193546.0,70.365,4262270.635,-28368.105000000447,22.61904761904762
2017-11-07,2017-11-08,4455887.0,193546.0,58.971,4262282.029,-28369.76900000032,22.22222222222222
2017-11-08,2017-11-09,4458552.0,177780.0,74.546,4280697.454,16024.51099999994,55.158730158730165
2017-11-09,2017-11-10,4458552.0,177780.0,46.378,4280725.622,16039.033999999985,55.158730158730165
2017-11-10,2017-11-11,4458552.0,177780.0,39.671,4280732.329,16053.231999999844,55.158730158730165
2017-11-13,2017-11-14,4458552.0,177780.0,35.243,4280736.757,16053.904000000097,55.158730158730165
2017-11-14,2017-11-15,4458552.0,177780.0,32.219,4280739.781,16128.386000000872,55.55555555555556
2017-11-15,2017-11-16,4448289.0,174631.0,35.038,4273622.962,11369.127000000328,53.57142857142857
2017-11-16,2017-11-17,4448289.0,174631.0,20.709,4273637.291,11355.049000000581,53.57142857142857
2017-11-17,2017-11-18,4448289.0,174631.0,38.838,4273619.162,11339.076999999583,53.57142857142857
2017-11-20,2017-11-21,4448289.0,174631.0,34.576,4273623.424,11352.788999999873,53.96825396825397
2017-11-21,2017-11-22,4448289.0,174631.0,42.899,4273615.101,11333.071999999695,53.57142857142857
2017-11-22,2017-11-23,4450615.0,163579.0,51.634,4286984.366,6286.912000000477,45.63492063492063
2017-11-24,2017-11-25,4450615.0,163579.0,40.488,4286995.512,6269.889999999665,45.63492063492063
2017-11-27,2017-11-28,4450615.0,163579.0,39.381,4286996.619,6264.290000000037,45.63492063492063
2017-11-28,2017-11-29,4450615.0,163579.0,50.834,4286985.166,6248.408999999985,45.63492063492063
2017-11-29,2017-11-30,4438592.0,172282.0,67.019,4266242.981,-14496.800000000745,38.095238095238095
2017-11-30,2017-12-01,4438592.0,172282.0,102.719,4266207.281,-7415.680999999866,42.46031746031746
2017-12-01,2017-12-02,4438592.0,172282.0,59.03,4266250.97,-7386.321000000462,42.46031746031746
2017-12-04,2017-12-05,4438592.0,172282.0,72.389,4266237.611,-7381.550999999978,42.46031746031746
2017-12-05,2017-12-06,4438592.0,172282.0,68.297,4266241.703,-7381.720999999903,42.06349206349206
2017-12-06,2017-12-07,4437148.0,127586.0,76.368,4309485.632,35870.531000000425,71.03174603174604
2017-12-07,2017-12-08,4437148.0,127586.0,63.552,4309498.448,22514.08199999947,59.12698412698413
2017-12-08,2017-12-09,4437148.0,127586.0,82.714,4309479.286,22483.77400000021,58.730158730158735
2017-12-11,2017-12-12,4437148.0,127586.0,107.473,4309454.527,22457.90799999982,58.730158730158735
2017-12-12,2017-12-13,4437148.0,127586.0,119.09,4309442.91,22457.743999999948,58.730158730158735
2017-12-13,2017-12-14,4452726.0,76208.0,143.392,4376374.608,110131.62700000033,93.65079365079364
2017-12-14,2017-12-15,4452726.0,76208.0,107.679,4376410.321,110203.04000000004,93.65079365079364
2017-12-15,2017-12-16,4452726.0,76208.0,80.206,4376437.794,110186.82400000002,93.25396825396825
2017-12-18,2017-12-19,4452726.0,76208.0,117.276,4376400.724,110163.11300000083,92.85714285714286
2017-12-19,2017-12-20,4452726.0,76208.0,112.628,4376405.372,110163.6690000007,92.85714285714286
2017-12-20,2017-12-21,4447470.0,155612.0,127.582,4291730.418,-17755.21400000062,32.93650793650794
2017-12-21,2017-12-22,4447470.0,155612.0,116.978,4291741.022,-17757.425999999978,32.93650793650794
2017-12-22,2017-12-23,4447470.0,155612.0,113.852,4291744.148,-17735.13800000027,33.730158730158735
2017-12-26,2017-12-27,4447470.0,155612.0,119.456,4291738.544,-17715.983000000007,33.730158730158735
2017-12-27,2017-12-28,4448680.0,190283.0,147.749,4258249.251,-51193.658999999985,13.88888888888889
2017-12-28,2017-12-29,4448680.0,190283.0,158.478,4258238.522,-118136.08600000013,2.380952380952381
2017-12-29,2017-12-30,4448680.0,190283.0,319.595,4258077.405,-118332.9160000002,2.380952380952381
2018-01-02,2018-01-03,4448680.0,190283.0,136.967,4258260.033,-118177.76099999994,2.7777777777777777
2018-01-03,2018-01-04,4443718.0,211566.0,131.622,4232020.378,-144380.34600000083,1.1904761904761905
2018-01-04,2018-01-05,4443718.0,211566.0,76.624,4232075.376,-144329.99600000028,1.5873015873015872
2018-01-05,2018-01-06,4443718.0,211566.0,63.804,4232088.196,-59642.221999999136,14.682539682539684
2018-01-08,2018-01-09,4443718.0,211566.0,63.531,4232088.469,-59652.553000000305,14.285714285714285
2018-01-09,2018-01-10,4443718.0,211566.0,56.468,4232095.532,-59648.61600000039,14.285714285714285
2018-01-10,2018-01-11,4446062.0,206215.0,57.954,4239789.046,-51949.49799999967,15.079365079365079
2018-01-11,2018-01-12,4446062.0,206215.0,33.597,4239813.403,-18435.84800000023,31.349206349206348
2018-01-12,2018-01-13,4446062.0,206215.0,21.59,4239825.41,-18413.11199999973,31.746031746031743
2018-01-16,2018-01-17,4446062.0,206215.0,22.003,4239824.997,-18252.40799999982,32.142857142857146
2018-01-17,2018-01-18,4439145.0,227665.0,20.548,4211459.452,-46800.58100000024,17.857142857142858
2018-01-18,2018-01-19,4439145.0,227665.0,22.804,4211457.196,-20563.1819999991,31.746031746031743
2018-01-19,2018-01-20,4439145.0,227665.0,22.196,4211457.804,-20617.572000000626,31.746031746031743
2018-01-22,2018-01-23,4439145.0,227665.0,28.706,4211451.294,-20636.9020000007,31.746031746031743
2018-01-23,2018-01-24,4439145.0,227665.0,31.791,4211448.209,-20640.259999999776,31.746031746031743
2018-01-24,2018-01-25,4441317.0,269118.0,36.371,4172162.629,-59932.90299999947,13.88888888888889
2018-01-25,2018-01-26,4441317.0,269118.0,19.891,4172179.109,-67609.93699999992,13.88888888888889
2018-01-26,2018-01-27,4441317.0,269118.0,21.427,4172177.573,-67635.83000000007,13.88888888888889
2018-01-29,2018-01-30,4441317.0,269118.0,23.98,4172175.02,-67650.39000000013,13.88888888888889
2018-01-30,2018-01-31,4441317.0,269118.0,31.766,4172167.234,-67657.76300000027,13.88888888888889
2018-01-31,2018-02-01,4419225.0,270244.0,65.797,4148915.203,-62544.24899999937,15.476190476190476
2018-02-01,2018-02-02,4419225.0,270244.0,31.825,4148949.175,-62508.02100000065,15.873015873015872
2018-02-02,2018-02-03,4419225.0,270244.0,43.931,4148937.069,-62520.734999999404,15.873015873015872
2018-02-05,2018-02-06,4419225.0,270244.0,59.008,4148921.992,-62529.301999999676,15.873015873015872
2018-02-06,2018-02-07,4419225.0,270244.0,49.214,4148931.786,-62516.42299999995,16.666666666666664
2018-02-07,2018-02-08,4420745.0,203936.0,48.12,4216760.88,44598.2509999997,76.5873015873016
2018-02-08,2018-02-09,4420745.0,203936.0,33.272,4216775.728,44596.61899999995,76.19047619047619
2018-02-09,2018-02-10,4420745.0,203936.0,36.567,4216772.433,44594.860000000335,75.79365079365078
2018-02-12,2018-02-13,4420745.0,203936.0,30.631,4216778.369,44603.34899999993,76.98412698412699
2018-02-13,2018-02-14,4420745.0,203936.0,43.137,4216765.863,44598.628999999724,76.98412698412699
2018-02-14,2018-02-15,4434863.0,197681.0,38.518,4237143.482,88228.27899999963,90.87301587301587
2018-02-15,2018-02-16,4434863.0,197681.0,29.08,4237152.92,88203.74500000011,90.87301587301587
2018-02-16,2018-02-17,4434863.0,197681.0,29.615,4237152.385,88215.31599999964,91.26984126984127
2018-02-20,2018-02-21,4434863.0,197681.0,32.495,4237149.505,88227.5129999998,91.26984126984127
2018-02-21,2018-02-22,4411660.0,214677.0,45.171,4196937.829,48006.04300000006,81.74603174603175
2018-02-22,2018-02-23,4411660.0,214677.0,36.32,4196946.68,-19814.200000000186,37.301587301587304
2018-02-23,2018-02-24,4411660.0,214677.0,15.875,4196967.125,-19808.60300000012,37.698412698412696
2018-02-26,2018-02-27,4411660.0,214677.0,9.36,4196973.64,-19798.79300000053,38.095238095238095
2018-02-27,2018-02-28,4411660.0,214677.0,19.729,4196963.271,-19815.09800000023,37.301587301587304
2018-02-28,2018-03-01,4393401.0,202620.0,44.51,4190736.49,-26029.372999999672,29.761904761904763
2018-03-01,2018-03-02,4393401.0,202620.0,14.334,4190766.666,-46376.81599999964,22.22222222222222
2018-03-02,2018-03-03,4393401.0,202620.0,15.642,4190765.358,-46387.56199999992,22.22222222222222
2018-03-05,2018-03-06,4393401.0,202620.0,15.23,4190765.77,-46386.61499999976,22.61904761904762
2018-03-06,2018-03-07,4393401.0,202620.0,11.205,4190769.795,-46379.70999999996,23.015873015873016
2018-03-07,2018-03-08,4396097.0,195071.0,14.295,4201011.705,4073.876000000164,51.19047619047619
2018-03-08,2018-03-09,4396097.0,195071.0,6.963,4201019.037,4072.3569999998435,51.19047619047619
2018-03-09,2018-03-10,4396097.0,195071.0,3.247,4201022.753,4055.6279999995604,51.19047619047619
2018-03-12,2018-03-13,4396097.0,195071.0,1.77,4201024.23,4050.5900000007823,51.19047619047619
2018-03-13,2018-03-14,4396097.0,195071.0,2.145,4201023.855,4060.58400000073,51.98412698412699
2018-03-14,2018-03-15,4407258.0,249929.0,4.97,4157324.03,-33412.46000000043,25.396825396825395
2018-03-15,2018-03-16,4407258.0,249929.0,3.746,4157325.254,-33441.41200000001,25.396825396825395
2018-03-16,2018-03-17,4407258.0,249929.0,10.28,4157318.72,-33446.6379999998,25.396825396825395
2018-03-19,2018-03-20,4407258.0,249929.0,7.82,4157321.18,-33444.58999999985,25.793650793650798
2018-03-20,2018-03-21,4407258.0,249929.0,11.95,4157317.05,-33452.74500000011,25.396825396825395
2018-03-21,2018-03-22,4401222.0,316454.0,20.586,4084747.414,-116264.2910000002,4.365079365079365
2018-03-22,2018-03-23,4401222.0,316454.0,11.592,4084756.408,-116262.62899999972,4.761904761904762
2018-03-23,2018-03-24,4401222.0,316454.0,10.45,4084757.55,-116265.20299999975,4.365079365079365
2018-03-26,2018-03-27,4401222.0,316454.0,5.921,4084762.079,-116262.15100000054,5.555555555555555
2018-03-27,2018-03-28,4401222.0,316454.0,9.62,4084758.38,-116265.47500000056,4.365079365079365
2018-03-28,2018-03-29,4392198.0,318858.0,17.898,4073322.102,-84001.92799999984,13.095238095238097
2018-04-02,2018-04-03,4392198.0,318858.0,3.823,4073336.177,-83989.07700000005,13.492063492063492
2018-04-03,2018-04-04,4392198.0,318858.0,8.695,4073331.305,-83987.41500000004,13.88888888888889
2018-04-04,2018-04-05,4386104.0,303916.0,4.57,4082183.43,-75137.75,14.285714285714285
2018-04-05,2018-04-06,4386104.0,303916.0,4.645,4082183.355,-75133.69499999983,14.682539682539684
2018-04-06,2018-04-07,4386104.0,303916.0,4.895,4082183.105,-2564.308999999892,53.96825396825397
2018-04-09,2018-04-10,4386104.0,303916.0,4.07,4082183.93,-2572.4779999996535,53.57142857142857
2018-04-10,2018-04-11,4386104.0,303916.0,3.99,4082184.01,-2573.5400000000373,53.17460317460318
2018-04-11,2018-04-12,4383684.0,294083.0,2.361,4089598.639,4836.560000000056,57.936507936507944
2018-04-12,2018-04-13,4383684.0,294083.0,4.12,4089596.88,4838.5,57.936507936507944
2018-04-13,2018-04-14,4383684.0,294083.0,3.471,4089597.529,16275.427000000142,70.63492063492063
2018-04-16,2018-04-17,4383684.0,294083.0,3.372,4089597.628,16261.450999999885,70.23809523809523
2018-04-17,2018-04-18,4383684.0,294083.0,3.971,4089597.029,16265.72399999993,70.23809523809523
2018-04-18,2018-04-19,4385903.0,275246.0,14.021,4110642.979,28459.54899999965,74.20634920634922
2018-04-19,2018-04-20,4385903.0,275246.0,13.92,4110643.08,28459.725000000093,74.20634920634922
2018-04-20,2018-04-21,4385903.0,275246.0,12.02,4110644.98,28461.875,74.20634920634922
2018-04-23,2018-04-24,4385903.0,275246.0,10.821,4110646.179,28462.248999999836,74.20634920634922
2018-04-24,2018-04-25,4385903.0,275246.0,9.532,4110647.468,28463.4580000001,74.20634920634922
2018-04-25,2018-04-26,4372886.0,359599.0,3.57,4013283.43,-76315.2089999998,13.492063492063492
2018-04-26,2018-04-27,4372886.0,359599.0,3.795,4013283.205,-76313.67499999981,13.88888888888889
2018-04-27,2018-04-28,4372886.0,359599.0,2.92,4013284.08,-76313.44900000002,14.285714285714285
2018-04-30,2018-05-01,4372886.0,359599.0,13.83,4013273.17,-76324.4580000001,13.095238095238097
2018-05-01,2018-05-02,4372886.0,359599.0,3.82,4013283.18,-76313.84899999993,13.492063492063492
2018-05-02,2018-05-03,4356129.0,399984.0,6.52,3956138.48,-154504.49899999984,0.3968253968253968
2018-05-03,2018-05-04,4356129.0,399984.0,5.775,3956139.225,-154503.85499999998,0.7936507936507936
2018-05-04,2018-05-05,4356129.0,399984.0,5.415,3956139.585,-154505.39500000002,0.3968253968253968
2018-05-07,2018-05-08,4356129.0,399984.0,3.22,3956141.78,-154504.3990000002,1.1904761904761905
2018-05-08,2018-05-09,4356129.0,399984.0,3.921,3956141.079,-154506.38899999997,0.3968253968253968
2018-05-09,2018-05-10,4358207.0,353741.0,2.72,4004463.28,-8820.150000000373,47.22222222222222
2018-05-10,2018-05-11,4358207.0,353741.0,4.645,4004461.355,-8821.850000000093,46.82539682539682
2018-05-11,2018-05-12,4358207.0,353741.0,3.222,4004462.778,-8821.302000000142,46.82539682539682
2018-05-14,2018-05-15,4358207.0,353741.0,3.859,4004462.141,-8811.029000000097,47.61904761904761
2018-05-15,2018-05-16,4358207.0,353741.0,2.095,4004463.905,-8819.275000000373,47.61904761904761
2018-05-16,2018-05-17,4337609.0,337258.0,2.545,4000348.455,44209.97500000009,84.12698412698413
2018-05-17,2018-05-18,4337609.0,337258.0,1.896,4000349.104,44209.878999999724,83.73015873015873
2018-05-18,2018-05-19,4337609.0,337258.0,9.12,4000341.88,44202.294999999925,83.33333333333334
2018-05-21,2018-05-22,4337609.0,337258.0,5.404,4000345.596,44203.81600000011,83.73015873015873
2018-05-22,2018-05-23,4337609.0,337258.0,3.951,4000347.049,44205.970000000205,84.12698412698413
2018-05-23,2018-05-24,4337301.0,326445.0,2.929,4010853.071,6389.791000000201,61.111111111111114
2018-05-24,2018-05-25,4337301.0,326445.0,6.62,4010849.38,6388.024999999907,61.111111111111114
2018-05-25,2018-05-26,4337301.0,326445.0,0.02,4010855.98,6393.202000000048,61.904761904761905
2018-05-29,2018-05-30,4337301.0,326445.0,0.88,4010855.12,6392.979000000283,61.904761904761905
2018-05-30,2018-05-31,4327519.0,325351.0,3.92,4002164.08,-2299.8249999997206,51.19047619047619
2018-05-31,2018-06-01,4327519.0,325351.0,21.475,4002146.525,1798.0699999998324,53.57142857142857
2018-06-01,2018-06-02,4327519.0,325351.0,12.546,4002155.454,1806.3500000000931,53.96825396825397
2018-06-04,2018-06-05,4327519.0,325351.0,11.166,4002156.834,1814.9539999999106,54.36507936507936
2018-06-05,2018-06-06,4327519.0,325351.0,6.635,4002161.365,1815.7690000003204,54.761904761904766
2018-06-06,2018-06-07,4319191.0,294069.0,16.772,4025105.228,24758.179000000004,74.20634920634922
2018-06-07,2018-06-08,4319191.0,294069.0,5.771,4025116.229,14263.157999999821,68.65079365079364
2018-06-08,2018-06-09,4319191.0,294069.0,2.771,4025119.229,14269.84899999993,68.65079365079364
2018-06-11,2018-06-12,4319191.0,294069.0,4.836,4025117.164,14261.183999999892,68.25396825396825
2018-06-12,2018-06-13,4319191.0,294069.0,1.308,4025120.692,14265.571999999695,68.65079365079364
2018-06-13,2018-06-14,4324906.0,281188.0,3.025,4043714.975,41550.89500000002,84.12698412698413
2018-06-14,2018-06-15,4324906.0,281188.0,2.935,4043715.065,41568.54000000004,84.12698412698413
2018-06-15,2018-06-16,4324906.0,281188.0,0.27,4043717.73,41562.27600000007,83.73015873015873
2018-06-18,2018-06-19,4324906.0,281188.0,0.37,4043717.63,41560.79600000009,83.33333333333334
2018-06-19,2018-06-20,4324906.0,281188.0,0.195,4043717.805,41556.439999999944,82.93650793650794
2018-06-20,2018-06-21,4315896.0,352777.0,0.32,3963118.68,-61986.54799999995,19.444444444444446
2018-06-21,2018-06-22,4315896.0,352777.0,1.37,3963117.63,-61998.59899999993,19.444444444444446
2018-06-22,2018-06-23,4315896.0,352777.0,1.43,3963117.57,-62001.658999999985,19.444444444444446
2018-06-25,2018-06-26,4315896.0,352777.0,12.73,3963106.27,-62010.893999999855,19.444444444444446
2018-06-26,2018-06-27,4315896.0,352777.0,10.385,3963108.615,-62012.07699999958,19.444444444444446
2018-06-27,2018-06-28,4305491.0,373940.0,20.68,3931530.32,-112184.65500000026,6.349206349206349
2018-06-28,2018-06-29,4305491.0,373940.0,20.419,3931530.581,-112184.48400000017,6.746031746031746
2018-06-29,2018-06-30,4305491.0,373940.0,96.97,3931454.03,-112263.70000000019,6.349206349206349
2018-07-02,2018-07-03,4305491.0,373940.0,32.139,3931518.861,-112198.76899999985,6.746031746031746
2018-07-03,2018-07-04,4305491.0,373940.0,4.852,3931546.148,-112171.65700000012,7.936507936507936
2018-07-04,2018-07-05,4289764.0,336026.0,4.852,3953733.148,-9385.532000000123,45.63492063492063
2018-07-05,2018-07-06,4289764.0,336026.0,8.205,3953729.795,-9387.834999999963,45.23809523809524
2018-07-06,2018-07-07,4289764.0,336026.0,4.195,3953733.805,-9383.764999999665,45.63492063492063
2018-07-09,2018-07-10,4289764.0,336026.0,3.596,3953734.404,-9371.865999999922,46.03174603174603
2018-07-10,2018-07-11,4289764.0,336026.0,1.955,3953736.045,-9372.570000000298,46.03174603174603
2018-07-11,2018-07-12,4291201.0,326476.0,1.23,3964723.77,33193.450000000186,78.17460317460318
2018-07-12,2018-07-13,4291201.0,326476.0,2.455,3964722.545,33191.96400000015,77.77777777777779
2018-07-13,2018-07-14,4291201.0,326476.0,0.871,3964724.129,33270.099000000395,78.57142857142857
2018-07-16,2018-07-17,4291201.0,326476.0,0.87,3964724.13,33205.268999999855,78.57142857142857
2018-07-17,2018-07-18,4291201.0,326476.0,1.22,3964723.78,33177.63199999975,77.77777777777779
2018-07-18,2018-07-19,4291615.0,324457.0,6.021,3967151.979,13418.830999999773,68.65079365079364
2018-07-19,2018-07-20,4291615.0,324457.0,3.62,3967154.38,13424.584999999963,69.04761904761905
2018-07-20,2018-07-21,4291615.0,324457.0,1.17,3967156.83,13423.024999999907,68.65079365079364
2018-07-23,2018-07-24,4291615.0,324457.0,2.27,3967155.73,13421.325999999885,68.25396825396825
2018-07-24,2018-07-25,4291615.0,324457.0,4.895,3967153.105,13417.060000000056,67.46031746031747
2018-07-25,2018-07-26,4277681.0,348886.0,0.72,3928794.28,-35929.49000000022,26.58730158730159
2018-07-26,2018-07-27,4277681.0,348886.0,1.571,3928793.429,-35929.11599999992,26.984126984126984
2018-07-27,2018-07-28,4277681.0,348886.0,1.47,3928793.53,-35930.599000000395,26.58730158730159
2018-07-30,2018-07-31,4277681.0,348886.0,1.995,3928793.005,-35931.125,26.58730158730159
2018-07-31,2018-08-01,4277681.0,348886.0,9.045,3928785.955,-35937.82499999972,26.58730158730159
2018-08-01,2018-08-02,4255653.0,351523.0,0.795,3904129.205,-63022.77399999974,17.857142857142858
2018-08-02,2018-08-03,4255653.0,351523.0,1.817,3904128.183,-63026.196999999695,17.857142857142858
2018-08-03,2018-08-04,4255653.0,351523.0,1.673,3904128.327,-63028.503000000026,17.857142857142858
2018-08-06,2018-08-07,4255653.0,351523.0,2.095,3904127.905,-63027.825000000186,18.253968253968253
2018-08-07,2018-08-08,4255653.0,351523.0,2.337,3904127.663,-63025.441999999806,19.047619047619047
2018-08-08,2018-08-09,4258030.0,326471.0,1.659,3931557.341,2763.06100000022,57.53968253968254
2018-08-09,2018-08-10,4258030.0,326471.0,1.745,3931557.255,2763.8259999998845,57.53968253968254
2018-08-10,2018-08-11,4258030.0,326471.0,2.47,3931556.53,2763.0,57.14285714285714
2018-08-13,2018-08-14,4258030.0,326471.0,1.383,3931557.617,2764.6120000001974,58.333333333333336
2018-08-14,2018-08-15,4258030.0,326471.0,0.685,3931558.315,2772.3599999998696,58.730158730158735
2018-08-15,2018-08-16,4228924.0,342799.0,0.315,3886124.685,-18004.52000000002,42.857142857142854
2018-08-16,2018-08-17,4228924.0,342799.0,0.532,3886124.468,-18003.715000000317,43.25396825396825
2018-08-17,2018-08-18,4228924.0,342799.0,4.016,3886120.984,-18007.342999999877,42.857142857142854
2018-08-20,2018-08-21,4228924.0,342799.0,1.646,3886123.354,-18004.550999999978,43.25396825396825
2018-08-21,2018-08-22,4228924.0,342799.0,1.466,3886123.534,-18004.12900000019,44.047619047619044
2018-08-22,2018-08-23,4228818.0,348393.0,1.126,3880423.874,-51133.46700000018,26.190476190476193
2018-08-23,2018-08-24,4228818.0,348393.0,2.416,3880422.584,-51134.67100000009,26.190476190476193
2018-08-24,2018-08-25,4228818.0,348393.0,4.665,3880420.335,-51136.19499999983,26.190476190476193
2018-08-27,2018-08-28,4228818.0,348393.0,0.996,3880424.004,-51133.612999999896,26.984126984126984
2018-08-28,2018-08-29,4228818.0,348393.0,1.415,3880423.585,-51134.72999999998,26.58730158730159
2018-08-29,2018-08-30,4218914.0,342543.0,0.84,3876370.16,-9754.524999999907,48.80952380952381
2018-08-30,2018-08-31,4218914.0,342543.0,0.985,3876370.015,-9754.452999999747,49.2063492063492
2018-08-31,2018-09-01,4218914.0,342543.0,0.39,3876370.61,-9750.374000000302,49.60317460317461
2018-09-04,2018-09-05,4218914.0,342543.0,0.595,3876370.405,-9752.949000000022,49.60317460317461
2018-09-05,2018-09-06,4208496.0,323764.0,0.01,3884731.99,-1391.5439999997616,59.12698412698413
2018-09-06,2018-09-07,4208496.0,323764.0,0.815,3884731.185,4307.31100000022,67.06349206349206
2018-09-07,2018-09-08,4208496.0,323764.0,0.015,3884731.985,4309.401000000071,67.46031746031747
2018-09-10,2018-09-11,4208496.0,323764.0,0.015,3884731.985,4311.649999999907,67.85714285714286
2018-09-11,2018-09-12,4208496.0,323764.0,1.241,3884730.759,4306.754999999888,67.06349206349206
2018-09-12,2018-09-13,4210812.0,303654.0,1.315,3907156.685,26733.100000000093,85.31746031746032
2018-09-13,2018-09-14,4210812.0,303654.0,1.791,3907156.209,30786.04899999965,87.6984126984127
2018-09-14,2018-09-15,4210812.0,303654.0,1.315,3907156.685,30786.669999999925,87.6984126984127
2018-09-17,2018-09-18,4210812.0,303654.0,0.715,3907157.285,30786.67500000028,87.6984126984127
2018-09-18,2018-09-19,4210812.0,303654.0,10.115,3907147.885,30777.47999999998,86.5079365079365
2018-09-19,2018-09-20,4208059.0,335878.0,8.915,3872172.085,-12559.90500000026,48.80952380952381
2018-09-20,2018-09-21,4208059.0,335878.0,17.868,3872163.132,-12568.05299999984,48.80952380952381
2018-09-21,2018-09-22,4208059.0,335878.0,17.465,3872163.535,-12568.44999999972,48.41269841269841
2018-09-24,2018-09-25,4208059.0,335878.0,9.34,3872171.66,-12560.32499999972,48.80952380952381
2018-09-25,2018-09-26,4208059.0,335878.0,3.44,3872177.56,-12553.199000000022,49.2063492063492
2018-09-26,2018-09-27,4192909.0,370031.0,5.625,3822872.375,-84284.31000000006,10.714285714285714
2018-09-27,2018-09-28,4192909.0,370031.0,30.056,3822847.944,-84308.26499999966,10.317460317460316
2018-09-28,2018-09-29,4192909.0,370031.0,48.43,3822829.57,-84327.11500000022,9.920634920634921
2018-10-01,2018-10-02,4192909.0,370031.0,4.185,3822873.815,-84283.4700000002,10.714285714285714
2018-10-02,2018-10-03,4192909.0,370031.0,3.295,3822874.705,-84273.1799999997,10.714285714285714
2018-10-03,2018-10-04,4174704.0,368007.0,2.954,3806694.046,-65478.03899999987,16.26984126984127
2018-10-04,2018-10-05,4174704.0,368007.0,3.265,3806693.735,-65469.39700000035,16.26984126984127
2018-10-05,2018-10-06,4174704.0,368007.0,1.565,3806695.435,-65468.10000000009,16.666666666666664
2018-10-09,2018-10-10,4174704.0,368007.0,2.39,3806694.61,-65477.05000000028,16.26984126984127
2018-10-10,2018-10-11,4176906.0,324721.0,2.39,3852182.61,-19994.950000000186,40.476190476190474
2018-10-11,2018-10-12,4176906.0,324721.0,2.016,3852182.984,29310.60900000017,86.11111111111111
2018-10-12,2018-10-13,4176906.0,324721.0,0.96,3852184.04,29336.095999999903,86.11111111111111
2018-10-15,2018-10-16,4176906.0,324721.0,0.366,3852184.634,29355.064000000246,86.11111111111111
2018-10-16,2018-10-17,4176906.0,324721.0,0.466,3852184.534,29310.71900000004,85.31746031746032
2018-10-17,2018-10-18,4175446.0,332923.0,0.174,3842522.826,19648.12099999981,80.15873015873017
2018-10-18,2018-10-19,4175446.0,332923.0,10.29,3842512.71,35818.66399999987,89.68253968253968
2018-10-19,2018-10-20,4175446.0,332923.0,3.916,3842519.084,35825.34899999993,89.68253968253968
2018-10-22,2018-10-23,4175446.0,332923.0,3.189,3842519.811,35824.376000000164,89.28571428571429
2018-10-23,2018-10-24,4175446.0,332923.0,4.466,3842518.534,35823.924000000115,88.88888888888889
2018-10-24,2018-10-25,4173070.0,369576.0,6.444,3803487.556,-48695.054000000004,27.77777777777778
2018-10-25,2018-10-26,4173070.0,369576.0,1.944,3803492.056,-48690.928000000305,28.174603174603174
2018-10-26,2018-10-27,4173070.0,369576.0,2.004,3803491.996,-48692.04400000023,28.174603174603174
2018-10-29,2018-10-30,4173070.0,369576.0,1.748,3803492.252,-48692.382000000216,28.174603174603174
2018-10-30,2018-10-31,4173070.0,369576.0,0.715,3803493.285,-48691.248999999836,28.968253968253972
2018-10-31,2018-11-01,4139731.0,373368.0,4.815,3766358.185,-76164.64099999983,13.492063492063492
2018-11-01,2018-11-02,4139731.0,373368.0,4.64,3766358.36,-76154.3500000001,13.88888888888889
2018-11-02,2018-11-03,4139731.0,373368.0,1.51,3766361.49,-76157.59399999958,13.88888888888889
2018-11-05,2018-11-06,4139731.0,373368.0,1.465,3766361.535,-76158.27600000007,13.88888888888889
2018-11-06,2018-11-07,4139731.0,373368.0,2.54,3766360.46,-76158.07400000002,14.285714285714285
2018-11-07,2018-11-08,4141936.0,319984.0,1.875,3821950.125,18462.569000000134,78.17460317460318
2018-11-08,2018-11-09,4141936.0,319984.0,1.166,3821950.834,18458.777999999933,77.77777777777779
2018-11-09,2018-11-10,4141936.0,319984.0,0.401,3821951.599,18459.60300000012,77.77777777777779
2018-11-13,2018-11-14,4141936.0,319984.0,1.065,3821950.935,18458.683000000194,76.98412698412699
2018-11-14,2018-11-15,4145892.0,341094.0,0.66,3804797.34,1304.054999999702,57.936507936507944
2018-11-15,2018-11-16,4145892.0,341094.0,0.494,3804797.506,38439.320999999996,90.07936507936508
2018-11-16,2018-11-17,4145892.0,341094.0,18.565,3804779.435,38421.075000000186,89.68253968253968
2018-11-19,2018-11-20,4145892.0,341094.0,16.295,3804781.705,38420.21499999985,89.28571428571429
2018-11-20,2018-11-21,4145892.0,341094.0,15.235,3804782.765,38421.22999999998,89.68253968253968
2018-11-21,2018-11-22,4106198.0,330202.0,16.205,3775979.795,9619.334999999963,69.44444444444444
2018-11-23,2018-11-24,4106198.0,330202.0,13.105,3775982.895,-45967.22999999998,33.730158730158735
2018-11-26,2018-11-27,4106198.0,330202.0,0.615,3775995.385,-45955.44900000002,34.12698412698413
2018-11-27,2018-11-28,4106198.0,330202.0,0.44,3775995.56,-45956.03899999987,34.12698412698413
2018-11-28,2018-11-29,4097170.0,340596.0,1.464,3756572.536,-65378.39900000021,19.444444444444446
2018-11-29,2018-11-30,4097170.0,340596.0,1.814,3756572.186,-48225.15399999963,32.142857142857146
2018-11-30,2018-12-01,4097170.0,340596.0,2.49,3756571.51,-48225.996000000276,32.142857142857146
2018-12-03,2018-12-04,4097170.0,340596.0,2.21,3756571.79,-48207.64500000002,32.93650793650794
2018-12-05,2018-12-06,4086044.0,337564.0,2.21,3748477.79,-56303.91500000004,27.380952380952383
2018-12-06,2018-12-07,4086044.0,337564.0,3.36,3748476.64,-56306.125,27.380952380952383
2018-12-07,2018-12-08,4086044.0,337564.0,5.635,3748474.365,-27505.429999999702,41.269841269841265
2018-12-10,2018-12-11,4086044.0,337564.0,1.424,3748478.576,-27504.319000000134,41.66666666666667
2018-12-11,2018-12-12,4086044.0,337564.0,0.352,3748479.648,-27515.73699999973,41.269841269841265
2018-12-12,2018-12-13,4088314.0,334967.0,0.461,3753346.539,-22649.021000000183,42.857142857142854
2018-12-13,2018-12-14,4088314.0,334967.0,0.415,3753346.585,-3225.9509999998845,59.12698412698413
2018-12-14,2018-12-15,4088314.0,334967.0,0.315,3753346.685,-3225.501000000164,59.523809523809526
2018-12-17,2018-12-18,4088314.0,334967.0,0.415,3753346.585,-3224.9249999998137,59.92063492063492
2018-12-18,2018-12-19,4088314.0,334967.0,6.216,3753340.784,-3231.006000000052,59.12698412698413
2018-12-19,2018-12-20,4084274.0,350714.0,5.982,3733554.018,-14923.77199999988,51.587301587301596
2018-12-20,2018-12-21,4084274.0,350714.0,9.521,3733550.479,-14926.161000000313,51.587301587301596
2018-12-21,2018-12-22,4084274.0,350714.0,8.805,3733551.195,-14923.170000000391,52.38095238095239
2018-12-24,2018-12-25,4084274.0,350714.0,7.96,3733552.04,-14926.535999999847,51.587301587301596
2018-12-26,2018-12-27,4075636.0,374085.0,1.005,3701549.995,-46929.65299999993,34.12698412698413
2018-12-27,2018-12-28,4075636.0,374085.0,3.1,3701547.9,-51798.63899999997,28.57142857142857
2018-12-28,2018-12-29,4075636.0,374085.0,3.21,3701547.79,-51798.794999999925,28.57142857142857
2018-12-31,2019-01-01,4075636.0,374085.0,41.848,3701509.152,-51837.53300000029,28.57142857142857
2019-01-02,2019-01-03,4058378.0,379902.0,19.481,3678456.519,-74890.06600000011,16.26984126984127
2019-01-03,2019-01-04,4058378.0,379902.0,7.198,3678468.802,-74871.98199999984,16.26984126984127
2019-01-04,2019-01-05,4058378.0,379902.0,2.86,3678473.14,-55080.878000000026,28.174603174603174
2019-01-07,2019-01-08,4058378.0,379902.0,2.786,3678473.214,-55077.264999999665,28.174603174603174
2019-01-08,2019-01-09,4058378.0,379902.0,2.811,3678473.189,-55078.00600000005,27.77777777777778
2019-01-09,2019-01-10,4056563.0,356698.0,2.537,3699862.463,-33689.57700000005,40.476190476190474
2019-01-10,2019-01-11,4056563.0,356698.0,2.216,3699862.784,-1687.2110000001267,63.49206349206349
2019-01-11,2019-01-12,4056563.0,356698.0,2.016,3699862.984,-1684.9159999997355,63.49206349206349
2019-01-14,2019-01-15,4056563.0,356698.0,1.205,3699863.795,-1683.9950000001118,63.49206349206349
2019-01-15,2019-01-16,4056563.0,356698.0,2.016,3699862.984,-1646.1679999995977,63.49206349206349
2019-01-16,2019-01-17,4050044.0,351180.0,1.316,3698862.684,20406.165000000037,80.95238095238095
2019-01-17,2019-01-18,4050044.0,351180.0,2.065,3698861.935,20393.132999999914,80.55555555555556
2019-01-18,2019-01-19,4050044.0,351180.0,13.165,3698850.835,20377.694999999832,80.15873015873017
2019-01-22,2019-01-23,4050044.0,351180.0,10.465,3698853.535,20380.320999999996,80.15873015873017
2019-01-23,2019-01-24,4047052.0,389626.0,11.415,3657414.585,-21058.603999999817,42.857142857142854
2019-01-24,2019-01-25,4047052.0,389626.0,15.06,3657410.94,-42451.523000000045,36.507936507936506
2019-01-25,2019-01-26,4047052.0,389626.0,1.515,3657424.485,-42438.299000000115,36.904761904761905
2019-01-28,2019-01-29,4047052.0,389626.0,1.265,3657424.735,-42438.2490000003,37.301587301587304
2019-01-29,2019-01-30,4047052.0,389626.0,1.84,3657424.16,-42439.63499999978,36.507936507936506
2019-01-30,2019-01-31,4039678.0,403276.0,0.99,3636401.01,-63461.974000000395,18.253968253968253
2019-01-31,2019-02-01,4039678.0,403276.0,1.051,3636400.949,-62461.73499999987,22.22222222222222
2019-02-01,2019-02-02,4039678.0,403276.0,0.665,3636401.335,-62460.60000000009,22.22222222222222
2019-02-04,2019-02-05,4039678.0,403276.0,4.515,3636397.485,-62453.35000000009,22.22222222222222
2019-02-05,2019-02-06,4039678.0,403276.0,1.686,3636400.314,-62453.22100000037,22.22222222222222
2019-02-06,2019-02-07,4026350.0,352375.0,1.926,3673973.074,16558.48900000006,77.38095238095238
2019-02-07,2019-02-08,4026350.0,352375.0,2.32,3673972.68,16561.740000000224,77.38095238095238
2019-02-08,2019-02-09,4026350.0,352375.0,2.016,3673972.984,16548.4990000003,76.5873015873016
2019-02-11,2019-02-12,4026350.0,352375.0,2.006,3673972.994,16548.25900000008,76.19047619047619
2019-02-12,2019-02-13,4026350.0,352375.0,1.658,3673973.342,16549.18200000003,76.98412698412699
2019-02-13,2019-02-14,4028431.0,359109.0,1.697,3669320.303,32919.29300000006,87.6984126984127
2019-02-14,2019-02-15,4028431.0,359109.0,1.341,3669320.659,32919.70999999996,88.09523809523809
2019-02-15,2019-02-16,4028431.0,359109.0,5.271,3669316.729,32915.393999999855,87.6984126984127
2019-02-19,2019-02-20,4028431.0,359109.0,1.967,3669320.033,32922.54799999995,88.88888888888889
2019-02-20,2019-02-21,3981420.0,333896.0,2.275,3647521.725,11121.411000000313,71.42857142857143
2019-02-21,2019-02-22,3981420.0,333896.0,1.725,3647522.275,-26450.799000000115,41.66666666666667
2019-02-22,2019-02-23,3981420.0,333896.0,6.665,3647517.335,-26455.345000000205,41.66666666666667
2019-02-25,2019-02-26,3981420.0,333896.0,1.375,3647522.625,-26450.35900000017,42.46031746031746
2019-02-26,2019-02-27,3981420.0,333896.0,1.815,3647522.185,-26450.808999999892,42.06349206349206
2019-02-27,2019-02-28,3974590.0,310574.0,1.915,3664014.085,-9959.257000000216,51.587301587301596
2019-02-28,2019-03-01,3974590.0,310574.0,3.415,3664012.585,-5307.717999999877,57.14285714285714
2019-03-01,2019-03-02,3974590.0,310574.0,2.015,3664013.985,-5306.6740000001155,57.14285714285714
2019-03-04,2019-03-05,3974590.0,310574.0,2.917,3664013.083,-5303.645999999717,57.14285714285714
2019-03-05,2019-03-06,3974590.0,310574.0,3.119,3664012.881,-5307.151999999769,56.34920634920635
2019-03-06,2019-03-07,3969134.0,220045.0,2.115,3749086.885,101565.15999999968,100.0
2019-03-07,2019-03-08,3969134.0,220045.0,0.717,3749088.283,101566.00799999991,100.0
2019-03-08,2019-03-09,3969134.0,220045.0,0.015,3749088.985,101571.6499999999,100.0
2019-03-11,2019-03-12,3969134.0,220045.0,0.019,3749088.981,101566.35600000015,99.60317460317461
2019-03-12,2019-03-13,3969134.0,220045.0,0.027,3749088.973,101566.78800000018,99.60317460317461
2019-03-13,2019-03-14,3971559.0,245972.0,0.016,3725586.984,61572.89900000021,98.01587301587301
2019-03-14,2019-03-15,3971559.0,245972.0,0.019,3725586.981,61574.39600000018,98.01587301587301
2019-03-15,2019-03-16,3971559.0,245972.0,0.015,3725586.985,61573.0,97.61904761904762
2019-03-18,2019-03-19,3971559.0,245972.0,3.169,3725583.831,61570.74799999967,96.82539682539682
2019-03-19,2019-03-20,3971559.0,245972.0,2.515,3725584.485,61571.60399999982,96.82539682539682
2019-03-20,2019-03-21,3962748.0,303623.0,0.617,3659124.383,-89962.50199999986,6.349206349206349
2019-03-21,2019-03-22,3962748.0,303623.0,0.411,3659124.589,-89963.69399999967,6.349206349206349
2019-03-22,2019-03-23,3962748.0,303623.0,5.016,3659119.984,-89969.0009999997,6.349206349206349
2019-03-25,2019-03-26,3962748.0,303623.0,0.129,3659124.871,-89964.11000000034,6.746031746031746
2019-03-26,2019-03-27,3962748.0,303623.0,0.566,3659124.434,-89964.53900000034,6.349206349206349
2019-03-27,2019-03-28,3955617.0,310868.0,0.166,3644748.834,-80838.15000000037,10.714285714285714
2019-03-28,2019-03-29,3955617.0,310868.0,0.515,3644748.485,-80838.49600000028,10.317460317460316
2019-03-29,2019-03-30,3955617.0,310868.0,0.731,3644748.269,-80838.71600000001,9.920634920634921
2019-04-01,2019-04-02,3955617.0,310868.0,0.011,3644748.989,-80834.84199999971,10.714285714285714
2019-04-02,2019-04-03,3955617.0,310868.0,0.019,3644748.981,-80835.50399999972,10.317460317460316
2019-04-03,2019-04-04,3935509.0,310188.0,0.016,3625320.984,-33803.39899999974,37.698412698412696
2019-04-04,2019-04-05,3935509.0,310188.0,0.615,3625320.385,-33804.204000000376,37.301587301587304
2019-04-05,2019-04-06,3935509.0,310188.0,0.015,3625320.985,-33798.9990000003,37.698412698412696
2019-04-08,2019-04-09,3935509.0,310188.0,0.284,3625320.716,-33804.154999999795,36.904761904761905
2019-04-09,2019-04-10,3935509.0,310188.0,0.41,3625320.59,-33803.84400000004,37.301587301587304
2019-04-10,2019-04-11,3936784.0,262617.0,2.731,3674164.269,29415.435000000056,83.73015873015873
2019-04-11,2019-04-12,3936784.0,262617.0,0.122,3674166.878,29418.393000000156,83.73015873015873
2019-04-12,2019-04-13,3936784.0,262617.0,0.016,3674166.984,29418.715000000317,83.73015873015873
2019-04-15,2019-04-16,3936784.0,262617.0,0.018,3674166.982,29417.992999999784,82.93650793650794
2019-04-16,2019-04-17,3936784.0,262617.0,0.7,3674166.3,29417.31899999967,82.53968253968253
2019-04-17,2019-04-18,3931827.0,285264.0,0.015,3646562.985,21242.0009999997,77.38095238095238
2019-04-22,2019-04-23,3931827.0,285264.0,1.117,3646561.883,21241.498000000138,76.98412698412699
2019-04-23,2019-04-24,3931827.0,285264.0,5.69,3646557.31,21236.325000000186,76.98412698412699
2019-04-24,2019-04-25,3928273.0,378602.0,9.515,3549661.485,-75659.23100000015,14.285714285714285
2019-04-25,2019-04-26,3928273.0,378602.0,0.61,3549670.39,-75650.19999999972,14.682539682539684
2019-04-26,2019-04-27,3928273.0,378602.0,0.915,3549670.085,-124494.18399999989,2.380952380952381
2019-04-29,2019-04-30,3928273.0,378602.0,0.615,3549670.385,-124496.49300000025,2.380952380952381
2019-04-30,2019-05-01,3928273.0,378602.0,0.015,3549670.985,-124495.9990000003,2.7777777777777777
2019-05-01,2019-05-02,3889691.0,400498.0,0.027,3489192.973,-184974.0089999996,0.3968253968253968
2019-05-02,2019-05-03,3889691.0,400498.0,0.023,3489192.977,-184973.32299999986,0.7936507936507936
2019-05-03,2019-05-04,3889691.0,400498.0,0.01,3489192.99,-157369.99499999965,1.1904761904761905
2019-05-06,2019-05-07,3889691.0,400498.0,0.067,3489192.933,-157368.94999999972,1.5873015873015872
2019-05-07,2019-05-08,3889691.0,400498.0,0.961,3489192.039,-157365.27100000018,1.984126984126984
2019-05-08,2019-05-09,3892216.0,348357.0,0.021,3543858.979,-5802.506000000052,55.55555555555556
2019-05-09,2019-05-10,3892216.0,348357.0,0.516,3543858.484,-5811.905999999959,55.158730158730165
2019-05-10,2019-05-11,3892216.0,348357.0,0.271,3543858.729,-5811.356000000145,55.158730158730165
2019-05-13,2019-05-14,3892216.0,348357.0,0.111,3543858.889,-5811.49599999981,54.761904761904766
2019-05-14,2019-05-15,3892216.0,348357.0,1.37,3543857.63,-5813.354999999981,53.96825396825397
2019-05-15,2019-05-16,3864749.0,323786.0,0.46,3540962.54,51769.566999999806,96.03174603174604
2019-05-16,2019-05-17,3864749.0,323786.0,1.75,3540961.25,51768.273000000045,95.63492063492063
2019-05-17,2019-05-18,3864749.0,323786.0,9.7,3540953.3,51760.30999999959,95.23809523809523
2019-05-20,2019-05-21,3864749.0,323786.0,8.105,3540954.895,51761.961999999825,95.23809523809523
2019-05-21,2019-05-22,3864749.0,323786.0,3.705,3540959.295,51767.25600000005,95.23809523809523
2019-05-22,2019-05-23,3860435.0,282864.0,3.751,3577567.249,33708.27000000002,87.6984126984127
2019-05-23,2019-05-24,3860435.0,282864.0,4.93,3577566.07,33707.58599999966,87.6984126984127
2019-05-24,2019-05-25,3860435.0,282864.0,5.956,3577565.044,33706.31500000041,87.6984126984127
2019-05-28,2019-05-29,3860435.0,282864.0,1.52,3577569.48,33710.591000000015,88.88888888888889
2019-05-29,2019-05-30,3851444.0,247777.0,2.226,3603664.774,59807.14400000032,96.03174603174604
2019-05-30,2019-05-31,3851444.0,247777.0,1.026,3603665.974,62703.43399999989,98.01587301587301
2019-05-31,2019-06-01,3851444.0,247777.0,0.855,3603666.145,62704.89500000002,98.01587301587301
2019-06-03,2019-06-04,3851444.0,247777.0,1.255,3603665.745,62712.4450000003,98.01587301587301
2019-06-04,2019-06-05,3851444.0,247777.0,1.891,3603665.109,62710.21400000015,97.61904761904762
2019-06-05,2019-06-06,3847645.0,223638.0,2.255,3624004.745,83045.45000000019,98.01587301587301
2019-06-06,2019-06-07,3847645.0,223638.0,2.21,3624004.79,46437.5410000002,91.66666666666666
2019-06-07,2019-06-08,3847645.0,223638.0,1.91,3624005.09,46439.02000000002,91.66666666666666
2019-06-10,2019-06-11,3847645.0,223638.0,2.105,3624004.895,46439.85099999979,91.66666666666666
2019-06-11,2019-06-12,3847645.0,223638.0,1.007,3624005.993,46436.5129999998,90.47619047619048
2019-06-12,2019-06-13,3849955.0,187560.0,1.705,3662393.295,58728.52099999972,93.65079365079364
2019-06-13,2019-06-14,3849955.0,187560.0,1.655,3662393.345,58727.371000000276,93.25396825396825
2019-06-14,2019-06-15,3849955.0,187560.0,1.657,3662393.343,58727.19799999986,92.85714285714286
2019-06-17,2019-06-18,3849955.0,187560.0,2.269,3662392.731,58726.98600000003,92.46031746031747
2019-06-18,2019-06-19,3849955.0,187560.0,18.006,3662376.994,58711.88499999978,92.06349206349206
2019-06-19,2019-06-20,3844016.0,198398.0,22.357,3645595.643,21590.898000000045,73.01587301587301
2019-06-20,2019-06-21,3844016.0,198398.0,27.43,3645590.57,21585.779999999795,73.01587301587301
2019-06-21,2019-06-22,3844016.0,198398.0,21.355,3645596.645,21591.555000000168,73.80952380952381
2019-06-24,2019-06-25,3844016.0,198398.0,11.156,3645606.844,21601.949000000022,74.20634920634922
2019-06-25,2019-06-26,3844016.0,198398.0,6.4,3645611.6,21605.60700000031,74.20634920634922
2019-06-26,2019-06-27,3826817.0,248302.0,7.784,3578507.216,-83886.07899999991,9.523809523809524
2019-06-27,2019-06-28,3826817.0,248302.0,16.794,3578498.206,-83895.13900000043,9.523809523809524
2019-06-28,2019-06-29,3826817.0,248302.0,44.307,3578470.693,-83922.6499999999,9.523809523809524
2019-07-01,2019-07-02,3826817.0,248302.0,15.837,3578499.163,-83893.56799999997,10.317460317460316
2019-07-02,2019-07-03,3826817.0,248302.0,8.16,3578506.84,-83870.1540000001,10.714285714285714
2019-07-03,2019-07-04,3813198.0,245306.0,6.849,3567885.151,-77710.49200000009,12.698412698412698
2019-07-05,2019-07-06,3813198.0,245306.0,6.155,3567885.845,-77704.72499999963,12.698412698412698
2019-07-08,2019-07-09,3813198.0,245306.0,6.5,3567885.5,-77711.14500000002,11.904761904761903
2019-07-09,2019-07-10,3813198.0,245306.0,6.576,3567885.424,-77721.41999999993,11.507936507936508
2019-07-10,2019-07-11,3815038.0,211115.0,6.252,3603916.748,-41694.851999999955,34.12698412698413
2019-07-11,2019-07-12,3815038.0,211115.0,4.95,3603918.05,25410.8339999998,74.20634920634922
2019-07-12,2019-07-13,3815038.0,211115.0,5.15,3603917.85,25419.64400000032,74.20634920634922
2019-07-15,2019-07-16,3815038.0,211115.0,5.557,3603917.443,25446.75,74.20634920634922
2019-07-16,2019-07-17,3815038.0,211115.0,3.007,3603919.993,25420.82999999961,73.80952380952381
2019-07-17,2019-07-18,3808110.0,197005.0,1.96,3611103.04,32596.200000000186,80.15873015873017
2019-07-18,2019-07-19,3808110.0,197005.0,16.662,3611088.338,43203.18699999992,88.09523809523809
2019-07-19,2019-07-20,3808110.0,197005.0,14.255,3611090.745,43204.89999999991,88.09523809523809
2019-07-22,2019-07-23,3808110.0,197005.0,14.16,3611090.84,43205.33999999985,88.09523809523809
2019-07-23,2019-07-24,3808110.0,197005.0,14.755,3611090.245,43204.820999999996,87.3015873015873
2019-07-24,2019-07-25,3803436.0,193362.0,8.255,3610065.745,6148.996999999974,61.50793650793651
2019-07-25,2019-07-26,3803436.0,193362.0,3.355,3610070.645,6152.595000000205,61.904761904761905
2019-07-26,2019-07-27,3803436.0,193362.0,3.25,3610070.75,6152.899999999907,62.301587301587304
2019-07-29,2019-07-30,3803436.0,193362.0,3.928,3610070.072,6152.62900000019,62.301587301587304
2019-07-30,2019-07-31,3803436.0,193362.0,2.306,3610071.694,6151.70100000035,61.904761904761905
2019-07-31,2019-08-01,3779102.0,163763.0,7.367,3615331.633,4228.592999999877,59.523809523809526
2019-08-01,2019-08-02,3779102.0,163763.0,6.044,3615332.956,4244.617999999784,59.523809523809526
2019-08-02,2019-08-03,3779102.0,163763.0,3.335,3615335.665,4244.9199999999255,59.523809523809526
2019-08-05,2019-08-06,3779102.0,163763.0,3.474,3615335.526,4244.68600000022,59.12698412698413
2019-08-06,2019-08-07,3779102.0,163763.0,3.41,3615335.59,4245.344999999739,59.523809523809526
2019-08-07,2019-08-08,3781543.0,131704.0,3.622,3649835.378,39769.632999999914,86.5079365079365
2019-08-08,2019-08-09,3781543.0,131704.0,3.056,3649835.944,39765.299000000115,86.11111111111111
2019-08-09,2019-08-10,3781543.0,131704.0,2.72,3649836.28,39765.529999999795,86.11111111111111
2019-08-12,2019-08-13,3781543.0,131704.0,5.43,3649833.57,39763.49799999967,85.31746031746032
2019-08-13,2019-08-14,3781543.0,131704.0,5.001,3649833.999,39762.3049999997,84.92063492063492
2019-08-14,2019-08-15,3786018.0,129957.0,2.744,3656058.256,40726.62300000014,86.5079365079365
2019-08-15,2019-08-16,3786018.0,129957.0,3.51,3656057.49,40724.53400000045,86.11111111111111
2019-08-16,2019-08-17,3786018.0,129957.0,11.843,3656049.157,40713.492000000086,85.71428571428571
2019-08-19,2019-08-20,3786018.0,129957.0,13.403,3656047.597,40712.070999999996,85.31746031746032
2019-08-20,2019-08-21,3786018.0,129957.0,15.98,3656045.02,40709.43000000017,84.92063492063492
2019-08-21,2019-08-22,3764866.0,125725.0,15.153,3639125.847,-10709.530999999959,44.047619047619044
2019-08-22,2019-08-23,3764866.0,125725.0,14.611,3639126.389,-10709.555000000168,43.65079365079365
2019-08-23,2019-08-24,3764866.0,125725.0,9.046,3639131.954,-10704.325999999885,44.047619047619044
2019-08-26,2019-08-27,3764866.0,125725.0,3.676,3639137.324,-10696.24599999981,44.047619047619044
2019-08-27,2019-08-28,3764866.0,125725.0,1.555,3639139.445,-10694.554000000004,44.047619047619044
2019-08-28,2019-08-29,3759946.0,145957.0,4.255,3613984.745,-42073.51099999994,31.746031746031743
2019-08-29,2019-08-30,3759946.0,145957.0,0.102,3613988.898,-42068.59200000018,31.746031746031743
2019-08-30,2019-08-31,3759946.0,145957.0,12.089,3613976.911,-42072.246000000276,31.349206349206348
2019-09-03,2019-09-04,3759946.0,145957.0,1.754,3613987.246,-42060.35100000026,31.746031746031743
2019-09-04,2019-09-05,3761508.0,148740.0,1.425,3612766.575,-43278.44499999983,28.57142857142857
2019-09-05,2019-09-06,3761508.0,148740.0,1.075,3612766.925,-26358.922000000253,37.698412698412696
2019-09-06,2019-09-07,3761508.0,148740.0,0.88,3612767.12,-26359.268999999855,37.698412698412696
2019-09-09,2019-09-10,3761508.0,148740.0,2.787,3612765.213,-26366.74099999992,37.698412698412696
2019-09-10,2019-09-11,3761508.0,148740.0,3.608,3612764.392,-26372.93200000003,37.698412698412696
2019-09-11,2019-09-12,3769673.0,185342.0,3.612,3584327.388,-54812.05700000003,22.61904761904762
2019-09-12,2019-09-13,3769673.0,185342.0,3.469,3584327.531,-29657.214000000153,35.317460317460316
2019-09-13,2019-09-14,3769673.0,185342.0,2.675,3584328.325,-29660.57299999986,35.317460317460316
2019-09-16,2019-09-17,3769673.0,185342.0,2.202,3584328.798,-29648.112999999896,36.11111111111111
2019-09-17,2019-09-18,3769673.0,185342.0,1.825,3584329.175,-29658.070999999996,35.714285714285715
2019-09-18,2019-09-19,3844695.0,250226.0,18.91,3594450.09,-18316.485000000335,42.46031746031746
2019-09-19,2019-09-20,3844695.0,250226.0,5.004,3594463.996,-18302.929000000004,42.857142857142854
2019-09-20,2019-09-21,3844695.0,250226.0,7.552,3594461.448,-18305.672000000253,42.857142857142854
2019-09-23,2019-09-24,3844695.0,250226.0,7.485,3594461.515,-18303.69799999986,43.25396825396825
2019-09-24,2019-09-25,3844695.0,250226.0,0.101,3594468.899,-18295.492999999784,44.047619047619044
2019-09-25,2019-09-26,3857715.0,314189.0,0.133,3543525.867,-40801.52099999972,32.93650793650794
2019-09-26,2019-09-27,3857715.0,314189.0,5.18,3543520.82,-40806.71100000013,32.93650793650794
2019-09-27,2019-09-28,3857715.0,314189.0,5.33,3543520.67,-40807.65500000026,32.93650793650794
2019-09-30,2019-10-01,3857715.0,314189.0,7.057,3543518.943,-40809.85499999998,32.93650793650794
2019-10-01,2019-10-02,3857715.0,314189.0,2.706,3543523.294,-40805.88099999959,34.12698412698413
2019-10-02,2019-10-03,3945831.0,335171.0,3.054,3610656.946,16206.856000000145,61.904761904761905
2019-10-03,2019-10-04,3945831.0,335171.0,3.297,3610656.703,16192.707000000402,61.50793650793651
2019-10-04,2019-10-05,3945831.0,335171.0,5.325,3610654.675,16193.226999999955,61.50793650793651
2019-10-07,2019-10-08,3945831.0,335171.0,5.65,3610654.35,16192.834999999963,61.111111111111114
2019-10-08,2019-10-09,3945831.0,335171.0,3.976,3610656.024,16187.125,60.317460317460316
2019-10-09,2019-10-10,3949955.0,318191.0,1.469,3631762.531,88236.66399999987,98.01587301587301
2019-10-10,2019-10-11,3949955.0,318191.0,1.1,3631762.9,88242.08000000007,98.01587301587301
2019-10-11,2019-10-12,3949955.0,318191.0,2.95,3631761.05,88240.37999999989,97.61904761904762
2019-10-15,2019-10-16,3949955.0,318191.0,1.726,3631762.274,88243.33100000024,98.01587301587301
2019-10-16,2019-10-17,3966471.0,324604.0,1.803,3641865.197,98341.90299999993,98.01587301587301
2019-10-17,2019-10-18,3966471.0,324604.0,1.001,3641865.999,31209.05299999984,73.80952380952381
2019-10-18,2019-10-19,3966471.0,324604.0,20.1,3641846.9,31190.196999999695,73.4126984126984
2019-10-21,2019-10-22,3966471.0,324604.0,18.758,3641848.242,31193.567000000272,73.4126984126984
2019-10-22,2019-10-23,3966471.0,324604.0,20.7,3641846.3,31191.94999999972,73.01587301587301
2019-10-23,2019-10-24,3968700.0,377985.0,18.29,3590696.71,-19959.314000000246,40.476190476190474
2019-10-24,2019-10-25,3968700.0,377985.0,0.425,3590714.575,-41047.95599999977,29.365079365079367
2019-10-25,2019-10-26,3968700.0,377985.0,0.005,3590714.995,-41047.904999999795,29.761904761904763
2019-10-28,2019-10-29,3968700.0,377985.0,0.036,3590714.964,-41046.08599999966,30.158730158730158
2019-10-29,2019-10-30,3968700.0,377985.0,0.081,3590714.919,-41047.35499999998,30.158730158730158
2019-10-30,2019-10-31,4019823.0,389872.0,0.196,3629950.804,-11914.393000000156,45.63492063492063
2019-10-31,2019-11-01,4019823.0,389872.0,2.851,3629948.149,-11917.849999999627,45.23809523809524
2019-11-01,2019-11-02,4019823.0,389872.0,2.1,3629948.9,-11898.0,45.63492063492063
2019-11-04,2019-11-05,4019823.0,389872.0,3.085,3629947.915,-11900.327000000048,45.23809523809524
2019-11-05,2019-11-06,4019823.0,389872.0,1.836,3629949.164,-11897.13599999994,45.63492063492063
2019-11-06,2019-11-07,4039443.0,377029.0,1.65,3662412.35,71715.64000000013,95.63492063492063
2019-11-07,2019-11-08,4039443.0,377029.0,1.055,3662412.945,71698.36999999965,95.23809523809523
2019-11-08,2019-11-09,4039443.0,377029.0,0.805,3662413.195,71698.19999999972,94.84126984126983
2019-11-12,2019-11-13,4039443.0,377029.0,1.301,3662412.699,71697.73499999987,94.44444444444444
2019-11-13,2019-11-14,4047882.0,381955.0,1.762,3665925.238,75210.31899999967,95.63492063492063
2019-11-14,2019-11-15,4047882.0,381955.0,1.867,3665925.133,35974.32899999991,76.98412698412699
2019-11-15,2019-11-16,4047882.0,381955.0,0.002,3665926.998,35978.84899999993,76.98412698412699
2019-11-18,2019-11-19,4047882.0,381955.0,27.055,3665899.945,35951.044999999925,76.19047619047619
2019-11-19,2019-11-20,4047882.0,381955.0,26.726,3665900.274,35952.35900000017,76.19047619047619
2019-11-20,2019-11-21,4030249.0,368813.0,26.026,3661409.974,31460.810000000056,71.82539682539682
2019-11-21,2019-11-22,4030249.0,368813.0,25.719,3661410.281,-1002.0690000001341,53.17460317460318
2019-11-22,2019-11-23,4030249.0,368813.0,0.375,3661435.625,-977.3199999998324,53.57142857142857
2019-11-25,2019-11-26,4030249.0,368813.0,0.0,3661436.0,-977.1949999998324,53.96825396825397
2019-11-26,2019-11-27,4030249.0,368813.0,2.205,3661433.795,-978.9040000000969,53.57142857142857
2019-11-27,2019-11-28,4052875.0,360941.0,0.506,3691933.494,26008.256000000052,69.44444444444444
2019-11-29,2019-11-30,4052875.0,360941.0,0.75,3691933.25,26008.117000000086,69.04761904761905
2019-12-02,2019-12-03,4052875.0,360941.0,0.015,3691933.985,26006.98699999973,68.65079365079364
2019-12-03,2019-12-04,4052875.0,360941.0,0.151,3691933.849,26033.904000000097,69.44444444444444
2019-12-04,2019-12-05,4065696.0,346971.0,0.0,3718725.0,52824.72599999979,87.6984126984127
2019-12-05,2019-12-06,4065696.0,346971.0,0.001,3718724.999,57315.02499999991,87.6984126984127
2019-12-06,2019-12-07,4065696.0,346971.0,1.0,3718724.0,57313.71900000004,87.3015873015873
2019-12-09,2019-12-10,4065696.0,346971.0,0.115,3718724.885,57289.25999999978,86.90476190476191
2019-12-10,2019-12-11,4065696.0,346971.0,0.001,3718724.999,57288.998999999836,86.5079365079365
2019-12-11,2019-12-12,4095491.0,326865.0,0.605,3768625.395,107191.6000000001,100.0
2019-12-12,2019-12-13,4095491.0,326865.0,0.6,3768625.4,76691.90599999996,95.23809523809523
2019-12-13,2019-12-14,4095491.0,326865.0,0.0,3768626.0,76692.75,95.23809523809523
2019-12-16,2019-12-17,4095491.0,326865.0,1.328,3768624.672,76690.68699999992,94.44444444444444
2019-12-17,2019-12-18,4095491.0,326865.0,0.826,3768625.174,76691.32500000019,94.44444444444444
2019-12-18,2019-12-19,4137052.0,332592.0,13.362,3804446.638,85721.6379999998,95.63492063492063
2019-12-19,2019-12-20,4137052.0,332592.0,8.936,3804451.064,85726.06499999994,95.63492063492063
2019-12-20,2019-12-21,4137052.0,332592.0,13.051,3804446.949,85722.94900000002,95.23809523809523
2019-12-23,2019-12-24,4137052.0,332592.0,7.652,3804452.348,85727.46300000045,95.63492063492063
2019-12-24,2019-12-25,4137052.0,332592.0,4.423,3804455.577,85730.57800000021,95.63492063492063
2019-12-25,2019-12-26,4165591.0,367820.0,4.423,3797766.577,29141.18200000003,63.49206349206349
2019-12-26,2019-12-27,4165591.0,367820.0,3.192,3797767.808,29142.408000000287,63.49206349206349
2019-12-27,2019-12-28,4165591.0,367820.0,0.825,3797770.175,29144.174999999814,63.49206349206349
2019-12-30,2019-12-31,4165591.0,367820.0,6.525,3797764.475,29139.803000000305,62.301587301587304
2019-12-31,2020-01-01,4165591.0,367820.0,64.087,3797706.913,29081.73900000006,61.904761904761905
2020-01-01,2020-01-02,4173626.0,382553.0,64.087,3791008.913,-13437.724999999627,34.12698412698413
2020-01-02,2020-01-03,4173626.0,382553.0,3.1,3791069.9,-13381.163999999873,34.12698412698413
2020-01-03,2020-01-04,4173626.0,382553.0,4.251,3791068.749,-13378.200000000186,34.12698412698413
2020-01-06,2020-01-07,4173626.0,382553.0,3.825,3791069.175,-13383.173000000417,33.33333333333333
2020-01-07,2020-01-08,4173626.0,382553.0,1.602,3791071.398,-13384.179000000004,32.93650793650794
2020-01-08,2020-01-09,4149544.0,367002.0,0.876,3782541.124,-15225.453000000212,32.142857142857146
2020-01-09,2020-01-10,4149544.0,367002.0,0.401,3782541.599,-15226.209000000264,31.746031746031743
2020-01-10,2020-01-11,4149544.0,367002.0,0.627,3782541.373,-15228.801999999676,31.349206349206348
2020-01-13,2020-01-14,4149544.0,367002.0,1.0,3782541.0,-15223.475000000093,32.53968253968254
2020-01-14,2020-01-15,4149544.0,367002.0,0.656,3782541.344,-15165.569000000134,32.93650793650794
2020-01-15,2020-01-16,4175850.0,350987.0,0.675,3824862.325,33853.41200000001,71.03174603174604
2020-01-16,2020-01-17,4175850.0,350987.0,0.3,3824862.7,33792.80000000028,70.63492063492063
2020-01-17,2020-01-18,4175850.0,350987.0,16.15,3824846.85,33778.10100000026,70.23809523809523
2020-01-21,2020-01-22,4175850.0,350987.0,13.381,3824849.619,33780.444000000134,70.23809523809523
2020-01-22,2020-01-23,4145912.0,403941.0,15.604,3741955.396,-49116.00199999986,14.285714285714285
2020-01-23,2020-01-24,4145912.0,403941.0,12.904,3741958.096,-40583.02799999993,22.22222222222222
2020-01-24,2020-01-25,4145912.0,403941.0,0.0,3741971.0,-40570.59899999993,22.61904761904762
2020-01-27,2020-01-28,4145912.0,403941.0,0.002,3741970.998,-40570.375,22.61904761904762
2020-01-28,2020-01-29,4145912.0,403941.0,0.002,3741970.998,-40570.00199999986,22.61904761904762
2020-01-29,2020-01-30,4151630.0,432061.0,0.3,3719568.7,-62972.643999999855,12.3015873015873
2020-01-30,2020-01-31,4151630.0,432061.0,4.14,3719564.86,-105297.46500000032,3.571428571428571
2020-01-31,2020-02-01,4151630.0,432061.0,4.5,3719564.5,-105298.20000000019,3.571428571428571
2020-02-03,2020-02-04,4151630.0,432061.0,6.16,3719562.84,-105284.01000000024,4.365079365079365
2020-02-04,2020-02-05,4151630.0,432061.0,2.112,3719566.888,-105282.73100000015,4.761904761904762
2020-02-05,2020-02-06,4166707.0,413322.0,4.112,3753380.888,11425.49199999962,49.60317460317461
2020-02-06,2020-02-07,4166707.0,413322.0,0.403,3753384.597,11426.501000000164,49.60317460317461
2020-02-07,2020-02-08,4166707.0,413322.0,1.1,3753383.9,11412.899999999907,49.2063492063492
2020-02-10,2020-02-11,4166707.0,413322.0,0.83,3753384.17,11413.171999999788,49.60317460317461
2020-02-11,2020-02-12,4166707.0,413322.0,0.228,3753384.772,11413.773999999743,50.0
2020-02-12,2020-02-13,4182689.0,411237.0,0.309,3771451.691,51882.99099999992,81.74603174603175
2020-02-13,2020-02-14,4182689.0,411237.0,0.45,3771451.55,51886.689999999944,81.74603174603175
2020-02-14,2020-02-15,4182689.0,411237.0,0.0,3771452.0,51887.5,81.74603174603175
2020-02-18,2020-02-19,4182689.0,411237.0,9.454,3771442.546,51879.70600000024,80.55555555555556
2020-02-19,2020-02-20,4171570.0,428805.0,0.095,3742764.905,23198.016999999993,56.34920634920635
2020-02-20,2020-02-21,4171570.0,428805.0,3.6,3742761.4,-10619.487999999896,39.285714285714285
2020-02-21,2020-02-22,4171570.0,428805.0,4.532,3742760.468,-10624.12900000019,39.285714285714285
2020-02-24,2020-02-25,4171570.0,428805.0,0.592,3742764.408,-10619.492000000086,39.285714285714285
2020-02-25,2020-02-26,4171570.0,428805.0,0.111,3742764.889,-10619.280999999959,39.682539682539684
2020-02-26,2020-02-27,4158637.0,439365.0,2.3,3719269.7,-34115.071999999695,22.22222222222222
2020-02-27,2020-02-28,4158637.0,439365.0,0.275,3719271.725,-52179.966000000015,14.285714285714285
2020-02-28,2020-02-29,4158637.0,439365.0,2.187,3719269.813,-52181.73699999973,14.285714285714285
2020-03-02,2020-03-03,4158637.0,439365.0,2.525,3719269.475,-52182.52499999991,14.285714285714285
2020-03-03,2020-03-04,4158637.0,439365.0,0.627,3719271.373,-52171.17299999995,15.476190476190476
2020-03-04,2020-03-05,4241507.0,374515.0,5.025,3866986.975,124222.0700000003,100.0
2020-03-05,2020-03-06,4241507.0,374515.0,0.85,3866991.15,124229.75,100.0
2020-03-06,2020-03-07,4241507.0,374515.0,2.93,3866989.07,124228.60199999996,99.60317460317461
2020-03-09,2020-03-10,4241507.0,374515.0,2.504,3866989.496,124225.08799999999,99.20634920634922
2020-03-10,2020-03-11,4241507.0,374515.0,0.151,3866991.849,124226.95999999996,99.20634920634922
2020-03-11,2020-03-12,4311911.0,380556.0,1.325,3931353.675,212083.97499999963,100.0
2020-03-12,2020-03-13,4311911.0,380556.0,21.05,3931333.95,212062.2250000001,99.60317460317461
2020-03-13,2020-03-14,4311911.0,380556.0,15.1,3931339.9,212070.08699999982,99.60317460317461
2020-03-16,2020-03-17,4311911.0,380556.0,1.425,3931353.575,212084.1000000001,100.0
2020-03-17,2020-03-18,4311911.0,380556.0,5.7,3931349.3,212077.92699999968,99.20634920634922
2020-03-18,2020-03-19,4668212.0,362576.0,0.477,4305635.523,438648.54799999995,100.0
2020-03-19,2020-03-20,4668212.0,362576.0,1.195,4305634.805,438643.6549999998,99.60317460317461
2020-03-20,2020-03-21,4668212.0,362576.0,12.203,4305623.797,438634.7270000004,99.20634920634922
2020-03-23,2020-03-24,4668212.0,362576.0,26.944,4305609.056,438619.56000000006,98.80952380952381
2020-03-24,2020-03-25,4668212.0,362576.0,41.516,4305594.484,438602.63500000024,98.4126984126984
2020-03-25,2020-03-26,5254278.0,390252.0,97.411,4863928.589,932574.9139999999,100.0
2020-03-26,2020-03-27,5254278.0,390252.0,138.48,4863887.52,932553.5699999994,99.60317460317461
2020-03-27,2020-03-28,5254278.0,390252.0,210.794,4863815.206,932475.3060000003,99.20634920634922
2020-03-30,2020-03-31,5254278.0,390252.0,237.497,4863788.503,932434.9279999994,98.80952380952381
2020-03-31,2020-04-01,5254278.0,390252.0,284.908,4863741.092,932391.7920000004,98.4126984126984
2020-04-01,2020-04-02,5811607.0,429267.0,207.828,5382132.172,1076496.6490000002,100.0
2020-04-02,2020-04-03,5811607.0,429267.0,182.627,5382157.373,1076522.568,100.0
2020-04-03,2020-04-04,5811607.0,429267.0,148.117,5382191.883,1076568.0860000001,100.0
2020-04-06,2020-04-07,5811607.0,429267.0,144.294,5382195.706,1076586.6500000004,100.0
2020-04-07,2020-04-08,5811607.0,429267.0,88.36,5382251.64,1076657.1559999995,100.0
2020-04-08,2020-04-09,6083141.0,698578.0,53.483,5384509.517,520580.9280000003,96.03174603174604
2020-04-09,2020-04-10,6083141.0,698578.0,5.525,5384557.475,520669.9550000001,96.03174603174604
2020-04-13,2020-04-14,6083141.0,698578.0,6.1,5384556.9,520741.69400000013,96.03174603174604
2020-04-14,2020-04-15,6083141.0,698578.0,9.9,5384553.1,520764.59700000007,96.03174603174604
2020-04-15,2020-04-16,6367887.0,889815.0,3.15,5478068.85,614327.7579999994,96.03174603174604
2020-04-16,2020-04-17,6367887.0,889815.0,1.525,5478070.475,95938.30299999937,87.3015873015873
2020-04-17,2020-04-18,6367887.0,889815.0,1.726,5478070.274,95912.90100000054,86.90476190476191
2020-04-20,2020-04-21,6367887.0,889815.0,31.0,5478041.0,95849.11699999962,86.5079365079365
2020-04-21,2020-04-22,6367887.0,889815.0,12.528,5478059.472,95863.76599999983,86.5079365079365
2020-04-22,2020-04-23,6573136.0,901331.0,10.825,5671794.175,289542.53500000015,92.06349206349206
2020-04-23,2020-04-24,6573136.0,901331.0,1.45,5671803.55,287294.0329999998,91.66666666666666
2020-04-24,2020-04-25,6573136.0,901331.0,1.5,5671803.5,287246.0250000004,91.26984126984127
2020-04-27,2020-04-28,6573136.0,901331.0,16.476,5671788.524,287231.62399999984,90.87301587301587
2020-04-28,2020-04-29,6573136.0,901331.0,7.131,5671797.869,287244.7690000003,90.87301587301587
2020-04-29,2020-04-30,6655929.0,997507.0,1.45,5658420.55,180351.7000000002,88.09523809523809
2020-04-30,2020-05-01,6655929.0,997507.0,1.775,5658420.225,180349.75,87.6984126984127
2020-05-01,2020-05-02,6655929.0,997507.0,0.251,5658421.749,180351.47499999963,87.6984126984127
2020-05-04,2020-05-05,6655929.0,997507.0,4.85,5658417.15,180376.15000000037,88.09523809523809
2020-05-05,2020-05-06,6655929.0,997507.0,1.925,5658420.075,180360.60300000012,87.6984126984127
2020-05-06,2020-05-07,6721420.0,1127490.0,1.175,5593928.825,-77865.34999999963,3.968253968253968
2020-05-07,2020-05-08,6721420.0,1127490.0,0.982,5593929.018,-77874.53199999966,3.968253968253968
2020-05-08,2020-05-09,6721420.0,1127490.0,0.68,5593929.32,-77874.1799999997,4.365079365079365
2020-05-11,2020-05-12,6721420.0,1127490.0,0.123,5593929.877,-77858.64699999988,5.158730158730158
2020-05-12,2020-05-13,6721420.0,1127490.0,0.825,5593929.175,-77868.69400000013,4.761904761904762
2020-05-13,2020-05-14,6934227.0,1177494.0,13.825,5756719.175,98298.625,83.33333333333334
2020-05-14,2020-05-15,6934227.0,1177494.0,0.133,5756732.867,98312.64199999999,83.33333333333334
2020-05-15,2020-05-16,6934227.0,1177494.0,1.15,5756731.85,98310.10099999979,82.93650793650794
2020-05-18,2020-05-19,6934227.0,1177494.0,0.578,5756732.422,98315.27199999988,83.33333333333334
2020-05-19,2020-05-20,6934227.0,1177494.0,0.09,5756732.91,98312.83499999996,82.93650793650794
2020-05-20,2020-05-21,7037258.0,1194410.0,9.726,5842838.274,248909.44900000002,90.07936507936508
2020-05-21,2020-05-22,7037258.0,1194410.0,0.003,5842847.997,248918.97900000028,90.07936507936508
2020-05-22,2020-05-23,7037258.0,1194410.0,0.001,5842847.999,248918.67899999954,89.68253968253968
2020-05-26,2020-05-27,7037258.0,1194410.0,0.001,5842847.999,248918.1219999995,89.28571428571429
2020-05-27,2020-05-28,7097316.0,1310491.0,4.326,5786820.674,192891.49899999984,86.5079365079365
2020-05-28,2020-05-29,7097316.0,1310491.0,0.0,5786825.0,30105.825000000186,50.39682539682539
2020-05-29,2020-05-30,7097316.0,1310491.0,1.325,5786823.675,30090.808000000194,50.39682539682539
2020-06-01,2020-06-02,7097316.0,1310491.0,0.0,5786825.0,30093.150000000373,50.79365079365079
2020-06-02,2020-06-03,7097316.0,1310491.0,2.013,5786822.987,30090.56499999948,50.39682539682539
2020-06-03,2020-06-04,7165217.0,1434823.0,0.013,5730393.987,-26338.923000000417,21.428571428571427
2020-06-04,2020-06-05,7165217.0,1434823.0,0.0,5730394.0,-112444.27400000021,0.3968253968253968
2020-06-05,2020-06-06,7165217.0,1434823.0,0.0,5730394.0,-112453.99700000044,0.3968253968253968
2020-06-08,2020-06-09,7165217.0,1434823.0,0.0,5730394.0,-112453.99899999984,0.3968253968253968
2020-06-09,2020-06-10,7165217.0,1434823.0,1.252,5730392.748,-112455.25100000016,0.3968253968253968
2020-06-10,2020-06-11,7168936.0,1506558.0,0.012,5662377.988,-124442.68599999975,0.3968253968253968
2020-06-11,2020-06-12,7168936.0,1506558.0,0.375,5662377.625,-124447.375,0.3968253968253968
2020-06-12,2020-06-13,7168936.0,1506558.0,0.0,5662378.0,-124445.67499999981,0.7936507936507936
2020-06-15,2020-06-16,7168936.0,1506558.0,0.003,5662377.997,-124447.00299999956,0.7936507936507936
2020-06-16,2020-06-17,7168936.0,1506558.0,4.0,5662374.0,-124448.98699999973,0.3968253968253968
2020-06-17,2020-06-18,7094690.0,1560850.0,0.001,5533839.999,-196553.9879999999,0.3968253968253968
2020-06-18,2020-06-19,7094690.0,1560850.0,0.001,5533839.999,-196554.00100000016,0.3968253968253968
2020-06-19,2020-06-20,7094690.0,1560850.0,0.001,5533839.999,-196554.00100000016,0.7936507936507936
2020-06-22,2020-06-23,7094690.0,1560850.0,0.01,5533839.99,-196554.00999999978,0.3968253968253968
2020-06-23,2020-06-24,7094690.0,1560850.0,0.011,5533839.989,-196552.7589999996,1.984126984126984
2020-06-24,2020-06-25,7082302.0,1623942.0,0.001,5458359.999,-204017.98900000006,0.3968253968253968
2020-06-25,2020-06-26,7082302.0,1623942.0,0.001,5458359.999,-204017.62600000016,0.7936507936507936
2020-06-26,2020-06-27,7082302.0,1623942.0,0.2,5458359.8,-204018.2000000002,0.3968253968253968
2020-06-29,2020-06-30,7082302.0,1623942.0,0.25,5458359.75,-204018.24700000044,0.3968253968253968
2020-06-30,2020-07-01,7082302.0,1623942.0,0.95,5458359.05,-204014.9500000002,1.984126984126984
2020-07-01,2020-07-02,7009040.0,1657620.0,0.002,5351419.998,-182420.00100000016,4.365079365079365
2020-07-02,2020-07-03,7009040.0,1657620.0,0.0,5351420.0,-182419.99899999984,4.761904761904762
2020-07-06,2020-07-07,7009040.0,1657620.0,0.0,5351420.0,-182419.99899999984,5.158730158730158
2020-07-07,2020-07-08,7009040.0,1657620.0,0.003,5351419.997,-182419.99299999978,5.555555555555555
2020-07-08,2020-07-09,6920716.0,1653098.0,0.001,5267617.999,-266221.9900000002,0.3968253968253968
2020-07-09,2020-07-10,6920716.0,1653098.0,0.0,5267618.0,-190741.99899999984,4.761904761904762
2020-07-10,2020-07-11,6920716.0,1653098.0,0.0,5267618.0,-190741.99899999984,5.158730158730158
2020-07-13,2020-07-14,6920716.0,1653098.0,0.001,5267617.999,-190741.80099999998,5.555555555555555
2020-07-14,2020-07-15,6920716.0,1653098.0,0.001,5267617.999,-190741.75100000016,5.952380952380952
2020-07-15,2020-07-16,6958604.0,1655320.0,0.001,5303283.999,-155075.05099999998,7.936507936507936
2020-07-16,2020-07-17,6958604.0,1655320.0,0.001,5303283.999,-48135.998999999836,18.253968253968253
2020-07-17,2020-07-18,6958604.0,1655320.0,0.0,5303284.0,-48136.0,18.253968253968253
2020-07-20,2020-07-21,6958604.0,1655320.0,0.003,5303283.997,-48136.00299999956,18.253968253968253
2020-07-21,2020-07-22,6958604.0,1655320.0,0.0,5303284.0,-48135.99700000044,19.444444444444446
2020-07-22,2020-07-23,6964755.0,1804944.0,0.0,5159811.0,-107806.99899999984,11.904761904761903
2020-07-23,2020-07-24,6964755.0,1804944.0,0.0,5159811.0,-107807.0,11.904761904761903
2020-07-24,2020-07-25,6964755.0,1804944.0,0.0,5159811.0,-107807.0,12.3015873015873
2020-07-27,2020-07-28,6964755.0,1804944.0,0.0,5159811.0,-107806.99899999984,13.095238095238097
2020-07-28,2020-07-29,6964755.0,1804944.0,0.0,5159811.0,-107806.99899999984,13.492063492063492
2020-07-29,2020-07-30,6949032.0,1816687.0,0.001,5132344.999,-170939.0,7.936507936507936
2020-07-30,2020-07-31,6949032.0,1816687.0,0.307,5132344.693,-170939.30599999987,7.936507936507936
2020-07-31,2020-08-01,6949032.0,1816687.0,0.15,5132344.85,-170939.15000000037,8.333333333333332
2020-08-03,2020-08-04,6949032.0,1816687.0,0.0,5132345.0,-170938.99700000044,9.126984126984127
2020-08-04,2020-08-05,6949032.0,1816687.0,0.005,5132344.995,-170939.0049999999,8.73015873015873
2020-08-05,2020-08-06,6945237.0,1745228.0,0.0,5200009.0,40198.0,65.07936507936508
2020-08-06,2020-08-07,6945237.0,1745228.0,0.0,5200009.0,40198.0,65.07936507936508
2020-08-07,2020-08-08,6945237.0,1745228.0,0.0,5200009.0,40198.0,65.07936507936508
2020-08-10,2020-08-11,6945237.0,1745228.0,0.008,5200008.992,40197.99199999962,63.888888888888886
2020-08-11,2020-08-12,6945237.0,1745228.0,0.0,5200009.0,40198.0,65.07936507936508
2020-08-12,2020-08-13,6957277.0,1669733.0,0.103,5287543.897,155198.89800000004,84.12698412698413
2020-08-13,2020-08-14,6957277.0,1669733.0,0.126,5287543.874,155199.18099999987,84.12698412698413
2020-08-14,2020-08-15,6957277.0,1669733.0,0.001,5287543.999,155199.1490000002,83.73015873015873
2020-08-17,2020-08-18,6957277.0,1669733.0,0.054,5287543.946,155198.94600000046,83.33333333333334
2020-08-18,2020-08-19,6957277.0,1669733.0,0.002,5287543.998,155199.00299999956,83.33333333333334
2020-08-19,2020-08-20,7010637.0,1643505.0,0.112,5367131.888,167122.88800000027,84.12698412698413
2020-08-20,2020-08-21,7010637.0,1643505.0,0.15,5367131.85,167122.84999999963,83.73015873015873
2020-08-21,2020-08-22,7010637.0,1643505.0,0.0,5367132.0,167123.0,84.12698412698413
2020-08-24,2020-08-25,7010637.0,1643505.0,0.0,5367132.0,167123.00800000038,84.12698412698413
2020-08-25,2020-08-26,7010637.0,1643505.0,0.012,5367131.988,167122.9879999999,83.33333333333334
2020-08-26,2020-08-27,6990418.0,1622690.0,0.009,5367727.991,80184.0940000005,70.23809523809523
2020-08-27,2020-08-28,6990418.0,1622690.0,0.002,5367727.998,80184.12399999984,70.23809523809523
2020-08-28,2020-08-29,6990418.0,1622690.0,0.0,5367728.0,80184.00100000016,69.44444444444444
2020-08-31,2020-09-01,6990418.0,1622690.0,0.011,5367727.989,80184.0429999996,69.44444444444444
2020-09-01,2020-09-02,6990418.0,1622690.0,0.008,5367727.992,80183.99399999995,68.65079365079364
2020-09-02,2020-09-03,7017492.0,1639159.0,0.014,5378332.986,11201.0979999993,44.44444444444444
2020-09-03,2020-09-04,7017492.0,1639159.0,0.0,5378333.0,11201.150000000373,44.44444444444444
2020-09-04,2020-09-05,7017492.0,1639159.0,0.0,5378333.0,11201.0,43.65079365079365
2020-09-08,2020-09-09,7017492.0,1639159.0,0.0,5378333.0,11201.0,43.65079365079365
2020-09-09,2020-09-10,7010614.0,1611083.0,0.001,5399530.999,32399.01099999994,55.952380952380956
2020-09-10,2020-09-11,7010614.0,1611083.0,0.01,5399530.99,31802.998999999836,55.55555555555556
2020-09-11,2020-09-12,7010614.0,1611083.0,0.0,5399531.0,31803.002000000328,55.55555555555556
2020-09-14,2020-09-15,7010614.0,1611083.0,0.001,5399530.999,31802.998999999836,55.158730158730165
2020-09-15,2020-09-16,7010614.0,1611083.0,0.002,5399530.998,31803.008999999613,55.55555555555556
2020-09-16,2020-09-17,7064475.0,1614855.0,0.055,5449619.945,81891.95300000068,70.23809523809523
2020-09-17,2020-09-18,7064475.0,1614855.0,0.001,5449619.999,71287.01300000027,64.28571428571429
2020-09-18,2020-09-19,7064475.0,1614855.0,0.0,5449620.0,71287.0,63.888888888888886
2020-09-21,2020-09-22,7064475.0,1614855.0,0.054,5449619.946,71286.94600000046,63.49206349206349
2020-09-22,2020-09-23,7064475.0,1614855.0,0.0,5449620.0,71287.0,63.888888888888886
2020-09-23,2020-09-24,7093161.0,1680688.0,0.001,5412472.999,12942.0,42.46031746031746
2020-09-24,2020-09-25,7093161.0,1680688.0,0.004,5412472.996,12942.006000000052,42.46031746031746
2020-09-25,2020-09-26,7093161.0,1680688.0,0.0,5412473.0,12942.0,42.06349206349206
2020-09-28,2020-09-29,7093161.0,1680688.0,0.0,5412473.0,12942.001000000164,42.06349206349206
2020-09-29,2020-09-30,7093161.0,1680688.0,1.301,5412471.699,12940.70100000035,40.87301587301587
2020-09-30,2020-10-01,7056129.0,1679152.0,0.85,5376976.15,-72643.79499999993,19.444444444444446
2020-10-01,2020-10-02,7056129.0,1679152.0,0.001,5376976.999,-72643.0,19.841269841269842
2020-10-02,2020-10-03,7056129.0,1679152.0,0.0,5376977.0,-72643.0,20.238095238095237
2020-10-05,2020-10-06,7056129.0,1679152.0,0.0,5376977.0,-72642.94600000046,20.634920634920633
2020-10-06,2020-10-07,7056129.0,1679152.0,0.0,5376977.0,-72643.0,20.634920634920633
2020-10-07,2020-10-08,7074649.0,1697074.0,0.011,5377574.989,-34898.00999999978,28.57142857142857
2020-10-08,2020-10-09,7074649.0,1697074.0,0.212,5377574.788,-34898.208000000566,28.57142857142857
2020-10-09,2020-10-10,7074649.0,1697074.0,0.0,5377575.0,-34898.0,29.365079365079367
2020-10-13,2020-10-14,7074649.0,1697074.0,0.0,5377575.0,-34898.0,29.761904761904763
2020-10-14,2020-10-15,7151426.0,1680998.0,0.0,5470428.0,57956.30099999998,64.28571428571429
2020-10-15,2020-10-16,7151426.0,1680998.0,0.001,5470427.999,93451.84899999946,74.20634920634922
2020-10-16,2020-10-17,7151426.0,1680998.0,0.002,5470427.998,93450.99899999984,73.80952380952381
2020-10-19,2020-10-20,7151426.0,1680998.0,0.004,5470427.996,93450.99600000028,73.4126984126984
2020-10-20,2020-10-21,7151426.0,1680998.0,0.007,5470427.993,93450.99299999978,73.01587301587301
2020-10-21,2020-10-22,7177265.0,1724792.0,0.0,5452473.0,75496.0,66.66666666666666
2020-10-22,2020-10-23,7177265.0,1724792.0,0.001,5452472.999,74898.00999999978,65.87301587301587
2020-10-23,2020-10-24,7177265.0,1724792.0,0.0,5452473.0,74898.21200000029,65.87301587301587
2020-10-26,2020-10-27,7177265.0,1724792.0,0.001,5452472.999,74897.99899999984,65.07936507936508
2020-10-27,2020-10-28,7177265.0,1724792.0,0.0,5452473.0,74898.0,65.07936507936508
2020-10-28,2020-10-29,7146306.0,1680933.0,0.005,5465372.995,-5055.004999999888,36.904761904761905
2020-10-29,2020-10-30,7146306.0,1680933.0,0.014,5465372.986,-5055.013000000268,36.507936507936506
2020-10-30,2020-10-31,7146306.0,1680933.0,0.001,5465372.999,-5054.998999999836,36.904761904761905
2020-11-02,2020-11-03,7146306.0,1680933.0,0.0,5465373.0,-5054.996000000276,36.904761904761905
2020-11-03,2020-11-04,7146306.0,1680933.0,0.0,5465373.0,-5054.992999999784,36.904761904761905
2020-11-04,2020-11-05,7157479.0,1621346.0,0.0,5536133.0,83660.0,70.63492063492063
2020-11-05,2020-11-06,7157479.0,1621346.0,0.0,5536133.0,83660.00100000016,70.63492063492063
2020-11-06,2020-11-07,7157479.0,1621346.0,0.0,5536133.0,83660.0,70.23809523809523
2020-11-09,2020-11-10,7157479.0,1621346.0,0.0,5536133.0,83660.00100000016,70.63492063492063
2020-11-10,2020-11-11,7157479.0,1621346.0,0.0,5536133.0,83660.0,69.84126984126983
2020-11-11,2020-11-12,7175417.0,1600837.0,0.0,5574580.0,109207.00499999989,78.17460317460318
2020-11-12,2020-11-13,7175417.0,1600837.0,0.0,5574580.0,109207.01400000043,78.17460317460318
2020-11-13,2020-11-14,7175417.0,1600837.0,0.003,5574579.997,109206.9980000006,77.38095238095238
2020-11-16,2020-11-17,7175417.0,1600837.0,0.013,5574579.987,109206.98699999973,76.98412698412699
2020-11-17,2020-11-18,7175417.0,1600837.0,0.0,5574580.0,109207.0,77.38095238095238
2020-11-18,2020-11-19,7243080.0,1556892.0,0.103,5686187.897,150054.89699999988,80.15873015873017
2020-11-19,2020-11-20,7243080.0,1556892.0,2.0,5686186.0,150053.0,79.76190476190477
2020-11-20,2020-11-21,7243080.0,1556892.0,0.0,5686188.0,150055.0,80.15873015873017
2020-11-23,2020-11-24,7243080.0,1556892.0,0.485,5686187.515,150054.51499999966,79.36507936507937
2020-11-24,2020-11-25,7243080.0,1556892.0,0.001,5686187.999,150054.99899999984,79.76190476190477
2020-11-25,2020-11-26,7216480.0,1517215.0,0.0,5699265.0,124685.0,78.17460317460318
2020-11-27,2020-11-28,7216480.0,1517215.0,0.0,5699265.0,124685.0,78.17460317460318
2020-11-30,2020-12-01,7216480.0,1517215.0,0.006,5699264.994,124684.99699999951,77.38095238095238
2020-12-01,2020-12-02,7216480.0,1517215.0,0.002,5699264.998,124685.01099999994,78.17460317460318
2020-12-02,2020-12-03,7222414.0,1531053.0,0.001,5691360.999,116780.99899999984,74.60317460317461
2020-12-03,2020-12-04,7222414.0,1531053.0,0.0,5691361.0,5173.103000000119,36.904761904761905
2020-12-04,2020-12-05,7222414.0,1531053.0,0.0,5691361.0,5175.0,37.301587301587304
2020-12-07,2020-12-08,7222414.0,1531053.0,0.001,5691360.999,5172.998999999836,36.904761904761905
2020-12-08,2020-12-09,7222414.0,1531053.0,0.001,5691360.999,5173.484000000171,37.698412698412696
2020-12-09,2020-12-10,7242658.0,1534243.0,0.003,5708414.997,22226.998000000603,44.047619047619044
2020-12-10,2020-12-11,7242658.0,1534243.0,0.001,5708414.999,9149.998999999836,38.492063492063494
2020-12-11,2020-12-12,7242658.0,1534243.0,0.0,5708415.0,9150.0,38.88888888888889
2020-12-14,2020-12-15,7242658.0,1534243.0,0.1,5708414.9,9149.906000000425,38.492063492063494
2020-12-15,2020-12-16,7242658.0,1534243.0,0.001,5708414.999,9150.001000000164,39.682539682539684
2020-12-16,2020-12-17,7362592.0,1529698.0,0.026,5832893.974,141532.97500000056,78.17460317460318
2020-12-17,2020-12-18,7362592.0,1529698.0,0.014,5832893.986,141532.98599999957,78.17460317460318
2020-12-18,2020-12-19,7362592.0,1529698.0,0.032,5832893.968,141532.96800000034,77.38095238095238
2020-12-21,2020-12-22,7362592.0,1529698.0,0.435,5832893.565,141532.56600000057,76.98412698412699
2020-12-22,2020-12-23,7362592.0,1529698.0,0.406,5832893.594,141532.59499999974,76.98412698412699
2020-12-23,2020-12-24,7404039.0,1602407.0,0.857,5801631.143,93216.14599999972,65.07936507936508
2020-12-24,2020-12-25,7404039.0,1602407.0,0.01,5801631.99,93216.99100000039,65.07936507936508
2020-12-28,2020-12-29,7404039.0,1602407.0,0.901,5801631.099,93216.0990000004,64.28571428571429
2020-12-29,2020-12-30,7404039.0,1602407.0,0.257,5801631.743,93216.84299999941,64.68253968253968
2020-12-30,2020-12-31,7363351.0,1591055.0,0.652,5772295.348,63880.349000000395,55.55555555555556
2020-12-31,2021-01-01,7363351.0,1591055.0,9.651,5772286.349,-60607.625,21.825396825396826
2021-01-04,2021-01-05,7363351.0,1591055.0,0.001,5772295.999,-60597.98699999973,22.22222222222222
2021-01-05,2021-01-06,7363351.0,1591055.0,0.005,5772295.995,-60597.97300000023,22.61904761904762
2021-01-06,2021-01-07,7334809.0,1669327.0,0.004,5665481.996,-167411.56900000013,9.920634920634921
2021-01-07,2021-01-08,7334809.0,1669327.0,0.001,5665481.999,-167411.59499999974,9.920634920634921
2021-01-08,2021-01-09,7334809.0,1669327.0,0.0,5665482.0,-136149.14300000016,11.11111111111111
2021-01-11,2021-01-12,7334809.0,1669327.0,0.0,5665482.0,-136149.99000000022,11.11111111111111
2021-01-12,2021-01-13,7334809.0,1669327.0,0.0,5665482.0,-136149.0990000004,11.904761904761903
2021-01-13,2021-01-14,7333968.0,1589421.0,0.0,5744547.0,-57084.742999999784,25.0
2021-01-14,2021-01-15,7333968.0,1589421.0,0.6,5744546.4,-27748.94799999986,32.53968253968254
2021-01-15,2021-01-16,7333968.0,1589421.0,0.0,5744547.0,-27739.349000000395,32.93650793650794
2021-01-19,2021-01-20,7333968.0,1589421.0,0.004,5744546.996,-27749.00299999956,32.53968253968254
2021-01-20,2021-01-21,7414942.0,1626906.0,1.806,5788034.194,15738.199000000022,46.42857142857143
2021-01-21,2021-01-22,7414942.0,1626906.0,1.201,5788034.799,122552.80299999937,72.61904761904762
2021-01-22,2021-01-23,7414942.0,1626906.0,0.0,5788036.0,122554.00100000016,72.61904761904762
2021-01-25,2021-01-26,7414942.0,1626906.0,2.2,5788033.8,122551.79999999981,71.82539682539682
2021-01-26,2021-01-27,7414942.0,1626906.0,1.631,5788034.369,122552.36899999995,71.82539682539682
2021-01-27,2021-01-28,7404926.0,1633540.0,1.152,5771384.848,105902.84800000023,68.65079365079364
2021-01-28,2021-01-29,7404926.0,1633540.0,2.655,5771383.345,26836.34499999974,45.63492063492063
2021-01-29,2021-01-30,7404926.0,1633540.0,7.1,5771378.9,26832.5,45.23809523809524
2021-02-01,2021-02-02,7404926.0,1633540.0,0.012,5771385.988,26838.987999999896,45.63492063492063
2021-02-02,2021-02-03,7404926.0,1633540.0,0.011,5771385.989,26838.992999999784,45.63492063492063
2021-02-03,2021-02-04,7410598.0,1625325.0,0.178,5785272.822,-2761.3720000004396,34.12698412698413
2021-02-04,2021-02-05,7410598.0,1625325.0,0.5,5785272.5,-2762.29899999965,33.730158730158735
2021-02-05,2021-02-06,7410598.0,1625325.0,0.01,5785272.99,-2763.0099999997765,33.730158730158735
2021-02-08,2021-02-09,7410598.0,1625325.0,0.002,5785272.998,-2760.8020000001416,34.92063492063492
2021-02-09,2021-02-10,7410598.0,1625325.0,0.001,5785272.999,-2761.3700000001118,34.92063492063492
2021-02-10,2021-02-11,7442225.0,1608906.0,0.0,5833319.0,61934.15199999977,53.17460317460318
2021-02-11,2021-02-12,7442225.0,1608906.0,0.108,5833318.892,61935.54700000025,53.17460317460318
2021-02-12,2021-02-13,7442225.0,1608906.0,0.001,5833318.999,61940.09899999946,53.17460317460318
2021-02-16,2021-02-17,7442225.0,1608906.0,0.004,5833318.996,61933.00800000038,51.98412698412699
2021-02-17,2021-02-18,7557402.0,1567041.0,0.05,5990360.95,218974.96100000013,88.4920634920635
2021-02-18,2021-02-19,7557402.0,1567041.0,0.0,5990361.0,205088.1780000003,86.11111111111111
2021-02-19,2021-02-20,7557402.0,1567041.0,0.002,5990360.998,205088.49799999967,86.11111111111111
2021-02-22,2021-02-23,7557402.0,1567041.0,1.1,5990359.9,205086.91000000015,85.31746031746032
2021-02-23,2021-02-24,7557402.0,1567041.0,0.435,5990360.565,205087.56700000074,85.31746031746032
2021-02-24,2021-02-25,7590111.0,1529977.0,0.001,6060133.999,274861.0,90.07936507936508
2021-02-25,2021-02-26,7590111.0,1529977.0,9.976,6060124.024,226805.0240000002,88.09523809523809
2021-02-26,2021-02-27,7590111.0,1529977.0,11.2,6060122.8,226803.90799999982,87.6984126984127
2021-03-01,2021-03-02,7590111.0,1529977.0,0.0,6060134.0,226815.00100000016,88.09523809523809
2021-03-02,2021-03-03,7590111.0,1529977.0,0.005,6060133.995,226814.99899999984,87.6984126984127
2021-03-03,2021-03-04,7557524.0,1429549.0,0.507,6127974.493,137613.5429999996,72.22222222222221
2021-03-04,2021-03-05,7557524.0,1429549.0,2.1,6127972.9,137611.90000000037,71.82539682539682
2021-03-05,2021-03-06,7557524.0,1429549.0,1.0,6127974.0,137613.00200000033,71.82539682539682
2021-03-08,2021-03-09,7557524.0,1429549.0,0.025,6127974.975,137615.07499999925,72.22222222222221
2021-03-09,2021-03-10,7557524.0,1429549.0,0.0,6127975.0,137614.4349999996,71.82539682539682
2021-03-10,2021-03-11,7579901.0,1360064.0,0.1,6219836.9,159702.90100000054,78.17460317460318
2021-03-11,2021-03-12,7579901.0,1360064.0,11.051,6219825.949,159701.9249999998,77.77777777777779
2021-03-12,2021-03-13,7579901.0,1360064.0,6.8,6219830.2,159707.40000000037,78.57142857142857
2021-03-15,2021-03-16,7579901.0,1360064.0,0.003,6219836.997,159702.99700000044,78.57142857142857
2021-03-16,2021-03-17,7579901.0,1360064.0,0.702,6219836.298,159702.3030000003,78.17460317460318
2021-03-17,2021-03-18,7693506.0,1272583.0,0.0,6420923.0,292948.5070000002,92.06349206349206
2021-03-18,2021-03-19,7693506.0,1272583.0,26.57,6420896.43,292923.52999999933,91.66666666666666
2021-03-19,2021-03-20,7693506.0,1272583.0,18.908,6420904.092,292930.0920000002,92.06349206349206
2021-03-22,2021-03-23,7693506.0,1272583.0,22.242,6420900.758,292925.78300000075,92.06349206349206
2021-03-23,2021-03-24,7693506.0,1272583.0,19.526,6420903.474,292928.4740000004,92.46031746031747
2021-03-24,2021-03-25,7719622.0,1061138.0,21.902,6658462.098,438625.19799999986,94.04761904761905
2021-03-25,2021-03-26,7719622.0,1061138.0,10.1,6658473.9,438647.95100000035,94.04761904761905
2021-03-26,2021-03-27,7719622.0,1061138.0,11.45,6658472.55,438642.3499999996,94.04761904761905
2021-03-29,2021-03-30,7719622.0,1061138.0,40.354,6658443.646,438606.6489999993,93.65079365079364
2021-03-30,2021-03-31,7719622.0,1061138.0,104.725,6658379.275,438542.97699999996,93.65079365079364
2021-03-31,2021-04-01,7688988.0,1025727.0,134.307,6663126.693,242203.69299999997,87.6984126984127
2021-04-01,2021-04-02,7688988.0,1025727.0,9.575,6663251.425,242354.9950000001,88.09523809523809
2021-04-05,2021-04-06,7688988.0,1025727.0,3.45,6663257.55,242353.45799999963,88.09523809523809
2021-04-06,2021-04-07,7688988.0,1025727.0,18.951,6663242.049,242341.29099999927,88.09523809523809
2021-04-07,2021-04-08,7708882.0,1010103.0,35.035,6698743.965,277840.49099999946,91.26984126984127
2021-04-08,2021-04-09,7708882.0,1010103.0,27.64,6698751.36,40289.262000000104,46.82539682539682
2021-04-09,2021-04-10,7708882.0,1010103.0,31.265,6698747.735,40273.83499999996,46.82539682539682
2021-04-12,2021-04-13,7708882.0,1010103.0,30.221,6698748.779,40276.22900000028,47.22222222222222
2021-04-13,2021-04-14,7708882.0,1010103.0,37.543,6698741.457,40297.811000000685,48.01587301587302
2021-04-14,2021-04-15,7793104.0,925094.0,50.856,6867959.144,209579.86899999995,87.3015873015873
2021-04-15,2021-04-16,7793104.0,925094.0,28.626,6867981.374,204854.68099999987,85.71428571428571
2021-04-16,2021-04-17,7793104.0,925094.0,39.94,6867970.06,204718.63499999978,85.71428571428571
2021-04-19,2021-04-20,7793104.0,925094.0,53.798,6867956.202,204698.65199999977,85.31746031746032
2021-04-20,2021-04-21,7793104.0,925094.0,67.747,6867942.253,204700.2039999999,85.31746031746032
2021-04-21,2021-04-22,7820948.0,1015902.0,81.329,6804964.671,106220.70600000024,64.68253968253968
2021-04-22,2021-04-23,7820948.0,1015902.0,102.644,6804943.356,106191.99599999934,64.28571428571429
2021-04-23,2021-04-24,7820948.0,1015902.0,73.794,6804972.206,106224.4709999999,65.07936507936508
2021-04-26,2021-04-27,7820948.0,1015902.0,100.916,6804945.084,106196.3049999997,64.68253968253968
2021-04-27,2021-04-28,7820948.0,1015902.0,142.172,6804903.828,106162.37099999934,64.28571428571429
2021-04-28,2021-04-29,7780962.0,967689.0,166.732,6813106.268,-54852.876000000164,23.41269841269841
2021-04-29,2021-04-30,7780962.0,967689.0,173.469,6813099.531,-54881.84299999941,23.41269841269841
2021-04-30,2021-05-01,7780962.0,967689.0,183.234,6813089.766,-54880.29399999976,23.809523809523807
2021-05-03,2021-05-04,7780962.0,967689.0,129.724,6813143.276,-54812.92599999998,24.6031746031746
2021-05-04,2021-05-05,7780962.0,967689.0,147.806,6813125.194,-54817.058999999426,24.6031746031746
2021-05-05,2021-05-06,7810486.0,953689.0,162.8,6856634.2,51669.5290000001,50.39682539682539
2021-05-06,2021-05-07,7810486.0,953689.0,154.921,6856642.079,51698.72300000023,50.79365079365079
2021-05-07,2021-05-08,7810486.0,953689.0,161.856,6856635.144,51662.93800000008,50.0
2021-05-10,2021-05-11,7810486.0,953689.0,175.548,6856621.452,51676.367999999784,50.39682539682539
2021-05-11,2021-05-12,7810486.0,953689.0,181.753,6856615.247,51711.41900000069,50.79365079365079
2021-05-12,2021-05-13,7830663.0,898779.0,209.257,6931674.743,118568.47499999963,71.03174603174604
2021-05-13,2021-05-14,7830663.0,898779.0,235.217,6931648.783,118549.2519999994,70.63492063492063
2021-05-14,2021-05-15,7830663.0,898779.0,241.185,6931642.815,118553.04900000058,70.63492063492063
2021-05-17,2021-05-18,7830663.0,898779.0,208.96,6931675.04,118531.76400000043,69.84126984126983
2021-05-18,2021-05-19,7830663.0,898779.0,243.47,6931640.53,118515.33600000013,69.44444444444444
2021-05-19,2021-05-20,7922883.0,866119.0,293.998,7056470.002,199835.80200000014,86.5079365079365
2021-05-20,2021-05-21,7922883.0,866119.0,351.121,7056412.879,199770.7999999998,86.11111111111111
2021-05-21,2021-05-22,7922883.0,866119.0,369.046,7056394.954,199759.8099999996,86.11111111111111
2021-05-24,2021-05-25,7922883.0,866119.0,394.941,7056369.059,199747.60700000077,86.11111111111111
2021-05-25,2021-05-26,7922883.0,866119.0,432.955,7056331.045,199715.7979999995,86.11111111111111
2021-05-26,2021-05-27,7903541.0,812473.0,450.283,7090617.717,158942.9740000004,81.74603174603175
2021-05-27,2021-05-28,7903541.0,812473.0,485.329,7090582.671,158933.88800000027,81.74603174603175
2021-05-28,2021-05-29,7903541.0,812473.0,479.498,7090588.502,158945.68699999992,82.14285714285714
2021-06-01,2021-06-02,7903541.0,812473.0,447.985,7090620.015,158944.97499999963,81.74603174603175
2021-06-02,2021-06-03,7935703.0,783235.0,438.778,7152029.222,220388.6919999998,92.06349206349206
2021-06-03,2021-06-04,7935703.0,783235.0,479.102,7151988.898,95518.89599999972,62.301587301587304
2021-06-04,2021-06-05,7935703.0,783235.0,483.349,7151984.651,95571.77199999988,62.301587301587304
2021-06-07,2021-06-08,7935703.0,783235.0,486.097,7151981.903,95586.94900000002,62.301587301587304
2021-06-08,2021-06-09,7935703.0,783235.0,497.428,7151970.572,95601.51299999934,62.301587301587304
2021-06-09,2021-06-10,7952327.0,730235.0,502.904,7221589.096,165258.05099999998,83.73015873015873
2021-06-10,2021-06-11,7952327.0,730235.0,534.943,7221557.057,130939.33999999985,71.82539682539682
2021-06-11,2021-06-12,7952327.0,730235.0,547.808,7221544.192,130961.52099999972,71.82539682539682
2021-06-14,2021-06-15,7952327.0,730235.0,583.892,7221508.108,130919.60599999968,71.03174603174604
2021-06-15,2021-06-16,7952327.0,730235.0,509.559,7221582.441,130962.42599999998,71.82539682539682
2021-06-16,2021-06-17,8064257.0,653889.0,520.942,7409847.058,257817.83600000013,95.23809523809523
2021-06-17,2021-06-18,8064257.0,653889.0,755.8,7409612.2,257623.30200000014,94.84126984126983
2021-06-18,2021-06-19,8064257.0,653889.0,747.121,7409620.879,257636.22800000012,94.84126984126983
2021-06-21,2021-06-22,8064257.0,653889.0,765.141,7409602.859,257620.95600000024,94.04761904761905
2021-06-22,2021-06-23,8064257.0,653889.0,791.605,7409576.395,257605.82299999986,93.65079365079364
2021-06-23,2021-06-24,8101945.0,734689.0,813.65,7366442.35,144853.25399999972,73.80952380952381
2021-06-24,2021-06-25,8101945.0,734689.0,813.048,7366442.952,144885.89499999955,73.80952380952381
2021-06-25,2021-06-26,8101945.0,734689.0,770.83,7366485.17,144940.97800000012,73.80952380952381
2021-06-28,2021-06-29,8101945.0,734689.0,803.019,7366452.981,144944.87299999967,73.80952380952381
2021-06-29,2021-06-30,8101945.0,734689.0,841.246,7366414.754,144832.31300000008,72.22222222222221
2021-06-30,2021-07-01,8078544.0,745962.0,991.939,7331590.061,-78256.99700000044,10.714285714285714
2021-07-01,2021-07-02,8078544.0,745962.0,742.647,7331839.353,-77772.84700000007,10.714285714285714
2021-07-02,2021-07-03,8078544.0,745962.0,731.504,7331850.496,-77770.38299999945,10.714285714285714
2021-07-06,2021-07-07,8078544.0,745962.0,772.581,7331809.419,-77793.44000000041,9.920634920634921
2021-07-07,2021-07-08,8097773.0,753364.0,785.72,7343623.28,-65953.11499999929,12.698412698412698
2021-07-08,2021-07-09,8097773.0,753364.0,793.399,7343615.601,-22826.748999999836,20.634920634920633
2021-07-09,2021-07-10,8097773.0,753364.0,780.596,7343628.404,-22814.547999999486,20.634920634920633
2021-07-12,2021-07-13,8097773.0,753364.0,776.472,7343632.528,-22852.641999999993,19.841269841269842
2021-07-13,2021-07-14,8097773.0,753364.0,798.267,7343610.733,-22842.247999999672,19.841269841269842
2021-07-14,2021-07-15,8201651.0,704918.0,859.975,7495873.025,129458.27100000065,66.26984126984127
2021-07-15,2021-07-16,8201651.0,704918.0,776.261,7495956.739,164366.6780000003,81.34920634920636
2021-07-16,2021-07-17,8201651.0,704918.0,817.566,7495915.434,164076.08100000024,80.95238095238095
2021-07-19,2021-07-20,8201651.0,704918.0,860.468,7495872.532,164022.03599999938,80.55555555555556
2021-07-20,2021-07-21,8201651.0,704918.0,848.102,7495884.898,164075.47900000028,80.55555555555556
2021-07-21,2021-07-22,8240530.0,678103.0,886.206,7561540.794,217917.5139999995,89.28571428571429
2021-07-22,2021-07-23,8240530.0,678103.0,898.197,7561528.803,217913.2020000005,88.88888888888889
2021-07-23,2021-07-24,8240530.0,678103.0,877.251,7561549.749,217921.34499999974,89.28571428571429
2021-07-26,2021-07-27,8240530.0,678103.0,891.203,7561535.797,217903.26900000032,88.09523809523809
2021-07-27,2021-07-28,8240530.0,678103.0,927.419,7561499.581,217888.84800000023,87.6984126984127
2021-07-28,2021-07-29,8221473.0,578204.0,965.189,7642303.811,146430.78599999938,70.23809523809523
2021-07-29,2021-07-30,8221473.0,578204.0,987.283,7642281.717,146324.97800000012,69.84126984126983
2021-07-30,2021-07-31,8221473.0,578204.0,1039.394,7642229.606,146314.17199999932,69.44444444444444
2021-08-02,2021-08-03,8221473.0,578204.0,921.317,7642347.683,146475.15100000054,70.23809523809523
2021-08-03,2021-08-04,8221473.0,578204.0,909.442,7642359.558,146474.66000000015,69.84126984126983
2021-08-04,2021-08-05,8235073.0,492668.0,931.755,7741473.245,179932.45100000035,81.74603174603175
2021-08-05,2021-08-06,8235073.0,492668.0,944.335,7741460.665,179931.86199999973,81.34920634920636
2021-08-06,2021-08-07,8235073.0,492668.0,952.134,7741452.866,179903.11700000055,80.95238095238095
2021-08-09,2021-08-10,8235073.0,492668.0,981.765,7741423.235,179887.43800000008,80.55555555555556
2021-08-10,2021-08-11,8235073.0,492668.0,998.654,7741406.346,179906.76499999966,80.95238095238095
2021-08-11,2021-08-12,8257159.0,434919.0,1000.46,7821239.54,178935.72900000028,79.76190476190477
2021-08-12,2021-08-13,8257159.0,434919.0,1087.342,7821152.658,178870.94099999964,79.36507936507937
2021-08-13,2021-08-14,8257159.0,434919.0,1050.941,7821189.059,178959.45300000068,79.76190476190477
2021-08-16,2021-08-17,8257159.0,434919.0,1036.418,7821203.582,178855.8990000002,78.57142857142857
2021-08-17,2021-08-18,8257159.0,434919.0,1053.454,7821186.546,178826.9879999999,78.17460317460318
2021-08-18,2021-08-19,8342598.0,338808.0,1115.656,8002674.344,261201.09899999946,95.23809523809523
2021-08-19,2021-08-20,8342598.0,338808.0,1109.938,8002680.062,261219.39699999988,95.23809523809523
2021-08-20,2021-08-21,8342598.0,338808.0,1111.905,8002678.095,261225.22899999935,95.23809523809523
2021-08-23,2021-08-24,8342598.0,338808.0,1135.697,8002654.303,261231.06799999997,95.23809523809523
2021-08-24,2021-08-25,8342598.0,338808.0,1129.737,8002660.263,261253.91700000037,95.23809523809523
2021-08-25,2021-08-26,8332743.0,301430.0,1147.089,8030165.911,208926.37100000028,84.92063492063492
2021-08-26,2021-08-27,8332743.0,301430.0,1091.792,8030221.208,209068.5499999998,84.92063492063492
2021-08-27,2021-08-28,8332743.0,301430.0,1120.015,8030192.985,209003.92599999998,84.52380952380952
2021-08-30,2021-08-31,8332743.0,301430.0,1140.711,8030172.289,208968.70699999947,84.12698412698413
2021-08-31,2021-09-01,8332743.0,301430.0,1189.616,8030123.384,208936.83799999952,83.73015873015873
2021-09-01,2021-09-02,8349173.0,277650.0,1084.115,8070438.885,67764.5410000002,35.317460317460316
2021-09-02,2021-09-03,8349173.0,277650.0,1066.987,8070456.013,67775.95100000035,35.714285714285715
2021-09-03,2021-09-04,8349173.0,277650.0,1074.707,8070448.293,67770.19799999986,35.317460317460316
2021-09-07,2021-09-08,8349173.0,277650.0,1079.945,8070443.055,67788.7519999994,35.714285714285715
2021-09-08,2021-09-09,8357314.0,253496.0,1115.229,8102702.771,100042.50799999945,46.42857142857143
2021-09-09,2021-09-10,8357314.0,253496.0,1107.659,8102710.341,72544.4299999997,36.904761904761905
2021-09-10,2021-09-11,8357314.0,253496.0,1099.323,8102718.677,72497.4690000005,36.507936507936506
2021-09-13,2021-09-14,8357314.0,253496.0,1087.108,8102730.892,72537.90699999966,36.507936507936506
2021-09-14,2021-09-15,8357314.0,253496.0,1169.28,8102648.72,72476.43099999987,35.714285714285715
2021-09-15,2021-09-16,8448770.0,230328.0,1081.342,8217360.658,187237.2740000002,77.77777777777779
2021-09-16,2021-09-17,8448770.0,230328.0,1147.494,8217294.506,146855.62100000028,65.87301587301587
2021-09-17,2021-09-18,8448770.0,230328.0,1218.303,8217223.697,146767.68399999943,65.47619047619048
2021-09-20,2021-09-21,8448770.0,230328.0,1224.289,8217217.711,146769.41800000053,65.47619047619048
2021-09-21,2021-09-22,8448770.0,230328.0,1240.494,8217201.506,146758.45100000035,64.68253968253968
2021-09-22,2021-09-23,8489824.0,308022.0,1283.281,8180518.719,77815.94799999986,37.301587301587304
2021-09-23,2021-09-24,8489824.0,308022.0,1352.483,8180449.517,77739.17599999998,36.904761904761905
2021-09-24,2021-09-25,8489824.0,308022.0,1313.657,8180488.343,77769.6660000002,36.904761904761905
2021-09-27,2021-09-28,8489824.0,308022.0,1297.05,8180504.95,77774.0580000002,36.904761904761905
2021-09-28,2021-09-29,8489824.0,308022.0,1365.185,8180436.815,77788.09500000067,36.904761904761905
2021-09-29,2021-09-30,8447981.0,197744.0,1415.84,8248821.16,31460.502000000328,24.206349206349206
2021-09-30,2021-10-01,8447981.0,197744.0,1604.881,8248632.119,31337.612999999896,23.809523809523807
2021-10-01,2021-10-02,8447981.0,197744.0,1385.991,8248851.009,31627.311999999918,24.206349206349206
2021-10-04,2021-10-05,8447981.0,197744.0,1399.173,8248837.827,31620.115999999456,23.809523809523807
2021-10-05,2021-10-06,8447981.0,197744.0,1431.18,8248805.82,31604.314000000246,23.41269841269841
2021-10-06,2021-10-07,8464032.0,135582.0,1451.175,8326998.825,146480.1060000006,64.28571428571429
2021-10-07,2021-10-08,8464032.0,135582.0,1375.863,8327074.137,146624.6200000001,64.28571428571429
2021-10-08,2021-10-09,8464032.0,135582.0,1371.958,8327078.042,146589.69900000002,63.888888888888886
2021-10-12,2021-10-13,8464032.0,135582.0,1367.051,8327082.949,146577.99899999984,63.49206349206349
2021-10-13,2021-10-14,8480942.0,77858.0,1364.701,8401719.299,221282.48400000017,88.09523809523809
2021-10-14,2021-10-15,8480942.0,77858.0,1445.66,8401638.34,152817.1799999997,67.46031746031747
2021-10-15,2021-10-16,8480942.0,77858.0,1462.297,8401621.703,152989.5839999998,67.46031746031747
2021-10-18,2021-10-19,8480942.0,77858.0,1477.114,8401606.886,152755.87700000033,66.66666666666666
2021-10-19,2021-10-20,8480942.0,77858.0,1470.739,8401613.261,152775.43400000036,66.66666666666666
2021-10-20,2021-10-21,8564943.0,83386.0,1493.961,8480063.039,231257.2190000005,89.68253968253968
2021-10-21,2021-10-22,8564943.0,83386.0,1458.605,8480098.395,153099.56999999937,67.06349206349206
2021-10-22,2021-10-23,8564943.0,83386.0,1403.02,8480153.98,153079.84300000034,66.66666666666666
2021-10-25,2021-10-26,8564943.0,83386.0,1413.188,8480143.812,153065.77000000048,66.26984126984127
2021-10-26,2021-10-27,8564943.0,83386.0,1423.198,8480133.802,153050.8529999992,65.87301587301587
2021-10-27,2021-10-28,8556181.0,213291.0,1433.37,8341456.63,-60262.66900000069,5.555555555555555
2021-10-28,2021-10-29,8556181.0,213291.0,1384.684,8341505.316,-60133.02400000021,5.952380952380952
2021-10-29,2021-10-30,8556181.0,213291.0,1502.296,8341387.704,-60233.998999999836,5.952380952380952
2021-11-01,2021-11-02,8556181.0,213291.0,1358.606,8341531.394,-60075.49199999962,6.746031746031746
2021-11-02,2021-11-03,8556181.0,213291.0,1329.913,8341560.087,-60053.17399999965,7.142857142857142
2021-11-03,2021-11-04,8574871.0,280205.0,1343.985,8293322.015,-186741.02400000114,0.3968253968253968
2021-11-04,2021-11-05,8574871.0,280205.0,1348.539,8293317.461,-186780.93399999943,0.3968253968253968
2021-11-05,2021-11-06,8574871.0,280205.0,1354.059,8293311.941,-186842.0390000008,0.3968253968253968
2021-11-08,2021-11-09,8574871.0,280205.0,1354.382,8293311.618,-186832.19400000107,0.7936507936507936
2021-11-09,2021-11-10,8574871.0,280205.0,1377.197,8293288.803,-186844.9989999989,0.3968253968253968
2021-11-10,2021-11-11,8663117.0,259293.0,1448.623,8402375.377,60918.74700000044,27.77777777777778
2021-11-12,2021-11-13,8663117.0,259293.0,1417.643,8402406.357,60901.04100000113,27.77777777777778
2021-11-15,2021-11-16,8663117.0,259293.0,1391.657,8402432.343,61044.63900000043,28.57142857142857
2021-11-16,2021-11-17,8663117.0,259293.0,1466.857,8402357.143,60825.748999998905,27.77777777777778
2021-11-17,2021-11-18,8674970.0,211453.0,1520.0,8461997.0,120436.91299999971,45.63492063492063
2021-11-18,2021-11-19,8674970.0,211453.0,1584.097,8461932.903,168610.8880000012,72.61904761904762
2021-11-19,2021-11-20,8674970.0,211453.0,1575.384,8461941.616,168624.15500000026,72.61904761904762
2021-11-22,2021-11-23,8674970.0,211453.0,1573.769,8461943.231,168631.29000000097,72.61904761904762
2021-11-23,2021-11-24,8674970.0,211453.0,1571.98,8461945.02,168633.40199999977,72.61904761904762
2021-11-24,2021-11-25,8681771.0,164087.0,1452.897,8516231.103,222942.2999999998,87.6984126984127
2021-11-26,2021-11-27,8681771.0,164087.0,1451.108,8516232.892,113857.5150000006,42.46031746031746
2021-11-29,2021-11-30,8681771.0,164087.0,1459.339,8516224.661,113818.30399999954,42.46031746031746
2021-11-30,2021-12-01,8681771.0,164087.0,1517.956,8516166.044,113733.70099999942,42.46031746031746
2021-12-01,2021-12-02,8650402.0,152651.0,1427.347,8496323.653,93966.51000000164,38.095238095238095
2021-12-02,2021-12-03,8650402.0,152651.0,1448.585,8496302.415,34305.414999999106,24.206349206349206
2021-12-03,2021-12-04,8650402.0,152651.0,1475.464,8496275.536,34342.63299999945,24.6031746031746
2021-12-06,2021-12-07,8650402.0,152651.0,1487.996,8496263.004,34321.38800000027,24.6031746031746
2021-12-07,2021-12-08,8650402.0,152651.0,1455.038,8496295.962,34352.73099999875,25.0
2021-12-08,2021-12-09,8664524.0,115117.0,1484.192,8547922.808,85977.78800000064,37.301587301587304
2021-12-09,2021-12-10,8664524.0,115117.0,1500.027,8547906.973,31675.86999999918,23.015873015873016
2021-12-10,2021-12-11,8664524.0,115117.0,1507.147,8547899.853,31666.960999999195,22.61904761904762
2021-12-13,2021-12-14,8664524.0,115117.0,1599.768,8547807.232,31582.571000000462,21.03174603174603
2021-12-14,2021-12-15,8664524.0,115117.0,1584.488,8547822.512,31656.468000000343,22.22222222222222
2021-12-15,2021-12-16,8756666.0,104798.0,1621.097,8650246.903,153923.25,65.07936507936508
2021-12-16,2021-12-17,8756666.0,104798.0,1657.626,8650210.374,153907.95900000073,64.68253968253968
2021-12-17,2021-12-18,8756666.0,104798.0,1704.586,8650163.414,153887.8780000005,64.28571428571429
2021-12-20,2021-12-21,8756666.0,104798.0,1758.041,8650109.959,153846.95500000007,63.888888888888886
2021-12-21,2021-12-22,8756666.0,104798.0,1748.285,8650119.715,153823.7530000005,63.49206349206349
2021-12-22,2021-12-23,8790495.0,84954.0,1699.277,8703841.723,155918.9149999991,65.07936507936508
2021-12-23,2021-12-24,8790495.0,84954.0,1577.78,8703963.22,156056.24700000137,65.07936507936508
2021-12-27,2021-12-28,8790495.0,84954.0,1580.347,8703960.653,156060.80000000075,65.07936507936508
2021-12-28,2021-12-29,8790495.0,84954.0,1637.064,8703903.936,156096.7039999999,65.07936507936508
2021-12-29,2021-12-30,8757460.0,211849.0,1642.506,8543968.494,-3854.017999999225,14.682539682539684
2021-12-30,2021-12-31,8757460.0,211849.0,1696.476,8543914.524,-106332.37900000066,4.365079365079365
2021-12-31,2022-01-01,8757460.0,211849.0,1904.582,8543706.418,-106503.95600000024,4.365079365079365
2022-01-03,2022-01-04,8757460.0,211849.0,1579.526,8544031.474,-106131.94000000134,5.158730158730158
2022-01-04,2022-01-05,8757460.0,211849.0,1495.692,8544115.308,-105994.65100000054,5.555555555555555
2022-01-05,2022-01-06,8765721.0,389751.0,1492.787,8374477.213,-275642.5019999994,0.3968253968253968
2022-01-06,2022-01-07,8765721.0,389751.0,1510.553,8374459.447,-329382.2759999996,0.3968253968253968
2022-01-07,2022-01-08,8765721.0,389751.0,1530.096,8374439.904,-329523.3160000006,0.3968253968253968
2022-01-10,2022-01-11,8765721.0,389751.0,1560.421,8374409.579,-329551.07400000095,0.3968253968253968
2022-01-11,2022-01-12,8765721.0,389751.0,1527.02,8374442.98,-329460.95600000024,1.1904761904761905
2022-01-12,2022-01-13,8788278.0,456401.0,1536.981,8330340.019,-213628.47500000056,2.380952380952381
2022-01-13,2022-01-14,8788278.0,456401.0,1636.742,8330240.258,-213674.26599999983,2.380952380952381
2022-01-14,2022-01-15,8788278.0,456401.0,1598.887,8330278.113,-213428.3049999997,3.1746031746031744
2022-01-18,2022-01-19,8788278.0,456401.0,1597.137,8330279.863,-213751.61099999957,2.380952380952381
2022-01-19,2022-01-20,8867834.0,488697.0,1656.576,8377480.424,-166634.88400000054,5.952380952380952
2022-01-20,2022-01-21,8867834.0,488697.0,1678.931,8377458.069,2980.8559999996796,17.857142857142858
2022-01-21,2022-01-22,8867834.0,488697.0,1706.127,8377430.873,2971.4259999999776,17.857142857142858
2022-01-24,2022-01-25,8867834.0,488697.0,1614.002,8377522.998,3083.0939999995753,18.650793650793652
2022-01-25,2022-01-26,8867834.0,488697.0,1599.502,8377537.498,3127.9189999997616,19.047619047619047
2022-01-26,2022-01-27,8860485.0,614877.0,1613.046,8243994.954,-130448.02600000054,6.349206349206349
2022-01-27,2022-01-28,8860485.0,614877.0,1583.895,8244024.105,-86315.91399999987,8.333333333333332
2022-01-28,2022-01-29,8860485.0,614877.0,1615.021,8243992.979,-86247.2790000001,8.73015873015873
2022-01-31,2022-02-01,8860485.0,614877.0,1654.85,8243953.15,-86324.96299999952,8.333333333333332
2022-02-01,2022-02-02,8860485.0,614877.0,1584.109,8244023.891,-86255.97200000007,9.126984126984127
2022-02-02,2022-02-03,8873211.0,675773.0,1626.895,8195811.105,-181669.3189999992,5.952380952380952
2022-02-03,2022-02-04,8873211.0,675773.0,1640.397,8195797.603,-181660.46600000001,6.349206349206349
2022-02-04,2022-02-05,8873211.0,675773.0,1642.892,8195795.108,-181635.76499999966,6.746031746031746
2022-02-07,2022-02-08,8873211.0,675773.0,1679.932,8195758.068,-181764.9299999997,5.952380952380952
2022-02-08,2022-02-09,8873211.0,675773.0,1674.61,8195763.39,-181774.108,5.952380952380952
2022-02-09,2022-02-10,8878009.0,686384.0,1653.153,8189971.847,-54023.10699999984,17.857142857142858
2022-02-10,2022-02-11,8878009.0,686384.0,1634.146,8189990.854,-54033.251000000164,17.857142857142858
2022-02-11,2022-02-12,8878009.0,686384.0,1635.826,8189989.174,-54003.80500000063,18.650793650793652
2022-02-14,2022-02-15,8878009.0,686384.0,1666.232,8189958.768,-53994.382000000216,19.047619047619047
2022-02-15,2022-02-16,8878009.0,686384.0,1608.494,8190016.506,-54007.38499999978,18.650793650793652
2022-02-16,2022-02-17,8911033.0,692541.0,1644.134,8216847.866,21036.76099999994,23.41269841269841
2022-02-17,2022-02-18,8911033.0,692541.0,1647.202,8216844.798,21047.195000000298,23.809523809523807
2022-02-18,2022-02-19,8911033.0,692541.0,1674.929,8216817.071,21021.963000000454,23.41269841269841
2022-02-22,2022-02-23,8911033.0,692541.0,1699.432,8216792.568,21034.5,23.809523809523807
2022-02-23,2022-02-24,8928129.0,697838.0,1738.322,8228552.678,32789.28800000064,28.57142857142857
2022-02-24,2022-02-25,8928129.0,697838.0,1650.399,8228640.601,38668.753999999724,30.555555555555557
2022-02-25,2022-02-26,8928129.0,697838.0,1603.349,8228687.651,38696.79699999932,30.952380952380953
2022-02-28,2022-03-01,8928129.0,697838.0,1596.052,8228694.948,38705.77400000021,31.349206349206348
2022-03-01,2022-03-02,8928129.0,697838.0,1552.95,8228738.05,38779.28199999966,31.746031746031743
2022-03-02,2022-03-03,8904455.0,682903.0,1526.211,8220025.789,30009.28299999982,25.0
2022-03-03,2022-03-04,8904455.0,682903.0,1533.992,8220018.008,3170.1419999999925,23.41269841269841
2022-03-04,2022-03-05,8904455.0,682903.0,1483.061,8220068.939,3224.1409999998286,23.809523809523807
2022-03-07,2022-03-08,8904455.0,682903.0,1461.227,8220090.773,3273.7019999995828,24.206349206349206
2022-03-08,2022-03-09,8904455.0,682903.0,1525.099,8220026.901,3234.332999999635,24.206349206349206
2022-03-09,2022-03-10,8910748.0,652039.0,1542.504,8257166.496,28613.81799999997,26.58730158730159
2022-03-10,2022-03-11,8910748.0,652039.0,1568.735,8257140.265,28499.663999999873,26.58730158730159
2022-03-11,2022-03-12,8910748.0,652039.0,1557.823,8257151.177,28463.526000000536,26.58730158730159
2022-03-14,2022-03-15,8910748.0,652039.0,1608.021,8257100.979,28406.031000000425,26.58730158730159
2022-03-15,2022-03-16,8910748.0,652039.0,1583.471,8257125.529,28387.479000000283,26.58730158730159
2022-03-16,2022-03-17,8954306.0,570606.0,1613.637,8382086.363,162060.57400000002,72.61904761904762
2022-03-17,2022-03-18,8954306.0,570606.0,1659.977,8382040.023,162022.01499999966,72.22222222222221
2022-03-18,2022-03-19,8954306.0,570606.0,1715.148,8381984.852,161915.9129999997,72.22222222222221
2022-03-21,2022-03-22,8954306.0,570606.0,1728.893,8381971.107,161880.3339999998,72.22222222222221
2022-03-22,2022-03-23,8954306.0,570606.0,1763.183,8381936.817,161909.9160000002,72.61904761904762
2022-03-23,2022-03-24,8962474.0,614616.0,1803.186,8346054.814,88888.31799999997,46.82539682539682
2022-03-24,2022-03-25,8962474.0,614616.0,1707.655,8346150.345,89010.08000000007,47.22222222222222
2022-03-25,2022-03-26,8962474.0,614616.0,1676.974,8346181.026,89029.84899999946,47.61904761904761
2022-03-28,2022-03-29,8962474.0,614616.0,1688.632,8346169.368,89068.3889999995,48.01587301587302
2022-03-29,2022-03-30,8962474.0,614616.0,1718.87,8346139.13,89013.60099999979,47.61904761904761
2022-03-30,2022-03-31,8937142.0,575065.0,1785.939,8360291.061,-21795.30200000014,21.428571428571427
2022-03-31,2022-04-01,8937142.0,575065.0,1871.97,8360205.03,-21834.992999999784,21.428571428571427
2022-04-01,2022-04-02,8937142.0,575065.0,1666.063,8360410.937,-21573.915000000037,22.22222222222222
2022-04-04,2022-04-05,8937142.0,575065.0,1692.936,8360384.064,-21587.042999999598,22.22222222222222
2022-04-05,2022-04-06,8937142.0,575065.0,1710.834,8360366.166,-21570.650999999605,23.015873015873016
2022-04-06,2022-04-07,8937592.0,574451.0,1731.472,8361409.528,15354.713999999687,26.984126984126984
2022-04-07,2022-04-08,8937592.0,574451.0,1734.424,8361406.576,15256.231000000611,26.984126984126984
2022-04-08,2022-04-09,8937592.0,574451.0,1750.498,8361390.502,15209.476000000723,26.984126984126984
2022-04-11,2022-04-12,8937592.0,574451.0,1758.958,8361382.042,15212.674000000581,27.380952380952383
2022-04-12,2022-04-13,8937592.0,574451.0,1710.414,8361430.586,15291.456000000238,28.174603174603174
2022-04-13,2022-04-14,8965487.0,547308.0,1815.555,8416363.445,56072.384000000544,42.06349206349206
2022-04-14,2022-04-15,8965487.0,547308.0,1706.935,8416472.065,56267.03499999922,42.46031746031746
2022-04-18,2022-04-19,8965487.0,547308.0,1738.379,8416440.621,56029.683999999426,42.06349206349206
2022-04-19,2022-04-20,8965487.0,547308.0,1817.292,8416361.708,55977.64400000032,42.06349206349206
2022-04-20,2022-04-21,8955851.0,711406.0,1866.56,8242578.44,-117787.72599999979,8.73015873015873
2022-04-21,2022-04-22,8955851.0,711406.0,1854.7,8242590.3,-118819.22800000012,8.73015873015873
2022-04-22,2022-04-23,8955851.0,711406.0,1765.031,8242679.969,-118726.60700000077,9.126984126984127
2022-04-25,2022-04-26,8955851.0,711406.0,1783.609,8242661.391,-118729.1110000005,9.126984126984127
2022-04-26,2022-04-27,8955851.0,711406.0,1819.343,8242625.657,-118756.38500000071,9.126984126984127
2022-04-27,2022-04-28,8939199.0,944328.0,1803.162,7993067.838,-368362.7479999997,0.3968253968253968
2022-04-28,2022-04-29,8939199.0,944328.0,1818.416,7993052.584,-423310.8610000005,0.3968253968253968
2022-04-29,2022-04-30,8939199.0,944328.0,1906.802,7992964.198,-423507.8669999996,0.3968253968253968
2022-05-02,2022-05-03,8939199.0,944328.0,1796.302,7993074.698,-423365.9229999995,0.7936507936507936
2022-05-03,2022-05-04,8939199.0,944328.0,1796.252,7993074.748,-423286.9600000009,1.5873015873015872
2022-05-04,2022-05-05,8939972.0,945478.0,1815.656,7992678.344,-249900.09600000083,4.365079365079365
2022-05-05,2022-05-06,8939972.0,945478.0,1844.762,7992649.238,-249941.06199999992,4.365079365079365
2022-05-06,2022-05-07,8939972.0,945478.0,1861.866,7992632.134,-250047.83499999996,4.365079365079365
2022-05-09,2022-05-10,8939972.0,945478.0,1858.995,7992635.005,-250026.38599999994,4.761904761904762
2022-05-10,2022-05-11,8939972.0,945478.0,1864.225,7992629.775,-249995.88199999928,5.158730158730158
2022-05-11,2022-05-12,8942008.0,945658.0,1876.119,7994473.881,1406.0429999995977,27.77777777777778
2022-05-12,2022-05-13,8942008.0,945658.0,1900.069,7994449.931,1397.347000000067,27.77777777777778
2022-05-13,2022-05-14,8942008.0,945658.0,1865.287,7994484.713,1520.515000000596,28.57142857142857
2022-05-16,2022-05-17,8942008.0,945658.0,1833.152,7994516.848,1442.1500000003725,28.57142857142857
2022-05-17,2022-05-18,8942008.0,945658.0,1877.483,7994472.517,1397.7690000003204,28.174603174603174
2022-05-18,2022-05-19,8945898.0,886964.0,1973.373,8056960.627,64282.28300000075,49.2063492063492
2022-05-19,2022-05-20,8945898.0,886964.0,1981.005,8056952.995,64303.757000000216,49.60317460317461
2022-05-20,2022-05-21,8945898.0,886964.0,1987.987,8056946.013,64313.879000000656,50.0
2022-05-23,2022-05-24,8945898.0,886964.0,2044.658,8056889.342,64254.33700000029,49.2063492063492
2022-05-24,2022-05-25,8945898.0,886964.0,1987.865,8056946.135,64316.359999999404,50.79365079365079
2022-05-25,2022-05-26,8914281.0,821535.0,1995.75,8090750.25,96276.36899999995,60.71428571428571
2022-05-26,2022-05-27,8914281.0,821535.0,2007.702,8090738.298,96288.36700000055,61.111111111111114
2022-05-27,2022-05-28,8914281.0,821535.0,2006.688,8090739.312,96254.59899999946,60.71428571428571
2022-05-31,2022-06-01,8914281.0,821535.0,1978.538,8090767.462,96250.61400000006,60.71428571428571
2022-06-01,2022-06-02,8915050.0,789532.0,1965.015,8123552.985,129080.46800000034,64.28571428571429
2022-06-02,2022-06-03,8915050.0,789532.0,1985.239,8123532.761,66572.13399999961,51.19047619047619
2022-06-03,2022-06-04,8915050.0,789532.0,2031.228,8123486.772,66533.77699999977,51.19047619047619
2022-06-06,2022-06-07,8915050.0,789532.0,2040.093,8123477.907,66531.89399999939,51.19047619047619
2022-06-07,2022-06-08,8915050.0,789532.0,2091.395,8123426.605,66537.26300000027,51.98412698412699
2022-06-08,2022-06-09,8918254.0,723384.0,2140.277,8192729.723,135783.58800000045,67.06349206349206
2022-06-09,2022-06-10,8918254.0,723384.0,2142.318,8192727.682,101977.43200000003,62.698412698412696
2022-06-10,2022-06-11,8918254.0,723384.0,2162.885,8192707.115,101968.8169999998,62.698412698412696
2022-06-13,2022-06-14,8918254.0,723384.0,2212.62,8192657.38,101918.06799999997,62.698412698412696
2022-06-14,2022-06-15,8918254.0,723384.0,2223.857,8192646.143,101878.68099999987,62.698412698412696
2022-06-15,2022-06-16,8932420.0,656870.0,2162.924,8273387.076,149834.09100000001,74.60317460317461
2022-06-16,2022-06-17,8932420.0,656870.0,2178.382,8273371.618,149838.85699999984,74.60317460317461
2022-06-17,2022-06-18,8932420.0,656870.0,2229.279,8273320.721,149833.94900000002,74.20634920634922
2022-06-21,2022-06-22,8932420.0,656870.0,2188.627,8273361.373,149883.46600000001,75.39682539682539
2022-06-22,2022-06-23,8934346.0,758283.0,2259.458,8173803.542,50376.93699999992,46.03174603174603
2022-06-23,2022-06-24,8934346.0,758283.0,2285.442,8173777.558,-18952.165000000037,27.380952380952383
2022-06-24,2022-06-25,8934346.0,758283.0,2180.984,8173882.016,-18845.6660000002,27.77777777777778
2022-06-27,2022-06-28,8934346.0,758283.0,2155.942,8173907.058,-18800.05700000003,28.174603174603174
2022-06-28,2022-06-29,8934346.0,758283.0,2213.784,8173849.216,-18808.163999999873,28.174603174603174
2022-06-29,2022-06-30,8913553.0,756627.0,2226.976,8154699.024,-37947.11899999995,23.809523809523807
2022-06-30,2022-07-01,8913553.0,756627.0,2329.743,8154596.257,-118790.81900000013,13.095238095238097
2022-07-01,2022-07-02,8913553.0,756627.0,2167.085,8154758.915,-118612.70299999975,14.682539682539684
2022-07-05,2022-07-06,8913553.0,756627.0,2138.28,8154787.72,-118533.00100000016,15.079365079365079
2022-07-06,2022-07-07,8891851.0,700457.0,2168.026,8189225.974,-84135.39899999928,19.047619047619047
2022-07-07,2022-07-08,8891851.0,700457.0,2172.457,8189221.543,15418.000999999233,37.301587301587304
2022-07-08,2022-07-09,8891851.0,700457.0,2144.921,8189249.079,15471.520999999717,37.301587301587304
2022-07-11,2022-07-12,8891851.0,700457.0,2164.266,8189229.734,15347.718000000343,36.11111111111111
2022-07-12,2022-07-13,8891851.0,700457.0,2146.132,8189247.868,15340.80999999959,35.714285714285715
2022-07-13,2022-07-14,8895867.0,652572.0,2155.29,8241139.71,67290.49399999995,55.55555555555556
2022-07-14,2022-07-15,8895867.0,652572.0,2207.121,8241087.879,86388.85499999952,61.111111111111114
2022-07-15,2022-07-16,8895867.0,652572.0,2153.75,8241141.25,86544.99299999978,61.111111111111114
2022-07-18,2022-07-19,8895867.0,652572.0,2190.375,8241104.625,86345.70999999996,60.71428571428571
2022-07-19,2022-07-20,8895867.0,652572.0,2211.821,8241083.179,86295.4589999998,60.71428571428571
2022-07-20,2022-07-21,8899213.0,613878.0,2240.204,8283094.796,93868.8219999997,64.28571428571429
2022-07-21,2022-07-22,8899213.0,613878.0,2271.756,8283063.244,93841.70100000035,64.28571428571429
2022-07-22,2022-07-23,8899213.0,613878.0,2228.959,8283106.041,93856.96200000029,64.68253968253968
2022-07-25,2022-07-26,8899213.0,613878.0,2192.367,8283142.633,93912.89900000021,65.47619047619048
2022-07-26,2022-07-27,8899213.0,613878.0,2189.474,8283145.526,93897.65799999982,65.47619047619048
2022-07-27,2022-07-28,8890004.0,602945.0,2188.994,8284870.006,43730.29600000009,47.61904761904761
2022-07-28,2022-07-29,8890004.0,602945.0,2239.883,8284819.117,43731.237999999896,48.01587301587302
2022-07-29,2022-07-30,8890004.0,602945.0,2300.2,8284758.8,43617.549999999814,47.61904761904761
2022-08-01,2022-08-02,8890004.0,602945.0,2161.885,8284897.115,43792.49000000022,48.80952380952381
2022-08-02,2022-08-03,8890004.0,602945.0,2156.013,8284902.987,43819.808000000194,49.2063492063492
2022-08-03,2022-08-04,8874620.0,594115.0,2182.238,8278322.762,-4772.033999999985,27.380952380952383
2022-08-04,2022-08-05,8874620.0,594115.0,2191.546,8278313.454,-4749.790000000037,27.77777777777778
2022-08-05,2022-08-06,8874620.0,594115.0,2194.927,8278310.073,-4795.968000000343,27.380952380952383
2022-08-08,2022-08-09,8874620.0,594115.0,2195.692,8278309.308,-4833.325000000186,27.380952380952383
2022-08-09,2022-08-10,8874620.0,594115.0,2186.568,8278318.432,-4827.093999999575,27.77777777777778
2022-08-10,2022-08-11,8879138.0,557265.0,2177.646,8319695.354,34825.34800000023,48.01587301587302
2022-08-11,2022-08-12,8879138.0,557265.0,2199.247,8319673.753,34854.63599999994,48.41269841269841
2022-08-12,2022-08-13,8879138.0,557265.0,2213.193,8319659.807,34901.007000000216,48.80952380952381
2022-08-15,2022-08-16,8879138.0,557265.0,2175.857,8319697.143,34800.02799999993,48.01587301587302
2022-08-16,2022-08-17,8879138.0,557265.0,2165.332,8319707.668,34804.680999999866,48.41269841269841
2022-08-17,2022-08-18,8849762.0,545321.0,2199.631,8302241.369,23918.606999999844,40.07936507936508
2022-08-18,2022-08-19,8849762.0,545321.0,2218.161,8302222.839,23909.384999999776,40.07936507936508
2022-08-19,2022-08-20,8849762.0,545321.0,2221.68,8302219.32,23909.24700000044,40.07936507936508
2022-08-22,2022-08-23,8849762.0,545321.0,2235.665,8302205.335,23896.02699999977,40.07936507936508
2022-08-23,2022-08-24,8849762.0,545321.0,2250.718,8302190.282,23871.849999999627,40.07936507936508
2022-08-24,2022-08-25,8851436.0,535267.0,2237.072,8313931.928,-5763.425999999978,27.380952380952383
2022-08-25,2022-08-26,8851436.0,535267.0,2187.907,8313981.093,-5692.659999999218,27.77777777777778
2022-08-26,2022-08-27,8851436.0,535267.0,2182.452,8313986.548,-5673.258999999613,28.174603174603174
2022-08-29,2022-08-30,8851436.0,535267.0,2205.188,8313963.812,-5733.331000000238,27.77777777777778
2022-08-30,2022-08-31,8851436.0,535267.0,2188.975,8313980.025,-5727.642999999225,28.174603174603174
2022-08-31,2022-09-01,8826093.0,612536.0,2251.025,8211305.975,-90935.39400000032,17.46031746031746
2022-09-01,2022-09-02,8826093.0,612536.0,2173.156,8211383.844,-90838.99500000011,17.857142857142858
2022-09-02,2022-09-03,8826093.0,612536.0,2173.413,8211383.587,-90835.73300000001,18.253968253968253
2022-09-06,2022-09-07,8826093.0,612536.0,2188.796,8211368.204,-90837.13100000005,18.253968253968253
2022-09-07,2022-09-08,8822401.0,581295.0,2206.987,8238899.013,-63291.26899999939,21.03174603174603
2022-09-08,2022-09-09,8822401.0,581295.0,2210.466,8238895.534,-75036.39400000032,21.03174603174603
2022-09-09,2022-09-10,8822401.0,581295.0,2209.714,8238896.286,-75084.80700000003,21.03174603174603
2022-09-12,2022-09-13,8822401.0,581295.0,2218.546,8238887.454,-75099.0940000005,21.03174603174603
2022-09-13,2022-09-14,8822401.0,581295.0,2202.719,8238903.281,-75060.5309999995,21.825396825396826
2022-09-14,2022-09-15,8832759.0,593808.0,2225.579,8236725.421,-77254.60400000028,21.03174603174603
2022-09-15,2022-09-16,8832759.0,593808.0,2176.188,8236774.812,25468.83700000029,48.01587301587302
2022-09-16,2022-09-17,8832759.0,593808.0,2186.833,8236764.167,25380.32300000079,48.01587301587302
2022-09-19,2022-09-20,8832759.0,593808.0,2217.542,8236733.458,25349.870999999344,48.01587301587302
2022-09-20,2022-09-21,8832759.0,593808.0,2238.87,8236712.13,25343.925999999978,48.01587301587302
2022-09-21,2022-09-22,8816802.0,692496.0,2315.9,8121990.1,-116908.91300000064,15.873015873015872
2022-09-22,2022-09-23,8816802.0,692496.0,2359.227,8121946.773,-116948.76099999994,15.873015873015872
2022-09-23,2022-09-24,8816802.0,692496.0,2319.361,8121986.639,-116909.64699999988,16.26984126984127
2022-09-26,2022-09-27,8816802.0,692496.0,2299.011,8122006.989,-116880.46499999985,17.063492063492063
2022-09-27,2022-09-28,8816802.0,692496.0,2327.111,8121978.889,-116924.39199999999,16.26984126984127
2022-09-28,2022-09-29,8795567.0,689569.0,2366.798,8103631.202,-133094.2190000005,12.3015873015873
2022-09-29,2022-09-30,8795567.0,689569.0,2371.763,8103626.237,-133148.5750000002,12.3015873015873
2022-09-30,2022-10-01,8795567.0,689569.0,2425.91,8103572.09,-133192.0770000005,12.3015873015873
2022-10-03,2022-10-04,8795567.0,689569.0,2252.523,8103745.477,-132987.98099999968,13.492063492063492
2022-10-04,2022-10-05,8795567.0,689569.0,2233.616,8103764.384,-132947.74600000028,13.88888888888889
2022-10-05,2022-10-06,8759053.0,633939.0,2230.799,8122883.201,893.1010000007227,39.682539682539684
2022-10-06,2022-10-07,8759053.0,633939.0,2232.801,8122881.199,934.4259999999776,40.07936507936508
2022-10-07,2022-10-08,8759053.0,633939.0,2226.95,8122887.05,900.4109999993816,40.07936507936508
2022-10-11,2022-10-12,8759053.0,633939.0,2222.479,8122891.521,884.5319999996573,39.682539682539684
2022-10-12,2022-10-13,8758969.0,608302.0,2247.206,8148419.794,26440.90499999933,55.158730158730165
2022-10-13,2022-10-14,8758969.0,608302.0,2244.1,8148422.9,44791.69800000079,67.06349206349206
2022-10-14,2022-10-15,8758969.0,608302.0,2222.052,8148444.948,44818.71100000013,67.46031746031747
2022-10-17,2022-10-18,8758969.0,608302.0,2172.301,8148494.699,44922.60900000017,67.85714285714286
2022-10-18,2022-10-19,8758969.0,608302.0,2226.725,8148440.275,44694.79800000042,67.06349206349206
2022-10-19,2022-10-20,8743922.0,607199.0,2241.835,8134481.165,30716.781000000425,57.936507936507944
2022-10-20,2022-10-21,8743922.0,607199.0,2234.071,8134488.929,11605.727999999188,46.42857142857143
2022-10-21,2022-10-22,8743922.0,607199.0,2265.809,8134457.191,11575.99199999962,46.42857142857143
2022-10-24,2022-10-25,8743922.0,607199.0,2242.044,8134480.956,11593.906000000425,46.82539682539682
2022-10-25,2022-10-26,8743922.0,607199.0,2195.616,8134527.384,11635.862999999896,47.61904761904761
2022-10-26,2022-10-27,8723090.0,634548.0,2186.856,8086355.144,-62064.64999999944,27.380952380952383
2022-10-27,2022-10-28,8723090.0,634548.0,2152.485,8086389.515,-62033.38500000071,27.77777777777778
2022-10-28,2022-10-29,8723090.0,634548.0,2183.29,8086358.71,-62086.237999999896,27.380952380952383
2022-10-31,2022-11-01,8723090.0,634548.0,2275.459,8086266.541,-62228.15799999982,27.380952380952383
2022-11-01,2022-11-02,8723090.0,634548.0,2200.51,8086341.49,-62098.78500000015,27.77777777777778
2022-11-02,2022-11-03,8676870.0,598544.0,2229.861,8076096.139,-58385.025999999605,30.158730158730158
2022-11-03,2022-11-04,8676870.0,598544.0,2219.791,8076106.209,-58382.71999999974,30.158730158730158
2022-11-04,2022-11-05,8676870.0,598544.0,2230.84,8076095.16,-58362.03099999949,30.158730158730158
2022-11-07,2022-11-08,8676870.0,598544.0,2241.317,8076084.683,-58396.273000000045,28.968253968253972
2022-11-08,2022-11-09,8676870.0,598544.0,2232.555,8076093.445,-58433.938999999315,28.57142857142857
2022-11-09,2022-11-10,8678886.0,527479.0,2237.812,8149169.188,62814.04399999976,75.0
2022-11-10,2022-11-11,8678886.0,527479.0,2200.586,8149206.414,62816.89900000021,75.0
2022-11-14,2022-11-15,8678886.0,527479.0,2165.018,8149241.982,62883.27199999988,75.0
2022-11-15,2022-11-16,8678886.0,527479.0,2086.574,8149320.426,63053.88499999978,75.0
2022-11-16,2022-11-17,8625620.0,502982.0,2099.07,8120538.93,34197.43999999948,61.904761904761905
2022-11-17,2022-11-18,8625620.0,502982.0,2114.439,8120523.561,44427.42199999932,69.44444444444444
2022-11-18,2022-11-19,8625620.0,502982.0,2113.413,8120524.587,44418.37800000049,69.44444444444444
2022-11-21,2022-11-22,8625620.0,502982.0,2125.426,8120512.574,44417.41399999987,69.44444444444444
2022-11-22,2022-11-23,8625620.0,502982.0,2103.932,8120534.068,44449.38499999978,70.63492063492063
2022-11-23,2022-11-24,8621390.0,479474.0,2069.174,8139846.826,63753.38100000005,76.19047619047619
2022-11-25,2022-11-26,8621390.0,479474.0,2031.066,8139884.934,-9284.253999999724,35.317460317460316
2022-11-28,2022-11-29,8621390.0,479474.0,2054.914,8139861.086,-9345.327999999747,35.317460317460316
2022-11-29,2022-11-30,8621390.0,479474.0,2064.377,8139851.623,-9390.359000000171,35.317460317460316
2022-11-30,2022-12-01,8584576.0,511474.0,2115.913,8070986.087,-78334.33899999969,23.015873015873016
2022-12-01,2022-12-02,8584576.0,511474.0,2050.286,8071051.714,-49487.216000000015,31.746031746031743
2022-12-02,2022-12-03,8584576.0,511474.0,2049.763,8071052.237,-49471.32400000002,32.142857142857146
2022-12-05,2022-12-06,8584576.0,511474.0,2093.647,8071008.353,-49516.23400000017,31.746031746031743
2022-12-06,2022-12-07,8584576.0,511474.0,2111.465,8070990.535,-49522.03899999987,31.746031746031743
2022-12-07,2022-12-08,8582735.0,432335.0,2151.549,8148248.451,27714.38300000038,60.317460317460316
2022-12-08,2022-12-09,8582735.0,432335.0,2175.973,8148224.027,8377.200999999419,49.60317460317461
2022-12-09,2022-12-10,8582735.0,432335.0,2146.748,8148253.252,8368.31799999997,49.60317460317461
2022-12-12,2022-12-13,8582735.0,432335.0,2158.517,8148241.483,8380.39699999988,50.39682539682539
2022-12-13,2022-12-14,8582735.0,432335.0,2180.676,8148219.324,8367.70100000035,49.60317460317461
2022-12-14,2022-12-15,8583413.0,355517.0,2192.864,8225703.136,154717.04899999965,96.42857142857143
2022-12-15,2022-12-16,8583413.0,355517.0,2123.995,8225772.005,154720.2910000002,96.42857142857143
2022-12-16,2022-12-17,8583413.0,355517.0,2126.54,8225769.46,154717.22300000023,96.03174603174604
2022-12-19,2022-12-20,8583413.0,355517.0,2134.765,8225761.235,154752.88200000022,96.42857142857143
2022-12-20,2022-12-21,8583413.0,355517.0,2159.408,8225736.592,154746.05700000003,96.03174603174604
2022-12-21,2022-12-22,8564411.0,459780.0,2206.965,8102424.035,-45824.4160000002,33.33333333333333
2022-12-22,2022-12-23,8564411.0,459780.0,2222.898,8102408.102,-45815.924999999814,33.730158730158735
2022-12-23,2022-12-24,8564411.0,459780.0,2216.348,8102414.652,-45838.60000000056,33.33333333333333
2022-12-27,2022-12-28,8564411.0,459780.0,2221.259,8102409.741,-45831.74199999962,33.730158730158735
2022-12-28,2022-12-29,8551169.0,427926.0,2293.003,8120949.997,-27269.326999999583,35.317460317460316
2022-12-29,2022-12-30,8551169.0,427926.0,2308.319,8120934.681,-104768.45500000007,19.444444444444446
2022-12-30,2022-12-31,8551169.0,427926.0,2553.716,8120689.284,-105082.7209999999,19.444444444444446
2023-01-03,2023-01-04,8551169.0,427926.0,2188.272,8121054.728,-104714.73199999984,20.238095238095237
2023-01-04,2023-01-05,8507429.0,423625.0,2229.542,8081574.458,-144186.7770000007,10.317460317460316
2023-01-05,2023-01-06,8507429.0,423625.0,2242.486,8081561.514,-144175.07799999975,10.714285714285714
2023-01-06,2023-01-07,8507429.0,423625.0,2208.265,8081595.735,-20828.299999999814,38.492063492063494
2023-01-09,2023-01-10,8507429.0,423625.0,2199.121,8081604.879,-20803.22300000023,38.492063492063494
2023-01-10,2023-01-11,8507429.0,423625.0,2192.942,8081611.058,-20803.593999999575,38.095238095238095
2023-01-11,2023-01-12,8508587.0,372340.0,2199.17,8134047.83,31638.088999999687,67.46031746031747
2023-01-12,2023-01-13,8508587.0,372340.0,2202.989,8134044.011,13094.0139999995,54.761904761904766
2023-01-13,2023-01-14,8508587.0,372340.0,2179.781,8134067.219,13132.53799999971,54.761904761904766
2023-01-17,2023-01-18,8508587.0,372340.0,2093.328,8134153.672,13464.388000000268,54.761904761904766
2023-01-18,2023-01-19,8489039.0,339018.0,2131.678,8147889.322,26834.593999999575,63.888888888888886
2023-01-19,2023-01-20,8489039.0,339018.0,2110.145,8147910.855,66336.39700000081,82.93650793650794
2023-01-20,2023-01-21,8489039.0,339018.0,2090.523,8147930.477,66368.96299999952,82.93650793650794
2023-01-23,2023-01-24,8489039.0,339018.0,2135.499,8147885.501,66289.76599999983,82.14285714285714
2023-01-24,2023-01-25,8489039.0,339018.0,2048.386,8147972.614,66367.73500000034,82.53968253968253
2023-01-25,2023-01-26,8470557.0,491848.0,2031.561,7976677.439,-104933.61899999995,15.079365079365079
2023-01-26,2023-01-27,8470557.0,491848.0,2024.069,7976684.931,-157362.8990000002,6.349206349206349
2023-01-27,2023-01-28,8470557.0,491848.0,2003.634,7976705.366,-157338.64499999955,6.746031746031746
2023-01-30,2023-01-31,8470557.0,491848.0,2048.714,7976660.286,-157406.93299999926,6.349206349206349
2023-01-31,2023-02-01,8470557.0,491848.0,2061.572,7976647.428,-157506.24399999995,6.349206349206349
2023-02-01,2023-02-02,8433610.0,560089.0,2038.262,7871482.738,-276406.5839999998,2.380952380952381
2023-02-02,2023-02-03,8433610.0,560089.0,2050.063,7871470.937,-276439.9180000005,2.380952380952381
2023-02-03,2023-02-04,8433610.0,560089.0,2041.217,7871479.783,-276450.69400000013,2.380952380952381
2023-02-06,2023-02-07,8433610.0,560089.0,2072.261,7871448.739,-276436.7620000001,3.1746031746031744
2023-02-07,2023-02-08,8433610.0,560089.0,2057.958,7871463.042,-276509.5719999997,2.380952380952381
2023-02-08,2023-02-09,8435369.0,493277.0,2059.604,7940032.396,-36645.04300000053,32.93650793650794
2023-02-09,2023-02-10,8435369.0,493277.0,2058.942,7940033.058,-36651.87299999967,32.53968253968254
2023-02-10,2023-02-11,8435369.0,493277.0,2042.893,7940049.107,-36656.259000000544,32.142857142857146
2023-02-13,2023-02-14,8435369.0,493277.0,2107.775,7939984.225,-36676.061000000685,31.746031746031743
2023-02-14,2023-02-15,8435369.0,493277.0,2076.548,7940015.452,-36631.97600000072,32.93650793650794
2023-02-15,2023-02-16,8384767.0,490379.0,2011.998,7892376.002,20893.264000000432,56.34920634920635
2023-02-16,2023-02-17,8384767.0,490379.0,2032.457,7892355.543,20884.60599999968,55.952380952380956
2023-02-17,2023-02-18,8384767.0,490379.0,2059.662,7892328.338,20848.555000000633,55.55555555555556
2023-02-21,2023-02-22,8384767.0,490379.0,2046.064,7892341.936,20893.196999999695,55.952380952380956
2023-02-22,2023-02-23,8382190.0,477333.0,2113.849,7902743.151,31280.10899999924,65.47619047619048
2023-02-23,2023-02-24,8382190.0,477333.0,2147.417,7902709.583,-37322.81300000008,29.761904761904763
2023-02-24,2023-02-25,8382190.0,477333.0,2142.141,7902714.859,-37318.19900000002,30.158730158730158
2023-02-27,2023-02-28,8382190.0,477333.0,2162.435,7902694.565,-37354.541999999434,29.761904761904763
2023-02-28,2023-03-01,8382190.0,477333.0,2188.035,7902668.965,-37315.25999999978,30.952380952380953
2023-03-01,2023-03-02,8339684.0,381245.0,2133.95,7956305.05,16289.598000000231,56.74603174603175
2023-03-02,2023-03-03,8339684.0,381245.0,2192.355,7956246.645,63870.642999999225,79.36507936507937
2023-03-03,2023-03-04,8339684.0,381245.0,2186.15,7956252.85,63897.30700000003,79.36507936507937
2023-03-06,2023-03-07,8339684.0,381245.0,2190.793,7956248.207,63919.86899999995,79.36507936507937
2023-03-07,2023-03-08,8339684.0,381245.0,2170.195,7956268.805,63926.86899999995,79.36507936507937
2023-03-08,2023-03-09,8342283.0,333350.0,2193.237,8006739.763,103996.61200000066,93.65079365079364
2023-03-09,2023-03-10,8342283.0,333350.0,2229.623,8006703.377,103993.7940000007,93.25396825396825
2023-03-10,2023-03-11,8342283.0,333350.0,2188.375,8006744.625,104029.76599999983,93.65079365079364
2023-03-13,2023-03-14,8342283.0,333350.0,2126.677,8006806.323,104111.75799999945,93.65079365079364
2023-03-14,2023-03-15,8342283.0,333350.0,2042.579,8006890.421,104221.45600000024,93.65079365079364
2023-03-15,2023-03-16,8639300.0,232866.0,2055.823,8404378.177,448073.1269999994,100.0
2023-03-16,2023-03-17,8639300.0,232866.0,2066.319,8404367.681,448121.0360000003,100.0
2023-03-17,2023-03-18,8639300.0,232866.0,2106.166,8404327.834,448074.9840000011,99.60317460317461
2023-03-20,2023-03-21,8639300.0,232866.0,2098.393,8404335.607,448087.4000000004,99.60317460317461
2023-03-21,2023-03-22,8639300.0,232866.0,2194.631,8404239.369,447970.5640000012,98.4126984126984
2023-03-22,2023-03-23,8733787.0,259587.0,2279.608,8471920.392,465180.62900000066,100.0
2023-03-23,2023-03-24,8733787.0,259587.0,2233.956,8471966.044,465262.66699999943,100.0
2023-03-24,2023-03-25,8733787.0,259587.0,2218.458,8471981.542,465236.91699999943,99.60317460317461
2023-03-27,2023-03-28,8733787.0,259587.0,2220.131,8471979.869,465173.546000001,98.80952380952381
2023-03-28,2023-03-29,8733787.0,259587.0,2231.749,8471968.251,465077.8300000001,98.4126984126984
2023-03-29,2023-03-30,8705942.0,183577.0,2264.862,8520100.138,115721.96100000106,91.66666666666666
2023-03-30,2023-03-31,8705942.0,183577.0,2271.531,8520093.469,115725.78800000064,91.66666666666666
2023-03-31,2023-04-01,8705942.0,183577.0,2375.171,8519989.829,115661.99499999918,90.87301587301587
2023-04-03,2023-04-04,8705942.0,183577.0,2221.01,8520143.99,115808.38299999945,91.66666666666666
2023-04-04,2023-04-05,8705942.0,183577.0,2219.375,8520145.625,115906.25599999912,91.66666666666666
2023-04-05,2023-04-06,8632384.0,168793.0,2243.011,8461347.989,-10572.403000000864,37.698412698412696
2023-04-06,2023-04-07,8632384.0,168793.0,2173.663,8461417.337,-10548.707000000402,37.698412698412696
2023-04-10,2023-04-11,8632384.0,168793.0,2239.655,8461351.345,-10630.196999998763,36.904761904761905
2023-04-11,2023-04-12,8632384.0,168793.0,2297.208,8461293.792,-10686.077000001445,36.507936507936506
2023-04-12,2023-04-13,8614797.0,109208.0,2303.862,8503285.138,31316.887000000104,61.904761904761905
2023-04-13,2023-04-14,8614797.0,109208.0,2321.699,8503267.301,-16832.83699999936,36.507936507936506
2023-04-14,2023-04-15,8614797.0,109208.0,2253.786,8503335.214,-16758.25500000082,36.904761904761905
2023-04-17,2023-04-18,8614797.0,109208.0,2256.845,8503332.155,-16657.67400000058,37.301587301587304
2023-04-18,2023-04-19,8614797.0,109208.0,2238.994,8503350.006,-16793.984000001103,36.904761904761905
2023-04-19,2023-04-20,8593263.0,166555.0,2294.677,8424413.323,-95732.30199999921,17.46031746031746
2023-04-20,2023-04-21,8593263.0,166555.0,2277.259,8424430.741,-36917.24799999967,31.746031746031743
2023-04-21,2023-04-22,8593263.0,166555.0,2290.023,8424417.977,-36999.359999999404,31.746031746031743
2023-04-24,2023-04-25,8593263.0,166555.0,2308.538,8424399.462,-36951.88300000131,32.142857142857146
2023-04-25,2023-04-26,8593263.0,166555.0,2275.402,8424432.598,-36861.194000000134,32.53968253968254
2023-04-26,2023-04-27,8562768.0,291702.0,2279.561,8268786.439,-234498.69900000002,6.349206349206349
2023-04-27,2023-04-28,8562768.0,291702.0,2273.926,8268792.074,-234475.2270000009,6.746031746031746
2023-04-28,2023-04-29,8562768.0,291702.0,2325.479,8268740.521,-234594.69299999997,6.349206349206349
2023-05-01,2023-05-02,8562768.0,291702.0,2239.866,8268826.134,-234506.02099999972,6.746031746031746
2023-05-02,2023-05-03,8562768.0,291702.0,2267.13,8268798.87,-234551.135999999,6.349206349206349
2023-05-03,2023-05-04,8503994.0,269216.0,2258.222,8232519.778,-191893.54500000086,7.5396825396825395
2023-05-04,2023-05-05,8503994.0,269216.0,2242.399,8232535.601,-191895.1400000006,7.142857142857142
2023-05-05,2023-05-06,8503994.0,269216.0,2207.415,8232570.585,-191847.392,7.5396825396825395
2023-05-08,2023-05-09,8503994.0,269216.0,2217.601,8232560.399,-191839.06299999915,7.5396825396825395
2023-05-09,2023-05-10,8503994.0,269216.0,2222.864,8232555.136,-191877.46199999936,6.746031746031746
2023-05-10,2023-05-11,8503017.0,197666.0,2233.149,8303117.851,34331.411999999546,64.28571428571429
2023-05-11,2023-05-12,8503017.0,197666.0,2242.243,8303108.757,34316.683000000194,63.888888888888886
2023-05-12,2023-05-13,8503017.0,197666.0,2229.199,8303121.801,34381.28000000026,64.28571428571429
2023-05-15,2023-05-16,8503017.0,197666.0,2220.927,8303130.073,34303.939000000246,63.095238095238095
2023-05-16,2023-05-17,8503017.0,197666.0,2203.214,8303147.786,34348.9160000002,63.888888888888886
2023-05-17,2023-05-18,8456760.0,116220.0,2213.676,8338326.324,105806.54600000009,89.68253968253968
2023-05-18,2023-05-19,8456760.0,116220.0,2238.266,8338301.734,105766.13300000038,89.28571428571429
2023-05-19,2023-05-20,8456760.0,116220.0,2276.72,8338263.28,105692.6950000003,88.88888888888889
2023-05-22,2023-05-23,8456760.0,116220.0,2275.311,8338264.689,105704.29000000004,88.88888888888889
2023-05-23,2023-05-24,8456760.0,116220.0,2256.689,8338283.311,105728.17499999981,88.88888888888889
2023-05-24,2023-05-25,8436255.0,61952.0,2250.709,8372052.291,68934.44000000041,78.96825396825396
2023-05-25,2023-05-26,8436255.0,61952.0,2197.638,8372105.362,68996.60499999952,78.96825396825396
2023-05-26,2023-05-27,8436255.0,61952.0,2189.681,8372113.319,68991.51800000016,78.57142857142857
2023-05-30,2023-05-31,8436255.0,61952.0,2200.479,8372102.521,68972.44799999986,78.17460317460318
2023-05-31,2023-06-01,8385854.0,48954.0,2254.859,8334645.141,31497.354999999516,60.317460317460316
2023-06-01,2023-06-02,8385854.0,48954.0,2160.055,8334739.945,-3586.3789999997243,44.84126984126984
2023-06-02,2023-06-03,8385854.0,48954.0,2142.102,8334757.898,-3543.8360000001267,45.23809523809524
2023-06-05,2023-06-06,8385854.0,48954.0,2131.417,8334768.583,-3494.697000000626,45.63492063492063
2023-06-06,2023-06-07,8385854.0,48954.0,2134.638,8334765.362,-3499.327000000514,45.63492063492063
2023-06-07,2023-06-08,8389325.0,44756.0,2161.556,8342407.444,4124.13300000038,48.01587301587302
2023-06-08,2023-06-09,8389325.0,44756.0,2141.798,8342427.202,-29625.08900000062,33.33333333333333
2023-06-09,2023-06-10,8389325.0,44756.0,2127.652,8342441.348,-29664.0139999995,33.33333333333333
2023-06-12,2023-06-13,8389325.0,44756.0,2126.87,8342442.13,-29671.189000000246,33.33333333333333
2023-06-13,2023-06-14,8389325.0,44756.0,2074.52,8342494.48,-29608.04099999927,34.523809523809526
2023-06-14,2023-06-15,8388323.0,102118.0,2109.105,8284095.895,-50549.246000000276,24.6031746031746
2023-06-15,2023-06-16,8388323.0,102118.0,1992.14,8284212.86,-50527.08499999996,25.0
2023-06-16,2023-06-17,8388323.0,102118.0,2011.556,8284193.444,-50564.45399999991,24.6031746031746
2023-06-20,2023-06-21,8388323.0,102118.0,1989.489,8284215.511,-50553.071999999695,25.0
2023-06-21,2023-06-22,8362060.0,276850.0,2037.102,8083172.898,-251592.4639999997,2.380952380952381
2023-06-22,2023-06-23,8362060.0,276850.0,1994.711,8083215.289,-259192.15500000026,2.380952380952381
2023-06-23,2023-06-24,8362060.0,276850.0,1969.38,8083240.62,-259186.58199999947,2.7777777777777777
2023-06-26,2023-06-27,8362060.0,276850.0,1961.027,8083248.973,-259192.375,2.380952380952381
2023-06-27,2023-06-28,8362060.0,276850.0,1951.098,8083258.902,-259183.22800000012,3.571428571428571
2023-06-28,2023-06-29,8340914.0,390571.0,1945.211,7948397.789,-394096.6910000006,0.3968253968253968
2023-06-29,2023-06-30,8340914.0,390571.0,1934.684,7948408.316,-335687.5789999999,0.7936507936507936
2023-06-30,2023-07-01,8340914.0,390571.0,2034.319,7948308.681,-335904.17900000047,0.7936507936507936
2023-07-03,2023-07-04,8340914.0,390571.0,1909.639,7948433.361,-335760.08300000057,1.1904761904761905
2023-07-05,2023-07-06,8298312.0,415441.0,1867.061,7881003.939,-403211.5719999997,0.3968253968253968
2023-07-06,2023-07-07,8298312.0,415441.0,1854.256,7881016.744,-202156.1540000001,8.333333333333332
2023-07-07,2023-07-08,8298312.0,415441.0,1822.303,7881048.697,-202166.59200000018,8.333333333333332
2023-07-10,2023-07-11,8298312.0,415441.0,1811.981,7881059.019,-202181.6009999998,8.333333333333332
2023-07-11,2023-07-12,8298312.0,415441.0,1775.796,7881095.204,-202153.76900000032,9.523809523809524
2023-07-12,2023-07-13,8296923.0,514337.0,1820.146,7780765.854,-302493.0479999995,2.380952380952381
2023-07-13,2023-07-14,8296923.0,514337.0,1767.432,7780818.568,-167579.2209999999,12.3015873015873
2023-07-14,2023-07-15,8296923.0,514337.0,1740.777,7780845.223,-167563.0929999994,12.698412698412698
2023-07-17,2023-07-18,8296923.0,514337.0,1728.322,7780857.678,-167451.00299999956,13.095238095238097
2023-07-18,2023-07-19,8296923.0,514337.0,1716.862,7780869.138,-167564.2229999993,12.698412698412698
2023-07-19,2023-07-20,8274552.0,531135.0,1732.804,7741684.196,-139319.74299999978,16.26984126984127
2023-07-20,2023-07-21,8274552.0,531135.0,1721.001,7741695.999,-139320.7450000001,16.26984126984127
2023-07-21,2023-07-22,8274552.0,531135.0,1770.752,7741646.248,-139402.44900000002,16.26984126984127
2023-07-24,2023-07-25,8274552.0,531135.0,1770.867,7741646.133,-139412.88599999994,16.26984126984127
2023-07-25,2023-07-26,8274552.0,531135.0,1720.716,7741696.284,-139398.91999999993,17.063492063492063
2023-07-26,2023-07-27,8243344.0,543597.0,1749.733,7697997.267,-82768.58700000029,25.793650793650798
2023-07-27,2023-07-28,8243344.0,543597.0,1735.783,7698011.217,-82807.35099999979,25.793650793650798
2023-07-28,2023-07-29,8243344.0,543597.0,1730.227,7698016.773,-82828.45000000019,25.793650793650798
2023-07-31,2023-08-01,8243344.0,543597.0,1821.124,7697925.876,-82931.80200000014,25.793650793650798
2023-08-01,2023-08-02,8243344.0,543597.0,1739.554,7698007.446,-82861.6919999998,26.190476190476193
2023-08-02,2023-08-03,8206764.0,517459.0,1770.186,7687534.814,-54149.382000000216,34.523809523809526
2023-08-03,2023-08-04,8206764.0,517459.0,1776.774,7687528.226,-54167.773000000045,34.523809523809526
2023-08-04,2023-08-05,8206764.0,517459.0,1793.804,7687511.196,-54135.05199999921,35.317460317460316
2023-08-07,2023-08-08,8206764.0,517459.0,1810.583,7687494.417,-54151.716000000015,34.92063492063492
2023-08-08,2023-08-09,8206764.0,517459.0,1778.351,7687526.649,-54169.63499999978,34.523809523809526
2023-08-09,2023-08-10,8208241.0,444594.0,1796.519,7761850.481,63853.21399999969,83.33333333333334
2023-08-10,2023-08-11,8208241.0,444594.0,1759.897,7761887.103,63875.88599999994,83.73015873015873
2023-08-11,2023-08-12,8208241.0,444594.0,1773.236,7761873.764,63856.99100000039,82.93650793650794
2023-08-14,2023-08-15,8208241.0,444594.0,1799.311,7761847.689,63921.81300000008,84.52380952380952
2023-08-15,2023-08-16,8208241.0,444594.0,1743.784,7761903.216,63895.76999999955,83.33333333333334
2023-08-16,2023-08-17,8145727.0,435795.0,1796.725,7708135.275,20600.461000000127,64.28571428571429
2023-08-17,2023-08-18,8145727.0,435795.0,1794.12,7708137.88,20609.654000000097,64.68253968253968
2023-08-18,2023-08-19,8145727.0,435795.0,1819.201,7708112.799,20601.602999999188,64.68253968253968
2023-08-21,2023-08-22,8145727.0,435795.0,1824.788,7708107.212,20612.794999999925,65.47619047619048
2023-08-22,2023-08-23,8145727.0,435795.0,1812.294,7708119.706,20593.05700000003,64.28571428571429
2023-08-23,2023-08-24,8139066.0,413787.0,1816.533,7723462.467,-38388.0139999995,41.269841269841265
2023-08-24,2023-08-25,8139066.0,413787.0,1731.623,7723547.377,-38339.72599999979,41.66666666666667
2023-08-25,2023-08-26,8139066.0,413787.0,1687.379,7723591.621,-38282.14300000016,42.06349206349206
2023-08-28,2023-08-29,8139066.0,413787.0,1708.605,7723570.395,-38277.29400000069,42.46031746031746
2023-08-29,2023-08-30,8139066.0,413787.0,1693.278,7723585.722,-38317.49399999995,42.06349206349206
2023-08-30,2023-08-31,8121316.0,470800.0,1696.819,7648819.181,-59316.09400000051,32.53968253968254
2023-08-31,2023-09-01,8121316.0,470800.0,1651.602,7648864.398,-59273.48199999984,32.93650793650794
2023-09-01,2023-09-02,8121316.0,470800.0,1574.065,7648941.935,-59170.86400000006,33.33333333333333
2023-09-05,2023-09-06,8121316.0,470800.0,1568.49,7648947.51,-59159.702000000514,33.730158730158735
2023-09-06,2023-09-07,8101318.0,470881.0,1606.244,7628830.756,-79288.95000000019,27.380952380952383
2023-09-07,2023-09-08,8101318.0,470881.0,1535.289,7628901.711,-94560.75600000005,24.206349206349206
2023-09-08,2023-09-09,8101318.0,470881.0,1525.403,7628911.597,-94635.78000000026,24.206349206349206
2023-09-11,2023-09-12,8101318.0,470881.0,1549.111,7628887.889,-94703.73199999984,24.206349206349206
2023-09-12,2023-09-13,8101318.0,470881.0,1493.781,7628943.219,-94627.17599999998,25.0
2023-09-13,2023-09-14,8098779.0,521507.0,1546.225,7575725.775,-147859.9469999997,15.476190476190476
2023-09-14,2023-09-15,8098779.0,521507.0,1492.427,7575779.573,-73039.60800000001,30.158730158730158
2023-09-15,2023-09-16,8098779.0,521507.0,1401.403,7575870.597,-72993.80099999998,30.158730158730158
2023-09-18,2023-09-19,8098779.0,521507.0,1452.942,7575819.058,-73122.8769999994,29.365079365079367
2023-09-19,2023-09-20,8098779.0,521507.0,1453.324,7575818.676,-73128.8339999998,28.968253968253972
2023-09-20,2023-09-21,8024090.0,640296.0,1486.984,7382307.016,-246523.74000000022,6.746031746031746
2023-09-21,2023-09-22,8024090.0,640296.0,1454.115,7382339.885,-246561.82600000035,6.746031746031746
2023-09-22,2023-09-23,8024090.0,640296.0,1427.575,7382366.425,-246545.17200000025,7.142857142857142
2023-09-25,2023-09-26,8024090.0,640296.0,1437.31,7382356.69,-246531.19900000002,7.5396825396825395
2023-09-26,2023-09-27,8024090.0,640296.0,1438.301,7382355.699,-246587.51999999955,6.746031746031746
2023-09-27,2023-09-28,8002064.0,681143.0,1442.805,7319478.195,-256247.58000000007,6.349206349206349
2023-09-28,2023-09-29,8002064.0,681143.0,1453.366,7319467.634,-256311.93900000025,6.349206349206349
2023-09-29,2023-09-30,8002064.0,681143.0,1557.569,7319363.431,-256507.1660000002,6.349206349206349
2023-10-02,2023-10-03,8002064.0,681143.0,1365.739,7319555.261,-256263.79700000025,7.142857142857142
2023-10-03,2023-10-04,8002064.0,681143.0,1348.465,7319572.535,-256246.14099999983,7.936507936507936
2023-10-04,2023-10-05,7955782.0,668009.0,1342.031,7286430.969,-95876.04700000025,25.396825396825395
2023-10-05,2023-10-06,7955782.0,668009.0,1265.132,7286507.868,-95832.01699999999,25.396825396825395
2023-10-06,2023-10-07,7955782.0,668009.0,1283.461,7286489.539,-95876.88599999994,24.6031746031746
2023-10-10,2023-10-11,7955782.0,668009.0,1222.44,7286550.56,-95806.13000000082,25.396825396825395
2023-10-11,2023-10-12,7952054.0,709160.0,1239.382,7241654.618,-140701.08100000024,20.634920634920633
2023-10-12,2023-10-13,7952054.0,709160.0,1157.319,7241736.681,-77741.51400000043,30.952380952380953
2023-10-13,2023-10-14,7952054.0,709160.0,1151.818,7241742.182,-77725.45199999958,31.349206349206348
2023-10-16,2023-10-17,7952054.0,709160.0,1108.819,7241785.181,-77578.25,31.746031746031743
2023-10-17,2023-10-18,7952054.0,709160.0,1082.502,7241811.498,-77743.76300000027,30.952380952380953
2023-10-18,2023-10-19,7933162.0,759878.0,1150.781,7172133.219,-147439.31600000057,19.841269841269842
2023-10-19,2023-10-20,7933162.0,759878.0,1114.179,7172169.821,-114261.14799999911,23.41269841269841
2023-10-20,2023-10-21,7933162.0,759878.0,1138.756,7172145.244,-114362.62399999984,23.41269841269841
2023-10-23,2023-10-24,7933162.0,759878.0,1157.976,7172126.024,-114363.51499999966,23.41269841269841
2023-10-24,2023-10-25,7933162.0,759878.0,1097.875,7172186.125,-114364.43499999959,23.41269841269841
2023-10-25,2023-10-26,7907830.0,834418.0,1100.617,7072311.383,-169343.2349999994,16.26984126984127
2023-10-26,2023-10-27,7907830.0,834418.0,1089.85,7072322.15,-169414.5309999995,16.26984126984127
2023-10-27,2023-10-28,7907830.0,834418.0,1091.858,7072320.142,-169422.04000000004,16.26984126984127
2023-10-30,2023-10-31,7907830.0,834418.0,1138.035,7072273.965,-169511.21600000001,16.26984126984127
2023-10-31,2023-11-01,7907830.0,834418.0,1137.697,7072274.303,-169537.19499999937,16.26984126984127
2023-11-01,2023-11-02,7866664.0,820487.0,1079.462,7045097.538,-127035.68099999987,25.396825396825395
2023-11-02,2023-11-03,7866664.0,820487.0,1054.986,7045122.014,-127047.80700000003,25.396825396825395
2023-11-03,2023-11-04,7866664.0,820487.0,1071.139,7045105.861,-127039.38300000038,25.793650793650798
2023-11-06,2023-11-07,7866664.0,820487.0,1062.878,7045114.122,-127011.90199999977,26.58730158730159
2023-11-07,2023-11-08,7866664.0,820487.0,1008.685,7045168.315,-127017.80999999959,26.58730158730159
2023-11-08,2023-11-09,7860691.0,772686.0,1024.451,7086980.549,14669.16599999927,69.04761904761905
2023-11-09,2023-11-10,7860691.0,772686.0,993.314,7087011.686,14689.535999999382,69.04761904761905
2023-11-10,2023-11-11,7860691.0,772686.0,1032.72,7086972.28,14652.138000000268,68.25396825396825
2023-11-13,2023-11-14,7860691.0,772686.0,1020.272,7086984.728,14710.763000000268,69.04761904761905
2023-11-14,2023-11-15,7860691.0,772686.0,988.298,7087016.702,14742.398999999277,69.44444444444444
2023-11-15,2023-11-16,7814991.0,738562.0,944.241,7075484.759,30387.220999999903,74.60317460317461
2023-11-16,2023-11-17,7814991.0,738562.0,912.01,7075516.99,30394.97599999979,75.0
2023-11-17,2023-11-18,7814991.0,738562.0,935.803,7075493.197,30387.336000000127,75.0
2023-11-20,2023-11-21,7814991.0,738562.0,953.088,7075475.912,30361.789999999106,74.60317460317461
2023-11-21,2023-11-22,7814991.0,738562.0,931.155,7075497.845,30329.52999999933,74.60317460317461
2023-11-22,2023-11-23,7810814.0,706017.0,931.604,7103865.396,16884.847000000067,70.23809523809523
2023-11-24,2023-11-25,7810814.0,706017.0,865.907,7103931.093,16919.40700000059,70.63492063492063
2023-11-27,2023-11-28,7810814.0,706017.0,867.22,7103929.78,16957.5,71.03174603174604
2023-11-28,2023-11-29,7810814.0,706017.0,873.344,7103923.656,16938.928000000305,71.03174603174604
2023-11-29,2023-11-30,7796145.0,739209.0,914.187,7056021.813,-30994.8889999995,55.55555555555556
2023-11-30,2023-12-01,7796145.0,739209.0,887.822,7056048.178,-19436.580999999307,59.12698412698413
2023-12-01,2023-12-02,7796145.0,739209.0,768.543,7056167.457,-19349.53299999982,59.523809523809526
2023-12-04,2023-12-05,7796145.0,739209.0,815.847,7056120.153,-19373.04399999976,59.12698412698413
2023-12-05,2023-12-06,7796145.0,739209.0,834.428,7056101.572,-19374.33999999985,58.730158730158735
2023-12-06,2023-12-07,7737385.0,682509.0,846.498,7054029.502,-21468.34299999941,56.74603174603175
2023-12-07,2023-12-08,7737385.0,682509.0,825.734,7054050.266,-49815.12999999989,44.84126984126984
2023-12-08,2023-12-09,7737385.0,682509.0,821.408,7054054.592,-49876.501000000164,44.84126984126984
2023-12-11,2023-12-12,7737385.0,682509.0,838.507,7054037.493,-49892.28700000048,44.84126984126984
2023-12-12,2023-12-13,7737385.0,682509.0,837.803,7054038.197,-49885.45900000073,45.23809523809524
2023-12-13,2023-12-14,7739566.0,658440.0,823.329,7080302.671,24280.858000000007,75.39682539682539
2023-12-14,2023-12-15,7739566.0,658440.0,769.346,7080356.654,24308.47599999979,75.39682539682539
2023-12-15,2023-12-16,7739566.0,658440.0,683.254,7080442.746,24275.288999999873,74.60317460317461
2023-12-18,2023-12-19,7739566.0,658440.0,724.704,7080401.296,24281.143000000156,75.39682539682539
2023-12-19,2023-12-20,7739566.0,658440.0,773.082,7080352.918,24251.345999999903,74.60317460317461
2023-12-20,2023-12-21,7724063.0,732196.0,779.143,6991087.857,-62941.645000000484,39.682539682539684
2023-12-21,2023-12-22,7724063.0,732196.0,778.402,6991088.598,-62961.6679999996,39.682539682539684
2023-12-22,2023-12-23,7724063.0,732196.0,772.258,6991094.742,-62959.85000000056,40.07936507936508
2023-12-26,2023-12-27,7724063.0,732196.0,793.937,6991073.063,-62964.4299999997,39.682539682539684
2023-12-27,2023-12-28,7712781.0,731405.0,818.869,6980557.131,-73481.06599999964,38.095238095238095
2023-12-28,2023-12-29,7712781.0,731405.0,829.573,6980546.427,-99756.24399999995,30.555555555555557
2023-12-29,2023-12-30,7712781.0,731405.0,1018.483,6980357.517,-99999.1370000001,30.555555555555557
2024-01-02,2024-01-03,7712781.0,731405.0,704.864,6980671.136,-99771.61000000034,30.952380952380953
2024-01-03,2024-01-04,7681024.0,758448.0,719.897,6921856.103,-158545.19299999997,19.841269841269842
2024-01-04,2024-01-05,7681024.0,758448.0,664.899,6921911.101,-158441.8169999998,20.238095238095237
2024-01-05,2024-01-06,7681024.0,758448.0,694.478,6921881.522,-69206.33499999996,40.87301587301587
2024-01-08,2024-01-09,7681024.0,758448.0,691.485,6921884.515,-69204.08300000057,40.87301587301587
2024-01-09,2024-01-10,7681024.0,758448.0,676.05,6921899.95,-69194.79199999943,40.87301587301587
2024-01-10,2024-01-11,7686710.0,747565.0,679.961,6938465.039,-52608.02400000021,46.42857142857143
2024-01-11,2024-01-12,7686710.0,747565.0,626.37,6938518.63,-42038.501000000164,50.0
2024-01-12,2024-01-13,7686710.0,747565.0,603.116,6938541.884,-42004.54300000053,50.39682539682539
2024-01-16,2024-01-17,7686710.0,747565.0,583.103,6938561.897,-41795.62000000011,50.79365079365079
2024-01-17,2024-01-18,7673741.0,748883.0,590.191,6924267.809,-56403.32699999958,44.44444444444444
2024-01-18,2024-01-19,7673741.0,748883.0,618.234,6924239.766,2383.6629999997094,67.46031746031747
2024-01-19,2024-01-20,7673741.0,748883.0,625.182,6924232.818,2321.717000000179,67.46031746031747
2024-01-22,2024-01-23,7673741.0,748883.0,647.103,6924210.897,2329.375,67.85714285714286
2024-01-23,2024-01-24,7673741.0,748883.0,621.195,6924236.805,2352.2900000000373,68.25396825396825
2024-01-24,2024-01-25,7677230.0,799358.0,639.56,6877232.44,-44667.50999999978,50.39682539682539
2024-01-25,2024-01-26,7677230.0,799358.0,557.687,6877314.313,-61150.72599999979,42.857142857142854
2024-01-26,2024-01-27,7677230.0,799358.0,570.828,6877301.172,-61217.457999999635,42.857142857142854
2024-01-29,2024-01-30,7677230.0,799358.0,581.41,6877290.59,-61251.29399999976,42.46031746031746
2024-01-30,2024-01-31,7677230.0,799358.0,577.755,6877294.245,-61267.65199999977,42.06349206349206
2024-01-31,2024-02-01,7630124.0,841550.0,615.379,6787958.621,-136309.18800000008,24.6031746031746
2024-02-01,2024-02-02,7630124.0,841550.0,503.548,6788070.452,-136169.31400000025,24.6031746031746
2024-02-02,2024-02-03,7630124.0,841550.0,513.422,6788060.578,-136172.24000000022,24.206349206349206
2024-02-05,2024-02-06,7630124.0,841550.0,552.289,6788021.711,-136189.18599999975,23.809523809523807
2024-02-06,2024-02-07,7630124.0,841550.0,532.439,6788041.561,-136195.24399999995,23.41269841269841
2024-02-07,2024-02-08,7631300.0,802135.0,553.055,6828611.945,-48620.49500000011,50.79365079365079
2024-02-08,2024-02-09,7631300.0,802135.0,535.705,6828629.295,-48685.01800000016,50.39682539682539
2024-02-09,2024-02-10,7631300.0,802135.0,569.175,6828595.825,-48705.34700000007,50.0
2024-02-12,2024-02-13,7631300.0,802135.0,581.568,6828583.432,-48707.15799999982,50.0
2024-02-13,2024-02-14,7631300.0,802135.0,553.684,6828611.316,-48682.92900000047,51.19047619047619
2024-02-14,2024-02-15,7633874.0,838005.0,575.332,6795293.668,7335.046999999322,70.23809523809523
2024-02-15,2024-02-16,7633874.0,838005.0,493.065,6795375.935,7305.483000000007,69.84126984126983
2024-02-16,2024-02-17,7633874.0,838005.0,532.125,6795336.875,7276.297000000253,69.44444444444444
2024-02-20,2024-02-21,7633874.0,838005.0,530.879,6795338.121,7316.410000000149,70.23809523809523
2024-02-21,2024-02-22,7581683.0,785465.0,574.882,6795643.118,7601.55700000003,71.03174603174604
2024-02-22,2024-02-23,7581683.0,785465.0,553.245,6795664.755,-32947.19000000041,58.730158730158735
2024-02-23,2024-02-24,7581683.0,785465.0,520.107,6795697.893,-32931.40199999977,59.12698412698413
2024-02-26,2024-02-27,7581683.0,785465.0,524.959,6795693.041,-32902.783999999985,59.523809523809526
2024-02-27,2024-02-28,7581683.0,785465.0,519.725,6795698.275,-32885.15699999966,59.523809523809526
2024-02-28,2024-02-29,7567807.0,785821.0,569.855,6781416.145,-47195.17100000009,51.98412698412699
2024-02-29,2024-03-01,7567807.0,785821.0,502.074,6781483.926,-13809.74199999962,65.07936507936508
2024-03-01,2024-03-02,7567807.0,785821.0,441.265,6781544.735,-13831.199999999255,64.68253968253968
2024-03-04,2024-03-05,7567807.0,785821.0,439.793,6781546.207,-13790.667999999598,65.47619047619048
2024-03-05,2024-03-06,7567807.0,785821.0,444.474,6781541.526,-13796.59500000067,65.47619047619048
2024-03-06,2024-03-07,7538857.0,767733.0,456.847,6770667.153,-24975.96499999985,61.111111111111114
2024-03-07,2024-03-08,7538857.0,767733.0,436.754,6770687.246,-24977.508999999613,61.111111111111114
2024-03-08,2024-03-09,7538857.0,767733.0,444.803,6770679.197,-25018.696000000462,61.111111111111114
2024-03-11,2024-03-12,7538857.0,767733.0,478.728,6770645.272,-25047.76900000032,61.111111111111114
2024-03-12,2024-03-13,7538857.0,767733.0,476.862,6770647.138,-25051.137000000104,61.111111111111114
2024-03-13,2024-03-14,7541969.0,768369.0,521.738,6773078.262,-8337.882999999449,69.84126984126983
2024-03-14,2024-03-15,7541969.0,768369.0,483.573,6773116.427,-8367.498999999836,69.84126984126983
2024-03-15,2024-03-16,7541969.0,768369.0,413.877,6773186.123,-8358.612000000663,70.23809523809523
2024-03-18,2024-03-19,7541969.0,768369.0,440.596,6773159.404,-8386.803000000305,69.84126984126983
2024-03-19,2024-03-20,7541969.0,768369.0,446.978,6773153.022,-8388.503999999724,69.84126984126983
2024-03-20,2024-03-21,7514348.0,809298.0,496.245,6704553.755,-66113.39800000004,39.285714285714285
2024-03-21,2024-03-22,7514348.0,809298.0,460.631,6704589.369,-66097.87700000033,39.682539682539684
2024-03-22,2024-03-23,7514348.0,809298.0,478.531,6704571.469,-66107.72800000012,39.682539682539684
2024-03-25,2024-03-26,7514348.0,809298.0,473.787,6704576.213,-66069.05899999943,40.476190476190474
2024-03-26,2024-03-27,7514348.0,809298.0,496.062,6704553.938,-66093.20000000019,40.476190476190474
2024-03-27,2024-03-28,7484739.0,802233.0,518.357,6681987.643,-91090.61899999995,32.142857142857146
2024-03-28,2024-03-29,7484739.0,802233.0,594.428,6681911.572,-91204.85500000045,32.142857142857146
2024-04-01,2024-04-02,7484739.0,802233.0,441.903,6682064.097,-91122.0259999996,32.53968253968254
2024-04-02,2024-04-03,7484739.0,802233.0,448.424,6682057.576,-91101.82799999975,32.93650793650794
2024-04-03,2024-04-04,7439558.0,768651.0,436.631,6670470.369,-102682.65299999993,27.380952380952383
2024-04-04,2024-04-05,7439558.0,768651.0,438.764,6670468.236,-34085.51900000032,61.50793650793651
2024-04-05,2024-04-06,7439558.0,768651.0,438.319,6670468.681,-34120.68800000008,61.50793650793651
2024-04-08,2024-04-09,7439558.0,768651.0,448.597,6670458.403,-34113.06599999964,61.904761904761905
2024-04-09,2024-04-10,7439558.0,768651.0,441.792,6670465.208,-34111.00500000082,62.301587301587304
2024-04-10,2024-04-11,7438176.0,704971.0,445.816,6732759.184,28205.246000000276,89.68253968253968
2024-04-11,2024-04-12,7438176.0,704971.0,455.361,6732749.639,50761.996000000276,94.44444444444444
2024-04-12,2024-04-13,7438176.0,704971.0,407.322,6732797.678,50886.10600000061,94.44444444444444
2024-04-15,2024-04-16,7438176.0,704971.0,327.066,6732877.934,50813.83700000029,94.04761904761905
2024-04-16,2024-04-17,7438176.0,704971.0,371.554,6732833.446,50775.87000000011,93.65079365079364
2024-04-17,2024-04-18,7405506.0,796535.0,440.508,6608530.492,-61939.87700000033,44.84126984126984
2024-04-18,2024-04-19,7405506.0,796535.0,433.006,6608537.994,-61930.24199999962,45.23809523809524
2024-04-19,2024-04-20,7405506.0,796535.0,397.234,6608573.766,-61894.91500000004,45.63492063492063
2024-04-22,2024-04-23,7405506.0,796535.0,409.816,6608561.184,-61897.218999999575,45.23809523809524
2024-04-23,2024-04-24,7405506.0,796535.0,435.88,6608535.12,-61930.08799999952,45.23809523809524
2024-04-24,2024-04-25,7402434.0,941430.0,441.215,6460562.785,-272196.3990000002,2.7777777777777777
2024-04-25,2024-04-26,7402434.0,941430.0,443.928,6460560.072,-272189.56700000074,3.1746031746031744
2024-04-26,2024-04-27,7402434.0,941430.0,464.912,6460539.088,-272258.58999999985,2.7777777777777777
2024-04-29,2024-04-30,7402434.0,941430.0,505.53,6460498.47,-272379.4640000006,2.7777777777777777
2024-04-30,2024-05-01,7402434.0,941430.0,534.234,6460469.766,-272363.68000000063,3.1746031746031744
2024-05-01,2024-05-02,7362474.0,917177.0,438.148,6444858.852,-163671.63999999966,18.650793650793652
2024-05-02,2024-05-03,7362474.0,917177.0,428.68,6444868.32,-163669.67399999965,18.650793650793652
2024-05-03,2024-05-04,7362474.0,917177.0,450.165,6444846.835,-163726.93099999987,17.857142857142858
2024-05-06,2024-05-07,7362474.0,917177.0,468.97,6444828.03,-163733.1540000001,17.46031746031746
2024-05-07,2024-05-08,7362474.0,917177.0,475.325,6444821.675,-163713.4450000003,17.857142857142858
2024-05-08,2024-05-09,7353408.0,851591.0,493.427,6501323.573,40760.78799999971,92.85714285714286
2024-05-09,2024-05-10,7353408.0,851591.0,458.55,6501358.45,40798.37800000049,92.85714285714286
2024-05-10,2024-05-11,7353408.0,851591.0,486.434,6501330.566,40791.47799999919,92.46031746031747
2024-05-13,2024-05-14,7353408.0,851591.0,492.068,6501324.932,40826.46200000029,92.85714285714286
2024-05-14,2024-05-15,7353408.0,851591.0,468.344,6501348.656,40878.890000000596,92.85714285714286
2024-05-15,2024-05-16,7304272.0,787133.0,443.779,6516695.221,71836.36899999995,98.01587301587301
2024-05-16,2024-05-17,7304272.0,787133.0,410.121,6516728.879,71860.55899999943,98.01587301587301
2024-05-17,2024-05-18,7304272.0,787133.0,449.373,6516689.627,71842.79200000037,97.61904761904762
2024-05-20,2024-05-21,7304272.0,787133.0,489.728,6516649.272,71821.24199999962,97.22222222222221
2024-05-21,2024-05-22,7304272.0,787133.0,491.72,6516647.28,71825.60500000045,97.61904761904762
2024-05-22,2024-05-23,7299566.0,725376.0,496.382,6573693.618,72370.04499999993,99.20634920634922
2024-05-23,2024-05-24,7299566.0,725376.0,467.398,6573722.602,72364.15199999977,99.20634920634922
2024-05-24,2024-05-25,7299566.0,725376.0,431.239,6573758.761,72428.1950000003,100.0
2024-05-28,2024-05-29,7299566.0,725376.0,417.836,6573772.164,72447.23199999984,100.0
2024-05-29,2024-05-30,7284319.0,704335.0,459.314,6579524.686,78176.02999999933,100.0
2024-05-30,2024-05-31,7284319.0,704335.0,452.034,6579531.966,62836.74500000011,93.65079365079364
2024-05-31,2024-06-01,7284319.0,704335.0,439.806,6579544.194,62815.31500000041,93.65079365079364
2024-06-03,2024-06-04,7284319.0,704335.0,387.069,6579596.931,62907.30399999954,94.04761904761905
2024-06-04,2024-06-05,7284319.0,704335.0,377.825,6579606.175,62956.90299999993,94.04761904761905
2024-06-05,2024-06-06,7255687.0,710309.0,371.841,6545006.159,28358.878999999724,86.90476190476191
2024-06-06,2024-06-07,7255687.0,710309.0,378.125,6544999.875,-28693.742999999784,66.66666666666666
2024-06-07,2024-06-08,7255687.0,710309.0,395.462,6544982.538,-28740.064000000246,66.66666666666666
2024-06-10,2024-06-11,7255687.0,710309.0,416.481,6544961.519,-28797.24199999962,66.66666666666666
2024-06-11,2024-06-12,7255687.0,710309.0,410.449,6544967.551,-28804.612999999896,66.26984126984127
2024-06-12,2024-06-13,7258974.0,673573.0,447.574,6584953.426,5428.7400000002235,76.5873015873016
2024-06-13,2024-06-14,7258974.0,673573.0,429.864,6584971.136,5439.1699999999255,76.5873015873016
2024-06-14,2024-06-15,7258974.0,673573.0,386.885,6585014.115,5469.921000000089,76.5873015873016
2024-06-17,2024-06-18,7258974.0,673573.0,333.429,6585067.571,5470.640000000596,76.5873015873016
2024-06-18,2024-06-19,7258974.0,673573.0,375.542,6585025.458,5419.282999999821,75.0
2024-06-19,2024-06-20,7252542.0,723410.0,375.542,6528756.458,-16249.70100000035,69.44444444444444
2024-06-20,2024-06-21,7252542.0,723410.0,388.841,6528743.159,-16256.716000000015,69.04761904761905
2024-06-21,2024-06-22,7252542.0,723410.0,421.04,6528710.96,-16271.577999999747,68.65079365079364
2024-06-24,2024-06-25,7252542.0,723410.0,435.916,6528696.084,-16265.435000000522,68.65079365079364
2024-06-25,2024-06-26,7252542.0,723410.0,466.31,6528665.69,-16301.860999999568,67.85714285714286
2024-06-26,2024-06-27,7231163.0,765417.0,490.156,6465255.844,-119697.5820000004,24.206349206349206
2024-06-27,2024-06-28,7231163.0,765417.0,531.692,6465214.308,-119756.82799999975,23.809523809523807
2024-06-28,2024-06-29,7231163.0,765417.0,664.57,6465081.43,-119932.68500000052,23.41269841269841
2024-07-01,2024-07-02,7231163.0,765417.0,451.783,6465294.217,-119773.35400000028,23.41269841269841
2024-07-02,2024-07-03,7231163.0,765417.0,443.369,6465302.631,-119722.82699999958,23.809523809523807
2024-07-03,2024-07-04,7221520.0,761373.0,425.898,6459721.102,-69035.35599999968,39.285714285714285
2024-07-05,2024-07-06,7221520.0,761373.0,390.632,6459756.368,-68986.7910000002,39.285714285714285
2024-07-08,2024-07-09,7221520.0,761373.0,415.257,6459731.743,-68979.21700000018,39.285714285714285
2024-07-09,2024-07-10,7221520.0,761373.0,423.152,6459723.848,-68972.23599999957,39.285714285714285
2024-07-10,2024-07-11,7224079.0,736402.0,422.147,6487254.853,-41410.83700000029,56.34920634920635
2024-07-11,2024-07-12,7224079.0,736402.0,403.708,6487273.292,22017.44800000079,84.12698412698413
2024-07-12,2024-07-13,7224079.0,736402.0,406.59,6487270.41,22056.101999999955,84.12698412698413
2024-07-15,2024-07-16,7224079.0,736402.0,413.28,6487263.72,22182.290000000037,84.12698412698413
2024-07-16,2024-07-17,7224079.0,736402.0,409.594,6487267.406,21973.189000000246,82.93650793650794
2024-07-17,2024-07-18,7208247.0,751593.0,399.401,6456254.599,-9048.031999999657,69.44444444444444
2024-07-18,2024-07-19,7208247.0,751593.0,391.652,6456262.348,-3458.7539999997243,71.42857142857143
2024-07-19,2024-07-20,7208247.0,751593.0,379.801,6456274.199,-3482.1689999997616,71.03174603174604
2024-07-22,2024-07-23,7208247.0,751593.0,395.901,6456258.099,-3473.643999999389,71.03174603174604
2024-07-23,2024-07-24,7208247.0,751593.0,389.837,6456264.163,-3459.6850000005215,71.03174603174604
2024-07-24,2024-07-25,7205455.0,774315.0,399.121,6430740.879,-56513.974000000395,44.047619047619044
2024-07-25,2024-07-26,7205455.0,774315.0,377.433,6430762.567,-56510.72500000056,44.047619047619044
2024-07-26,2024-07-27,7205455.0,774315.0,381.257,6430758.743,-56511.667000000365,43.65079365079365
2024-07-29,2024-07-30,7205455.0,774315.0,385.281,6430754.719,-56509.001000000164,44.047619047619044
2024-07-30,2024-07-31,7205455.0,774315.0,367.054,6430772.946,-56494.45999999996,44.047619047619044
2024-07-31,2024-08-01,7178391.0,786486.0,413.2,6391491.8,-64762.79900000058,35.317460317460316
2024-08-01,2024-08-02,7178391.0,786486.0,348.885,6391556.115,-64706.23300000001,35.317460317460316
2024-08-02,2024-08-03,7178391.0,786486.0,338.473,6391566.527,-64707.67200000025,35.317460317460316
2024-08-05,2024-08-06,7178391.0,786486.0,316.246,6391588.754,-64669.34500000067,36.11111111111111
2024-08-06,2024-08-07,7178391.0,786486.0,291.958,6391613.042,-64651.120999999344,36.507936507936506
2024-08-07,2024-08-08,7175256.0,770931.0,286.66,6404038.34,-26702.538999999873,59.92063492063492
2024-08-08,2024-08-09,7175256.0,770931.0,303.159,6404021.841,-26740.72599999979,59.523809523809526
2024-08-09,2024-08-10,7175256.0,770931.0,312.198,6404012.802,-26745.940999999642,59.523809523809526
2024-08-12,2024-08-13,7175256.0,770931.0,328.641,6403996.359,-26758.359999999404,59.523809523809526
2024-08-13,2024-08-14,7175256.0,770931.0,324.494,6404000.506,-26772.44000000041,59.523809523809526
2024-08-14,2024-08-15,7177688.0,794120.0,328.472,6383239.528,-8252.27199999988,71.42857142857143
2024-08-15,2024-08-16,7177688.0,794120.0,307.141,6383260.859,-8295.256000000052,71.42857142857143
2024-08-16,2024-08-17,7177688.0,794120.0,330.317,6383237.683,-8328.843999999575,71.42857142857143
2024-08-19,2024-08-20,7177688.0,794120.0,333.583,6383234.417,-8354.33699999936,71.03174603174604
2024-08-20,2024-08-21,7177688.0,794120.0,310.819,6383257.181,-8355.8610000005,71.03174603174604
2024-08-21,2024-08-22,7139952.0,736494.0,321.329,6403136.671,-901.6689999997616,75.0
2024-08-22,2024-08-23,7139952.0,736494.0,316.777,6403141.223,-880.6179999997839,75.39682539682539
2024-08-23,2024-08-24,7139952.0,736494.0,312.896,6403145.104,-867.6979999998584,75.39682539682539
2024-08-26,2024-08-27,7139952.0,736494.0,353.557,6403104.443,-891.9160000002012,74.60317460317461
2024-08-27,2024-08-28,7139952.0,736494.0,344.045,6403113.955,-886.5509999999776,74.60317460317461
2024-08-28,2024-08-29,7123238.0,745851.0,388.89,6376998.11,-6241.417999999598,71.82539682539682
2024-08-29,2024-08-30,7123238.0,745851.0,383.434,6377003.566,-6257.293000000529,71.42857142857143
2024-08-30,2024-08-31,7123238.0,745851.0,433.13,6376953.87,-6283.813000000082,71.03174603174604
2024-09-03,2024-09-04,7123238.0,745851.0,349.808,6377037.192,-6197.225000000559,71.82539682539682
2024-09-04,2024-09-05,7112567.0,733959.0,337.312,6378270.688,-4986.492999999784,71.82539682539682
2024-09-05,2024-09-06,7112567.0,733959.0,291.091,6378316.909,-24819.762000000104,59.92063492063492
2024-09-06,2024-09-07,7112567.0,733959.0,299.271,6378308.729,-24832.493999999948,59.523809523809526
2024-09-09,2024-09-10,7112567.0,733959.0,292.158,6378315.842,-24829.262000000104,59.523809523809526
2024-09-10,2024-09-11,7112567.0,733959.0,281.392,6378326.608,-24777.834999999963,59.92063492063492
2024-09-11,2024-09-12,7115001.0,755958.0,279.215,6358763.785,-44350.169999999925,47.61904761904761
2024-09-12,2024-09-13,7115001.0,755958.0,294.464,6358748.536,-18249.574000000022,61.904761904761905
2024-09-13,2024-09-14,7115001.0,755958.0,284.951,6358758.049,-18245.516999999993,61.904761904761905
2024-09-16,2024-09-17,7115001.0,755958.0,239.386,6358803.614,-18150.256000000052,61.904761904761905
2024-09-17,2024-09-18,7115001.0,755958.0,256.337,6358786.663,-18250.529000000097,60.71428571428571
2024-09-18,2024-09-19,7109137.0,771194.0,305.831,6337637.169,-40633.51900000032,47.61904761904761
2024-09-19,2024-09-20,7109137.0,771194.0,311.777,6337631.223,-40685.685999999754,47.22222222222222
2024-09-20,2024-09-21,7109137.0,771194.0,339.316,6337603.684,-40705.044999999925,46.82539682539682
2024-09-23,2024-09-24,7109137.0,771194.0,380.372,6337562.628,-40753.21400000062,46.42857142857143
2024-09-24,2024-09-25,7109137.0,771194.0,388.977,6337554.023,-40772.58499999996,46.03174603174603
2024-09-25,2024-09-26,7080059.0,806771.0,416.193,6272871.807,-85891.97800000012,22.61904761904762
2024-09-26,2024-09-27,7080059.0,806771.0,424.916,6272863.084,-85885.45200000051,22.61904761904762
2024-09-27,2024-09-28,7080059.0,806771.0,436.518,6272851.482,-85906.5669999998,21.825396825396826
2024-09-30,2024-10-01,7080059.0,806771.0,465.638,6272822.362,-85981.25200000033,21.428571428571427
2024-10-01,2024-10-02,7080059.0,806771.0,375.221,6272912.779,-85873.88399999961,22.61904761904762
2024-10-02,2024-10-03,7046925.0,798277.0,383.398,6248264.602,-89372.5669999998,20.634920634920633
2024-10-03,2024-10-04,7046925.0,798277.0,341.248,6248306.752,-89324.4709999999,20.634920634920633
2024-10-04,2024-10-05,7046925.0,798277.0,330.012,6248317.988,-89285.69600000046,20.634920634920633
2024-10-07,2024-10-08,7046925.0,798277.0,322.948,6248325.052,-89237.57599999942,20.634920634920633
2024-10-08,2024-10-09,7046925.0,798277.0,325.355,6248322.645,-89231.37800000049,20.634920634920633
2024-10-09,2024-10-10,7046840.0,802115.0,343.448,6244381.552,-28490.25499999989,52.77777777777778
2024-10-10,2024-10-11,7046840.0,802115.0,322.587,6244402.413,-28460.67100000009,52.77777777777778
2024-10-11,2024-10-12,7046840.0,802115.0,331.735,6244393.265,-28458.21700000018,52.77777777777778
2024-10-15,2024-10-16,7046840.0,802115.0,286.398,6244438.602,-28383.759999999776,52.77777777777778
2024-10-16,2024-10-17,7039284.0,791792.0,272.028,6247219.972,-25692.80700000003,54.761904761904766
2024-10-17,2024-10-18,7039284.0,791792.0,262.21,6247229.79,-1034.811999999918,73.4126984126984
2024-10-18,2024-10-19,7039284.0,791792.0,259.892,6247232.108,-1074.6440000003204,73.01587301587301
2024-10-21,2024-10-22,7039284.0,791792.0,261.044,6247230.956,-1087.0319999996573,72.61904761904762
2024-10-22,2024-10-23,7039284.0,791792.0,237.76,6247254.24,-1070.811999999918,73.01587301587301
2024-10-23,2024-10-24,7029408.0,829991.0,270.839,6199146.161,-49176.48399999924,37.301587301587304
2024-10-24,2024-10-25,7029408.0,829991.0,202.798,6199214.202,-45167.35000000056,39.682539682539684
2024-10-25,2024-10-26,7029408.0,829991.0,227.0,6199190.0,-45212.41299999971,39.285714285714285
2024-10-28,2024-10-29,7029408.0,829991.0,251.032,6199165.968,-45227.29699999932,38.88888888888889
2024-10-29,2024-10-30,7029408.0,829991.0,244.841,6199172.159,-45266.44299999997,38.492063492063494
2024-10-30,2024-10-31,7013490.0,835237.0,228.946,6178024.054,-69195.91800000053,19.841269841269842
2024-10-31,2024-11-01,7013490.0,835237.0,201.278,6178051.722,-69178.06799999997,20.238095238095237
2024-11-01,2024-11-02,7013490.0,835237.0,155.476,6178097.524,-69134.5839999998,20.238095238095237
2024-11-04,2024-11-05,7013490.0,835237.0,171.885,6178081.115,-69149.84100000001,19.841269841269842
2024-11-05,2024-11-06,7013490.0,835237.0,144.243,6178108.757,-69145.48300000001,19.841269841269842
2024-11-06,2024-11-07,6994299.0,842051.0,177.871,6152070.129,-47076.03200000059,38.095238095238095
2024-11-07,2024-11-08,6994299.0,842051.0,159.002,6152088.998,-47125.20399999991,37.698412698412696
2024-11-08,2024-11-09,6994299.0,842051.0,163.621,6152084.379,-47105.621000000276,38.095238095238095
2024-11-12,2024-11-13,6994299.0,842051.0,178.814,6152069.186,-47096.78200000059,38.492063492063494
2024-11-13,2024-11-14,6967108.0,832186.0,238.106,6134683.894,-64488.264999999665,25.396825396825395
2024-11-14,2024-11-15,6967108.0,832186.0,214.509,6134707.491,-43316.56299999915,42.06349206349206
2024-11-15,2024-11-16,6967108.0,832186.0,172.4,6134749.6,-43302.12200000044,42.46031746031746
2024-11-18,2024-11-19,6967108.0,832186.0,200.03,6134721.97,-43375.55400000047,42.06349206349206
2024-11-19,2024-11-20,6967108.0,832186.0,200.664,6134721.336,-43359.7790000001,42.46031746031746
2024-11-20,2024-11-21,6923731.0,751873.0,217.793,6171640.207,-6468.549999999814,71.42857142857143
2024-11-21,2024-11-22,6923731.0,751873.0,188.567,6171669.433,19599.30400000047,86.11111111111111
2024-11-22,2024-11-23,6923731.0,751873.0,204.254,6171653.746,19564.748000000603,86.11111111111111
2024-11-25,2024-11-26,6923731.0,751873.0,186.749,6171671.251,19586.87200000044,86.11111111111111
2024-11-26,2024-11-27,6923731.0,751873.0,148.823,6171709.177,19639.991000000387,86.5079365079365
2024-11-27,2024-11-28,6905140.0,775250.0,169.815,6129720.185,-4963.70900000073,73.80952380952381
2024-11-29,2024-11-30,6905140.0,775250.0,197.627,6129692.373,-5015.118000000715,73.4126984126984
2024-12-02,2024-12-03,6905140.0,775250.0,135.858,6129754.142,-4995.457999999635,73.4126984126984
2024-12-03,2024-12-04,6905140.0,775250.0,161.572,6129728.428,-4993.541999999434,73.4126984126984
2024-12-04,2024-12-05,6895827.0,789516.0,162.866,6106148.134,-28573.202000000514,51.98412698412699
2024-12-05,2024-12-06,6895827.0,789516.0,131.964,6106179.036,-65461.17100000009,23.41269841269841
2024-12-06,2024-12-07,6895827.0,789516.0,130.014,6106180.986,-65488.447000000626,23.41269841269841
2024-12-09,2024-12-10,6895827.0,789516.0,153.029,6106157.971,-65495.77500000037,23.41269841269841
2024-12-10,2024-12-11,6895827.0,789516.0,174.842,6106136.158,-65535.09300000034,23.41269841269841
2024-12-11,2024-12-12,6897485.0,775067.0,180.12,6122237.88,-49471.29700000025,36.11111111111111
2024-12-12,2024-12-13,6897485.0,775067.0,165.025,6122252.975,-7467.209999999963,70.23809523809523
2024-12-13,2024-12-14,6897485.0,775067.0,135.777,6122282.223,-7410.149999999441,70.23809523809523
2024-12-16,2024-12-17,6897485.0,775067.0,110.753,6122307.247,-7446.894999999553,70.23809523809523
2024-12-17,2024-12-18,6897485.0,775067.0,118.093,6122299.907,-7428.521000000648,70.63492063492063
2024-12-18,2024-12-19,6889332.0,767932.0,131.651,6121268.349,15120.215000000782,86.11111111111111
2024-12-19,2024-12-20,6889332.0,767932.0,112.417,6121287.583,15108.546999999322,86.11111111111111
2024-12-20,2024-12-21,6889332.0,767932.0,98.356,6121301.644,15120.658000000753,86.90476190476191
2024-12-23,2024-12-24,6889332.0,767932.0,116.004,6121283.996,15126.025000000373,86.90476190476191
2024-12-24,2024-12-25,6889332.0,767932.0,180.989,6121219.011,15082.85300000012,85.31746031746032
2024-12-25,2024-12-26,6885963.0,764770.0,180.989,6121012.011,-1225.8689999999478,75.79365079365078
2024-12-26,2024-12-27,6885963.0,764770.0,196.818,6120996.182,-1256.7929999995977,75.39682539682539
2024-12-27,2024-12-28,6885963.0,764770.0,268.739,6120924.261,-1357.9620000002906,75.0
2024-12-30,2024-12-31,6885963.0,764770.0,260.743,6120932.257,-1374.9900000002235,74.60317460317461
2024-12-31,2025-01-01,6885963.0,764770.0,473.46,6120719.54,-1580.36699999962,74.20634920634922
2025-01-01,2025-01-02,6852491.0,719873.0,473.46,6132144.54,10876.190999999642,84.92063492063492
2025-01-02,2025-01-03,6852491.0,719873.0,239.858,6132378.142,11090.559000000358,84.92063492063492
2025-01-03,2025-01-04,6852491.0,719873.0,237.377,6132380.623,11078.978999999352,84.52380952380952
2025-01-06,2025-01-07,6852491.0,719873.0,231.926,6132386.074,11102.077999999747,84.92063492063492
2025-01-07,2025-01-08,6852491.0,719873.0,208.296,6132409.704,11190.69299999997,84.92063492063492
2025-01-08,2025-01-09,6853554.0,652636.0,185.144,6200732.856,79720.84499999974,100.0
2025-01-09,2025-01-10,6853554.0,652636.0,168.225,6200749.775,79753.59300000034,100.0
2025-01-10,2025-01-11,6853554.0,652636.0,178.8,6200739.2,79814.93900000025,100.0
2025-01-13,2025-01-14,6853554.0,652636.0,183.669,6200734.331,79802.07400000002,99.60317460317461
2025-01-14,2025-01-15,6853554.0,652636.0,160.219,6200757.781,80038.24100000039,100.0
2025-01-15,2025-01-16,6834070.0,641225.0,119.977,6192725.023,60580.48300000001,92.46031746031747
2025-01-16,2025-01-17,6834070.0,641225.0,94.489,6192750.511,60372.36899999995,92.06349206349206
2025-01-17,2025-01-18,6834070.0,641225.0,118.327,6192726.673,60346.050000000745,91.66666666666666
2025-01-21,2025-01-22,6834070.0,641225.0,96.015,6192748.985,60362.91100000031,91.66666666666666
2025-01-22,2025-01-23,6831760.0,677282.0,123.981,6154354.019,21944.31500000041,84.92063492063492
2025-01-23,2025-01-24,6831760.0,677282.0,132.031,6154345.969,-46386.887000000104,34.12698412698413
2025-01-24,2025-01-25,6831760.0,677282.0,104.972,6154373.028,-46376.74700000044,34.12698412698413
2025-01-27,2025-01-28,6831760.0,677282.0,92.863,6154385.137,-46354.06300000008,34.12698412698413
2025-01-28,2025-01-29,6831760.0,677282.0,112.76,6154365.24,-46369.091000000015,33.730158730158735
2025-01-29,2025-01-30,6818186.0,784206.0,121.842,6033858.158,-166899.6230000006,2.380952380952381
2025-01-30,2025-01-31,6818186.0,784206.0,125.965,6033854.035,-158870.9879999999,4.761904761904762
2025-01-31,2025-02-01,6818186.0,784206.0,187.913,6033792.087,-158958.42399999965,4.761904761904762
2025-02-03,2025-02-04,6818186.0,784206.0,97.781,6033882.219,-158844.45400000084,5.555555555555555
2025-02-04,2025-02-05,6818186.0,784206.0,85.654,6033894.346,-158854.63900000043,5.555555555555555
2025-02-05,2025-02-06,6810935.0,805593.0,78.788,6005263.212,-149090.80700000003,6.349206349206349
2025-02-06,2025-02-07,6810935.0,805593.0,79.983,6005262.017,-149083.95199999958,6.746031746031746
2025-02-07,2025-02-08,6810935.0,805593.0,95.248,6005246.752,-149126.2759999996,6.349206349206349
2025-02-10,2025-02-11,6810935.0,805593.0,99.653,6005242.347,-149142.79000000004,6.349206349206349
2025-02-11,2025-02-12,6810935.0,805593.0,76.446,6005265.554,-149099.6860000007,7.142857142857142
2025-02-12,2025-02-13,6813513.0,828102.0,67.67,5985343.33,-48514.82799999975,30.555555555555557
2025-02-13,2025-02-14,6813513.0,828102.0,67.82,5985343.18,-48510.85500000045,30.952380952380953
2025-02-14,2025-02-15,6813513.0,828102.0,58.77,5985352.23,-48439.85699999984,31.349206349206348
2025-02-18,2025-02-19,6813513.0,828102.0,77.817,5985333.183,-48549.03599999938,30.555555555555557
2025-02-19,2025-02-20,6782332.0,790062.0,73.196,5992196.804,-41697.542000000365,39.285714285714285
2025-02-20,2025-02-21,6782332.0,790062.0,63.207,5992206.793,-13056.419000000693,59.92063492063492
2025-02-21,2025-02-22,6782332.0,790062.0,68.983,5992201.017,-13061.0,59.523809523809526
2025-02-24,2025-02-25,6782332.0,790062.0,76.818,5992193.182,-13053.570000000298,59.92063492063492
2025-02-25,2025-02-26,6782332.0,790062.0,96.0,5992174.0,-13068.347000000067,58.730158730158735
2025-02-26,2025-02-27,6766101.0,681161.0,126.058,6084813.942,79548.38800000027,98.01587301587301
2025-02-27,2025-02-28,6766101.0,681161.0,182.148,6084757.852,99414.52199999988,100.0
2025-02-28,2025-03-01,6766101.0,681161.0,234.422,6084705.578,99362.39800000004,99.60317460317461
2025-03-03,2025-03-04,6766101.0,681161.0,119.987,6084820.013,99467.78299999982,100.0
2025-03-04,2025-03-05,6766101.0,681161.0,135.257,6084804.743,99471.55999999959,100.0
2025-03-05,2025-03-06,6756764.0,548331.0,139.493,6208293.507,216096.70300000068,100.0
2025-03-06,2025-03-07,6756764.0,548331.0,129.269,6208303.731,216096.93800000008,100.0
2025-03-07,2025-03-08,6756764.0,548331.0,136.305,6208296.695,216095.6780000003,99.20634920634922
2025-03-10,2025-03-11,6756764.0,548331.0,129.054,6208303.946,216110.76400000043,100.0
2025-03-11,2025-03-12,6756764.0,548331.0,137.31,6208295.69,216121.6900000004,100.0
2025-03-12,2025-03-13,6759571.0,512581.0,131.055,6246858.945,162045.0030000005,98.01587301587301
2025-03-13,2025-03-14,6759571.0,512581.0,113.435,6246876.565,162118.71300000045,98.01587301587301
2025-03-14,2025-03-15,6759571.0,512581.0,126.234,6246863.766,162158.18800000008,98.01587301587301
2025-03-17,2025-03-18,6759571.0,512581.0,89.496,6246900.504,162080.49099999946,97.22222222222221
2025-03-18,2025-03-19,6759571.0,512581.0,149.503,6246840.497,162035.75400000066,96.42857142857143
2025-03-19,2025-03-20,6755982.0,435936.0,193.378,6319852.622,111559.11500000022,96.03174603174604
2025-03-20,2025-03-21,6755982.0,435936.0,192.64,6319853.36,111549.62900000066,95.63492063492063
2025-03-21,2025-03-22,6755982.0,435936.0,200.85,6319845.15,111548.45500000007,95.23809523809523
2025-03-24,2025-03-25,6755982.0,435936.0,196.565,6319849.435,111545.48899999913,94.84126984126983
2025-03-25,2025-03-26,6755982.0,435936.0,214.786,6319831.214,111535.52399999928,94.44444444444444
2025-03-26,2025-03-27,6740253.0,360177.0,241.371,6379834.629,132975.68399999943,96.03174603174604
2025-03-27,2025-03-28,6740253.0,360177.0,291.785,6379784.215,132907.64999999944,95.63492063492063
2025-03-28,2025-03-29,6740253.0,360177.0,286.575,6379789.425,132925.65899999999,95.63492063492063
2025-03-31,2025-04-01,6740253.0,360177.0,399.167,6379676.833,132776.3289999999,94.84126984126983
2025-04-01,2025-04-02,6740253.0,360177.0,230.063,6379845.937,133005.43999999948,96.03174603174604
2025-04-02,2025-04-03,6723452.0,313326.0,233.488,6409892.512,90039.88999999966,90.47619047619048
2025-04-03,2025-04-04,6723452.0,313326.0,196.265,6409929.735,90076.375,90.47619047619048
2025-04-04,2025-04-05,6723452.0,313326.0,184.499,6409941.501,90096.35099999979,90.47619047619048
2025-04-07,2025-04-08,6723452.0,313326.0,148.146,6409977.854,90128.4190000007,90.47619047619048
2025-04-08,2025-04-09,6723452.0,313326.0,156.911,6409969.089,90137.875,90.47619047619048
2025-04-09,2025-04-10,6727416.0,306049.0,168.115,6421198.885,41364.25600000005,77.38095238095238
2025-04-10,2025-04-11,6727416.0,306049.0,129.95,6421237.05,41452.83499999996,77.77777777777779
2025-04-11,2025-04-12,6727416.0,306049.0,98.531,6421268.469,41479.04399999976,78.17460317460318
2025-04-14,2025-04-15,6727416.0,306049.0,102.838,6421264.162,41587.32899999991,78.57142857142857
2025-04-15,2025-04-16,6727416.0,306049.0,88.878,6421278.122,41432.18500000052,77.77777777777779
2025-04-16,2025-04-17,6727113.0,422983.0,54.772,6304075.228,-105817.28399999999,10.317460317460316
2025-04-17,2025-04-18,6727113.0,422983.0,58.6,6304071.4,-105858.33499999996,10.317460317460316
2025-04-21,2025-04-22,6727113.0,422983.0,114.114,6304015.886,-105925.61500000022,10.317460317460316
2025-04-22,2025-04-23,6727113.0,422983.0,137.951,6303992.049,-105985.80500000063,10.317460317460316
2025-04-23,2025-04-24,6726930.0,606632.0,171.78,6120126.22,-289842.86899999995,0.3968253968253968
2025-04-24,2025-04-25,6726930.0,606632.0,130.004,6120167.996,-301030.8889999995,0.3968253968253968
2025-04-25,2025-04-26,6726930.0,606632.0,94.021,6120203.979,-301033.07099999953,0.3968253968253968
2025-04-28,2025-04-29,6726930.0,606632.0,148.649,6120149.351,-301119.1179999998,0.3968253968253968
2025-04-29,2025-04-30,6726930.0,606632.0,157.537,6120140.463,-301123.6989999991,0.3968253968253968
2025-04-30,2025-05-01,6709277.0,595741.0,250.601,6113285.399,-307992.72300000023,0.3968253968253968
2025-05-01,2025-05-02,6709277.0,595741.0,157.353,6113378.647,-190696.58100000024,2.7777777777777777
2025-05-02,2025-05-03,6709277.0,595741.0,147.882,6113388.118,-190683.2820000006,3.1746031746031744
2025-05-05,2025-05-06,6709277.0,595741.0,124.69,6113411.31,-190604.57600000035,3.571428571428571
2025-05-06,2025-05-07,6709277.0,595741.0,129.858,6113406.142,-190585.90699999966,3.968253968253968
2025-05-07,2025-05-08,6710889.0,583727.0,154.859,6127007.141,6880.921000000089,67.06349206349206
2025-05-08,2025-05-09,6710889.0,583727.0,139.768,6127022.232,6854.235999999568,67.06349206349206
2025-05-09,2025-05-10,6710889.0,583727.0,142.272,6127019.728,6815.748999999836,67.06349206349206
2025-05-12,2025-05-13,6710889.0,583727.0,147.505,6127014.495,6865.14400000032,67.85714285714286
2025-05-13,2025-05-14,6710889.0,583727.0,144.214,6127017.786,6877.322999999858,68.25396825396825
2025-05-14,2025-05-15,6713270.0,575846.0,165.024,6137258.976,23973.576999999583,76.5873015873016
2025-05-15,2025-05-16,6713270.0,575846.0,109.436,6137314.564,23935.917000000365,76.5873015873016
2025-05-16,2025-05-17,6713270.0,575846.0,136.799,6137287.201,23899.083000000566,76.5873015873016
2025-05-19,2025-05-20,6713270.0,575846.0,180.417,6137243.583,23832.273000000045,76.5873015873016
2025-05-20,2025-05-21,6713270.0,575846.0,136.033,6137287.967,23881.825000000186,76.98412698412699
2025-05-21,2025-05-22,6688726.0,503055.0,162.802,6185508.198,58501.05700000003,80.95238095238095
2025-05-22,2025-05-23,6688726.0,503055.0,173.018,6185497.982,58475.75,80.95238095238095
2025-05-23,2025-05-24,6688726.0,503055.0,154.841,6185516.159,58496.430999999866,81.34920634920636
2025-05-27,2025-05-28,6688726.0,503055.0,138.066,6185532.934,58518.439000000246,82.14285714285714
2025-05-28,2025-05-29,6673244.0,467204.0,173.641,6205866.359,78848.57299999986,86.11111111111111
2025-05-29,2025-05-30,6673244.0,467204.0,165.66,6205874.34,68615.36400000006,85.71428571428571
2025-05-30,2025-05-31,6673244.0,467204.0,315.657,6205724.343,68409.7790000001,85.31746031746032
2025-06-02,2025-06-03,6673244.0,467204.0,135.841,6205904.159,68616.95799999963,85.71428571428571
2025-06-03,2025-06-04,6673244.0,467204.0,153.177,6205886.823,68643.24000000022,85.71428571428571
2025-06-04,2025-06-05,6672885.0,378947.0,168.882,6293769.118,156481.1509999996,96.03174603174604
2025-06-05,2025-06-06,6672885.0,378947.0,152.727,6293785.273,108277.07500000019,91.66666666666666
2025-06-06,2025-06-07,6672885.0,378947.0,149.284,6293788.716,108290.73400000017,91.66666666666666
2025-06-09,2025-06-10,6672885.0,378947.0,179.315,6293758.685,108242.5259999996,90.87301587301587
2025-06-10,2025-06-11,6672885.0,378947.0,182.725,6293755.275,108222.34100000001,90.47619047619048
2025-06-11,2025-06-12,6677155.0,332907.0,204.625,6344043.375,138177.01599999983,95.63492063492063
2025-06-12,2025-06-13,6677155.0,332907.0,181.417,6344066.583,138192.24299999978,95.63492063492063
2025-06-13,2025-06-14,6677155.0,332907.0,168.645,6344079.355,138355.0120000001,95.63492063492063
2025-06-16,2025-06-17,6677155.0,332907.0,140.759,6344107.241,138203.0820000004,95.23809523809523
2025-06-17,2025-06-18,6677155.0,332907.0,168.939,6344079.061,138192.2379999999,94.44444444444444
2025-06-18,2025-06-19,6681056.0,337762.0,205.05,6343088.95,49319.8320000004,76.98412698412699
2025-06-20,2025-06-21,6681056.0,337762.0,138.283,6343155.717,49370.444000000134,76.98412698412699
2025-06-23,2025-06-24,6681056.0,337762.0,165.319,6343128.681,49339.96499999985,76.5873015873016
2025-06-24,2025-06-25,6681056.0,337762.0,187.367,6343106.633,49347.94800000079,76.5873015873016
2025-06-25,2025-06-26,6662200.0,364375.0,210.879,6297614.121,3858.845999999903,61.904761904761905
2025-06-26,2025-06-27,6662200.0,364375.0,252.432,6297572.568,-46470.80700000003,29.365079365079367
2025-06-27,2025-06-28,6662200.0,364375.0,285.742,6297539.258,-46527.324999999255,28.968253968253972
2025-06-30,2025-07-01,6662200.0,364375.0,460.731,6297364.269,-46715.08600000013,28.57142857142857
2025-07-01,2025-07-02,6662200.0,364375.0,245.53,6297579.47,-46527.77100000065,28.57142857142857
2025-07-02,2025-07-03,6659598.0,359516.0,237.307,6299844.693,-44234.367999999784,32.93650793650794
2025-07-03,2025-07-04,6659598.0,359516.0,214.665,6299867.335,-43221.61500000022,34.523809523809526
2025-07-07,2025-07-08,6659598.0,359516.0,218.03,6299863.97,-43291.74700000044,34.12698412698413
2025-07-08,2025-07-09,6659598.0,359516.0,219.415,6299862.585,-43266.0959999999,34.12698412698413
2025-07-09,2025-07-10,6661912.0,319889.0,227.273,6341795.727,-1310.9060000004247,57.14285714285714
2025-07-10,2025-07-11,6661912.0,319889.0,183.339,6341839.661,44225.54000000004,75.39682539682539
2025-07-11,2025-07-12,6661912.0,319889.0,181.637,6341841.363,44268.794999999925,75.39682539682539
2025-07-14,2025-07-15,6661912.0,319889.0,217.841,6341805.159,44265.900999999605,75.0
2025-07-15,2025-07-16,6661912.0,319889.0,198.277,6341824.723,44460.45399999991,75.39682539682539
2025-07-16,2025-07-17,6659273.0,296247.0,197.086,6362828.914,65249.444000000134,80.15873015873017
2025-07-17,2025-07-18,6659273.0,296247.0,193.66,6362832.34,62987.64699999988,79.76190476190477
2025-07-18,2025-07-19,6659273.0,296247.0,199.298,6362826.702,62959.36699999962,79.36507936507937
2025-07-21,2025-07-22,6659273.0,296247.0,213.666,6362812.334,62948.36400000006,78.96825396825396
2025-07-22,2025-07-23,6659273.0,296247.0,196.374,6362829.626,62967.0410000002,79.36507936507937
2025-07-23,2025-07-24,6657715.0,323176.0,189.632,6334349.368,-7446.359000000171,48.41269841269841
2025-07-24,2025-07-25,6657715.0,323176.0,132.186,6334406.814,-7432.847000000067,48.80952380952381
2025-07-25,2025-07-26,6657715.0,323176.0,150.509,6334388.491,-7452.871999999508,47.61904761904761
2025-07-28,2025-07-29,6657715.0,323176.0,170.463,6334368.537,-7436.62200000044,48.41269841269841
2025-07-29,2025-07-30,6657715.0,323176.0,171.018,6334367.982,-7456.741000000387,46.82539682539682
2025-07-30,2025-07-31,6642578.0,370507.0,155.481,6271915.519,-90913.39499999955,9.920634920634921
2025-07-31,2025-08-01,6642578.0,370507.0,214.445,6271856.555,-90975.78500000015,9.920634920634921
2025-08-01,2025-08-02,6642578.0,370507.0,97.426,6271973.574,-90853.12799999956,10.714285714285714
2025-08-04,2025-08-05,6642578.0,370507.0,125.73,6271945.27,-90867.06400000025,10.714285714285714
2025-08-05,2025-08-06,6642578.0,370507.0,84.356,6271986.644,-90842.98199999984,11.507936507936508
2025-08-06,2025-08-07,6640843.0,421043.0,91.966,6219708.034,-114641.3339999998,8.333333333333332
2025-08-07,2025-08-08,6640843.0,421043.0,77.961,6219722.039,-114684.77500000037,8.333333333333332
2025-08-08,2025-08-09,6640843.0,421043.0,80.303,6219719.697,-114668.7940000007,8.73015873015873
2025-08-11,2025-08-12,6640843.0,421043.0,82.214,6219717.786,-114650.75099999923,9.126984126984127
2025-08-12,2025-08-13,6640843.0,421043.0,57.492,6219742.508,-114625.47399999946,9.920634920634921
2025-08-13,2025-08-14,6643615.0,504304.0,57.202,6139253.798,-132661.7209999999,8.333333333333332
2025-08-14,2025-08-15,6643615.0,504304.0,28.818,6139282.182,-132574.37299999967,8.73015873015873
2025-08-15,2025-08-16,6643615.0,504304.0,33.757,6139277.243,-132696.33100000024,8.333333333333332
2025-08-18,2025-08-19,6643615.0,504304.0,38.24,6139272.76,-132672.50999999978,8.73015873015873
2025-08-19,2025-08-20,6643615.0,504304.0,22.344,6139288.656,-132697.9879999999,8.333333333333332
2025-08-20,2025-08-21,6618415.0,519534.0,34.999,6098846.001,-120862.03299999982,10.317460317460316
2025-08-21,2025-08-22,6618415.0,519534.0,25.358,6098855.642,-120866.39699999988,10.317460317460316
2025-08-22,2025-08-23,6618415.0,519534.0,36.275,6098844.725,-120874.97200000007,10.317460317460316
2025-08-25,2025-08-26,6618415.0,519534.0,47.567,6098833.433,-120884.35300000012,10.317460317460316
2025-08-26,2025-08-27,6618415.0,519534.0,28.574,6098852.426,-120890.0820000004,10.317460317460316
2025-08-27,2025-08-28,6603384.0,589998.0,34.744,6013351.256,-125902.54200000037,10.317460317460316
2025-08-28,2025-08-29,6603384.0,589998.0,31.966,6013354.034,-125928.14800000004,10.317460317460316
2025-08-29,2025-08-30,6603384.0,589998.0,77.898,6013308.102,-125969.14099999983,10.317460317460316
2025-09-02,2025-09-03,6603384.0,589998.0,21.066,6013364.934,-125907.82599999942,11.11111111111111
2025-09-03,2025-09-04,6602071.0,597513.0,17.923,6004540.077,-134748.57900000084,8.333333333333332
2025-09-04,2025-09-05,6602071.0,597513.0,20.128,6004537.872,-94308.12899999972,17.857142857142858
2025-09-05,2025-09-06,6602071.0,597513.0,20.997,6004537.003,-94318.63900000043,17.857142857142858
2025-09-08,2025-09-09,6602071.0,597513.0,19.416,6004538.584,-94306.14099999983,18.650793650793652
2025-09-09,2025-09-10,6602071.0,597513.0,22.915,6004535.085,-94298.34800000023,19.047619047619047
2025-09-10,2025-09-11,6605962.0,672274.0,29.4,5933658.6,-165193.82600000035,4.761904761904762
2025-09-11,2025-09-12,6605962.0,672274.0,26.897,5933661.103,-79690.15299999993,25.793650793650798
2025-09-12,2025-09-13,6605962.0,672274.0,17.331,5933670.669,-79683.36500000022,26.190476190476193
2025-09-15,2025-09-16,6605962.0,672274.0,16.954,5933671.046,-79637.05599999987,26.58730158730159
2025-09-16,2025-09-17,6605962.0,672274.0,18.817,5933669.183,-79695.75100000016,25.793650793650798
2025-09-17,2025-09-18,6608597.0,756376.0,13.963,5852207.037,-152333.04000000004,6.746031746031746
2025-09-18,2025-09-19,6608597.0,756376.0,13.707,5852207.293,-152330.57900000084,7.142857142857142
2025-09-19,2025-09-20,6608597.0,756376.0,11.363,5852209.637,-152327.36599999946,7.5396825396825395
2025-09-22,2025-09-23,6608597.0,756376.0,14.173,5852206.827,-152331.75700000022,7.142857142857142
2025-09-23,2025-09-24,6608597.0,756376.0,14.402,5852206.598,-152328.48699999973,7.936507936507936
2025-09-24,2025-09-25,6608395.0,804856.0,29.172,5803509.828,-130148.77199999988,13.095238095238097
2025-09-25,2025-09-26,6608395.0,804856.0,25.369,5803513.631,-130147.47200000007,13.492063492063492
2025-09-26,2025-09-27,6608395.0,804856.0,48.073,5803490.927,-130179.74199999962,13.095238095238097
2025-09-29,2025-09-30,6608395.0,804856.0,56.22,5803482.78,-130188.26599999983,13.095238095238097
2025-09-30,2025-10-01,6608395.0,804856.0,49.071,5803489.929,-130179.25400000066,13.88888888888889
2025-10-01,2025-10-02,6587119.0,805139.0,10.179,5781969.821,-70237.21599999908,29.761904761904763
2025-10-02,2025-10-03,6587119.0,805139.0,8.436,5781971.564,-70235.72899999935,29.761904761904763
2025-10-03,2025-10-04,6587119.0,805139.0,25.392,5781954.608,-70255.0290000001,28.968253968253972
2025-10-06,2025-10-07,6587119.0,805139.0,21.776,5781958.224,-70248.60299999919,28.968253968253972
2025-10-07,2025-10-08,6587119.0,805139.0,4.622,5781975.378,-70231.22000000067,29.761904761904763
2025-10-08,2025-10-09,6590815.0,807428.0,5.231,5783381.769,-20128.058999999426,48.41269841269841
2025-10-09,2025-10-10,6590815.0,807428.0,4.496,5783382.504,-20131.127000000328,48.01587301587302
2025-10-10,2025-10-11,6590815.0,807428.0,4.124,5783382.876,-20108.050999999978,48.41269841269841
2025-10-14,2025-10-15,6590815.0,807428.0,3.516,5783383.484,-20099.29600000009,48.41269841269841
2025-10-15,2025-10-16,6596454.0,809593.0,5.484,5786855.516,-16634.41299999971,48.41269841269841
2025-10-16,2025-10-17,6596454.0,809593.0,6.96,5786854.04,4884.218999999575,59.92063492063492
2025-10-17,2025-10-18,6596454.0,809593.0,4.102,5786856.898,4885.333999999799,59.92063492063492
2025-10-20,2025-10-21,6596454.0,809593.0,5.931,5786855.069,4900.461000000127,59.92063492063492
2025-10-21,2025-10-22,6596454.0,809593.0,4.699,5786856.301,4898.076999999583,59.523809523809526
2025-10-22,2025-10-23,6589533.0,908001.0,4.005,5681527.995,-100447.38299999945,22.22222222222222
2025-10-23,2025-10-24,6589533.0,908001.0,6.941,5681525.059,-101856.70999999996,22.22222222222222
2025-10-24,2025-10-25,6589533.0,908001.0,2.435,5681529.565,-101852.93899999931,22.61904761904762
2025-10-27,2025-10-28,6589533.0,908001.0,10.642,5681521.358,-101861.51800000016,22.22222222222222
2025-10-28,2025-10-29,6589533.0,908001.0,14.096,5681517.904,-101865.58000000007,22.22222222222222
2025-10-29,2025-10-30,6587034.0,957990.0,19.504,5629024.496,-157831.01999999955,6.746031746031746
2025-10-30,2025-10-31,6587034.0,957990.0,19.166,5629024.834,-157829.20600000024,7.142857142857142
2025-10-31,2025-11-01,6587034.0,957990.0,51.802,5628992.198,-157864.7000000002,6.746031746031746
2025-11-03,2025-11-04,6587034.0,957990.0,23.792,5629020.208,-157834.8610000005,7.142857142857142
2025-11-04,2025-11-05,6587034.0,957990.0,16.983,5629027.017,-157829.28399999999,7.936507936507936
2025-11-05,2025-11-06,6572732.0,940979.0,12.814,5631740.186,-49787.80900000036,35.714285714285715
2025-11-06,2025-11-07,6572732.0,940979.0,10.754,5631742.246,-49782.81300000008,35.714285714285715
2025-11-07,2025-11-08,6572732.0,940979.0,4.903,5631748.097,-49781.46800000034,36.11111111111111
2025-11-10,2025-11-11,6572732.0,940979.0,7.152,5631745.848,-49775.50999999978,36.507936507936506
2025-11-12,2025-11-13,6580462.0,953816.0,5.886,5626640.114,-54877.79000000004,35.317460317460316
2025-11-13,2025-11-14,6580462.0,953816.0,3.761,5626642.239,-2382.257000000216,55.55555555555556
2025-11-14,2025-11-15,6580462.0,953816.0,1.559,5626644.441,-2380.3930000001565,55.55555555555556
2025-11-17,2025-11-18,6580462.0,953816.0,3.172,5626642.828,-2349.3700000001118,55.55555555555556
2025-11-18,2025-11-19,6580462.0,953816.0,0.905,5626645.095,-2375.1129999998957,55.158730158730165
2025-11-19,2025-11-20,6555283.0,941926.0,1.129,5613355.871,-15671.145999999717,46.82539682539682
2025-11-20,2025-11-21,6555283.0,941926.0,6.52,5613350.48,-18389.705999999307,46.03174603174603
2025-11-21,2025-11-22,6555283.0,941926.0,2.503,5613354.497,-18387.748999999836,46.42857142857143
2025-11-24,2025-11-25,6555283.0,941926.0,1.077,5613355.923,-18392.17399999965,46.03174603174603
2025-11-25,2025-11-26,6555283.0,941926.0,2.314,5613354.686,-18391.162000000477,46.42857142857143
2025-11-26,2025-11-27,6552419.0,903394.0,2.217,5649022.783,22382.66899999976,67.85714285714286
2025-11-28,2025-11-29,6552419.0,903394.0,7.561,5649017.439,22375.200000000186,67.46031746031747
2025-12-01,2025-12-02,6552419.0,903394.0,3.24,5649021.76,22377.319000000134,67.46031746031747
2025-12-02,2025-12-03,6552419.0,903394.0,5.62,5649019.38,22376.55200000014,67.06349206349206
2025-12-03,2025-12-04,6535781.0,937167.0,2.514,5598611.486,-28033.60900000017,44.44444444444444
2025-12-04,2025-12-05,6535781.0,937167.0,2.233,5598611.767,-14744.104000000283,48.80952380952381
2025-12-05,2025-12-06,6535781.0,937167.0,1.485,5598612.515,-14737.965000000782,48.80952380952381
2025-12-08,2025-12-09,6535781.0,937167.0,1.703,5598612.297,-14742.200000000186,48.41269841269841
2025-12-09,2025-12-10,6535781.0,937167.0,3.211,5598610.789,-14745.134000000544,47.61904761904761
2025-12-10,2025-12-11,6539303.0,858946.0,5.045,5680351.955,66997.26900000032,80.15873015873017
2025-12-11,2025-12-12,6539303.0,858946.0,2.874,5680354.126,31331.343000000343,69.44444444444444
2025-12-12,2025-12-13,6539303.0,858946.0,0.838,5680356.162,31338.7229999993,69.44444444444444
2025-12-15,2025-12-16,6539303.0,858946.0,2.601,5680354.399,31332.639000000432,69.04761904761905
2025-12-16,2025-12-17,6539303.0,858946.0,1.554,5680355.446,31336.066000000574,69.04761904761905
2025-12-17,2025-12-18,6556861.0,833093.0,10.361,5723757.639,125146.15300000086,91.66666666666666
2025-12-18,2025-12-19,6556861.0,833093.0,11.708,5723756.292,125144.52500000037,91.26984126984127
2025-12-19,2025-12-20,6556861.0,833093.0,3.047,5723764.953,125152.43800000008,91.66666666666666
2025-12-22,2025-12-23,6556861.0,833093.0,1.523,5723766.477,125154.1799999997,91.66666666666666
2025-12-23,2025-12-24,6556861.0,833093.0,5.893,5723762.107,125151.31799999997,90.87301587301587
2025-12-24,2025-12-25,6581231.0,837120.0,4.803,5744106.197,63754.24199999962,77.38095238095238
2025-12-26,2025-12-27,6581231.0,837120.0,20.339,5744090.661,63736.53500000015,76.98412698412699
2025-12-29,2025-12-30,6581231.0,837120.0,10.551,5744100.449,63744.28700000048,76.98412698412699
2025-12-30,2025-12-31,6581231.0,837120.0,12.605,5744098.395,63743.995999999344,76.5873015873016
2025-12-31,2026-01-01,6640618.0,837306.0,105.993,5803206.007,122850.56099999975,89.68253968253968
2026-01-02,2026-01-03,6640618.0,837306.0,5.667,5803306.333,79548.6939999992,80.15873015873017
2026-01-05,2026-01-06,6640618.0,837306.0,6.485,5803305.515,79549.2229999993,80.15873015873017
2026-01-06,2026-01-07,6640618.0,837306.0,2.582,5803309.418,79544.46499999985,78.96825396825396
2026-01-07,2026-01-08,6573602.0,796148.0,4.582,5777449.418,53682.94099999964,69.44444444444444
2026-01-08,2026-01-09,6573602.0,796148.0,3.083,5777450.917,53688.81000000052,69.44444444444444
2026-01-09,2026-01-10,6573602.0,796148.0,3.28,5777450.72,33344.523000000045,63.49206349206349
2026-01-12,2026-01-13,6573602.0,796148.0,3.402,5777450.598,33359.93699999992,63.49206349206349
2026-01-13,2026-01-14,6573602.0,796148.0,3.277,5777450.723,33350.27400000021,63.49206349206349
2026-01-14,2026-01-15,6581700.0,779175.0,3.223,5802521.777,58423.382000000216,70.23809523809523
2026-01-15,2026-01-16,6581700.0,779175.0,2.003,5802522.997,-683.0099999997765,53.57142857142857
2026-01-16,2026-01-17,6581700.0,779175.0,1.222,5802523.778,-782.554999999702,53.57142857142857
2026-01-20,2026-01-21,6581700.0,779175.0,3.506,5802521.494,-784.0209999997169,53.57142857142857
2026-01-21,2026-01-22,6584580.0,869261.0,3.344,5715315.656,-87993.76199999917,29.761904761904763
2026-01-22,2026-01-23,6584580.0,869261.0,2.058,5715316.942,-62132.47599999979,33.730158730158735
2026-01-23,2026-01-24,6584580.0,869261.0,0.927,5715318.073,-62132.84400000051,33.730158730158735
2026-01-26,2026-01-27,6584580.0,869261.0,1.489,5715317.511,-62133.2089999998,33.730158730158735
2026-01-27,2026-01-28,6584580.0,869261.0,1.253,5715317.747,-62132.85099999979,34.12698412698413
2026-01-28,2026-01-29,6587568.0,923042.0,1.103,5664524.897,-112925.82600000035,22.61904761904762
2026-01-29,2026-01-30,6587568.0,923042.0,2.852,5664523.148,-137998.62899999972,12.698412698412698
2026-01-30,2026-01-31,6587568.0,923042.0,9.629,5664516.371,-138006.62600000016,12.698412698412698
2026-02-02,2026-02-03,6587568.0,923042.0,10.415,5664515.585,-138008.19299999997,12.698412698412698
2026-02-03,2026-02-04,6587568.0,923042.0,1.785,5664524.215,-137997.2790000001,13.492063492063492
2026-02-04,2026-02-05,6605909.0,908773.0,2.414,5697133.586,-18182.070000000298,47.22222222222222
2026-02-05,2026-02-06,6605909.0,908773.0,1.748,5697134.252,-18182.68999999948,46.82539682539682
2026-02-06,2026-02-07,6605909.0,908773.0,3.111,5697132.889,-18185.183999999426,46.42857142857143
2026-02-09,2026-02-10,6605909.0,908773.0,1.306,5697134.694,-18182.816999999806,46.42857142857143
2026-02-10,2026-02-11,6605909.0,908773.0,1.447,5697134.553,-18183.194000000134,46.03174603174603
2026-02-11,2026-02-12,6622382.0,915306.0,1.048,5707074.952,42550.0549999997,68.65079365079364
2026-02-12,2026-02-13,6622382.0,915306.0,2.844,5707073.156,42550.00800000038,68.25396825396825
2026-02-13,2026-02-14,6622382.0,915306.0,0.377,5707075.623,42559.2519999994,68.65079365079364
2026-02-17,2026-02-18,6622382.0,915306.0,0.441,5707075.559,42559.974000000395,68.65079365079364
2026-02-18,2026-02-19,6613395.0,912727.0,0.856,5700667.144,36142.92900000047,65.07936507936508
2026-02-19,2026-02-20,6613395.0,912727.0,0.632,5700667.368,3533.7819999996573,54.36507936507936
2026-02-20,2026-02-21,6613395.0,912727.0,0.496,5700667.504,3533.2519999993965,53.96825396825397
2026-02-23,2026-02-24,6613395.0,912727.0,0.877,5700667.123,3534.23399999924,54.36507936507936
2026-02-24,2026-02-25,6613395.0,912727.0,0.917,5700667.083,3532.388999999501,53.17460317460318
2026-02-25,2026-02-26,6613797.0,887612.0,1.159,5726183.841,29049.28799999971,61.904761904761905
2026-02-26,2026-02-27,6613797.0,887612.0,3.796,5726181.204,19106.252000000328,57.936507936507944
2026-02-27,2026-02-28,6613797.0,887612.0,16.318,5726168.682,19095.525999999605,57.53968253968254
2026-03-02,2026-03-03,6613797.0,887612.0,0.627,5726184.373,19108.75,57.936507936507944
2026-03-03,2026-03-04,6613797.0,887612.0,1.203,5726183.797,19108.237999999896,57.936507936507944
2026-03-04,2026-03-05,6628894.0,832053.0,0.877,5796840.123,96172.97899999935,84.52380952380952
2026-03-05,2026-03-06,6628894.0,832053.0,2.793,5796838.207,96170.83900000062,84.52380952380952
2026-03-06,2026-03-07,6628894.0,832053.0,1.512,5796839.488,96171.98400000017,84.92063492063492
2026-03-09,2026-03-10,6628894.0,832053.0,0.332,5796840.668,96173.54499999993,85.71428571428571
2026-03-10,2026-03-11,6628894.0,832053.0,0.278,5796840.722,96173.63900000043,86.11111111111111
2026-03-11,2026-03-12,6646344.0,838186.0,0.552,5808157.448,81973.60699999984,82.53968253968253
2026-03-12,2026-03-13,6646344.0,838186.0,0.137,5808157.863,81976.65899999999,82.93650793650794
2026-03-13,2026-03-14,6646344.0,838186.0,0.427,5808157.573,81988.89099999983,83.33333333333334
2026-03-16,2026-03-17,6646344.0,838186.0,0.582,5808157.418,81973.04499999993,82.53968253968253
2026-03-17,2026-03-18,6646344.0,838186.0,0.797,5808157.203,81973.4059999995,82.93650793650794
2026-03-18,2026-03-19,6655939.0,853052.0,0.698,5802886.302,6046.179000000469,55.158730158730165
2026-03-19,2026-03-20,6655939.0,853052.0,0.637,5802886.363,6048.155999999493,55.55555555555556
2026-03-20,2026-03-21,6655939.0,853052.0,0.822,5802886.178,6046.69000000041,55.55555555555556
2026-03-23,2026-03-24,6655939.0,853052.0,0.857,5802886.143,6045.475000000559,55.158730158730165
2026-03-24,2026-03-25,6655939.0,853052.0,1.123,5802885.877,6045.155000000261,55.158730158730165
2026-03-25,2026-03-26,6657161.0,874077.0,0.777,5783083.223,-25074.224999999627,38.88888888888889
2026-03-26,2026-03-27,6657161.0,874077.0,0.885,5783083.115,-25074.747999999672,38.88888888888889
2026-03-27,2026-03-28,6657161.0,874077.0,0.992,5783083.008,-25074.56499999948,39.285714285714285
2026-03-30,2026-03-31,6657161.0,874077.0,0.752,5783083.248,-25074.169999999925,40.07936507936508
2026-03-31,2026-04-01,6657161.0,874077.0,15.782,5783068.218,-25088.984999999404,38.88888888888889
2026-04-01,2026-04-02,6675344.0,847718.0,2.107,5827623.893,24737.591000000015,66.26984126984127
2026-04-02,2026-04-03,6675344.0,847718.0,0.327,5827625.673,24739.31000000052,66.66666666666666
2026-04-06,2026-04-07,6675344.0,847718.0,0.227,5827625.773,24739.59499999974,67.06349206349206
2026-04-07,2026-04-08,6675344.0,847718.0,15.345,5827610.655,24724.512000000104,66.26984126984127
2026-04-08,2026-04-09,6693871.0,748376.0,0.177,5945494.823,142608.94599999953,99.60317460317461
2026-04-09,2026-04-10,6693871.0,748376.0,0.402,5945494.598,162411.375,100.0
2026-04-10,2026-04-11,6693871.0,748376.0,0.507,5945494.493,162411.37799999956,100.0
2026-04-13,2026-04-14,6693871.0,748376.0,0.227,5945494.773,162411.76499999966,100.0
2026-04-14,2026-04-15,6693871.0,748376.0,0.306,5945494.694,162411.44600000046,99.60317460317461
2026-04-15,2026-04-16,6705696.0,751354.0,0.223,5954341.777,171273.55899999943,100.0
2026-04-16,2026-04-17,6705696.0,751354.0,0.158,5954341.842,126717.94900000002,95.23809523809523
2026-04-17,2026-04-18,6705696.0,751354.0,0.137,5954341.863,126716.18999999948,94.84126984126983
2026-04-20,2026-04-21,6705696.0,751354.0,0.503,5954341.497,126715.7240000004,94.44444444444444
2026-04-21,2026-04-22,6705696.0,751354.0,0.807,5954341.193,126730.53799999971,95.23809523809523
2026-04-22,2026-04-23,6707419.0,1005968.0,0.538,5701450.462,-244044.36099999957,2.7777777777777777
2026-04-23,2026-04-24,6707419.0,1005968.0,0.114,5701450.886,-244043.7120000003,3.1746031746031744
2026-04-24,2026-04-25,6707419.0,1005968.0,0.082,5701450.918,-244043.5750000002,3.571428571428571
2026-04-27,2026-04-28,6707419.0,1005968.0,0.363,5701450.637,-244044.13599999994,3.1746031746031744
2026-04-28,2026-04-29,6707419.0,1005968.0,0.643,5701450.357,-244044.3370000003,2.7777777777777777
2026-04-29,2026-04-30,6699950.0,981929.0,0.747,5718020.253,-236321.5240000002,3.968253968253968
2026-04-30,2026-05-01,6699950.0,981929.0,8.261,5718012.739,-236329.10300000012,3.571428571428571
2026-05-01,2026-05-02,6699950.0,981929.0,0.607,5718020.393,-236321.46999999974,3.968253968253968
2026-05-04,2026-05-05,6699950.0,981929.0,0.618,5718020.382,-236321.11500000022,3.968253968253968
2026-05-05,2026-05-06,6699950.0,981929.0,1.122,5718019.878,-236321.3150000004,3.571428571428571
2026-05-06,2026-05-07,6709505.0,877761.0,1.633,5831742.367,130291.90499999933,95.23809523809523
2026-05-07,2026-05-08,6709505.0,877761.0,0.773,5831743.227,130292.34100000001,95.23809523809523
2026-05-08,2026-05-09,6709505.0,877761.0,0.787,5831743.213,130292.29500000086,94.84126984126983
2026-05-11,2026-05-12,6709505.0,877761.0,1.133,5831742.867,130292.22999999952,94.44444444444444
2026-05-12,2026-05-13,6709505.0,877761.0,1.199,5831742.801,130292.44400000013,95.23809523809523
2026-05-13,2026-05-14,6728502.0,838584.0,3.719,5889914.281,171894.02800000086,100.0
2026-05-14,2026-05-15,6728502.0,838584.0,2.034,5889915.966,171903.22699999996,100.0
2026-05-15,2026-05-16,6728502.0,838584.0,0.647,5889917.353,171896.95999999996,99.60317460317461
2026-05-18,2026-05-19,6728502.0,838584.0,7.193,5889910.807,171890.4249999998,98.80952380952381
2026-05-19,2026-05-20,6728502.0,838584.0,12.911,5889905.089,171885.21100000013,98.4126984126984
2026-05-20,2026-05-21,6713643.0,781293.0,24.867,5932325.133,100582.76600000076,85.71428571428571
2026-05-21,2026-05-22,6713643.0,781293.0,3.281,5932346.719,100603.49199999962,85.71428571428571
2026-05-22,2026-05-23,6713643.0,781293.0,0.965,5932349.035,100605.8219999997,85.71428571428571
2026-05-26,2026-05-27,6713643.0,781293.0,1.787,5932348.213,100605.34600000083,85.31746031746032
2026-05-27,2026-05-28,6704383.0,830296.0,1.853,5874085.147,42342.3459999999,65.87301587301587
2026-05-28,2026-05-29,6704383.0,830296.0,1.163,5874085.837,-15828.444000000134,44.84126984126984
2026-05-29,2026-05-30,6704383.0,830296.0,11.677,5874075.323,-15840.643000000156,44.84126984126984
