date,publish_date,yield_curve_10y3m,yield_curve_10y3m_pctl
2015-01-02,2015-01-03,2.1,
2015-01-05,2015-01-06,2.01,
2015-01-06,2015-01-07,1.94,
2015-01-07,2015-01-08,1.93,
2015-01-08,2015-01-09,2.0,
2015-01-09,2015-01-10,1.96,
2015-01-12,2015-01-13,1.89,
2015-01-13,2015-01-14,1.88,
2015-01-14,2015-01-15,1.82,
2015-01-15,2015-01-16,1.74,
2015-01-16,2015-01-17,1.8,
2015-01-20,2015-01-21,1.79,
2015-01-21,2015-01-22,1.84,
2015-01-22,2015-01-23,1.87,
2015-01-23,2015-01-24,1.79,
2015-01-26,2015-01-27,1.8,
2015-01-27,2015-01-28,1.81,
2015-01-28,2015-01-29,1.71,
2015-01-29,2015-01-30,1.74,
2015-01-30,2015-01-31,1.66,
2015-02-02,2015-02-03,1.66,
2015-02-03,2015-02-04,1.77,
2015-02-04,2015-02-05,1.8,
2015-02-05,2015-02-06,1.81,
2015-02-06,2015-02-07,1.93,
2015-02-09,2015-02-10,1.95,
2015-02-10,2015-02-11,2.0,
2015-02-11,2015-02-12,1.99,
2015-02-12,2015-02-13,1.97,
2015-02-13,2015-02-14,2.01,
2015-02-17,2015-02-18,2.12,
2015-02-18,2015-02-19,2.05,
2015-02-19,2015-02-20,2.09,
2015-02-20,2015-02-21,2.11,
2015-02-23,2015-02-24,2.04,
2015-02-24,2015-02-25,1.97,
2015-02-25,2015-02-26,1.94,
2015-02-26,2015-02-27,2.0,
2015-02-27,2015-02-28,1.98,
2015-03-02,2015-03-03,2.06,
2015-03-03,2015-03-04,2.1,
2015-03-04,2015-03-05,2.11,
2015-03-05,2015-03-06,2.09,
2015-03-06,2015-03-07,2.23,
2015-03-09,2015-03-10,2.18,
2015-03-10,2015-03-11,2.12,
2015-03-11,2015-03-12,2.08,
2015-03-12,2015-03-13,2.07,
2015-03-13,2015-03-14,2.1,
2015-03-16,2015-03-17,2.05,
2015-03-17,2015-03-18,2.01,
2015-03-18,2015-03-19,1.9,
2015-03-19,2015-03-20,1.95,
2015-03-20,2015-03-21,1.92,
2015-03-23,2015-03-24,1.89,
2015-03-24,2015-03-25,1.86,
2015-03-25,2015-03-26,1.89,
2015-03-26,2015-03-27,1.98,
2015-03-27,2015-03-28,1.91,
2015-03-30,2015-03-31,1.92,41.66666666666667
2015-03-31,2015-04-01,1.91,39.34426229508197
2015-04-01,2015-04-02,1.84,25.806451612903224
2015-04-02,2015-04-03,1.9,38.095238095238095
2015-04-03,2015-04-04,1.83,23.4375
2015-04-06,2015-04-07,1.89,36.92307692307693
2015-04-07,2015-04-08,1.87,30.303030303030305
2015-04-08,2015-04-09,1.89,38.80597014925373
2015-04-09,2015-04-10,1.94,54.41176470588235
2015-04-10,2015-04-11,1.94,55.072463768115945
2015-04-13,2015-04-14,1.91,44.285714285714285
2015-04-14,2015-04-15,1.88,30.985915492957744
2015-04-15,2015-04-16,1.89,38.88888888888889
2015-04-16,2015-04-17,1.88,31.506849315068493
2015-04-17,2015-04-18,1.86,25.675675675675674
2015-04-20,2015-04-21,1.87,29.333333333333332
2015-04-21,2015-04-22,1.89,42.10526315789473
2015-04-22,2015-04-23,1.96,63.63636363636363
2015-04-23,2015-04-24,1.93,53.84615384615385
2015-04-24,2015-04-25,1.9,44.303797468354425
2015-04-27,2015-04-28,1.92,51.24999999999999
2015-04-28,2015-04-29,1.98,70.37037037037037
2015-04-29,2015-04-30,2.05,82.92682926829268
2015-04-30,2015-05-01,2.04,79.51807228915662
2015-05-01,2015-05-02,2.11,95.23809523809523
2015-05-04,2015-05-05,2.14,97.6470588235294
2015-05-05,2015-05-06,2.18,98.83720930232558
2015-05-06,2015-05-07,2.23,100.0
2015-05-07,2015-05-08,2.17,95.45454545454545
2015-05-08,2015-05-09,2.15,94.3820224719101
2015-05-11,2015-05-12,2.26,100.0
2015-05-12,2015-05-13,2.25,98.9010989010989
2015-05-13,2015-05-14,2.25,98.91304347826086
2015-05-14,2015-05-15,2.22,94.6236559139785
2015-05-15,2015-05-16,2.12,88.29787234042553
2015-05-18,2015-05-19,2.21,93.6842105263158
2015-05-19,2015-05-20,2.25,98.95833333333334
2015-05-20,2015-05-21,2.24,95.87628865979381
2015-05-21,2015-05-22,2.17,88.77551020408163
2015-05-22,2015-05-23,2.19,90.9090909090909
2015-05-26,2015-05-27,2.12,84.0
2015-05-27,2015-05-28,2.13,84.15841584158416
2015-05-28,2015-05-29,2.12,83.33333333333334
2015-05-29,2015-05-30,2.11,78.64077669902912
2015-06-01,2015-06-02,2.17,88.46153846153845
2015-06-02,2015-06-03,2.26,100.0
2015-06-03,2015-06-04,2.36,100.0
2015-06-04,2015-06-05,2.29,99.06542056074767
2015-06-05,2015-06-06,2.38,100.0
2015-06-08,2015-06-09,2.37,99.08256880733946
2015-06-09,2015-06-10,2.4,100.0
2015-06-10,2015-06-11,2.48,100.0
2015-06-11,2015-06-12,2.38,98.21428571428571
2015-06-12,2015-06-13,2.37,96.46017699115043
2015-06-15,2015-06-16,2.34,93.85964912280701
2015-06-16,2015-06-17,2.31,93.04347826086956
2015-06-17,2015-06-18,2.31,93.10344827586206
2015-06-18,2015-06-19,2.34,94.01709401709401
2015-06-19,2015-06-20,2.25,88.13559322033898
2015-06-22,2015-06-23,2.36,94.9579831932773
2015-06-23,2015-06-24,2.41,99.16666666666667
2015-06-24,2015-06-25,2.37,95.86776859504133
2015-06-25,2015-06-26,2.39,97.54098360655738
2015-06-26,2015-06-27,2.48,100.0
2015-06-29,2015-06-30,2.31,88.70967741935483
2015-06-30,2015-07-01,2.34,90.4
2015-07-01,2015-07-02,2.42,98.4126984126984
2015-07-02,2015-07-03,2.39,96.06299212598425
2015-07-06,2015-07-07,2.28,83.59375
2015-07-07,2015-07-08,2.25,81.3953488372093
2015-07-08,2015-07-09,2.2,73.84615384615385
2015-07-09,2015-07-10,2.29,84.7328244274809
2015-07-10,2015-07-11,2.41,97.72727272727273
2015-07-13,2015-07-14,2.42,98.49624060150376
2015-07-14,2015-07-15,2.4,95.52238805970148
2015-07-15,2015-07-16,2.34,87.4074074074074
2015-07-16,2015-07-17,2.34,87.5
2015-07-17,2015-07-18,2.31,83.94160583941606
2015-07-20,2015-07-21,2.34,87.68115942028986
2015-07-21,2015-07-22,2.32,83.45323741007195
2015-07-22,2015-07-23,2.29,80.0
2015-07-23,2015-07-24,2.25,75.88652482269504
2015-07-24,2015-07-25,2.23,71.12676056338029
2015-07-27,2015-07-28,2.18,66.43356643356644
2015-07-28,2015-07-29,2.21,68.75
2015-07-29,2015-07-30,2.23,71.72413793103448
2015-07-30,2015-07-31,2.21,68.4931506849315
2015-07-31,2015-08-01,2.12,59.183673469387756
2015-08-03,2015-08-04,2.08,49.32432432432432
2015-08-04,2015-08-05,2.15,61.74496644295302
2015-08-05,2015-08-06,2.2,67.33333333333333
2015-08-06,2015-08-07,2.19,66.22516556291392
2015-08-07,2015-08-08,2.12,58.55263157894737
2015-08-10,2015-08-11,2.12,58.82352941176471
2015-08-11,2015-08-12,2.05,45.45454545454545
2015-08-12,2015-08-13,2.04,43.225806451612904
2015-08-13,2015-08-14,2.09,50.0
2015-08-14,2015-08-15,2.11,54.77707006369427
2015-08-17,2015-08-18,2.06,46.20253164556962
2015-08-18,2015-08-19,2.13,61.0062893081761
2015-08-19,2015-08-20,2.07,46.875
2015-08-20,2015-08-21,2.07,47.20496894409938
2015-08-21,2015-08-22,2.02,40.123456790123456
2015-08-24,2015-08-25,1.95,31.28834355828221
2015-08-25,2015-08-26,2.05,45.1219512195122
2015-08-26,2015-08-27,2.12,61.212121212121204
2015-08-27,2015-08-28,2.12,61.44578313253012
2015-08-28,2015-08-29,2.13,62.874251497005986
2015-08-31,2015-09-01,2.13,63.095238095238095
2015-09-01,2015-09-02,2.14,63.905325443786985
2015-09-02,2015-09-03,2.17,67.05882352941175
2015-09-03,2015-09-04,2.16,64.91228070175438
2015-09-04,2015-09-05,2.11,54.06976744186046
2015-09-08,2015-09-09,2.14,63.58381502890174
2015-09-09,2015-09-10,2.18,69.54022988505747
2015-09-10,2015-09-11,2.21,73.71428571428571
2015-09-11,2015-09-12,2.16,64.77272727272727
2015-09-14,2015-09-15,2.11,53.10734463276836
2015-09-15,2015-09-16,2.21,74.15730337078652
2015-09-16,2015-09-17,2.24,77.6536312849162
2015-09-17,2015-09-18,2.2,71.11111111111111
2015-09-18,2015-09-19,2.13,60.22099447513812
2015-09-21,2015-09-22,2.19,69.78021978021978
2015-09-22,2015-09-23,2.14,61.74863387978142
2015-09-23,2015-09-24,2.15,63.04347826086957
2015-09-24,2015-09-25,2.12,56.75675675675676
2015-09-25,2015-09-26,2.17,66.66666666666666
2015-09-28,2015-09-29,2.09,45.45454545454545
2015-09-29,2015-09-30,2.04,37.234042553191486
2015-09-30,2015-10-01,2.06,41.269841269841265
2015-10-01,2015-10-02,2.05,40.0
2015-10-02,2015-10-03,1.99,31.413612565445025
2015-10-05,2015-10-06,2.06,42.1875
2015-10-06,2015-10-07,2.05,40.41450777202073
2015-10-07,2015-10-08,2.08,45.36082474226804
2015-10-08,2015-10-09,2.12,58.46153846153847
2015-10-09,2015-10-10,2.11,52.55102040816326
2015-10-13,2015-10-14,2.05,40.10152284263959
2015-10-14,2015-10-15,1.99,30.808080808080806
2015-10-15,2015-10-16,2.03,34.67336683417086
2015-10-16,2015-10-17,2.03,35.0
2015-10-19,2015-10-20,2.02,34.32835820895522
2015-10-20,2015-10-21,2.06,43.56435643564357
2015-10-21,2015-10-22,2.03,35.467980295566505
2015-10-22,2015-10-23,2.04,37.745098039215684
2015-10-23,2015-10-24,2.08,47.3170731707317
2015-10-26,2015-10-27,2.05,41.74757281553398
2015-10-27,2015-10-28,2.02,33.81642512077295
2015-10-28,2015-10-29,2.06,44.71153846153847
2015-10-29,2015-10-30,2.12,61.24401913875598
2015-10-30,2015-10-31,2.08,48.095238095238095
2015-11-02,2015-11-03,2.12,61.61137440758294
2015-11-03,2015-11-04,2.17,70.75471698113208
2015-11-04,2015-11-05,2.2,75.5868544600939
2015-11-05,2015-11-06,2.21,78.03738317757009
2015-11-06,2015-11-07,2.26,85.11627906976744
2015-11-09,2015-11-10,2.22,78.24074074074075
2015-11-10,2015-11-11,2.19,72.81105990783409
2015-11-12,2015-11-13,2.18,71.10091743119266
2015-11-13,2015-11-14,2.14,63.926940639269404
2015-11-16,2015-11-17,2.12,59.54545454545455
2015-11-17,2015-11-18,2.11,52.94117647058824
2015-11-18,2015-11-19,2.15,65.76576576576578
2015-11-19,2015-11-20,2.13,61.88340807174888
2015-11-20,2015-11-21,2.14,64.28571428571429
2015-11-23,2015-11-24,2.11,52.44444444444445
2015-11-24,2015-11-25,2.08,45.13274336283185
2015-11-25,2015-11-26,2.04,34.801762114537446
2015-11-27,2015-11-28,2.04,35.08771929824561
2015-11-30,2015-12-01,1.99,27.074235807860266
2015-12-01,2015-12-02,1.94,21.304347826086957
2015-12-02,2015-12-03,1.97,24.675324675324674
2015-12-03,2015-12-04,2.12,60.3448275862069
2015-12-04,2015-12-05,2.05,39.91416309012876
2015-12-07,2015-12-08,1.94,21.367521367521366
2015-12-08,2015-12-09,1.97,25.106382978723403
2015-12-09,2015-12-10,1.96,23.728813559322035
2015-12-10,2015-12-11,2.0,29.957805907172997
2015-12-11,2015-12-12,1.9,15.126050420168067
2015-12-14,2015-12-15,1.97,25.94142259414226
2015-12-15,2015-12-16,2.03,34.583333333333336
2015-12-16,2015-12-17,2.03,34.85477178423236
2015-12-17,2015-12-18,2.01,31.818181818181817
2015-12-18,2015-12-19,2.0,30.45267489711934
2015-12-21,2015-12-22,1.96,23.770491803278688
2015-12-22,2015-12-23,2.03,35.91836734693877
2015-12-23,2015-12-24,2.07,46.7479674796748
2015-12-24,2015-12-25,2.05,42.91497975708502
2015-12-28,2015-12-29,2.01,32.25806451612903
2015-12-29,2015-12-30,2.09,51.40562248995983
2015-12-30,2015-12-31,2.1,52.800000000000004
2015-12-31,2016-01-01,2.11,56.97211155378486
2016-01-04,2016-01-05,2.02,33.33333333333333
2016-01-05,2016-01-06,2.05,43.25396825396825
2016-01-06,2016-01-07,1.97,25.396825396825395
2016-01-07,2016-01-08,1.96,23.015873015873016
2016-01-08,2016-01-09,1.93,17.857142857142858
2016-01-11,2016-01-12,1.96,23.41269841269841
2016-01-12,2016-01-13,1.91,15.873015873015872
2016-01-13,2016-01-14,1.86,7.936507936507936
2016-01-14,2016-01-15,1.85,7.142857142857142
2016-01-15,2016-01-16,1.79,3.571428571428571
2016-01-19,2016-01-20,1.8,4.761904761904762
2016-01-20,2016-01-21,1.75,1.984126984126984
2016-01-21,2016-01-22,1.74,1.984126984126984
2016-01-22,2016-01-23,1.76,2.7777777777777777
2016-01-25,2016-01-26,1.72,1.5873015873015872
2016-01-26,2016-01-27,1.7,1.1904761904761905
2016-01-27,2016-01-28,1.7,1.5873015873015872
2016-01-28,2016-01-29,1.65,0.3968253968253968
2016-01-29,2016-01-30,1.61,0.3968253968253968
2016-02-01,2016-02-02,1.62,0.7936507936507936
2016-02-02,2016-02-03,1.53,0.3968253968253968
2016-02-03,2016-02-04,1.55,0.7936507936507936
2016-02-04,2016-02-05,1.58,1.1904761904761905
2016-02-05,2016-02-06,1.56,1.1904761904761905
2016-02-08,2016-02-09,1.43,0.3968253968253968
2016-02-09,2016-02-10,1.44,0.7936507936507936
2016-02-10,2016-02-11,1.4,0.3968253968253968
2016-02-11,2016-02-12,1.35,0.3968253968253968
2016-02-12,2016-02-13,1.44,1.984126984126984
2016-02-16,2016-02-17,1.48,2.380952380952381
2016-02-17,2016-02-18,1.51,2.7777777777777777
2016-02-18,2016-02-19,1.45,2.380952380952381
2016-02-19,2016-02-20,1.45,2.7777777777777777
2016-02-22,2016-02-23,1.44,2.380952380952381
2016-02-23,2016-02-24,1.42,1.1904761904761905
2016-02-24,2016-02-25,1.42,1.5873015873015872
2016-02-25,2016-02-26,1.39,0.7936507936507936
2016-02-26,2016-02-27,1.43,2.7777777777777777
2016-02-29,2016-03-01,1.41,1.5873015873015872
2016-03-01,2016-03-02,1.5,5.952380952380952
2016-03-02,2016-03-03,1.48,5.952380952380952
2016-03-03,2016-03-04,1.55,7.936507936507936
2016-03-04,2016-03-05,1.59,9.126984126984127
2016-03-07,2016-03-08,1.59,9.523809523809524
2016-03-08,2016-03-09,1.54,7.5396825396825395
2016-03-09,2016-03-10,1.6,10.317460317460316
2016-03-10,2016-03-11,1.61,11.11111111111111
2016-03-11,2016-03-12,1.65,12.3015873015873
2016-03-14,2016-03-15,1.63,11.904761904761903
2016-03-15,2016-03-16,1.63,12.3015873015873
2016-03-16,2016-03-17,1.63,12.698412698412698
2016-03-17,2016-03-18,1.62,11.904761904761903
2016-03-18,2016-03-19,1.58,9.523809523809524
2016-03-21,2016-03-22,1.61,11.904761904761903
2016-03-22,2016-03-23,1.64,14.285714285714285
2016-03-23,2016-03-24,1.58,9.920634920634921
2016-03-24,2016-03-25,1.61,12.698412698412698
2016-03-28,2016-03-29,1.6,11.507936507936508
2016-03-29,2016-03-30,1.58,10.317460317460316
2016-03-30,2016-03-31,1.63,15.873015873015872
2016-03-31,2016-04-01,1.57,9.126984126984127
2016-04-01,2016-04-02,1.56,9.126984126984127
2016-04-04,2016-04-05,1.55,8.73015873015873
2016-04-05,2016-04-06,1.5,6.746031746031746
2016-04-06,2016-04-07,1.53,7.936507936507936
2016-04-07,2016-04-08,1.47,5.555555555555555
2016-04-08,2016-04-09,1.49,6.746031746031746
2016-04-11,2016-04-12,1.5,7.936507936507936
2016-04-12,2016-04-13,1.57,12.3015873015873
2016-04-13,2016-04-14,1.54,9.920634920634921
2016-04-14,2016-04-15,1.58,14.682539682539684
2016-04-15,2016-04-16,1.54,10.317460317460316
2016-04-18,2016-04-19,1.56,12.698412698412698
2016-04-19,2016-04-20,1.58,15.873015873015872
2016-04-20,2016-04-21,1.62,20.238095238095237
2016-04-21,2016-04-22,1.65,23.41269841269841
2016-04-22,2016-04-23,1.66,23.809523809523807
2016-04-25,2016-04-26,1.66,24.206349206349206
2016-04-26,2016-04-27,1.7,25.396825396825395
2016-04-27,2016-04-28,1.63,22.22222222222222
2016-04-28,2016-04-29,1.62,20.634920634920633
2016-04-29,2016-04-30,1.61,19.444444444444446
2016-05-02,2016-05-03,1.66,25.793650793650798
2016-05-03,2016-05-04,1.6,17.857142857142858
2016-05-04,2016-05-05,1.6,18.253968253968253
2016-05-05,2016-05-06,1.56,13.095238095238097
2016-05-06,2016-05-07,1.6,19.047619047619047
2016-05-09,2016-05-10,1.53,9.523809523809524
2016-05-10,2016-05-11,1.53,9.920634920634921
2016-05-11,2016-05-12,1.47,5.952380952380952
2016-05-12,2016-05-13,1.48,7.142857142857142
2016-05-13,2016-05-14,1.42,2.7777777777777777
2016-05-16,2016-05-17,1.47,6.746031746031746
2016-05-17,2016-05-18,1.48,8.333333333333332
2016-05-18,2016-05-19,1.57,17.063492063492063
2016-05-19,2016-05-20,1.54,13.492063492063492
2016-05-20,2016-05-21,1.52,10.714285714285714
2016-05-23,2016-05-24,1.49,9.126984126984127
2016-05-24,2016-05-25,1.51,11.11111111111111
2016-05-25,2016-05-26,1.54,15.079365079365079
2016-05-26,2016-05-27,1.52,11.904761904761903
2016-05-27,2016-05-28,1.53,13.88888888888889
2016-05-31,2016-06-01,1.5,10.714285714285714
2016-06-01,2016-06-02,1.55,17.857142857142858
2016-06-02,2016-06-03,1.52,12.698412698412698
2016-06-03,2016-06-04,1.41,1.984126984126984
2016-06-06,2016-06-07,1.45,6.349206349206349
2016-06-07,2016-06-08,1.44,5.555555555555555
2016-06-08,2016-06-09,1.47,8.333333333333332
2016-06-09,2016-06-10,1.42,3.571428571428571
2016-06-10,2016-06-11,1.38,0.7936507936507936
2016-06-13,2016-06-14,1.35,0.7936507936507936
2016-06-14,2016-06-15,1.35,1.1904761904761905
2016-06-15,2016-06-16,1.34,0.3968253968253968
2016-06-16,2016-06-17,1.3,0.3968253968253968
2016-06-17,2016-06-18,1.35,2.380952380952381
2016-06-20,2016-06-21,1.39,3.571428571428571
2016-06-21,2016-06-22,1.44,9.126984126984127
2016-06-22,2016-06-23,1.42,6.746031746031746
2016-06-23,2016-06-24,1.43,7.936507936507936
2016-06-24,2016-06-25,1.3,0.7936507936507936
2016-06-27,2016-06-28,1.19,0.3968253968253968
2016-06-28,2016-06-29,1.2,0.7936507936507936
2016-06-29,2016-06-30,1.24,1.1904761904761905
2016-06-30,2016-07-01,1.23,1.1904761904761905
2016-07-01,2016-07-02,1.18,0.3968253968253968
2016-07-05,2016-07-06,1.09,0.3968253968253968
2016-07-06,2016-07-07,1.11,0.7936507936507936
2016-07-07,2016-07-08,1.11,1.1904761904761905
2016-07-08,2016-07-09,1.09,0.7936507936507936
2016-07-11,2016-07-12,1.12,1.984126984126984
2016-07-12,2016-07-13,1.24,4.365079365079365
2016-07-13,2016-07-14,1.17,2.380952380952381
2016-07-14,2016-07-15,1.21,3.968253968253968
2016-07-15,2016-07-16,1.28,5.555555555555555
2016-07-18,2016-07-19,1.27,5.555555555555555
2016-07-19,2016-07-20,1.25,5.555555555555555
2016-07-20,2016-07-21,1.27,6.349206349206349
2016-07-21,2016-07-22,1.25,5.952380952380952
2016-07-22,2016-07-23,1.24,5.555555555555555
2016-07-25,2016-07-26,1.26,6.746031746031746
2016-07-26,2016-07-27,1.26,7.142857142857142
2016-07-27,2016-07-28,1.21,4.365079365079365
2016-07-28,2016-07-29,1.27,8.73015873015873
2016-07-29,2016-07-30,1.18,3.1746031746031744
2016-08-01,2016-08-02,1.22,5.158730158730158
2016-08-02,2016-08-03,1.26,8.73015873015873
2016-08-03,2016-08-04,1.27,10.317460317460316
2016-08-04,2016-08-05,1.25,7.936507936507936
2016-08-05,2016-08-06,1.31,12.3015873015873
2016-08-08,2016-08-09,1.28,11.507936507936508
2016-08-09,2016-08-10,1.26,9.523809523809524
2016-08-10,2016-08-11,1.22,5.555555555555555
2016-08-11,2016-08-12,1.29,12.698412698412698
2016-08-12,2016-08-13,1.22,5.952380952380952
2016-08-15,2016-08-16,1.24,7.936507936507936
2016-08-16,2016-08-17,1.3,14.682539682539684
2016-08-17,2016-08-18,1.26,11.11111111111111
2016-08-18,2016-08-19,1.23,6.746031746031746
2016-08-19,2016-08-20,1.28,14.285714285714285
2016-08-22,2016-08-23,1.26,11.904761904761903
2016-08-23,2016-08-24,1.25,9.920634920634921
2016-08-24,2016-08-25,1.25,10.317460317460316
2016-08-25,2016-08-26,1.25,10.714285714285714
2016-08-26,2016-08-27,1.28,16.26984126984127
2016-08-29,2016-08-30,1.24,8.73015873015873
2016-08-30,2016-08-31,1.24,9.126984126984127
2016-08-31,2016-09-01,1.25,11.904761904761903
2016-09-01,2016-09-02,1.24,9.523809523809524
2016-09-02,2016-09-03,1.27,16.666666666666664
2016-09-06,2016-09-07,1.23,7.142857142857142
2016-09-07,2016-09-08,1.2,4.365079365079365
2016-09-08,2016-09-09,1.26,15.873015873015872
2016-09-09,2016-09-10,1.32,21.825396825396826
2016-09-12,2016-09-13,1.31,21.825396825396826
2016-09-13,2016-09-14,1.37,24.6031746031746
2016-09-14,2016-09-15,1.37,25.0
2016-09-15,2016-09-16,1.42,29.761904761904763
2016-09-16,2016-09-17,1.4,26.984126984126984
2016-09-19,2016-09-20,1.4,27.380952380952383
2016-09-20,2016-09-21,1.39,26.58730158730159
2016-09-21,2016-09-22,1.44,34.523809523809526
2016-09-22,2016-09-23,1.45,36.11111111111111
2016-09-23,2016-09-24,1.44,34.92063492063492
2016-09-26,2016-09-27,1.34,23.015873015873016
2016-09-27,2016-09-28,1.3,21.428571428571427
2016-09-28,2016-09-29,1.3,21.825396825396826
2016-09-29,2016-09-30,1.3,22.22222222222222
2016-09-30,2016-10-01,1.31,23.41269841269841
2016-10-03,2016-10-04,1.31,23.809523809523807
2016-10-04,2016-10-05,1.36,26.984126984126984
2016-10-05,2016-10-06,1.4,30.952380952380953
2016-10-06,2016-10-07,1.42,34.523809523809526
2016-10-07,2016-10-08,1.4,31.349206349206348
2016-10-11,2016-10-12,1.42,35.317460317460316
2016-10-12,2016-10-13,1.42,35.714285714285715
2016-10-13,2016-10-14,1.45,41.66666666666667
2016-10-14,2016-10-15,1.48,45.23809523809524
2016-10-17,2016-10-18,1.43,37.301587301587304
2016-10-18,2016-10-19,1.41,32.53968253968254
2016-10-19,2016-10-20,1.41,32.93650793650794
2016-10-20,2016-10-21,1.41,33.33333333333333
2016-10-21,2016-10-22,1.4,31.746031746031743
2016-10-24,2016-10-25,1.44,42.06349206349206
2016-10-25,2016-10-26,1.43,39.285714285714285
2016-10-26,2016-10-27,1.46,44.84126984126984
2016-10-27,2016-10-28,1.55,58.730158730158735
2016-10-28,2016-10-29,1.56,60.71428571428571
2016-10-31,2016-11-01,1.5,51.19047619047619
2016-11-01,2016-11-02,1.48,48.80952380952381
2016-11-02,2016-11-03,1.44,42.857142857142854
2016-11-03,2016-11-04,1.44,43.25396825396825
2016-11-04,2016-11-05,1.41,34.12698412698413
2016-11-07,2016-11-08,1.42,38.095238095238095
2016-11-08,2016-11-09,1.45,46.42857142857143
2016-11-09,2016-11-10,1.62,73.80952380952381
2016-11-10,2016-11-11,1.67,78.96825396825396
2016-11-14,2016-11-15,1.68,79.36507936507937
2016-11-15,2016-11-16,1.72,81.34920634920636
2016-11-16,2016-11-17,1.75,82.53968253968253
2016-11-17,2016-11-18,1.85,84.52380952380952
2016-11-18,2016-11-19,1.9,85.71428571428571
2016-11-21,2016-11-22,1.87,85.31746031746032
2016-11-22,2016-11-23,1.82,84.12698412698413
2016-11-23,2016-11-24,1.85,85.31746031746032
2016-11-25,2016-11-26,1.87,86.5079365079365
2016-11-28,2016-11-29,1.84,84.52380952380952
2016-11-29,2016-11-30,1.82,84.52380952380952
2016-11-30,2016-12-01,1.89,87.6984126984127
2016-12-01,2016-12-02,1.97,93.65079365079364
2016-12-02,2016-12-03,1.91,89.28571428571429
2016-12-05,2016-12-06,1.9,88.88888888888889
2016-12-06,2016-12-07,1.9,89.28571428571429
2016-12-07,2016-12-08,1.82,84.92063492063492
2016-12-08,2016-12-09,1.89,88.4920634920635
2016-12-09,2016-12-10,1.93,91.66666666666666
2016-12-12,2016-12-13,1.98,94.44444444444444
2016-12-13,2016-12-14,1.94,92.06349206349206
2016-12-14,2016-12-15,1.99,94.84126984126983
2016-12-15,2016-12-16,2.09,99.20634920634922
2016-12-16,2016-12-17,2.09,99.20634920634922
2016-12-19,2016-12-20,2.02,96.42857142857143
2016-12-20,2016-12-21,2.05,97.61904761904762
2016-12-21,2016-12-22,2.03,96.42857142857143
2016-12-22,2016-12-23,2.04,96.42857142857143
2016-12-23,2016-12-24,2.03,96.03174603174604
2016-12-27,2016-12-28,2.06,98.01587301587301
2016-12-28,2016-12-29,1.98,94.04761904761905
2016-12-29,2016-12-30,2.02,95.63492063492063
2016-12-30,2016-12-31,1.94,92.06349206349206
2017-01-03,2017-01-04,1.92,90.87301587301587
2017-01-04,2017-01-05,1.93,92.06349206349206
2017-01-05,2017-01-06,1.85,86.90476190476191
2017-01-06,2017-01-07,1.89,89.28571428571429
2017-01-09,2017-01-10,1.88,88.4920634920635
2017-01-10,2017-01-11,1.86,87.6984126984127
2017-01-11,2017-01-12,1.86,88.09523809523809
2017-01-12,2017-01-13,1.84,85.71428571428571
2017-01-13,2017-01-14,1.87,89.68253968253968
2017-01-17,2017-01-18,1.78,83.33333333333334
2017-01-18,2017-01-19,1.89,91.26984126984127
2017-01-19,2017-01-20,1.95,94.84126984126983
2017-01-20,2017-01-21,1.98,96.03174603174604
2017-01-23,2017-01-24,1.9,91.66666666666666
2017-01-24,2017-01-25,1.96,94.44444444444444
2017-01-25,2017-01-26,2.03,98.01587301587301
2017-01-26,2017-01-27,2.0,96.03174603174604
2017-01-27,2017-01-28,1.97,94.04761904761905
2017-01-30,2017-01-31,1.98,95.23809523809523
2017-01-31,2017-02-01,1.93,91.26984126984127
2017-02-01,2017-02-02,1.97,93.65079365079364
2017-02-02,2017-02-03,1.96,92.46031746031747
2017-02-03,2017-02-04,1.98,95.23809523809523
2017-02-06,2017-02-07,1.89,86.5079365079365
2017-02-07,2017-02-08,1.87,84.12698412698413
2017-02-08,2017-02-09,1.8,78.57142857142857
2017-02-09,2017-02-10,1.86,82.53968253968253
2017-02-10,2017-02-11,1.86,82.53968253968253
2017-02-13,2017-02-14,1.91,88.4920634920635
2017-02-14,2017-02-15,1.93,90.07936507936508
2017-02-15,2017-02-16,1.97,93.25396825396825
2017-02-16,2017-02-17,1.92,88.09523809523809
2017-02-17,2017-02-18,1.89,84.92063492063492
2017-02-21,2017-02-22,1.9,86.5079365079365
2017-02-22,2017-02-23,1.9,86.5079365079365
2017-02-23,2017-02-24,1.87,81.34920634920636
2017-02-24,2017-02-25,1.79,74.20634920634922
2017-02-27,2017-02-28,1.86,79.36507936507937
2017-02-28,2017-03-01,1.83,75.39682539682539
2017-03-01,2017-03-02,1.83,75.39682539682539
2017-03-02,2017-03-03,1.82,74.60317460317461
2017-03-03,2017-03-04,1.78,72.22222222222221
2017-03-06,2017-03-07,1.75,71.42857142857143
2017-03-07,2017-03-08,1.76,71.42857142857143
2017-03-08,2017-03-09,1.84,76.19047619047619
2017-03-09,2017-03-10,1.87,81.34920634920636
2017-03-10,2017-03-11,1.83,74.60317460317461
2017-03-13,2017-03-14,1.83,74.60317460317461
2017-03-14,2017-03-15,1.82,73.01587301587301
2017-03-15,2017-03-16,1.78,70.23809523809523
2017-03-16,2017-03-17,1.8,71.03174603174604
2017-03-17,2017-03-18,1.77,68.65079365079364
2017-03-20,2017-03-21,1.71,66.66666666666666
2017-03-21,2017-03-22,1.66,65.07936507936508
2017-03-22,2017-03-23,1.63,62.698412698412696
2017-03-23,2017-03-24,1.65,63.49206349206349
2017-03-24,2017-03-25,1.62,61.50793650793651
2017-03-27,2017-03-28,1.6,59.12698412698413
2017-03-28,2017-03-29,1.64,62.698412698412696
2017-03-29,2017-03-30,1.61,59.523809523809526
2017-03-30,2017-03-31,1.64,62.698412698412696
2017-03-31,2017-04-01,1.64,62.698412698412696
2017-04-03,2017-04-04,1.56,55.158730158730165
2017-04-04,2017-04-05,1.57,55.952380952380956
2017-04-05,2017-04-06,1.54,52.38095238095239
2017-04-06,2017-04-07,1.55,53.17460317460318
2017-04-07,2017-04-08,1.56,54.761904761904766
2017-04-10,2017-04-11,1.55,52.77777777777778
2017-04-11,2017-04-12,1.5,46.42857142857143
2017-04-12,2017-04-13,1.47,43.25396825396825
2017-04-13,2017-04-14,1.43,37.301587301587304
2017-04-17,2017-04-18,1.43,37.698412698412696
2017-04-18,2017-04-19,1.36,26.984126984126984
2017-04-19,2017-04-20,1.4,31.349206349206348
2017-04-20,2017-04-21,1.45,43.25396825396825
2017-04-21,2017-04-22,1.45,43.65079365079365
2017-04-24,2017-04-25,1.47,46.03174603174603
2017-04-25,2017-04-26,1.53,52.38095238095239
2017-04-26,2017-04-27,1.49,48.41269841269841
2017-04-27,2017-04-28,1.49,48.80952380952381
2017-04-28,2017-04-29,1.49,49.2063492063492
2017-05-01,2017-05-02,1.5,50.79365079365079
2017-05-02,2017-05-03,1.47,46.42857142857143
2017-05-03,2017-05-04,1.48,48.41269841269841
2017-05-04,2017-05-05,1.5,51.98412698412699
2017-05-05,2017-05-06,1.46,44.44444444444444
2017-05-08,2017-05-09,1.48,49.2063492063492
2017-05-09,2017-05-10,1.51,53.57142857142857
2017-05-10,2017-05-11,1.51,53.96825396825397
2017-05-11,2017-05-12,1.5,53.17460317460318
2017-05-12,2017-05-13,1.45,44.047619047619044
2017-05-15,2017-05-16,1.44,41.66666666666667
2017-05-16,2017-05-17,1.43,38.88888888888889
2017-05-17,2017-05-18,1.32,24.6031746031746
2017-05-18,2017-05-19,1.3,22.61904761904762
2017-05-19,2017-05-20,1.31,24.6031746031746
2017-05-22,2017-05-23,1.32,25.793650793650798
2017-05-23,2017-05-24,1.37,29.761904761904763
2017-05-24,2017-05-25,1.33,26.190476190476193
2017-05-25,2017-05-26,1.31,25.0
2017-05-26,2017-05-27,1.31,25.396825396825395
2017-05-30,2017-05-31,1.28,19.841269841269842
2017-05-31,2017-06-01,1.23,7.936507936507936
2017-06-01,2017-06-02,1.23,8.333333333333332
2017-06-02,2017-06-03,1.17,2.7777777777777777
2017-06-05,2017-06-06,1.22,7.142857142857142
2017-06-06,2017-06-07,1.17,3.1746031746031744
2017-06-07,2017-06-08,1.18,4.365079365079365
2017-06-08,2017-06-09,1.18,4.761904761904762
2017-06-09,2017-06-10,1.2,6.349206349206349
2017-06-12,2017-06-13,1.23,11.11111111111111
2017-06-13,2017-06-14,1.21,7.5396825396825395
2017-06-14,2017-06-15,1.14,2.380952380952381
2017-06-15,2017-06-16,1.14,2.7777777777777777
2017-06-16,2017-06-17,1.13,2.380952380952381
2017-06-19,2017-06-20,1.17,4.761904761904762
2017-06-20,2017-06-21,1.15,3.571428571428571
2017-06-21,2017-06-22,1.17,5.555555555555555
2017-06-22,2017-06-23,1.19,7.936507936507936
2017-06-23,2017-06-24,1.18,7.5396825396825395
2017-06-26,2017-06-27,1.15,3.968253968253968
2017-06-27,2017-06-28,1.21,11.507936507936508
2017-06-28,2017-06-29,1.2,10.317460317460316
2017-06-29,2017-06-30,1.23,15.873015873015872
2017-06-30,2017-07-01,1.28,28.174603174603174
2017-07-03,2017-07-04,1.29,28.57142857142857
2017-07-05,2017-07-06,1.28,27.77777777777778
2017-07-06,2017-07-07,1.33,34.92063492063492
2017-07-07,2017-07-08,1.34,35.317460317460316
2017-07-10,2017-07-11,1.34,35.317460317460316
2017-07-11,2017-07-12,1.32,33.33333333333333
2017-07-12,2017-07-13,1.28,26.190476190476193
2017-07-13,2017-07-14,1.3,28.968253968253972
2017-07-14,2017-07-15,1.29,26.58730158730159
2017-07-17,2017-07-18,1.24,14.682539682539684
2017-07-18,2017-07-19,1.2,7.142857142857142
2017-07-19,2017-07-20,1.16,2.380952380952381
2017-07-20,2017-07-21,1.12,0.3968253968253968
2017-07-21,2017-07-22,1.08,0.3968253968253968
2017-07-24,2017-07-25,1.09,0.7936507936507936
2017-07-25,2017-07-26,1.15,3.571428571428571
2017-07-26,2017-07-27,1.16,4.365079365079365
2017-07-27,2017-07-28,1.21,11.11111111111111
2017-07-28,2017-07-29,1.22,13.095238095238097
2017-07-31,2017-08-01,1.23,15.476190476190476
2017-08-01,2017-08-02,1.18,7.936507936507936
2017-08-02,2017-08-03,1.19,8.333333333333332
2017-08-03,2017-08-04,1.16,4.761904761904762
2017-08-04,2017-08-05,1.19,9.126984126984127
2017-08-07,2017-08-08,1.24,18.650793650793652
2017-08-08,2017-08-09,1.23,16.666666666666664
2017-08-09,2017-08-10,1.18,8.333333333333332
2017-08-10,2017-08-11,1.15,3.968253968253968
2017-08-11,2017-08-12,1.16,5.555555555555555
2017-08-14,2017-08-15,1.2,12.3015873015873
2017-08-15,2017-08-16,1.23,18.253968253968253
2017-08-16,2017-08-17,1.21,13.88888888888889
2017-08-17,2017-08-18,1.19,10.714285714285714
2017-08-18,2017-08-19,1.17,7.5396825396825395
2017-08-21,2017-08-22,1.18,9.920634920634921
2017-08-22,2017-08-23,1.22,16.26984126984127
2017-08-23,2017-08-24,1.17,7.936507936507936
2017-08-24,2017-08-25,1.17,8.333333333333332
2017-08-25,2017-08-26,1.14,2.7777777777777777
2017-08-28,2017-08-29,1.18,11.507936507936508
2017-08-29,2017-08-30,1.1,1.1904761904761905
2017-08-30,2017-08-31,1.12,1.984126984126984
2017-08-31,2017-09-01,1.11,1.5873015873015872
2017-09-01,2017-09-02,1.14,4.365079365079365
2017-09-05,2017-09-06,1.04,0.3968253968253968
2017-09-06,2017-09-07,1.03,0.3968253968253968
2017-09-07,2017-09-08,1.0,0.3968253968253968
2017-09-08,2017-09-09,1.02,0.7936507936507936
2017-09-11,2017-09-12,1.09,2.7777777777777777
2017-09-12,2017-09-13,1.14,6.746031746031746
2017-09-13,2017-09-14,1.16,10.317460317460316
2017-09-14,2017-09-15,1.15,8.73015873015873
2017-09-15,2017-09-16,1.15,9.126984126984127
2017-09-18,2017-09-19,1.18,17.063492063492063
2017-09-19,2017-09-20,1.2,20.634920634920633
2017-09-20,2017-09-21,1.24,27.380952380952383
2017-09-21,2017-09-22,1.23,26.58730158730159
2017-09-22,2017-09-23,1.23,26.984126984126984
2017-09-25,2017-09-26,1.17,14.285714285714285
2017-09-26,2017-09-27,1.18,17.857142857142858
2017-09-27,2017-09-28,1.24,29.365079365079367
2017-09-28,2017-09-29,1.25,29.761904761904763
2017-09-29,2017-09-30,1.27,30.158730158730158
2017-10-02,2017-10-03,1.33,38.095238095238095
2017-10-03,2017-10-04,1.26,30.158730158730158
2017-10-04,2017-10-05,1.25,30.158730158730158
2017-10-05,2017-10-06,1.28,32.93650793650794
2017-10-06,2017-10-07,1.3,34.92063492063492
2017-10-10,2017-10-11,1.27,31.349206349206348
2017-10-11,2017-10-12,1.25,30.555555555555557
2017-10-12,2017-10-13,1.24,29.761904761904763
2017-10-13,2017-10-14,1.19,19.841269841269842
2017-10-16,2017-10-17,1.2,22.22222222222222
2017-10-17,2017-10-18,1.21,24.206349206349206
2017-10-18,2017-10-19,1.25,32.53968253968254
2017-10-19,2017-10-20,1.23,29.365079365079367
2017-10-20,2017-10-21,1.28,36.507936507936506
2017-10-23,2017-10-24,1.29,37.698412698412696
2017-10-24,2017-10-25,1.3,39.285714285714285
2017-10-25,2017-10-26,1.32,42.06349206349206
2017-10-26,2017-10-27,1.35,44.44444444444444
2017-10-27,2017-10-28,1.32,42.46031746031746
2017-10-30,2017-10-31,1.25,33.33333333333333
2017-10-31,2017-11-01,1.23,29.761904761904763
2017-11-01,2017-11-02,1.19,20.238095238095237
2017-11-02,2017-11-03,1.18,18.253968253968253
2017-11-03,2017-11-04,1.16,11.507936507936508
2017-11-06,2017-11-07,1.13,5.158730158730158
2017-11-07,2017-11-08,1.1,3.571428571428571
2017-11-08,2017-11-09,1.09,3.1746031746031744
2017-11-09,2017-11-10,1.09,3.571428571428571
2017-11-10,2017-11-11,1.17,16.666666666666664
2017-11-13,2017-11-14,1.16,13.492063492063492
2017-11-14,2017-11-15,1.12,5.952380952380952
2017-11-15,2017-11-16,1.08,2.380952380952381
2017-11-16,2017-11-17,1.1,5.158730158730158
2017-11-17,2017-11-18,1.06,1.984126984126984
2017-11-20,2017-11-21,1.07,2.380952380952381
2017-11-21,2017-11-22,1.06,2.380952380952381
2017-11-22,2017-11-23,1.03,1.5873015873015872
2017-11-24,2017-11-25,1.05,2.380952380952381
2017-11-27,2017-11-28,1.05,2.7777777777777777
2017-11-28,2017-11-29,1.04,2.380952380952381
2017-11-29,2017-11-30,1.08,5.555555555555555
2017-11-30,2017-12-01,1.15,15.476190476190476
2017-12-01,2017-12-02,1.1,8.73015873015873
2017-12-04,2017-12-05,1.08,5.952380952380952
2017-12-05,2017-12-06,1.06,4.365079365079365
2017-12-06,2017-12-07,1.03,1.984126984126984
2017-12-07,2017-12-08,1.08,7.142857142857142
2017-12-08,2017-12-09,1.1,10.714285714285714
2017-12-11,2017-12-12,1.06,5.158730158730158
2017-12-12,2017-12-13,1.06,5.555555555555555
2017-12-13,2017-12-14,1.06,5.952380952380952
2017-12-14,2017-12-15,1.03,2.380952380952381
2017-12-15,2017-12-16,1.04,3.571428571428571
2017-12-18,2017-12-19,1.01,0.7936507936507936
2017-12-19,2017-12-20,1.09,11.507936507936508
2017-12-20,2017-12-21,1.11,14.285714285714285
2017-12-21,2017-12-22,1.13,16.666666666666664
2017-12-22,2017-12-23,1.15,21.825396825396826
2017-12-26,2017-12-27,1.0,0.7936507936507936
2017-12-27,2017-12-28,0.98,0.3968253968253968
2017-12-28,2017-12-29,1.04,5.158730158730158
2017-12-29,2017-12-30,1.01,1.984126984126984
2018-01-02,2018-01-03,1.02,2.7777777777777777
2018-01-03,2018-01-04,1.03,4.761904761904762
2018-01-04,2018-01-05,1.05,7.5396825396825395
2018-01-05,2018-01-06,1.08,12.698412698412698
2018-01-08,2018-01-09,1.04,6.746031746031746
2018-01-09,2018-01-10,1.11,18.253968253968253
2018-01-10,2018-01-11,1.13,21.03174603174603
2018-01-11,2018-01-12,1.11,18.650793650793652
2018-01-12,2018-01-13,1.12,20.238095238095237
2018-01-16,2018-01-17,1.09,15.476190476190476
2018-01-17,2018-01-18,1.13,22.61904761904762
2018-01-18,2018-01-19,1.17,34.523809523809526
2018-01-19,2018-01-20,1.2,43.65079365079365
2018-01-22,2018-01-23,1.22,47.22222222222222
2018-01-23,2018-01-24,1.19,41.269841269841265
2018-01-24,2018-01-25,1.22,48.01587301587302
2018-01-25,2018-01-26,1.21,46.42857142857143
2018-01-26,2018-01-27,1.25,57.14285714285714
2018-01-29,2018-01-30,1.26,57.936507936507944
2018-01-30,2018-01-31,1.29,62.698412698412696
2018-01-31,2018-02-01,1.26,58.333333333333336
2018-02-01,2018-02-02,1.3,65.07936507936508
2018-02-02,2018-02-03,1.36,71.42857142857143
2018-02-05,2018-02-06,1.26,58.730158730158735
2018-02-06,2018-02-07,1.27,59.92063492063492
2018-02-07,2018-02-08,1.29,64.28571428571429
2018-02-08,2018-02-09,1.3,66.66666666666666
2018-02-09,2018-02-10,1.28,62.698412698412696
2018-02-12,2018-02-13,1.24,55.158730158730165
2018-02-13,2018-02-14,1.24,55.55555555555556
2018-02-14,2018-02-15,1.33,72.61904761904762
2018-02-15,2018-02-16,1.32,71.42857142857143
2018-02-16,2018-02-17,1.25,58.333333333333336
2018-02-20,2018-02-21,1.22,48.80952380952381
2018-02-21,2018-02-22,1.3,69.04761904761905
2018-02-22,2018-02-23,1.29,66.66666666666666
2018-02-23,2018-02-24,1.24,56.34920634920635
2018-02-26,2018-02-27,1.2,44.44444444444444
2018-02-27,2018-02-28,1.24,57.14285714285714
2018-02-28,2018-03-01,1.22,49.60317460317461
2018-03-01,2018-03-02,1.18,38.88888888888889
2018-03-02,2018-03-03,1.21,47.61904761904761
2018-03-05,2018-03-06,1.18,39.285714285714285
2018-03-06,2018-03-07,1.2,45.63492063492063
2018-03-07,2018-03-08,1.21,48.80952380952381
2018-03-08,2018-03-09,1.19,42.46031746031746
2018-03-09,2018-03-10,1.23,56.74603174603175
2018-03-12,2018-03-13,1.16,30.952380952380953
2018-03-13,2018-03-14,1.11,19.444444444444446
2018-03-14,2018-03-15,1.05,8.333333333333332
2018-03-15,2018-03-16,1.05,8.73015873015873
2018-03-16,2018-03-17,1.07,11.904761904761903
2018-03-19,2018-03-20,1.05,9.126984126984127
2018-03-20,2018-03-21,1.08,15.079365079365079
2018-03-21,2018-03-22,1.15,30.555555555555557
2018-03-22,2018-03-23,1.11,21.825396825396826
2018-03-23,2018-03-24,1.08,15.476190476190476
2018-03-26,2018-03-27,1.06,11.904761904761903
2018-03-27,2018-03-28,1.01,2.380952380952381
2018-03-28,2018-03-29,1.04,7.5396825396825395
2018-03-29,2018-03-30,1.01,2.7777777777777777
2018-04-02,2018-04-03,0.96,0.3968253968253968
2018-04-03,2018-04-04,1.04,8.73015873015873
2018-04-04,2018-04-05,1.08,18.253968253968253
2018-04-05,2018-04-06,1.11,25.396825396825395
2018-04-06,2018-04-07,1.04,9.126984126984127
2018-04-09,2018-04-10,1.02,4.365079365079365
2018-04-10,2018-04-11,1.06,15.079365079365079
2018-04-11,2018-04-12,1.06,15.476190476190476
2018-04-12,2018-04-13,1.08,20.238095238095237
2018-04-13,2018-04-14,1.06,15.873015873015872
2018-04-16,2018-04-17,1.04,9.920634920634921
2018-04-17,2018-04-18,1.02,4.761904761904762
2018-04-18,2018-04-19,1.06,17.063492063492063
2018-04-19,2018-04-20,1.1,26.58730158730159
2018-04-20,2018-04-21,1.15,38.88888888888889
2018-04-23,2018-04-24,1.11,29.761904761904763
2018-04-24,2018-04-25,1.13,33.730158730158735
2018-04-25,2018-04-26,1.18,51.98412698412699
2018-04-26,2018-04-27,1.18,52.38095238095239
2018-04-27,2018-04-28,1.14,36.11111111111111
2018-04-30,2018-05-01,1.08,22.22222222222222
2018-05-01,2018-05-02,1.12,32.142857142857146
2018-05-02,2018-05-03,1.13,34.92063492063492
2018-05-03,2018-05-04,1.1,27.380952380952383
2018-05-04,2018-05-05,1.11,30.952380952380953
2018-05-07,2018-05-08,1.09,25.0
2018-05-08,2018-05-09,1.1,28.174603174603174
2018-05-09,2018-05-10,1.12,34.12698412698413
2018-05-10,2018-05-11,1.07,18.253968253968253
2018-05-11,2018-05-12,1.05,13.095238095238097
2018-05-14,2018-05-15,1.07,19.047619047619047
2018-05-15,2018-05-16,1.16,48.01587301587302
2018-05-16,2018-05-17,1.17,52.38095238095239
2018-05-17,2018-05-18,1.19,61.50793650793651
2018-05-18,2018-05-19,1.15,44.84126984126984
2018-05-21,2018-05-22,1.13,38.492063492063494
2018-05-22,2018-05-23,1.13,38.88888888888889
2018-05-23,2018-05-24,1.09,26.58730158730159
2018-05-24,2018-05-25,1.07,19.444444444444446
2018-05-25,2018-05-26,1.03,7.142857142857142
2018-05-29,2018-05-30,0.84,0.3968253968253968
2018-05-30,2018-05-31,0.9,0.7936507936507936
2018-05-31,2018-06-01,0.9,1.1904761904761905
2018-06-01,2018-06-02,0.97,1.984126984126984
2018-06-04,2018-06-05,1.0,3.571428571428571
2018-06-05,2018-06-06,0.98,2.7777777777777777
2018-06-06,2018-06-07,1.02,7.5396825396825395
2018-06-07,2018-06-08,0.99,3.1746031746031744
2018-06-08,2018-06-09,1.0,4.761904761904762
2018-06-11,2018-06-12,1.02,8.73015873015873
2018-06-12,2018-06-13,1.04,15.079365079365079
2018-06-13,2018-06-14,1.04,15.476190476190476
2018-06-14,2018-06-15,1.0,5.158730158730158
2018-06-15,2018-06-16,0.99,3.571428571428571
2018-06-18,2018-06-19,0.98,3.1746031746031744
2018-06-19,2018-06-20,0.95,1.5873015873015872
2018-06-20,2018-06-21,0.99,4.761904761904762
2018-06-21,2018-06-22,0.96,2.380952380952381
2018-06-22,2018-06-23,0.97,3.1746031746031744
2018-06-25,2018-06-26,0.94,1.5873015873015872
2018-06-26,2018-06-27,0.95,2.380952380952381
2018-06-27,2018-06-28,0.9,1.5873015873015872
2018-06-28,2018-06-29,0.91,1.984126984126984
2018-06-29,2018-06-30,0.92,2.380952380952381
2018-07-02,2018-07-03,0.89,0.7936507936507936
2018-07-03,2018-07-04,0.85,0.7936507936507936
2018-07-05,2018-07-06,0.88,1.1904761904761905
2018-07-06,2018-07-07,0.85,1.1904761904761905
2018-07-09,2018-07-10,0.88,1.984126984126984
2018-07-10,2018-07-11,0.88,2.380952380952381
2018-07-11,2018-07-12,0.88,2.7777777777777777
2018-07-12,2018-07-13,0.87,1.5873015873015872
2018-07-13,2018-07-14,0.85,1.5873015873015872
2018-07-16,2018-07-17,0.84,0.7936507936507936
2018-07-17,2018-07-18,0.84,1.1904761904761905
2018-07-18,2018-07-19,0.88,4.761904761904762
2018-07-19,2018-07-20,0.84,1.5873015873015872
2018-07-20,2018-07-21,0.9,7.142857142857142
2018-07-23,2018-07-24,0.97,11.11111111111111
2018-07-24,2018-07-25,0.93,8.333333333333332
2018-07-25,2018-07-26,0.93,8.73015873015873
2018-07-26,2018-07-27,0.99,14.682539682539684
2018-07-27,2018-07-28,0.96,11.11111111111111
2018-07-30,2018-07-31,0.94,9.523809523809524
2018-07-31,2018-08-01,0.93,9.126984126984127
2018-08-01,2018-08-02,0.97,13.492063492063492
2018-08-02,2018-08-03,0.96,12.3015873015873
2018-08-03,2018-08-04,0.94,10.317460317460316
2018-08-06,2018-08-07,0.89,5.952380952380952
2018-08-07,2018-08-08,0.92,8.73015873015873
2018-08-08,2018-08-09,0.9,7.936507936507936
2018-08-09,2018-08-10,0.87,3.571428571428571
2018-08-10,2018-08-11,0.82,0.3968253968253968
2018-08-13,2018-08-14,0.82,0.7936507936507936
2018-08-14,2018-08-15,0.81,0.3968253968253968
2018-08-15,2018-08-16,0.79,0.3968253968253968
2018-08-16,2018-08-17,0.8,0.7936507936507936
2018-08-17,2018-08-18,0.82,2.380952380952381
2018-08-20,2018-08-21,0.76,0.3968253968253968
2018-08-21,2018-08-22,0.77,0.7936507936507936
2018-08-22,2018-08-23,0.73,0.3968253968253968
2018-08-23,2018-08-24,0.74,0.7936507936507936
2018-08-24,2018-08-25,0.73,0.7936507936507936
2018-08-27,2018-08-28,0.73,1.1904761904761905
2018-08-28,2018-08-29,0.75,1.984126984126984
2018-08-29,2018-08-30,0.76,2.7777777777777777
2018-08-30,2018-08-31,0.75,2.380952380952381
2018-08-31,2018-09-01,0.75,2.7777777777777777
2018-09-04,2018-09-05,0.77,4.365079365079365
2018-09-05,2018-09-06,0.76,3.968253968253968
2018-09-06,2018-09-07,0.75,3.1746031746031744
2018-09-07,2018-09-08,0.8,6.349206349206349
2018-09-10,2018-09-11,0.8,6.746031746031746
2018-09-11,2018-09-12,0.83,8.73015873015873
2018-09-12,2018-09-13,0.81,7.5396825396825395
2018-09-13,2018-09-14,0.82,9.126984126984127
2018-09-14,2018-09-15,0.83,9.920634920634921
2018-09-17,2018-09-18,0.83,10.317460317460316
2018-09-18,2018-09-19,0.88,16.26984126984127
2018-09-19,2018-09-20,0.92,20.634920634920633
2018-09-20,2018-09-21,0.9,19.444444444444446
2018-09-21,2018-09-22,0.89,17.46031746031746
2018-09-24,2018-09-25,0.86,13.492063492063492
2018-09-25,2018-09-26,0.89,18.253968253968253
2018-09-26,2018-09-27,0.86,13.88888888888889
2018-09-27,2018-09-28,0.88,17.46031746031746
2018-09-28,2018-09-29,0.86,14.285714285714285
2018-10-01,2018-10-02,0.86,14.682539682539684
2018-10-02,2018-10-03,0.82,9.523809523809524
2018-10-03,2018-10-04,0.92,24.6031746031746
2018-10-04,2018-10-05,0.97,31.349206349206348
2018-10-05,2018-10-06,1.0,36.11111111111111
2018-10-09,2018-10-10,0.96,29.761904761904763
2018-10-10,2018-10-11,0.95,28.174603174603174
2018-10-11,2018-10-12,0.87,16.26984126984127
2018-10-12,2018-10-13,0.87,16.666666666666664
2018-10-15,2018-10-16,0.85,13.88888888888889
2018-10-16,2018-10-17,0.86,15.873015873015872
2018-10-17,2018-10-18,0.88,20.634920634920633
2018-10-18,2018-10-19,0.85,14.285714285714285
2018-10-19,2018-10-20,0.89,23.015873015873016
2018-10-22,2018-10-23,0.86,16.666666666666664
2018-10-23,2018-10-24,0.84,12.698412698412698
2018-10-24,2018-10-25,0.76,4.761904761904762
2018-10-25,2018-10-26,0.8,7.5396825396825395
2018-10-26,2018-10-27,0.75,3.571428571428571
2018-10-29,2018-10-30,0.74,1.984126984126984
2018-10-30,2018-10-31,0.79,7.142857142857142
2018-10-31,2018-11-01,0.81,9.920634920634921
2018-11-01,2018-11-02,0.82,12.3015873015873
2018-11-02,2018-11-03,0.89,26.984126984126984
2018-11-05,2018-11-06,0.84,15.873015873015872
2018-11-06,2018-11-07,0.87,22.22222222222222
2018-11-07,2018-11-08,0.85,18.253968253968253
2018-11-08,2018-11-09,0.89,28.57142857142857
2018-11-09,2018-11-10,0.83,13.88888888888889
2018-11-13,2018-11-14,0.76,5.952380952380952
2018-11-14,2018-11-15,0.74,2.380952380952381
2018-11-15,2018-11-16,0.74,2.7777777777777777
2018-11-16,2018-11-17,0.72,0.3968253968253968
2018-11-19,2018-11-20,0.68,0.3968253968253968
2018-11-20,2018-11-21,0.67,0.3968253968253968
2018-11-21,2018-11-22,0.65,0.3968253968253968
2018-11-23,2018-11-24,0.64,0.3968253968253968
2018-11-26,2018-11-27,0.66,1.1904761904761905
2018-11-27,2018-11-28,0.65,1.1904761904761905
2018-11-28,2018-11-29,0.66,1.984126984126984
2018-11-29,2018-11-30,0.66,2.380952380952381
2018-11-30,2018-12-01,0.64,0.7936507936507936
2018-12-03,2018-12-04,0.6,0.3968253968253968
2018-12-04,2018-12-05,0.49,0.3968253968253968
2018-12-06,2018-12-07,0.46,0.3968253968253968
2018-12-07,2018-12-08,0.45,0.3968253968253968
2018-12-10,2018-12-11,0.44,0.3968253968253968
2018-12-11,2018-12-12,0.48,1.5873015873015872
2018-12-12,2018-12-13,0.48,1.984126984126984
2018-12-13,2018-12-14,0.48,2.380952380952381
2018-12-14,2018-12-15,0.47,1.5873015873015872
2018-12-17,2018-12-18,0.46,1.5873015873015872
2018-12-18,2018-12-19,0.43,0.3968253968253968
2018-12-19,2018-12-20,0.37,0.3968253968253968
2018-12-20,2018-12-21,0.4,0.7936507936507936
2018-12-21,2018-12-22,0.4,1.1904761904761905
2018-12-24,2018-12-25,0.29,0.3968253968253968
2018-12-26,2018-12-27,0.37,1.1904761904761905
2018-12-27,2018-12-28,0.36,0.7936507936507936
2018-12-28,2018-12-29,0.32,0.7936507936507936
2018-12-31,2019-01-01,0.24,0.3968253968253968
2019-01-02,2019-01-03,0.24,0.7936507936507936
2019-01-03,2019-01-04,0.15,0.3968253968253968
2019-01-04,2019-01-05,0.25,1.5873015873015872
2019-01-07,2019-01-08,0.25,1.984126984126984
2019-01-08,2019-01-09,0.27,2.380952380952381
2019-01-09,2019-01-10,0.29,3.1746031746031744
2019-01-10,2019-01-11,0.31,3.571428571428571
2019-01-11,2019-01-12,0.28,2.7777777777777777
2019-01-14,2019-01-15,0.26,2.380952380952381
2019-01-15,2019-01-16,0.27,3.1746031746031744
2019-01-16,2019-01-17,0.3,4.761904761904762
2019-01-17,2019-01-18,0.33,5.952380952380952
2019-01-18,2019-01-19,0.38,7.5396825396825395
2019-01-22,2019-01-23,0.31,5.555555555555555
2019-01-23,2019-01-24,0.35,6.746031746031746
2019-01-24,2019-01-25,0.35,7.142857142857142
2019-01-25,2019-01-26,0.37,8.73015873015873
2019-01-28,2019-01-29,0.33,6.746031746031746
2019-01-29,2019-01-30,0.3,5.158730158730158
2019-01-30,2019-01-31,0.28,3.968253968253968
2019-01-31,2019-02-01,0.22,0.7936507936507936
2019-02-01,2019-02-02,0.3,6.349206349206349
2019-02-04,2019-02-05,0.31,7.5396825396825395
2019-02-05,2019-02-06,0.29,5.555555555555555
2019-02-06,2019-02-07,0.28,4.761904761904762
2019-02-07,2019-02-08,0.23,1.1904761904761905
2019-02-08,2019-02-09,0.2,0.7936507936507936
2019-02-11,2019-02-12,0.2,1.1904761904761905
2019-02-12,2019-02-13,0.25,3.968253968253968
2019-02-13,2019-02-14,0.27,5.555555555555555
2019-02-14,2019-02-15,0.23,2.380952380952381
2019-02-15,2019-02-16,0.23,2.7777777777777777
2019-02-19,2019-02-20,0.2,1.5873015873015872
2019-02-20,2019-02-21,0.2,1.984126984126984
2019-02-21,2019-02-22,0.24,4.761904761904762
2019-02-22,2019-02-23,0.19,0.7936507936507936
2019-02-25,2019-02-26,0.2,2.7777777777777777
2019-02-26,2019-02-27,0.19,1.1904761904761905
2019-02-27,2019-02-28,0.24,6.349206349206349
2019-02-28,2019-03-01,0.28,10.714285714285714
2019-03-01,2019-03-02,0.32,15.079365079365079
2019-03-04,2019-03-05,0.26,8.333333333333332
2019-03-05,2019-03-06,0.26,8.73015873015873
2019-03-06,2019-03-07,0.22,3.968253968253968
2019-03-07,2019-03-08,0.19,1.5873015873015872
2019-03-08,2019-03-09,0.16,0.7936507936507936
2019-03-11,2019-03-12,0.18,1.1904761904761905
2019-03-12,2019-03-13,0.15,0.7936507936507936
2019-03-13,2019-03-14,0.16,1.5873015873015872
2019-03-14,2019-03-15,0.18,2.380952380952381
2019-03-15,2019-03-16,0.14,0.3968253968253968
2019-03-18,2019-03-19,0.16,2.380952380952381
2019-03-19,2019-03-20,0.15,1.5873015873015872
2019-03-20,2019-03-21,0.06,0.3968253968253968
2019-03-21,2019-03-22,0.05,0.3968253968253968
2019-03-22,2019-03-23,-0.02,0.3968253968253968
2019-03-25,2019-03-26,-0.03,0.3968253968253968
2019-03-26,2019-03-27,-0.05,0.3968253968253968
2019-03-27,2019-03-28,-0.05,0.7936507936507936
2019-03-28,2019-03-29,-0.04,1.1904761904761905
2019-03-29,2019-03-30,0.01,2.380952380952381
2019-04-01,2019-04-02,0.06,3.571428571428571
2019-04-02,2019-04-03,0.06,3.968253968253968
2019-04-03,2019-04-04,0.08,4.365079365079365
2019-04-04,2019-04-05,0.07,4.365079365079365
2019-04-05,2019-04-06,0.06,4.365079365079365
2019-04-08,2019-04-09,0.09,5.555555555555555
2019-04-09,2019-04-10,0.09,5.952380952380952
2019-04-10,2019-04-11,0.05,3.1746031746031744
2019-04-11,2019-04-12,0.08,5.952380952380952
2019-04-12,2019-04-13,0.12,7.142857142857142
2019-04-15,2019-04-16,0.12,7.5396825396825395
2019-04-16,2019-04-17,0.17,10.714285714285714
2019-04-17,2019-04-18,0.15,9.523809523809524
2019-04-18,2019-04-19,0.15,9.920634920634921
2019-04-22,2019-04-23,0.15,10.317460317460316
2019-04-23,2019-04-24,0.12,7.936507936507936
2019-04-24,2019-04-25,0.09,7.142857142857142
2019-04-25,2019-04-26,0.11,7.5396825396825395
2019-04-26,2019-04-27,0.09,7.5396825396825395
2019-04-29,2019-04-30,0.1,7.936507936507936
2019-04-30,2019-05-01,0.08,6.349206349206349
2019-05-01,2019-05-02,0.09,8.333333333333332
2019-05-02,2019-05-03,0.08,6.746031746031746
2019-05-03,2019-05-04,0.11,9.920634920634921
2019-05-06,2019-05-07,0.07,5.555555555555555
2019-05-07,2019-05-08,0.02,2.7777777777777777
2019-05-08,2019-05-09,0.06,5.555555555555555
2019-05-09,2019-05-10,0.02,3.1746031746031744
2019-05-10,2019-05-11,0.04,3.571428571428571
2019-05-13,2019-05-14,-0.01,2.380952380952381
2019-05-14,2019-05-15,0.01,3.1746031746031744
2019-05-15,2019-05-16,-0.05,1.1904761904761905
2019-05-16,2019-05-17,0.0,3.1746031746031744
2019-05-17,2019-05-18,0.0,3.571428571428571
2019-05-20,2019-05-21,0.02,5.555555555555555
2019-05-21,2019-05-22,0.04,6.349206349206349
2019-05-22,2019-05-23,0.01,4.761904761904762
2019-05-23,2019-05-24,-0.06,0.3968253968253968
2019-05-24,2019-05-25,-0.03,2.7777777777777777
2019-05-28,2019-05-29,-0.11,0.3968253968253968
2019-05-29,2019-05-30,-0.12,0.3968253968253968
2019-05-30,2019-05-31,-0.16,0.3968253968253968
2019-05-31,2019-06-01,-0.21,0.3968253968253968
2019-06-03,2019-06-04,-0.28,0.3968253968253968
2019-06-04,2019-06-05,-0.23,0.7936507936507936
2019-06-05,2019-06-06,-0.23,1.1904761904761905
2019-06-06,2019-06-07,-0.21,1.984126984126984
2019-06-07,2019-06-08,-0.19,2.380952380952381
2019-06-10,2019-06-11,-0.14,3.1746031746031744
2019-06-11,2019-06-12,-0.12,3.968253968253968
2019-06-12,2019-06-13,-0.11,4.761904761904762
2019-06-13,2019-06-14,-0.09,5.158730158730158
2019-06-14,2019-06-15,-0.11,5.158730158730158
2019-06-17,2019-06-18,-0.14,3.571428571428571
2019-06-18,2019-06-19,-0.16,3.1746031746031744
2019-06-19,2019-06-20,-0.15,3.571428571428571
2019-06-20,2019-06-21,-0.13,4.761904761904762
2019-06-21,2019-06-22,-0.04,9.523809523809524
2019-06-24,2019-06-25,-0.11,7.142857142857142
2019-06-25,2019-06-26,-0.12,5.952380952380952
2019-06-26,2019-06-27,-0.1,7.936507936507936
2019-06-27,2019-06-28,-0.13,5.158730158730158
2019-06-28,2019-06-29,-0.12,6.746031746031746
2019-07-01,2019-07-02,-0.18,2.7777777777777777
2019-07-02,2019-07-03,-0.22,1.5873015873015872
2019-07-03,2019-07-04,-0.25,0.7936507936507936
2019-07-05,2019-07-06,-0.19,3.571428571428571
2019-07-08,2019-07-09,-0.21,3.1746031746031744
2019-07-09,2019-07-10,-0.19,4.365079365079365
2019-07-10,2019-07-11,-0.13,7.936507936507936
2019-07-11,2019-07-12,-0.04,14.682539682539684
2019-07-12,2019-07-13,-0.02,16.26984126984127
2019-07-15,2019-07-16,-0.07,12.3015873015873
2019-07-16,2019-07-17,-0.02,17.063492063492063
2019-07-17,2019-07-18,-0.08,12.3015873015873
2019-07-18,2019-07-19,-0.01,18.253968253968253
2019-07-19,2019-07-20,-0.01,18.650793650793652
2019-07-22,2019-07-23,-0.04,15.873015873015872
2019-07-23,2019-07-24,0.02,22.61904761904762
2019-07-24,2019-07-25,-0.05,14.682539682539684
2019-07-25,2019-07-26,-0.02,18.650793650793652
2019-07-26,2019-07-27,-0.04,16.666666666666664
2019-07-29,2019-07-30,-0.06,13.492063492063492
2019-07-30,2019-07-31,-0.02,19.841269841269842
2019-07-31,2019-08-01,-0.06,13.88888888888889
2019-08-01,2019-08-02,-0.17,5.158730158730158
2019-08-02,2019-08-03,-0.2,3.571428571428571
2019-08-05,2019-08-06,-0.3,0.3968253968253968
2019-08-06,2019-08-07,-0.32,0.3968253968253968
2019-08-07,2019-08-08,-0.31,0.7936507936507936
2019-08-08,2019-08-09,-0.3,1.5873015873015872
2019-08-09,2019-08-10,-0.26,2.380952380952381
2019-08-12,2019-08-13,-0.35,0.3968253968253968
2019-08-13,2019-08-14,-0.32,1.1904761904761905
2019-08-14,2019-08-15,-0.37,0.3968253968253968
2019-08-15,2019-08-16,-0.39,0.3968253968253968
2019-08-16,2019-08-17,-0.32,2.380952380952381
2019-08-19,2019-08-20,-0.34,1.5873015873015872
2019-08-20,2019-08-21,-0.39,0.7936507936507936
2019-08-21,2019-08-22,-0.38,1.1904761904761905
2019-08-22,2019-08-23,-0.38,1.5873015873015872
2019-08-23,2019-08-24,-0.45,0.3968253968253968
2019-08-26,2019-08-27,-0.47,0.3968253968253968
2019-08-27,2019-08-28,-0.49,0.3968253968253968
2019-08-28,2019-08-29,-0.52,0.3968253968253968
2019-08-29,2019-08-30,-0.49,1.1904761904761905
2019-08-30,2019-08-31,-0.49,1.5873015873015872
2019-09-03,2019-09-04,-0.51,0.7936507936507936
2019-09-04,2019-09-05,-0.5,1.1904761904761905
2019-09-05,2019-09-06,-0.4,3.571428571428571
2019-09-06,2019-09-07,-0.41,3.571428571428571
2019-09-09,2019-09-10,-0.33,7.142857142857142
2019-09-10,2019-09-11,-0.23,11.904761904761903
2019-09-11,2019-09-12,-0.21,13.88888888888889
2019-09-12,2019-09-13,-0.16,17.46031746031746
2019-09-13,2019-09-14,-0.06,26.190476190476193
2019-09-16,2019-09-17,-0.15,18.253968253968253
2019-09-17,2019-09-18,-0.18,16.26984126984127
2019-09-18,2019-09-19,-0.15,19.047619047619047
2019-09-19,2019-09-20,-0.14,20.238095238095237
2019-09-20,2019-09-21,-0.17,17.063492063492063
2019-09-23,2019-09-24,-0.22,12.698412698412698
2019-09-24,2019-09-25,-0.28,10.317460317460316
2019-09-25,2019-09-26,-0.16,19.444444444444446
2019-09-26,2019-09-27,-0.13,23.41269841269841
2019-09-27,2019-09-28,-0.11,26.984126984126984
2019-09-30,2019-10-01,-0.2,15.476190476190476
2019-10-01,2019-10-02,-0.17,18.650793650793652
2019-10-02,2019-10-03,-0.19,17.063492063492063
2019-10-03,2019-10-04,-0.16,21.03174603174603
2019-10-04,2019-10-05,-0.19,17.46031746031746
2019-10-07,2019-10-08,-0.19,17.857142857142858
2019-10-08,2019-10-09,-0.18,19.047619047619047
2019-10-09,2019-10-10,-0.1,30.555555555555557
2019-10-10,2019-10-11,-0.01,41.269841269841265
2019-10-11,2019-10-12,0.08,51.19047619047619
2019-10-15,2019-10-16,0.1,53.96825396825397
2019-10-16,2019-10-17,0.09,53.57142857142857
2019-10-17,2019-10-18,0.1,54.761904761904766
2019-10-18,2019-10-19,0.1,55.158730158730165
2019-10-21,2019-10-22,0.13,57.53968253968254
2019-10-22,2019-10-23,0.13,57.936507936507944
2019-10-23,2019-10-24,0.12,57.53968253968254
2019-10-24,2019-10-25,0.1,55.55555555555556
2019-10-25,2019-10-26,0.14,59.523809523809526
2019-10-28,2019-10-29,0.2,67.85714285714286
2019-10-29,2019-10-30,0.21,68.25396825396825
2019-10-30,2019-10-31,0.16,63.49206349206349
2019-10-31,2019-11-01,0.15,62.301587301587304
2019-11-01,2019-11-02,0.21,69.44444444444444
2019-11-04,2019-11-05,0.26,75.79365079365078
2019-11-05,2019-11-06,0.3,81.34920634920636
2019-11-06,2019-11-07,0.25,74.60317460317461
2019-11-07,2019-11-08,0.36,86.11111111111111
2019-11-08,2019-11-09,0.39,88.09523809523809
2019-11-12,2019-11-13,0.33,84.92063492063492
2019-11-13,2019-11-14,0.31,83.33333333333334
2019-11-14,2019-11-15,0.25,75.0
2019-11-15,2019-11-16,0.27,78.17460317460318
2019-11-18,2019-11-19,0.24,73.4126984126984
2019-11-19,2019-11-20,0.22,70.63492063492063
2019-11-20,2019-11-21,0.16,64.28571428571429
2019-11-21,2019-11-22,0.19,67.06349206349206
2019-11-22,2019-11-23,0.19,67.46031746031747
2019-11-25,2019-11-26,0.15,62.698412698412696
2019-11-26,2019-11-27,0.14,59.92063492063492
2019-11-27,2019-11-28,0.15,63.49206349206349
2019-11-29,2019-11-30,0.19,69.04761904761905
2019-12-02,2019-12-03,0.23,75.0
2019-12-03,2019-12-04,0.15,63.888888888888886
2019-12-04,2019-12-05,0.22,74.20634920634922
2019-12-05,2019-12-06,0.26,81.74603174603175
2019-12-06,2019-12-07,0.31,89.68253968253968
2019-12-09,2019-12-10,0.29,86.5079365079365
2019-12-10,2019-12-11,0.29,86.90476190476191
2019-12-11,2019-12-12,0.22,74.60317460317461
2019-12-12,2019-12-13,0.34,93.25396825396825
2019-12-13,2019-12-14,0.25,80.55555555555556
2019-12-16,2019-12-17,0.32,92.46031746031747
2019-12-17,2019-12-18,0.33,94.04761904761905
2019-12-18,2019-12-19,0.36,96.42857142857143
2019-12-19,2019-12-20,0.35,95.63492063492063
2019-12-20,2019-12-21,0.34,94.84126984126983
2019-12-23,2019-12-24,0.34,95.23809523809523
2019-12-24,2019-12-25,0.32,92.85714285714286
2019-12-26,2019-12-27,0.32,93.25396825396825
2019-12-27,2019-12-28,0.31,91.26984126984127
2019-12-30,2019-12-31,0.33,95.23809523809523
2019-12-31,2020-01-01,0.37,99.20634920634922
2020-01-02,2020-01-03,0.34,96.42857142857143
2020-01-03,2020-01-04,0.28,85.71428571428571
2020-01-06,2020-01-07,0.25,80.15873015873017
2020-01-07,2020-01-08,0.29,87.3015873015873
2020-01-08,2020-01-09,0.33,94.84126984126983
2020-01-09,2020-01-10,0.31,90.87301587301587
2020-01-10,2020-01-11,0.29,86.5079365079365
2020-01-13,2020-01-14,0.28,84.52380952380952
2020-01-14,2020-01-15,0.25,79.36507936507937
2020-01-15,2020-01-16,0.22,74.60317460317461
2020-01-16,2020-01-17,0.26,81.74603174603175
2020-01-17,2020-01-18,0.28,84.92063492063492
2020-01-21,2020-01-22,0.22,75.0
2020-01-22,2020-01-23,0.22,75.39682539682539
2020-01-23,2020-01-24,0.19,69.44444444444444
2020-01-24,2020-01-25,0.16,65.87301587301587
2020-01-27,2020-01-28,0.06,48.80952380952381
2020-01-28,2020-01-29,0.08,51.98412698412699
2020-01-29,2020-01-30,0.04,46.03174603174603
2020-01-30,2020-01-31,0.0,42.46031746031746
2020-01-31,2020-02-01,-0.04,37.301587301587304
2020-02-03,2020-02-04,-0.03,38.492063492063494
2020-02-04,2020-02-05,0.04,47.61904761904761
2020-02-05,2020-02-06,0.09,56.74603174603175
2020-02-06,2020-02-07,0.08,54.36507936507936
2020-02-07,2020-02-08,0.03,46.42857142857143
2020-02-10,2020-02-11,-0.02,40.87301587301587
2020-02-11,2020-02-12,0.02,46.82539682539682
2020-02-12,2020-02-13,0.04,49.2063492063492
2020-02-13,2020-02-14,0.02,47.22222222222222
2020-02-14,2020-02-15,0.01,45.23809523809524
2020-02-18,2020-02-19,-0.03,38.88888888888889
2020-02-19,2020-02-20,-0.02,41.66666666666667
2020-02-20,2020-02-21,-0.06,33.730158730158735
2020-02-21,2020-02-22,-0.1,30.952380952380953
2020-02-24,2020-02-25,-0.15,23.809523809523807
2020-02-25,2020-02-26,-0.2,15.873015873015872
2020-02-26,2020-02-27,-0.2,16.26984126984127
2020-02-27,2020-02-28,-0.15,25.0
2020-02-28,2020-02-29,-0.14,26.58730158730159
2020-03-02,2020-03-03,-0.03,42.06349206349206
2020-03-03,2020-03-04,0.07,58.333333333333336
2020-03-04,2020-03-05,0.3,92.06349206349206
2020-03-05,2020-03-06,0.3,92.06349206349206
2020-03-06,2020-03-07,0.29,90.87301587301587
2020-03-09,2020-03-10,0.21,80.95238095238095
2020-03-10,2020-03-11,0.32,94.84126984126983
2020-03-11,2020-03-12,0.4,100.0
2020-03-12,2020-03-13,0.55,100.0
2020-03-13,2020-03-14,0.66,100.0
2020-03-16,2020-03-17,0.49,99.20634920634922
2020-03-17,2020-03-18,0.83,100.0
2020-03-18,2020-03-19,1.16,100.0
2020-03-19,2020-03-20,1.08,99.60317460317461
2020-03-20,2020-03-21,0.87,99.20634920634922
2020-03-23,2020-03-24,0.74,98.4126984126984
2020-03-24,2020-03-25,0.83,98.80952380952381
2020-03-25,2020-03-26,0.88,99.20634920634922
2020-03-26,2020-03-27,0.83,98.4126984126984
2020-03-27,2020-03-28,0.69,96.82539682539682
2020-03-30,2020-03-31,0.58,96.03174603174604
2020-03-31,2020-04-01,0.59,96.03174603174604
2020-04-01,2020-04-02,0.53,94.84126984126983
2020-04-02,2020-04-03,0.54,94.84126984126983
2020-04-03,2020-04-04,0.52,94.04761904761905
2020-04-06,2020-04-07,0.52,94.04761904761905
2020-04-07,2020-04-08,0.61,96.03174603174604
2020-04-08,2020-04-09,0.55,94.84126984126983
2020-04-09,2020-04-10,0.48,92.06349206349206
2020-04-13,2020-04-14,0.5,92.46031746031747
2020-04-14,2020-04-15,0.56,94.84126984126983
2020-04-15,2020-04-16,0.49,91.66666666666666
2020-04-16,2020-04-17,0.47,90.47619047619048
2020-04-17,2020-04-18,0.53,93.25396825396825
2020-04-20,2020-04-21,0.51,91.66666666666666
2020-04-21,2020-04-22,0.47,89.68253968253968
2020-04-22,2020-04-23,0.51,91.66666666666666
2020-04-23,2020-04-24,0.5,90.87301587301587
2020-04-24,2020-04-25,0.48,89.28571428571429
2020-04-27,2020-04-28,0.55,94.44444444444444
2020-04-28,2020-04-29,0.51,91.26984126984127
2020-04-29,2020-04-30,0.53,92.85714285714286
2020-04-30,2020-05-01,0.55,94.44444444444444
2020-05-01,2020-05-02,0.52,91.26984126984127
2020-05-04,2020-05-05,0.51,90.07936507936508
2020-05-05,2020-05-06,0.53,92.46031746031747
2020-05-06,2020-05-07,0.6,95.63492063492063
2020-05-07,2020-05-08,0.52,90.47619047619048
2020-05-08,2020-05-09,0.57,94.44444444444444
2020-05-11,2020-05-12,0.61,96.03174603174604
2020-05-12,2020-05-13,0.56,93.65079365079364
2020-05-13,2020-05-14,0.51,87.6984126984127
2020-05-14,2020-05-15,0.51,87.6984126984127
2020-05-15,2020-05-16,0.52,89.28571428571429
2020-05-18,2020-05-19,0.6,95.23809523809523
2020-05-19,2020-05-20,0.57,93.65079365079364
2020-05-20,2020-05-21,0.56,92.85714285714286
2020-05-21,2020-05-22,0.56,92.85714285714286
2020-05-22,2020-05-23,0.54,89.68253968253968
2020-05-26,2020-05-27,0.55,91.26984126984127
2020-05-27,2020-05-28,0.53,88.4920634920635
2020-05-28,2020-05-29,0.55,91.26984126984127
2020-05-29,2020-05-30,0.51,84.12698412698413
2020-06-01,2020-06-02,0.52,86.11111111111111
2020-06-02,2020-06-03,0.53,88.09523809523809
2020-06-03,2020-06-04,0.61,96.03174603174604
2020-06-04,2020-06-05,0.67,96.42857142857143
2020-06-05,2020-06-06,0.76,97.22222222222221
2020-06-08,2020-06-09,0.71,96.42857142857143
2020-06-09,2020-06-10,0.65,94.84126984126983
2020-06-10,2020-06-11,0.58,92.06349206349206
2020-06-11,2020-06-12,0.49,77.38095238095238
2020-06-12,2020-06-13,0.55,88.88888888888889
2020-06-15,2020-06-16,0.53,85.31746031746032
2020-06-16,2020-06-17,0.58,92.06349206349206
2020-06-17,2020-06-18,0.57,90.87301587301587
2020-06-18,2020-06-19,0.55,88.09523809523809
2020-06-19,2020-06-20,0.55,88.09523809523809
2020-06-22,2020-06-23,0.55,88.09523809523809
2020-06-23,2020-06-24,0.56,89.68253968253968
2020-06-24,2020-06-25,0.54,83.73015873015873
2020-06-25,2020-06-26,0.52,79.76190476190477
2020-06-26,2020-06-27,0.5,74.20634920634922
2020-06-29,2020-06-30,0.5,74.20634920634922
2020-06-30,2020-07-01,0.5,74.20634920634922
2020-07-01,2020-07-02,0.55,87.6984126984127
2020-07-02,2020-07-03,0.54,83.33333333333334
2020-07-06,2020-07-07,0.54,83.33333333333334
2020-07-07,2020-07-08,0.5,73.01587301587301
2020-07-08,2020-07-09,0.52,78.57142857142857
2020-07-09,2020-07-10,0.49,70.23809523809523
2020-07-10,2020-07-11,0.52,78.57142857142857
2020-07-13,2020-07-14,0.5,72.22222222222221
2020-07-14,2020-07-15,0.48,67.85714285714286
2020-07-15,2020-07-16,0.48,67.85714285714286
2020-07-16,2020-07-17,0.51,75.0
2020-07-17,2020-07-18,0.53,81.34920634920636
2020-07-20,2020-07-21,0.49,68.65079365079364
2020-07-21,2020-07-22,0.48,66.66666666666666
2020-07-22,2020-07-23,0.47,64.68253968253968
2020-07-23,2020-07-24,0.47,64.68253968253968
2020-07-24,2020-07-25,0.48,66.66666666666666
2020-07-27,2020-07-28,0.51,74.60317460317461
2020-07-28,2020-07-29,0.48,66.26984126984127
2020-07-29,2020-07-30,0.47,63.49206349206349
2020-07-30,2020-07-31,0.46,61.50793650793651
2020-07-31,2020-08-01,0.46,61.50793650793651
2020-08-03,2020-08-04,0.46,61.50793650793651
2020-08-04,2020-08-05,0.43,60.317460317460316
2020-08-05,2020-08-06,0.45,60.317460317460316
2020-08-06,2020-08-07,0.45,60.317460317460316
2020-08-07,2020-08-08,0.47,63.49206349206349
2020-08-10,2020-08-11,0.48,66.26984126984127
2020-08-11,2020-08-12,0.53,81.34920634920636
2020-08-12,2020-08-13,0.58,92.06349206349206
2020-08-13,2020-08-14,0.61,94.44444444444444
2020-08-14,2020-08-15,0.61,94.44444444444444
2020-08-17,2020-08-18,0.59,91.66666666666666
2020-08-18,2020-08-19,0.58,90.87301587301587
2020-08-19,2020-08-20,0.57,88.88888888888889
2020-08-20,2020-08-21,0.54,80.95238095238095
2020-08-21,2020-08-22,0.54,80.95238095238095
2020-08-24,2020-08-25,0.53,78.17460317460318
2020-08-25,2020-08-26,0.58,90.87301587301587
2020-08-26,2020-08-27,0.58,90.87301587301587
2020-08-27,2020-08-28,0.63,94.44444444444444
2020-08-28,2020-08-29,0.64,94.44444444444444
2020-08-31,2020-09-01,0.61,93.65079365079364
2020-09-01,2020-09-02,0.56,85.31746031746032
2020-09-02,2020-09-03,0.54,78.57142857142857
2020-09-03,2020-09-04,0.52,71.42857142857143
2020-09-04,2020-09-05,0.61,93.65079365079364
2020-09-08,2020-09-09,0.56,84.92063492063492
2020-09-09,2020-09-10,0.59,90.07936507936508
2020-09-10,2020-09-11,0.56,84.52380952380952
2020-09-11,2020-09-12,0.56,84.52380952380952
2020-09-14,2020-09-15,0.57,86.11111111111111
2020-09-15,2020-09-16,0.57,86.11111111111111
2020-09-16,2020-09-17,0.57,86.11111111111111
2020-09-17,2020-09-18,0.6,90.87301587301587
2020-09-18,2020-09-19,0.6,90.87301587301587
2020-09-21,2020-09-22,0.58,88.09523809523809
2020-09-22,2020-09-23,0.58,88.09523809523809
2020-09-23,2020-09-24,0.57,84.52380952380952
2020-09-24,2020-09-25,0.57,84.52380952380952
2020-09-25,2020-09-26,0.56,80.95238095238095
2020-09-28,2020-09-29,0.56,80.95238095238095
2020-09-29,2020-09-30,0.57,84.52380952380952
2020-09-30,2020-10-01,0.59,89.28571428571429
2020-10-01,2020-10-02,0.59,89.28571428571429
2020-10-02,2020-10-03,0.61,93.65079365079364
2020-10-05,2020-10-06,0.68,95.63492063492063
2020-10-06,2020-10-07,0.66,94.84126984126983
2020-10-07,2020-10-08,0.71,96.42857142857143
2020-10-08,2020-10-09,0.69,95.63492063492063
2020-10-09,2020-10-10,0.69,95.63492063492063
2020-10-13,2020-10-14,0.63,92.06349206349206
2020-10-14,2020-10-15,0.61,91.26984126984127
2020-10-15,2020-10-16,0.63,92.06349206349206
2020-10-16,2020-10-17,0.65,92.85714285714286
2020-10-19,2020-10-20,0.67,94.04761904761905
2020-10-20,2020-10-21,0.71,96.42857142857143
2020-10-21,2020-10-22,0.73,96.42857142857143
2020-10-22,2020-10-23,0.78,97.22222222222221
2020-10-23,2020-10-24,0.75,96.42857142857143
2020-10-26,2020-10-27,0.7,94.04761904761905
2020-10-27,2020-10-28,0.69,93.65079365079364
2020-10-28,2020-10-29,0.69,93.65079365079364
2020-10-29,2020-10-30,0.76,96.82539682539682
2020-10-30,2020-10-31,0.79,97.22222222222221
2020-11-02,2020-11-03,0.78,96.82539682539682
2020-11-03,2020-11-04,0.8,97.22222222222221
2020-11-04,2020-11-05,0.68,90.07936507936508
2020-11-05,2020-11-06,0.69,92.06349206349206
2020-11-06,2020-11-07,0.73,94.04761904761905
2020-11-09,2020-11-10,0.85,98.4126984126984
2020-11-10,2020-11-11,0.88,99.20634920634922
2020-11-12,2020-11-13,0.78,95.63492063492063
2020-11-13,2020-11-14,0.8,96.42857142857143
2020-11-16,2020-11-17,0.82,96.42857142857143
2020-11-17,2020-11-18,0.78,94.84126984126983
2020-11-18,2020-11-19,0.79,95.23809523809523
2020-11-19,2020-11-20,0.79,95.23809523809523
2020-11-20,2020-11-21,0.76,92.46031746031747
2020-11-23,2020-11-24,0.78,94.04761904761905
2020-11-24,2020-11-25,0.79,95.23809523809523
2020-11-25,2020-11-26,0.79,95.23809523809523
2020-11-27,2020-11-28,0.75,90.07936507936508
2020-11-30,2020-12-01,0.76,91.26984126984127
2020-12-01,2020-12-02,0.83,97.61904761904762
2020-12-02,2020-12-03,0.86,98.01587301587301
2020-12-03,2020-12-04,0.84,97.22222222222221
2020-12-04,2020-12-05,0.88,99.20634920634922
2020-12-07,2020-12-08,0.86,97.61904761904762
2020-12-08,2020-12-09,0.83,96.03174603174604
2020-12-09,2020-12-10,0.87,98.01587301587301
2020-12-10,2020-12-11,0.84,96.03174603174604
2020-12-11,2020-12-12,0.82,93.25396825396825
2020-12-14,2020-12-15,0.81,92.46031746031747
2020-12-15,2020-12-16,0.84,96.03174603174604
2020-12-16,2020-12-17,0.83,94.84126984126983
2020-12-17,2020-12-18,0.86,97.22222222222221
2020-12-18,2020-12-19,0.87,98.01587301587301
2020-12-21,2020-12-22,0.86,96.82539682539682
2020-12-22,2020-12-23,0.84,94.84126984126983
2020-12-23,2020-12-24,0.87,98.01587301587301
2020-12-24,2020-12-25,0.85,94.84126984126983
2020-12-28,2020-12-29,0.83,92.46031746031747
2020-12-29,2020-12-30,0.84,94.04761904761905
2020-12-30,2020-12-31,0.85,94.84126984126983
2020-12-31,2021-01-01,0.84,93.65079365079364
2021-01-04,2021-01-05,0.84,93.65079365079364
2021-01-05,2021-01-06,0.87,98.01587301587301
2021-01-06,2021-01-07,0.95,99.20634920634922
2021-01-07,2021-01-08,0.99,99.20634920634922
2021-01-08,2021-01-09,1.05,99.20634920634922
2021-01-11,2021-01-12,1.07,99.20634920634922
2021-01-12,2021-01-13,1.06,98.80952380952381
2021-01-13,2021-01-14,1.01,98.01587301587301
2021-01-14,2021-01-15,1.06,98.80952380952381
2021-01-15,2021-01-16,1.02,97.61904761904762
2021-01-19,2021-01-20,1.01,97.22222222222221
2021-01-20,2021-01-21,1.02,97.61904761904762
2021-01-21,2021-01-22,1.03,97.61904761904762
2021-01-22,2021-01-23,1.02,97.22222222222221
2021-01-25,2021-01-26,0.96,94.84126984126983
2021-01-26,2021-01-27,0.98,94.84126984126983
2021-01-27,2021-01-28,0.96,94.44444444444444
2021-01-28,2021-01-29,1.0,95.23809523809523
2021-01-29,2021-01-30,1.05,98.01587301587301
2021-02-01,2021-02-02,1.02,96.82539682539682
2021-02-02,2021-02-03,1.05,98.01587301587301
2021-02-03,2021-02-04,1.11,99.60317460317461
2021-02-04,2021-02-05,1.11,99.60317460317461
2021-02-05,2021-02-06,1.16,100.0
2021-02-08,2021-02-09,1.14,99.20634920634922
2021-02-09,2021-02-10,1.14,99.20634920634922
2021-02-10,2021-02-11,1.1,97.61904761904762
2021-02-11,2021-02-12,1.11,98.4126984126984
2021-02-12,2021-02-13,1.16,100.0
2021-02-16,2021-02-17,1.26,100.0
2021-02-17,2021-02-18,1.25,99.60317460317461
2021-02-18,2021-02-19,1.26,100.0
2021-02-19,2021-02-20,1.3,100.0
2021-02-22,2021-02-23,1.34,100.0
2021-02-23,2021-02-24,1.33,99.60317460317461
2021-02-24,2021-02-25,1.35,100.0
2021-02-25,2021-02-26,1.5,100.0
2021-02-26,2021-02-27,1.4,99.60317460317461
2021-03-01,2021-03-02,1.4,99.60317460317461
2021-03-02,2021-03-03,1.38,98.80952380952381
2021-03-03,2021-03-04,1.42,99.60317460317461
2021-03-04,2021-03-05,1.5,100.0
2021-03-05,2021-03-06,1.52,100.0
2021-03-08,2021-03-09,1.54,100.0
2021-03-09,2021-03-10,1.5,99.20634920634922
2021-03-10,2021-03-11,1.49,98.01587301587301
2021-03-11,2021-03-12,1.5,99.20634920634922
2021-03-12,2021-03-13,1.6,100.0
2021-03-15,2021-03-16,1.58,99.60317460317461
2021-03-16,2021-03-17,1.6,100.0
2021-03-17,2021-03-18,1.61,100.0
2021-03-18,2021-03-19,1.7,100.0
2021-03-19,2021-03-20,1.73,100.0
2021-03-22,2021-03-23,1.66,99.20634920634922
2021-03-23,2021-03-24,1.62,98.80952380952381
2021-03-24,2021-03-25,1.6,98.01587301587301
2021-03-25,2021-03-26,1.61,98.4126984126984
2021-03-26,2021-03-27,1.65,98.80952380952381
2021-03-29,2021-03-30,1.7,99.60317460317461
2021-03-30,2021-03-31,1.71,99.60317460317461
2021-03-31,2021-04-01,1.71,99.60317460317461
2021-04-01,2021-04-02,1.67,98.01587301587301
2021-04-02,2021-04-03,1.7,98.80952380952381
2021-04-05,2021-04-06,1.7,98.80952380952381
2021-04-06,2021-04-07,1.65,96.42857142857143
2021-04-07,2021-04-08,1.66,96.82539682539682
2021-04-08,2021-04-09,1.63,95.23809523809523
2021-04-09,2021-04-10,1.65,96.03174603174604
2021-04-12,2021-04-13,1.67,97.22222222222221
2021-04-13,2021-04-14,1.61,93.65079365079364
2021-04-14,2021-04-15,1.62,94.04761904761905
2021-04-15,2021-04-16,1.54,90.47619047619048
2021-04-16,2021-04-17,1.57,90.47619047619048
2021-04-19,2021-04-20,1.59,90.87301587301587
2021-04-20,2021-04-21,1.55,89.68253968253968
2021-04-21,2021-04-22,1.54,89.28571428571429
2021-04-22,2021-04-23,1.54,89.28571428571429
2021-04-23,2021-04-24,1.55,89.68253968253968
2021-04-26,2021-04-27,1.55,89.68253968253968
2021-04-27,2021-04-28,1.62,94.04761904761905
2021-04-28,2021-04-29,1.62,94.04761904761905
2021-04-29,2021-04-30,1.64,94.44444444444444
2021-04-30,2021-05-01,1.64,94.44444444444444
2021-05-03,2021-05-04,1.59,89.28571428571429
2021-05-04,2021-05-05,1.59,89.28571428571429
2021-05-05,2021-05-06,1.57,87.6984126984127
2021-05-06,2021-05-07,1.56,86.90476190476191
2021-05-07,2021-05-08,1.58,88.09523809523809
2021-05-10,2021-05-11,1.61,91.66666666666666
2021-05-11,2021-05-12,1.63,93.65079365079364
2021-05-12,2021-05-13,1.67,97.22222222222221
2021-05-13,2021-05-14,1.64,94.04761904761905
2021-05-14,2021-05-15,1.62,92.06349206349206
2021-05-17,2021-05-18,1.62,92.06349206349206
2021-05-18,2021-05-19,1.62,92.06349206349206
2021-05-19,2021-05-20,1.67,97.22222222222221
2021-05-20,2021-05-21,1.62,91.66666666666666
2021-05-21,2021-05-22,1.62,91.66666666666666
2021-05-24,2021-05-25,1.59,85.31746031746032
2021-05-25,2021-05-26,1.54,80.55555555555556
2021-05-26,2021-05-27,1.56,82.14285714285714
2021-05-27,2021-05-28,1.59,85.31746031746032
2021-05-28,2021-05-29,1.57,82.53968253968253
2021-06-01,2021-06-02,1.6,86.5079365079365
2021-06-02,2021-06-03,1.57,82.14285714285714
2021-06-03,2021-06-04,1.61,88.09523809523809
2021-06-04,2021-06-05,1.54,78.17460317460318
2021-06-07,2021-06-08,1.55,79.36507936507937
2021-06-08,2021-06-09,1.51,75.0
2021-06-09,2021-06-10,1.47,72.61904761904762
2021-06-10,2021-06-11,1.42,72.22222222222221
2021-06-11,2021-06-12,1.44,72.22222222222221
2021-06-14,2021-06-15,1.48,72.61904761904762
2021-06-15,2021-06-16,1.48,72.61904761904762
2021-06-16,2021-06-17,1.53,75.39682539682539
2021-06-17,2021-06-18,1.48,72.22222222222221
2021-06-18,2021-06-19,1.4,69.44444444444444
2021-06-21,2021-06-22,1.45,70.63492063492063
2021-06-22,2021-06-23,1.44,70.23809523809523
2021-06-23,2021-06-24,1.45,70.63492063492063
2021-06-24,2021-06-25,1.44,69.84126984126983
2021-06-25,2021-06-26,1.48,72.22222222222221
2021-06-28,2021-06-29,1.44,69.44444444444444
2021-06-29,2021-06-30,1.45,70.23809523809523
2021-06-30,2021-07-01,1.4,66.66666666666666
2021-07-01,2021-07-02,1.43,67.46031746031747
2021-07-02,2021-07-03,1.39,64.68253968253968
2021-07-06,2021-07-07,1.32,62.698412698412696
2021-07-07,2021-07-08,1.28,61.904761904761905
2021-07-08,2021-07-09,1.24,60.317460317460316
2021-07-09,2021-07-10,1.31,62.301587301587304
2021-07-12,2021-07-13,1.33,63.095238095238095
2021-07-13,2021-07-14,1.37,63.888888888888886
2021-07-14,2021-07-15,1.31,61.50793650793651
2021-07-15,2021-07-16,1.26,59.92063492063492
2021-07-16,2021-07-17,1.26,59.92063492063492
2021-07-19,2021-07-20,1.14,56.74603174603175
2021-07-20,2021-07-21,1.18,57.53968253968254
2021-07-21,2021-07-22,1.25,58.333333333333336
2021-07-22,2021-07-23,1.22,57.14285714285714
2021-07-23,2021-07-24,1.25,58.333333333333336
2021-07-26,2021-07-27,1.24,57.14285714285714
2021-07-27,2021-07-28,1.2,55.952380952380956
2021-07-28,2021-07-29,1.21,55.952380952380956
2021-07-29,2021-07-30,1.22,56.34920634920635
2021-07-30,2021-07-31,1.18,54.761904761904766
2021-08-02,2021-08-03,1.15,53.17460317460318
2021-08-03,2021-08-04,1.14,52.77777777777778
2021-08-04,2021-08-05,1.14,52.77777777777778
2021-08-05,2021-08-06,1.18,54.761904761904766
2021-08-06,2021-08-07,1.25,58.333333333333336
2021-08-09,2021-08-10,1.27,59.92063492063492
2021-08-10,2021-08-11,1.31,61.50793650793651
2021-08-11,2021-08-12,1.3,60.317460317460316
2021-08-12,2021-08-13,1.3,60.317460317460316
2021-08-13,2021-08-14,1.23,54.36507936507936
2021-08-16,2021-08-17,1.2,52.77777777777778
2021-08-17,2021-08-18,1.19,51.98412698412699
2021-08-18,2021-08-19,1.2,52.77777777777778
2021-08-19,2021-08-20,1.18,51.19047619047619
2021-08-20,2021-08-21,1.21,53.17460317460318
2021-08-23,2021-08-24,1.2,52.38095238095239
2021-08-24,2021-08-25,1.24,55.158730158730165
2021-08-25,2021-08-26,1.29,59.12698412698413
2021-08-26,2021-08-27,1.29,59.12698412698413
2021-08-27,2021-08-28,1.26,57.53968253968254
2021-08-30,2021-08-31,1.24,53.96825396825397
2021-08-31,2021-09-01,1.26,57.53968253968254
2021-09-01,2021-09-02,1.26,57.53968253968254
2021-09-02,2021-09-03,1.24,53.17460317460318
2021-09-03,2021-09-04,1.28,58.333333333333336
2021-09-07,2021-09-08,1.33,62.698412698412696
2021-09-08,2021-09-09,1.3,59.92063492063492
2021-09-09,2021-09-10,1.26,56.34920634920635
2021-09-10,2021-09-11,1.3,59.92063492063492
2021-09-13,2021-09-14,1.27,56.34920634920635
2021-09-14,2021-09-15,1.24,50.79365079365079
2021-09-15,2021-09-16,1.27,56.34920634920635
2021-09-16,2021-09-17,1.3,59.92063492063492
2021-09-17,2021-09-18,1.33,62.698412698412696
2021-09-20,2021-09-21,1.27,55.55555555555556
2021-09-21,2021-09-22,1.3,59.523809523809526
2021-09-22,2021-09-23,1.29,56.74603174603175
2021-09-23,2021-09-24,1.38,64.28571428571429
2021-09-24,2021-09-25,1.44,69.04761904761905
2021-09-27,2021-09-28,1.44,69.04761904761905
2021-09-28,2021-09-29,1.5,74.20634920634922
2021-09-29,2021-09-30,1.51,74.60317460317461
2021-09-30,2021-10-01,1.48,71.42857142857143
2021-10-01,2021-10-02,1.44,67.85714285714286
2021-10-04,2021-10-05,1.45,69.04761904761905
2021-10-05,2021-10-06,1.5,73.80952380952381
2021-10-06,2021-10-07,1.49,71.42857142857143
2021-10-07,2021-10-08,1.53,75.39682539682539
2021-10-08,2021-10-09,1.56,80.15873015873017
2021-10-12,2021-10-13,1.53,75.0
2021-10-13,2021-10-14,1.51,73.4126984126984
2021-10-14,2021-10-15,1.47,67.06349206349206
2021-10-15,2021-10-16,1.54,77.38095238095238
2021-10-18,2021-10-19,1.53,74.60317460317461
2021-10-19,2021-10-20,1.6,86.11111111111111
2021-10-20,2021-10-21,1.6,86.11111111111111
2021-10-21,2021-10-22,1.62,91.66666666666666
2021-10-22,2021-10-23,1.6,85.71428571428571
2021-10-25,2021-10-26,1.58,80.95238095238095
2021-10-26,2021-10-27,1.57,79.76190476190477
2021-10-27,2021-10-28,1.48,65.87301587301587
2021-10-28,2021-10-29,1.51,70.23809523809523
2021-10-29,2021-10-30,1.5,68.65079365079364
2021-11-01,2021-11-02,1.53,72.22222222222221
2021-11-02,2021-11-03,1.51,69.84126984126983
2021-11-03,2021-11-04,1.55,76.5873015873016
2021-11-04,2021-11-05,1.49,64.68253968253968
2021-11-05,2021-11-06,1.4,54.761904761904766
2021-11-08,2021-11-09,1.45,60.317460317460316
2021-11-09,2021-11-10,1.42,55.158730158730165
2021-11-10,2021-11-11,1.51,69.44444444444444
2021-11-12,2021-11-13,1.53,71.82539682539682
2021-11-15,2021-11-16,1.58,80.95238095238095
2021-11-16,2021-11-17,1.58,80.95238095238095
2021-11-17,2021-11-18,1.55,75.79365079365078
2021-11-18,2021-11-19,1.54,73.4126984126984
2021-11-19,2021-11-20,1.49,62.301587301587304
2021-11-22,2021-11-23,1.58,80.95238095238095
2021-11-23,2021-11-24,1.61,87.6984126984127
2021-11-24,2021-11-25,1.58,80.55555555555556
2021-11-26,2021-11-27,1.42,51.19047619047619
2021-11-29,2021-11-30,1.46,56.34920634920635
2021-11-30,2021-12-01,1.38,46.82539682539682
2021-12-01,2021-12-02,1.37,45.63492063492063
2021-12-02,2021-12-03,1.39,47.22222222222222
2021-12-03,2021-12-04,1.29,37.698412698412696
2021-12-06,2021-12-07,1.38,46.42857142857143
2021-12-07,2021-12-08,1.42,50.79365079365079
2021-12-08,2021-12-09,1.45,55.952380952380956
2021-12-09,2021-12-10,1.43,50.79365079365079
2021-12-10,2021-12-11,1.42,50.0
2021-12-13,2021-12-14,1.37,43.25396825396825
2021-12-14,2021-12-15,1.39,45.63492063492063
2021-12-15,2021-12-16,1.42,50.0
2021-12-16,2021-12-17,1.39,45.23809523809524
2021-12-17,2021-12-18,1.36,40.87301587301587
2021-12-20,2021-12-21,1.36,40.87301587301587
2021-12-21,2021-12-22,1.41,47.22222222222222
2021-12-22,2021-12-23,1.38,43.25396825396825
2021-12-23,2021-12-24,1.43,50.79365079365079
2021-12-27,2021-12-28,1.42,49.60317460317461
2021-12-28,2021-12-29,1.43,50.79365079365079
2021-12-29,2021-12-30,1.5,63.888888888888886
2021-12-30,2021-12-31,1.47,56.74603174603175
2021-12-31,2022-01-01,1.46,55.55555555555556
2022-01-03,2022-01-04,1.55,74.60317460317461
2022-01-04,2022-01-05,1.58,80.55555555555556
2022-01-05,2022-01-06,1.62,91.66666666666666
2022-01-06,2022-01-07,1.63,92.46031746031747
2022-01-07,2022-01-08,1.66,95.63492063492063
2022-01-10,2022-01-11,1.65,94.44444444444444
2022-01-11,2022-01-12,1.64,92.85714285714286
2022-01-12,2022-01-13,1.62,90.07936507936508
2022-01-13,2022-01-14,1.58,78.17460317460318
2022-01-14,2022-01-15,1.65,94.44444444444444
2022-01-18,2022-01-19,1.71,99.60317460317461
2022-01-19,2022-01-20,1.66,95.23809523809523
2022-01-20,2022-01-21,1.66,95.23809523809523
2022-01-21,2022-01-22,1.58,76.5873015873016
2022-01-24,2022-01-25,1.56,70.63492063492063
2022-01-25,2022-01-26,1.59,78.57142857142857
2022-01-26,2022-01-27,1.66,95.23809523809523
2022-01-27,2022-01-28,1.61,83.33333333333334
2022-01-28,2022-01-29,1.59,77.77777777777779
2022-01-31,2022-02-01,1.57,71.03174603174604
2022-02-01,2022-02-02,1.62,88.09523809523809
2022-02-02,2022-02-03,1.59,77.38095238095238
2022-02-03,2022-02-04,1.62,88.09523809523809
2022-02-04,2022-02-05,1.7,98.4126984126984
2022-02-07,2022-02-08,1.65,92.46031746031747
2022-02-08,2022-02-09,1.71,99.60317460317461
2022-02-09,2022-02-10,1.68,96.03174603174604
2022-02-10,2022-02-11,1.63,87.6984126984127
2022-02-11,2022-02-12,1.56,65.47619047619048
2022-02-14,2022-02-15,1.55,63.49206349206349
2022-02-15,2022-02-16,1.65,91.66666666666666
2022-02-16,2022-02-17,1.65,91.66666666666666
2022-02-17,2022-02-18,1.61,79.76190476190477
2022-02-18,2022-02-19,1.57,66.66666666666666
2022-02-22,2022-02-23,1.57,66.66666666666666
2022-02-23,2022-02-24,1.65,91.66666666666666
2022-02-24,2022-02-25,1.64,88.09523809523809
2022-02-25,2022-02-26,1.64,88.09523809523809
2022-02-28,2022-03-01,1.48,44.44444444444444
2022-03-01,2022-03-02,1.4,29.365079365079367
2022-03-02,2022-03-03,1.52,51.587301587301596
2022-03-03,2022-03-04,1.48,44.047619047619044
2022-03-04,2022-03-05,1.4,29.365079365079367
2022-03-07,2022-03-08,1.4,29.761904761904763
2022-03-08,2022-03-09,1.5,49.2063492063492
2022-03-09,2022-03-10,1.56,62.301587301587304
2022-03-10,2022-03-11,1.59,72.61904761904762
2022-03-11,2022-03-12,1.6,75.39682539682539
2022-03-14,2022-03-15,1.69,96.03174603174604
2022-03-15,2022-03-16,1.69,96.03174603174604
2022-03-16,2022-03-17,1.75,100.0
2022-03-17,2022-03-18,1.8,100.0
2022-03-18,2022-03-19,1.72,98.80952380952381
2022-03-21,2022-03-22,1.78,99.60317460317461
2022-03-22,2022-03-23,1.87,100.0
2022-03-23,2022-03-24,1.82,99.60317460317461
2022-03-24,2022-03-25,1.82,99.60317460317461
2022-03-25,2022-03-26,1.93,100.0
2022-03-28,2022-03-29,1.87,99.60317460317461
2022-03-29,2022-03-30,1.86,98.80952380952381
2022-03-30,2022-03-31,1.8,97.61904761904762
2022-03-31,2022-04-01,1.8,97.61904761904762
2022-04-01,2022-04-02,1.86,98.80952380952381
2022-04-04,2022-04-05,1.76,95.63492063492063
2022-04-05,2022-04-06,1.89,99.60317460317461
2022-04-06,2022-04-07,1.94,100.0
2022-04-07,2022-04-08,1.98,100.0
2022-04-08,2022-04-09,2.02,100.0
2022-04-11,2022-04-12,2.02,100.0
2022-04-12,2022-04-13,1.98,99.20634920634922
2022-04-13,2022-04-14,1.95,98.4126984126984
2022-04-14,2022-04-15,2.04,100.0
2022-04-18,2022-04-19,2.04,100.0
2022-04-19,2022-04-20,2.12,100.0
2022-04-20,2022-04-21,2.03,98.80952380952381
2022-04-21,2022-04-22,2.07,99.60317460317461
2022-04-22,2022-04-23,2.07,99.60317460317461
2022-04-25,2022-04-26,1.9,94.84126984126983
2022-04-26,2022-04-27,1.94,95.63492063492063
2022-04-27,2022-04-28,2.0,96.82539682539682
2022-04-28,2022-04-29,2.03,98.01587301587301
2022-04-29,2022-04-30,2.04,98.80952380952381
2022-05-02,2022-05-03,2.09,99.60317460317461
2022-05-03,2022-05-04,2.06,98.4126984126984
2022-05-04,2022-05-05,2.04,98.01587301587301
2022-05-05,2022-05-06,2.2,100.0
2022-05-06,2022-05-07,2.27,100.0
2022-05-09,2022-05-10,2.13,99.20634920634922
2022-05-10,2022-05-11,2.1,98.4126984126984
2022-05-11,2022-05-12,2.0,93.25396825396825
2022-05-12,2022-05-13,1.88,89.28571428571429
2022-05-13,2022-05-14,1.9,90.07936507936508
2022-05-16,2022-05-17,1.81,86.11111111111111
2022-05-17,2022-05-18,1.92,90.07936507936508
2022-05-18,2022-05-19,1.86,87.3015873015873
2022-05-19,2022-05-20,1.79,83.73015873015873
2022-05-20,2022-05-21,1.75,82.53968253968253
2022-05-23,2022-05-24,1.79,83.73015873015873
2022-05-24,2022-05-25,1.7,80.15873015873017
2022-05-25,2022-05-26,1.69,79.36507936507937
2022-05-26,2022-05-27,1.68,78.17460317460318
2022-05-27,2022-05-28,1.66,77.38095238095238
2022-05-31,2022-06-01,1.69,79.36507936507937
2022-06-01,2022-06-02,1.79,83.73015873015873
2022-06-02,2022-06-03,1.75,81.74603174603175
2022-06-03,2022-06-04,1.75,81.74603174603175
2022-06-06,2022-06-07,1.78,82.53968253968253
2022-06-07,2022-06-08,1.72,79.76190476190477
2022-06-08,2022-06-09,1.75,81.34920634920636
2022-06-09,2022-06-10,1.74,79.36507936507937
2022-06-10,2022-06-11,1.76,81.74603174603175
2022-06-13,2022-06-14,1.7,76.98412698412699
2022-06-14,2022-06-15,1.66,73.4126984126984
2022-06-15,2022-06-16,1.59,61.904761904761905
2022-06-16,2022-06-17,1.69,75.79365079365078
2022-06-17,2022-06-18,1.62,66.26984126984127
2022-06-21,2022-06-22,1.61,63.888888888888886
2022-06-22,2022-06-23,1.55,52.38095238095239
2022-06-23,2022-06-24,1.44,36.507936507936506
2022-06-24,2022-06-25,1.4,29.761904761904763
2022-06-27,2022-06-28,1.41,30.555555555555557
2022-06-28,2022-06-29,1.41,30.952380952380953
2022-06-29,2022-06-30,1.32,21.428571428571427
2022-06-30,2022-07-01,1.26,13.492063492063492
2022-07-01,2022-07-02,1.15,1.984126984126984
2022-07-05,2022-07-06,0.92,0.3968253968253968
2022-07-06,2022-07-07,1.03,0.7936507936507936
2022-07-07,2022-07-08,1.06,1.1904761904761905
2022-07-08,2022-07-09,1.11,1.5873015873015872
2022-07-11,2022-07-12,0.81,0.3968253968253968
2022-07-12,2022-07-13,0.74,0.3968253968253968
2022-07-13,2022-07-14,0.52,0.3968253968253968
2022-07-14,2022-07-15,0.56,0.7936507936507936
2022-07-15,2022-07-16,0.56,1.1904761904761905
2022-07-18,2022-07-19,0.46,0.3968253968253968
2022-07-19,2022-07-20,0.49,0.7936507936507936
2022-07-20,2022-07-21,0.53,1.5873015873015872
2022-07-21,2022-07-22,0.43,0.3968253968253968
2022-07-22,2022-07-23,0.28,0.3968253968253968
2022-07-25,2022-07-26,0.19,0.3968253968253968
2022-07-26,2022-07-27,0.26,0.7936507936507936
2022-07-27,2022-07-28,0.34,1.5873015873015872
2022-07-28,2022-07-29,0.26,1.1904761904761905
2022-07-29,2022-07-30,0.26,1.5873015873015872
2022-08-01,2022-08-02,0.04,0.3968253968253968
2022-08-02,2022-08-03,0.19,1.1904761904761905
2022-08-03,2022-08-04,0.21,1.5873015873015872
2022-08-04,2022-08-05,0.18,0.7936507936507936
2022-08-05,2022-08-06,0.25,2.380952380952381
2022-08-08,2022-08-09,0.12,0.7936507936507936
2022-08-09,2022-08-10,0.13,1.1904761904761905
2022-08-10,2022-08-11,0.13,1.5873015873015872
2022-08-11,2022-08-12,0.25,3.968253968253968
2022-08-12,2022-08-13,0.21,3.571428571428571
2022-08-15,2022-08-16,0.07,0.7936507936507936
2022-08-16,2022-08-17,0.12,1.5873015873015872
2022-08-17,2022-08-18,0.21,4.761904761904762
2022-08-18,2022-08-19,0.17,2.7777777777777777
2022-08-19,2022-08-20,0.24,5.555555555555555
2022-08-22,2022-08-23,0.21,5.555555555555555
2022-08-23,2022-08-24,0.25,7.142857142857142
2022-08-24,2022-08-25,0.29,9.126984126984127
2022-08-25,2022-08-26,0.15,2.7777777777777777
2022-08-26,2022-08-27,0.15,3.1746031746031744
2022-08-29,2022-08-30,0.15,3.571428571428571
2022-08-30,2022-08-31,0.14,2.7777777777777777
2022-08-31,2022-09-01,0.19,5.952380952380952
2022-09-01,2022-09-02,0.29,11.507936507936508
2022-09-02,2022-09-03,0.26,10.714285714285714
2022-09-06,2022-09-07,0.29,12.3015873015873
2022-09-07,2022-09-08,0.2,6.349206349206349
2022-09-08,2022-09-09,0.23,8.333333333333332
2022-09-09,2022-09-10,0.25,10.317460317460316
2022-09-12,2022-09-13,0.2,6.746031746031746
2022-09-13,2022-09-14,0.14,3.1746031746031744
2022-09-14,2022-09-15,0.17,5.158730158730158
2022-09-15,2022-09-16,0.23,9.920634920634921
2022-09-16,2022-09-17,0.25,12.3015873015873
2022-09-19,2022-09-20,0.12,1.984126984126984
2022-09-20,2022-09-21,0.22,9.920634920634921
2022-09-21,2022-09-22,0.2,8.333333333333332
2022-09-22,2022-09-23,0.41,17.46031746031746
2022-09-23,2022-09-24,0.45,18.253968253968253
2022-09-26,2022-09-27,0.49,19.444444444444446
2022-09-27,2022-09-28,0.62,21.428571428571427
2022-09-28,2022-09-29,0.32,17.063492063492063
2022-09-29,2022-09-30,0.4,17.857142857142858
2022-09-30,2022-10-01,0.5,20.634920634920633
2022-10-03,2022-10-04,0.21,10.317460317460316
2022-10-04,2022-10-05,0.17,5.952380952380952
2022-10-05,2022-10-06,0.3,17.857142857142858
2022-10-06,2022-10-07,0.37,19.047619047619047
2022-10-07,2022-10-08,0.44,20.634920634920633
2022-10-11,2022-10-12,0.26,16.26984126984127
2022-10-12,2022-10-13,0.21,11.11111111111111
2022-10-13,2022-10-14,0.18,6.746031746031746
2022-10-14,2022-10-15,0.19,8.333333333333332
2022-10-17,2022-10-18,0.05,0.7936507936507936
2022-10-18,2022-10-19,-0.03,0.3968253968253968
2022-10-19,2022-10-20,0.07,1.984126984126984
2022-10-20,2022-10-21,0.15,6.349206349206349
2022-10-21,2022-10-22,0.12,3.571428571428571
2022-10-24,2022-10-25,0.09,2.380952380952381
2022-10-25,2022-10-26,-0.04,0.3968253968253968
2022-10-26,2022-10-27,-0.07,0.3968253968253968
2022-10-27,2022-10-28,-0.17,0.3968253968253968
2022-10-28,2022-10-29,-0.16,0.7936507936507936
2022-10-31,2022-11-01,-0.12,1.1904761904761905
2022-11-01,2022-11-02,-0.16,1.1904761904761905
2022-11-02,2022-11-03,-0.12,1.984126984126984
2022-11-03,2022-11-04,-0.11,2.380952380952381
2022-11-04,2022-11-05,-0.04,3.571428571428571
2022-11-07,2022-11-08,-0.07,3.1746031746031744
2022-11-08,2022-11-09,-0.14,1.5873015873015872
2022-11-09,2022-11-10,-0.17,0.7936507936507936
2022-11-10,2022-11-11,-0.46,0.3968253968253968
2022-11-14,2022-11-15,-0.46,0.7936507936507936
2022-11-15,2022-11-16,-0.51,0.3968253968253968
2022-11-16,2022-11-17,-0.65,0.3968253968253968
2022-11-17,2022-11-18,-0.55,0.7936507936507936
2022-11-18,2022-11-19,-0.52,1.1904761904761905
2022-11-21,2022-11-22,-0.58,0.7936507936507936
2022-11-22,2022-11-23,-0.64,0.7936507936507936
2022-11-23,2022-11-24,-0.69,0.3968253968253968
2022-11-25,2022-11-26,-0.73,0.3968253968253968
2022-11-28,2022-11-29,-0.72,0.7936507936507936
2022-11-29,2022-11-30,-0.63,2.380952380952381
2022-11-30,2022-12-01,-0.69,1.5873015873015872
2022-12-01,2022-12-02,-0.8,0.3968253968253968
2022-12-02,2022-12-03,-0.83,0.3968253968253968
2022-12-05,2022-12-06,-0.76,1.1904761904761905
2022-12-06,2022-12-07,-0.86,0.3968253968253968
2022-12-07,2022-12-08,-0.87,0.3968253968253968
2022-12-08,2022-12-09,-0.8,1.984126984126984
2022-12-09,2022-12-10,-0.74,2.7777777777777777
2022-12-12,2022-12-13,-0.77,2.380952380952381
2022-12-13,2022-12-14,-0.84,1.1904761904761905
2022-12-14,2022-12-15,-0.84,1.5873015873015872
2022-12-15,2022-12-16,-0.9,0.3968253968253968
2022-12-16,2022-12-17,-0.83,2.7777777777777777
2022-12-19,2022-12-20,-0.8,3.968253968253968
2022-12-20,2022-12-21,-0.66,7.142857142857142
2022-12-21,2022-12-22,-0.65,7.936507936507936
2022-12-22,2022-12-23,-0.68,7.142857142857142
2022-12-23,2022-12-24,-0.59,9.523809523809524
2022-12-27,2022-12-28,-0.62,9.523809523809524
2022-12-28,2022-12-29,-0.58,10.714285714285714
2022-12-29,2022-12-30,-0.62,9.920634920634921
2022-12-30,2022-12-31,-0.54,11.904761904761903
2023-01-03,2023-01-04,-0.74,5.555555555555555
2023-01-04,2023-01-05,-0.86,1.5873015873015872
2023-01-05,2023-01-06,-0.95,0.3968253968253968
2023-01-06,2023-01-07,-1.12,0.3968253968253968
2023-01-09,2023-01-10,-1.17,0.3968253968253968
2023-01-10,2023-01-11,-1.12,1.1904761904761905
2023-01-11,2023-01-12,-1.18,0.3968253968253968
2023-01-12,2023-01-13,-1.23,0.3968253968253968
2023-01-13,2023-01-14,-1.18,1.1904761904761905
2023-01-17,2023-01-18,-1.18,1.5873015873015872
2023-01-18,2023-01-19,-1.32,0.3968253968253968
2023-01-19,2023-01-20,-1.32,0.7936507936507936
2023-01-20,2023-01-21,-1.24,1.1904761904761905
2023-01-23,2023-01-24,-1.21,1.984126984126984
2023-01-24,2023-01-25,-1.26,1.1904761904761905
2023-01-25,2023-01-26,-1.26,1.5873015873015872
2023-01-26,2023-01-27,-1.22,2.7777777777777777
2023-01-27,2023-01-28,-1.21,3.571428571428571
2023-01-30,2023-01-31,-1.17,5.555555555555555
2023-01-31,2023-02-01,-1.18,5.158730158730158
2023-02-01,2023-02-02,-1.27,1.1904761904761905
2023-02-02,2023-02-03,-1.26,2.380952380952381
2023-02-03,2023-02-04,-1.17,7.142857142857142
2023-02-06,2023-02-07,-1.08,8.333333333333332
2023-02-07,2023-02-08,-1.04,8.73015873015873
2023-02-08,2023-02-09,-1.09,8.333333333333332
2023-02-09,2023-02-10,-1.1,8.333333333333332
2023-02-10,2023-02-11,-1.05,9.523809523809524
2023-02-13,2023-02-14,-1.09,9.126984126984127
2023-02-14,2023-02-15,-1.03,10.714285714285714
2023-02-15,2023-02-16,-0.98,11.11111111111111
2023-02-16,2023-02-17,-0.98,11.507936507936508
2023-02-17,2023-02-18,-1.02,11.11111111111111
2023-02-21,2023-02-22,-0.91,12.698412698412698
2023-02-22,2023-02-23,-0.91,13.095238095238097
2023-02-23,2023-02-24,-0.96,12.3015873015873
2023-02-24,2023-02-25,-0.91,13.88888888888889
2023-02-27,2023-02-28,-0.97,12.3015873015873
2023-02-28,2023-03-01,-0.96,13.095238095238097
2023-03-01,2023-03-02,-0.89,15.476190476190476
2023-03-02,2023-03-03,-0.83,18.650793650793652
2023-03-03,2023-03-04,-0.94,13.88888888888889
2023-03-06,2023-03-07,-0.95,13.88888888888889
2023-03-07,2023-03-08,-1.07,9.920634920634921
2023-03-08,2023-03-09,-1.08,9.920634920634921
2023-03-09,2023-03-10,-1.12,8.333333333333332
2023-03-10,2023-03-11,-1.31,1.1904761904761905
2023-03-13,2023-03-14,-1.32,1.1904761904761905
2023-03-14,2023-03-15,-1.24,3.968253968253968
2023-03-15,2023-03-16,-1.24,4.365079365079365
2023-03-16,2023-03-17,-1.18,7.936507936507936
2023-03-17,2023-03-18,-1.13,9.523809523809524
2023-03-20,2023-03-21,-1.34,0.3968253968253968
2023-03-21,2023-03-22,-1.19,6.746031746031746
2023-03-22,2023-03-23,-1.31,2.380952380952381
2023-03-23,2023-03-24,-1.35,0.3968253968253968
2023-03-24,2023-03-25,-1.36,0.3968253968253968
2023-03-27,2023-03-28,-1.38,0.3968253968253968
2023-03-28,2023-03-29,-1.25,5.555555555555555
2023-03-29,2023-03-30,-1.23,7.5396825396825395
2023-03-30,2023-03-31,-1.42,0.3968253968253968
2023-03-31,2023-04-01,-1.37,1.1904761904761905
2023-04-03,2023-04-04,-1.47,0.3968253968253968
2023-04-04,2023-04-05,-1.53,0.3968253968253968
2023-04-05,2023-04-06,-1.56,0.3968253968253968
2023-04-06,2023-04-07,-1.61,0.3968253968253968
2023-04-07,2023-04-08,-1.56,1.1904761904761905
2023-04-10,2023-04-11,-1.67,0.3968253968253968
2023-04-11,2023-04-12,-1.61,1.1904761904761905
2023-04-12,2023-04-13,-1.61,1.5873015873015872
2023-04-13,2023-04-14,-1.65,0.7936507936507936
2023-04-14,2023-04-15,-1.62,1.1904761904761905
2023-04-17,2023-04-18,-1.61,2.7777777777777777
2023-04-18,2023-04-19,-1.62,1.5873015873015872
2023-04-19,2023-04-20,-1.56,4.365079365079365
2023-04-20,2023-04-21,-1.58,3.571428571428571
2023-04-21,2023-04-22,-1.57,3.968253968253968
2023-04-24,2023-04-25,-1.68,0.3968253968253968
2023-04-25,2023-04-26,-1.72,0.3968253968253968
2023-04-26,2023-04-27,-1.73,0.3968253968253968
2023-04-27,2023-04-28,-1.65,2.380952380952381
2023-04-28,2023-04-29,-1.66,1.984126984126984
2023-05-01,2023-05-02,-1.68,1.5873015873015872
2023-05-02,2023-05-03,-1.8,0.3968253968253968
2023-05-03,2023-05-04,-1.88,0.3968253968253968
2023-05-04,2023-05-05,-1.89,0.3968253968253968
2023-05-05,2023-05-06,-1.82,1.1904761904761905
2023-05-08,2023-05-09,-1.79,1.984126984126984
2023-05-09,2023-05-10,-1.76,2.380952380952381
2023-05-10,2023-05-11,-1.81,1.5873015873015872
2023-05-11,2023-05-12,-1.81,1.984126984126984
2023-05-12,2023-05-13,-1.79,3.1746031746031744
2023-05-15,2023-05-16,-1.71,4.761904761904762
2023-05-16,2023-05-17,-1.69,5.158730158730158
2023-05-17,2023-05-18,-1.69,5.555555555555555
2023-05-18,2023-05-19,-1.66,7.5396825396825395
2023-05-19,2023-05-20,-1.59,11.11111111111111
2023-05-22,2023-05-23,-1.68,6.746031746031746
2023-05-23,2023-05-24,-1.64,9.126984126984127
2023-05-24,2023-05-25,-1.64,9.523809523809524
2023-05-25,2023-05-26,-1.55,14.682539682539684
2023-05-26,2023-05-27,-1.54,15.079365079365079
2023-05-30,2023-05-31,-1.86,1.1904761904761905
2023-05-31,2023-06-01,-1.88,1.1904761904761905
2023-06-01,2023-06-02,-1.89,0.7936507936507936
2023-06-02,2023-06-03,-1.81,3.571428571428571
2023-06-05,2023-06-06,-1.77,5.158730158730158
2023-06-06,2023-06-07,-1.74,5.952380952380952
2023-06-07,2023-06-08,-1.63,12.3015873015873
2023-06-08,2023-06-09,-1.65,11.507936507936508
2023-06-09,2023-06-10,-1.62,13.88888888888889
2023-06-12,2023-06-13,-1.67,9.920634920634921
2023-06-13,2023-06-14,-1.52,19.841269841269842
2023-06-14,2023-06-15,-1.53,19.841269841269842
2023-06-15,2023-06-16,-1.61,16.26984126984127
2023-06-16,2023-06-17,-1.57,17.857142857142858
2023-06-20,2023-06-21,-1.65,12.3015873015873
2023-06-21,2023-06-22,-1.68,9.523809523809524
2023-06-22,2023-06-23,-1.6,17.46031746031746
2023-06-23,2023-06-24,-1.67,10.714285714285714
2023-06-26,2023-06-27,-1.78,5.158730158730158
2023-06-27,2023-06-28,-1.67,11.507936507936508
2023-06-28,2023-06-29,-1.73,7.142857142857142
2023-06-29,2023-06-30,-1.61,19.047619047619047
2023-06-30,2023-07-01,-1.62,17.063492063492063
2023-07-03,2023-07-04,-1.58,21.03174603174603
2023-07-05,2023-07-06,-1.49,25.396825396825395
2023-07-06,2023-07-07,-1.41,26.58730158730159
2023-07-07,2023-07-08,-1.4,26.984126984126984
2023-07-10,2023-07-11,-1.47,26.190476190476193
2023-07-11,2023-07-12,-1.5,25.396825396825395
2023-07-12,2023-07-13,-1.61,19.841269841269842
2023-07-13,2023-07-14,-1.71,8.333333333333332
2023-07-14,2023-07-15,-1.66,13.492063492063492
2023-07-17,2023-07-18,-1.68,11.11111111111111
2023-07-18,2023-07-19,-1.69,9.523809523809524
2023-07-19,2023-07-20,-1.74,6.746031746031746
2023-07-20,2023-07-21,-1.64,17.46031746031746
2023-07-21,2023-07-22,-1.66,15.079365079365079
2023-07-24,2023-07-25,-1.65,17.063492063492063
2023-07-25,2023-07-26,-1.6,23.809523809523807
2023-07-26,2023-07-27,-1.65,17.46031746031746
2023-07-27,2023-07-28,-1.5,30.158730158730158
2023-07-28,2023-07-29,-1.56,27.77777777777778
2023-07-31,2023-08-01,-1.58,25.793650793650798
2023-08-01,2023-08-02,-1.49,31.746031746031743
2023-08-02,2023-08-03,-1.45,32.93650793650794
2023-08-03,2023-08-04,-1.34,36.507936507936506
2023-08-04,2023-08-05,-1.49,32.142857142857146
2023-08-07,2023-08-08,-1.47,33.33333333333333
2023-08-08,2023-08-09,-1.55,28.968253968253972
2023-08-09,2023-08-10,-1.55,29.365079365079367
2023-08-10,2023-08-11,-1.45,34.92063492063492
2023-08-11,2023-08-12,-1.38,36.904761904761905
2023-08-14,2023-08-15,-1.37,37.698412698412696
2023-08-15,2023-08-16,-1.35,38.88888888888889
2023-08-16,2023-08-17,-1.28,42.06349206349206
2023-08-17,2023-08-18,-1.26,44.047619047619044
2023-08-18,2023-08-19,-1.29,42.06349206349206
2023-08-21,2023-08-22,-1.23,47.22222222222222
2023-08-22,2023-08-23,-1.23,47.61904761904761
2023-08-23,2023-08-24,-1.38,37.301587301587304
2023-08-24,2023-08-25,-1.35,39.682539682539684
2023-08-25,2023-08-26,-1.36,38.88888888888889
2023-08-28,2023-08-29,-1.38,37.698412698412696
2023-08-29,2023-08-30,-1.44,35.317460317460316
2023-08-30,2023-08-31,-1.44,35.714285714285715
2023-08-31,2023-09-01,-1.47,34.523809523809526
2023-09-01,2023-09-02,-1.35,42.06349206349206
2023-09-05,2023-09-06,-1.28,46.03174603174603
2023-09-06,2023-09-07,-1.25,48.80952380952381
2023-09-07,2023-09-08,-1.26,48.41269841269841
2023-09-08,2023-09-09,-1.29,45.63492063492063
2023-09-11,2023-09-12,-1.26,49.2063492063492
2023-09-12,2023-09-13,-1.29,46.03174603174603
2023-09-13,2023-09-14,-1.3,45.23809523809524
2023-09-14,2023-09-15,-1.26,50.39682539682539
2023-09-15,2023-09-16,-1.23,54.36507936507936
2023-09-18,2023-09-19,-1.23,54.761904761904766
2023-09-19,2023-09-20,-1.17,59.92063492063492
2023-09-20,2023-09-21,-1.21,56.34920634920635
2023-09-21,2023-09-22,-1.08,64.28571428571429
2023-09-22,2023-09-23,-1.12,62.301587301587304
2023-09-25,2023-09-26,-1.03,66.66666666666666
2023-09-26,2023-09-27,-1.02,67.46031746031747
2023-09-27,2023-09-28,-0.97,69.04761904761905
2023-09-28,2023-09-29,-0.97,69.44444444444444
2023-09-29,2023-09-30,-0.96,70.63492063492063
2023-10-02,2023-10-03,-0.93,72.22222222222221
2023-10-03,2023-10-04,-0.81,77.77777777777779
2023-10-04,2023-10-05,-0.88,74.60317460317461
2023-10-05,2023-10-06,-0.89,74.60317460317461
2023-10-06,2023-10-07,-0.85,76.5873015873016
2023-10-10,2023-10-11,-0.95,71.82539682539682
2023-10-11,2023-10-12,-1.03,67.06349206349206
2023-10-12,2023-10-13,-0.93,73.4126984126984
2023-10-13,2023-10-14,-0.99,68.25396825396825
2023-10-16,2023-10-17,-0.9,75.79365079365078
2023-10-17,2023-10-18,-0.79,82.53968253968253
2023-10-18,2023-10-19,-0.7,85.31746031746032
2023-10-19,2023-10-20,-0.62,89.68253968253968
2023-10-20,2023-10-21,-0.65,88.09523809523809
2023-10-23,2023-10-24,-0.72,85.31746031746032
2023-10-24,2023-10-25,-0.75,83.73015873015873
2023-10-25,2023-10-26,-0.64,89.68253968253968
2023-10-26,2023-10-27,-0.73,85.31746031746032
2023-10-27,2023-10-28,-0.75,84.12698412698413
2023-10-30,2023-10-31,-0.72,86.90476190476191
2023-10-31,2023-11-01,-0.71,87.3015873015873
2023-11-01,2023-11-02,-0.8,82.53968253968253
2023-11-02,2023-11-03,-0.87,77.77777777777779
2023-11-03,2023-11-04,-0.96,71.82539682539682
2023-11-06,2023-11-07,-0.89,77.38095238095238
2023-11-07,2023-11-08,-0.97,70.63492063492063
2023-11-08,2023-11-09,-1.05,65.87301587301587
2023-11-09,2023-11-10,-0.92,75.39682539682539
2023-11-10,2023-11-11,-0.92,75.79365079365078
2023-11-13,2023-11-14,-0.92,76.19047619047619
2023-11-14,2023-11-15,-1.08,65.07936507936508
2023-11-15,2023-11-16,-1.0,69.04761904761905
2023-11-16,2023-11-17,-1.06,65.87301587301587
2023-11-17,2023-11-18,-1.06,66.26984126984127
2023-11-20,2023-11-21,-1.12,62.698412698412696
2023-11-21,2023-11-22,-1.12,63.095238095238095
2023-11-22,2023-11-23,-1.12,63.49206349206349
2023-11-24,2023-11-25,-1.07,67.06349206349206
2023-11-27,2023-11-28,-1.1,64.28571428571429
2023-11-28,2023-11-29,-1.13,61.111111111111114
2023-11-29,2023-11-30,-1.18,59.12698412698413
2023-11-30,2023-12-01,-1.08,67.85714285714286
2023-12-01,2023-12-02,-1.21,56.74603174603175
2023-12-04,2023-12-05,-1.18,59.92063492063492
2023-12-05,2023-12-06,-1.27,48.01587301587302
2023-12-06,2023-12-07,-1.33,43.25396825396825
2023-12-07,2023-12-08,-1.3,46.03174603174603
2023-12-08,2023-12-09,-1.21,58.333333333333336
2023-12-11,2023-12-12,-1.24,53.96825396825397
2023-12-12,2023-12-13,-1.26,51.98412698412699
2023-12-13,2023-12-14,-1.4,37.698412698412696
2023-12-14,2023-12-15,-1.51,31.349206349206348
2023-12-15,2023-12-16,-1.53,30.952380952380953
2023-12-18,2023-12-19,-1.51,32.142857142857146
2023-12-19,2023-12-20,-1.5,33.33333333333333
2023-12-20,2023-12-21,-1.58,26.190476190476193
2023-12-21,2023-12-22,-1.53,31.746031746031743
2023-12-22,2023-12-23,-1.54,30.555555555555557
2023-12-26,2023-12-27,-1.56,28.968253968253972
2023-12-27,2023-12-28,-1.65,17.857142857142858
2023-12-28,2023-12-29,-1.61,24.206349206349206
2023-12-29,2023-12-30,-1.52,34.12698412698413
2024-01-02,2024-01-03,-1.51,35.317460317460316
2024-01-03,2024-01-04,-1.57,28.174603174603174
2024-01-04,2024-01-05,-1.49,38.492063492063494
2024-01-05,2024-01-06,-1.42,42.46031746031746
2024-01-08,2024-01-09,-1.48,38.88888888888889
2024-01-09,2024-01-10,-1.45,41.66666666666667
2024-01-10,2024-01-11,-1.42,43.65079365079365
2024-01-11,2024-01-12,-1.48,39.285714285714285
2024-01-12,2024-01-13,-1.49,38.88888888888889
2024-01-16,2024-01-17,-1.38,47.61904761904761
2024-01-17,2024-01-18,-1.37,48.80952380952381
2024-01-18,2024-01-19,-1.31,54.761904761904766
2024-01-19,2024-01-20,-1.3,55.55555555555556
2024-01-22,2024-01-23,-1.35,51.587301587301596
2024-01-23,2024-01-24,-1.31,54.761904761904766
2024-01-24,2024-01-25,-1.26,62.301587301587304
2024-01-25,2024-01-26,-1.3,56.34920634920635
2024-01-26,2024-01-27,-1.29,57.936507936507944
2024-01-29,2024-01-30,-1.34,52.77777777777778
2024-01-30,2024-01-31,-1.36,50.0
2024-01-31,2024-02-01,-1.43,43.65079365079365
2024-02-01,2024-02-02,-1.55,31.746031746031743
2024-02-02,2024-02-03,-1.4,46.82539682539682
2024-02-05,2024-02-06,-1.25,64.68253968253968
2024-02-06,2024-02-07,-1.35,53.57142857142857
2024-02-07,2024-02-08,-1.34,55.158730158730165
2024-02-08,2024-02-09,-1.29,61.111111111111114
2024-02-09,2024-02-10,-1.27,62.698412698412696
2024-02-12,2024-02-13,-1.26,65.47619047619048
2024-02-13,2024-02-14,-1.14,73.4126984126984
2024-02-14,2024-02-15,-1.16,73.4126984126984
2024-02-15,2024-02-16,-1.19,71.82539682539682
2024-02-16,2024-02-17,-1.14,74.60317460317461
2024-02-20,2024-02-21,-1.17,73.80952380952381
2024-02-21,2024-02-22,-1.12,78.17460317460318
2024-02-22,2024-02-23,-1.12,78.57142857142857
2024-02-23,2024-02-24,-1.2,71.42857142857143
2024-02-26,2024-02-27,-1.19,72.61904761904762
2024-02-27,2024-02-28,-1.14,76.19047619047619
2024-02-28,2024-02-29,-1.18,74.20634920634922
2024-02-29,2024-03-01,-1.2,71.82539682539682
2024-03-01,2024-03-02,-1.23,70.23809523809523
2024-03-04,2024-03-05,-1.26,65.87301587301587
2024-03-05,2024-03-06,-1.34,55.55555555555556
2024-03-06,2024-03-07,-1.36,51.587301587301596
2024-03-07,2024-03-08,-1.38,49.2063492063492
2024-03-08,2024-03-09,-1.37,50.79365079365079
2024-03-11,2024-03-12,-1.38,49.60317460317461
2024-03-12,2024-03-13,-1.32,58.333333333333336
2024-03-13,2024-03-14,-1.29,63.095238095238095
2024-03-14,2024-03-15,-1.19,75.79365079365078
2024-03-15,2024-03-16,-1.17,78.17460317460318
2024-03-18,2024-03-19,-1.14,79.76190476190477
2024-03-19,2024-03-20,-1.18,76.98412698412699
2024-03-20,2024-03-21,-1.2,73.80952380952381
2024-03-21,2024-03-22,-1.21,73.01587301587301
2024-03-22,2024-03-23,-1.24,69.04761904761905
2024-03-25,2024-03-26,-1.21,73.01587301587301
2024-03-26,2024-03-27,-1.22,71.03174603174604
2024-03-27,2024-03-28,-1.25,67.46031746031747
2024-03-28,2024-03-29,-1.26,66.26984126984127
2024-04-01,2024-04-02,-1.11,82.93650793650794
2024-04-02,2024-04-03,-1.06,85.71428571428571
2024-04-03,2024-04-04,-1.06,85.71428571428571
2024-04-04,2024-04-05,-1.1,82.53968253968253
2024-04-05,2024-04-06,-1.04,86.11111111111111
2024-04-08,2024-04-09,-1.01,87.3015873015873
2024-04-09,2024-04-10,-1.07,83.33333333333334
2024-04-10,2024-04-11,-0.9,92.85714285714286
2024-04-11,2024-04-12,-0.89,93.65079365079364
2024-04-12,2024-04-13,-0.95,89.68253968253968
2024-04-15,2024-04-16,-0.82,94.84126984126983
2024-04-16,2024-04-17,-0.78,96.03174603174604
2024-04-17,2024-04-18,-0.86,93.65079365079364
2024-04-18,2024-04-19,-0.82,94.44444444444444
2024-04-19,2024-04-20,-0.83,93.65079365079364
2024-04-22,2024-04-23,-0.8,95.23809523809523
2024-04-23,2024-04-24,-0.84,92.85714285714286
2024-04-24,2024-04-25,-0.81,94.44444444444444
2024-04-25,2024-04-26,-0.77,96.03174603174604
2024-04-26,2024-04-27,-0.79,95.23809523809523
2024-04-29,2024-04-30,-0.82,92.85714285714286
2024-04-30,2024-05-01,-0.77,96.03174603174604
2024-05-01,2024-05-02,-0.83,91.26984126984127
2024-05-02,2024-05-03,-0.88,88.88888888888889
2024-05-03,2024-05-04,-0.95,84.12698412698413
2024-05-06,2024-05-07,-0.96,82.93650793650794
2024-05-07,2024-05-08,-0.98,80.55555555555556
2024-05-08,2024-05-09,-0.97,81.74603174603175
2024-05-09,2024-05-10,-1.01,78.96825396825396
2024-05-10,2024-05-11,-0.97,81.74603174603175
2024-05-13,2024-05-14,-0.97,81.74603174603175
2024-05-14,2024-05-15,-0.99,78.96825396825396
2024-05-15,2024-05-16,-1.09,71.42857142857143
2024-05-16,2024-05-17,-1.07,73.4126984126984
2024-05-17,2024-05-18,-1.04,75.79365079365078
2024-05-20,2024-05-21,-1.01,77.77777777777779
2024-05-21,2024-05-22,-1.04,75.39682539682539
2024-05-22,2024-05-23,-1.02,76.5873015873016
2024-05-23,2024-05-24,-0.99,78.96825396825396
2024-05-24,2024-05-25,-1.0,77.77777777777779
2024-05-28,2024-05-29,-0.92,86.11111111111111
2024-05-29,2024-05-30,-0.85,90.07936507936508
2024-05-30,2024-05-31,-0.91,85.71428571428571
2024-05-31,2024-06-01,-0.95,82.93650793650794
2024-06-03,2024-06-04,-1.11,65.87301587301587
2024-06-04,2024-06-05,-1.19,57.53968253968254
2024-06-05,2024-06-06,-1.22,52.77777777777778
2024-06-06,2024-06-07,-1.23,51.98412698412699
2024-06-07,2024-06-08,-1.09,67.06349206349206
2024-06-10,2024-06-11,-1.05,71.42857142857143
2024-06-11,2024-06-12,-1.13,61.904761904761905
2024-06-12,2024-06-13,-1.2,54.761904761904766
2024-06-13,2024-06-14,-1.27,42.46031746031746
2024-06-14,2024-06-15,-1.31,36.507936507936506
2024-06-17,2024-06-18,-1.24,48.01587301587302
2024-06-18,2024-06-19,-1.28,40.87301587301587
2024-06-20,2024-06-21,-1.25,46.82539682539682
2024-06-21,2024-06-22,-1.24,48.01587301587302
2024-06-24,2024-06-25,-1.25,46.42857142857143
2024-06-25,2024-06-26,-1.26,44.44444444444444
2024-06-26,2024-06-27,-1.18,57.936507936507944
2024-06-27,2024-06-28,-1.2,54.36507936507936
2024-06-28,2024-06-29,-1.12,64.28571428571429
2024-07-01,2024-07-02,-0.99,77.38095238095238
2024-07-02,2024-07-03,-1.04,72.22222222222221
2024-07-03,2024-07-04,-1.11,64.28571428571429
2024-07-05,2024-07-06,-1.18,56.34920634920635
2024-07-08,2024-07-09,-1.18,56.34920634920635
2024-07-09,2024-07-10,-1.16,57.936507936507944
2024-07-10,2024-07-11,-1.18,55.952380952380956
2024-07-11,2024-07-12,-1.24,44.047619047619044
2024-07-12,2024-07-13,-1.25,42.06349206349206
2024-07-15,2024-07-16,-1.2,51.19047619047619
2024-07-16,2024-07-17,-1.26,39.285714285714285
2024-07-17,2024-07-18,-1.27,34.92063492063492
2024-07-18,2024-07-19,-1.23,46.03174603174603
2024-07-19,2024-07-20,-1.18,55.952380952380956
2024-07-22,2024-07-23,-1.17,57.14285714285714
2024-07-23,2024-07-24,-1.16,57.936507936507944
2024-07-24,2024-07-25,-1.12,63.095238095238095
2024-07-25,2024-07-26,-1.12,63.095238095238095
2024-07-26,2024-07-27,-1.18,54.36507936507936
2024-07-29,2024-07-30,-1.24,40.87301587301587
2024-07-30,2024-07-31,-1.25,38.492063492063494
2024-07-31,2024-08-01,-1.32,23.41269841269841
2024-08-01,2024-08-02,-1.38,16.26984126984127
2024-08-02,2024-08-03,-1.49,7.936507936507936
2024-08-05,2024-08-06,-1.57,1.984126984126984
2024-08-06,2024-08-07,-1.44,11.904761904761903
2024-08-07,2024-08-08,-1.38,16.666666666666664
2024-08-08,2024-08-09,-1.35,21.03174603174603
2024-08-09,2024-08-10,-1.39,13.095238095238097
2024-08-12,2024-08-13,-1.43,11.11111111111111
2024-08-13,2024-08-14,-1.47,8.73015873015873
2024-08-14,2024-08-15,-1.49,7.5396825396825395
2024-08-15,2024-08-16,-1.42,12.698412698412698
2024-08-16,2024-08-17,-1.44,11.11111111111111
2024-08-19,2024-08-20,-1.45,9.920634920634921
2024-08-20,2024-08-21,-1.47,9.523809523809524
2024-08-21,2024-08-22,-1.47,9.920634920634921
2024-08-22,2024-08-23,-1.42,14.682539682539684
2024-08-23,2024-08-24,-1.44,12.698412698412698
2024-08-26,2024-08-27,-1.42,15.476190476190476
2024-08-27,2024-08-28,-1.4,16.666666666666664
2024-08-28,2024-08-29,-1.37,20.634920634920633
2024-08-29,2024-08-30,-1.35,23.015873015873016
2024-08-30,2024-08-31,-1.3,28.174603174603174
2024-09-03,2024-09-04,-1.35,22.61904761904762
2024-09-04,2024-09-05,-1.41,14.682539682539684
2024-09-05,2024-09-06,-1.42,14.682539682539684
2024-09-06,2024-09-07,-1.41,15.476190476190476
2024-09-09,2024-09-10,-1.41,15.873015873015872
2024-09-10,2024-09-11,-1.41,16.26984126984127
2024-09-11,2024-09-12,-1.45,10.714285714285714
2024-09-12,2024-09-13,-1.38,20.634920634920633
2024-09-13,2024-09-14,-1.31,28.57142857142857
2024-09-16,2024-09-17,-1.33,26.58730158730159
2024-09-17,2024-09-18,-1.3,30.952380952380953
2024-09-18,2024-09-19,-1.14,58.730158730158735
2024-09-19,2024-09-20,-1.07,68.25396825396825
2024-09-20,2024-09-21,-1.02,73.80952380952381
2024-09-23,2024-09-24,-0.97,80.15873015873017
2024-09-24,2024-09-25,-0.95,82.93650793650794
2024-09-25,2024-09-26,-0.9,86.5079365079365
2024-09-26,2024-09-27,-0.89,87.6984126984127
2024-09-27,2024-09-28,-0.93,82.93650793650794
2024-09-30,2024-10-01,-0.92,84.52380952380952
2024-10-01,2024-10-02,-0.97,78.17460317460318
2024-10-02,2024-10-03,-0.9,86.11111111111111
2024-10-03,2024-10-04,-0.83,91.26984126984127
2024-10-04,2024-10-05,-0.75,96.82539682539682
2024-10-07,2024-10-08,-0.74,96.82539682539682
2024-10-08,2024-10-09,-0.71,98.4126984126984
2024-10-09,2024-10-10,-0.69,98.80952380952381
2024-10-10,2024-10-11,-0.66,98.80952380952381
2024-10-11,2024-10-12,-0.65,99.20634920634922
2024-10-15,2024-10-16,-0.7,97.61904761904762
2024-10-16,2024-10-17,-0.7,97.61904761904762
2024-10-17,2024-10-18,-0.65,99.20634920634922
2024-10-18,2024-10-19,-0.65,99.20634920634922
2024-10-21,2024-10-22,-0.54,100.0
2024-10-22,2024-10-23,-0.52,100.0
2024-10-23,2024-10-24,-0.49,100.0
2024-10-24,2024-10-25,-0.49,100.0
2024-10-25,2024-10-26,-0.48,100.0
2024-10-28,2024-10-29,-0.42,100.0
2024-10-29,2024-10-30,-0.42,100.0
2024-10-30,2024-10-31,-0.38,100.0
2024-10-31,2024-11-01,-0.36,100.0
2024-11-01,2024-11-02,-0.24,100.0
2024-11-04,2024-11-05,-0.34,99.60317460317461
2024-11-05,2024-11-06,-0.38,98.80952380952381
2024-11-06,2024-11-07,-0.22,100.0
2024-11-07,2024-11-08,-0.32,99.20634920634922
2024-11-08,2024-11-09,-0.33,98.80952380952381
2024-11-12,2024-11-13,-0.2,100.0
2024-11-13,2024-11-14,-0.16,100.0
2024-11-14,2024-11-15,-0.18,99.60317460317461
2024-11-15,2024-11-16,-0.17,99.60317460317461
2024-11-18,2024-11-19,-0.21,98.4126984126984
2024-11-19,2024-11-20,-0.23,97.61904761904762
2024-11-20,2024-11-21,-0.21,98.4126984126984
2024-11-21,2024-11-22,-0.2,98.80952380952381
2024-11-22,2024-11-23,-0.22,97.22222222222221
2024-11-25,2024-11-26,-0.35,94.44444444444444
2024-11-26,2024-11-27,-0.31,95.63492063492063
2024-11-27,2024-11-28,-0.35,94.04761904761905
2024-11-29,2024-11-30,-0.4,92.06349206349206
2024-12-02,2024-12-03,-0.32,95.23809523809523
2024-12-03,2024-12-04,-0.26,95.63492063492063
2024-12-04,2024-12-05,-0.28,95.23809523809523
2024-12-05,2024-12-06,-0.29,94.84126984126983
2024-12-06,2024-12-07,-0.27,95.23809523809523
2024-12-09,2024-12-10,-0.22,97.22222222222221
2024-12-10,2024-12-11,-0.19,98.80952380952381
2024-12-11,2024-12-12,-0.12,100.0
2024-12-12,2024-12-13,-0.03,100.0
2024-12-13,2024-12-14,0.06,100.0
2024-12-16,2024-12-17,0.02,99.60317460317461
2024-12-17,2024-12-18,0.02,99.60317460317461
2024-12-18,2024-12-19,0.14,100.0
2024-12-19,2024-12-20,0.22,100.0
2024-12-20,2024-12-21,0.18,99.60317460317461
2024-12-23,2024-12-24,0.23,100.0
2024-12-24,2024-12-25,0.19,99.20634920634922
2024-12-26,2024-12-27,0.23,100.0
2024-12-27,2024-12-28,0.31,100.0
2024-12-30,2024-12-31,0.18,98.01587301587301
2024-12-31,2025-01-01,0.21,98.4126984126984
2025-01-02,2025-01-03,0.21,98.4126984126984
2025-01-03,2025-01-04,0.26,99.60317460317461
2025-01-06,2025-01-07,0.27,99.60317460317461
2025-01-07,2025-01-08,0.32,100.0
2025-01-08,2025-01-09,0.32,100.0
2025-01-09,2025-01-10,0.33,100.0
2025-01-10,2025-01-11,0.41,100.0
2025-01-13,2025-01-14,0.42,100.0
2025-01-14,2025-01-15,0.42,100.0
2025-01-15,2025-01-16,0.31,97.61904761904762
2025-01-16,2025-01-17,0.27,96.82539682539682
2025-01-17,2025-01-18,0.27,96.82539682539682
2025-01-21,2025-01-22,0.21,94.04761904761905
2025-01-22,2025-01-23,0.24,95.23809523809523
2025-01-23,2025-01-24,0.29,96.82539682539682
2025-01-24,2025-01-25,0.28,96.42857142857143
2025-01-27,2025-01-28,0.21,92.85714285714286
2025-01-28,2025-01-29,0.24,94.44444444444444
2025-01-29,2025-01-30,0.24,94.44444444444444
2025-01-30,2025-01-31,0.22,92.46031746031747
2025-01-31,2025-02-01,0.27,96.03174603174604
2025-02-03,2025-02-04,0.2,89.68253968253968
2025-02-04,2025-02-05,0.19,89.28571428571429
2025-02-05,2025-02-06,0.1,87.3015873015873
2025-02-06,2025-02-07,0.11,87.3015873015873
2025-02-07,2025-02-08,0.14,87.6984126984127
2025-02-10,2025-02-11,0.16,87.6984126984127
2025-02-11,2025-02-12,0.19,89.28571428571429
2025-02-12,2025-02-13,0.27,96.03174603174604
2025-02-13,2025-02-14,0.18,87.6984126984127
2025-02-14,2025-02-15,0.13,85.31746031746032
2025-02-18,2025-02-19,0.21,90.87301587301587
2025-02-19,2025-02-20,0.19,88.4920634920635
2025-02-20,2025-02-21,0.17,85.71428571428571
2025-02-21,2025-02-22,0.1,83.33333333333334
2025-02-24,2025-02-25,0.09,82.53968253968253
2025-02-25,2025-02-26,0.0,80.95238095238095
2025-02-26,2025-02-27,-0.06,80.15873015873017
2025-02-27,2025-02-28,-0.03,80.55555555555556
2025-02-28,2025-03-01,-0.08,79.36507936507937
2025-03-03,2025-03-04,-0.19,77.38095238095238
2025-03-04,2025-03-05,-0.12,78.96825396825396
2025-03-05,2025-03-06,-0.07,79.36507936507937
2025-03-06,2025-03-07,-0.05,79.76190476190477
2025-03-07,2025-03-08,-0.02,80.55555555555556
2025-03-10,2025-03-11,-0.11,77.77777777777779
2025-03-11,2025-03-12,-0.06,78.96825396825396
2025-03-12,2025-03-13,-0.03,80.15873015873017
2025-03-13,2025-03-14,-0.07,77.77777777777779
2025-03-14,2025-03-15,-0.02,80.55555555555556
2025-03-17,2025-03-18,-0.03,79.76190476190477
2025-03-18,2025-03-19,-0.05,78.17460317460318
2025-03-19,2025-03-20,-0.08,75.79365079365078
2025-03-20,2025-03-21,-0.09,75.0
2025-03-21,2025-03-22,-0.08,75.79365079365078
2025-03-24,2025-03-25,0.01,80.95238095238095
2025-03-25,2025-03-26,-0.02,80.15873015873017
2025-03-26,2025-03-27,0.02,81.74603174603175
2025-03-27,2025-03-28,0.05,81.74603174603175
2025-03-28,2025-03-29,-0.06,75.79365079365078
2025-03-31,2025-04-01,-0.09,72.61904761904762
2025-04-01,2025-04-02,-0.15,70.63492063492063
2025-04-02,2025-04-03,-0.12,71.42857142857143
2025-04-03,2025-04-04,-0.25,64.28571428571429
2025-04-04,2025-04-05,-0.27,63.49206349206349
2025-04-07,2025-04-08,-0.14,70.23809523809523
2025-04-08,2025-04-09,-0.05,76.5873015873016
2025-04-09,2025-04-10,-0.01,79.36507936507937
2025-04-10,2025-04-11,0.06,82.14285714285714
2025-04-11,2025-04-12,0.14,84.92063492063492
2025-04-14,2025-04-15,0.05,80.95238095238095
2025-04-15,2025-04-16,0.02,80.15873015873017
2025-04-16,2025-04-17,-0.04,74.60317460317461
2025-04-17,2025-04-18,0.0,78.17460317460318
2025-04-21,2025-04-22,0.08,81.74603174603175
2025-04-22,2025-04-23,0.08,81.74603174603175
2025-04-23,2025-04-24,0.07,80.95238095238095
2025-04-24,2025-04-25,0.0,76.98412698412699
2025-04-25,2025-04-26,-0.03,74.20634920634922
2025-04-28,2025-04-29,-0.09,67.46031746031747
2025-04-29,2025-04-30,-0.12,65.87301587301587
2025-04-30,2025-05-01,-0.14,64.28571428571429
2025-05-01,2025-05-02,-0.06,70.63492063492063
2025-05-02,2025-05-03,0.0,76.98412698412699
2025-05-05,2025-05-06,0.03,78.96825396825396
2025-05-06,2025-05-07,-0.03,73.4126984126984
2025-05-07,2025-05-08,-0.08,67.06349206349206
2025-05-08,2025-05-09,0.03,78.96825396825396
2025-05-09,2025-05-10,0.03,78.96825396825396
2025-05-12,2025-05-13,0.03,78.96825396825396
2025-05-13,2025-05-14,0.08,81.74603174603175
2025-05-14,2025-05-15,0.12,83.33333333333334
2025-05-15,2025-05-16,0.07,80.15873015873017
2025-05-16,2025-05-17,0.06,79.36507936507937
2025-05-19,2025-05-20,0.07,80.15873015873017
2025-05-20,2025-05-21,0.1,82.53968253968253
2025-05-21,2025-05-22,0.22,91.66666666666666
2025-05-22,2025-05-23,0.17,85.31746031746032
2025-05-23,2025-05-24,0.15,84.12698412698413
2025-05-27,2025-05-28,0.08,79.76190476190477
2025-05-28,2025-05-29,0.12,82.14285714285714
2025-05-29,2025-05-30,0.07,77.77777777777779
2025-05-30,2025-05-31,0.05,75.0
2025-06-02,2025-06-03,0.02,72.22222222222221
2025-06-03,2025-06-04,0.03,73.80952380952381
2025-06-04,2025-06-05,-0.07,60.71428571428571
2025-06-05,2025-06-06,-0.04,63.888888888888886
2025-06-06,2025-06-07,0.08,79.36507936507937
2025-06-09,2025-06-10,0.05,74.60317460317461
2025-06-10,2025-06-11,0.02,71.03174603174604
2025-06-11,2025-06-12,-0.04,62.698412698412696
2025-06-12,2025-06-13,-0.1,54.761904761904766
2025-06-13,2025-06-14,-0.04,62.698412698412696
2025-06-16,2025-06-17,0.03,73.01587301587301
2025-06-17,2025-06-18,-0.03,64.68253968253968
2025-06-18,2025-06-19,-0.04,61.904761904761905
2025-06-20,2025-06-21,-0.01,66.26984126984127
2025-06-23,2025-06-24,-0.04,61.50793650793651
2025-06-24,2025-06-25,-0.08,55.158730158730165
2025-06-25,2025-06-26,-0.09,53.17460317460318
2025-06-26,2025-06-27,-0.13,49.2063492063492
2025-06-27,2025-06-28,-0.1,51.587301587301596
2025-06-30,2025-07-01,-0.17,46.82539682539682
2025-07-01,2025-07-02,-0.14,48.41269841269841
2025-07-02,2025-07-03,-0.11,50.79365079365079
2025-07-03,2025-07-04,-0.07,56.34920634920635
2025-07-07,2025-07-08,-0.02,65.47619047619048
2025-07-08,2025-07-09,0.0,67.85714285714286
2025-07-09,2025-07-10,-0.08,53.96825396825397
2025-07-10,2025-07-11,-0.07,55.55555555555556
2025-07-11,2025-07-12,0.02,70.63492063492063
2025-07-14,2025-07-15,0.01,67.85714285714286
2025-07-15,2025-07-16,0.08,79.36507936507937
2025-07-16,2025-07-17,0.05,74.20634920634922
2025-07-17,2025-07-18,0.06,75.39682539682539
2025-07-18,2025-07-19,0.04,71.82539682539682
2025-07-21,2025-07-22,-0.03,61.111111111111114
2025-07-22,2025-07-23,-0.06,54.36507936507936
2025-07-23,2025-07-24,-0.01,63.49206349206349
2025-07-24,2025-07-25,0.01,66.26984126984127
2025-07-25,2025-07-26,-0.02,61.904761904761905
2025-07-28,2025-07-29,0.02,69.04761904761905
2025-07-29,2025-07-30,-0.06,52.77777777777778
2025-07-30,2025-07-31,-0.03,59.523809523809526
2025-07-31,2025-08-01,-0.04,55.952380952380956
2025-08-01,2025-08-02,-0.12,42.06349206349206
2025-08-04,2025-08-05,-0.13,40.07936507936508
2025-08-05,2025-08-06,-0.12,42.06349206349206
2025-08-06,2025-08-07,-0.1,43.65079365079365
2025-08-07,2025-08-08,-0.09,45.23809523809524
2025-08-08,2025-08-09,-0.05,53.17460317460318
2025-08-11,2025-08-12,-0.07,49.2063492063492
2025-08-12,2025-08-13,-0.04,55.952380952380956
2025-08-13,2025-08-14,-0.05,52.77777777777778
2025-08-14,2025-08-15,-0.01,62.698412698412696
2025-08-15,2025-08-16,0.03,71.42857142857143
2025-08-18,2025-08-19,0.01,65.47619047619048
2025-08-19,2025-08-20,0.0,63.888888888888886
2025-08-20,2025-08-21,-0.01,61.50793650793651
2025-08-21,2025-08-22,0.01,65.47619047619048
2025-08-22,2025-08-23,-0.01,61.111111111111114
2025-08-25,2025-08-26,-0.01,61.111111111111114
2025-08-26,2025-08-27,-0.02,58.333333333333336
2025-08-27,2025-08-28,-0.02,58.333333333333336
2025-08-28,2025-08-29,-0.04,51.98412698412699
2025-08-29,2025-08-30,0.0,63.49206349206349
2025-09-02,2025-09-03,0.08,79.36507936507937
2025-09-03,2025-09-04,0.04,71.42857142857143
2025-09-04,2025-09-05,0.01,64.68253968253968
2025-09-05,2025-09-06,0.03,70.63492063492063
2025-09-08,2025-09-09,-0.05,46.42857142857143
2025-09-09,2025-09-10,-0.02,56.34920634920635
2025-09-10,2025-09-11,-0.05,46.03174603174603
2025-09-11,2025-09-12,-0.07,40.87301587301587
2025-09-12,2025-09-13,-0.02,56.34920634920635
2025-09-15,2025-09-16,-0.01,59.12698412698413
2025-09-16,2025-09-17,0.0,61.904761904761905
2025-09-17,2025-09-18,0.04,71.42857142857143
2025-09-18,2025-09-19,0.08,79.36507936507937
2025-09-19,2025-09-20,0.11,81.34920634920636
2025-09-22,2025-09-23,0.15,84.12698412698413
2025-09-23,2025-09-24,0.12,81.74603174603175
2025-09-24,2025-09-25,0.14,83.33333333333334
2025-09-25,2025-09-26,0.14,83.33333333333334
2025-09-26,2025-09-27,0.18,86.5079365079365
2025-09-29,2025-09-30,0.11,79.36507936507937
2025-09-30,2025-10-01,0.14,82.93650793650794
2025-10-01,2025-10-02,0.11,78.96825396825396
2025-10-02,2025-10-03,0.08,75.79365079365078
2025-10-03,2025-10-04,0.1,77.38095238095238
2025-10-06,2025-10-07,0.16,84.12698412698413
2025-10-07,2025-10-08,0.13,80.15873015873017
2025-10-08,2025-10-09,0.12,79.36507936507937
2025-10-09,2025-10-10,0.11,77.77777777777779
2025-10-10,2025-10-11,0.03,63.888888888888886
2025-10-14,2025-10-15,0.01,57.14285714285714
2025-10-15,2025-10-16,0.02,60.317460317460316
2025-10-16,2025-10-17,-0.03,44.047619047619044
2025-10-17,2025-10-18,0.02,60.317460317460316
2025-10-20,2025-10-21,0.03,63.888888888888886
2025-10-21,2025-10-22,0.02,59.92063492063492
2025-10-22,2025-10-23,0.01,55.55555555555556
2025-10-23,2025-10-24,0.06,68.65079365079364
2025-10-24,2025-10-25,0.09,74.20634920634922
2025-10-27,2025-10-28,0.12,79.36507936507937
2025-10-28,2025-10-29,0.1,75.39682539682539
2025-10-29,2025-10-30,0.15,83.33333333333334
2025-10-30,2025-10-31,0.19,88.09523809523809
2025-10-31,2025-11-01,0.22,91.66666666666666
2025-11-03,2025-11-04,0.15,82.53968253968253
2025-11-04,2025-11-05,0.14,80.95238095238095
2025-11-05,2025-11-06,0.21,90.07936507936508
2025-11-06,2025-11-07,0.18,85.31746031746032
2025-11-07,2025-11-08,0.19,87.3015873015873
2025-11-10,2025-11-11,0.18,84.92063492063492
2025-11-12,2025-11-13,0.13,76.5873015873016
2025-11-13,2025-11-14,0.15,80.95238095238095
2025-11-14,2025-11-15,0.19,87.3015873015873
2025-11-17,2025-11-18,0.16,81.34920634920636
2025-11-18,2025-11-19,0.18,84.52380952380952
2025-11-19,2025-11-20,0.18,84.52380952380952
2025-11-20,2025-11-21,0.16,80.55555555555556
2025-11-21,2025-11-22,0.16,80.55555555555556
2025-11-24,2025-11-25,0.13,73.80952380952381
2025-11-25,2025-11-26,0.11,70.23809523809523
2025-11-26,2025-11-27,0.08,65.07936507936508
2025-11-28,2025-11-29,0.14,76.5873015873016
2025-12-01,2025-12-02,0.28,96.42857142857143
2025-12-02,2025-12-03,0.32,98.4126984126984
2025-12-03,2025-12-04,0.34,98.80952380952381
2025-12-04,2025-12-05,0.4,98.80952380952381
2025-12-05,2025-12-06,0.43,100.0
2025-12-08,2025-12-09,0.44,100.0
2025-12-09,2025-12-10,0.45,100.0
2025-12-10,2025-12-11,0.44,99.60317460317461
2025-12-11,2025-12-12,0.48,100.0
2025-12-12,2025-12-13,0.56,100.0
2025-12-15,2025-12-16,0.53,99.60317460317461
2025-12-16,2025-12-17,0.51,99.20634920634922
2025-12-17,2025-12-18,0.52,99.20634920634922
2025-12-18,2025-12-19,0.5,98.4126984126984
2025-12-19,2025-12-20,0.54,99.60317460317461
2025-12-22,2025-12-23,0.53,99.20634920634922
2025-12-23,2025-12-24,0.53,99.20634920634922
2025-12-24,2025-12-25,0.46,96.42857142857143
2025-12-26,2025-12-27,0.5,97.22222222222221
2025-12-29,2025-12-30,0.44,95.23809523809523
2025-12-30,2025-12-31,0.49,96.42857142857143
2025-12-31,2026-01-01,0.51,97.61904761904762
2026-01-02,2026-01-03,0.54,99.60317460317461
2026-01-05,2026-01-06,0.53,98.80952380952381
2026-01-06,2026-01-07,0.55,99.60317460317461
2026-01-07,2026-01-08,0.53,98.4126984126984
2026-01-08,2026-01-09,0.57,100.0
2026-01-09,2026-01-10,0.56,99.60317460317461
2026-01-12,2026-01-13,0.52,95.63492063492063
2026-01-13,2026-01-14,0.51,94.84126984126983
2026-01-14,2026-01-15,0.48,92.46031746031747
2026-01-15,2026-01-16,0.49,92.85714285714286
2026-01-16,2026-01-17,0.57,100.0
2026-01-20,2026-01-21,0.6,100.0
2026-01-21,2026-01-22,0.56,98.80952380952381
2026-01-22,2026-01-23,0.55,97.61904761904762
2026-01-23,2026-01-24,0.54,96.82539682539682
2026-01-26,2026-01-27,0.55,97.61904761904762
2026-01-27,2026-01-28,0.57,99.60317460317461
2026-01-28,2026-01-29,0.58,99.60317460317461
2026-01-29,2026-01-30,0.57,99.20634920634922
2026-01-30,2026-01-31,0.59,99.60317460317461
2026-02-02,2026-02-03,0.6,100.0
2026-02-03,2026-02-04,0.59,99.20634920634922
2026-02-04,2026-02-05,0.6,100.0
2026-02-05,2026-02-06,0.54,93.65079365079364
2026-02-06,2026-02-07,0.54,93.65079365079364
2026-02-09,2026-02-10,0.53,91.66666666666666
2026-02-10,2026-02-11,0.47,84.92063492063492
2026-02-11,2026-02-12,0.48,85.71428571428571
2026-02-12,2026-02-13,0.39,81.34920634920636
2026-02-13,2026-02-14,0.36,80.95238095238095
2026-02-17,2026-02-18,0.36,80.95238095238095
2026-02-18,2026-02-19,0.39,81.34920634920636
2026-02-19,2026-02-20,0.39,81.34920634920636
2026-02-20,2026-02-21,0.39,81.34920634920636
2026-02-23,2026-02-24,0.34,78.96825396825396
2026-02-24,2026-02-25,0.35,78.96825396825396
2026-02-25,2026-02-26,0.36,79.76190476190477
2026-02-26,2026-02-27,0.34,78.17460317460318
2026-02-27,2026-02-28,0.3,76.5873015873016
2026-03-02,2026-03-03,0.33,76.98412698412699
2026-03-03,2026-03-04,0.35,78.57142857142857
2026-03-04,2026-03-05,0.38,79.76190476190477
2026-03-05,2026-03-06,0.43,82.14285714285714
2026-03-06,2026-03-07,0.46,84.12698412698413
2026-03-09,2026-03-10,0.41,80.95238095238095
2026-03-10,2026-03-11,0.44,82.93650793650794
2026-03-11,2026-03-12,0.5,87.3015873015873
2026-03-12,2026-03-13,0.55,94.84126984126983
2026-03-13,2026-03-14,0.56,96.03174603174604
2026-03-16,2026-03-17,0.51,87.6984126984127
2026-03-17,2026-03-18,0.48,84.12698412698413
2026-03-18,2026-03-19,0.53,90.87301587301587
2026-03-19,2026-03-20,0.52,88.09523809523809
2026-03-20,2026-03-21,0.65,100.0
2026-03-23,2026-03-24,0.6,99.60317460317461
2026-03-24,2026-03-25,0.65,100.0
2026-03-25,2026-03-26,0.6,99.20634920634922
2026-03-26,2026-03-27,0.69,100.0
2026-03-27,2026-03-28,0.71,100.0
2026-03-30,2026-03-31,0.64,98.4126984126984
2026-03-31,2026-04-01,0.6,98.01587301587301
2026-04-01,2026-04-02,0.63,98.01587301587301
2026-04-02,2026-04-03,0.61,97.61904761904762
2026-04-03,2026-04-04,0.64,98.4126984126984
2026-04-06,2026-04-07,0.62,97.22222222222221
2026-04-07,2026-04-08,0.62,97.22222222222221
2026-04-08,2026-04-09,0.6,96.03174603174604
2026-04-09,2026-04-10,0.61,96.42857142857143
2026-04-10,2026-04-11,0.62,97.22222222222221
2026-04-13,2026-04-14,0.59,92.46031746031747
2026-04-14,2026-04-15,0.55,87.6984126984127
2026-04-15,2026-04-16,0.58,91.26984126984127
2026-04-16,2026-04-17,0.62,97.22222222222221
2026-04-17,2026-04-18,0.56,88.4920634920635
2026-04-20,2026-04-21,0.55,86.5079365079365
2026-04-21,2026-04-22,0.61,95.63492063492063
2026-04-22,2026-04-23,0.61,95.63492063492063
2026-04-23,2026-04-24,0.65,99.20634920634922
2026-04-24,2026-04-25,0.62,96.82539682539682
2026-04-27,2026-04-28,0.67,99.20634920634922
2026-04-28,2026-04-29,0.68,99.20634920634922
2026-04-29,2026-04-30,0.74,100.0
2026-04-30,2026-05-01,0.72,99.60317460317461
2026-05-01,2026-05-02,0.71,99.20634920634922
2026-05-04,2026-05-05,0.75,100.0
2026-05-05,2026-05-06,0.74,99.60317460317461
2026-05-06,2026-05-07,0.67,96.82539682539682
2026-05-07,2026-05-08,0.72,98.80952380952381
2026-05-08,2026-05-09,0.69,97.22222222222221
2026-05-11,2026-05-12,0.72,98.80952380952381
2026-05-12,2026-05-13,0.76,100.0
2026-05-13,2026-05-14,0.77,100.0
2026-05-14,2026-05-15,0.78,100.0
2026-05-15,2026-05-16,0.9,100.0
2026-05-18,2026-05-19,0.93,100.0
2026-05-19,2026-05-20,1.0,100.0
2026-05-20,2026-05-21,0.92,99.20634920634922
2026-05-21,2026-05-22,0.89,98.4126984126984
2026-05-22,2026-05-23,0.88,98.01587301587301
2026-05-26,2026-05-27,0.82,97.61904761904762
2026-05-27,2026-05-28,0.8,97.22222222222221
2026-05-28,2026-05-29,0.76,96.03174603174604
2026-05-29,2026-05-30,0.76,96.03174603174604
2026-06-01,2026-06-02,0.69,91.66666666666666
2026-06-02,2026-06-03,0.69,91.66666666666666
2026-06-03,2026-06-04,0.71,92.46031746031747
2026-06-04,2026-06-05,0.69,91.26984126984127
2026-06-05,2026-06-06,0.77,96.42857142857143
