date,open,high,low,close,adj_close,volume
2018-01-02,51.68000030517578,53.060001373291016,51.220001220703125,53.040000915527344,48.31418991088867,9819500.0
2018-01-03,53.540000915527344,54.279998779296875,53.189998626708984,53.97999954223633,49.17043685913086,10898900.0
2018-01-04,54.5,54.939998626708984,53.97999954223633,54.290000915527344,49.45282745361328,9462800.0
2018-01-05,54.650001525878906,54.90999984741211,54.220001220703125,54.599998474121094,49.73520278930664,10902200.0
2018-01-08,55.0099983215332,56.45000076293945,54.970001220703125,55.91999816894531,50.937591552734375,12658000.0
2018-01-09,56.16999816894531,56.18000030517578,54.040000915527344,54.86000061035156,49.97205352783203,13564900.0
2018-01-10,54.09000015258789,54.11000061035156,52.560001373291016,53.29999923706055,48.55103302001953,14537200.0
2018-01-11,53.470001220703125,53.529998779296875,52.619998931884766,53.20000076293945,48.45994186401367,10694200.0
2018-01-12,53.2400016784668,54.0,53.08000183105469,53.45000076293945,48.68766021728515,9072300.0
2018-01-16,54.81999969482422,55.400001525878906,54.0099983215332,54.5,49.64410400390625,14385000.0
2018-01-17,55.709999084472656,57.52000045776367,55.470001220703125,57.34000015258789,52.23107147216797,17924200.0
2018-01-18,56.75,58.630001068115234,56.68000030517578,57.400001525878906,52.28572845458984,17677700.0
2018-01-19,57.70000076293945,57.720001220703125,56.220001220703125,57.400001525878906,52.28572845458984,11458700.0
2018-01-22,57.470001220703125,57.529998779296875,56.869998931884766,57.459999084472656,52.34037780761719,11479800.0
2018-01-23,57.880001068115234,58.18000030517578,57.18000030517578,57.790000915527344,52.64097213745117,8813500.0
2018-01-24,57.31999969482422,57.41999816894531,56.36000061035156,56.880001068115234,51.81206130981445,11787300.0
2018-01-25,58.18000030517578,58.72999954223633,55.459999084472656,55.7599983215332,50.79184341430664,15271900.0
2018-01-26,56.41999816894531,57.119998931884766,55.93000030517578,57.119998931884766,52.03067779541016,11253500.0
2018-01-29,56.72999954223633,56.91999816894531,54.81999969482422,55.33000183105469,50.40015411376953,12350600.0
2018-01-30,54.279998779296875,54.33000183105469,53.209999084472656,53.380001068115234,48.623897552490234,14603700.0
2018-01-31,53.68000030517578,54.13999938964844,52.90999984741211,53.630001068115234,48.85162353515625,13166800.0
2018-02-01,53.15999984741211,54.18000030517578,52.93000030517578,53.279998779296875,48.53281021118164,9706000.0
2018-02-02,52.58000183105469,52.790000915527344,50.52000045776367,50.68000030517578,46.16446304321289,16813100.0
2018-02-05,49.97999954223633,51.470001220703125,48.310001373291016,48.310001373291016,44.005638122558594,17999700.0
2018-02-06,47.40999984741211,50.2599983215332,46.400001525878906,50.25,45.77277374267578,21455700.0
2018-02-07,49.869998931884766,50.58000183105469,48.66999816894531,48.689998626708984,44.35176467895508,14763400.0
2018-02-08,48.97999954223633,49.150001525878906,45.7400016784668,45.75,41.673728942871094,19922900.0
2018-02-09,46.84000015258789,48.5,45.130001068115234,48.08000183105469,43.7961311340332,22648200.0
2018-02-12,48.959999084472656,49.880001068115234,48.40999984741211,49.5,45.089603424072266,16326100.0
2018-02-13,49.2599983215332,49.650001525878906,48.5,49.54999923706055,45.13515853881836,12878600.0
2018-02-14,49.400001525878906,52.119998931884766,49.150001525878906,51.959999084472656,47.33042526245117,22166600.0
2018-02-15,52.15999984741211,54.0,50.58000183105469,53.9900016784668,49.17955017089844,26888200.0
2018-02-16,53.79999923706055,56.09000015258789,53.66999816894531,55.029998779296875,50.12687301635742,27810900.0
2018-02-20,54.7400016784668,57.36000061035156,54.349998474121094,56.65999984741211,51.70561981201172,22000700.0
2018-02-21,57.0,57.34000015258789,56.08000183105469,56.130001068115234,51.22195053100586,16464300.0
2018-02-22,56.4900016784668,56.97999954223633,55.810001373291016,56.06999969482422,51.16720962524414,14924600.0
2018-02-23,56.59000015258789,57.130001068115234,56.310001373291016,57.0099983215332,52.02500915527344,13532400.0
2018-02-26,57.52000045776367,59.0,57.34000015258789,58.810001373291016,53.6676139831543,14822200.0
2018-02-27,58.63999938964844,58.900001525878906,57.630001068115234,57.63999938964844,52.599910736083984,13102700.0
2018-02-28,57.900001525878906,58.77000045776367,57.58000183105469,57.59000015258789,52.554290771484375,13152700.0
2018-03-01,57.540000915527344,58.439998626708984,56.119998931884766,57.06999969482422,52.07976531982422,17330200.0
2018-03-02,55.900001525878906,58.13999938964844,55.119998931884766,58.029998779296875,52.95581817626953,15719300.0
2018-03-05,57.310001373291016,58.41999816894531,57.11000061035156,57.630001068115234,52.590789794921875,13326700.0
2018-03-06,58.31999969482422,60.18000030517578,58.099998474121094,59.9900016784668,54.74444580078125,23269600.0
2018-03-07,59.099998474121094,60.09000015258789,58.599998474121094,59.41999816894531,54.224273681640625,17284000.0
2018-03-08,59.7599983215332,59.90999984741211,59.0,59.369998931884766,54.17864608764648,12223400.0
2018-03-09,59.709999084472656,61.7599983215332,59.470001220703125,61.61000061035156,56.22278594970703,18066500.0
2018-03-12,61.90999984741211,62.400001525878906,60.880001068115234,60.970001220703125,55.63874435424805,16207800.0
2018-03-13,61.380001068115234,62.2400016784668,59.4900016784668,59.689998626708984,54.47066879272461,15676500.0
2018-03-14,59.9900016784668,60.709999084472656,59.38999938964844,60.22999954223633,54.96344757080078,11896400.0
2018-03-15,60.400001525878906,61.2400016784668,59.59000015258789,60.279998779296875,55.00907897949219,11944200.0
2018-03-16,60.380001068115234,60.52000045776367,59.22999954223633,59.439998626708984,54.242530822753906,15070200.0
2018-03-19,58.81999969482422,59.08000183105469,57.470001220703125,58.5,53.38471221923828,13747300.0
2018-03-20,58.41999816894531,59.52000045776367,58.31999969482422,59.22999954223633,54.0508918762207,8527300.0
2018-03-21,59.59000015258789,61.56999969482422,59.459999084472656,60.779998779296875,55.465354919433594,17171400.0
2018-03-22,59.66999816894531,60.619998931884766,58.900001525878906,58.959999084472656,53.80450439453125,14876400.0
2018-03-23,58.66999816894531,58.83000183105469,55.369998931884766,55.380001068115234,50.53754806518555,19399900.0
2018-03-26,57.209999084472656,58.52000045776367,56.61000061035156,58.470001220703125,53.35735702514648,14489000.0
2018-03-27,59.0,59.220001220703125,54.84000015258789,55.439998626708984,50.59228515625,17542500.0
2018-03-28,55.0,55.43000030517578,53.72999954223633,54.060001373291016,49.33295822143555,16677800.0
2018-03-29,54.599998474121094,56.61000061035156,54.189998626708984,55.61000061035156,50.74742889404297,12580200.0
2018-04-02,55.27000045776367,55.529998779296875,52.41999816894531,52.88999938964844,48.2652587890625,21063600.0
2018-04-03,53.52000045776367,54.439998626708984,53.0099983215332,53.97999954223633,49.25995635986328,10802200.0
2018-04-04,52.290000915527344,55.7599983215332,52.290000915527344,55.560001373291016,50.701805114746094,11991900.0
2018-04-05,55.869998931884766,56.209999084472656,53.86000061035156,54.290000915527344,49.542850494384766,12344400.0
2018-04-06,53.2599983215332,53.869998931884766,51.91999816894531,52.34000015258789,47.76335144042969,15088600.0
2018-04-09,52.97999954223633,54.97999954223633,52.79999923706055,53.02000045776367,48.383888244628906,11143500.0
2018-04-10,54.61000061035156,55.2599983215332,53.79999923706055,54.79999923706055,50.00825881958008,10495400.0
2018-04-11,54.4900016784668,55.90999984741211,54.349998474121094,54.95000076293945,50.14512634277344,9364800.0
2018-04-12,55.29999923706055,56.66999816894531,55.15999984741211,56.43000030517578,51.4957160949707,9133700.0
2018-04-13,56.880001068115234,57.060001373291016,55.689998626708984,56.06999969482422,51.16720962524414,6786400.0
2018-04-16,56.439998626708984,57.2400016784668,56.18000030517578,56.869998931884766,51.89724349975586,7982800.0
2018-04-17,57.20000076293945,58.400001525878906,57.16999816894531,57.86000061035156,52.80068588256836,9833000.0
2018-04-18,56.0,56.400001525878906,54.56999969482422,54.72999954223633,49.94436264038086,18705500.0
2018-04-19,53.68000030517578,54.18000030517578,50.79999923706055,51.189998626708984,46.71390914916992,24443500.0
2018-04-20,51.08000183105469,52.040000915527344,50.68000030517578,51.09000015258789,46.62266540527344,16258000.0
2018-04-23,51.529998779296875,51.7400016784668,49.93000030517578,50.18000030517578,45.792236328125,12427900.0
2018-04-24,50.709999084472656,51.04999923706055,48.18000030517578,48.720001220703125,44.45989227294922,16358900.0
2018-04-25,48.7599983215332,49.470001220703125,47.7400016784668,49.13999938964844,44.84315872192383,13284600.0
2018-04-26,50.0099983215332,50.65999984741211,49.54999923706055,50.4900016784668,46.07511520385742,12701500.0
2018-04-27,51.040000915527344,51.38999938964844,49.2400016784668,49.400001525878906,45.08043670654297,11514300.0
2018-04-30,49.52000045776367,49.95000076293945,49.16999816894531,49.66999816894531,45.32682418823242,12695000.0
2018-05-01,49.7400016784668,50.95000076293945,49.5099983215332,50.90999984741211,46.45840835571289,10935500.0
2018-05-02,50.65999984741211,51.279998779296875,50.369998931884766,50.529998779296875,46.11162185668945,10285000.0
2018-05-03,50.27000045776367,50.90999984741211,49.880001068115234,50.709999084472656,46.27589416503906,11661500.0
2018-05-04,50.38999938964844,52.689998626708984,50.18000030517578,52.560001373291016,47.96413040161133,12523300.0
2018-05-07,52.7400016784668,52.900001525878906,52.150001525878906,52.59000015258789,47.991493225097656,10071100.0
2018-05-08,52.70000076293945,53.4900016784668,52.599998474121094,53.45000076293945,48.77629089355469,13492900.0
2018-05-09,53.529998779296875,54.16999816894531,53.2599983215332,54.130001068115234,49.39683532714844,9581400.0
2018-05-10,54.529998779296875,55.619998931884766,54.31999969482422,55.529998779296875,50.67443084716797,9880400.0
2018-05-11,55.43000030517578,55.88999938964844,54.54999923706055,54.84000015258789,50.044769287109375,10897300.0
2018-05-14,55.83000183105469,56.939998626708984,55.22999954223633,55.2599983215332,50.42802047729492,12333800.0
2018-05-15,54.75,54.869998931884766,53.47999954223633,54.09000015258789,49.360328674316406,12837300.0
2018-05-16,54.5,55.459999084472656,54.459999084472656,55.16999816894531,50.34590530395508,10166700.0
2018-05-17,54.68000030517578,54.97999954223633,53.459999084472656,53.959999084472656,49.24170684814453,20101000.0
2018-05-18,50.290000915527344,50.459999084472656,48.529998779296875,49.5099983215332,45.18081283569336,51042200.0
2018-05-21,50.709999084472656,51.369998931884766,49.369998931884766,50.0,45.62797546386719,20898900.0
2018-05-22,50.61000061035156,51.33000183105469,50.0,50.25,45.85610580444336,15094000.0
2018-05-23,49.810001373291016,50.79999923706055,49.72999954223633,50.34000015258789,46.121803283691406,15595400.0
2018-05-24,50.59000015258789,50.90999984741211,49.86000061035156,50.77000045776367,46.51578521728515,10442000.0
2018-05-25,50.72999954223633,51.33000183105469,50.400001525878906,50.849998474121094,46.58906555175781,12202900.0
2018-05-29,51.099998474121094,52.25,51.040000915527344,52.02000045776367,47.66102981567383,16094900.0
2018-05-30,52.380001068115234,52.4900016784668,51.45000076293945,51.59000015258789,47.26707077026367,13439600.0
2018-05-31,51.310001373291016,51.61000061035156,50.619998931884766,50.779998779296875,46.52494812011719,16462700.0
2018-06-01,51.29999923706055,52.27000045776367,51.11000061035156,52.2400016784668,47.862606048583984,11341200.0
2018-06-04,52.349998474121094,52.470001220703125,51.88999938964844,52.290000915527344,47.908409118652344,9911300.0
2018-06-05,52.709999084472656,53.22999954223633,52.31999969482422,52.90999984741211,48.47645950317383,13547100.0
2018-06-06,52.93000030517578,52.93000030517578,52.11000061035156,52.529998779296875,48.1282958984375,10027100.0
2018-06-07,51.61000061035156,51.81999969482422,50.400001525878906,51.25,46.95555114746094,16869000.0
2018-06-08,50.40999984741211,51.220001220703125,50.22999954223633,51.150001525878906,46.86393356323242,9954400.0
2018-06-11,51.20000076293945,51.220001220703125,49.560001373291016,49.88999938964844,45.70951843261719,18725500.0
2018-06-12,50.06999969482422,50.880001068115234,49.83000183105469,50.86000061035156,46.59823226928711,17236800.0
2018-06-13,50.29999923706055,51.59000015258789,50.25,50.97999954223633,46.70817947387695,17174100.0
2018-06-14,50.9900016784668,51.040000915527344,49.619998931884766,49.689998626708984,45.52628707885742,16482500.0
2018-06-15,49.15999984741211,49.70000076293945,48.7599983215332,49.310001373291016,45.17811584472656,23243800.0
2018-06-18,48.880001068115234,49.0,48.150001525878906,48.31999969482422,44.27107238769531,13780900.0
2018-06-19,47.560001373291016,48.810001373291016,47.20000076293945,48.54999923706055,44.48180389404297,13586400.0
2018-06-20,48.75,48.97999954223633,48.13999938964844,48.58000183105469,44.50928497314453,9735900.0
2018-06-21,49.59000015258789,49.790000915527344,48.65999984741211,48.9900016784668,44.88492584228515,13209300.0
2018-06-22,49.400001525878906,49.400001525878906,47.72999954223633,47.959999084472656,43.941253662109375,13200500.0
2018-06-25,47.0,47.33000183105469,46.08000183105469,46.709999084472656,42.79598236083984,14442800.0
2018-06-26,47.15999984741211,47.29999923706055,46.560001373291016,46.66999816894531,42.75933074951172,14748300.0
2018-06-27,46.91999816894531,47.189998626708984,45.20000076293945,45.25,41.45832443237305,14900200.0
2018-06-28,44.959999084472656,45.4900016784668,44.56999969482422,45.290000915527344,41.494964599609375,13760400.0
2018-06-29,45.72999954223633,46.81999969482422,45.689998626708984,46.189998626708984,42.31954574584961,15112200.0
2018-07-02,45.099998474121094,45.709999084472656,44.91999816894531,45.68000030517578,41.85228729248047,11042900.0
2018-07-03,45.7599983215332,45.880001068115234,44.7400016784668,44.79999923706055,41.0460205078125,7538500.0
2018-07-05,45.40999984741211,45.68000030517578,44.9900016784668,45.439998626708984,41.63239288330078,8950700.0
2018-07-06,45.459999084472656,46.220001220703125,44.88999938964844,46.130001068115234,42.26458740234375,11467600.0
2018-07-09,46.2599983215332,46.650001525878906,45.52000045776367,46.52000045776367,42.62191009521485,9727700.0
2018-07-10,46.529998779296875,46.91999816894531,46.2599983215332,46.7400016784668,42.82346725463867,8802000.0
2018-07-11,46.04999923706055,46.220001220703125,44.97999954223633,45.20000076293945,41.41251754760742,13333000.0
2018-07-12,45.34000015258789,45.88999938964844,45.34000015258789,45.68000030517578,41.85228729248047,9735400.0
2018-07-13,45.59000015258789,46.22999954223633,45.5,46.130001068115234,42.26458740234375,6349000.0
2018-07-16,46.040000915527344,46.65999984741211,45.959999084472656,46.310001373291016,42.429500579833984,7228500.0
2018-07-17,45.95000076293945,47.459999084472656,45.95000076293945,47.29999923706055,43.3365364074707,9692800.0
2018-07-18,48.970001220703125,49.150001525878906,47.84000015258789,48.279998779296875,44.23442840576172,15309300.0
2018-07-19,47.709999084472656,48.0,46.560001373291016,46.66999816894531,42.75933074951172,11481100.0
2018-07-20,46.66999816894531,47.099998474121094,46.209999084472656,46.7599983215332,42.841796875,7792500.0
2018-07-23,46.29999923706055,46.540000915527344,45.43000030517578,46.43000030517578,42.5394401550293,7364300.0
2018-07-24,46.61000061035156,47.27000045776367,45.83000183105469,45.90999984741211,42.06300735473633,10903300.0
2018-07-25,45.790000915527344,46.06999969482422,45.130001068115234,45.959999084472656,42.10882186889648,9276400.0
2018-07-26,46.0,47.310001373291016,45.970001220703125,47.16999816894531,43.21742248535156,11637500.0
2018-07-27,48.630001068115234,49.47999954223633,47.880001068115234,48.29999923706055,44.25275039672851,17601100.0
2018-07-30,48.279998779296875,48.43000030517578,47.61000061035156,47.90999984741211,43.89542770385742,9305400.0
2018-07-31,48.36000061035156,49.060001373291016,48.15999984741211,48.630001068115234,44.55509567260742,10816400.0
2018-08-01,48.88999938964844,48.970001220703125,47.77000045776367,47.970001220703125,43.950408935546875,8326600.0
2018-08-02,47.38999938964844,48.83000183105469,47.11000061035156,48.11000061035156,44.07865905761719,9371700.0
2018-08-03,48.189998626708984,48.86000061035156,47.849998474121094,48.84000015258789,44.74748992919922,7032700.0
2018-08-06,49.08000183105469,49.790000915527344,48.900001525878906,49.47999954223633,45.33387756347656,8555000.0
2018-08-07,49.790000915527344,49.970001220703125,49.08000183105469,49.630001068115234,45.4713020324707,7530600.0
2018-08-08,49.599998474121094,50.38999938964844,49.45000076293945,50.18000030517578,45.9752197265625,8458800.0
2018-08-09,48.959999084472656,49.58000183105469,48.15999984741211,49.15999984741211,45.04069519042969,9514900.0
2018-08-10,48.18000030517578,48.65999984741211,47.90999984741211,48.130001068115234,44.09700393676758,8088800.0
2018-08-13,48.060001373291016,48.599998474121094,47.65999984741211,48.25,44.20694351196289,6436600.0
2018-08-14,48.41999816894531,48.88999938964844,48.22999954223633,48.380001068115234,44.32604217529297,6879800.0
2018-08-15,47.849998474121094,48.099998474121094,47.16999816894531,47.5099983215332,43.52894973754883,10296200.0
2018-08-16,47.9900016784668,48.22999954223633,47.150001525878906,47.43000030517578,43.45563507080078,13733100.0
2018-08-17,44.77000045776367,44.81999969482422,42.619998931884766,43.77000045776367,40.10232925415039,52584200.0
2018-08-20,43.79999923706055,44.150001525878906,43.02000045776367,43.529998779296875,39.882442474365234,15056100.0
2018-08-21,43.34000015258789,44.22999954223633,42.849998474121094,43.7599983215332,40.09318161010742,15570800.0
2018-08-22,43.52000045776367,43.54999923706055,42.970001220703125,42.9900016784668,39.56852722167969,11214300.0
2018-08-23,42.810001373291016,43.29999923706055,42.650001525878906,42.790000915527344,39.38445281982422,9504400.0
2018-08-24,42.84000015258789,43.060001373291016,42.52000045776367,42.72999954223633,39.3292350769043,8294700.0
2018-08-27,42.959999084472656,44.20000076293945,42.75,43.75,40.268043518066406,12581300.0
2018-08-28,43.22999954223633,43.63999938964844,42.95000076293945,43.400001525878906,39.94590377807617,13190500.0
2018-08-29,43.310001373291016,43.380001068115234,42.86000061035156,43.099998474121094,39.66978073120117,14226400.0
2018-08-30,42.900001525878906,43.5,42.88999938964844,43.13999938964844,39.70659255981445,10122300.0
2018-08-31,43.119998931884766,43.29999923706055,42.83000183105469,43.02000045776367,39.59614944458008,9982200.0
2018-09-04,42.84000015258789,43.0,42.04999923706055,42.619998931884766,39.22797775268555,15147400.0
2018-09-05,42.29999923706055,42.58000183105469,41.91999816894531,42.5,39.11753463745117,15022100.0
2018-09-06,41.97999954223633,42.20000076293945,40.2400016784668,40.27000045776367,37.06500625610352,22590500.0
2018-09-07,40.0,40.400001525878906,39.630001068115234,39.849998474121094,36.67842483520508,11910100.0
2018-09-10,40.099998474121094,40.279998779296875,39.400001525878906,39.599998474121094,36.448333740234375,15560700.0
2018-09-11,39.13999938964844,39.459999084472656,38.5099983215332,39.18000030517578,36.061767578125,14716700.0
2018-09-12,38.130001068115234,38.7599983215332,37.38999938964844,38.38999938964844,35.33463668823242,17214800.0
2018-09-13,38.779998779296875,39.150001525878906,38.619998931884766,38.88999938964844,35.79484176635742,13402900.0
2018-09-14,38.90999984741211,39.58000183105469,38.880001068115234,39.099998474121094,35.988128662109375,10359200.0
2018-09-17,38.95000076293945,39.16999816894531,38.63999938964844,38.70000076293945,35.619972229003906,10794500.0
2018-09-18,38.849998474121094,39.43000030517578,38.77000045776367,39.189998626708984,36.07097625732422,9846200.0
2018-09-19,39.38999938964844,39.470001220703125,38.849998474121094,39.040000915527344,35.93291473388672,8213400.0
2018-09-20,39.279998779296875,39.84000015258789,39.18000030517578,39.38999938964844,36.25506210327149,12464200.0
2018-09-21,39.33000183105469,39.959999084472656,39.150001525878906,39.630001068115234,36.4759407043457,20729500.0
2018-09-24,39.2400016784668,39.5,38.86000061035156,39.099998474121094,35.988128662109375,10678400.0
2018-09-25,39.150001525878906,39.22999954223633,38.5099983215332,38.58000183105469,35.5095100402832,9222500.0
2018-09-26,38.099998474121094,38.869998931884766,38.08000183105469,38.2599983215332,35.21498489379883,10927600.0
2018-09-27,38.310001373291016,38.7400016784668,38.06999969482422,38.349998474121094,35.297821044921875,7146400.0
2018-09-28,38.27000045776367,39.34000015258789,38.119998931884766,38.650001525878906,35.573944091796875,11751200.0
2018-10-01,38.5,38.77000045776367,38.04999923706055,38.34000015258789,35.28862380981445,10337000.0
2018-10-02,38.33000183105469,39.36000061035156,38.16999816894531,38.900001525878906,35.804046630859375,9626500.0
2018-10-03,39.150001525878906,39.650001525878906,38.689998626708984,38.91999816894531,35.82244873046875,7441700.0
2018-10-04,38.56999969482422,38.709999084472656,37.5,37.88999938964844,34.87443542480469,12199100.0
2018-10-05,37.81999969482422,38.04999923706055,36.97999954223633,37.2400016784668,34.27617263793945,9790200.0
2018-10-08,37.0,37.29999923706055,36.310001373291016,36.59000015258789,33.67789840698242,10259500.0
2018-10-09,36.529998779296875,36.58000183105469,35.689998626708984,35.720001220703125,32.87713623046875,13392700.0
2018-10-10,35.0,35.689998626708984,34.09000015258789,34.43000030517578,31.68980598449707,23974600.0
2018-10-11,34.36000061035156,34.79999923706055,32.779998779296875,32.790000915527344,30.180326461791992,31702100.0
2018-10-12,33.849998474121094,34.34000015258789,33.33000183105469,33.689998626708984,31.008695602416992,16781800.0
2018-10-15,33.439998626708984,33.849998474121094,33.04999923706055,33.43000030517578,30.769390106201172,10151000.0
2018-10-16,33.900001525878906,34.79999923706055,33.720001220703125,34.7599983215332,31.993539810180664,11705500.0
2018-10-17,36.02000045776367,36.08000183105469,34.88999938964844,34.959999084472656,32.17763137817383,15149200.0
2018-10-18,34.79999923706055,34.88999938964844,33.77000045776367,33.91999816894531,31.22039222717285,12345600.0
2018-10-19,34.16999816894531,34.810001373291016,33.88999938964844,34.290000915527344,31.560951232910156,14616500.0
2018-10-22,34.38999938964844,34.540000915527344,33.150001525878906,33.529998779296875,30.86142921447754,13210100.0
2018-10-23,32.11000061035156,33.939998626708984,32.11000061035156,33.52000045776367,30.85223388671875,16111600.0
2018-10-24,33.099998474121094,33.61000061035156,31.780000686645508,31.809999465942383,29.278324127197266,14457700.0
2018-10-25,32.209999084472656,32.939998626708984,32.09000015258789,32.63999938964844,30.042259216308594,12494800.0
2018-10-26,31.709999084472656,32.9900016784668,31.56999969482422,32.36000061035156,29.78455352783203,13317000.0
2018-10-29,32.650001525878906,32.75,30.530000686645508,31.1200008392334,28.643239974975582,14150400.0
2018-10-30,31.200000762939453,32.459999084472656,31.100000381469727,32.41999816894531,29.83976936340332,15142300.0
2018-10-31,32.900001525878906,33.2599983215332,32.220001220703125,32.880001068115234,30.263174057006836,12942900.0
2018-11-01,32.97999954223633,35.45000076293945,32.90999984741211,35.349998474121094,32.53657913208008,14184200.0
2018-11-02,35.810001373291016,36.02000045776367,34.720001220703125,35.27000045776367,32.46295166015625,11959700.0
2018-11-05,35.31999969482422,35.38999938964844,33.75,34.31999969482422,31.58856964111328,7785300.0
2018-11-06,34.15999984741211,34.91999816894531,34.099998474121094,34.869998931884766,32.09480285644531,6816400.0
2018-11-07,35.2599983215332,35.27000045776367,34.529998779296875,35.25,32.44453430175781,11028800.0
2018-11-08,34.79999923706055,35.619998931884766,34.75,34.939998626708984,32.159210205078125,9029900.0
2018-11-09,34.5,34.630001068115234,33.83000183105469,34.279998779296875,31.551748275756836,11136200.0
2018-11-12,33.72999954223633,33.79999923706055,32.459999084472656,32.619998931884766,30.02385711669922,10618000.0
2018-11-13,32.95000076293945,34.060001373291016,32.70000076293945,33.4900016784668,30.824623107910156,11847500.0
2018-11-14,33.79999923706055,34.38999938964844,33.20000076293945,33.58000183105469,30.90745735168457,9513500.0
2018-11-15,33.31999969482422,35.5,33.2400016784668,35.02000045776367,32.23284912109375,15175700.0
2018-11-16,32.150001525878906,35.81999969482422,32.06999969482422,35.400001525878906,32.58260726928711,28075300.0
2018-11-19,35.2400016784668,35.66999816894531,34.279998779296875,34.41999816894531,31.68060302734375,15053300.0
2018-11-20,33.34000015258789,36.91999816894531,33.13999938964844,35.77000045776367,32.923160552978516,25487100.0
2018-11-21,36.16999816894531,36.279998779296875,35.130001068115234,35.189998626708984,32.571434020996094,11659600.0
2018-11-23,34.86000061035156,35.61000061035156,34.79999923706055,35.04999923706055,32.44185256958008,5203200.0
2018-11-26,35.56999969482422,36.04999923706055,35.130001068115234,36.0099983215332,33.33041000366211,11741200.0
2018-11-27,35.650001525878906,36.599998474121094,35.369998931884766,36.0,33.3211669921875,11117800.0
2018-11-28,36.36000061035156,37.130001068115234,35.54999923706055,37.11000061035156,34.34856033325195,12038400.0
2018-11-29,36.790000915527344,37.09000015258789,36.279998779296875,36.540000915527344,33.82098388671875,7934200.0
2018-11-30,36.470001220703125,37.279998779296875,36.33000183105469,37.279998779296875,34.505916595458984,13387000.0
2018-12-03,38.29999923706055,38.63999938964844,37.779998779296875,38.34000015258789,35.48702621459961,14371100.0
2018-12-04,38.0,38.06999969482422,35.150001525878906,35.43000030517578,32.793575286865234,21733000.0
2018-12-06,34.630001068115234,34.880001068115234,33.97999954223633,34.689998626708984,32.108642578125,17391700.0
2018-12-07,34.45000076293945,34.83000183105469,33.59000015258789,33.63999938964844,31.136775970458984,15636700.0
2018-12-10,33.63999938964844,34.310001373291016,33.45000076293945,34.16999816894531,31.6273250579834,10337700.0
2018-12-11,34.7599983215332,35.380001068115234,33.959999084472656,34.02000045776367,31.48849105834961,13436900.0
2018-12-12,34.59000015258789,34.9900016784668,33.95000076293945,34.20000076293945,31.655099868774418,11895500.0
2018-12-13,34.45000076293945,34.4900016784668,33.529998779296875,33.709999084472656,31.20155906677246,9675800.0
2018-12-14,33.189998626708984,33.5099983215332,32.630001068115234,32.650001525878906,30.220436096191406,10822900.0
2018-12-17,32.52000045776367,33.7599983215332,32.52000045776367,32.66999816894531,30.238954544067383,12262100.0
2018-12-18,33.06999969482422,34.31999969482422,32.88999938964844,33.279998779296875,30.803558349609375,13636700.0
2018-12-19,32.72999954223633,33.7599983215332,31.36000061035156,31.530000686645508,29.183778762817383,14660000.0
2018-12-20,31.899999618530273,32.25,30.780000686645508,30.899999618530273,28.600662231445312,16178300.0
2018-12-21,30.88999938964844,31.829999923706055,30.25,30.309999465942383,28.054563522338867,24879500.0
2018-12-24,30.0,30.31999969482422,28.959999084472656,28.989999771118164,26.83278465270996,10464900.0
2018-12-26,29.3799991607666,30.670000076293945,28.790000915527344,30.63999938964844,28.360010147094727,13325600.0
2018-12-27,30.219999313354492,31.56999969482422,30.1200008392334,31.549999237060547,29.202295303344727,10920200.0
2018-12-28,31.65999984741211,33.060001373291016,31.65999984741211,32.380001068115234,29.970535278320312,13042900.0
2018-12-31,32.709999084472656,33.0,32.20000076293945,32.7400016784668,30.30374336242676,9697100.0
2019-01-02,32.040000915527344,33.790000915527344,32.0,33.47999954223633,30.988672256469727,11106300.0
2019-01-03,32.72999954223633,33.25,31.479999542236328,31.540000915527344,29.19304084777832,21580700.0
2019-01-04,32.2599983215332,33.849998474121094,32.209999084472656,33.70000076293945,31.19230842590332,15631800.0
2019-01-07,33.79999923706055,34.79999923706055,33.63999938964844,34.29999923706055,31.747655868530273,13868800.0
2019-01-08,34.720001220703125,34.720001220703125,32.66999816894531,32.90999984741211,30.461091995239254,12485300.0
2019-01-09,33.31999969482422,34.84000015258789,33.290000915527344,34.29999923706055,31.747655868530273,11757100.0
2019-01-10,34.08000183105469,34.81999969482422,33.88999938964844,34.7599983215332,32.17341995239258,7573600.0
2019-01-11,34.41999816894531,35.31999969482422,34.189998626708984,34.779998779296875,32.191932678222656,6449600.0
2019-01-14,34.189998626708984,34.29999923706055,33.40999984741211,33.86000061035156,31.340410232543945,9552400.0
2019-01-15,34.09000015258789,34.33000183105469,33.400001525878906,33.75,31.238588333129883,6593600.0
2019-01-16,33.91999816894531,34.27000045776367,33.560001373291016,33.63999938964844,31.136775970458984,6778900.0
2019-01-17,33.5,34.709999084472656,33.25,34.540000915527344,31.96981430053711,10260700.0
2019-01-18,34.959999084472656,36.31999969482422,34.630001068115234,35.709999084472656,33.052734375,11332700.0
2019-01-22,35.31999969482422,35.369998931884766,34.119998931884766,34.439998626708984,31.877256393432617,10047400.0
2019-01-23,34.709999084472656,34.939998626708984,33.709999084472656,34.310001373291016,31.756919860839844,9560200.0
2019-01-24,36.18000030517578,37.91999816894531,36.0099983215332,37.81999969482422,35.00572967529297,21529900.0
2019-01-25,38.529998779296875,39.47999954223633,38.310001373291016,39.189998626708984,36.273780822753906,17553400.0
2019-01-28,37.619998931884766,38.95000076293945,37.52000045776367,38.70000076293945,35.82024002075195,12459600.0
2019-01-29,39.27000045776367,39.349998474121094,37.84000015258789,38.20000076293945,35.35745620727539,8754600.0
2019-01-30,38.61000061035156,40.0,38.4900016784668,39.599998474121094,36.65327453613281,12546200.0
2019-01-31,39.279998779296875,39.75,38.720001220703125,39.08000183105469,36.17197799682617,11588900.0
2019-02-01,39.08000183105469,39.970001220703125,39.08000183105469,39.310001373291016,36.384857177734375,11091000.0
2019-02-04,39.15999984741211,39.310001373291016,38.45000076293945,38.900001525878906,36.005367279052734,12458400.0
2019-02-05,38.880001068115234,39.290000915527344,38.599998474121094,39.119998931884766,36.20899200439453,13240200.0
2019-02-06,39.290000915527344,40.709999084472656,39.20000076293945,40.279998779296875,37.282676696777344,21058100.0
2019-02-07,39.72999954223633,40.33000183105469,39.560001373291016,39.91999816894531,36.94945526123047,13395500.0
2019-02-08,39.29999923706055,39.79999923706055,38.72999954223633,39.779998779296875,36.819881439208984,9891300.0
2019-02-11,39.970001220703125,40.189998626708984,39.33000183105469,39.900001525878906,36.93096160888672,9969500.0
2019-02-12,40.380001068115234,40.88999938964844,40.279998779296875,40.689998626708984,37.66215896606445,8911900.0
2019-02-13,40.959999084472656,41.2400016784668,40.720001220703125,40.849998474121094,37.81025314331055,10134200.0
2019-02-14,40.70000076293945,41.220001220703125,40.5099983215332,40.709999084472656,37.68067932128906,13938400.0
2019-02-15,40.0,40.20000076293945,38.59000015258789,39.099998474121094,36.19047546386719,22396300.0
2019-02-19,39.0,39.709999084472656,39.0,39.29999923706055,36.3755989074707,12353100.0
2019-02-20,39.150001525878906,39.36000061035156,38.880001068115234,39.0,36.28256607055664,9575900.0
2019-02-21,39.0,39.2599983215332,38.529998779296875,38.83000183105469,36.124420166015625,7178800.0
2019-02-22,38.88999938964844,39.439998626708984,38.79999923706055,39.43000030517578,36.6826057434082,8149300.0
2019-02-25,39.91999816894531,40.08000183105469,39.619998931884766,39.65999984741211,36.89659118652344,8064800.0
2019-02-26,39.529998779296875,39.869998931884766,39.47999954223633,39.58000183105469,36.82216262817383,6159300.0
2019-02-27,39.29999923706055,39.31999969482422,38.29999923706055,38.779998779296875,36.07789993286133,14038500.0
2019-02-28,38.47999954223633,38.61000061035156,37.91999816894531,38.34000015258789,35.668548583984375,9785100.0
2019-03-01,38.65999984741211,38.939998626708984,38.060001373291016,38.560001373291016,35.873226165771484,7852900.0
2019-03-04,38.970001220703125,40.18000030517578,38.40999984741211,39.08000183105469,36.35700225830078,20810700.0
2019-03-05,39.18000030517578,39.25,38.7599983215332,38.93000030517578,36.21744918823242,12449100.0
2019-03-06,38.880001068115234,38.939998626708984,37.65999984741211,38.06999969482422,35.41737365722656,12557800.0
2019-03-07,37.95000076293945,37.95000076293945,37.04999923706055,37.56999969482422,34.952205657958984,9831700.0
2019-03-08,36.84000015258789,37.84000015258789,36.79999923706055,37.7400016784668,35.11036682128906,8174400.0
2019-03-11,37.95000076293945,38.88999938964844,37.810001373291016,38.5099983215332,35.82670974731445,7199500.0
2019-03-12,38.70000076293945,39.029998779296875,38.31999969482422,38.709999084472656,36.012779235839844,6267600.0
2019-03-13,38.939998626708984,39.099998474121094,38.560001373291016,38.599998474121094,35.91044235229492,6404400.0
2019-03-14,38.70000076293945,39.83000183105469,38.70000076293945,38.93000030517578,36.21744918823242,9491100.0
2019-03-15,39.349998474121094,41.029998779296875,39.29999923706055,40.38999938964844,37.575706481933594,23021500.0
2019-03-18,40.40999984741211,40.709999084472656,39.90999984741211,40.0,37.212890625,7670800.0
2019-03-19,40.20000076293945,40.7400016784668,40.16999816894531,40.369998931884766,37.557106018066406,7134500.0
2019-03-20,40.380001068115234,40.619998931884766,39.36000061035156,39.56999969482422,36.81284713745117,7772400.0
2019-03-21,39.790000915527344,41.9900016784668,39.779998779296875,41.33000183105469,38.450225830078125,13135700.0
2019-03-22,41.040000915527344,41.209999084472656,39.810001373291016,39.86000061035156,37.082645416259766,9468300.0
2019-03-25,39.689998626708984,40.130001068115234,39.06999969482422,39.400001525878906,36.65468978881836,6710200.0
2019-03-26,39.83000183105469,40.47999954223633,39.189998626708984,39.630001068115234,36.86865997314453,8138100.0
2019-03-27,39.66999816894531,39.90999984741211,38.56999969482422,38.93000030517578,36.21744918823242,7737600.0
2019-03-28,38.91999816894531,39.20000076293945,38.2400016784668,38.5099983215332,35.82670974731445,8298300.0
2019-03-29,39.060001373291016,39.849998474121094,39.0,39.65999984741211,36.89659118652344,9221500.0
2019-04-01,40.29999923706055,41.16999816894531,40.209999084472656,41.130001068115234,38.26415252685547,11731000.0
2019-04-02,41.0,41.220001220703125,40.61000061035156,40.9900016784668,38.133914947509766,8688600.0
2019-04-03,41.65999984741211,43.0099983215332,41.619998931884766,42.43000030517578,39.473575592041016,13204800.0
2019-04-04,42.06999969482422,42.83000183105469,42.02000045776367,42.619998931884766,39.65033721923828,8472800.0
2019-04-05,43.0,43.38999938964844,42.689998626708984,43.040000915527344,40.04106140136719,8502800.0
2019-04-08,42.93000030517578,43.0099983215332,42.11000061035156,42.91999816894531,39.92942428588867,6314200.0
2019-04-09,42.54999923706055,42.599998474121094,41.65999984741211,42.0099983215332,39.08284378051758,7412500.0
2019-04-10,41.90999984741211,42.34000015258789,41.72999954223633,42.16999816894531,39.231689453125,5442400.0
2019-04-11,42.43000030517578,42.939998626708984,42.290000915527344,42.470001220703125,39.51078796386719,6577500.0
2019-04-12,43.0,43.36000061035156,42.77000045776367,42.9900016784668,39.99455261230469,4923500.0
2019-04-15,42.75,43.130001068115234,42.33000183105469,42.709999084472656,39.73405838012695,5739300.0
2019-04-16,43.099998474121094,44.150001525878906,43.04999923706055,43.720001220703125,40.67369079589844,9881100.0
2019-04-17,44.349998474121094,44.529998779296875,43.56999969482422,43.88999938964844,40.83184814453125,8290900.0
2019-04-18,44.0099983215332,44.27000045776367,43.790000915527344,43.95000076293945,40.887664794921875,6122100.0
2019-04-22,43.86000061035156,43.97999954223633,43.27000045776367,43.790000915527344,40.73881149291992,4672200.0
2019-04-23,43.79999923706055,43.9900016784668,43.400001525878906,43.83000183105469,40.77602767944336,6703900.0
2019-04-24,43.90999984741211,45.63999938964844,43.880001068115234,44.459999084472656,41.36212158203125,10613300.0
2019-04-25,45.15999984741211,45.75,44.29999923706055,44.45000076293945,41.35282516479492,9547000.0
2019-04-26,43.599998474121094,44.709999084472656,43.33000183105469,44.65999984741211,41.54819107055664,7203900.0
2019-04-29,44.56999969482422,44.90999984741211,44.20000076293945,44.2400016784668,41.15745544433594,5847300.0
2019-04-30,44.150001525878906,44.58000183105469,43.720001220703125,44.06999969482422,40.99929428100586,10447200.0
2019-05-01,44.040000915527344,44.66999816894531,43.380001068115234,43.380001068115234,40.35737991333008,9388100.0
2019-05-02,43.18000030517578,44.25,42.86000061035156,43.70000076293945,40.655086517333984,12709000.0
2019-05-03,44.029998779296875,44.150001525878906,43.61000061035156,43.959999084472656,40.89696502685547,7375400.0
2019-05-06,42.40999984741211,43.150001525878906,41.790000915527344,43.11000061035156,40.106201171875,11824300.0
2019-05-07,42.2599983215332,42.41999816894531,41.20000076293945,42.04999923706055,39.12004089355469,9898300.0
2019-05-08,41.70000076293945,42.20000076293945,41.2599983215332,41.58000183105469,38.68280029296875,7709200.0
2019-05-09,40.77000045776367,41.189998626708984,39.849998474121094,40.939998626708984,38.08739471435547,11580600.0
2019-05-10,40.81999969482422,41.189998626708984,39.790000915527344,40.79999923706055,37.9571533203125,9025500.0
2019-05-13,39.2599983215332,39.63999938964844,38.66999816894531,39.09000015258789,36.36629867553711,10724700.0
2019-05-14,39.529998779296875,40.38999938964844,39.400001525878906,40.0099983215332,37.222198486328125,8370100.0
2019-05-15,40.40999984741211,41.86000061035156,40.11000061035156,41.5,38.60837173461914,12051000.0
2019-05-16,41.29999923706055,42.189998626708984,40.959999084472656,41.65999984741211,38.75722122192383,11932500.0
2019-05-17,43.349998474121094,44.36000061035156,42.56999969482422,42.70000076293945,39.72475814819336,20218200.0
2019-05-20,41.79999923706055,42.7599983215332,40.220001220703125,40.349998474121094,37.53850173950195,21371800.0
2019-05-21,41.18000030517578,41.36000061035156,40.81999969482422,41.27000045776367,38.394405364990234,8949900.0
2019-05-22,40.75,40.880001068115234,40.150001525878906,40.4900016784668,37.86140823364258,5897500.0
2019-05-23,39.650001525878906,40.08000183105469,39.150001525878906,39.939998626708984,37.34711456298828,8459800.0
2019-05-24,40.27000045776367,40.400001525878906,39.45000076293945,39.5,36.935672760009766,8541800.0
2019-05-28,39.810001373291016,40.029998779296875,39.0,39.0099983215332,36.47748947143555,10715500.0
2019-05-29,38.720001220703125,39.54999923706055,38.400001525878906,39.369998931884766,36.81412124633789,10137000.0
2019-05-30,39.45000076293945,40.400001525878906,39.290000915527344,39.75,37.1694450378418,7491700.0
2019-05-31,39.20000076293945,39.959999084472656,38.68000030517578,38.689998626708984,36.178253173828125,8394900.0
2019-06-03,38.970001220703125,39.65999984741211,38.540000915527344,38.779998779296875,36.262420654296875,7795300.0
2019-06-04,39.52000045776367,40.650001525878906,39.279998779296875,40.41999816894531,37.79594039916992,14138900.0
2019-06-05,40.79999923706055,41.16999816894531,40.15999984741211,40.59000015258789,37.95491409301758,10143400.0
2019-06-06,40.540000915527344,41.4900016784668,40.4900016784668,41.380001068115234,38.69363021850586,8101700.0
2019-06-07,41.599998474121094,41.880001068115234,41.08000183105469,41.5099983215332,38.81519317626953,6391200.0
2019-06-10,42.0,43.54999923706055,41.790000915527344,43.13999938964844,40.3393669128418,9651700.0
2019-06-11,43.90999984741211,44.54999923706055,43.63999938964844,43.75,40.90977096557617,10536500.0
2019-06-12,42.63999938964844,42.689998626708984,41.36000061035156,41.5,38.80583190917969,10059800.0
2019-06-13,41.61000061035156,42.02000045776367,41.150001525878906,41.650001525878906,38.94609451293945,6979500.0
2019-06-14,40.959999084472656,41.4900016784668,40.560001373291016,41.22999954223633,38.55335998535156,7695100.0
2019-06-17,41.11000061035156,41.20000076293945,40.2400016784668,40.5,37.87074661254883,12453300.0
2019-06-18,40.93000030517578,42.599998474121094,40.84000015258789,42.310001373291016,39.56325912475586,11291800.0
2019-06-19,42.689998626708984,42.84000015258789,42.2400016784668,42.529998779296875,39.76896667480469,9333000.0
2019-06-20,43.7400016784668,43.9900016784668,43.0,43.209999084472656,40.40483093261719,8633300.0
2019-06-21,42.900001525878906,43.20000076293945,42.61000061035156,42.959999084472656,40.171051025390625,12096400.0
2019-06-24,42.90999984741211,42.93000030517578,42.2400016784668,42.33000183105469,39.58195495605469,10997100.0
2019-06-25,42.25,42.70000076293945,41.900001525878906,41.97999954223633,39.25468063354492,9637900.0
2019-06-26,43.0,43.79999923706055,42.93000030517578,43.58000183105469,40.75080490112305,10023900.0
2019-06-27,43.88999938964844,44.869998931884766,43.790000915527344,44.689998626708984,41.78873825073242,8894400.0
2019-06-28,45.130001068115234,45.38999938964844,44.68000030517578,44.90999984741211,41.99444961547851,15599700.0
2019-07-01,46.630001068115234,47.54999923706055,45.220001220703125,45.68000030517578,42.7144660949707,11452200.0
2019-07-02,45.11000061035156,45.220001220703125,44.119998931884766,44.65999984741211,41.76068878173828,13869000.0
2019-07-03,44.52000045776367,44.779998779296875,44.36000061035156,44.66999816894531,41.7700309753418,5559100.0
2019-07-05,44.2400016784668,44.41999816894531,43.560001373291016,43.97999954223633,41.12483978271485,6618200.0
2019-07-08,43.15999984741211,43.75,43.060001373291016,43.45000076293945,40.629249572753906,9733000.0
2019-07-09,43.22999954223633,44.060001373291016,42.880001068115234,43.970001220703125,41.115478515625,12432400.0
2019-07-10,44.5,45.43000030517578,44.45000076293945,44.720001220703125,41.81679916381836,7184700.0
2019-07-11,45.06999969482422,45.369998931884766,44.369998931884766,45.279998779296875,42.34043502807617,8128500.0
2019-07-12,45.36000061035156,46.54999923706055,45.36000061035156,46.5099983215332,43.4905891418457,9030900.0
2019-07-15,46.849998474121094,47.43000030517578,45.91999816894531,46.279998779296875,43.2755126953125,6723200.0
2019-07-16,46.0,46.22999954223633,45.5,46.0099983215332,43.02304458618164,6671000.0
2019-07-17,46.2599983215332,46.470001220703125,45.619998931884766,46.220001220703125,43.21940994262695,8459900.0
2019-07-18,46.470001220703125,48.63999938964844,46.380001068115234,48.16999816894531,45.042823791503906,14577100.0
2019-07-19,48.310001373291016,48.4900016784668,47.65999984741211,47.810001373291016,44.7061882019043,9415200.0
2019-07-22,49.31999969482422,50.79999923706055,49.209999084472656,50.72999954223633,47.436622619628906,21604000.0
2019-07-23,50.63999938964844,51.31999969482422,50.119998931884766,51.029998779296875,47.7171516418457,10063900.0
2019-07-24,50.9900016784668,52.41999816894531,50.7599983215332,52.13999938964844,48.75508117675781,11289800.0
2019-07-25,51.720001220703125,51.790000915527344,50.66999816894531,50.81999969482422,47.520790100097656,8301000.0
2019-07-26,50.88999938964844,51.099998474121094,50.459999084472656,50.7400016784668,47.44598388671875,5737600.0
2019-07-29,50.459999084472656,50.77000045776367,50.060001373291016,50.66999816894531,47.380516052246094,4485700.0
2019-07-30,50.060001373291016,51.04999923706055,49.90999984741211,50.72999954223633,47.436622619628906,4666300.0
2019-07-31,50.529998779296875,50.59000015258789,48.689998626708984,49.369998931884766,46.1649169921875,8334800.0
2019-08-01,49.439998626708984,51.04999923706055,47.90999984741211,48.470001220703125,45.323333740234375,11076800.0
2019-08-02,48.0,48.400001525878906,47.189998626708984,47.54999923706055,44.46307373046875,8093900.0
2019-08-05,46.20000076293945,46.20000076293945,44.970001220703125,45.459999084472656,42.508758544921875,12069900.0
2019-08-06,46.41999816894531,46.970001220703125,45.68000030517578,46.33000183105469,43.32227325439453,7428200.0
2019-08-07,46.040000915527344,46.86000061035156,45.75,46.68000030517578,43.64955520629883,7591400.0
2019-08-08,47.09000015258789,47.95000076293945,46.88999938964844,47.86000061035156,44.75294876098633,6122900.0
2019-08-09,47.540000915527344,47.540000915527344,46.560001373291016,47.150001525878906,44.08903503417969,5293200.0
2019-08-12,46.97999954223633,47.09000015258789,46.22999954223633,46.459999084472656,43.44382858276367,7105200.0
2019-08-13,46.43000030517578,48.25,46.06999969482422,48.060001373291016,44.9399528503418,9013700.0
2019-08-14,46.95000076293945,47.25,46.38999938964844,46.709999084472656,43.6776008605957,7212300.0
2019-08-15,47.0,47.310001373291016,46.5,47.15999984741211,44.098388671875,8256800.0
2019-08-16,45.959999084472656,46.9900016784668,44.619998931884766,46.630001068115234,43.60280227661133,17658200.0
2019-08-19,47.599998474121094,47.93000030517578,46.79999923706055,47.099998474121094,44.04228210449219,8860000.0
2019-08-20,46.93000030517578,47.13999938964844,46.5099983215332,46.72999954223633,43.69630813598633,7753800.0
2019-08-21,47.20000076293945,47.52000045776367,46.72999954223633,46.83000183105469,43.98749542236328,5198200.0
2019-08-22,47.13999938964844,47.279998779296875,46.439998626708984,47.029998779296875,44.17535400390625,4280700.0
2019-08-23,46.5099983215332,46.84000015258789,44.81999969482422,45.119998931884766,42.38127136230469,11614800.0
2019-08-26,46.0,46.16999816894531,45.439998626708984,45.61000061035156,42.84153747558594,5715200.0
2019-08-27,46.0,46.2400016784668,45.11000061035156,45.5099983215332,42.74761199951172,5926900.0
2019-08-28,45.400001525878906,46.040000915527344,45.04999923706055,45.900001525878906,43.11393737792969,4811500.0
2019-08-29,46.65999984741211,47.41999816894531,46.630001068115234,47.310001373291016,44.43834686279297,6786700.0
2019-08-30,47.54999923706055,48.09000015258789,47.38999938964844,48.02000045776367,45.10525894165039,7819300.0
2019-09-03,47.63999938964844,47.77000045776367,47.15999984741211,47.61000061035156,44.72013854980469,7145800.0
2019-09-04,48.56999969482422,49.560001373291016,48.400001525878906,49.5099983215332,46.50482177734375,10227700.0
2019-09-05,50.459999084472656,51.72999954223633,50.27000045776367,50.349998474121094,47.29383087158203,10415400.0
2019-09-06,50.470001220703125,50.5,49.79999923706055,50.099998474121094,47.05900192260742,6913400.0
2019-09-09,50.290000915527344,50.79999923706055,49.959999084472656,50.65999984741211,47.58501434326172,6653800.0
2019-09-10,50.380001068115234,50.4900016784668,49.619998931884766,50.189998626708984,47.14353561401367,7304000.0
2019-09-11,50.43000030517578,51.56999969482422,50.0099983215332,51.560001373291016,48.430397033691406,8100400.0
2019-09-12,51.650001525878906,51.86000061035156,51.040000915527344,51.25,48.139190673828125,6251800.0
2019-09-13,51.7400016784668,51.97999954223633,51.040000915527344,51.349998474121094,48.23313522338867,6052700.0
2019-09-16,50.72999954223633,51.47999954223633,50.279998779296875,50.91999816894531,47.8292236328125,5164300.0
2019-09-17,50.54999923706055,51.2599983215332,50.43000030517578,51.20000076293945,48.09222412109375,5435500.0
2019-09-18,51.2599983215332,52.099998474121094,51.029998779296875,52.09000015258789,48.92820739746094,7880200.0
2019-09-19,52.4900016784668,52.619998931884766,51.369998931884766,51.68000030517578,48.5431022644043,5951300.0
2019-09-20,51.900001525878906,52.02000045776367,50.869998931884766,50.959999084472656,47.8668098449707,11287300.0
2019-09-23,50.849998474121094,51.970001220703125,50.79999923706055,51.7599983215332,48.61824417114258,4511200.0
2019-09-24,52.02000045776367,52.58000183105469,50.869998931884766,51.15999984741211,48.05466079711914,7074000.0
2019-09-25,50.650001525878906,52.119998931884766,50.5,51.93000030517578,48.77791976928711,5381400.0
2019-09-26,52.16999816894531,52.459999084472656,51.810001373291016,52.150001525878906,48.98457336425781,4848600.0
2019-09-27,51.119998931884766,51.459999084472656,49.150001525878906,49.43000030517578,46.4296760559082,11206000.0
2019-09-30,49.75,50.220001220703125,49.2599983215332,49.900001525878906,46.87114334106445,6674800.0
2019-10-01,50.40999984741211,51.0,49.779998779296875,50.02000045776367,46.983863830566406,7727000.0
2019-10-02,49.369998931884766,49.880001068115234,49.209999084472656,49.459999084472656,46.45785140991211,6426000.0
2019-10-03,49.41999816894531,49.77000045776367,48.779998779296875,49.63999938964844,46.626914978027344,6519300.0
2019-10-04,50.0099983215332,50.900001525878906,49.88999938964844,50.880001068115234,47.79166030883789,4596700.0
2019-10-07,50.81999969482422,51.11000061035156,50.58000183105469,50.650001525878906,47.57561492919922,5257200.0
2019-10-08,50.150001525878906,50.279998779296875,49.08000183105469,49.310001373291016,46.31695556640625,5706200.0
2019-10-09,50.119998931884766,51.16999816894531,50.0,50.84000015258789,47.75407791137695,6279400.0
2019-10-10,50.66999816894531,51.599998474121094,50.63999938964844,51.0099983215332,47.91377258300781,5330200.0
2019-10-11,52.15999984741211,52.38999938964844,51.709999084472656,51.75,48.60884475708008,6801000.0
2019-10-14,51.810001373291016,52.130001068115234,51.790000915527344,51.939998626708984,48.787315368652344,3395600.0
2019-10-15,52.06999969482422,53.13999938964844,51.880001068115234,52.90999984741211,49.69844055175781,8052200.0
2019-10-16,51.880001068115234,52.79999923706055,51.349998474121094,51.560001373291016,48.430397033691406,8383000.0
2019-10-17,52.459999084472656,53.25,51.84000015258789,52.13999938964844,48.97517395019531,5150400.0
2019-10-18,52.220001220703125,52.40999984741211,51.040000915527344,51.68000030517578,48.5431022644043,6419100.0
2019-10-21,52.189998626708984,52.709999084472656,51.9900016784668,52.63999938964844,49.4448356628418,5738200.0
2019-10-22,52.650001525878906,52.709999084472656,51.939998626708984,51.97999954223633,48.82488632202149,4442600.0
2019-10-23,51.290000915527344,51.45000076293945,50.2400016784668,50.529998779296875,47.46289825439453,8493800.0
2019-10-24,52.939998626708984,55.119998931884766,52.75,55.06999969482422,51.72732925415039,18652600.0
2019-10-25,54.900001525878906,55.84000015258789,54.529998779296875,55.720001220703125,52.337886810302734,8567800.0
2019-10-28,56.029998779296875,57.290000915527344,56.0,56.95000076293945,53.49320983886719,8755200.0
2019-10-29,56.68000030517578,57.09000015258789,55.400001525878906,55.52000045776367,52.1500244140625,6353600.0
2019-10-30,55.33000183105469,55.439998626708984,54.66999816894531,55.209999084472656,51.85883712768555,4246700.0
2019-10-31,55.189998626708984,55.189998626708984,53.560001373291016,54.2599983215332,50.966495513916016,6741600.0
2019-11-01,54.93000030517578,55.470001220703125,54.40999984741211,55.459999084472656,52.093650817871094,5899000.0
2019-11-04,56.02000045776367,56.400001525878906,55.34000015258789,55.7400016784668,52.356658935546875,4150500.0
2019-11-05,56.09000015258789,56.290000915527344,55.56999969482422,55.880001068115234,52.48816680908203,3857900.0
2019-11-06,55.599998474121094,55.880001068115234,54.90999984741211,55.81999969482422,52.43180465698242,3965900.0
2019-11-07,56.310001373291016,56.4900016784668,55.630001068115234,55.939998626708984,52.544532775878906,4486900.0
2019-11-08,55.70000076293945,56.13999938964844,55.130001068115234,56.029998779296875,52.62906265258789,3313900.0
2019-11-11,55.77000045776367,56.72999954223633,55.54999923706055,56.59000015258789,53.15507888793945,5651000.0
2019-11-12,57.0,57.25,56.20000076293945,56.41999816894531,52.99538803100586,5115400.0
2019-11-13,56.11000061035156,57.38999938964844,56.0099983215332,57.119998931884766,53.65289688110352,5703000.0
2019-11-14,57.13999938964844,57.20000076293945,56.5099983215332,56.959999084472656,53.50260543823242,8236000.0
2019-11-15,60.33000183105469,62.91999816894531,60.220001220703125,62.060001373291016,58.29304504394531,28389000.0
2019-11-18,61.88999938964844,63.06999969482422,61.36000061035156,62.349998474121094,58.56544494628906,10413100.0
2019-11-19,62.290000915527344,62.66999816894531,60.849998474121094,60.939998626708984,57.24103164672851,9886800.0
2019-11-20,60.029998779296875,60.43000030517578,59.09000015258789,59.650001525878906,56.22307586669922,12037600.0
2019-11-21,56.63999938964844,58.45000076293945,55.650001525878906,56.439998626708984,53.197486877441406,13935300.0
2019-11-22,56.560001373291016,57.13999938964844,55.439998626708984,55.939998626708984,52.72623062133789,8627700.0
2019-11-25,56.619998931884766,58.41999816894531,56.560001373291016,58.279998779296875,54.931785583496094,11193700.0
2019-11-26,58.27000045776367,58.41999816894531,57.08000183105469,57.56999969482422,54.262577056884766,10254000.0
2019-11-27,57.88999938964844,58.38999938964844,57.7400016784668,58.290000915527344,54.94121170043945,5701700.0
2019-11-29,58.09000015258789,58.29999923706055,57.720001220703125,57.900001525878906,54.57361602783203,2905800.0
2019-12-02,58.13999938964844,58.13999938964844,56.47999954223633,56.70000076293945,53.44255447387695,6159400.0
2019-12-03,55.18000030517578,55.90999984741211,54.95000076293945,55.34000015258789,52.16067886352539,7671700.0
2019-12-04,56.40999984741211,56.540000915527344,55.59000015258789,56.09000015258789,52.86760330200195,6564400.0
2019-12-05,56.33000183105469,56.529998779296875,55.650001525878906,55.84000015258789,52.63197708129883,5291000.0
2019-12-06,56.75,57.4900016784668,56.47999954223633,56.599998474121094,53.34830474853515,6033500.0
2019-12-09,57.119998931884766,57.22999954223633,56.54999923706055,56.599998474121094,53.34830474853515,4729500.0
2019-12-10,57.16999816894531,57.16999816894531,56.459999084472656,56.619998931884766,53.36714553833008,6329100.0
2019-12-11,56.81999969482422,59.130001068115234,56.70000076293945,59.040000915527344,55.64812469482422,8839700.0
2019-12-12,59.02000045776367,60.47999954223633,59.0099983215332,60.36000061035156,56.89228820800781,9280400.0
2019-12-13,60.0099983215332,60.810001373291016,59.779998779296875,59.869998931884766,56.43042755126953,6172600.0
2019-12-16,61.0,61.43000030517578,59.93000030517578,59.959999084472656,56.51526641845703,6430100.0
2019-12-17,60.45000076293945,60.900001525878906,60.22999954223633,60.790000915527344,57.29758071899414,7848000.0
2019-12-18,60.81999969482422,61.40999984741211,60.369998931884766,60.380001068115234,56.9111442565918,6525100.0
2019-12-19,60.56999969482422,60.70000076293945,59.880001068115234,60.66999816894531,57.184478759765625,6002700.0
2019-12-20,61.209999084472656,61.97999954223633,60.70000076293945,61.810001373291016,58.25898361206055,15663100.0
2019-12-23,61.95000076293945,62.0,61.029998779296875,61.08000183105469,57.57093048095703,5840900.0
2019-12-24,61.369998931884766,61.52000045776367,60.939998626708984,61.5,57.966800689697266,1624100.0
2019-12-26,61.61000061035156,61.68000030517578,61.040000915527344,61.310001373291016,57.78771209716797,2960600.0
2019-12-27,61.59000015258789,61.68000030517578,60.83000183105469,61.16999816894531,57.65574645996094,3314500.0
2019-12-30,61.349998474121094,61.380001068115234,60.189998626708984,60.93000030517578,57.429542541503906,3566400.0
2019-12-31,60.68000030517578,61.08000183105469,60.099998474121094,61.040000915527344,57.5332145690918,3878200.0
2020-01-02,62.0,62.650001525878906,61.70000076293945,62.20000076293945,58.62657928466797,6647900.0
2020-01-03,60.689998626708984,61.72999954223633,60.560001373291016,61.209999084472656,57.69345474243164,5415200.0
2020-01-06,59.849998474121094,60.459999084472656,59.29999923706055,59.88999938964844,56.44928741455078,8586000.0
2020-01-07,60.27000045776367,62.099998474121094,60.13999938964844,61.619998931884766,58.07989883422851,7970400.0
2020-01-08,61.70000076293945,62.20000076293945,61.25,61.58000183105469,58.042205810546875,4364400.0
2020-01-09,62.20000076293945,62.849998474121094,61.209999084472656,61.970001220703125,58.409786224365234,5713500.0
2020-01-10,62.529998779296875,62.709999084472656,61.20000076293945,61.470001220703125,57.938514709472656,4456100.0
2020-01-13,61.47999954223633,61.95000076293945,61.34000015258789,61.810001373291016,58.25898361206055,4111100.0
2020-01-14,62.09000015258789,63.54999923706055,62.08000183105469,62.349998474121094,58.7679557800293,7998000.0
2020-01-15,62.29999923706055,62.369998931884766,61.349998474121094,61.93000030517578,58.3720817565918,6314100.0
2020-01-16,62.59000015258789,63.22999954223633,62.470001220703125,63.209999084472656,59.57855224609375,5733800.0
2020-01-17,63.790000915527344,63.810001373291016,62.529998779296875,62.849998474121094,59.23923110961914,6327800.0
2020-01-21,62.7400016784668,63.88999938964844,62.650001525878906,63.20000076293945,59.56911849975586,5777400.0
2020-01-22,63.70000076293945,64.5999984741211,63.619998931884766,63.88999938964844,60.21949005126953,5598700.0
2020-01-23,64.12999725341797,64.26000213623047,63.130001068115234,63.88999938964844,60.21949005126953,6540700.0
2020-01-24,64.80000305175781,64.93000030517578,61.61000061035156,62.0,58.43806838989258,8007500.0
2020-01-27,59.95000076293945,60.45000076293945,58.81999969482422,59.04999923706055,55.65755081176758,9350600.0
2020-01-28,59.7599983215332,60.349998474121094,58.91999816894531,60.189998626708984,56.7320556640625,6228100.0
2020-01-29,60.06999969482422,60.65999984741211,59.4900016784668,59.81999969482422,56.3833122253418,6515300.0
2020-01-30,61.540000915527344,62.029998779296875,59.41999816894531,60.25,56.788604736328125,9656100.0
2020-01-31,59.81999969482422,59.849998474121094,57.529998779296875,57.9900016784668,54.65845489501953,10132200.0
2020-02-03,58.68000030517578,60.25,58.65999984741211,59.720001220703125,56.289058685302734,7847300.0
2020-02-04,61.40999984741211,63.650001525878906,61.20000076293945,63.0099983215332,59.39004135131836,12322100.0
2020-02-05,63.97999954223633,64.44000244140625,62.869998931884766,63.79999923706055,60.134647369384766,8252100.0
2020-02-06,64.0199966430664,64.16000366210938,63.04999923706055,63.189998626708984,59.55970764160156,4870600.0
2020-02-07,62.84000015258789,62.97999954223633,61.630001068115234,61.709999084472656,58.16473007202149,6093200.0
2020-02-10,61.08000183105469,62.959999084472656,61.08000183105469,62.91999816894531,59.305213928222656,5121100.0
2020-02-11,63.599998474121094,64.69999694824219,63.34000015258789,64.44999694824219,60.747310638427734,6203800.0
2020-02-12,64.93000030517578,65.68000030517578,64.62000274658203,65.37000274658203,61.61444854736328,11592200.0
2020-02-13,66.75,69.44000244140625,65.94999694824219,67.37000274658203,63.49957656860352,21742700.0
2020-02-14,67.45999908447266,67.9000015258789,66.55000305175781,66.8499984741211,63.00941467285156,8104000.0
2020-02-18,64.2300033569336,66.0,63.849998474121094,65.16000366210938,61.61006164550781,10208500.0
2020-02-19,66.5,67.73999786376953,66.2699966430664,67.41000366210938,63.73748397827149,8502600.0
2020-02-20,67.0,67.3499984741211,65.22000122070312,66.4000015258789,62.78250503540039,7535900.0
2020-02-21,65.91000366210938,66.12999725341797,63.630001068115234,64.2699966430664,60.7685546875,9658100.0
2020-02-24,61.130001068115234,61.849998474121094,60.400001525878906,61.08000183105469,57.752342224121094,11223700.0
2020-02-25,61.91999816894531,62.279998779296875,58.47999954223633,58.86000061035156,55.65329360961914,9942500.0
2020-02-26,59.58000183105469,60.7599983215332,59.310001373291016,59.810001373291016,56.551544189453125,10851500.0
2020-02-27,57.20000076293945,58.5,56.400001525878906,57.0,53.89461135864258,15746200.0
2020-02-28,54.189998626708984,58.18000030517578,54.08000183105469,58.119998931884766,54.95360565185547,14943900.0
2020-03-02,58.70000076293945,60.189998626708984,57.0,60.15999984741211,56.88246536254883,10795200.0
2020-03-03,59.970001220703125,61.380001068115234,57.560001373291016,58.040000915527344,54.877967834472656,14036600.0
2020-03-04,59.439998626708984,60.650001525878906,58.27000045776367,60.52000045776367,57.22284698486328,7925800.0
2020-03-05,58.560001373291016,60.439998626708984,58.2599983215332,59.130001068115234,55.9085807800293,9842500.0
2020-03-06,57.0,58.47999954223633,56.25,57.790000915527344,54.64159393310547,8958500.0
2020-03-09,52.810001373291016,55.33000183105469,52.0,52.06999969482422,49.23320007324219,10305900.0
2020-03-10,54.400001525878906,56.16999816894531,52.56999969482422,56.16999816894531,53.10984802246094,10107400.0
2020-03-11,54.279998779296875,54.9900016784668,51.40999984741211,52.4900016784668,49.630340576171875,12974200.0
2020-03-12,48.779998779296875,50.36000061035156,45.099998474121094,45.11000061035156,42.65239334106445,18043700.0
2020-03-13,48.66999816894531,51.22999954223633,45.349998474121094,50.88999938964844,48.11749649047851,15539300.0
2020-03-16,44.04999923706055,46.70000076293945,40.40999984741211,40.529998779296875,38.32191848754883,13763000.0
2020-03-17,41.7599983215332,46.06999969482422,39.77000045776367,44.86000061035156,42.416019439697266,16361200.0
2020-03-18,40.56999969482422,41.7599983215332,36.63999938964844,39.18000030517578,37.04545974731445,18870000.0
2020-03-19,38.68000030517578,42.06999969482422,36.86000061035156,40.189998626708984,38.000431060791016,13066600.0
2020-03-20,41.4900016784668,43.2599983215332,37.79999923706055,37.9900016784668,35.92029571533203,13967100.0
2020-03-23,38.63999938964844,41.540000915527344,37.91999816894531,40.16999816894531,37.98152923583984,15138400.0
2020-03-24,44.2400016784668,46.2400016784668,43.029998779296875,45.13999938964844,42.680755615234375,16338500.0
2020-03-25,44.93000030517578,48.220001220703125,43.77000045776367,44.72999954223633,42.2931022644043,11550700.0
2020-03-26,46.22999954223633,49.38999938964844,45.34000015258789,49.20000076293945,46.519561767578125,11864900.0
2020-03-27,47.70000076293945,48.130001068115234,44.84000015258789,45.04999923706055,42.59565734863281,10624200.0
2020-03-30,45.400001525878906,47.5099983215332,45.33000183105469,47.29999923706055,44.72309112548828,7839200.0
2020-03-31,47.16999816894531,47.279998779296875,45.150001525878906,45.81999969482422,43.32371520996094,11068000.0
2020-04-01,43.83000183105469,46.18000030517578,42.83000183105469,43.29999923706055,40.94099426269531,10665900.0
2020-04-02,42.5,44.459999084472656,42.130001068115234,43.2400016784668,40.88427734375,8764600.0
2020-04-03,43.459999084472656,43.619998931884766,41.58000183105469,42.279998779296875,39.9765739440918,9488600.0
2020-04-06,44.84000015258789,46.45000076293945,44.63999938964844,46.150001525878906,43.63573455810547,12046500.0
2020-04-07,48.0,48.970001220703125,46.29999923706055,47.560001373291016,44.96891403198242,11962600.0
2020-04-08,48.630001068115234,51.619998931884766,48.52000045776367,51.459999084472656,48.656436920166016,14429000.0
2020-04-09,52.0,52.7400016784668,48.68000030517578,49.59000015258789,46.8883171081543,11654400.0
2020-04-13,49.29999923706055,49.970001220703125,48.369998931884766,49.880001068115234,47.16252517700195,5750000.0
2020-04-14,51.40999984741211,52.84000015258789,51.08000183105469,52.470001220703125,49.61141586303711,8025500.0
2020-04-15,51.310001373291016,51.310001373291016,49.75,50.369998931884766,47.62582778930664,7206700.0
2020-04-16,51.869998931884766,52.56999969482422,50.79999923706055,52.22999954223633,49.384498596191406,8878100.0
2020-04-17,53.63999938964844,53.900001525878906,52.27000045776367,53.20000076293945,50.30165100097656,9367600.0
2020-04-20,52.099998474121094,52.4900016784668,50.61000061035156,50.630001068115234,47.87166213989258,7041200.0
2020-04-21,49.900001525878906,50.04999923706055,48.209999084472656,48.33000183105469,45.696964263916016,9359600.0
2020-04-22,50.099998474121094,52.43000030517578,49.810001373291016,52.11000061035156,49.271034240722656,7785000.0
2020-04-23,51.75,52.220001220703125,50.59000015258789,50.900001525878906,48.126949310302734,9048300.0
2020-04-24,51.220001220703125,51.880001068115234,49.939998626708984,51.7400016784668,48.92118835449219,7663900.0
2020-04-27,52.5,52.720001220703125,50.650001525878906,51.029998779296875,48.24987030029297,6587400.0
2020-04-28,51.90999984741211,52.119998931884766,50.2599983215332,50.41999816894531,47.673095703125,7759500.0
2020-04-29,51.83000183105469,54.650001525878906,51.41999816894531,54.34000015258789,51.37953567504883,8946300.0
2020-04-30,53.45000076293945,53.880001068115234,49.63999938964844,49.68000030517578,46.973411560058594,14457000.0
2020-05-01,48.08000183105469,48.36000061035156,46.369998931884766,46.88999938964844,44.335418701171875,13583100.0
2020-05-04,46.560001373291016,47.63999938964844,46.220001220703125,47.58000183105469,44.98783874511719,7798000.0
2020-05-05,48.83000183105469,50.75,48.529998779296875,48.849998474121094,46.18864822387695,8220600.0
2020-05-06,49.9900016784668,51.15999984741211,49.540000915527344,50.5,47.74873733520508,8594600.0
2020-05-07,51.459999084472656,51.79999923706055,50.90999984741211,51.25,48.4578857421875,6645600.0
2020-05-08,52.40999984741211,53.88999938964844,52.2400016784668,53.810001373291016,50.87841796875,8082200.0
2020-05-11,54.130001068115234,54.40999984741211,53.369998931884766,54.0099983215332,51.067527770996094,8211500.0
2020-05-12,54.400001525878906,54.59000015258789,52.310001373291016,52.33000183105469,49.47904586791992,7479000.0
2020-05-13,52.5,52.86000061035156,50.400001525878906,51.4900016784668,48.684814453125,8696600.0
2020-05-14,50.75,54.650001525878906,49.65999984741211,54.43000030517578,51.46464157104492,15839000.0
2020-05-15,53.15999984741211,53.470001220703125,51.16999816894531,52.040000915527344,49.20484924316406,20755900.0
2020-05-18,53.529998779296875,54.650001525878906,52.40999984741211,54.36000061035156,51.39845275878906,11293300.0
2020-05-19,54.5,57.0,54.029998779296875,55.470001220703125,52.447967529296875,10535600.0
2020-05-20,56.5,58.15999984741211,56.31999969482422,56.880001068115234,53.99531555175781,9824100.0
2020-05-21,56.84000015258789,56.91999816894531,54.849998474121094,55.02000045776367,52.22964859008789,7467200.0
2020-05-22,55.02000045776367,55.16999816894531,53.720001220703125,54.38999938964844,51.63159942626953,7121000.0
2020-05-26,56.310001373291016,56.709999084472656,54.959999084472656,55.13999938964844,52.34354782104492,7757600.0
2020-05-27,55.59000015258789,56.439998626708984,53.31999969482422,56.400001525878906,53.53965759277344,9071600.0
2020-05-28,56.119998931884766,56.68000030517578,54.349998474121094,54.66999816894531,51.89739608764648,7234100.0
2020-05-29,55.0,56.380001068115234,54.459999084472656,56.18000030517578,53.330806732177734,10819600.0
2020-06-01,55.630001068115234,56.470001220703125,55.189998626708984,55.689998626708984,52.86566162109375,5374800.0
2020-06-02,56.0,56.220001220703125,54.75,55.790000915527344,52.96059799194336,6998700.0
2020-06-03,56.689998626708984,58.25,56.40999984741211,57.810001373291016,54.87814712524414,8026700.0
2020-06-04,57.15999984741211,59.20000076293945,57.099998474121094,58.130001068115234,55.181915283203125,7456900.0
2020-06-05,59.709999084472656,61.11000061035156,59.619998931884766,60.189998626708984,57.13743591308594,8349700.0
2020-06-08,59.93000030517578,60.470001220703125,59.09000015258789,59.900001525878906,56.862152099609375,5528700.0
2020-06-09,59.02000045776367,60.2599983215332,58.93000030517578,59.790000915527344,56.75772857666016,6184300.0
2020-06-10,60.20000076293945,60.56999969482422,59.459999084472656,59.86000061035156,56.82418441772461,5319800.0
2020-06-11,58.2599983215332,58.59000015258789,55.349998474121094,55.40999984741211,52.59986114501953,9386800.0
2020-06-12,57.5099983215332,58.0099983215332,54.970001220703125,56.54999923706055,53.68204498291016,8534200.0
2020-06-15,54.91999816894531,57.22999954223633,54.52000045776367,57.04999923706055,54.15668487548828,7221000.0
2020-06-16,58.959999084472656,60.130001068115234,57.900001525878906,58.540000915527344,55.57112121582031,9718000.0
2020-06-17,58.72999954223633,60.43000030517578,58.540000915527344,60.0,56.95708084106445,8338100.0
2020-06-18,59.56999969482422,60.720001220703125,59.56999969482422,60.380001068115234,57.317813873291016,5674000.0
2020-06-19,61.400001525878906,62.33000183105469,60.40999984741211,60.95000076293945,57.85890197753906,10092800.0
2020-06-22,60.52000045776367,61.38999938964844,59.58000183105469,61.27000045776367,58.16268157958984,5379900.0
2020-06-23,61.93000030517578,61.97999954223633,60.439998626708984,60.84000015258789,57.75447082519531,7264900.0
2020-06-24,60.33000183105469,60.88999938964844,59.150001525878906,59.970001220703125,56.92860412597656,7937300.0
2020-06-25,59.599998474121094,60.06999969482422,58.61000061035156,59.97999954223633,56.93809127807617,6298900.0
2020-06-26,59.56999969482422,60.13999938964844,58.0099983215332,58.380001068115234,55.419227600097656,12786500.0
2020-06-29,58.439998626708984,59.06999969482422,57.560001373291016,59.060001373291016,56.064754486083984,5035900.0
2020-06-30,59.119998931884766,60.939998626708984,59.06999969482422,60.45000076293945,57.38425827026367,6067600.0
2020-07-01,60.43000030517578,60.779998779296875,59.540000915527344,59.68000030517578,56.65330505371094,5305200.0
2020-07-02,60.5,61.650001525878906,60.34000015258789,61.0,57.9063720703125,5596100.0
2020-07-06,62.38999938964844,63.709999084472656,62.290000915527344,63.459999084472656,60.241607666015625,7776900.0
2020-07-07,63.380001068115234,63.83000183105469,62.029998779296875,62.18000030517578,59.02651596069336,5078200.0
2020-07-08,62.900001525878906,63.18000030517578,62.02000045776367,62.77000045776367,59.58659362792969,4045700.0
2020-07-09,63.08000183105469,63.70000076293945,62.2400016784668,63.4900016784668,60.27009201049805,6155900.0
2020-07-10,63.279998779296875,63.4900016784668,62.04999923706055,62.59000015258789,59.41572952270508,5899000.0
2020-07-13,63.0099983215332,63.779998779296875,61.40999984741211,61.5099983215332,58.39049530029297,6178600.0
2020-07-14,60.79999923706055,62.630001068115234,60.06999969482422,62.540000915527344,59.368263244628906,6297500.0
2020-07-15,62.75,62.84000015258789,61.29999923706055,62.099998474121094,58.9505729675293,5226400.0
2020-07-16,61.61000061035156,62.619998931884766,61.5,62.34000015258789,59.17840576171875,3934300.0
2020-07-17,62.849998474121094,62.849998474121094,61.95000076293945,62.29999923706055,59.14043045043945,4585200.0
2020-07-20,62.61000061035156,63.900001525878906,61.880001068115234,63.72999954223633,60.4979133605957,5017000.0
2020-07-21,64.12000274658203,64.83999633789062,63.2599983215332,63.810001373291016,60.573848724365234,5833900.0
2020-07-22,63.58000183105469,64.61000061035156,63.52000045776367,64.22000122070312,60.96305465698242,5027800.0
2020-07-23,64.33000183105469,65.33000183105469,63.20000076293945,63.630001068115234,60.40299224853515,5351800.0
2020-07-24,60.369998931884766,61.349998474121094,59.619998931884766,60.619998931884766,57.54563522338867,11041000.0
2020-07-27,61.630001068115234,63.06999969482422,61.11000061035156,63.0099983215332,59.81441879272461,7194700.0
2020-07-28,62.529998779296875,62.95000076293945,61.900001525878906,62.29999923706055,59.14043045043945,4565700.0
2020-07-29,62.66999816894531,63.65999984741211,62.16999816894531,63.25,60.04226303100586,4621400.0
2020-07-30,63.22999954223633,64.43000030517578,62.9900016784668,64.41999816894531,61.15291213989258,5525000.0
2020-07-31,64.79000091552734,64.79000091552734,63.119998931884766,64.33000183105469,61.067481994628906,5900600.0
2020-08-03,64.79000091552734,65.58999633789062,64.68000030517578,65.01000213623047,61.71299362182617,5540600.0
2020-08-04,65.0,65.19999694824219,64.18000030517578,64.8499984741211,61.56110763549805,5190200.0
2020-08-05,64.87000274658203,65.25,64.41999816894531,64.87000274658203,61.58010482788086,4572700.0
2020-08-06,63.869998931884766,64.16999816894531,62.599998474121094,63.61000061035156,60.38399887084961,7395900.0
2020-08-07,63.689998626708984,65.01000213623047,62.779998779296875,63.56999969482422,60.346038818359375,7124200.0
2020-08-10,63.650001525878906,65.27999877929688,63.619998931884766,65.23999786376953,61.93132781982422,7387000.0
2020-08-11,65.31999969482422,66.12000274658203,64.2300033569336,64.45999908447266,61.190879821777344,7608600.0
2020-08-12,64.98999786376953,66.66999816894531,64.69999694824219,66.5,63.12743377685547,6170100.0
2020-08-13,66.36000061035156,66.5999984741211,64.61000061035156,65.06999969482422,61.76995849609375,10684400.0
2020-08-14,67.38999938964844,69.9000015258789,66.5,67.62000274658203,64.19062805175781,23421900.0
2020-08-17,68.0999984741211,68.2300033569336,66.7699966430664,66.94000244140625,63.545108795166016,6883000.0
2020-08-18,67.38999938964844,67.38999938964844,66.06999969482422,66.43000030517578,63.06096649169922,6166700.0
2020-08-19,66.56999969482422,66.7300033569336,65.69000244140625,65.87000274658203,62.73714828491211,4979500.0
2020-08-20,64.70999908447266,64.81999969482422,63.279998779296875,63.790000915527344,60.756072998046875,8307800.0
2020-08-21,63.099998474121094,63.279998779296875,61.91999816894531,62.27000045776367,59.308372497558594,11150600.0
2020-08-24,63.36000061035156,63.79999923706055,62.68000030517578,63.7400016784668,60.70845413208008,8366500.0
2020-08-25,64.11000061035156,64.6500015258789,63.43000030517578,64.05000305175781,61.00371551513672,5156900.0
2020-08-26,64.05000305175781,64.26000213623047,63.4900016784668,63.7599983215332,60.72749710083008,5964900.0
2020-08-27,64.29000091552734,64.29000091552734,61.290000915527344,62.029998779296875,59.07978057861328,8917800.0
2020-08-28,62.060001373291016,63.099998474121094,61.970001220703125,63.06999969482422,60.07032775878906,5206000.0
2020-08-31,62.439998626708984,62.61000061035156,61.41999816894531,61.599998474121094,58.67023086547851,6454200.0
2020-09-01,61.97999954223633,62.099998474121094,61.22999954223633,61.88999938964844,58.94644927978515,7919800.0
2020-09-02,62.4900016784668,65.30000305175781,62.369998931884766,65.08000183105469,61.98472595214844,10802500.0
2020-09-03,64.19000244140625,64.37000274658203,61.04999923706055,61.459999084472656,58.536888122558594,11013000.0
2020-09-04,61.209999084472656,61.83000183105469,58.54999923706055,60.959999084472656,58.060672760009766,14688100.0
2020-09-08,57.06999969482422,57.790000915527344,55.31999969482422,55.630001068115234,52.98417282104492,20934800.0
2020-09-09,56.61000061035156,56.97999954223633,54.5099983215332,55.20000076293945,52.57462310791016,16267600.0
2020-09-10,55.599998474121094,56.25,54.939998626708984,55.119998931884766,52.498435974121094,10670500.0
2020-09-11,55.61000061035156,56.310001373291016,54.68000030517578,55.0,52.38413619995117,9203300.0
2020-09-14,56.22999954223633,57.119998931884766,56.119998931884766,56.459999084472656,53.77470016479492,8495700.0
2020-09-15,57.22999954223633,57.880001068115234,56.47999954223633,57.20000076293945,54.47950744628906,7209800.0
2020-09-16,57.4900016784668,58.20000076293945,56.380001068115234,56.470001220703125,53.78422546386719,8339400.0
2020-09-17,54.81999969482422,56.630001068115234,54.689998626708984,56.34000015258789,53.660400390625,7098700.0
2020-09-18,56.790000915527344,56.79999923706055,55.20000076293945,56.150001525878906,53.47944641113281,11913000.0
2020-09-21,55.209999084472656,57.36000061035156,54.150001525878906,57.31999969482422,54.59379196166992,8494300.0
2020-09-22,57.959999084472656,58.11000061035156,56.709999084472656,57.88999938964844,55.13669204711914,7629300.0
2020-09-23,58.099998474121094,58.880001068115234,57.0099983215332,57.25,54.52713394165039,8831800.0
2020-09-24,56.939998626708984,58.81999969482422,56.7599983215332,57.790000915527344,55.04145050048828,6318500.0
2020-09-25,57.4900016784668,58.380001068115234,56.650001525878906,58.22999954223633,55.46051406860352,6542600.0
2020-09-28,58.279998779296875,59.849998474121094,58.25,59.36000061035156,56.536773681640625,8616000.0
2020-09-29,59.380001068115234,60.25,59.150001525878906,59.650001525878906,56.8129768371582,5402200.0
2020-09-30,59.43000030517578,60.18000030517578,58.9900016784668,59.45000076293945,56.62248992919922,9074400.0
2020-10-01,60.369998931884766,61.02000045776367,59.5099983215332,60.650001525878906,57.76542282104492,7542800.0
2020-10-02,59.09000015258789,59.65999984741211,58.189998626708984,58.209999084472656,55.441463470458984,7103900.0
2020-10-05,58.93000030517578,60.630001068115234,58.7599983215332,60.599998474121094,57.717796325683594,6694600.0
2020-10-06,60.33000183105469,62.15999984741211,60.16999816894531,60.400001525878906,57.52731704711914,6947900.0
2020-10-07,61.5,61.790000915527344,60.91999816894531,61.119998931884766,58.21306228637695,5335400.0
2020-10-08,61.70000076293945,62.70000076293945,61.369998931884766,62.599998474121094,59.62267303466797,5411500.0
2020-10-09,63.290000915527344,63.810001373291016,63.060001373291016,63.290000915527344,60.27985763549805,6366800.0
2020-10-12,64.05999755859375,65.12000274658203,63.97999954223633,64.68000030517578,61.60375213623047,7021900.0
2020-10-13,65.23999786376953,65.41999816894531,64.16000366210938,64.69000244140625,61.613277435302734,7189900.0
2020-10-14,64.9000015258789,65.18000030517578,63.43000030517578,63.97999954223633,60.937042236328125,5823900.0
2020-10-15,62.400001525878906,63.689998626708984,62.02000045776367,63.5099983215332,60.4893798828125,6397300.0
2020-10-16,63.7599983215332,63.93000030517578,62.40999984741211,63.0,60.0036506652832,6841000.0
2020-10-19,63.16999816894531,63.619998931884766,61.810001373291016,62.04999923706055,59.09883117675781,5757500.0
2020-10-20,62.66999816894531,63.0099983215332,62.02000045776367,62.2599983215332,59.2988395690918,4479700.0
2020-10-21,62.400001525878906,62.86000061035156,61.90999984741211,62.11000061035156,59.15597915649414,6188900.0
2020-10-22,61.72999954223633,62.150001525878906,60.86000061035156,61.70000076293945,58.76547622680664,6013400.0
2020-10-23,61.70000076293945,62.16999816894531,60.65999984741211,60.95000076293945,58.051151275634766,6519800.0
2020-10-26,60.33000183105469,60.5,58.650001525878906,59.5099983215332,56.67964172363281,6715400.0
2020-10-27,59.779998779296875,59.9900016784668,58.77000045776367,58.83000183105469,56.031978607177734,4626200.0
2020-10-28,57.779998779296875,58.220001220703125,56.869998931884766,57.31999969482422,54.59379196166992,8976600.0
2020-10-29,57.22999954223633,60.22999954223633,56.95000076293945,59.5,56.67011260986328,6314400.0
2020-10-30,58.7400016784668,59.279998779296875,58.2599983215332,59.22999954223633,56.41294860839844,7336200.0
2020-11-02,59.95000076293945,60.47999954223633,59.529998779296875,60.33000183105469,57.46064758300781,7475100.0
2020-11-03,60.9900016784668,62.439998626708984,60.9900016784668,61.83000183105469,58.88929748535156,9967600.0
2020-11-04,63.439998626708984,65.19000244140625,62.130001068115234,64.86000061035156,61.77518844604492,9808300.0
2020-11-05,66.0,70.05999755859375,65.91000366210938,69.94999694824219,66.62309265136719,13118100.0
2020-11-06,68.9000015258789,70.86000061035156,68.3499984741211,70.52999877929688,67.17550659179688,8639700.0
2020-11-09,73.19999694824219,75.93000030517578,71.26000213623047,71.30000305175781,67.90888977050781,10154600.0
2020-11-10,70.94999694824219,71.48999786376953,69.0999984741211,69.38999938964844,66.0897445678711,8206100.0
2020-11-11,70.19999694824219,71.69999694824219,69.87999725341797,71.16000366210938,67.77554321289062,8071900.0
2020-11-12,70.86000061035156,71.1500015258789,69.43000030517578,69.80000305175781,66.48023986816406,8542700.0
2020-11-13,72.2699966430664,73.94000244140625,71.51000213623047,72.80999755859375,69.34706115722656,10179400.0
2020-11-16,72.97000122070312,74.52999877929688,72.58000183105469,74.4800033569336,70.93766021728516,8104400.0
2020-11-17,73.76000213623047,74.56999969482422,73.05999755859375,74.37000274658203,70.83287811279297,5460100.0
2020-11-18,74.69000244140625,76.66999816894531,74.58999633789062,75.70999908447266,72.32307434082031,10667700.0
2020-11-19,75.26000213623047,77.51000213623047,74.51000213623047,77.25,73.79419708251953,8990100.0
2020-11-20,77.19999694824219,78.56999969482422,76.68000030517578,76.72000122070312,73.28791809082031,7609100.0
2020-11-23,76.97000122070312,80.58000183105469,76.97000122070312,80.5,76.8988265991211,8809800.0
2020-11-24,81.0,83.13999938964844,79.81999969482422,82.94999694824219,79.23919677734375,9542000.0
2020-11-25,82.9000015258789,83.0199966430664,81.06999969482422,81.13999938964844,77.51016998291016,5518500.0
2020-11-27,81.80999755859375,83.52999877929688,81.68000030517578,82.66000366210938,78.96217346191406,3098200.0
2020-11-30,82.0,82.58999633789062,80.70999908447266,82.4800033569336,78.79024505615234,7543100.0
2020-12-01,83.05000305175781,84.62000274658203,82.87999725341797,84.2699966430664,80.50018310546875,7041400.0
2020-12-02,83.69000244140625,85.58999633789062,83.61000061035156,85.29000091552734,81.47452545166016,5272800.0
2020-12-03,85.73999786376953,87.02999877929688,85.69000244140625,86.0999984741211,82.24827575683594,4825000.0
2020-12-04,86.91999816894531,88.91999816894531,86.6500015258789,88.83999633789062,84.86570739746094,6876900.0
2020-12-07,89.2699966430664,89.45999908447266,87.81999969482422,89.13999938964844,85.15230560302734,5524100.0
2020-12-08,89.2300033569336,90.26000213623048,89.04000091552734,89.75,85.73502349853516,4703000.0
2020-12-09,89.56999969482422,90.0999984741211,87.18000030517578,87.81999969482422,83.89132690429688,7017800.0
2020-12-10,87.0,88.61000061035156,86.45999908447266,87.88999938964844,83.95821380615234,5731200.0
2020-12-11,87.05000305175781,88.58999633789062,86.58999633789062,88.30000305175781,84.3498764038086,5776400.0
2020-12-14,88.5,90.5199966430664,88.31999969482422,88.5,84.5409164428711,6425500.0
2020-12-15,89.9000015258789,90.61000061035156,87.94999694824219,88.47000122070312,84.51225280761719,6179500.0
2020-12-16,88.30999755859375,89.25,87.29000091552734,88.55000305175781,84.58869171142578,5808100.0
2020-12-17,89.12999725341797,89.23999786376953,87.12999725341797,87.5,83.58566284179688,5559400.0
2020-12-18,87.66000366210938,88.1500015258789,85.33999633789062,86.08999633789062,82.23876190185547,14603100.0
2020-12-21,84.38999938964844,86.52999877929688,83.80000305175781,86.41000366210938,82.54443359375,5226600.0
2020-12-22,86.55000305175781,86.61000061035156,85.54000091552734,85.63999938964844,81.80887603759766,3901200.0
2020-12-23,86.30000305175781,86.5,83.95999908447266,84.02999877929688,80.27088928222656,4585900.0
2020-12-24,84.73999786376953,85.38999938964844,84.19999694824219,85.33000183105469,81.51272583007812,1409200.0
2020-12-28,86.37000274658203,86.73999786376953,84.55999755859375,84.87000274658203,81.07331848144531,3018300.0
2020-12-29,85.0199966430664,85.12000274658203,83.52999877929688,84.2699966430664,80.50018310546875,4518000.0
2020-12-30,85.37999725341797,87.56999969482422,85.16000366210938,86.9800033569336,83.08894348144531,6294300.0
2020-12-31,86.98999786376953,87.05999755859375,85.16999816894531,86.30000305175781,82.43936157226562,5715900.0
2021-01-04,87.23999786376953,89.30000305175781,86.1500015258789,86.87000274658203,82.98383331298828,8449900.0
2021-01-05,86.4000015258789,89.62000274658203,86.4000015258789,89.5999984741211,85.59171295166016,6987200.0
2021-01-06,88.29000091552734,91.9000015258789,88.27999877929688,90.83000183105467,86.76668548583984,9818000.0
2021-01-07,92.12999725341795,95.05999755859376,91.98999786376952,94.55999755859376,90.32982635498048,8784100.0
2021-01-08,96.29000091552734,97.8000030517578,94.87999725341795,95.55999755859376,91.28508758544922,9059700.0
2021-01-11,94.62000274658205,98.3000030517578,94.18000030517578,97.95999908447266,93.57774353027344,8357500.0
2021-01-12,98.52999877929688,100.87000274658205,98.1999969482422,100.01000213623048,95.53604125976562,7186100.0
2021-01-13,100.48999786376952,100.48999786376952,97.95999908447266,98.0500030517578,93.66371154785156,5310000.0
2021-01-14,102.83000183105467,106.5999984741211,102.6999969482422,105.8000030517578,101.0670166015625,11663000.0
2021-01-15,105.16000366210938,105.41999816894533,101.1500015258789,103.13999938964844,98.5260009765625,8981200.0
2021-01-19,105.0999984741211,109.58000183105467,104.38999938964844,109.22000122070312,104.33402252197266,9362200.0
2021-01-20,110.11000061035156,110.87999725341795,105.16000366210938,107.83999633789062,103.0157699584961,9926000.0
2021-01-21,109.11000061035156,109.27999877929688,106.2699966430664,107.97000122070312,103.1399383544922,7271400.0
2021-01-22,108.0500030517578,109.75,106.25,106.33000183105467,101.57331085205078,6207600.0
2021-01-25,107.51000213623048,110.0999984741211,107.0,108.12000274658205,103.28321838378906,8437500.0
2021-01-26,108.8499984741211,108.9000015258789,105.2699966430664,105.52999877929688,100.80908203125,6029800.0
2021-01-27,102.0999984741211,104.05999755859376,98.08000183105467,98.58000183105467,94.17001342773438,9782700.0
2021-01-28,101.19000244140624,103.3499984741211,99.97000122070312,101.1500015258789,96.62503051757812,7433000.0
2021-01-29,100.2300033569336,100.45999908447266,96.06999969482422,96.68000030517578,92.35498046875,7943400.0
2021-02-01,99.25,102.1500015258789,97.68000030517578,101.20999908447266,96.68235778808594,9083600.0
2021-02-02,102.98999786376952,103.94000244140624,101.7699966430664,103.58999633789062,98.95587158203124,5108600.0
2021-02-03,104.31999969482422,104.41000366210938,99.81999969482422,99.87000274658205,95.40228271484376,5399200.0
2021-02-04,100.20999908447266,103.7300033569336,100.20999908447266,103.23999786376952,98.62154388427734,6356300.0
2021-02-05,104.86000061035156,105.1999969482422,100.69000244140624,100.70999908447266,96.20471954345705,6349300.0
2021-02-08,101.8499984741211,106.25,101.76000213623048,106.19000244140624,101.43955993652344,6621400.0
2021-02-09,106.20999908447266,107.36000061035156,104.77999877929688,105.37999725341795,100.6658172607422,5769200.0
2021-02-10,106.94000244140624,108.1999969482422,105.02999877929688,105.87999725341795,101.1434326171875,5001700.0
2021-02-11,107.43000030517578,114.3000030517578,107.29000091552734,113.0,107.94491577148438,12147100.0
2021-02-12,113.0,117.81999969482422,111.69000244140624,116.6999969482422,111.47938537597656,8157500.0
2021-02-16,118.51000213623048,121.12999725341795,117.69000244140624,118.3499984741211,113.05557250976562,9260100.0
2021-02-17,116.45999908447266,117.05999755859376,112.08999633789062,115.70999908447266,110.53367614746094,7225200.0
2021-02-18,114.0,115.62999725341795,112.44000244140624,113.43000030517578,108.3556900024414,8239600.0
2021-02-19,121.61000061035156,124.5,118.9000015258789,119.45999908447266,114.1159210205078,21054100.0
2021-02-22,117.97000122070312,119.87000274658205,114.62000274658205,115.2300033569336,110.07515716552734,7850600.0
2021-02-23,112.86000061035156,117.8000030517578,110.69000244140624,116.13999938964844,110.94444274902344,9387900.0
2021-02-24,115.0500030517578,123.0199966430664,114.41999816894533,122.80999755859376,117.53870391845705,10098100.0
2021-02-25,121.16999816894533,121.22000122070312,113.5999984741211,113.93000030517578,109.03985595703124,11352800.0
2021-02-26,116.52999877929688,120.25,113.44000244140624,118.19000244140624,113.11700439453124,11626500.0
2021-03-01,121.18000030517578,122.4800033569336,119.45999908447266,122.25,117.00274658203124,7003000.0
2021-03-02,121.83999633789062,121.91000366210938,117.23999786376952,117.5,112.4566421508789,6505000.0
2021-03-03,118.27999877929688,119.8499984741211,115.0999984741211,115.44000244140624,110.48505401611328,7257100.0
2021-03-04,115.33999633789062,116.48999786376952,107.12999725341795,108.23999786376952,103.59407806396484,12433400.0
2021-03-05,111.58999633789062,114.33999633789062,105.6500015258789,113.4499969482422,108.5804443359375,9962700.0
2021-03-08,112.8000030517578,114.12000274658205,105.5,105.68000030517578,101.14397430419922,12091500.0
2021-03-09,110.26000213623048,114.9499969482422,109.41000366210938,114.22000122070312,109.31739807128906,12040800.0
2021-03-10,115.8000030517578,116.5,112.58000183105467,112.68000030517578,107.84352111816406,8820300.0
2021-03-11,117.26000213623048,117.8499984741211,115.63999938964844,117.19000244140624,112.15994262695312,7715500.0
2021-03-12,114.5500030517578,116.4499969482422,113.33000183105467,114.29000091552734,109.38439178466795,7426000.0
2021-03-15,114.62999725341795,115.43000030517578,113.0999984741211,114.87999725341795,109.94910430908205,7061200.0
2021-03-16,117.02999877929688,121.2699966430664,116.91999816894533,118.5,113.4136962890625,10383000.0
2021-03-17,116.19000244140624,121.13999938964844,114.9000015258789,119.9000015258789,114.75362396240234,8342600.0
2021-03-18,117.86000061035156,118.77999877929688,114.11000061035156,114.27999877929688,109.37484741210938,9040500.0
2021-03-19,114.51000213623048,117.05999755859376,112.13999938964844,114.86000061035156,109.92993927001952,13044700.0
2021-03-22,117.5999984741211,121.4800033569336,116.97000122070312,119.33000183105467,114.20807647705078,11318700.0
2021-03-23,119.9000015258789,120.1999969482422,115.55999755859376,116.37999725341795,111.38469696044922,8263800.0
2021-03-24,122.6500015258789,125.8000030517578,120.41999816894533,121.0999984741211,115.90210723876952,20252500.0
2021-03-25,118.76000213623048,120.4800033569336,116.22000122070312,119.72000122070312,114.58133697509766,10381600.0
2021-03-26,119.66999816894533,128.97999572753906,119.16999816894533,128.63999938964844,123.11849975585938,14037000.0
2021-03-29,127.04000091552734,127.83000183105467,123.47000122070312,125.70999908447266,120.31423950195312,10539600.0
2021-03-30,124.88999938964844,127.9000015258789,123.86000061035156,126.76000213623048,121.31918334960938,7970900.0
2021-03-31,129.97000122070312,135.5,129.0,133.60000610351562,127.86560821533205,18589500.0
2021-04-01,138.13999938964844,142.36000061035156,137.1999969482422,141.52000427246094,135.44564819335938,15929200.0
2021-04-05,145.5,146.0,141.74000549316406,143.0500030517578,136.9099578857422,14377400.0
2021-04-06,143.8800048828125,145.3000030517578,136.9499969482422,139.5399932861328,133.55062866210938,18004800.0
2021-04-07,140.25,141.8699951171875,136.82000732421875,139.13999938964844,133.16775512695312,13702700.0
2021-04-08,140.61000061035156,141.67999267578125,138.2100067138672,139.35000610351562,133.36880493164062,10238000.0
2021-04-09,138.32000732421875,140.17999267578125,137.49000549316406,138.91000366210938,132.9476776123047,9637200.0
2021-04-12,137.82000732421875,138.72999572753906,134.50999450683594,135.0,129.2054901123047,11147500.0
2021-04-13,136.6300048828125,136.99000549316406,133.1999969482422,135.10000610351562,129.30117797851562,8034300.0
2021-04-14,134.6699981689453,137.13999938964844,133.24000549316406,134.13999938964844,128.38241577148438,8134200.0
2021-04-15,136.0,136.13999938964844,132.85000610351562,134.41000366210938,128.64083862304688,8269400.0
2021-04-16,133.5,134.74000549316406,133.00999450683594,133.72999572753906,127.9900360107422,7686300.0
2021-04-19,133.38999938964844,135.27999877929688,128.6999969482422,130.88999938964844,125.27190399169922,12826400.0
2021-04-20,129.3800048828125,131.6699981689453,128.30999755859375,128.58999633789062,123.07063293457033,7583300.0
2021-04-21,130.13999938964844,135.16000366210938,129.0,135.0500030517578,129.2533416748047,12108800.0
2021-04-22,134.77000427246094,135.74000549316406,130.4499969482422,131.75,126.09500122070312,11483500.0
2021-04-23,133.49000549316406,135.1699981689453,132.75,134.86000061035156,129.07150268554688,8079100.0
2021-04-26,134.8300018310547,138.6699981689453,134.1999969482422,137.3000030517578,131.40676879882812,7927200.0
2021-04-27,138.14999389648438,138.25,135.5500030517578,136.77999877929688,130.9090576171875,5767400.0
2021-04-28,136.63999938964844,136.9199981689453,134.57000732421875,135.69000244140625,129.8658905029297,6172700.0
2021-04-29,137.25,137.60000610351562,133.08999633789062,135.38999938964844,129.57872009277344,6668400.0
2021-04-30,132.0,134.39999389648438,131.39999389648438,132.7100067138672,127.01376342773438,8691800.0
2021-05-03,134.25,135.61000061035156,131.6999969482422,132.85000610351562,127.14777374267578,7750200.0
2021-05-04,129.99000549316406,130.67999267578125,125.31999969482422,128.72000122070312,123.1950454711914,14199100.0
2021-05-05,131.72999572753906,132.52000427246094,128.75999450683594,130.2899932861328,124.6976547241211,7276600.0
2021-05-06,129.63999938964844,131.88999938964844,127.76000213623048,131.72999572753906,126.07587432861328,7270500.0
2021-05-07,132.5500030517578,134.10000610351562,131.63999938964844,132.9499969482422,127.24344635009766,7524800.0
2021-05-10,131.9199981689453,131.9199981689453,124.51000213623048,124.69000244140624,119.33802795410156,10471500.0
2021-05-11,120.0,124.33999633789062,117.62000274658205,123.5500030517578,118.24695587158205,15287800.0
2021-05-12,119.33000183105467,121.01000213623048,114.38999938964844,114.87999725341795,109.94910430908205,18648200.0
2021-05-13,118.48999786376952,121.47000122070312,117.88999938964844,119.91999816894533,114.77275848388672,14228000.0
2021-05-14,121.88999938964844,125.8000030517578,120.26000213623048,124.83000183105467,119.47200775146484,12422300.0
2021-05-17,122.0,123.62000274658205,120.37000274658205,123.56999969482422,118.26610565185548,9379000.0
2021-05-18,125.33999633789062,125.38999938964844,121.69000244140624,121.80999755859376,116.58165740966795,7536700.0
2021-05-19,118.41999816894533,125.08000183105467,117.79000091552734,124.8000030517578,119.44329833984376,10424200.0
2021-05-20,126.80999755859376,130.6699981689453,125.23999786376952,130.30999755859375,124.7167739868164,18239800.0
2021-05-21,129.85000610351562,130.69000244140625,127.0199966430664,128.66000366210938,123.13761901855467,14252400.0
2021-05-24,130.19000244140625,135.6300048828125,129.58999633789062,134.5800018310547,128.80355834960938,11405600.0
2021-05-25,136.4499969482422,139.14999389648438,135.94000244140625,137.5,131.59817504882812,12721000.0
2021-05-26,137.97000122070312,138.97000122070312,136.2100067138672,136.89999389648438,131.25303649902344,10577900.0
2021-05-27,135.94000244140625,138.19000244140625,135.83999633789062,137.82000732421875,132.13507080078125,10623400.0
2021-05-28,139.1699981689453,139.4600067138672,137.82000732421875,138.1300048828125,132.43231201171875,7186300.0
2021-06-01,139.0,142.1199951171875,137.25999450683594,138.2100067138672,132.50900268554688,8839300.0
2021-06-02,138.0500030517578,140.36000061035156,136.9199981689453,139.00999450683594,133.27601623535156,6401200.0
2021-06-03,137.39999389648438,138.02999877929688,135.08999633789062,136.3800048828125,130.75448608398438,8191900.0
2021-06-04,137.72999572753906,140.85000610351562,137.6199951171875,139.85000610351562,134.08135986328125,6662800.0
2021-06-07,139.4600067138672,139.69000244140625,138.19000244140625,138.97000122070312,133.2376708984375,5943100.0
2021-06-08,140.33999633789062,140.75,135.24000549316406,135.86000061035156,130.25596618652344,8129200.0
2021-06-09,136.85000610351562,137.47000122070312,134.57000732421875,134.64999389648438,129.09584045410156,6887800.0
2021-06-10,135.8699951171875,138.1699981689453,135.3000030517578,137.16000366210938,131.50228881835938,6163000.0
2021-06-11,136.92999267578125,137.14999389648438,135.22999572753906,136.82000732421875,131.17636108398438,6077700.0
2021-06-14,136.8000030517578,139.5500030517578,135.75,139.02999877929688,133.29519653320312,6062900.0
2021-06-15,139.1300048828125,140.61000061035156,138.1999969482422,138.63999938964844,132.92127990722656,6059300.0
2021-06-16,139.50999450683594,140.2899932861328,136.0399932861328,136.97999572753906,131.32972717285156,8030400.0
2021-06-17,136.5500030517578,138.64999389648438,135.0500030517578,137.32000732421875,131.6556854248047,7690300.0
2021-06-18,135.25,136.25999450683594,130.6300048828125,131.22999572753906,125.81690216064452,13258400.0
2021-06-21,131.19000244140625,133.5800018310547,130.32000732421875,133.0500030517578,127.56187438964844,5984000.0
2021-06-22,132.82000732421875,134.44000244140625,131.60000610351562,133.44000244140625,127.93577575683594,5680900.0
2021-06-23,134.3000030517578,136.2100067138672,134.27999877929688,135.5,129.91082763671875,6327400.0
2021-06-24,137.0,138.47000122070312,136.7100067138672,138.25999450683594,132.5569305419922,6374100.0
2021-06-25,138.7100067138672,139.2100067138672,135.3800048828125,136.19000244140625,130.57235717773438,7276700.0
2021-06-28,138.77999877929688,141.4199981689453,137.92999267578125,140.99000549316406,135.17433166503906,6984400.0
2021-06-29,140.4499969482422,142.7899932861328,140.38999938964844,141.9199981689453,136.06594848632812,5340500.0
2021-06-30,141.99000549316406,142.63999938964844,140.07000732421875,142.39999389648438,136.5261688232422,5963400.0
2021-07-01,141.6999969482422,142.19000244140625,137.58999633789062,137.9499969482422,132.25970458984375,7693500.0
2021-07-02,139.92999267578125,140.52000427246094,137.52000427246094,138.16000366210938,132.46107482910156,5299600.0
2021-07-06,139.27999877929688,141.11000061035156,134.82000732421875,136.77999877929688,131.13800048828125,7432600.0
2021-07-07,138.50999450683594,138.74000549316406,134.02000427246094,134.8699951171875,129.3067626953125,5956800.0
2021-07-08,131.63999938964844,134.38999938964844,129.72000122070312,132.52999877929688,127.06328582763672,7770900.0
2021-07-09,133.4199981689453,135.3800048828125,132.08999633789062,134.89999389648438,129.3355712890625,5762900.0
2021-07-12,135.99000549316406,137.02999877929688,134.6699981689453,136.8000030517578,131.1571807861328,5459600.0
2021-07-13,136.0,136.97000122070312,134.75,136.2899932861328,130.66822814941406,4950600.0
2021-07-14,138.19000244140625,139.8800048828125,135.41000366210938,135.64999389648438,130.05462646484375,5982300.0
2021-07-15,134.97999572753906,135.92999267578125,131.60000610351562,133.1999969482422,127.7056655883789,7057900.0
2021-07-16,134.0,134.58999633789062,127.91999816894533,128.17999267578125,122.89273071289062,8190600.0
2021-07-19,125.19000244140624,128.72000122070312,123.87999725341795,128.6199951171875,123.3145751953125,8934000.0
2021-07-20,129.1999969482422,133.1199951171875,127.8000030517578,131.97000122070312,126.52639770507812,7417600.0
2021-07-21,132.82000732421875,138.27000427246094,132.52999877929688,138.0,132.3076934814453,6434100.0
2021-07-22,137.0,138.75,136.3699951171875,137.17999267578125,131.52146911621094,5564000.0
2021-07-23,137.9499969482422,139.0,136.52999877929688,138.42999267578125,132.7199249267578,4345600.0
2021-07-26,138.22999572753906,139.8800048828125,137.44000244140625,138.47999572753906,132.76788330078125,4638200.0
2021-07-27,137.6300048828125,137.6300048828125,131.5800018310547,134.89999389648438,129.3355712890625,6344100.0
2021-07-28,135.6300048828125,137.8800048828125,135.0,137.2100067138672,131.55023193359375,5041900.0
2021-07-29,135.41000366210938,137.86000061035156,133.50999450683594,137.5,131.82827758789062,5382600.0
2021-07-30,136.5,141.39999389648438,136.47000122070312,139.92999267578125,134.1580352783203,8556400.0
2021-08-02,141.0399932861328,145.25,140.88999938964844,142.00999450683594,136.15225219726562,10230600.0
2021-08-03,142.5399932861328,143.36000061035156,140.24000549316406,142.16000366210938,136.2960662841797,5589600.0
2021-08-04,143.0,144.6999969482422,141.80999755859375,142.75999450683594,136.87130737304688,5434600.0
2021-08-05,143.42999267578125,143.8800048828125,141.16000366210938,142.27000427246094,136.40155029296875,4282200.0
2021-08-06,141.72000122070312,143.16000366210938,141.58999633789062,142.64999389648438,136.765869140625,3843300.0
2021-08-09,143.49000549316406,143.69000244140625,141.4499969482422,142.0,136.14266967773438,4026600.0
2021-08-10,142.91000366210938,143.0,135.3000030517578,138.05999755859375,132.3651580810547,6403900.0
2021-08-11,138.50999450683594,138.58999633789062,132.60000610351562,134.82000732421875,129.2588348388672,9630600.0
2021-08-12,132.0,132.02000427246094,127.69000244140624,129.22000122070312,123.88983154296876,12962600.0
2021-08-13,129.1300048828125,130.44000244140625,128.5800018310547,129.89999389648438,124.54176330566406,8812400.0
2021-08-16,129.42999267578125,132.0500030517578,129.10000610351562,131.69000244140625,126.2579574584961,10412000.0
2021-08-17,130.0500030517578,130.83999633789062,126.70999908447266,128.8000030517578,123.48715209960938,8208400.0
2021-08-18,128.80999755859375,131.63999938964844,127.18000030517578,127.37000274658205,122.11614227294922,6768800.0
2021-08-19,126.22000122070312,129.99000549316406,125.27999877929688,129.1999969482422,123.87065887451172,9020200.0
2021-08-20,130.3800048828125,131.99000549316406,125.25,127.1999969482422,121.95313262939452,13707600.0
2021-08-23,128.30999755859375,131.5,127.8000030517578,131.49000549316406,126.0662078857422,7710700.0
2021-08-24,131.8000030517578,133.3800048828125,130.6199951171875,131.44000244140625,126.01827239990234,6356600.0
2021-08-25,131.5399932861328,134.1999969482422,131.44000244140625,132.82000732421875,127.57428741455078,6735100.0
2021-08-26,132.77999877929688,133.8300018310547,131.58999633789062,132.49000549316406,127.25729370117188,3958700.0
2021-08-27,133.00999450683594,137.14999389648438,132.86000061035156,136.5500030517578,131.15695190429688,8413900.0
2021-08-30,137.57000732421875,137.88999938964844,135.3800048828125,136.0500030517578,130.67672729492188,4617700.0
2021-08-31,136.4499969482422,136.60000610351562,133.5500030517578,135.1300048828125,129.7930908203125,5586000.0
2021-09-01,135.67999267578125,136.0399932861328,133.24000549316406,133.4600067138672,128.1890411376953,6260300.0
2021-09-02,134.72999572753906,135.9499969482422,133.8800048828125,134.4499969482422,129.139892578125,5142200.0
2021-09-03,133.83999633789062,136.42999267578125,133.35000610351562,135.8300018310547,130.46539306640625,4836000.0
2021-09-07,136.64999389648438,137.1699981689453,133.75,136.49000549316406,131.0992889404297,5550400.0
2021-09-08,135.6999969482422,135.94000244140625,131.75,133.55999755859375,128.28501892089844,7440600.0
2021-09-09,133.02999877929688,135.85000610351562,132.9199981689453,135.0,129.66818237304688,6808600.0
2021-09-10,138.27999877929688,140.8000030517578,136.61000061035156,136.83999633789062,131.435546875,9054700.0
2021-09-13,138.72000122070312,141.3000030517578,137.55999755859375,139.44000244140625,133.93280029296875,8507600.0
2021-09-14,138.11000061035156,141.8000030517578,137.91000366210938,140.13999938964844,134.6051788330078,8073200.0
2021-09-15,139.99000549316406,141.33999633789062,137.44000244140625,141.22999572753906,135.65213012695312,6103200.0
2021-09-16,140.36000061035156,144.6300048828125,139.1699981689453,144.08999633789062,138.39920043945312,8467300.0
2021-09-17,143.0,143.0,139.3800048828125,140.8000030517578,135.2391357421875,10884400.0
2021-09-20,136.55999755859375,136.69000244140625,133.5500030517578,135.52999877929688,130.17724609375,8822500.0
2021-09-21,137.1300048828125,137.24000549316406,133.4499969482422,135.17999267578125,129.841064453125,5782200.0
2021-09-22,136.19000244140625,138.8000030517578,135.5500030517578,138.10000610351562,132.645751953125,6344300.0
2021-09-23,139.3300018310547,142.14999389648438,138.7100067138672,141.11000061035156,135.53684997558594,5620700.0
2021-09-24,139.41000366210938,142.3699951171875,139.16000366210938,141.9199981689453,136.3148651123047,3729900.0
2021-09-27,139.60000610351562,143.27000427246094,139.5399932861328,142.74000549316406,137.10247802734375,5248600.0
2021-09-28,137.61000061035156,139.5800018310547,132.52999877929688,132.88999938964844,127.64149475097656,12873900.0
2021-09-29,132.8000030517578,134.0399932861328,128.0399932861328,128.27000427246094,123.20398712158205,10730100.0
2021-09-30,129.3800048828125,130.85000610351562,128.50999450683594,128.72999572753906,123.64579010009766,7329800.0
2021-10-01,129.25999450683594,129.60000610351562,126.41999816894533,129.1300048828125,124.03001403808594,6459200.0
2021-10-04,127.66000366210938,127.81999969482422,123.16999816894533,125.1999969482422,120.2552261352539,9549500.0
2021-10-05,127.4800033569336,129.1999969482422,125.4000015258789,128.07000732421875,123.01187133789062,7330400.0
2021-10-06,126.3000030517578,128.17999267578125,125.72000122070312,126.5199966430664,121.52308654785156,7388700.0
2021-10-07,128.64999389648438,129.9499969482422,127.45999908447266,127.87999725341795,122.8293685913086,5761300.0
2021-10-08,128.3000030517578,128.7899932861328,125.87000274658205,126.22000122070312,121.23493194580078,6300500.0
2021-10-11,125.6999969482422,129.1999969482422,125.66000366210938,127.5,122.46438598632812,5472000.0
2021-10-12,128.75999450683594,128.8300018310547,124.94000244140624,126.76000213623048,121.75363159179688,7637900.0
2021-10-13,128.77999877929688,129.47999572753906,127.5,128.2100067138672,123.14636993408205,4950600.0
2021-10-14,131.6199951171875,132.25,129.64999389648438,132.07000732421875,126.85389709472656,7947600.0
2021-10-15,132.25999450683594,132.91000366210938,131.25,131.58999633789062,126.39282989501952,4826600.0
2021-10-18,130.36000061035156,133.39999389648438,129.83999633789062,133.27999877929688,128.01611328125,4208500.0
2021-10-19,133.3300018310547,135.33999633789062,132.61000061035156,134.60000610351562,129.28396606445312,3694300.0
2021-10-20,133.97000122070312,135.1999969482422,133.35000610351562,133.97999572753906,128.68846130371094,4619000.0
2021-10-21,131.66000366210938,133.50999450683594,130.50999450683594,133.33999633789062,128.07374572753906,5611000.0
2021-10-22,135.2100067138672,141.55999755859375,134.50999450683594,135.92999267578125,130.56138610839844,10744900.0
2021-10-25,136.25,137.9199981689453,135.3000030517578,135.75999450683594,130.39817810058594,4005600.0
2021-10-26,137.27999877929688,137.39999389648438,131.67999267578125,132.0,126.78665161132812,7864600.0
2021-10-27,133.27999877929688,134.27999877929688,131.41000366210938,132.16000366210938,126.9403305053711,7837600.0
2021-10-28,134.57000732421875,137.85000610351562,134.52000427246094,136.02000427246094,130.6478729248047,6391700.0
2021-10-29,134.7899932861328,137.25999450683594,134.5500030517578,136.64999389648438,131.25299072265625,5715300.0
2021-11-01,136.97999572753906,139.6699981689453,136.4199981689453,139.50999450683594,134.00006103515625,5329000.0
2021-11-02,139.5,141.47000122070312,138.88999938964844,141.2100067138672,135.6329345703125,4822900.0
2021-11-03,141.44000244140625,143.35000610351562,139.8800048828125,142.75,137.11209106445312,4117500.0
2021-11-04,143.27000427246094,150.49000549316406,142.5,150.1300048828125,144.20062255859375,9272800.0
2021-11-05,150.27000427246094,153.72999572753906,148.7899932861328,153.2899932861328,147.2357940673828,7706800.0
2021-11-08,154.86000061035156,154.88999938964844,151.22999572753906,152.9600067138672,146.91885375976562,5878500.0
2021-11-09,152.97999572753906,156.67999267578125,151.4199981689453,156.2899932861328,150.11734008789062,7274600.0
2021-11-10,153.25,155.0,150.27000427246094,150.39999389648438,144.4599609375,7149500.0
2021-11-11,152.22999572753906,154.17999267578125,151.3000030517578,153.89999389648438,147.8217010498047,5061000.0
2021-11-12,154.6699981689453,157.41000366210938,154.11000061035156,156.82000732421875,150.62640380859375,5778600.0
2021-11-15,156.9600067138672,158.13999938964844,155.1999969482422,156.27000427246094,150.09811401367188,7304300.0
2021-11-16,155.3800048828125,159.0,153.5500030517578,157.86000061035156,151.62530517578125,6200700.0
2021-11-17,157.91000366210938,158.50999450683594,155.88999938964844,155.97999572753906,149.81956481933594,5759200.0
2021-11-18,158.5,158.97999572753906,154.74000549316406,158.74000549316406,152.4705810546875,9929500.0
2021-11-19,150.97000122070312,156.4499969482422,149.74000549316406,150.02999877929688,144.1045684814453,16028700.0
2021-11-22,151.0,152.97999572753906,147.36000061035156,147.5500030517578,141.72250366210938,9029100.0
2021-11-23,148.7100067138672,149.9499969482422,145.10000610351562,148.9199981689453,143.0384521484375,7254500.0
2021-11-24,148.38999938964844,149.1300048828125,145.80999755859375,149.00999450683594,143.35585021972656,6185900.0
2021-11-26,145.61000061035156,147.17999267578125,142.22000122070312,143.2899932861328,137.8529052734375,7334100.0
2021-11-29,146.77000427246094,151.55999755859375,145.5,151.22000122070312,145.48204040527344,9932300.0
2021-11-30,151.11000061035156,151.97999572753906,146.4600067138672,147.19000244140625,141.60491943359375,13505800.0
2021-12-01,151.25,156.5800018310547,149.83999633789062,151.6699981689453,145.91494750976562,14372000.0
2021-12-02,148.0,149.89999389648438,143.74000549316406,146.49000549316406,140.93153381347656,9573200.0
2021-12-03,148.50999450683594,150.74000549316406,143.3300018310547,145.8300018310547,140.2965087890625,7768000.0
2021-12-06,145.77999877929688,148.36000061035156,141.02000427246094,147.3800048828125,141.78773498535156,8579700.0
2021-12-07,151.0,158.0,150.1300048828125,156.88999938964844,150.93687438964844,10514900.0
2021-12-08,156.86000061035156,157.86000061035156,155.14999389648438,157.2899932861328,151.3217010498047,6582400.0
2021-12-09,155.83999633789062,158.33999633789062,152.3800048828125,152.64999389648438,146.85775756835938,5420000.0
2021-12-10,156.11000061035156,156.88999938964844,150.64999389648438,152.72999572753906,146.9347686767578,5291900.0
2021-12-13,154.08999633789062,154.47000122070312,146.72000122070312,147.10000610351562,141.5183868408203,6202500.0
2021-12-14,144.97999572753906,148.1999969482422,144.52999877929688,147.72999572753906,142.1244659423828,5691500.0
2021-12-15,147.9499969482422,153.88999938964844,145.16000366210938,153.66000366210938,147.82945251464844,6883000.0
2021-12-16,154.39999389648438,155.35000610351562,146.25999450683594,146.6999969482422,141.13352966308594,7155900.0
2021-12-17,145.2899932861328,148.97999572753906,144.22000122070312,146.14999389648438,140.60443115234375,9334700.0
2021-12-20,143.8000030517578,146.77999877929688,143.25,145.00999450683594,139.50765991210938,4653400.0
2021-12-21,149.36000061035156,151.52000427246094,147.02000427246094,151.4199981689453,145.6744384765625,5986900.0
2021-12-22,149.97000122070312,152.44000244140625,148.9199981689453,152.32000732421875,146.54026794433594,4293700.0
2021-12-23,153.07000732421875,156.5399932861328,153.0,155.49000549316406,149.58999633789062,4625500.0
2021-12-27,156.19000244140625,162.80999755859375,156.19000244140625,162.72000122070312,156.545654296875,6416500.0
2021-12-28,162.85000610351562,162.99000549316406,158.75,159.63999938964844,153.58253479003906,5834300.0
2021-12-29,159.89999389648438,163.02000427246094,159.5500030517578,160.97999572753906,154.87168884277344,4654400.0
2021-12-30,160.67999267578125,160.9199981689453,157.6300048828125,157.97999572753906,151.98550415039062,4171400.0
2021-12-31,158.13999938964844,159.6699981689453,157.0399932861328,157.36000061035156,151.38902282714844,3594300.0
2022-01-03,157.74000549316406,160.77999877929688,156.6999969482422,159.92999267578125,153.86154174804688,5363900.0
2022-01-04,159.99000549316406,161.83999633789062,154.50999450683594,158.36000061035156,152.35108947753906,6947000.0
2022-01-05,158.0399932861328,158.88999938964844,153.5,153.74000549316406,147.90640258789062,6840100.0
2022-01-06,153.27999877929688,157.39999389648438,151.83999633789062,156.33999633789062,150.40774536132812,6576000.0
2022-01-07,155.10000610351562,157.3800048828125,150.63999938964844,150.80999755859375,145.087646484375,6335700.0
2022-01-10,147.72000122070312,149.89999389648438,143.27000427246094,149.58999633789062,143.91387939453125,9683900.0
2022-01-11,148.3800048828125,152.66000366210938,146.27000427246094,152.4499969482422,146.6653289794922,6824400.0
2022-01-12,154.72999572753906,159.75,154.6199951171875,159.5500030517578,153.49595642089844,10379800.0
2022-01-13,164.0,166.52999877929688,156.5,157.17999267578125,151.2158660888672,12553600.0
2022-01-14,155.77999877929688,167.05999755859375,155.60000610351562,167.0,160.66322326660156,11437300.0
2022-01-18,165.36000061035156,165.88999938964844,151.52000427246094,152.36000061035156,146.57875061035156,12417000.0
2022-01-19,154.42999267578125,155.82000732421875,142.9199981689453,143.07000732421875,137.6412811279297,12929000.0
2022-01-20,145.69000244140625,147.32000732421875,138.55999755859375,139.14999389648438,133.8699951171875,10573800.0
2022-01-21,137.52000427246094,141.89999389648438,134.64999389648438,135.05999755859375,129.9352264404297,12408200.0
2022-01-24,131.50999450683594,139.44000244140625,129.69000244140625,139.2899932861328,134.0047149658203,13204800.0
2022-01-25,134.8000030517578,136.41000366210938,131.3699951171875,132.99000549316406,127.94378662109376,11800000.0
2022-01-26,137.7100067138672,141.5800018310547,132.83999633789062,135.5800018310547,130.4354705810547,11852600.0
2022-01-27,134.24000549316406,135.4499969482422,129.3000030517578,130.14999389648438,125.21150970458984,13539100.0
2022-01-28,129.60000610351562,132.5,123.8499984741211,132.4499969482422,127.42420959472656,13292900.0
2022-01-31,132.9199981689453,138.3699951171875,131.6300048828125,138.17999267578125,132.93682861328125,8588900.0
2022-02-01,138.22999572753906,139.27999877929688,133.3699951171875,138.61000061035156,133.35052490234375,8151400.0
2022-02-02,140.6999969482422,141.39999389648438,137.2100067138672,140.75999450683594,135.4188995361328,8134100.0
2022-02-03,138.19000244140625,141.22000122070312,135.10000610351562,136.50999450683594,131.33016967773438,10040600.0
2022-02-04,134.33999633789062,136.75,131.94000244140625,135.57000732421875,130.42587280273438,8514400.0
2022-02-07,135.75999450683594,138.2899932861328,135.1999969482422,136.1300048828125,130.96456909179688,7242200.0
2022-02-08,134.83999633789062,139.1999969482422,133.5,138.75,133.48519897460938,6644100.0
2022-02-09,141.66000366210938,144.97999572753906,139.49000549316406,144.1999969482422,138.7283935546875,7652600.0
2022-02-10,139.7899932861328,145.16000366210938,139.00999450683594,139.77000427246094,134.46652221679688,8525700.0
2022-02-11,139.5500030517578,140.55999755859375,131.27999877929688,132.49000549316406,127.46271514892578,9473100.0
2022-02-14,132.3699951171875,134.39999389648438,129.69000244140625,131.86000061035156,126.8566436767578,9529300.0
2022-02-15,134.69000244140625,140.3800048828125,134.2899932861328,139.83999633789062,134.5338592529297,9065200.0
2022-02-16,138.47999572753906,141.7100067138672,136.89999389648438,140.9600067138672,135.61134338378906,7990700.0
2022-02-17,142.8300018310547,143.7899932861328,134.75,136.47000122070312,131.29171752929688,11879800.0
2022-02-18,136.99000549316406,137.02999877929688,130.92999267578125,133.35000610351562,128.29006958007812,8151300.0
2022-02-22,129.94000244140625,135.16000366210938,128.5,130.25999450683594,125.54329681396484,7667700.0
2022-02-23,131.9600067138672,134.22000122070312,127.62000274658205,127.86000061035156,123.2302017211914,8413800.0
2022-02-24,123.08000183105467,133.6300048828125,122.68000030517578,133.4199981689453,128.58889770507812,8500900.0
2022-02-25,133.36000061035156,136.13999938964844,131.74000549316406,135.72000122070312,130.80557250976562,7784500.0
2022-02-28,133.82000732421875,137.05999755859375,132.02999877929688,134.1999969482422,129.3406219482422,7428100.0
2022-03-01,133.74000549316406,135.05999755859375,128.08999633789062,129.61000061035156,124.91683959960938,9212500.0
2022-03-02,130.0,134.47000122070312,129.64999389648438,133.17999267578125,128.35755920410156,7008700.0
2022-03-03,135.1199951171875,135.1199951171875,129.57000732421875,130.63999938964844,125.90953826904295,5449700.0
2022-03-04,128.3800048828125,129.55999755859375,124.12000274658205,125.73999786376952,121.18695831298828,7096100.0
2022-03-07,127.55999755859376,128.0500030517578,119.11000061035156,119.22000122070312,114.90304565429688,9207100.0
2022-03-08,119.79000091552734,127.87000274658205,118.16999816894533,124.1500015258789,119.65453338623048,10525000.0
2022-03-09,127.6999969482422,129.83999633789062,126.1999969482422,128.6199951171875,123.96268463134766,7623200.0
2022-03-10,125.72000122070312,126.0,122.68000030517578,124.97000122070312,120.44483947753906,5604400.0
2022-03-11,130.0,130.0,123.37000274658205,123.63999938964844,119.16300201416016,6016000.0
2022-03-14,123.73999786376952,124.72000122070312,119.0999984741211,120.12999725341795,115.78008270263672,6733200.0
2022-03-15,121.72000122070312,124.9499969482422,119.86000061035156,124.41000366210938,119.90511322021484,6875300.0
2022-03-16,127.31999969482422,130.74000549316406,125.08999633789062,130.47999572753906,125.75531768798828,9668900.0
2022-03-17,129.32000732421875,132.25999450683594,128.30999755859375,131.99000549316406,127.21066284179688,6781100.0
2022-03-18,130.60000610351562,135.75,129.75,135.13999938964844,130.24655151367188,11516500.0
2022-03-21,134.10000610351562,135.3800048828125,131.9199981689453,134.1999969482422,129.3406219482422,6206600.0
2022-03-22,134.0,137.33999633789062,133.85000610351562,135.47999572753906,130.57424926757812,4997800.0
2022-03-23,133.61000061035156,135.10000610351562,131.1999969482422,131.4199981689453,126.66128540039062,5457900.0
2022-03-24,133.00999450683594,138.64999389648438,131.3300018310547,138.58999633789062,133.57167053222656,7617800.0
2022-03-25,138.6300048828125,138.99000549316406,134.8000030517578,137.05999755859375,132.09706115722656,6074200.0
2022-03-28,135.08999633789062,137.75,133.6999969482422,137.66000366210938,132.67535400390625,5209600.0
2022-03-29,140.0800018310547,142.00999450683594,138.91000366210938,141.44000244140625,136.3184814453125,6162600.0
2022-03-30,140.69000244140625,141.3000030517578,135.0800018310547,135.8000030517578,130.8826904296875,6387500.0
2022-03-31,136.10000610351562,137.35000610351562,131.64999389648438,131.8000030517578,127.0275421142578,8474800.0
2022-04-01,132.8800048828125,133.0399932861328,125.56999969482422,127.41000366210938,122.79649353027344,10138100.0
2022-04-04,127.16999816894533,129.6999969482422,126.9000015258789,129.44000244140625,124.75298309326172,8347800.0
2022-04-05,128.77999877929688,128.97999572753906,121.3499984741211,121.70999908447266,117.30288696289062,11653700.0
2022-04-06,119.01000213623048,121.22000122070312,117.06999969482422,119.33000183105467,115.00907135009766,11602000.0
2022-04-07,119.08000183105467,123.9000015258789,118.58999633789062,122.4000015258789,117.96791076660156,11817200.0
2022-04-08,121.26000213623048,122.38999938964844,119.45999908447266,119.95999908447266,115.61627197265624,6408100.0
2022-04-11,118.1999969482422,119.0500030517578,116.13999938964844,116.23999786376952,112.0309600830078,7785100.0
2022-04-12,118.0999984741211,119.26000213623048,114.16999816894533,114.55999755859376,110.41178894042967,9883800.0
2022-04-13,115.23999786376952,118.12000274658205,114.48999786376952,116.86000061035156,112.62849426269533,9351400.0
2022-04-14,117.41000366210938,117.52999877929688,113.25,113.36000061035156,109.25521850585938,7711200.0
2022-04-18,112.5,115.9800033569336,112.33999633789062,114.87000274658205,110.71056365966795,6822700.0
2022-04-19,114.12999725341795,117.23999786376952,113.54000091552734,117.05999755859376,112.8212661743164,6086600.0
2022-04-20,120.5199966430664,122.37000274658205,117.5199966430664,117.88999938964844,113.62120819091795,8856100.0
2022-04-21,119.20999908447266,121.08000183105467,115.33999633789062,115.69000244140624,111.50086212158205,7849400.0
2022-04-22,115.2300033569336,116.19000244140624,112.62999725341795,112.8000030517578,108.71551513671876,8489400.0
2022-04-25,111.41000366210938,114.72000122070312,111.1999969482422,114.47000122070312,110.32504272460938,8518300.0
2022-04-26,112.83999633789062,113.1999969482422,108.83000183105467,108.91999816894533,104.97599792480467,9461800.0
2022-04-27,108.37000274658205,112.37000274658205,107.9000015258789,108.80999755859376,104.86998748779295,6891600.0
2022-04-28,111.41000366210938,115.98999786376952,109.58999633789062,114.62999725341795,110.479248046875,7379100.0
2022-04-29,113.02999877929688,116.16000366210938,110.16000366210938,110.3499984741211,106.35420989990234,7998900.0
2022-05-02,111.0999984741211,113.1999969482422,108.18000030517578,112.97000122070312,108.87936401367188,9425100.0
2022-05-03,112.18000030517578,114.7300033569336,111.43000030517578,113.8000030517578,109.67931365966795,5463700.0
2022-05-04,114.16999816894533,119.12000274658205,112.04000091552734,118.80999755859376,114.50790405273438,6352100.0
2022-05-05,116.06999969482422,116.9000015258789,111.8499984741211,113.47000122070312,109.36125183105467,8172500.0
2022-05-06,111.87999725341795,115.0500030517578,109.88999938964844,112.5,108.42638397216795,6247000.0
2022-05-09,107.94000244140624,110.79000091552734,105.37999725341795,105.75,101.9207763671875,10088400.0
2022-05-10,109.22000122070312,109.56999969482422,105.18000030517578,107.18000030517578,103.29901885986328,8881000.0
2022-05-11,106.66000366210938,109.12999725341795,103.61000061035156,103.91999816894533,100.15705871582033,8311700.0
2022-05-12,103.02999877929688,106.87999725341795,102.98999786376952,106.76000213623048,102.89421844482422,9287100.0
2022-05-13,108.19000244140624,112.62999725341795,108.02999877929688,111.86000061035156,107.80955505371094,8321100.0
2022-05-16,109.61000061035156,112.30999755859376,108.62000274658205,110.4800033569336,106.47952270507812,7218200.0
2022-05-17,114.54000091552734,117.31999969482422,113.33000183105467,116.83999633789062,112.60923767089844,6646500.0
2022-05-18,113.98999786376952,117.0500030517578,110.79000091552734,111.33999633789062,107.30838012695312,8522800.0
2022-05-19,111.41000366210938,113.4800033569336,110.1999969482422,110.73999786376952,106.73011779785156,10115800.0
2022-05-20,112.0,112.73999786376952,101.33000183105467,106.45999908447266,102.60508728027344,16285500.0
2022-05-23,107.08999633789062,111.3499984741211,106.9800033569336,109.93000030517578,105.94945526123048,7669100.0
2022-05-24,107.87999725341795,108.7300033569336,105.70999908447266,106.58999633789062,102.73038482666016,6785400.0
2022-05-25,105.06999969482422,109.41999816894533,105.06999969482422,108.52999877929688,104.85589599609376,7378200.0
2022-05-26,106.95999908447266,115.70999908447266,106.81999969482422,115.06999969482422,111.17450714111328,9173100.0
2022-05-27,116.62000274658205,119.6999969482422,116.4000015258789,119.4800033569336,115.43521881103516,8510500.0
2022-05-31,117.5500030517578,118.68000030517578,115.55999755859376,117.29000091552734,113.3193588256836,9751200.0
2022-06-01,117.95999908447266,118.5,112.8000030517578,114.45999908447266,110.58515167236328,6852200.0
2022-06-02,114.69000244140624,117.41000366210938,113.5500030517578,117.33000183105467,113.35799407958984,6408500.0
2022-06-03,114.88999938964844,116.33999633789062,114.13999938964844,114.95999908447266,111.06822204589844,5080700.0
2022-06-06,117.13999938964844,117.87999725341795,114.37000274658205,115.0,111.10686492919922,3824600.0
2022-06-07,113.1999969482422,115.98999786376952,112.4000015258789,115.66999816894533,111.75418853759766,4725500.0
2022-06-08,115.2699966430664,115.66999816894533,111.19000244140624,112.45999908447266,108.65284729003906,5138300.0
2022-06-09,111.0999984741211,111.97000122070312,107.1500015258789,107.23999786376952,103.60958099365234,5947900.0
2022-06-10,105.4499969482422,106.30999755859376,101.80999755859376,101.87999725341795,98.43102264404295,8391600.0
2022-06-13,98.26000213623048,98.8499984741211,95.6500015258789,96.31999969482422,93.05924987792967,10484200.0
2022-06-14,97.4000015258789,97.95999908447266,95.38999938964844,96.62000274658205,93.34911346435548,7058400.0
2022-06-15,97.8499984741211,99.3000030517578,95.58999633789062,97.41999816894533,94.12200164794922,9377200.0
2022-06-16,94.79000091552734,95.11000061035156,88.75,89.58999633789062,86.55709838867188,13359300.0
2022-06-17,88.20999908447266,90.94000244140624,87.62000274658203,89.83000183105469,86.78897094726562,14451300.0
2022-06-21,91.6999969482422,95.68000030517578,91.16000366210938,95.16999816894533,91.94818115234376,12207400.0
2022-06-22,93.08999633789062,95.93000030517578,92.8499984741211,93.94000244140624,90.75982666015624,7652000.0
2022-06-23,94.62999725341795,95.31999969482422,92.11000061035156,93.27999877929688,90.12214660644533,8286300.0
2022-06-24,95.31999969482422,98.27999877929688,94.66999816894533,97.36000061035156,94.06404876708984,10582900.0
2022-06-27,97.97000122070312,98.87000274658205,96.54000091552734,97.61000061035156,94.30558776855467,4950100.0
2022-06-28,98.11000061035156,98.91000366210938,94.73999786376952,95.0199966430664,91.80325317382812,6494200.0
2022-06-29,93.97000122070312,94.1999969482422,91.41000366210938,91.94000244140624,88.8275146484375,7570200.0
2022-06-30,90.25,93.5199966430664,89.2699966430664,90.9800033569336,87.90003204345703,8183600.0
2022-07-01,88.72000122070312,88.72000122070312,84.45999908447266,86.2699966430664,83.3494644165039,13121600.0
2022-07-05,83.23999786376953,86.2300033569336,82.66999816894531,86.0,83.08861541748047,9549900.0
2022-07-06,86.25,87.4800033569336,84.94999694824219,86.55999755859375,83.6296615600586,5732400.0
2022-07-07,88.69000244140625,91.16000366210938,88.66999816894531,90.75,87.67781066894531,7469600.0
2022-07-08,89.63999938964844,91.6500015258789,89.30000305175781,91.19000244140624,88.1029281616211,4890800.0
2022-07-11,89.5,90.06999969482422,87.81999969482422,88.62000274658203,85.61992645263672,5319300.0
2022-07-12,89.23999786376953,90.0199966430664,88.08999633789062,88.7300033569336,85.7261962890625,5492300.0
2022-07-13,86.52999877929688,90.12000274658205,86.4800033569336,89.08000183105469,86.06434631347656,5786900.0
2022-07-14,88.4800033569336,92.08000183105467,86.41000366210938,91.66999816894533,88.56668090820312,8686500.0
2022-07-15,92.36000061035156,94.58999633789062,90.20999908447266,94.47000122070312,91.2718734741211,8051200.0
2022-07-18,95.76000213623048,96.4000015258789,92.5500030517578,93.13999938964844,89.98689270019531,5683400.0
2022-07-19,94.68000030517578,98.63999938964844,94.37000274658205,98.2300033569336,94.90460205078124,8203200.0
2022-07-20,97.58999633789062,102.86000061035156,97.51000213623048,102.2300033569336,98.76917266845705,8314000.0
2022-07-21,103.54000091552734,103.97000122070312,101.0199966430664,103.83999633789062,100.32467651367188,5463800.0
2022-07-22,103.70999908447266,103.95999908447266,100.94000244140624,101.66999816894533,98.22814178466795,5100400.0
2022-07-25,100.51000213623048,101.2699966430664,99.45999908447266,101.0,97.58081817626952,4367000.0
2022-07-26,100.58000183105467,100.9800033569336,98.56999969482422,98.91000366210938,95.56157684326172,5073900.0
2022-07-27,100.56999969482422,104.5,100.05999755859376,103.45999908447266,99.9575424194336,7275000.0
2022-07-28,103.37000274658205,105.29000091552734,100.75,105.16000366210938,101.5999984741211,6090500.0
2022-07-29,103.5,106.5500030517578,103.04000091552734,105.9800033569336,102.3922348022461,5817700.0
2022-08-01,104.48999786376952,107.33999633789062,103.66999816894533,106.4000015258789,102.79800415039062,4737500.0
2022-08-02,104.70999908447266,106.54000091552734,103.66000366210938,104.98999786376952,101.4357452392578,4137900.0
2022-08-03,105.73999786376952,110.5999984741211,105.68000030517578,109.01000213623048,105.31966400146484,6088000.0
2022-08-04,109.41999816894533,111.19000244140624,109.02999877929688,111.05999755859376,107.3002471923828,5279600.0
2022-08-05,109.05999755859376,111.22000122070312,107.44000244140624,109.62000274658205,105.90900421142578,4784000.0
2022-08-08,109.1999969482422,110.36000061035156,105.94000244140624,107.83000183105467,104.17961120605467,6038600.0
2022-08-09,103.75,103.97000122070312,97.87999725341795,99.66000366210938,96.28620147705078,10355800.0
2022-08-10,102.7699966430664,105.12999725341795,100.94000244140624,105.0500030517578,101.49372863769533,8599800.0
2022-08-11,105.79000091552734,108.91000366210938,104.98999786376952,105.52999877929688,101.95744323730467,5555600.0
2022-08-12,106.1999969482422,111.31999969482422,105.76000213623048,110.37999725341795,106.64328002929688,6644700.0
2022-08-15,109.8000030517578,111.6500015258789,108.0,109.77999877929688,106.06359100341795,8342600.0
2022-08-16,108.44000244140624,109.58999633789062,107.01000213623048,108.48999786376952,104.8172607421875,4892400.0
2022-08-17,107.0,107.2699966430664,104.12000274658205,106.0,102.41155242919922,5495600.0
2022-08-18,106.68000030517578,109.33000183105467,105.5,108.2699966430664,104.60469818115234,10062400.0
2022-08-19,106.62999725341795,107.3000030517578,103.3499984741211,104.62999725341795,101.08792877197266,12380900.0
2022-08-22,102.8000030517578,103.41999816894533,100.3499984741211,100.80999755859376,97.39725494384766,6180100.0
2022-08-23,101.11000061035156,103.30999755859376,101.0500030517578,101.93000030517578,98.47933197021484,4882300.0
2022-08-24,101.25,102.08999633789062,100.13999938964844,101.4800033569336,98.29530334472656,4741200.0
2022-08-25,101.97000122070312,105.18000030517578,101.47000122070312,105.0,101.70484161376952,7645200.0
2022-08-26,105.0,105.0,98.5500030517578,98.8000030517578,95.69940185546876,7757100.0
2022-08-29,97.5500030517578,98.70999908447266,96.37000274658205,96.54000091552734,93.51032257080078,5609700.0
2022-08-30,97.91000366210938,98.27999877929688,93.55999755859376,94.5199966430664,91.5537109375,11623200.0
2022-08-31,94.70999908447266,94.81999969482422,92.61000061035156,94.06999969482422,91.11784362792967,8729700.0
2022-09-01,91.54000091552734,91.97000122070312,89.02999877929688,91.80999755859376,88.92877197265625,9953700.0
2022-09-02,93.1500015258789,93.83999633789062,90.54000091552734,91.23999786376952,88.37665557861328,6795400.0
2022-09-06,91.12000274658205,91.5999984741211,89.22000122070312,90.29000091552734,87.45646667480469,5922500.0
2022-09-07,90.56999969482422,92.7699966430664,89.87999725341797,91.94000244140624,89.05467987060547,5567500.0
2022-09-08,91.0199966430664,93.83000183105467,90.26000213623048,93.79000091552734,90.84661865234376,5233000.0
2022-09-09,95.12000274658205,97.01000213623048,95.05999755859376,96.51000213623048,93.48127746582033,5094300.0
2022-09-12,96.9000015258789,97.66999816894533,95.23999786376952,96.3000030517578,93.27786254882812,5329300.0
2022-09-13,92.43000030517578,93.3499984741211,90.0,90.38999938964844,87.55332946777344,8422200.0
2022-09-14,91.94000244140624,91.94000244140624,89.5999984741211,90.63999938964844,87.79547882080078,5828200.0
2022-09-15,90.04000091552734,90.81999969482422,88.08999633789062,88.91999816894531,86.12945556640625,7120300.0
2022-09-16,87.62000274658203,89.3499984741211,86.94000244140625,88.87000274658203,86.08103942871094,10893600.0
2022-09-19,87.8499984741211,90.29000091552734,87.70999908447266,89.72000122070312,86.90436553955078,5260300.0
2022-09-20,88.0199966430664,89.0199966430664,87.3499984741211,88.12000274658203,85.35458374023438,4435700.0
2022-09-21,88.37000274658203,91.26000213623048,87.05000305175781,87.08999633789062,84.35689544677734,6953400.0
2022-09-22,86.63999938964844,86.79000091552734,84.58999633789062,85.04000091552734,82.3712387084961,8558400.0
2022-09-23,84.19000244140625,84.4800033569336,82.69999694824219,84.29000091552734,81.644775390625,7384500.0
2022-09-26,84.29000091552734,85.58000183105469,82.83999633789062,82.94000244140625,80.33712768554688,7015800.0
2022-09-27,84.43000030517578,85.18000030517578,82.52999877929688,84.1500015258789,81.5091552734375,6220000.0
2022-09-28,83.0,86.4000015258789,82.83999633789062,86.0,83.30110168457031,7992500.0
2022-09-29,84.75,85.0999984741211,83.19999694824219,84.41999816894531,81.77068328857422,8542500.0
2022-09-30,81.94000244140625,84.45999908447266,81.52999877929688,81.93000030517578,79.35883331298828,9051000.0
2022-10-03,83.04000091552734,87.61000061035156,83.01000213623047,86.25,83.54326629638672,9631500.0
2022-10-04,89.12000274658203,90.2699966430664,88.47000122070312,89.41000366210938,86.60408020019531,7914900.0
2022-10-05,87.6500015258789,90.16999816894533,86.19000244140625,89.22000122070312,86.4200439453125,7608600.0
2022-10-06,88.9800033569336,91.19000244140624,87.87999725341797,88.12000274658203,85.35458374023438,6686700.0
2022-10-07,85.16999816894531,85.54000091552734,82.0199966430664,82.5999984741211,80.00780487060547,10029900.0
2022-10-10,82.0,82.12999725341797,77.36000061035156,79.19000244140625,76.70481872558594,14211900.0
2022-10-11,77.73999786376953,78.7699966430664,74.97000122070312,76.30000305175781,73.90553283691406,12441100.0
2022-10-12,76.55000305175781,77.0,75.47000122070312,76.01000213623047,73.6246109008789,7770200.0
2022-10-13,72.18000030517578,81.5199966430664,71.12000274658203,79.41999816894531,76.9275894165039,17560200.0
2022-10-14,79.55999755859375,79.9000015258789,74.58999633789062,74.81999969482422,72.4719467163086,10453000.0
2022-10-17,77.20999908447266,77.88999938964844,74.16000366210938,74.41000366210938,72.07482147216797,10772300.0
2022-10-18,76.69000244140625,77.44000244140625,74.1500015258789,75.2300033569336,72.86909484863281,10231000.0
2022-10-19,75.0,77.79000091552734,74.44000244140625,77.26000213623047,74.83538055419922,10579200.0
2022-10-20,78.36000061035156,82.12000274658203,77.20999908447266,78.66000366210938,76.19145202636719,13287900.0
2022-10-21,78.83000183105469,82.6500015258789,78.12999725341797,82.41999816894531,79.83345031738281,11569500.0
2022-10-24,82.83000183105469,85.08000183105469,81.9000015258789,84.94000244140625,82.27436828613281,12005000.0
2022-10-25,85.94000244140625,88.5,85.75,87.52999877929688,84.7830810546875,10349400.0
2022-10-26,86.47000122070312,90.25,85.80000305175781,88.13999938964844,85.37393188476562,8989100.0
2022-10-27,88.77999877929688,89.98999786376953,86.37000274658203,86.54000091552734,83.82416534423828,6822500.0
2022-10-28,86.62000274658203,89.93000030517578,86.45999908447266,89.72000122070312,86.90436553955078,6388600.0
2022-10-31,88.86000061035156,89.4000015258789,87.66000366210938,88.29000091552734,85.51923370361328,6875400.0
2022-11-01,90.5,90.8000030517578,89.0,89.79000091552734,86.97215270996094,6105600.0
2022-11-02,90.3499984741211,93.29000091552734,87.52999877929688,87.76000213623047,85.00585174560547,10650300.0
2022-11-03,85.95999908447266,87.70999908447266,84.69999694824219,86.30000305175781,83.59169006347656,6849700.0
2022-11-04,90.05000305175781,91.8000030517578,88.83999633789062,91.6999969482422,88.82221984863281,8692700.0
2022-11-07,92.26000213623048,95.12000274658205,92.0999984741211,95.04000091552734,92.0573959350586,7684200.0
2022-11-08,96.9800033569336,98.79000091552734,94.77999877929688,97.45999908447266,94.4014663696289,10067000.0
2022-11-09,95.27999877929688,96.61000061035156,94.23999786376952,94.37999725341795,91.41810607910156,6864600.0
2022-11-10,100.16000366210938,104.88999938964844,99.4800033569336,104.79000091552734,101.50142669677734,11692800.0
2022-11-11,105.30999755859376,110.88999938964844,104.79000091552734,110.52999877929688,107.06129455566406,11160000.0
2022-11-14,108.86000061035156,110.2300033569336,107.4499969482422,107.61000061035156,104.23292541503906,7761700.0
2022-11-15,111.16999816894533,112.12000274658205,108.7699966430664,110.45999908447266,106.99348449707033,9438600.0
2022-11-16,105.37999725341795,107.12999725341795,102.98999786376952,104.22000122070312,100.94931030273438,12082500.0
2022-11-17,100.41999816894533,105.5999984741211,100.20999908447266,104.4499969482422,101.17208099365234,10682800.0
2022-11-18,109.98999786376952,110.0,103.6500015258789,104.6999969482422,101.41425323486328,10921100.0
2022-11-21,103.52999877929688,105.91000366210938,101.83999633789062,105.13999938964844,101.84044647216795,9282400.0
2022-11-22,105.91999816894533,107.29000091552734,103.8499984741211,107.04000091552734,103.68081665039062,8497200.0
2022-11-23,106.31999969482422,108.56999969482422,106.31999969482422,107.66999816894533,104.54497528076172,4077500.0
2022-11-25,106.91999816894533,107.5,105.79000091552734,105.81999969482422,102.74866485595705,3012500.0
2022-11-28,104.0,105.08999633789062,102.80999755859376,103.47000122070312,100.46688842773438,6382700.0
2022-11-29,104.05999755859376,104.91999816894533,102.91999816894533,103.25,100.25328063964844,3450400.0
2022-11-30,103.97000122070312,109.63999938964844,102.66000366210938,109.5999984741211,106.41895294189452,11167000.0
2022-12-01,110.1500015258789,110.66999816894533,105.76000213623048,107.01000213623048,103.90414428710938,6976200.0
2022-12-02,104.31999969482422,107.31999969482422,104.22000122070312,106.70999908447266,103.6128387451172,3903300.0
2022-12-05,106.37000274658205,107.69000244140624,105.20999908447266,106.43000030517578,103.34098052978516,4692500.0
2022-12-06,106.81999969482422,107.06999969482422,103.7699966430664,104.70999908447266,101.67088317871094,4571700.0
2022-12-07,104.70999908447266,107.6500015258789,104.13999938964844,106.11000061035156,103.03025817871094,6383600.0
2022-12-08,107.04000091552734,109.44000244140624,106.5,108.61000061035156,105.45770263671876,5493200.0
2022-12-09,107.77999877929688,109.73999786376952,107.0,107.33999633789062,104.2245635986328,4705700.0
2022-12-12,106.81999969482422,109.41999816894533,105.63999938964844,109.37000274658205,106.19564056396484,4831400.0
2022-12-13,115.38999938964844,116.08999633789062,111.16000366210938,111.87000274658205,108.62310028076172,9557300.0
2022-12-14,111.36000061035156,112.61000061035156,108.5500030517578,109.63999938964844,106.45780181884766,6429300.0
2022-12-15,107.75,108.0199966430664,104.0199966430664,104.55999755859376,101.52523803710938,6773500.0
2022-12-16,104.1500015258789,105.93000030517578,103.5500030517578,104.7300033569336,101.69031524658205,12925700.0
2022-12-19,104.83000183105467,105.05999755859376,102.66999816894533,103.98999786376952,100.97178649902344,6162500.0
2022-12-20,102.06999969482422,104.61000061035156,102.04000091552734,103.5,100.49602508544922,4761800.0
2022-12-21,104.62999725341795,106.51000213623048,104.1999969482422,105.9000015258789,102.82636260986328,4889100.0
2022-12-22,102.11000061035156,102.61000061035156,95.97000122070312,97.5999984741211,94.76725769042967,11326600.0
2022-12-23,96.69000244140624,97.38999938964844,95.33000183105467,97.22000122070312,94.39827728271484,4753500.0
2022-12-27,96.18000030517578,96.83999633789062,95.16999816894533,95.33999633789062,92.57284545898438,6121400.0
2022-12-28,94.66999816894533,95.77999877929688,93.68000030517578,94.2300033569336,91.49505615234376,4274000.0
2022-12-29,96.0500030517578,97.63999938964844,95.12999725341795,97.13999938964844,94.3206024169922,5071800.0
2022-12-30,95.5999984741211,97.4800033569336,95.02999877929688,97.37999725341795,94.55363464355467,3407000.0
2023-01-03,96.874260781585,97.11700475282156,93.33020472789772,93.92250061035156,,5921500.0
2023-01-04,95.36927478792124,96.72864282463138,94.36917057907216,96.4276351928711,,6289500.0
2023-01-05,95.00028492754934,96.3596527611108,94.53422061247376,95.07796478271484,,4557100.0
2023-01-06,97.09759588821936,101.81653964102354,95.71881180451676,101.24365997314452,,7241700.0
2023-01-09,102.486518565113,105.60335059972203,101.13686253352724,103.39923095703124,,6212300.0
2023-01-10,103.0593801708522,105.04988370465117,102.78750810745603,104.90423583984376,,4638800.0
2023-01-11,103.58370485199444,106.9918321886001,103.4380569916688,106.8656005859375,,5532600.0
2023-01-12,107.37052437621888,108.64250052442576,104.11775636328778,107.00154876708984,,5330900.0
2023-01-13,104.4090524791253,107.0015567300809,104.32166819127612,106.77823638916016,,5641600.0
2023-01-17,106.2344970703125,107.4190816719357,104.65180130985428,106.2344970703125,,4848100.0
2023-01-18,107.54530713387348,109.1279953955674,106.3995551224018,106.5160675048828,,5374100.0
2023-01-19,106.3121638364937,106.4578117231144,103.01084384091467,103.07881927490234,,5325100.0
2023-01-20,103.70023407156084,106.59373824429284,103.39922649066963,106.46751403808594,,5078500.0
2023-01-23,105.3800265341017,111.57485829859569,105.35089843870088,110.84662628173828,,7669300.0
2023-01-24,110.17663534604158,110.75921939804,109.20565945672486,109.71056365966795,,3504700.0
2023-01-25,107.76862729948348,111.11849904166694,106.23449080492249,110.64271545410156,,5957600.0
2023-01-26,111.07965845852712,112.40018644179877,109.01147478945364,112.22541046142578,,5813000.0
2023-01-27,109.35132203535488,110.58445832120876,107.4870424469726,109.23480224609376,,8705700.0
2023-01-30,107.47733641746132,107.74920851372312,104.83628049727407,105.05960083007812,,7351700.0
2023-01-31,105.79754414715846,108.32208026738289,105.45770402850576,108.25411224365234,,6577100.0
2023-02-01,108.85610460177728,116.64332776412316,108.6619123923458,115.55583953857422,,9886400.0
2023-02-02,116.81810608915998,121.2943055015061,116.8084016640618,120.6534652709961,,11206500.0
2023-02-03,119.35235231755442,120.08058422100056,116.1384245542254,116.49768829345705,,6156900.0
2023-02-06,114.77907419170164,115.97337795326956,113.51680981315546,114.274169921875,,5331000.0
2023-02-07,113.98285893958372,117.76966638570092,113.36143496368284,117.02201080322266,,4935300.0
2023-02-08,115.69178317259718,115.90539906179016,112.11859146525995,112.58465576171876,,6460500.0
2023-02-09,114.92470795790732,116.08987607311477,111.73990819557936,112.71088409423828,,5512200.0
2023-02-10,111.46803930906955,111.63310343864038,109.6911515859246,111.43890380859376,,4374400.0
2023-02-13,111.82730679388128,113.33232259275373,111.22530640069962,113.14783477783205,,4198200.0
2023-02-14,111.53601173221408,115.55585163344476,110.5456120997609,115.0023956298828,,4870700.0
2023-02-15,113.60419018919634,116.10931000717594,112.62350237059958,115.99279022216795,,4980000.0
2023-02-16,113.4876608341881,114.65283636213609,111.79816483781552,112.04090881347656,,9117600.0
2023-02-17,113.39056645382828,113.99257418950852,110.08924685292727,112.08946228027344,,9287100.0
2023-02-21,110.34171301820876,111.49717683892202,107.71036892401186,108.05020904541016,,7583900.0
2023-02-22,108.14753426520178,109.3738238236422,106.5514049833172,107.45652770996094,,5089200.0
2023-02-23,109.52953570137296,110.91154866455147,106.96989134630516,109.88964080810548,,7136100.0
2023-02-24,108.0404727245256,109.10131154397888,107.42732053960545,108.33244323730467,,5808400.0
2023-02-27,110.47359523118874,110.84342751004534,108.50762632834882,109.07211303710938,,5362700.0
2023-02-28,113.03324180139376,114.91161438894468,111.77774855035956,113.04297637939452,,13010900.0
2023-03-01,114.55150828564116,116.1281757695788,113.81184372061028,114.12328338623048,,6756800.0
2023-03-02,112.3617060832148,115.90433538052103,110.88236939572865,115.28145599365234,,6502200.0
2023-03-03,115.57343516762252,115.95300206593788,113.82158223285325,115.77781677246094,,7232400.0
2023-03-06,116.64398869339658,118.2498523711526,115.05759417008744,115.36903381347656,,5775700.0
2023-03-07,115.16464876441768,115.54421558629032,112.56607362227204,113.257080078125,,5225900.0
2023-03-08,113.50041608147748,115.9140718894578,113.50041608147748,115.47611236572266,,4474900.0
2023-03-09,115.5150281816907,117.72430209526745,113.7242445793372,113.90916442871094,,5701400.0
2023-03-10,115.17438147090093,115.4468976609204,110.87261899866571,111.33004760742188,,7009600.0
2023-03-13,110.74610651244662,114.1816774558991,108.9261265345461,112.74126434326172,,8221300.0
2023-03-14,115.60262030977714,117.99681413910272,114.72669392702208,117.12088775634766,,8322400.0
2023-03-15,115.34956951704837,115.65128202122766,112.60500522368436,115.3106460571289,,9517700.0
2023-03-16,115.0478713626016,120.1282370981848,113.77291635224992,119.5442886352539,,6787700.0
2023-03-17,120.34234992100755,121.06255275775328,118.36665383995064,119.3204345703125,,13761500.0
2023-03-20,119.70973543087965,121.42265730149698,119.15498329540738,120.72191619873048,,4974700.0
2023-03-21,120.56619630365064,122.25965649504128,115.24252552764706,117.17929077148438,,10090100.0
2023-03-22,117.0527748620362,120.42995356823822,115.51504549700498,115.68049621582033,,8342500.0
2023-03-23,118.02601130937056,121.64650210098702,116.9554379116568,119.49562072753906,,6182200.0
2023-03-24,118.38611553157824,118.85327874396414,114.89215200520528,116.33255767822266,,6354500.0
2023-03-27,117.51993091826344,117.74378167286224,115.15493325370343,115.69022369384766,,4628200.0
2023-03-28,115.70968326982585,115.87513397540322,112.48822838636212,113.28629302978516,,5523800.0
2023-03-29,115.54423505328008,117.77297832598296,114.22061452953248,116.64400482177734,,7865300.0
2023-03-30,118.7364783024919,120.0795603839506,118.09412985572456,118.84353637695312,,6213800.0
2023-03-31,118.26932619959466,120.21582602623604,117.76323951180323,119.5442886352539,,5016500.0
2023-04-03,118.37636787445776,119.16470524417538,117.37392179074824,119.04791259765624,,5146800.0
2023-04-04,119.6513563668492,119.68055267855362,116.1963159258689,116.90679168701172,,4772200.0
2023-04-05,116.39096057034928,116.48829150778153,112.55636073043826,114.1816864013672,,6691700.0
2023-04-06,111.12567641070729,112.20598441834376,108.87747146658648,111.3884506225586,,6275000.0
2023-04-10,109.46141766929648,113.58799517481506,109.4419485130837,113.38361358642578,,4096500.0
2023-04-11,114.19142238415368,114.67804737606572,112.97485990437356,113.26683044433594,,3373000.0
2023-04-12,114.58070901105232,114.6488362040772,109.85071410873388,110.1329574584961,,5838900.0
2023-04-13,110.49305448024064,110.8628941760992,108.53682019915288,110.43466186523438,,5299500.0
2023-04-14,110.32759972496284,111.9723942899397,108.39083467039872,109.8799057006836,,5211600.0
2023-04-17,106.29835439768746,108.97479160082338,106.0842382333874,108.7996063232422,,6952200.0
2023-04-18,109.49060333791334,110.55144206388456,107.57330002919149,108.2935028076172,,5055000.0
2023-04-19,106.91149921910524,107.65117121658156,106.20103095566571,107.38838958740234,,6796800.0
2023-04-20,108.2740437311908,113.2181546562258,108.2740437311908,111.33004760742188,,8699500.0
2023-04-21,110.4346537053021,111.04779839348431,109.2083569036311,110.42491912841795,,4516800.0
2023-04-24,110.4541225679345,110.89208945232974,109.5295381875007,110.57091522216795,,3218100.0
2023-04-25,109.49061824513028,110.6195917396278,107.46625658794645,107.65117645263672,,6282600.0
2023-04-26,108.18645254465376,108.51735391621511,106.88229393687782,107.35918426513672,,6245800.0
2023-04-27,108.3227183650839,109.17917561603036,106.23022956556449,108.69255065917967,,9447000.0
2023-04-28,108.71201501048962,110.23028996166626,108.14753569017154,110.00643920898438,,8064400.0
2023-05-01,110.26922466783816,111.37872904058663,109.101320247629,109.92858123779295,,4171600.0
2023-05-02,109.89937065127047,110.35679926620298,108.22537973079704,109.15970611572266,,4850200.0
2023-05-03,108.9455974422662,112.18651400352002,108.89693197658028,110.25948333740234,,5624100.0
2023-05-04,110.02590381540158,110.37627437231252,108.73147967044216,109.44194793701172,,3579600.0
2023-05-05,110.6585353191039,113.5004313036277,109.9480668919548,112.95540618896484,,4874200.0
2023-05-08,113.7437291870992,114.44446294376584,111.85562182736804,112.6536865234375,,3247600.0
2023-05-09,111.02836990921853,111.34954421480208,109.84100363425542,110.79478454589844,,3173700.0
2023-05-10,112.42983509098124,113.13057626879718,111.08675278370606,112.32278442382812,,4101000.0
2023-05-11,112.21572856248672,112.74127703098976,110.86291164937016,112.37144470214844,,3630400.0
2023-05-12,113.58799095420544,113.93836149994183,111.91399999686644,112.9845733642578,,3838700.0
2023-05-15,113.56853735974796,118.01628926836834,112.9164542596708,117.87030029296876,,5859200.0
2023-05-16,117.59779009930776,119.77786784998744,117.21822322297136,117.68537902832033,,5080700.0
2023-05-17,118.97980739875273,122.9214726998775,118.6197022410812,122.33751678466795,,7349600.0
2023-05-18,122.44458292766244,128.52739556694792,122.3959248817332,126.44464111328124,,10891200.0
2023-05-19,124.8679705101887,124.88743966719817,121.8995552174062,123.5540771484375,,10257200.0
2023-05-22,123.82658990202803,124.14775673061314,122.28885325488206,123.16477966308594,,4709100.0
2023-05-23,122.5224175471794,123.33995124580504,120.86789584623968,121.1598663330078,,4604500.0
2023-05-24,118.96443409473906,119.64746927922852,117.266616966309,118.77904510498048,,6315600.0
2023-05-25,124.08713243395444,127.56082823389391,123.07234330763056,127.30713653564452,,9575700.0
2023-05-26,127.59991807661518,133.37640547197586,126.83882778766196,132.7616729736328,,9083800.0
2023-05-30,134.65460413852034,135.43521351710046,132.20545691599966,133.25927734375,,7753800.0
2023-05-31,130.36130344023633,132.45917764629806,128.9562092288379,130.06857299804688,,11368600.0
2023-06-01,130.4881074351818,132.88847856077712,128.49756775379058,131.5614471435547,,5007000.0
2023-06-02,131.86393370336316,132.04933010302446,129.1708470205543,131.36630249023438,,5327400.0
2023-06-05,131.551685557605,131.8736725583068,129.81482281984174,130.48809814453125,,3798300.0
2023-06-06,128.21462006171623,132.068876818856,127.58038319450728,130.69305419921875,,5468900.0
2023-06-07,131.99078240219768,133.7178632581078,130.3417490802682,131.73707580566406,,4835700.0
2023-06-08,132.55671754303577,133.44464592232822,130.8979171910104,132.89822387695312,,4507000.0
2023-06-09,134.4497201481835,134.63511659436443,132.52749013017933,132.82020568847656,,3675200.0
2023-06-12,134.40091525510766,136.83054320000338,133.51297188211956,136.61587524414062,,5931900.0
2023-06-13,138.0697588951943,139.07478845787887,136.03042822053425,138.35272216796875,,6859500.0
2023-06-14,135.0546402802263,137.933122804114,134.87899613451606,137.7477264404297,,6474600.0
2023-06-15,135.32788061444998,138.00144802951232,134.58629499892035,136.7134552001953,,5524400.0
2023-06-16,137.4745188585506,137.53306194561208,134.78143263154195,135.56202697753906,,8847400.0
2023-06-20,135.73771153492385,136.91838540137198,133.9423201824539,135.16201782226562,,3840000.0
2023-06-21,135.17175248891235,135.78648478398736,132.57623267513478,133.35684204101562,,4715300.0
2023-06-22,131.72735217059352,136.2158456815912,131.72735217059352,135.5523223876953,,3763600.0
2023-06-23,133.23975247438386,133.47392485600054,131.57119981094058,132.77139282226562,,6956900.0
2023-06-26,133.16170408721374,137.45503361010023,133.16170408721374,136.41098022460938,,7256100.0
2023-06-27,136.75249912003548,143.1339657752894,136.56711757772257,142.9973602294922,,7343900.0
2023-06-28,139.33828886157053,142.38265000719176,138.60647013318928,140.53846740722656,,6645200.0
2023-06-29,141.18243680396895,141.7288589381351,140.03103454507328,140.73358154296875,,3916500.0
2023-06-30,141.77764213664136,142.02158163966763,139.96273163857057,141.0360565185547,,6142600.0
2023-07-03,140.52871121545596,142.37289376333888,139.90422651376255,141.9435577392578,,2533600.0
2023-07-05,140.75311976069037,141.40687596528656,138.71378870456195,138.8113555908203,,5198400.0
2023-07-06,137.2501550807773,137.90391130285502,135.39620552563147,136.97694396972656,,5793500.0
2023-07-07,136.23534520920816,138.67474053175602,136.03044433989115,136.1865692138672,,3459400.0
2023-07-10,136.3914975876211,138.44059602733338,136.31343513489117,137.152587890625,,6364400.0
2023-07-11,136.7817310996533,137.03543767479388,130.76130682711133,134.22525024414062,,7706100.0
2023-07-12,135.83530580146487,136.31341779137995,134.50827405167843,135.52305603027344,,5590100.0
2023-07-13,136.7231976196292,140.17738906074177,136.62563075908034,139.19186401367188,,5410800.0
2023-07-14,141.06536332777432,141.8654772710234,138.9284505904535,139.27972412109375,,6058800.0
2023-07-17,139.51386417639264,142.94853624691257,138.3917485163563,141.9727783203125,,6306700.0
2023-07-18,140.31401028480624,141.63127471631796,138.46982816958086,141.0067901611328,,6492700.0
2023-07-19,140.557946690732,141.14339257328226,137.75751103032167,138.3429718017578,,5379400.0
2023-07-20,134.47898279737532,134.8400085146525,130.28322016716697,130.7906036376953,,9883200.0
2023-07-21,131.9420116351037,133.97159027226198,131.91274008317873,133.09339904785156,,15686100.0
2023-07-24,134.2643361250753,135.70845411207952,133.53251746499433,134.99615478515625,,5276000.0
2023-07-25,135.32791927967014,137.9722159010964,135.1425228228172,136.66470336914062,,5038500.0
2023-07-26,134.29359910918714,136.88910447572945,133.49347027856626,135.64990234375,,4050400.0
2023-07-27,140.73357341052764,146.78327008602915,140.71406897035342,142.59727478027344,,8928900.0
2023-07-28,145.95389517339262,149.56419708618142,145.09522329984125,148.24691772460938,,7802000.0
2023-07-31,148.24694588678116,148.97876458470182,146.87113805024637,147.91519165039062,,4184400.0
2023-08-01,147.2614092718814,149.15438235019118,146.63692468934605,148.92996215820312,,3088100.0
2023-08-02,146.9686912061812,146.9686912061812,143.31936516920757,143.75845336914062,,5468300.0
2023-08-03,142.4704390309476,145.0952307797311,141.83620220276097,144.226806640625,,4338600.0
2023-08-04,143.94383208210058,145.45626004134124,141.55322783111313,142.12892150878906,,3984500.0
2023-08-07,143.48520612828344,147.03696438664065,143.46568680085784,146.73448181152344,,3896100.0
2023-08-08,144.55857210587,144.71469699199324,142.36311614476165,144.42196655273438,,3443700.0
2023-08-09,144.39265129132218,145.30011388945485,141.2897482855101,141.64102172851562,,4796600.0
2023-08-10,143.2120110473193,144.39266993256487,139.63098084349818,141.1043701171875,,4018300.0
2023-08-11,138.7722807517305,139.0162202109497,135.1717319514338,135.46446228027344,,5193200.0
2023-08-14,134.84973785724432,138.49907773766927,134.33258736497902,138.45028686523438,,4850400.0
2023-08-15,137.84535868791596,138.41130020432723,136.35244990228662,136.6842041015625,,3384900.0
2023-08-16,137.1233023946657,137.8356017312035,134.82051238430594,134.89857482910156,,4613000.0
2023-08-17,135.81578139782113,136.4012273636144,133.25929976941472,134.2545623779297,,7065700.0
2023-08-18,134.00086747103484,140.16765118825555,132.24449983708703,139.20166015625,,11541800.0
2023-08-21,139.80661141832863,145.6026165846101,139.68952521743768,145.1635284423828,,8121900.0
2023-08-22,147.10526777179825,147.48581278861616,143.37788002872097,144.2658233642578,,4865900.0
2023-08-23,143.7573321738211,145.28282900508242,142.8185809620096,144.72543334960938,,5300400.0
2023-08-24,146.23133649393955,146.63226859350803,138.68215958067677,139.36666870117188,,6771000.0
2023-08-25,140.41298709399564,141.7526852216282,137.8411874662113,141.16595458984375,,4720600.0
2023-08-28,142.09493260431395,143.93334132778327,140.8530278865759,142.20249938964844,,3565800.0
2023-08-29,140.6770482479572,147.18969702128632,140.6770482479572,146.66163635253906,,5017200.0
2023-08-30,145.8891296068761,148.21647617924444,144.9014666054002,147.6101837158203,,4000000.0
2023-08-31,146.10421103849163,149.99614679550902,146.10421103849163,149.3800811767578,,6593800.0
2023-09-01,151.08162693822732,151.12073535722766,149.12587772219848,150.58291625976562,,3693100.0
2023-09-05,150.5633391305246,151.3945384304661,148.94985216143917,150.2113037109375,,4266700.0
2023-09-06,149.8592451102741,151.82476719490856,148.19686168871883,149.79078674316406,,3109600.0
2023-09-07,145.91843376611968,146.18246405847563,141.9189306509075,144.95033264160156,,6720300.0
2023-09-08,144.45162190609673,145.21436282014446,142.94568682469333,144.2658233642578,,4473300.0
2023-09-11,146.6811901293289,146.6811901293289,140.85305094287006,143.4639892578125,,4145000.0
2023-09-12,142.7990416932847,143.19997390262097,140.5401535166193,140.7846221923828,,4470600.0
2023-09-13,141.0192794889898,143.85510939513577,140.61834738770207,141.38108825683594,,4625200.0
2023-09-14,143.1706390240713,143.46400441957027,140.75528731098464,141.37135314941406,,5629800.0
2023-09-15,137.73364201263536,138.09545083626915,133.68524180562866,135.191162109375,,13654600.0
2023-09-18,134.82935370738647,137.86075599409614,134.47731825692924,137.16647338867188,,5607700.0
2023-09-19,136.61886563654292,136.95133941630823,133.64611852485444,134.66311645507812,,6365400.0
2023-09-20,135.68985713328513,136.56995311578882,133.86123663504338,133.93946838378906,,5806900.0
2023-09-21,132.03263090861105,134.46752908057277,131.95439915111277,132.19886779785156,,5241000.0
2023-09-22,133.9590297593544,135.24981630789446,132.74646003820916,133.15716552734375,,5301100.0
2023-09-25,132.88336194479635,134.00791162370732,131.7392505984352,133.56787109375,,5161300.0
2023-09-26,132.60956541409513,133.0202709255462,130.5853579778208,131.11341857910156,,5343000.0
2023-09-27,132.22821035005282,133.05940976463532,130.1551208827704,132.07174682617188,,6296200.0
2023-09-28,131.7001501152986,136.70687844748136,131.30900622550786,135.16183471679688,,5341600.0
2023-09-29,137.11754530338828,138.42789337761127,135.0151213771526,135.38670349121094,,4448200.0
2023-10-02,135.78763591757104,138.28121855086226,134.22303095361372,136.42324829101562,,4896900.0
2023-10-03,135.61163305273283,136.912207971958,132.43354082098762,133.69500732421875,,6173000.0
2023-10-04,134.5262072538512,136.52106474455408,133.93947656301907,136.21792602539062,,5543600.0
2023-10-05,136.36460113848526,137.04911032983813,134.73155245297863,136.1983642578125,,4310400.0
2023-10-06,134.99556033140993,138.03675023176822,132.1597156937566,137.1859893798828,,5234400.0
2023-10-09,136.38417048188265,137.81185902973297,134.71199836495427,137.0491180419922,,3271500.0
2023-10-10,137.91943364644646,139.5720441872524,137.2447126738156,138.27146911621094,,3342900.0
2023-10-11,139.66006430374938,139.77740448665875,137.6945267129195,139.03421020507812,,5136900.0
2023-10-12,139.83607503956762,145.11659218447667,139.6111680478548,141.7918243408203,,8109900.0
2023-10-13,143.79646992156282,143.84536663818204,137.6065216113794,138.01722717285156,,6600500.0
2023-10-16,138.62348933692968,139.50358537511886,136.6481935105465,137.88031005859375,,6097400.0
2023-10-17,136.05173445879052,139.63074511713273,133.7830576145475,139.5623016357422,,5915900.0
2023-10-18,136.80467985526366,139.32759865384912,135.0445171354377,138.3203887939453,,5357900.0
2023-10-19,139.6796020536016,139.88496228164422,130.81028733217244,131.45567321777344,,9400300.0
2023-10-20,131.54367031488528,133.13759546288736,130.4093324138582,131.1525115966797,,6149500.0
2023-10-23,130.2528765481718,132.80512951423512,128.98163675168252,131.2600860595703,,3820100.0
2023-10-24,132.33577705809108,132.55091067296993,130.55603804794472,131.915283203125,,5238800.0
2023-10-25,130.12578533226005,130.311568979817,126.87923436965112,127.23126983642578,,7118100.0
2023-10-26,128.20914446610035,131.4361337577775,127.6224137144562,127.9451141357422,,5462700.0
2023-10-27,128.36557768118888,130.16486301033663,127.67128028637876,128.39491271972656,,4397300.0
2023-10-30,129.0403362706879,130.0182108516622,126.9476852642502,128.1309051513672,,4604600.0
2023-10-31,128.8838427571582,129.6172485221786,126.35115176303717,129.4216766357422,,4108100.0
2023-11-01,130.0866399224789,132.82469143054632,129.84217130427967,132.296630859375,,5127800.0
2023-11-02,134.76089482415546,136.68730895963031,133.64611838870348,135.44540405273438,,6088400.0
2023-11-03,136.4037017600464,138.6332541384046,135.99299631363084,136.65794372558594,,5560300.0
2023-11-06,137.29359450455362,137.67496502013137,136.12993620812722,137.25448608398438,,4823200.0
2023-11-07,136.9024508688865,138.7799684045464,136.59931211506608,138.6039581298828,,4886800.0
2023-11-08,139.22000153059403,141.33221424014306,138.47682220887074,141.03884887695312,,4305900.0
2023-11-09,141.69403839296314,143.9529414890413,139.72851561299174,140.0023193359375,,4979900.0
2023-11-10,141.9775792231117,147.64925343571844,141.46908038332776,147.34609985351562,,6699400.0
2023-11-13,145.70330837722162,146.9256515683057,144.2853932598004,146.42694091796875,,4125200.0
2023-11-14,149.64414242609067,151.4825513700199,148.77383466626534,150.67091369628906,,6505000.0
2023-11-15,151.54122917220795,153.3014064505744,150.6513596979807,151.932373046875,,4383300.0
2023-11-16,151.96169274549587,154.2694771838165,147.8546227915167,151.38475036621094,,10513800.0
2023-11-17,138.89730180024256,145.75221230475975,138.79952329282412,145.30238342285156,,18912700.0
2023-11-20,145.58599114038088,149.61483015809452,145.5175327487285,149.19435119628906,,7087400.0
2023-11-21,148.21646066380654,148.45114101885102,144.89167806258115,145.94778442382812,,6517900.0
2023-11-22,148.00572061297905,150.7104480126598,146.03597494776778,146.48675537109375,,5071300.0
2023-11-24,146.33977398738185,147.64314347089356,146.33977398738185,147.3295440673828,,1992000.0
2023-11-27,146.50636486081223,148.72110452503924,145.79098679789803,147.79013061523438,,3429700.0
2023-11-28,146.36915559139993,146.98654500181036,143.57621916198613,145.09518432617188,,5799600.0
2023-11-29,147.23153919487987,149.75987803156258,145.8693737120838,146.36915588378906,,4975600.0
2023-11-30,147.39813588262277,147.4667264000067,144.09560789093456,146.78074645996094,,7555600.0
2023-12-01,146.56515503200623,148.9366942978429,145.65378485997138,148.55450439453125,,4929400.0
2023-12-04,147.03552557893184,147.6431205907648,142.74324281955853,145.3009796142578,,5859600.0
2023-12-05,143.59584527661622,144.51702487301492,142.31207943819632,143.22344970703125,,5206300.0
2023-12-06,145.7027739144945,145.74198131470004,141.79268060215549,141.80247497558594,,4491100.0
2023-12-07,144.01722116711227,145.5655694606863,141.67508007454668,145.4185791015625,,5753600.0
2023-12-08,144.46801297230084,145.83017856957,143.0666549272525,144.7620086669922,,4990200.0
2023-12-11,146.2221685120225,152.54300825621272,146.1535630412204,152.03341674804688,,6945800.0
2023-12-12,152.0334110815115,155.0125302691741,151.54342329087197,154.07176208496094,,5705200.0
2023-12-13,153.8855822188886,155.20855538868744,151.5336465317378,153.8463897705078,,5561700.0
2023-12-14,154.61077685011008,159.79484194076196,154.55198069816686,158.50128173828125,,7401200.0
2023-12-15,158.96188030317023,160.9218318933773,158.25629653443616,158.7070770263672,,8577200.0
2023-12-18,157.66828116003376,158.11907653682945,154.5715545284576,157.14889526367188,,4772300.0
2023-12-19,157.36447999560204,159.4714215054791,156.8156960648382,159.07943725585938,,4958200.0
2023-12-20,157.58989115963143,158.7560646442904,153.68959202996976,153.7777862548828,,5488700.0
2023-12-21,157.77607426782345,158.5796614509669,156.38451068668255,158.15826416015625,,4257300.0
2023-12-22,158.3640676684224,159.73602756807864,157.61927662011635,158.8050537109375,,2770600.0
2023-12-26,159.05005457776497,161.6665878279699,158.85406243398688,160.9904022216797,,2520500.0
2023-12-27,161.24517749289294,161.68617847233588,160.25540752712902,160.9217987060547,,3319600.0
2023-12-28,161.69598143426634,161.7057758075499,159.58903977869227,159.85362243652344,,2909700.0
2023-12-29,159.8438293545483,160.28481540773777,157.48208444210545,158.8246612548828,,2980700.0
2024-01-02,156.79610690819777,156.90390482982684,150.35765959072376,151.27883911132812,,8607300.0
2024-01-03,148.67211586701686,150.1028719751727,147.71172894155106,148.4173126220703,,6100100.0
2024-01-04,146.80035335722306,148.95629676715197,145.77137594811745,146.32015991210938,,6196100.0
2024-01-05,147.07477892185372,148.4859465533358,145.08542912151984,146.0164031982422,,5400100.0
2024-01-08,146.8297470936227,149.73046651855114,146.72194917864786,148.5251007080078,,6515500.0
2024-01-09,146.86896183839403,148.6525248927417,145.9477822347853,148.0057373046875,,5606700.0
2024-01-10,148.7309399221559,148.85832661528946,145.2716263451044,146.8101806640625,,5035700.0
2024-01-11,147.24134717687292,149.3874963269115,145.50678602155864,148.9073028564453,,5995600.0
2024-01-12,149.15228733089097,149.34827946550098,147.3589301403889,148.2213134765625,,4083700.0
2024-01-16,148.27032890215926,151.15145990128644,146.83955777659364,150.68106079101562,,6528000.0
2024-01-17,150.0440855930796,150.67126946622392,147.19235261147713,150.2988739013672,,6630600.0
2024-01-18,155.48295095042755,157.5213022375195,153.64059181621616,157.12930297851562,,8133700.0
2024-01-19,159.31463853797374,164.9102907723153,159.0500409422743,164.5771026611328,,9159000.0
2024-01-22,164.81229387952553,168.46761373696953,164.28311362002424,164.92990112304688,,7176400.0
2024-01-23,164.4007151568432,164.63591470387308,161.4118012870155,163.70494079589844,,5053600.0
2024-01-24,167.95803616070862,172.43653232821717,167.25245245399722,170.65296936035156,,9729000.0
2024-01-25,173.6223010797044,174.82766706006578,168.97721066169345,169.1732177734375,,7234400.0
2024-01-26,165.6845134976581,166.17450139119362,163.28356085673897,163.55795288085938,,6653700.0
2024-01-29,162.97976242849057,165.1357060592491,162.75437219588787,165.10630798339844,,5370700.0
2024-01-30,163.97933323842545,165.78248491084986,162.499575336584,162.91116333007812,,5255300.0
2024-01-31,160.71601406631862,163.28354560356004,157.73689453134523,161.010009765625,,6049400.0
2024-02-01,162.14676811737152,164.38111127205215,161.52937870904842,163.62652587890625,,4082600.0
2024-02-02,162.59754694246496,165.79226195998623,162.1467665480845,164.81228637695312,,4740800.0
2024-02-05,165.22391719724328,168.83022077457787,164.91031778013075,167.66404724121094,,5749100.0
2024-02-06,167.566052165512,169.2516115842735,164.1459315518026,165.3218994140625,,4550100.0
2024-02-07,167.0760351139671,169.4475741251888,165.4492721296054,167.47781372070312,,5103400.0
2024-02-08,166.58604515306916,171.49571715826224,165.98825948370222,170.40794372558594,,7327900.0
2024-02-09,175.45484502424864,182.42247293974953,175.03346264533965,182.11868286132812,,9539900.0
2024-02-12,181.56009385306223,184.4412246723014,180.9427044051562,181.82467651367188,,7085400.0
2024-02-13,175.02365191713227,178.5417608082516,173.3968887972598,176.69940185546875,,9692500.0
2024-02-14,178.98273838192537,183.23582878774596,178.98273838192537,182.4616546630859,,8437900.0
2024-02-15,185.21540074119693,185.67599050014604,182.64786928315533,183.90223693847656,,8622900.0
2024-02-16,197.97469850192545,202.62958315689195,193.34921192220455,195.57376098632812,,15557900.0
2024-02-20,191.67342448366696,191.9380220832211,182.3930543327267,185.3525848388672,,11216100.0
2024-02-21,184.46913698491477,186.87414351461683,182.4764160049972,186.8348846435547,,6977500.0
2024-02-22,194.63888591623743,197.84884149648525,193.05845053671084,196.062255859375,,10225900.0
2024-02-23,195.65979769945977,197.642692678624,192.99955614861068,193.5394592285156,,5108100.0
2024-02-26,196.13098154548055,200.24404099972935,195.4732868682944,199.81211853027344,,6466600.0
2024-02-27,199.98879984519027,200.68576835039863,197.52489762378417,199.13478088378903,,5167100.0
2024-02-28,194.8450422821176,195.52235891293304,192.88176920146037,193.9124755859375,,6207900.0
2024-02-29,196.23895151790293,198.29056815794428,193.63760586927455,197.91754150390625,,9449600.0
2024-03-01,200.02806844769376,207.49832261198696,199.82191819763176,206.3890686035156,,7647400.0
2024-03-04,208.10695355432756,209.4517908666964,205.2013027065763,205.64305114746097,,7089800.0
2024-03-05,203.9349784766389,206.88969888562264,201.01951693623124,203.5815887451172,,6100200.0
2024-03-06,206.09455449544143,209.58917760336223,205.28962045461745,208.27378845214844,,5642400.0
2024-03-07,209.31434408216813,210.32542846623124,207.6259281250059,208.7057342529297,,6363100.0
2024-03-08,208.5781092210526,209.6775522332254,201.6183103680929,201.78518676757812,,6940800.0
2024-03-11,199.5470482790788,199.5470482790788,193.98117163034257,197.672119140625,,6566600.0
2024-03-12,200.1360576555362,201.2452967330696,195.67941948532737,201.1765899658203,,7211300.0
2024-03-13,199.24276172141913,200.136054531809,196.26840432294236,196.87701416015625,,5050300.0
2024-03-14,198.22186153802377,198.68323191524405,195.3947584568053,197.06353759765625,,4934900.0
2024-03-15,195.7775916998587,197.58379931798495,193.3823961730203,195.00209045410156,,9936400.0
2024-03-18,197.97643592740877,199.43907965887252,195.96409314832565,197.04388427734375,,5062300.0
2024-03-19,195.52236164372823,197.84885046223812,193.6768951075732,197.6427001953125,,4624500.0
2024-03-20,197.3089458353908,202.1385958464687,195.1493484289294,201.2943878173828,,4278000.0
2024-03-21,209.45176826943035,210.96349681733028,206.49704789465693,206.9289703369141,,6145200.0
2024-03-22,204.68101574692045,207.8320754181979,204.6024830315913,206.3890686035156,,3829200.0
2024-03-25,203.8171826909606,207.42959766886537,203.54232568084103,204.63194274902344,,3137600.0
2024-03-26,205.93751803025108,207.33145506364616,202.77666223011573,202.87481689453125,,3607400.0
2024-03-27,204.21964827322068,204.66139667547228,200.15567381402852,204.18038940429688,,3123900.0
2024-03-28,203.7484800208957,203.8368237155784,198.9875517382225,202.44290161132812,,5750100.0
2024-04-01,203.13005232533175,207.88118480340208,202.17787861358204,204.8577423095703,,3189700.0
2024-04-02,202.7864741225058,202.7864741225058,199.66486219968044,202.3251037597656,,4311400.0
2024-04-03,199.8612076405428,205.30927851205865,199.76303799407484,203.57179260253903,,3375600.0
2024-04-04,207.7240976796724,209.12783066681112,197.96662859919715,199.6550445556641,,6242800.0
2024-04-05,201.13730257996076,205.6822841358481,201.13730257996076,204.03314208984375,,3330700.0
2024-04-08,208.95113714757215,209.0885656526136,204.30800089304572,205.20127868652344,,4435500.0
2024-04-09,207.4688679712251,208.20509530259417,203.81717920934807,206.5461273193359,,3659200.0
2024-04-10,205.05403520946092,207.7731723403681,204.29817095718468,205.4074249267578,,4645300.0
2024-04-11,205.6136044931783,209.41253326196667,204.53379826450137,209.06895446777344,,4291600.0
2024-04-12,204.1803819953337,206.09457008082325,203.11040185762204,204.04295349121097,,5854800.0
2024-04-15,208.00878046147895,210.52178262970787,200.51890371612063,201.9029998779297,,4492500.0
2024-04-16,202.55087122661493,206.55594993240803,201.9717092881579,205.6332092285156,,3749200.0
2024-04-17,202.3054577302659,203.19875051822555,194.46219187385137,196.2193145751953,,6350300.0
2024-04-18,193.84373549308904,194.77628705036827,189.9662748210865,190.7515869140625,,6219400.0
2024-04-19,190.69266315412636,191.11477455399947,184.7046906827498,186.28512573242188,,6495200.0
2024-04-22,188.03248225247077,188.25825446269073,183.4286044828135,185.9808654785156,,7149800.0
2024-04-23,186.7563533540316,190.9283086851992,186.4814963187356,189.6914520263672,,4425900.0
2024-04-24,194.3542066453382,195.69904379227265,189.18097834605896,192.4596405029297,,4609400.0
2024-04-25,192.6756017919724,194.80575109750177,190.04482328771508,193.87319946289065,,4238300.0
2024-04-26,193.41183548180655,200.24403200941575,193.41183548180655,199.64523315429688,,3933500.0
2024-04-29,199.77282835284325,201.5201400338565,198.0746014899989,201.49069213867188,,2789200.0
2024-04-30,199.92991002266652,202.05024851972848,194.92357271295236,195.00209045410156,,3898200.0
2024-05-01,192.47927464248892,196.99479327206305,189.15152771539425,190.4276580810547,,5815500.0
2024-05-02,192.6559713529178,194.83520555015673,189.73069881859809,194.2756805419922,,3523200.0
2024-05-03,198.2905617707702,201.50051713799343,196.27820406401352,200.34217834472656,,3818500.0
2024-05-06,201.53978464520353,205.33871305478263,200.54833718613637,205.02459716796875,,3638500.0
2024-05-07,205.3976186268972,205.62339081907209,203.41470878037077,203.51287841796875,,3200900.0
2024-05-08,202.12878454668768,204.14114245936472,200.99008255979135,203.5521545410156,,2932300.0
2024-05-09,203.55214580087068,204.42580168913827,201.94226253557136,202.5410614013672,,2758200.0
2024-05-10,204.9656863982091,208.66645987586844,204.69082940036213,205.87860107421875,,3502900.0
2024-05-13,204.5730418613328,204.6417636064741,201.66740619154643,202.83555603027344,,3526900.0
2024-05-14,202.06007085045755,206.24185228448383,200.9508316960045,205.9669952392578,,3442200.0
2024-05-15,208.59775282081324,213.61391585249476,206.9780586138735,213.49612426757812,,5820900.0
2024-05-16,214.2127144096191,214.73298054705785,209.99167453914873,210.0996551513672,,7977900.0
2024-05-17,212.42613246941292,215.33178309808665,206.3694370658106,208.1854705810547,,8031800.0
2024-05-20,208.25416713307615,217.6778830561395,208.2149082656045,215.9109344482422,,5954500.0
2024-05-21,213.9967537239116,216.2152467876582,211.8469674252493,215.76370239257812,,3918200.0
2024-05-22,216.86513874829063,217.0716498364421,212.64623216249015,214.5344085693359,,5047000.0
2024-05-23,221.2708642677661,221.33971129503257,212.7445620986884,214.33770751953125,,5806600.0
2024-05-24,216.55045266595656,219.42205545447752,215.0163101493667,217.22901916503903,,3795700.0
2024-05-28,218.46810118187713,219.52037430722189,216.23573474862977,217.65187072753903,,5509400.0
2024-05-29,213.98368589083577,216.992967417676,213.56081986198188,215.41949462890625,,4718800.0
2024-05-30,214.35738744324985,216.04888152961175,211.92832378455185,212.9510803222656,,4059200.0
2024-05-31,213.15760910782555,214.88843365739905,205.55572948754445,211.51528930664065,,13548700.0
2024-06-03,214.71144007099687,214.73111279628264,205.46722495863187,210.65972900390625,,3828100.0
2024-06-04,210.2565282365639,210.79741565719743,205.56558097891383,208.7027130126953,,4379600.0
2024-06-05,215.96040170757195,220.9955391006347,214.57376715012683,219.66790771484375,,7887900.0
2024-06-06,217.99607691345076,219.559720919541,215.390003569967,218.0747528076172,,3951200.0
2024-06-07,220.49402283528104,220.8283841842213,216.43246731290495,218.05511474609375,,3627200.0
2024-06-10,216.0685764141599,225.03741853176575,215.9899005176678,224.37852478027344,,4796900.0
2024-06-11,223.50324567150403,226.25684165070655,220.91683032240323,226.1584930419922,,4768600.0
2024-06-12,227.59431533131837,234.44879705749088,226.95509431190993,233.7112274169922,,5573500.0
2024-06-13,227.63363687108108,234.40944198981768,227.5844625657013,233.6128692626953,,3682400.0
2024-06-14,230.20039729451364,234.31111143978904,229.74801465839764,233.10150146484375,,3306500.0
2024-06-17,232.74747413823837,239.2479218418519,232.35410966535323,238.8348846435547,,4974600.0
2024-06-18,238.7561986216295,245.28614763346545,238.0776321796733,243.72250366210935,,5256900.0
2024-06-20,242.90629460798695,243.72254023268067,234.7045229177797,236.01248168945312,,7045000.0
2024-06-21,234.3701356162217,234.52747240134605,228.97112045835377,231.50836181640625,,15289800.0
2024-06-24,229.1383005038773,231.50836120492392,225.62746182980916,226.0306701660156,,5928700.0
2024-06-25,227.21079052599032,230.66262621148533,224.75222494071735,230.38726806640625,,4594900.0
2024-06-26,231.10514986270903,232.99332630768873,226.9747629514476,228.32205200195312,,4818700.0
2024-06-27,233.56370011298577,233.87840366965017,227.9581743114524,228.6760711669922,,4309600.0
2024-06-28,231.4493736701099,237.29091298335103,230.0332374708174,232.07876586914065,,6387400.0
2024-07-01,232.93431708735025,234.40945630347233,229.21696746319404,233.47520446777344,,4239600.0
2024-07-02,231.1248215304546,237.00570579628092,231.1248215304546,236.86802673339844,,3510600.0
2024-07-03,237.6351152877943,240.6640698981983,235.8747889263104,239.2774353027344,,2768800.0
2024-07-05,240.634552157528,240.6640537421835,236.87785698187625,238.56935119628903,,4076200.0
2024-07-08,239.08076519947244,243.08330238393935,239.08076519947244,242.2080535888672,,3782100.0
2024-07-09,243.88971002900547,247.95126524387447,243.3783241772944,247.3022003173828,,4889900.0
2024-07-10,248.8068052511252,251.64890610217708,246.5055917604932,250.74415588378903,,4258100.0
2024-07-11,251.3342236017576,251.3342236017576,237.10404628009633,237.26138305664065,,5623800.0
2024-07-12,237.60557965248805,244.6469141011936,236.5533065269504,239.36590576171875,,5396300.0
2024-07-15,240.46737314089535,244.6862648400749,239.57245171789305,241.4803009033203,,3674300.0
2024-07-16,242.86693519277472,243.41765145076656,237.93013158424628,241.76548767089844,,4124800.0
2024-07-17,227.40749212495805,229.45302053171744,216.1177479373113,216.4226226806641,,10538900.0
2024-07-18,218.46812731101895,218.6451518325007,209.71564001385315,214.0427093505859,,7715800.0
2024-07-19,213.8951877336924,214.6622589306108,206.1949591745724,206.77517700195312,,6517100.0
2024-07-22,212.64623963375695,220.375970042744,209.82381128664565,219.76625061035156,,7515600.0
2024-07-23,216.7963112526356,218.2714506102256,214.9966394356685,216.0095672607422,,3635300.0
2024-07-24,213.76734618942217,214.1607256690885,202.12358369736864,203.1070098876953,,9263400.0
2024-07-25,203.7167322370175,205.7426028230109,197.00977332614255,198.966796875,,9961400.0
2024-07-26,203.5593899645458,204.9066790263759,199.4486607378818,203.04800415039065,,5209000.0
2024-07-29,204.84769816477308,209.00758714863397,201.49421093153967,202.16294860839844,,4199200.0
2024-07-30,204.80835388720655,205.70327541310644,192.10248801280528,193.4792938232422,,7652600.0
2024-07-31,202.68413857290423,209.34192290453072,201.1106507068264,208.6830291748047,,11123700.0
2024-08-01,200.74676718616448,205.6147232003304,189.1325077747407,193.04653930664065,,11268300.0
2024-08-02,184.75628302952128,186.4281196433456,176.65286041031558,178.79672241210938,,12991600.0
2024-08-05,172.25694238916574,184.06788603272173,168.76577626457694,178.87539672851562,,10079100.0
2024-08-06,180.28170971112732,185.38567941044255,177.3117581956266,180.27186584472656,,5803900.0
2024-08-07,186.85096314324056,188.227753711413,174.9908465151965,175.5513916015625,,6652100.0
2024-08-08,182.18951324895573,187.6672038096941,178.18697683896795,187.391845703125,,8637100.0
2024-08-09,186.86079155636915,190.11594461672897,184.933284765528,188.0113983154297,,5050800.0
2024-08-12,188.326141509012,193.14492450610135,187.19520723598947,189.88978576660156,,5568100.0
2024-08-13,193.18423108398537,198.4848973163785,190.50931081398704,197.4719696044922,,6198900.0
2024-08-14,199.3306372658407,201.41549578189708,194.45283724013984,198.2882080078125,,5377900.0
2024-08-15,203.87406265265616,209.4697595698063,201.73020095472268,208.31915283203125,,12073500.0
2024-08-16,201.5532106951224,205.4279125933254,197.84568946182995,204.45431518554688,,11644600.0
2024-08-19,203.56920736762092,207.61108933153255,199.1437898161509,207.44390869140625,,5285400.0
2024-08-20,205.8212626028236,207.0997196628059,200.9631497843193,202.74314880371097,,4860300.0
2024-08-21,204.6018250153388,206.5195031145092,203.14635843313425,205.65408325195312,,4460500.0
2024-08-22,205.5654099521417,207.25028310677368,196.51040072472975,197.2592315673828,,6621900.0
2024-08-23,199.19044426862632,202.80653326988644,197.23951796827532,199.6929473876953,,5296400.0
2024-08-26,197.72233214365843,198.30366195353733,192.2834118857579,193.34754943847656,,7333900.0
2024-08-27,191.9188544309415,193.90918664341672,188.9727694500063,192.89431762695312,,6632500.0
2024-08-28,191.820309921585,193.7515258114917,187.99731403000305,190.05661010742188,,6412500.0
2024-08-29,193.7810938335344,195.3970031159426,188.85453930977144,190.14529418945312,,6730300.0
2024-08-30,194.6284649160396,194.9339088958385,189.72162074184243,194.3624267578125,,7313800.0
2024-09-03,190.24382796995727,191.21929116109405,179.81923697564918,180.67645263671875,,12163400.0
2024-09-04,177.3461266732433,181.61252497197975,174.82371796420006,179.70101928710938,,6378100.0
2024-09-05,176.41005266494415,181.04102581094503,175.27695117114018,177.59243774414062,,6495000.0
2024-09-06,176.8633015950521,178.0555343658974,170.84305156332752,172.18307495117188,,8887900.0
2024-09-09,174.49855344248127,175.9272511344304,172.0057182534158,174.9419403076172,,7492500.0
2024-09-10,175.35577415747946,175.88783540420738,171.55247365383366,175.43460083007812,,5367900.0
2024-09-11,177.59242584667896,183.6717917415836,172.83337282915429,183.2086944580078,,8187100.0
2024-09-12,181.65190023768528,182.41059376567725,177.40521308241102,180.518798828125,,8011700.0
2024-09-13,182.5780744747673,186.02666190130495,182.2332097182543,185.70150756835935,,4851300.0
2024-09-16,182.2825116204081,185.1497698709696,180.4498327940817,184.8246154785156,,5915800.0
2024-09-17,186.71641496689895,187.7017258638219,183.24811640002787,185.8197784423828,,4026100.0
2024-09-18,187.9579086895763,188.8446975525347,183.02150631398595,183.40577697753903,,4266900.0
2024-09-19,191.69222065243784,195.41669430291705,190.0763115291328,193.82049560546875,,7326100.0
2024-09-20,191.49517452993516,192.6578341455589,186.68685264985567,189.33734130859375,,14306900.0
2024-09-23,191.56412017336672,192.76620052855395,189.85953673251245,191.189697265625,,4457900.0
2024-09-24,193.62342719629808,194.94375514441617,190.9138223941296,193.88946533203125,,4849700.0
2024-09-25,192.4213499948233,197.34790426309272,192.4213499948233,194.41168212890625,,5060100.0
2024-09-26,207.7232385915152,209.033688778766,199.5254451826858,206.531005859375,,7849800.0
2024-09-27,207.97943099051668,208.22575872074495,201.00342786629304,201.909912109375,,4524800.0
2024-09-30,198.04746718076564,201.3088434636214,195.77140167990373,199.08204650878903,,5746000.0
2024-10-01,200.4220860175397,201.06253206388297,190.7955946875479,194.3032989501953,,6930100.0
2024-10-02,194.924057604827,201.5059272155131,193.85007232964367,198.19528198242188,,5536600.0
2024-10-03,194.8058288169801,200.14621220493865,194.8058288169801,196.658203125,,3813300.0
2024-10-04,201.61430261879443,201.90989888263476,196.57936354137135,199.00323486328125,,4131100.0
2024-10-07,196.45127871598996,198.62880723775265,195.31816223712664,197.1902618408203,,3711100.0
2024-10-08,197.1902618701768,199.57471228249307,195.75170143838017,197.9292449951172,,3616100.0
2024-10-09,198.44161004565427,202.57006513883184,197.68293147454645,202.0478515625,,4141600.0
2024-10-10,198.0672032950728,201.24975332398225,197.01291340496817,200.96401977539065,,3796800.0
2024-10-11,199.17074552706637,204.18597441995627,199.17074552706637,202.0478515625,,2604100.0
2024-10-14,203.91994141101395,211.10285093734652,203.91994141101395,210.7481384277344,,5239300.0
2024-10-15,210.54123008085705,212.5315623481265,186.78539824286415,188.2140960693359,,16613200.0
2024-10-16,190.38176216080475,190.38176216080475,181.19865789351087,181.87852478027344,,10972600.0
2024-10-17,187.20906647174323,187.99731817960705,180.31189033857373,180.54837036132812,,9727100.0
2024-10-18,183.5437166573391,184.04621981319536,181.92780735272032,183.62254333496097,,5758600.0
2024-10-21,183.42546791068392,183.967391874674,181.39573000433023,181.7504425048828,,4918100.0
2024-10-22,181.88839305813116,182.55839723472795,179.88821318993968,180.3118896484375,,6753600.0
2024-10-23,179.2773284162285,181.0410434761804,177.14905310758755,180.0163116455078,,6015200.0
2024-10-24,184.13488512571368,185.04136924776216,180.53849172377895,181.0508575439453,,6122100.0
2024-10-25,183.75062376237008,186.4208077164349,183.43531707728408,183.7801818847656,,4794700.0
2024-10-28,183.78016719076237,184.88371043102995,181.70116088548383,182.61749267578125,,4101000.0
2024-10-29,182.61753106345415,188.7166083563313,181.93766409050116,187.3273162841797,,6007400.0
2024-10-30,184.25315063520785,185.42567309024895,181.98693240656092,182.578125,,5851300.0
2024-10-31,182.48941796279988,182.48941796279988,176.6465171622704,178.91273498535156,,7307500.0
2024-11-01,179.15909010859377,182.745621330494,178.5580498335251,180.6863250732422,,6318900.0
2024-11-04,180.5089497443682,181.15925853181025,177.80920756229497,179.14923095703125,,3857600.0
2024-11-05,180.6074720566996,184.0067912986606,180.41041290427353,183.74075317382812,,4053000.0
2024-11-06,186.18435302164795,186.59818179269456,182.03618754542055,184.7655029296875,,6393300.0
2024-11-07,188.15498536740824,191.47547845323408,188.15498536740824,191.2389984130859,,5274700.0
2024-11-08,189.4654344657077,191.24885990024725,188.4604281295848,189.20925903320312,,4767300.0
2024-11-11,189.4851380682163,190.36206417382232,183.72107828462092,185.79022216796875,,5475200.0
2024-11-12,185.93802485171116,186.96274156308183,181.76030126148993,183.86886596679688,,5478400.0
2024-11-13,181.36617694071936,182.7554538248699,179.83894210311436,180.10496520996094,,8634600.0
2024-11-14,184.0363635433217,184.864021067818,182.37118576342863,183.267822265625,,11747400.0
2024-11-15,165.86721574309522,171.51305742751535,164.87205725189244,166.3992919921875,,16287500.0
2024-11-18,165.216935990158,169.14833216715508,164.3991411167538,168.22213745117188,,8324400.0
2024-11-19,165.86724520250547,167.46345919863364,165.02973989818574,166.822998046875,,8651100.0
2024-11-20,166.82296693287407,168.02504729572442,164.60601766223772,167.9856414794922,,6197300.0
2024-11-21,169.1016688840212,174.8792987639034,168.9337739309145,173.57562255859375,,8917400.0
2024-11-22,172.95339067688377,173.9015200788107,171.2349277990243,172.71636962890625,,4242600.0
2024-11-25,174.52375253363712,174.99780975952967,169.8028767745126,172.39047241210938,,8926500.0
2024-11-26,173.17068265253454,173.31883588833574,168.81523973809536,171.05715942382812,,6517100.0
2024-11-27,171.0571853075208,171.1954526398533,166.67211409639117,169.20045471191406,,4348700.0
2024-11-29,174.19782936336568,176.22245468296364,172.1040477809902,172.54849243164062,,5944400.0
2024-12-02,173.30896317078358,181.99022202804983,172.54850043507915,181.00259399414065,,9100600.0
2024-12-03,178.96806469834166,180.9926899087041,178.56313362826666,180.89393615722656,,5939900.0
2024-12-04,183.04696357680257,183.40251024731455,178.2174634265181,178.91868591308594,,5819800.0
2024-12-05,174.3558543124259,177.20022800033502,168.43997176820935,169.9016571044922,,8663800.0
2024-12-06,170.0300338795073,171.17568593441732,169.2300576399603,170.87939453125,,6058500.0
2024-12-09,169.84238907290114,172.34108671770628,168.10416921086505,169.73374938964844,,7647100.0
2024-12-10,171.3534603662091,171.728763833794,165.3684370147635,166.0894012451172,,8230900.0
2024-12-11,167.6300834696151,171.0571535745356,167.39306241244878,169.0127716064453,,6698600.0
2024-12-12,167.60045314328744,168.00538420277883,164.7462090890779,166.98812866210938,,6108500.0
2024-12-13,167.0078842842242,169.4078128528841,165.6943373659431,167.25479125976562,,7051700.0
2024-12-16,167.93625176396273,169.6152313527316,166.76098714983394,167.31405639648438,,6643000.0
2024-12-17,166.90914122773685,168.63749032329034,166.28693073093498,168.23255920410156,,6817600.0
2024-12-18,168.82512866903676,172.27194066129704,162.51418650368697,163.40304565429688,,9000700.0
2024-12-19,160.7759615376466,163.19566228468247,159.0377416174568,159.4426727294922,,9252600.0
2024-12-20,158.00071773874652,162.69195057598964,156.99334806410133,161.56605529785156,,15336700.0
2024-12-23,162.73146198972483,165.61533380327438,162.13887919008857,165.38818359375,,5040200.0
2024-12-24,165.3585535119119,166.63260210737087,164.8351118626172,166.28692626953125,,2595800.0
2024-12-26,165.27952822346083,166.7609700118874,164.68694548008813,165.47705078125,,2793700.0
2024-12-27,164.09441148970407,165.13142406370355,162.59322754849552,164.76600646972656,,3599600.0
2024-12-30,161.97099468674492,162.92899506823662,159.96611101908886,161.61544799804688,,4763100.0
2024-12-31,162.39566882746522,163.13638984580618,159.96611232651122,160.61795043945312,,3565500.0
2025-01-02,162.43515782631536,164.64744969178244,160.81544871392148,161.8425750732422,,4164600.0
2025-01-03,163.33391727969712,168.31155558047453,162.7314636197016,167.9560089111328,,5719800.0
2025-01-06,172.8151252036999,178.14832488969594,172.69661467845745,175.28419494628906,,8475500.0
2025-01-07,177.84218872892046,179.5902795125832,174.21758055373644,175.62002563476562,,7332100.0
2025-01-08,175.5508695328314,175.96567146678666,172.6768685582771,174.80027770996094,,4581700.0
2025-01-10,172.5583618008898,172.5583618008898,167.41281339638334,169.52633666992188,,6325300.0
2025-01-13,167.0079043758547,169.48684528331373,165.65484373950582,168.74612426757812,,5465800.0
2025-01-14,169.73375462179766,171.550986588581,168.2128140793831,171.50160217285156,,3842100.0
2025-01-15,174.5632571654204,177.28910514772278,173.7040255876311,176.173095703125,,5908600.0
2025-01-16,183.50128700905495,189.3381721565929,180.74579642589924,184.17286682128903,,10825400.0
2025-01-17,190.61219373076315,190.77021781905137,186.454273443968,189.6739501953125,,8115100.0
2025-01-21,192.33068506040317,192.80474228798653,188.45918505012284,190.4838104248047,,7959100.0
2025-01-22,194.3948169129401,198.06879420038223,192.9133749444555,193.0911407470703,,7288600.0
2025-01-23,187.77771235453912,188.83446645501755,185.46665143189077,188.3406524658203,,6307300.0
2025-01-24,188.52830874543247,188.91348306350707,183.3136340991882,184.4395294189453,,6088400.0
2025-01-27,177.3286002228938,177.3384710771239,168.3115522787029,172.41021728515625,,12150200.0
2025-01-28,171.60037656589068,172.66701668618327,167.89677131626715,170.71151733398438,,7360500.0
2025-01-29,177.77304031025972,177.98044882142494,171.62999293393796,173.11143493652344,,5679900.0
2025-01-30,177.18048198454318,181.00261312740352,175.26449605503257,179.47178649902344,,6013800.0
2025-01-31,180.3309749753763,184.1333484253617,177.83227758938793,178.1186981201172,,5898400.0
2025-02-03,173.15093441922602,178.01993283828747,172.0842944556777,176.58787536621094,,5321300.0
2025-02-04,173.29907857097777,177.08169544924462,173.27932179226434,176.35084533691406,,4687100.0
2025-02-05,174.5434965893662,178.7705433295721,173.11143896752208,178.43475341796875,,3958500.0
2025-02-06,177.38785556183566,180.81492573190283,176.35084320700153,180.53839111328125,,4479100.0
2025-02-07,180.87417657717208,181.26922171697564,176.5187338353096,177.7730255126953,,4992000.0
2025-02-10,180.5976661510209,181.75318916320077,179.1754793452585,181.3877716064453,,5744100.0
2025-02-11,179.55078317374418,181.30875990370097,178.849560624825,180.93345642089844,,3913300.0
2025-02-12,177.20020899047594,179.28410461493286,176.08418455931923,178.6520233154297,,6640800.0
2025-02-13,178.0792055337032,182.23712612073777,177.39773979000802,181.99021911621097,,10302000.0
2025-02-14,172.67684886290087,173.8225007802995,166.52393160601778,167.10662841796875,,12452800.0
2025-02-18,169.6646007747487,171.61022906335134,167.00789421869354,169.87200927734375,,10704900.0
2025-02-19,170.17817568445005,172.7361285488029,169.0127818957514,171.90652465820312,,5797000.0
2025-02-20,173.37159265843275,176.56897478424585,172.73805540897257,174.23280334472656,,6687300.0
2025-02-21,174.35157467796083,174.47035817342052,168.8774137263438,170.24346923828125,,7365400.0
2025-02-24,172.0154113892293,173.4606609984556,166.64023140564962,166.867919921875,,7126200.0
2025-02-25,166.42245074395404,167.96669666589088,162.78950934946988,163.86849975585938,,8570300.0
2025-02-26,165.68993754941047,168.5309537870838,164.73962420356588,166.8085174560547,,5048500.0
2025-02-27,168.53094178797278,168.84771791560644,154.80099559299953,155.05836486816406,,9543600.0
2025-02-28,155.7018151154058,158.43395669203048,152.39554316877062,156.4739532470703,,9427600.0
2025-03-03,158.11718608738087,158.70124027833603,149.14866822448082,150.59393310546875,,9259100.0
2025-03-04,151.51453049479807,154.65252077245538,148.03997686729667,151.32644653320312,,8538600.0
2025-03-05,151.59371304222944,154.29614343648635,148.4854188779073,153.751708984375,,5860000.0
2025-03-06,150.00987243652344,152.49453827681347,148.08947358020697,150.00987243652344,,6967800.0
2025-03-07,149.93067192264485,154.7712955968295,148.67349124474867,154.10804748535156,,5537800.0
2025-03-10,150.8809814316584,152.89048288688008,146.3868294113599,148.47552490234375,,8008400.0
2025-03-11,147.4658168538935,148.99026047360346,143.90216084003993,145.5058135986328,,7739900.0
2025-03-12,150.18804605648353,150.18804605648353,146.941166253117,147.55490112304688,,8482200.0
2025-03-13,147.3866488984174,151.5145423671047,146.87189513762044,148.43594360351562,,5702200.0
2025-03-14,150.59393136311897,154.91980215528673,150.59393136311897,154.08828735351562,,5138800.0
2025-03-17,151.40562371862563,155.62261913203616,151.29673381112636,153.89028930664062,,4764300.0
2025-03-18,152.76181016705831,153.37554508088135,150.27714442615866,151.95997619628906,,4282300.0
2025-03-19,151.63331629779128,155.4840530114171,151.247254777788,152.90040588378906,,4426500.0
2025-03-20,150.6929124953309,154.04868268334187,150.14846288568202,152.8212127685547,,5480300.0
2025-03-21,148.77250596158328,150.65333060731876,147.50543140884702,150.5840301513672,,15911300.0
2025-03-24,153.9299018897757,154.69213135675076,153.03899531622434,153.3854522705078,,5855200.0
2025-03-25,153.27656456553575,153.38545449096566,150.97999764472303,152.08868408203125,,5093700.0
2025-03-26,151.59372173241923,152.43514519618293,148.00036955607337,149.15855407714844,,4850800.0
2025-03-27,148.31714292206868,148.38642826575742,145.45632434580986,146.1888427734375,,6933800.0
2025-03-28,147.2975485290785,148.2874513886762,142.66479529170755,143.59530639648438,,7715000.0
2025-03-31,141.32843101993674,144.209036770586,139.73468686225016,143.65469360351562,,7116300.0
2025-04-01,142.64500871002812,144.6347080284914,140.36822910243114,144.1892547607422,,5869500.0
2025-04-02,142.575693455353,147.80237882494197,142.38760951401227,146.2581329345703,,4904800.0
2025-04-03,139.57629546854145,140.4375060751567,134.03283372010222,134.1417236328125,,11779600.0
2025-04-04,127.80636095200984,131.12254162921005,122.6885648945565,125.6681671142578,,15564000.0
2025-04-07,123.70816629227276,140.14056043044496,122.49058240547365,131.50860595703125,,18941900.0
2025-04-08,137.01245374388617,139.27932456888834,126.21261028929342,127.65787506103516,,16423700.0
2025-04-09,128.27161779409232,149.43574633253402,127.30151719503051,148.21815490722656,,20667300.0
2025-04-10,140.79388000323084,142.35792833964885,132.14213864590656,136.84417724609375,,16290700.0
2025-04-11,137.17084061237372,144.75348471158378,134.13183171368811,143.4765167236328,,10617200.0
2025-04-14,145.3969412850293,146.20865380019836,140.70479614975272,143.07066345214844,,6835900.0
2025-04-15,143.50621987160267,145.5553109523276,142.7835950078416,143.9813690185547,,5259900.0
2025-04-16,136.42841851211023,139.65549637664347,132.9934544022772,136.794677734375,,9279100.0
2025-04-17,137.5866021495664,138.239926549035,135.55729829216443,136.07205200195312,,6494800.0
2025-04-21,133.76558739486185,134.6366916996457,131.45911176176745,134.1912384033203,,8395300.0
2025-04-22,135.79484787674963,137.6756721075439,134.94354603809398,136.90354919433594,,5222700.0
2025-04-23,143.3874298369473,146.33733601776962,141.29873427792543,142.1302490234375,,7994300.0
2025-04-24,146.1195680276238,148.88139047924642,143.8823929058962,148.65371704101562,,7609200.0
2025-04-25,146.70360982326102,151.0690853285756,146.3769400468715,150.01979064941406,,4805200.0
2025-04-28,149.26744079589844,150.33653766276092,146.02056072826505,149.26744079589844,,7052500.0
2025-04-29,147.49551322229397,149.54461921329766,146.41652282452486,148.0399627685547,,5721300.0
2025-04-30,144.49610328401198,149.51490229071874,143.24883127692488,149.18824768066406,,7273600.0
2025-05-01,150.10886495877665,150.742402167568,147.23815278559812,147.4559326171875,,6732000.0
2025-05-02,151.2472322815632,155.11775560174777,151.1482510708627,153.53392028808594,,6083200.0
2025-05-05,152.55392249687466,155.05837539522938,152.29655320423709,153.0488739013672,,4069300.0
2025-05-06,150.46523403091882,152.92018888315462,150.3662377034846,151.48483276367188,,3471700.0
2025-05-07,151.80160290195144,154.62281686521231,149.98017024060803,154.23675537109375,,5499000.0
2025-05-08,156.43433665994627,157.19656603739492,154.2367512582658,154.42483520507812,,4824600.0
2025-05-09,155.34543640140365,156.40463962890186,153.08845926576905,154.0387725830078,,3884200.0
2025-05-12,164.75942509882282,168.08549912413477,163.9773934250952,166.2937774658203,,11724100.0
2025-05-13,167.16489825117617,172.421280244794,166.76894313220726,171.28289794921875,,8980200.0
2025-05-14,171.6986479597975,173.51017200525368,171.30269285788398,172.38168334960938,,7069700.0
2025-05-15,170.01581092146844,174.59906585434604,169.47136134444435,172.9855194091797,,12811600.0
2025-05-16,166.72933155768965,167.75883899133834,160.28506937299468,163.89822387695312,,16540400.0
2025-05-19,160.898816799603,164.32388760909842,160.7305351128107,164.26449584960938,,7465700.0
2025-05-20,163.38348335811605,164.26449637101348,162.5717556966024,164.05661010742188,,5372400.0
2025-05-21,161.88870451340085,164.61093733527048,160.03759102803946,160.59193420410156,,5658600.0
2025-05-22,159.51980388636812,162.1107975958766,159.11278600859922,159.35104370117188,,6355700.0
2025-05-23,155.49928608176566,157.25640049572002,154.5264270637033,156.36294555664062,,5733400.0
2025-05-27,159.4602311804555,161.29674963164427,158.0108568354312,160.6514892578125,,8470400.0
2025-05-28,160.7309154385235,162.4780930177475,159.7084174893391,160.41323852539062,,6727200.0
2025-05-29,164.25506585401772,164.33446993453154,157.29610556773395,158.318603515625,,6845600.0
2025-05-30,157.88180671969468,158.07042549482503,152.35237734451698,155.60848999023438,,15273600.0
2025-06-02,154.65547704502916,156.47215217418992,154.29809808277344,156.1247100830078,,5875300.0
2025-06-03,155.78717950342624,160.7706265384208,155.22133829806737,160.56216430664062,,6355400.0
2025-06-04,161.3166192748678,162.28947833745497,159.01350703956993,160.75076293945312,,5990600.0
2025-06-05,162.03137116834654,164.41388739757508,159.92681466093904,162.9943084716797,,7386800.0
2025-06-06,164.2352056403268,168.2954170747382,164.2352056403268,165.52574157714844,,5717500.0
2025-06-09,166.58795107152898,170.56875865362218,166.58795107152898,168.55352783203125,,6320000.0
2025-06-10,169.3377754500733,173.12002720360223,168.75207568275218,172.50454711914062,,5711600.0
2025-06-11,172.97111457968992,174.50981469265128,169.08958525161458,171.5316619873047,,6133200.0
2025-06-12,171.2338701295001,174.08296489162103,171.02539276140075,173.7255859375,,4468500.0
2025-06-13,169.81428053849757,172.31593328367146,169.14916152385135,169.3477020263672,,5297100.0
2025-06-16,171.760005525661,175.59189611513875,171.53166956850504,175.26429748535156,,6712900.0
2025-06-17,174.9962585730857,177.02141097432556,172.79242427344332,172.82220458984375,,6631400.0
2025-06-18,173.98368896954148,173.98368896954148,170.55881612461266,171.58131408691406,,4946900.0
2025-06-20,173.199446781853,174.09288659321032,164.70178626010525,168.22593688964844,,18396600.0
2025-06-23,169.0201010371394,171.0353166476876,167.49132252652907,170.70773315429688,,6838800.0
2025-06-24,173.7950862375314,179.20539439991074,173.72558873115773,178.86785888671875,,7254500.0
2025-06-25,179.79108326558182,181.87579626289283,179.18552492999478,181.73681640625,,5431800.0
2025-06-26,181.8559493303259,183.1564070325123,180.73417353485092,182.1835479736328,,5199700.0
2025-06-27,183.0372712012712,184.4469283390923,179.80100221446455,181.87579345703125,,14202800.0
2025-06-30,182.46149600533997,183.4244332791041,181.20074042515023,181.73681640625,,4070700.0
2025-07-01,181.11141922166453,183.58327659483345,179.5826254842611,182.4217987060547,,6572300.0
2025-07-02,181.30002086251835,189.51972141167727,180.30730325853617,188.6262664794922,,8800600.0
2025-07-03,187.9710897198,190.64148742642809,187.89167049150217,189.65870666503903,,3568500.0
2025-07-07,187.6633517434913,190.25434560715357,187.2364903933635,189.39068603515625,,6577400.0
2025-07-08,190.74077118407612,194.870480298055,190.1252910802021,193.5700225830078,,8097100.0
2025-07-09,194.37411992486892,196.5183936956207,192.82548280632685,193.96710205078125,,6170800.0
2025-07-10,196.55809504847167,197.9677522962505,195.21792015952803,196.58787536621097,,5229100.0
2025-07-11,195.4164799280148,197.3324177654243,194.7215654389964,196.4886016845703,,4424400.0
2025-07-14,194.18551796399817,197.3721485782574,193.0736789410975,195.6646728515625,,7264000.0
2025-07-15,198.62295478896553,199.64545278527063,197.0544590403447,197.8386993408203,,6007100.0
2025-07-16,192.58721281973277,193.73876886172417,188.36816305435204,193.3913116455078,,9400000.0
2025-07-17,191.21727415373732,192.61700971416712,190.55215512766853,191.11801147460935,,5704000.0
2025-07-18,191.65406168475943,192.16035736650085,188.75532804616304,189.0531463623047,,4757100.0
2025-07-21,189.40058313344687,192.9842942544346,189.39066141066544,191.20733642578125,,5061500.0
2025-07-22,190.8698221713948,191.0981429840024,183.78181892844032,185.7771759033203,,7074500.0
2025-07-23,186.31323605455108,188.02071157646552,184.78445758141171,185.6481170654297,,5419800.0
2025-07-24,186.78974770436875,188.6560464964796,185.7076891531854,186.75003051757812,,4819900.0
2025-07-25,184.4568745733932,185.16171080980055,182.75933577841283,184.33775329589844,,6608700.0
2025-07-28,187.6335502704489,189.11270496453955,187.25632787854585,188.88438415527344,,4913000.0
2025-07-29,190.22456399579065,191.04852151823775,186.581291793816,187.03794860839844,,4605400.0
2025-07-30,188.34830831656612,189.4800057885386,186.37280996284633,188.0107879638672,,4018500.0
2025-07-31,176.58461636420785,180.14846901022597,173.23914766030677,178.7487335205078,,11375400.0
2025-08-01,175.31394793256973,180.30731663935023,174.96649068632334,178.67926025390625,,8393200.0
2025-08-04,180.67461171967096,181.66732936648236,179.1855352494539,181.4886474609375,,4189300.0
2025-08-05,181.33973792856892,181.92543772801247,176.1081114807127,177.84536743164062,,5292000.0
2025-08-06,177.577328878442,177.93470781983189,174.2020799547222,176.84271240234375,,5857800.0
2025-08-07,183.00749638766916,185.43965148835017,180.53562410012705,181.81622314453125,,6616600.0
2025-08-08,181.81623654140557,184.03000786814297,181.29009738424153,183.52371215820312,,4338400.0
2025-08-11,185.7870940866847,188.3383856074966,182.44164059842603,183.0372772216797,,7816000.0
2025-08-12,184.3774435190599,188.3483140894666,182.93800596682135,187.07763671875,,5915400.0
2025-08-13,188.417827845498,189.74806596587052,187.35561260542187,188.64614868164065,,5923400.0
2025-08-14,186.4919488258918,188.64614442985436,185.4198118858591,186.8691864013672,,10992400.0
2025-08-15,161.5151577419444,166.28020546541242,160.53237696832872,160.58200073242188,,31803300.0
2025-08-18,160.6316509067227,163.35170289671828,160.57209026749953,162.33912658691406,,10125800.0
2025-08-19,163.04395975768793,163.9969602626471,160.31398609513647,161.03866577148438,,8921500.0
2025-08-20,160.6217209988523,160.79048118394277,156.78983021147724,159.787841796875,,9323300.0
2025-08-21,159.23031491881935,160.57431556945136,158.37413031255224,159.13075256347656,,8294900.0
2025-08-22,159.96701584907063,164.26785423344754,159.27012496023605,161.7689971923828,,7448100.0
2025-08-25,161.58979717525472,161.8984192156186,160.03672162304755,161.27122497558594,,4186800.0
2025-08-26,161.29112231909758,164.0787011724248,160.96258477510105,163.780029296875,,6770200.0
2025-08-27,162.53557741110683,163.9194090967568,161.82873632945262,163.6605682373047,,4633500.0
2025-08-28,163.98911950436724,165.42273248822065,163.013472131333,164.53668212890625,,7899500.0
2025-08-29,162.1473148350785,162.93381798542046,158.72257623605785,160.0466766357422,,7202100.0
2025-09-02,156.02459991215488,157.59759092562237,155.31774365511552,156.87083435058594,,7683400.0
2025-09-03,157.34870246692748,157.34870246692748,153.78458584516943,155.5566864013672,,7335000.0
2025-09-04,155.2480746999913,158.96151991144188,154.71046224899646,157.53787231445312,,6245100.0
2025-09-05,159.54889042492235,162.1274096474492,158.11529273936344,162.02784729003906,,7046800.0
2025-09-08,163.08313286022283,163.9194019305848,161.13183836271165,161.33094787597656,,7933600.0
2025-09-09,161.2015297973873,163.53114314752258,161.03228594112105,162.77452087402344,,5315400.0
2025-09-10,163.5709854560617,164.66609551767192,161.82875040291972,162.69488525390625,,5690200.0
2025-09-11,163.27229913146414,169.90275102254077,163.27229913146414,169.39500427246094,,8999900.0
2025-09-12,167.16496296136427,168.91714812085888,166.4381911381887,167.05545043945312,,5170600.0
2025-09-15,168.35963803619674,170.30098260004772,167.78220974701065,170.1715545654297,,5597600.0
2025-09-16,171.69476405973683,173.32748641449686,170.81866395047155,172.76995849609375,,6447500.0
2025-09-17,173.47682615911285,178.7533122885393,173.19806977712807,177.33961486816406,,9588300.0
2025-09-18,187.1658141359465,190.7000652602409,183.01431891128664,188.91799926757812,,15473700.0
2025-09-19,189.97330669772683,190.99873519834097,187.82288733696817,189.25650024414065,,18903500.0
2025-09-22,192.33278686578697,200.25745853945375,191.57614938754995,199.63026428222656,,15475500.0
2025-09-23,200.33708666706536,203.19436207150304,197.91787649152343,199.9786834716797,,12417900.0
2025-09-24,198.19664427732857,202.8459207358033,196.5240908720212,200.54617309570312,,6360500.0
2025-09-25,198.15681228354575,199.82936568062587,195.3294175880268,198.71434020996097,,6027600.0
2025-09-26,199.11256282783256,204.2894864231396,196.514143275286,203.01516723632812,,7363300.0
2025-09-29,205.42442003313073,209.56596483681065,203.7717821752562,204.04058837890625,,9295400.0
2025-09-30,203.45320899489425,209.3369886319884,201.9698149936276,203.83152770996097,,12253800.0
2025-10-01,203.83153309049797,217.4707404089162,202.70654226562905,216.7738494873047,,12699200.0
2025-10-02,224.00161698534805,225.4053640976492,217.75943433852007,222.59786987304688,,11166000.0
2025-10-03,218.93421787258163,219.52159627571348,214.6433446571307,216.5647735595703,,9269800.0
2025-10-06,221.35341732675303,225.48501183780564,219.7903917147052,222.9164581298828,,7891900.0
2025-10-07,222.9164842893546,223.83240030034003,210.3325703092896,210.62127685546875,,10543300.0
2025-10-08,209.06820435455307,217.6798171717713,208.07264147667425,216.5448760986328,,7875500.0
2025-10-09,216.03711909910672,219.87999196353596,214.5537251166873,219.32247924804688,,6701400.0
2025-10-10,219.72071799790123,223.473994196607,208.79939231607077,209.01841735839844,,12829700.0
2025-10-13,219.37226873909745,220.14880650668744,216.06699295615897,218.5061187744141,,7853000.0
2025-10-14,212.95087465898757,220.66648627983616,212.76173048943744,217.2218475341797,,8260000.0
2025-10-15,222.96625785012552,227.0878873542318,219.54151928805013,226.5701904296875,,8033600.0
2025-10-16,229.5767899616725,231.0402685070168,223.03593501112343,226.7095642089844,,7742800.0
2025-10-17,225.4651126775539,226.35116297820488,221.71183659902857,223.99168395996097,,5272800.0
2025-10-20,226.142089569344,230.30355007623243,225.52484547913517,227.1177520751953,,5494800.0
2025-10-21,224.91754553603025,227.14761167268503,224.2107044563472,224.9971923828125,,4557500.0
2025-10-22,224.9971934232792,225.76378103490595,215.11126208361327,219.58132934570312,,7498100.0
2025-10-23,217.42097737006452,229.52702567094065,217.15217113820128,227.4562530517578,,7001900.0
2025-10-24,227.98389132140113,229.6962606287088,225.2859093295471,227.73500061035156,,5346700.0
2025-10-27,231.9661465037664,234.7437602005716,230.10444881571988,230.30355834960935,,7671700.0
2025-10-28,228.6608547413846,229.99492042769225,226.07240059721292,226.62991333007812,,6118500.0
2025-10-29,231.8665736156752,236.3366561253305,230.9705731583046,234.7039337158203,,7784500.0
2025-10-30,236.72493212732903,241.42398997217725,231.05022694764295,231.5181427001953,,7317700.0
2025-10-31,232.70286395638811,236.8543591810036,229.42745370203735,232.06570434570312,,6532600.0
2025-11-03,234.62428627475916,238.726000202438,232.96169820027689,236.65524291992188,,6160600.0
2025-11-04,230.39314764306872,235.91852437213447,228.750475054655,229.16860961914065,,6896400.0
2025-11-05,229.16860234149976,240.83659952079896,229.07900533575884,239.8211212158203,,7230800.0
2025-11-06,239.7016701299948,239.7016701299948,231.89644589020108,232.49378967285156,,9278400.0
2025-11-07,231.23938375662672,231.48827446518047,222.3888307680985,229.0491485595703,,6892800.0
2025-11-10,235.18178685102805,235.49040887646137,231.03029195929045,234.03689575195312,,7673700.0
2025-11-11,231.5380538697628,232.21502930011823,225.99276163398432,227.6553497314453,,6237600.0
2025-11-12,230.203988689877,230.81128262319376,227.8843254754404,229.70620727539065,,5955400.0
2025-11-13,226.3810317205794,227.9838884874577,218.65546961442325,222.2394866943359,,13465900.0
2025-11-14,202.8459188358788,225.1564846467057,202.49746578230435,225.00714111328125,,15254400.0
2025-11-17,223.20517721076905,230.6818635774415,222.2693457461456,227.69517517089844,,8713600.0
2025-11-18,225.4750597721385,226.6100007619397,218.44638880099404,224.12109375,,12167400.0
2025-11-19,226.281461311599,234.86322294657603,225.49497338651273,234.0866851806641,,8870500.0
2025-11-20,238.19643450043023,240.16153890147905,218.41573920117133,219.6825714111328,,9264000.0
2025-11-21,218.65512947352005,227.59286421521733,214.96432964216535,223.4531707763672,,8596800.0
2025-11-24,222.3060359498043,232.62033008655663,222.3060359498043,230.3360290527344,,8806600.0
2025-11-25,236.9595163759139,244.01193430512248,232.5604748201798,241.85731506347656,,8330300.0
2025-11-26,242.22639665574115,252.03196394438416,242.22639665574115,249.34864807128903,,8791100.0
2025-11-28,250.17659312794936,251.8524098703444,247.2339289442621,251.62298583984375,,2916300.0
2025-12-01,249.6080064802267,255.15418371849285,247.91223516376456,254.1167755126953,,6842400.0
2025-12-02,254.9945707827467,266.3861663892818,254.9945707827467,264.6704406738281,,9196800.0
2025-12-03,264.64051035631144,268.48094619117614,259.06440952021296,267.9622497558594,,7999600.0
2025-12-04,267.6729614268839,272.0819876618641,265.3387818113243,268.7702331542969,,6348800.0
2025-12-05,269.11939090369754,272.9099330583191,266.69540802454713,267.3338317871094,,5373400.0
2025-12-08,268.830104231594,271.48349592636686,265.8774704230846,267.4934387207031,,5338100.0
2025-12-09,265.4086350672058,268.04205696927187,264.0719695684853,266.4759826660156,,4062600.0
2025-12-10,266.1068598284547,275.4136846294892,265.1991182273411,274.4660339355469,,6244600.0
2025-12-11,270.54582479801553,271.3138998361826,262.1766653595055,269.4385681152344,,7061200.0
2025-12-12,266.59568222830666,269.03957400440663,256.4908574732758,258.565673828125,,6739300.0
2025-12-15,262.7751789269111,265.0295709363646,259.1442427849703,260.62054443359375,,6406000.0
2025-12-16,259.1442449870475,260.9297736416616,254.66540036161035,258.19659423828125,,5859700.0
2025-12-17,257.5182935574557,259.4534737213905,246.30622742359984,247.6528778076172,,7855400.0
2025-12-18,258.4459742866971,260.17168497104615,251.60302563406952,252.869873046875,,8741200.0
2025-12-19,255.0743870806162,260.6704428845978,252.9496767615161,255.77264404296875,,25749700.0
2025-12-22,262.17666178980215,262.17666178980215,256.9596816483611,258.3661804199219,,4182000.0
2025-12-23,257.5182984683021,259.8026147667245,257.23899567857904,259.5831604003906,,3791500.0
2025-12-24,259.5831542204307,260.8300470808879,258.6853670075254,260.13177490234375,,1279500.0
2025-12-26,261.1891444963802,262.28641633084544,259.5532368500402,261.2489929199219,,1836000.0
2025-12-29,260.17168081095303,263.9921470942434,259.3537117984988,262.3961181640625,,2601600.0
2025-12-30,263.53330303048733,264.3512720552936,259.13426135323846,259.32379150390625,,2185100.0
2025-12-31,260.8200714179574,261.1791619624391,255.32377297425012,256.3511962890625,,3025800.0
2026-01-02,266.4161313820247,270.55584047713626,264.44107236144316,268.2016906738281,,7553200.0
2026-01-05,275.43365157774065,287.02476320688623,275.43365157774065,283.61328125,,10398700.0
2026-01-06,284.72051214127436,297.47872913544245,284.72051214127436,295.27423095703125,,7237900.0
2026-01-07,291.2741483120814,294.51606948336314,289.27911989898496,291.4736633300781,,6148400.0
2026-01-08,289.9774185077526,291.19438716857206,278.75538265902713,280.93994140625,,5500700.0
2026-01-09,287.6831337346135,302.027395022259,285.7878625495057,300.4313659667969,,9427600.0
2026-01-12,300.97001979203185,308.7306799309471,299.84282374745675,306.4762878417969,,6612800.0
2026-01-13,306.2967413899753,309.86785966476884,301.83785120956577,304.1121826171875,,7146500.0
2026-01-14,300.72064850386994,301.18948146010155,296.261758198168,301.1396179199219,,6545200.0
2026-01-15,327.2644630012408,330.17721801677243,318.0374561533401,318.2868347167969,,11262800.0
2026-01-16,324.9103720499539,329.3692623675255,319.3741796395151,326.1971740722656,,11399300.0
2026-01-20,315.3142849733321,323.6834143503597,314.9152853307242,317.4389953613281,,9387300.0
2026-01-21,318.6858872650527,327.8729856675588,316.1222681457602,324.4315490722656,,7914000.0
2026-01-22,332.16227376779466,332.2021828630862,316.67087805793705,317.9975891113281,,6036100.0
2026-01-23,318.1871316854892,322.83555211254225,310.29678968855393,321.57867431640625,,6201000.0
2026-01-26,321.1996190317886,321.1996190317886,315.7831234454335,318.6659240722656,,4777200.0
2026-01-27,323.64351789720905,335.63362849393246,322.4863976880744,331.8829650878906,,8033000.0
2026-01-28,341.0800500072224,343.18482096495734,332.1323457096842,335.9129333496094,,8470000.0
2026-01-29,339.89303192890293,343.7434531728357,328.06252627853246,340.4915466308594,,7350500.0
2026-01-30,332.1024418801184,340.10252636889606,320.7407693782425,321.5188293457031,,9814100.0
2026-02-02,319.8031098859338,329.61864753476203,319.05497411597685,327.5837097167969,,7409600.0
2026-02-03,336.1024746894525,337.5987461573137,311.1746017762346,317.8778991699219,,10697000.0
2026-02-04,323.18464640112717,323.18464640112717,286.77537466681304,296.8602600097656,,14719400.0
2026-02-05,299.32410570374674,303.59346543899665,291.5933703333917,303.2343444824219,,8514300.0
2026-02-06,308.64090021459117,323.593629684831,307.53364352266414,321.7083435058594,,8344400.0
2026-02-09,316.77062095705907,331.57372868817913,315.3142586841888,329.748291015625,,7458900.0
2026-02-10,329.04005907270954,333.77825209399884,320.7207932946523,328.2520446777344,,6785800.0
2026-02-11,337.07005191294417,343.48406138746884,330.0675126698835,339.03515625,,7160900.0
2026-02-12,339.03515985524683,340.2222042890299,324.75074799651225,327.57373046875,,9764400.0
2026-02-13,364.0428535428087,375.3845861877734,352.3819090179521,354.0278015136719,,15706000.0
2026-02-17,350.12753862772615,361.7286354478047,346.7958443348166,358.2373352050781,,8791300.0
2026-02-18,360.73113128832176,373.07037933854946,358.36702707067565,368.3820495605469,,8784300.0
2026-02-19,361.7502879376729,369.61051130531695,359.9525046130241,369.3707885742187,,6640100.0
2026-02-20,365.81520560065536,376.64174233038943,365.81520560065536,374.9139099121094,,8178700.0
2026-02-23,371.9376155965346,378.3895862140304,369.2209915765858,373.086181640625,,6077400.0
2026-02-24,376.1224217975203,380.0375681324096,367.5430908082277,377.4607543945313,,5711800.0
2026-02-25,384.5219674012469,395.458383601027,383.52320904436056,394.4596252441406,,9745000.0
2026-02-26,391.3135312789008,392.9814712279833,366.08491466953,375.2535095214844,,7717100.0
2026-02-27,365.4856492790801,378.1099395346504,365.1560419403087,371.8377380371094,,9041400.0
2026-03-02,366.1248423491407,373.3458765831798,362.8289518076187,371.7178955078125,,5802100.0
2026-03-03,350.4642971465598,359.08358654021674,348.15716780810317,350.8837890625,,7982000.0
2026-03-04,358.773974550428,361.89009571564,350.2645644085273,357.3157958984375,,5980400.0
2026-03-05,350.60414137864325,354.3195236774253,335.88242250374014,346.0997314453125,,5899700.0
2026-03-06,329.1108559092456,340.9761105388402,321.34051680207523,324.3367919921875,,8655200.0
2026-03-09,320.0820940265267,338.7388931000867,316.2668297304182,338.5191650390625,,9504100.0
2026-03-10,339.4280495687511,354.8388844215987,338.5790988297301,345.4505615234375,,6121100.0
2026-03-11,347.5679291006794,352.5617211854593,343.10347775769867,350.6341247558594,,4517200.0
2026-03-12,343.76264818589726,345.05105502641925,333.59529522411174,336.8512268066406,,5978200.0
2026-03-13,342.04479237085013,348.8163731413501,339.85750902430175,341.10595703125,,5332200.0
2026-03-16,347.26828476186193,350.3144854872683,343.1434079676143,345.7501525878906,,4427000.0
2026-03-17,345.7501679899492,352.3719409130121,342.5841210002311,352.0223693847656,,4833900.0
2026-03-18,352.9512486679466,357.4156694941734,348.79641003034266,349.0361022949219,,5170500.0
2026-03-19,340.316927426729,358.6041912904318,337.6702237629447,356.7664794921875,,6459700.0
2026-03-20,359.323295406842,361.550537591766,346.22958752927957,356.6166687011719,,17587900.0
2026-03-23,367.3633013898019,373.7853102263281,361.0012156155384,361.3407897949219,,6490700.0
2026-03-24,357.7153031066646,379.51818501326466,357.5554981091651,373.525634765625,,6406200.0
2026-03-25,370.53935122507,375.2135330305203,360.21219344956705,368.88140869140625,,5052000.0
2026-03-26,357.9250371555703,359.0336748111182,337.11091609300115,338.129638671875,,9261000.0
2026-03-27,337.2107936072677,345.26078363747666,333.9248700330496,336.7513732910156,,5984800.0
2026-03-30,343.57289141401264,344.1122294871727,320.2918354254672,322.71881103515625,,6568100.0
2026-03-31,328.42170070998054,341.63528489016517,325.0558898868614,341.3656311035156,,8335600.0
2026-04-01,344.8612745385741,358.5542427974459,341.00605151031266,353.3606872558594,,5974800.0
2026-04-02,337.580321867749,353.8700680970161,336.8312531062081,348.0373229980469,,4269400.0
2026-04-06,350.5841399909251,353.06107163590906,345.40058179076703,352.1821594238281,,2505500.0
2026-04-07,347.7177312613303,355.5579908062253,345.0710275942439,353.8700866699219,,4024800.0
2026-04-08,378.41958244874706,388.81663050584984,377.31094478221627,385.2410888671875,,7628500.0
2026-04-09,384.77166768389367,398.24490853923413,384.6518215544864,397.3160705566406,,5373600.0
2026-04-10,402.0002606090774,406.7843219342408,398.48464197345703,398.9939880371094,,6399900.0
2026-04-13,397.35604093855414,400.00274463860234,389.1062866888871,395.2386779785156,,5246600.0
2026-04-14,399.5033450238701,400.5520291126832,390.52451709795827,395.1487731933594,,5353200.0
2026-04-15,388.72672933358473,394.1200183340907,379.2085634659012,393.7704772949219,,5925100.0
2026-04-16,388.4670913637411,393.0214272234088,383.822840426066,389.4158935546875,,5113000.0
2026-04-17,397.25613538321494,400.00272085726607,389.9252527209462,396.4471435546875,,6017900.0
2026-04-20,397.10634473149423,397.9952238553607,389.89530788617816,391.1337585449219,,3747500.0
2026-04-21,392.5120273685408,397.0164372325545,390.5744337518073,393.8403625488281,,5414900.0
2026-04-22,399.37350089158514,403.578265056612,390.7742060345878,402.9790344238281,,5268100.0
2026-04-23,405.6657120343601,413.3062076851499,396.6469249172146,403.4085083007813,,4420800.0
2026-04-24,411.9878148853977,419.97788159832663,409.8005316843586,416.5221862792969,,6159600.0
2026-04-27,415.4834826975592,416.4822410694284,397.5058320039148,404.3572998046875,,5663400.0
2026-04-28,385.52072274237497,389.5856765382288,377.3308920880978,380.63677978515625,,10396200.0
2026-04-29,383.3933692065124,385.530726740709,376.60182450734,382.1149597167969,,5116400.0
2026-04-30,385.0613139028812,395.51831534826806,384.08251971895464,394.0001831054687,,7050000.0
2026-05-01,388.9664595104997,398.1450513720564,385.7204948069805,388.5968933105469,,4586500.0
2026-05-04,386.6792815657304,400.50209329779784,385.1711467227555,390.89404296875,,5062300.0
2026-05-05,403.88792727459423,413.9853601500547,399.753052834884,410.3099365234375,,6321100.0
2026-05-06,420.4772653225129,432.2725989968669,417.23130068522505,428.0877990722656,,7241200.0
2026-05-07,425.8306100080117,427.1689730648095,405.505901275642,410.1301574707031,,7741800.0
2026-05-08,422.58464508796305,437.4961309208453,417.3811224433104,434.89935302734375,,8165200.0
2026-05-11,438.7046141482086,447.8932033467162,436.7270616023547,443.0691833496094,,8324000.0
2026-05-12,436.257634181028,436.5073237680089,416.04277497255976,430.66461181640625,,9319400.0
2026-05-13,435.3687585325046,439.953055728045,421.7756414606871,436.06787109375,,7839400.0
2026-05-14,442.78954763511905,447.8932189343369,437.4561814097409,440.0130004882813,,14936200.0
2026-05-15,427.88808039624536,443.94810180410315,421.0365820307763,436.077880859375,,12768700.0
2026-05-18,440.76206680052366,441.1615640643459,407.5833115532919,413.0565185546875,,8265000.0
2026-05-19,403.86793027997817,414.9441573044349,396.8766214635549,406.40478515625,,8418700.0
2026-05-20,415.9329265915882,426.96919415506704,415.3336654863106,426.3200073242187,,6888400.0
2026-05-21,424.19000244140625,430.9800109863281,421.6099853515625,427.3599853515625,,5682900.0
2026-05-22,434.3500061035156,438.1300048828125,430.2900085449219,432.1600036621094,,4889300.0
2026-05-26,444.739990234375,456.7799987792969,438.0,454.8900146484375,454.8900146484375,8044400.0
2026-05-27,461.2200012207031,462.3999938964844,441.1199951171875,448.25,448.25,5047600.0
2026-05-28,446.1300048828125,457.6799926757813,438.25,449.6799926757813,449.6799926757813,5675600.0
2026-05-29,452.7699890136719,460.4599914550781,445.7000122070313,450.05999755859375,450.05999755859375,8546800.0
2026-06-01,444.5400085449219,463.8800048828125,438.2200012207031,458.1700134277344,458.1700134277344,6613700.0
2026-06-02,465.29998779296875,491.510009765625,461.45001220703125,490.04998779296875,490.04998779296875,10440700.0
