date,open,high,low,close,adj_close,volume
2018-01-02,91.41000366210938,91.43000030517578,91.41000366210938,91.41000366210938,74.42876434326172,790000
2018-01-03,91.43000030517578,91.43000030517578,91.41999816894533,91.43000030517578,74.44503784179688,218300
2018-01-04,91.44000244140624,91.44000244140624,91.41999816894533,91.44000244140624,74.45319366455078,1098100
2018-01-05,91.43000030517578,91.44000244140624,91.43000030517578,91.44000244140624,74.45319366455078,247600
2018-01-08,91.43000030517578,91.4499969482422,91.43000030517578,91.4499969482422,74.46134185791016,199800
2018-01-09,91.43000030517578,91.4499969482422,91.43000030517578,91.4499969482422,74.46134185791016,185900
2018-01-10,91.44000244140624,91.4499969482422,91.44000244140624,91.4499969482422,74.46134185791016,222400
2018-01-11,91.4499969482422,91.45999908447266,91.44000244140624,91.44000244140624,74.45319366455078,163800
2018-01-12,91.45999908447266,91.47000122070312,91.4499969482422,91.47000122070312,74.47758483886719,531300
2018-01-16,91.4499969482422,91.45999908447266,91.4499969482422,91.4499969482422,74.46134185791016,280200
2018-01-17,91.4499969482422,91.47000122070312,91.4499969482422,91.47000122070312,74.47758483886719,229000
2018-01-18,91.45999908447266,91.47000122070312,91.45999908447266,91.47000122070312,74.47758483886719,238900
2018-01-19,91.47000122070312,91.4800033569336,91.47000122070312,91.4800033569336,74.48576354980469,273300
2018-01-22,91.48999786376952,91.48999786376952,91.4800033569336,91.48999786376952,74.49391174316406,285200
2018-01-23,91.48999786376952,91.48999786376952,91.4800033569336,91.48999786376952,74.49391174316406,706900
2018-01-24,91.5,91.5,91.4800033569336,91.5,74.50205993652344,214600
2018-01-25,91.5,91.5,91.48999786376952,91.5,74.50205993652344,493200
2018-01-26,91.5,91.5199966430664,91.5,91.5199966430664,74.51837158203125,430600
2018-01-29,91.5199966430664,91.5199966430664,91.5,91.5,74.50205993652344,696400
2018-01-30,91.48999786376952,91.5199966430664,91.48999786376952,91.51000213623048,74.51020050048828,581300
2018-01-31,91.51000213623048,91.5199966430664,91.51000213623048,91.5199966430664,74.51837158203125,258900
2018-02-01,91.41000366210938,91.44000244140624,91.41000366210938,91.43000030517578,74.51509094238281,1016400
2018-02-02,91.44000244140624,91.44000244140624,91.43000030517578,91.44000244140624,74.52322387695312,459100
2018-02-05,91.4499969482422,91.4499969482422,91.43000030517578,91.43000030517578,74.51509094238281,757000
2018-02-06,91.41999816894533,91.4499969482422,91.41999816894533,91.44000244140624,74.52322387695312,1558600
2018-02-07,91.43000030517578,91.5,91.41000366210938,91.4499969482422,74.5313491821289,1294900
2018-02-08,91.43000030517578,91.45999908447266,91.43000030517578,91.44000244140624,74.52322387695312,1547200
2018-02-09,91.43000030517578,91.45999908447266,91.43000030517578,91.45999908447266,74.5395278930664,2932600
2018-02-12,91.45999908447266,91.45999908447266,91.4499969482422,91.45999908447266,74.5395278930664,2039300
2018-02-13,91.44000244140624,91.47000122070312,91.44000244140624,91.45999908447266,74.5395278930664,4352400
2018-02-14,91.4499969482422,91.45999908447266,91.4499969482422,91.45999908447266,74.5395278930664,549700
2018-02-15,91.47000122070312,91.47000122070312,91.4499969482422,91.47000122070312,74.54766082763672,924900
2018-02-16,91.45999908447266,91.4800033569336,91.45999908447266,91.4800033569336,74.55583190917969,920500
2018-02-20,91.47000122070312,91.4800033569336,91.45999908447266,91.4800033569336,74.55583190917969,590100
2018-02-21,91.4800033569336,91.4800033569336,91.47000122070312,91.47000122070312,74.54766082763672,1012400
2018-02-22,91.4800033569336,91.48999786376952,91.47000122070312,91.4800033569336,74.55583190917969,468700
2018-02-23,91.48999786376952,91.5,91.4800033569336,91.5,74.57213592529297,2653500
2018-02-26,91.48999786376952,91.5,91.4800033569336,91.4800033569336,74.55583190917969,2981600
2018-02-27,91.4800033569336,91.5,91.4800033569336,91.5,74.57213592529297,373600
2018-02-28,91.5,91.51000213623048,91.48999786376952,91.51000213623048,74.58026123046875,882200
2018-03-01,91.41999816894533,91.44000244140624,91.41999816894533,91.44000244140624,74.58763885498047,1260500
2018-03-02,91.43000030517578,91.4499969482422,91.43000030517578,91.4499969482422,74.59577178955078,1353900
2018-03-05,91.4499969482422,91.4499969482422,91.43000030517578,91.4499969482422,74.59577178955078,849200
2018-03-06,91.4499969482422,91.4499969482422,91.43000030517578,91.4499969482422,74.59577178955078,232700
2018-03-07,91.44000244140624,91.4499969482422,91.44000244140624,91.4499969482422,74.59577178955078,978700
2018-03-08,91.44000244140624,91.4499969482422,91.44000244140624,91.44000244140624,74.58763885498047,257400
2018-03-09,91.4499969482422,91.47000122070312,91.4499969482422,91.45999908447266,74.60394287109375,596500
2018-03-12,91.47000122070312,91.47000122070312,91.4499969482422,91.47000122070312,74.6120834350586,506300
2018-03-13,91.4499969482422,91.47000122070312,91.4499969482422,91.47000122070312,74.6120834350586,469400
2018-03-14,91.4499969482422,91.47000122070312,91.4499969482422,91.47000122070312,74.6120834350586,245000
2018-03-15,91.47000122070312,91.47000122070312,91.45999908447266,91.45999908447266,74.60394287109375,863800
2018-03-16,91.47000122070312,91.4800033569336,91.47000122070312,91.4800033569336,74.62025451660156,1216900
2018-03-19,91.47000122070312,91.48999786376952,91.47000122070312,91.4800033569336,74.62025451660156,466100
2018-03-20,91.4800033569336,91.48999786376952,91.47000122070312,91.47000122070312,74.6120834350586,444500
2018-03-21,91.4800033569336,91.48999786376952,91.4800033569336,91.48999786376952,74.62840270996094,336300
2018-03-22,91.4800033569336,91.5,91.4800033569336,91.5,74.63655853271484,305600
2018-03-23,91.5,91.51000213623048,91.5,91.51000213623048,74.64472198486328,633100
2018-03-26,91.5,91.51000213623048,91.5,91.5,74.63655853271484,451300
2018-03-27,91.5199966430664,91.5199966430664,91.5,91.5199966430664,74.65290069580078,1357300
2018-03-28,91.5199966430664,91.52999877929688,91.5199966430664,91.52999877929688,74.66104888916016,3030200
2018-03-29,91.52999877929688,91.5500030517578,91.52999877929688,91.5500030517578,74.67733764648438,737400
2018-04-02,91.44000244140624,91.44000244140624,91.41999816894533,91.44000244140624,74.67325592041016,1681600
2018-04-03,91.44000244140624,91.44000244140624,91.43000030517578,91.43000030517578,74.66510772705078,1893300
2018-04-04,91.43000030517578,91.4499969482422,91.43000030517578,91.4499969482422,74.68143463134766,3535400
2018-04-05,91.45999908447266,91.45999908447266,91.4499969482422,91.45999908447266,74.68962097167969,2245800
2018-04-06,91.45999908447266,91.45999908447266,91.4499969482422,91.45999908447266,74.68962097167969,310400
2018-04-09,91.47000122070312,91.47000122070312,91.45999908447266,91.47000122070312,74.69774627685547,238500
2018-04-10,91.47000122070312,91.47000122070312,91.45999908447266,91.45999908447266,74.68962097167969,491300
2018-04-11,91.4800033569336,91.4800033569336,91.47000122070312,91.4800033569336,74.70596313476562,249300
2018-04-12,91.47000122070312,91.4800033569336,91.47000122070312,91.4800033569336,74.70596313476562,8103700
2018-04-13,91.4800033569336,91.48999786376952,91.4800033569336,91.4800033569336,74.70596313476562,287900
2018-04-16,91.5,91.5,91.4800033569336,91.5,74.72224426269531,321100
2018-04-17,91.48999786376952,91.5,91.48999786376952,91.5,74.72224426269531,3475000
2018-04-18,91.5,91.5,91.48999786376952,91.48999786376952,74.71411895751953,277900
2018-04-19,91.51000213623048,91.51000213623048,91.5,91.51000213623048,74.73041534423828,473200
2018-04-20,91.5,91.5199966430664,91.5,91.51000213623048,74.73041534423828,264000
2018-04-23,91.51000213623048,91.5199966430664,91.51000213623048,91.51000213623048,74.73041534423828,1125900
2018-04-24,91.51000213623048,91.52999877929688,91.51000213623048,91.5199966430664,74.73863220214844,1031600
2018-04-25,91.5199966430664,91.52999877929688,91.5199966430664,91.52999877929688,74.74676513671875,1001600
2018-04-26,91.52999877929688,91.5500030517578,91.52999877929688,91.54000091552734,74.75495147705078,1484300
2018-04-27,91.54000091552734,91.5500030517578,91.54000091552734,91.5500030517578,74.76312255859375,295500
2018-04-30,91.5500030517578,91.5500030517578,91.54000091552734,91.54000091552734,74.75495147705078,325900
2018-05-01,91.43000030517578,91.4499969482422,91.43000030517578,91.44000244140624,74.76066589355469,1429800
2018-05-02,91.44000244140624,91.4499969482422,91.44000244140624,91.4499969482422,74.76881408691406,398200
2018-05-03,91.45999908447266,91.45999908447266,91.4499969482422,91.4499969482422,74.76881408691406,3642700
2018-05-04,91.47000122070312,91.47000122070312,91.45999908447266,91.47000122070312,74.78521728515625,1208100
2018-05-07,91.45999908447266,91.47000122070312,91.45999908447266,91.47000122070312,74.78521728515625,365500
2018-05-08,91.47000122070312,91.4800033569336,91.47000122070312,91.4800033569336,74.7933578491211,432900
2018-05-09,91.45999908447266,91.4800033569336,91.45999908447266,91.4800033569336,74.7933578491211,807900
2018-05-10,91.4800033569336,91.48999786376952,91.4800033569336,91.4800033569336,74.7933578491211,4673600
2018-05-11,91.5,91.5,91.4800033569336,91.4800033569336,74.7933578491211,348900
2018-05-14,91.4800033569336,91.5,91.4800033569336,91.4800033569336,74.7933578491211,897600
2018-05-15,91.48999786376952,91.5,91.48999786376952,91.5,74.80973052978516,1825800
2018-05-16,91.5,91.51000213623048,91.48999786376952,91.51000213623048,74.81787872314453,1147500
2018-05-17,91.51000213623048,91.51000213623048,91.5,91.51000213623048,74.81787872314453,2799200
2018-05-18,91.5199966430664,91.5199966430664,91.51000213623048,91.5199966430664,74.8260726928711,1550100
2018-05-21,91.5199966430664,91.52999877929688,91.51000213623048,91.5199966430664,74.8260726928711,509500
2018-05-22,91.52999877929688,91.52999877929688,91.5199966430664,91.5199966430664,74.8260726928711,587800
2018-05-23,91.54000091552734,91.54000091552734,91.5199966430664,91.52999877929688,74.8342514038086,244900
2018-05-24,91.54000091552734,91.5500030517578,91.54000091552734,91.5500030517578,74.8505859375,260000
2018-05-25,91.5500030517578,91.55999755859376,91.5500030517578,91.55999755859376,74.85873413085938,479400
2018-05-29,91.5500030517578,91.55999755859376,91.5500030517578,91.55999755859376,74.85873413085938,845400
2018-05-30,91.5500030517578,91.55999755859376,91.5500030517578,91.5500030517578,74.8505859375,450400
2018-05-31,91.58000183105467,91.58000183105467,91.55999755859376,91.56999969482422,74.86693572998047,901800
2018-06-01,91.4499969482422,91.4499969482422,91.44000244140624,91.4499969482422,74.87183380126953,707400
2018-06-04,91.4499969482422,91.45999908447266,91.4499969482422,91.45999908447266,74.88002014160156,1174100
2018-06-05,91.45999908447266,91.45999908447266,91.4499969482422,91.45999908447266,74.88002014160156,726900
2018-06-06,91.45999908447266,91.45999908447266,91.4499969482422,91.4499969482422,74.87183380126953,594200
2018-06-07,91.45999908447266,91.4800033569336,91.45999908447266,91.45999908447266,74.88002014160156,1595100
2018-06-08,91.4800033569336,91.4800033569336,91.47000122070312,91.4800033569336,74.89640045166016,323200
2018-06-11,91.4800033569336,91.48999786376952,91.47000122070312,91.48999786376952,74.9046401977539,871700
2018-06-12,91.48999786376952,91.48999786376952,91.4800033569336,91.48999786376952,74.9046401977539,1142100
2018-06-13,91.4800033569336,91.5,91.4800033569336,91.4800033569336,74.89640045166016,244100
2018-06-14,91.5,91.51000213623048,91.5,91.51000213623048,74.92097473144531,440900
2018-06-15,91.51000213623048,91.51000213623048,91.5,91.51000213623048,74.92097473144531,255400
2018-06-18,91.5199966430664,91.5199966430664,91.5,91.5,74.91277313232422,1502900
2018-06-19,91.5199966430664,91.5199966430664,91.51000213623048,91.5199966430664,74.92916870117188,207800
2018-06-20,91.52999877929688,91.52999877929688,91.51000213623048,91.51000213623048,74.92097473144531,616100
2018-06-21,91.54000091552734,91.54000091552734,91.5199966430664,91.5199966430664,74.92916870117188,782600
2018-06-22,91.54000091552734,91.54000091552734,91.52999877929688,91.52999877929688,74.93737030029297,289400
2018-06-25,91.5500030517578,91.5500030517578,91.54000091552734,91.5500030517578,74.95372009277344,1069700
2018-06-26,91.54000091552734,91.55999755859376,91.54000091552734,91.54000091552734,74.94551849365234,908600
2018-06-27,91.55999755859376,91.55999755859376,91.5500030517578,91.55999755859376,74.96188354492188,326100
2018-06-28,91.55999755859376,91.56999969482422,91.55999755859376,91.55999755859376,74.96188354492188,467100
2018-06-29,91.58000183105467,91.58000183105467,91.56999969482422,91.58000183105467,74.978271484375,811600
2018-07-02,91.4499969482422,91.45999908447266,91.44000244140624,91.44000244140624,74.9676284790039,1826900
2018-07-03,91.4499969482422,91.45999908447266,91.4499969482422,91.45999908447266,74.9840087890625,1022400
2018-07-05,91.45999908447266,91.47000122070312,91.45999908447266,91.45999908447266,74.9840087890625,1033600
2018-07-06,91.47000122070312,91.4800033569336,91.47000122070312,91.4800033569336,75.00042724609375,1050600
2018-07-09,91.47000122070312,91.48999786376952,91.47000122070312,91.4800033569336,75.00042724609375,388200
2018-07-10,91.48999786376952,91.48999786376952,91.47000122070312,91.48999786376952,75.00862884521484,468100
2018-07-11,91.4800033569336,91.48999786376952,91.4800033569336,91.48999786376952,75.00862884521484,960700
2018-07-12,91.48999786376952,91.51000213623048,91.48999786376952,91.48999786376952,75.00862884521484,639200
2018-07-13,91.51000213623048,91.51000213623048,91.5,91.5,75.01679229736328,628900
2018-07-16,91.51000213623048,91.51000213623048,91.5,91.51000213623048,75.0250244140625,377800
2018-07-17,91.5199966430664,91.5199966430664,91.5,91.51000213623048,75.0250244140625,862800
2018-07-18,91.51000213623048,91.5199966430664,91.51000213623048,91.5199966430664,75.03321838378906,437400
2018-07-19,91.5199966430664,91.54000091552734,91.5199966430664,91.52999877929688,75.04142761230469,352200
2018-07-20,91.54000091552734,91.54000091552734,91.52999877929688,91.54000091552734,75.0495834350586,1845000
2018-07-23,91.5500030517578,91.5500030517578,91.52999877929688,91.52999877929688,75.04142761230469,293200
2018-07-24,91.54000091552734,91.5500030517578,91.54000091552734,91.5500030517578,75.05778503417969,450100
2018-07-25,91.5500030517578,91.5500030517578,91.54000091552734,91.54000091552734,75.0495834350586,316000
2018-07-26,91.56999969482422,91.56999969482422,91.5500030517578,91.5500030517578,75.05778503417969,269600
2018-07-27,91.56999969482422,91.56999969482422,91.55999755859376,91.56999969482422,75.07420349121094,457400
2018-07-30,91.58000183105467,91.58000183105467,91.55999755859376,91.55999755859376,75.06597900390625,377100
2018-07-31,91.58000183105467,91.58000183105467,91.56999969482422,91.58000183105467,75.08238220214844,778700
2018-08-01,91.44000244140624,91.4499969482422,91.44000244140624,91.4499969482422,75.08650207519531,1117200
2018-08-02,91.45999908447266,91.45999908447266,91.4499969482422,91.45999908447266,75.09471130371094,691800
2018-08-03,91.45999908447266,91.47000122070312,91.4499969482422,91.45999908447266,75.09471130371094,353500
2018-08-06,91.4800033569336,91.4800033569336,91.45999908447266,91.47000122070312,75.10295867919922,710200
2018-08-07,91.4800033569336,91.4800033569336,91.45999908447266,91.4800033569336,75.11115264892578,660800
2018-08-08,91.4800033569336,91.4800033569336,91.47000122070312,91.47000122070312,75.10295867919922,741400
2018-08-09,91.4800033569336,91.48999786376952,91.4800033569336,91.4800033569336,75.11115264892578,340500
2018-08-10,91.5,91.5,91.48999786376952,91.5,75.1275405883789,287400
2018-08-13,91.51000213623048,91.51000213623048,91.5,91.51000213623048,75.13578796386719,664500
2018-08-14,91.51000213623048,91.51000213623048,91.48999786376952,91.48999786376952,75.11936950683594,339800
2018-08-15,91.5,91.51000213623048,91.5,91.51000213623048,75.13578796386719,533000
2018-08-16,91.5199966430664,91.52999877929688,91.51000213623048,91.51000213623048,75.13578796386719,539800
2018-08-17,91.5199966430664,91.52999877929688,91.5199966430664,91.5199966430664,75.14398193359375,656600
2018-08-20,91.5199966430664,91.52999877929688,91.5199966430664,91.5199966430664,75.14398193359375,600900
2018-08-21,91.54000091552734,91.54000091552734,91.52999877929688,91.52999877929688,75.15220642089844,354100
2018-08-22,91.54000091552734,91.54000091552734,91.52999877929688,91.52999877929688,75.15220642089844,735700
2018-08-23,91.55999755859376,91.55999755859376,91.54000091552734,91.55999755859376,75.17680358886719,1007000
2018-08-24,91.55999755859376,91.55999755859376,91.5500030517578,91.55999755859376,75.17680358886719,229800
2018-08-27,91.55999755859376,91.56999969482422,91.5500030517578,91.56999969482422,75.1850357055664,323800
2018-08-28,91.55999755859376,91.56999969482422,91.55999755859376,91.56999969482422,75.1850357055664,610700
2018-08-29,91.58000183105467,91.58000183105467,91.55999755859376,91.55999755859376,75.17680358886719,908800
2018-08-30,91.58000183105467,91.5999984741211,91.58000183105467,91.5999984741211,75.20967102050781,748500
2018-08-31,91.58999633789062,91.5999984741211,91.58999633789062,91.58999633789062,75.2014389038086,494800
2018-09-04,91.4499969482422,91.45999908447266,91.4499969482422,91.45999908447266,75.20805358886719,973900
2018-09-05,91.45999908447266,91.47000122070312,91.4499969482422,91.4499969482422,75.19982147216797,883300
2018-09-06,91.4800033569336,91.4800033569336,91.47000122070312,91.47000122070312,75.21627044677734,1809500
2018-09-07,91.4800033569336,91.48999786376952,91.4800033569336,91.48999786376952,75.2326889038086,472300
2018-09-10,91.4800033569336,91.48999786376952,91.4800033569336,91.48999786376952,75.2326889038086,593200
2018-09-11,91.4800033569336,91.5,91.4800033569336,91.5,75.24092864990234,1580300
2018-09-12,91.48999786376952,91.5,91.48999786376952,91.5,75.24092864990234,757500
2018-09-13,91.5199966430664,91.5199966430664,91.5,91.5,75.24092864990234,458700
2018-09-14,91.5199966430664,91.5199966430664,91.51000213623048,91.51000213623048,75.2491226196289,1126400
2018-09-17,91.51000213623048,91.52999877929688,91.51000213623048,91.52999877929688,75.26558685302734,639100
2018-09-18,91.52999877929688,91.52999877929688,91.5199966430664,91.52999877929688,75.26558685302734,457500
2018-09-19,91.5199966430664,91.52999877929688,91.5199966430664,91.52999877929688,75.26558685302734,942300
2018-09-20,91.54000091552734,91.5500030517578,91.54000091552734,91.5500030517578,75.28202056884766,448700
2018-09-21,91.54000091552734,91.5500030517578,91.54000091552734,91.5500030517578,75.28202056884766,274400
2018-09-24,91.5500030517578,91.55999755859376,91.5500030517578,91.55999755859376,75.29027557373047,1329600
2018-09-25,91.5500030517578,91.55999755859376,91.5500030517578,91.55999755859376,75.29027557373047,662400
2018-09-26,91.56999969482422,91.56999969482422,91.55999755859376,91.55999755859376,75.29027557373047,256900
2018-09-27,91.58000183105467,91.58000183105467,91.56999969482422,91.58000183105467,75.30670928955078,343000
2018-09-28,91.56999969482422,91.58000183105467,91.56999969482422,91.58000183105467,75.30670928955078,409800
2018-10-01,91.44000244140624,91.44000244140624,91.43000030517578,91.44000244140624,75.3116683959961,3788900
2018-10-02,91.44000244140624,91.4499969482422,91.44000244140624,91.4499969482422,75.31987762451172,584800
2018-10-03,91.4499969482422,91.4499969482422,91.44000244140624,91.4499969482422,75.31987762451172,380100
2018-10-04,91.47000122070312,91.47000122070312,91.45999908447266,91.47000122070312,75.33634948730469,1154500
2018-10-05,91.4800033569336,91.4800033569336,91.47000122070312,91.4800033569336,75.34459686279297,4664400
2018-10-08,91.4800033569336,91.4800033569336,91.47000122070312,91.4800033569336,75.34459686279297,638800
2018-10-09,91.4800033569336,91.4800033569336,91.47000122070312,91.47000122070312,75.33634948730469,506400
2018-10-10,91.48999786376952,91.48999786376952,91.4800033569336,91.48999786376952,75.35282135009766,2091100
2018-10-11,91.5,91.5,91.48999786376952,91.5,75.36106872558594,1687600
2018-10-12,91.5,91.51000213623048,91.5,91.5,75.36106872558594,741500
2018-10-15,91.51000213623048,91.51000213623048,91.5,91.51000213623048,75.3692855834961,4029300
2018-10-16,91.51000213623048,91.5199966430664,91.51000213623048,91.5199966430664,75.37752532958984,1265500
2018-10-17,91.51000213623048,91.5199966430664,91.51000213623048,91.5199966430664,75.37752532958984,6981000
2018-10-18,91.52999877929688,91.52999877929688,91.5199966430664,91.5199966430664,75.37752532958984,733900
2018-10-19,91.52999877929688,91.54000091552734,91.52999877929688,91.52999877929688,75.38575744628906,693400
2018-10-22,91.52999877929688,91.5500030517578,91.52999877929688,91.5500030517578,75.40227508544922,746900
2018-10-23,91.52999877929688,91.5500030517578,91.52999877929688,91.5500030517578,75.40227508544922,1982600
2018-10-24,91.55999755859376,91.55999755859376,91.5500030517578,91.55999755859376,75.4104995727539,1071600
2018-10-25,91.55999755859376,91.58000183105467,91.55999755859376,91.56999969482422,75.41870880126953,3574800
2018-10-26,91.58000183105467,91.58000183105467,91.56999969482422,91.58000183105467,75.42696380615234,6698900
2018-10-29,91.58000183105467,91.58000183105467,91.56999969482422,91.58000183105467,75.42696380615234,1477400
2018-10-30,91.58999633789062,91.58999633789062,91.58000183105467,91.58000183105467,75.42696380615234,1303100
2018-10-31,91.58999633789062,91.58999633789062,91.58000183105467,91.58999633789062,75.43517303466797,2389400
2018-11-01,91.45999908447266,91.45999908447266,91.4499969482422,91.45999908447266,75.45172882080078,2666600
2018-11-02,91.4499969482422,91.45999908447266,91.4499969482422,91.45999908447266,75.45172882080078,2036700
2018-11-05,91.45999908447266,91.47000122070312,91.45999908447266,91.47000122070312,75.45994567871094,2684100
2018-11-06,91.47000122070312,91.47000122070312,91.45999908447266,91.47000122070312,75.45994567871094,1105200
2018-11-07,91.4800033569336,91.4800033569336,91.47000122070312,91.4800033569336,75.46817779541016,1135100
2018-11-08,91.48999786376952,91.51000213623048,91.48999786376952,91.48999786376952,75.47643280029297,1624800
2018-11-09,91.5,91.51000213623048,91.48999786376952,91.51000213623048,75.49292755126953,3348300
2018-11-12,91.51000213623048,91.51000213623048,91.5,91.5,75.48467254638672,601500
2018-11-13,91.5,91.51000213623048,91.5,91.51000213623048,75.49292755126953,802200
2018-11-14,91.51000213623048,91.51000213623048,91.5,91.5,75.48467254638672,2459500
2018-11-15,91.52999877929688,91.52999877929688,91.5199966430664,91.52999877929688,75.5094223022461,1448300
2018-11-16,91.54000091552734,91.54000091552734,91.52999877929688,91.54000091552734,75.5177001953125,7584300
2018-11-19,91.54000091552734,91.54000091552734,91.52999877929688,91.52999877929688,75.5094223022461,1754300
2018-11-20,91.5500030517578,91.5500030517578,91.54000091552734,91.5500030517578,75.52596282958984,5355400
2018-11-21,91.58000183105467,91.58000183105467,91.55999755859376,91.56999969482422,75.54244995117188,1683200
2018-11-23,91.56999969482422,91.58000183105467,91.55999755859376,91.56999969482422,75.54244995117188,544500
2018-11-26,91.58000183105467,91.58000183105467,91.56999969482422,91.58000183105467,75.55070495605469,945300
2018-11-27,91.58000183105467,91.58999633789062,91.56999969482422,91.58000183105467,75.55070495605469,701300
2018-11-28,91.58000183105467,91.58999633789062,91.58000183105467,91.58999633789062,75.5589370727539,1463800
2018-11-29,91.5999984741211,91.61000061035156,91.5999984741211,91.5999984741211,75.56719207763672,5720200
2018-11-30,91.62000274658205,91.62000274658205,91.5999984741211,91.61000061035156,75.575439453125,1795600
2018-12-03,91.4499969482422,91.45999908447266,91.4499969482422,91.4499969482422,75.5729751586914,2369700
2018-12-04,91.45999908447266,91.45999908447266,91.4499969482422,91.45999908447266,75.58122253417969,1610600
2018-12-06,91.4800033569336,91.48999786376952,91.47000122070312,91.4800033569336,75.59776306152344,4606200
2018-12-07,91.48999786376952,91.48999786376952,91.4800033569336,91.48999786376952,75.60601043701172,1924600
2018-12-10,91.5,91.5,91.48999786376952,91.5,75.6142578125,1474800
2018-12-11,91.5,91.5,91.48999786376952,91.48999786376952,75.60601043701172,1734600
2018-12-12,91.51000213623048,91.51000213623048,91.5,91.51000213623048,75.62252044677734,959200
2018-12-13,91.5199966430664,91.5199966430664,91.51000213623048,91.5199966430664,75.63081359863281,1410000
2018-12-14,91.5199966430664,91.52999877929688,91.5199966430664,91.52999877929688,75.63906860351562,939300
2018-12-17,91.52999877929688,91.54000091552734,91.5199966430664,91.54000091552734,75.6473617553711,3563400
2018-12-18,91.54000091552734,91.54000091552734,91.52999877929688,91.54000091552734,75.6473617553711,2394700
2018-12-19,91.38999938964844,91.38999938964844,91.37000274658205,91.37000274658205,75.63904571533203,2636300
2018-12-20,91.38999938964844,91.4000015258789,91.38999938964844,91.38999938964844,75.65562438964844,2938700
2018-12-21,91.41000366210938,91.41000366210938,91.4000015258789,91.41000366210938,75.67218780517578,2612300
2018-12-24,91.41999816894533,91.41999816894533,91.41000366210938,91.41999816894533,75.68045806884766,2979200
2018-12-26,91.41999816894533,91.41999816894533,91.41000366210938,91.41000366210938,75.67218780517578,2751600
2018-12-27,91.43000030517578,91.44000244140624,91.43000030517578,91.44000244140624,75.6969985961914,3096100
2018-12-28,91.4499969482422,91.4499969482422,91.44000244140624,91.4499969482422,75.70530700683594,1835800
2018-12-31,91.45999908447266,91.45999908447266,91.44000244140624,91.45999908447266,75.71357727050781,3490000
2019-01-02,91.47000122070312,91.47000122070312,91.4499969482422,91.4499969482422,75.70530700683594,15671600
2019-01-03,91.47000122070312,91.48999786376952,91.47000122070312,91.4800033569336,75.7301254272461,3316200
2019-01-04,91.48999786376952,91.48999786376952,91.47000122070312,91.48999786376952,75.73839569091797,5483000
2019-01-07,91.4800033569336,91.48999786376952,91.4800033569336,91.48999786376952,75.73839569091797,2840200
2019-01-08,91.48999786376952,91.48999786376952,91.4800033569336,91.48999786376952,75.73839569091797,1923100
2019-01-09,91.5,91.5,91.48999786376952,91.48999786376952,75.73839569091797,1486900
2019-01-10,91.5199966430664,91.5199966430664,91.5,91.5,75.74665832519531,1865800
2019-01-11,91.5199966430664,91.5199966430664,91.51000213623048,91.5199966430664,75.76322937011719,1329200
2019-01-14,91.52999877929688,91.52999877929688,91.51000213623048,91.51000213623048,75.75493621826172,1986900
2019-01-15,91.52999877929688,91.52999877929688,91.5199966430664,91.52999877929688,75.77151489257812,1177800
2019-01-16,91.54000091552734,91.54000091552734,91.52999877929688,91.54000091552734,75.77980041503906,1310100
2019-01-17,91.5500030517578,91.55999755859376,91.5500030517578,91.55999755859376,75.79634094238281,809400
2019-01-18,91.55999755859376,91.56999969482422,91.5500030517578,91.55999755859376,75.79634094238281,1950700
2019-01-22,91.55999755859376,91.56999969482422,91.5500030517578,91.56999969482422,75.80461883544922,1930700
2019-01-23,91.58000183105467,91.58000183105467,91.56999969482422,91.56999969482422,75.80461883544922,1637700
2019-01-24,91.58999633789062,91.5999984741211,91.58999633789062,91.5999984741211,75.8294448852539,1200800
2019-01-25,91.58999633789062,91.5999984741211,91.58999633789062,91.58999633789062,75.8211669921875,2123700
2019-01-28,91.61000061035156,91.61000061035156,91.5999984741211,91.5999984741211,75.8294448852539,1286100
2019-01-29,91.5999984741211,91.61000061035156,91.5999984741211,91.5999984741211,75.8294448852539,965000
2019-01-30,91.61000061035156,91.62000274658205,91.61000061035156,91.62000274658205,75.84603118896484,1784900
2019-01-31,91.62000274658205,91.63999938964844,91.62000274658205,91.62000274658205,75.84603118896484,4576700
2019-02-01,91.45999908447266,91.45999908447266,91.4499969482422,91.4499969482422,75.85347747802734,2534500
2019-02-04,91.4499969482422,91.45999908447266,91.4499969482422,91.45999908447266,75.86182403564453,3375400
2019-02-05,91.45999908447266,91.47000122070312,91.45999908447266,91.45999908447266,75.86182403564453,2471300
2019-02-06,91.47000122070312,91.4800033569336,91.47000122070312,91.4800033569336,75.87838745117188,2135400
2019-02-07,91.4800033569336,91.48999786376952,91.4800033569336,91.4800033569336,75.87838745117188,1894000
2019-02-08,91.5,91.5,91.48999786376952,91.5,75.89494323730469,584400
2019-02-11,91.5,91.5,91.48999786376952,91.48999786376952,75.88667297363281,1328200
2019-02-12,91.5,91.51000213623048,91.5,91.51000213623048,75.9032211303711,986400
2019-02-13,91.51000213623048,91.51000213623048,91.5,91.51000213623048,75.9032211303711,818800
2019-02-14,91.52999877929688,91.54000091552734,91.52999877929688,91.52999877929688,75.91981506347656,2038600
2019-02-15,91.54000091552734,91.54000091552734,91.52999877929688,91.52999877929688,75.91981506347656,1547700
2019-02-19,91.5500030517578,91.5500030517578,91.54000091552734,91.5500030517578,75.93643188476562,1858700
2019-02-20,91.5500030517578,91.5500030517578,91.54000091552734,91.5500030517578,75.93643188476562,4086700
2019-02-21,91.56999969482422,91.56999969482422,91.55999755859376,91.55999755859376,75.94477081298828,1288200
2019-02-22,91.56999969482422,91.58000183105467,91.56999969482422,91.58000183105467,75.9613265991211,3265500
2019-02-25,91.58000183105467,91.58000183105467,91.56999969482422,91.56999969482422,75.95304107666016,1026500
2019-02-26,91.58000183105467,91.58999633789062,91.58000183105467,91.58000183105467,75.9613265991211,1202400
2019-02-27,91.58999633789062,91.58999633789062,91.58000183105467,91.58999633789062,75.9696044921875,1260300
2019-02-28,91.5999984741211,91.61000061035156,91.5999984741211,91.61000061035156,75.9862060546875,1073800
2019-03-01,91.4499969482422,91.4499969482422,91.44000244140624,91.4499969482422,75.9944839477539,2044200
2019-03-04,91.44000244140624,91.4499969482422,91.44000244140624,91.44000244140624,75.98619842529297,1554500
2019-03-05,91.4499969482422,91.45999908447266,91.4499969482422,91.4499969482422,75.9944839477539,2614100
2019-03-06,91.45999908447266,91.45999908447266,91.4499969482422,91.45999908447266,76.0028305053711,706100
2019-03-07,91.4800033569336,91.4800033569336,91.47000122070312,91.4800033569336,76.01945495605469,1106400
2019-03-08,91.48999786376952,91.48999786376952,91.4800033569336,91.48999786376952,76.02774047851562,1061100
2019-03-11,91.48999786376952,91.48999786376952,91.4800033569336,91.48999786376952,76.02774047851562,861100
2019-03-12,91.5,91.5,91.48999786376952,91.5,76.03604888916016,938300
2019-03-13,91.51000213623048,91.51000213623048,91.5,91.51000213623048,76.0443344116211,1796500
2019-03-14,91.51000213623048,91.5199966430664,91.51000213623048,91.51000213623048,76.0443344116211,520100
2019-03-15,91.5199966430664,91.52999877929688,91.51000213623048,91.5199966430664,76.05265808105469,1115400
2019-03-18,91.5199966430664,91.52999877929688,91.5199966430664,91.52999877929688,76.06096649169922,1144100
2019-03-19,91.54000091552734,91.54000091552734,91.52999877929688,91.52999877929688,76.06096649169922,3794400
2019-03-20,91.54000091552734,91.54000091552734,91.52999877929688,91.52999877929688,76.06096649169922,1988500
2019-03-21,91.5500030517578,91.55999755859376,91.5500030517578,91.55999755859376,76.08594512939453,1957600
2019-03-22,91.55999755859376,91.55999755859376,91.5500030517578,91.55999755859376,76.08594512939453,2049600
2019-03-25,91.56999969482422,91.56999969482422,91.55999755859376,91.55999755859376,76.08594512939453,1231800
2019-03-26,91.56999969482422,91.58000183105467,91.56999969482422,91.56999969482422,76.09424591064453,661600
2019-03-27,91.56999969482422,91.58000183105467,91.56999969482422,91.58000183105467,76.10253143310547,2214100
2019-03-28,91.5999984741211,91.5999984741211,91.58999633789062,91.5999984741211,76.119140625,924100
2019-03-29,91.5999984741211,91.61000061035156,91.5999984741211,91.5999984741211,76.119140625,1576100
2019-04-01,91.43000030517578,91.44000244140624,91.43000030517578,91.44000244140624,76.13247680664062,2419200
2019-04-02,91.44000244140624,91.44000244140624,91.43000030517578,91.43000030517578,76.12418365478516,1138800
2019-04-03,91.44000244140624,91.4499969482422,91.44000244140624,91.44000244140624,76.13247680664062,1422400
2019-04-04,91.45999908447266,91.47000122070312,91.45999908447266,91.47000122070312,76.15746307373047,1208000
2019-04-05,91.45999908447266,91.47000122070312,91.45999908447266,91.47000122070312,76.15746307373047,655700
2019-04-08,91.4800033569336,91.4800033569336,91.47000122070312,91.47000122070312,76.15746307373047,1349200
2019-04-09,91.47000122070312,91.4800033569336,91.47000122070312,91.4800033569336,76.16577911376953,1438000
2019-04-10,91.48999786376952,91.48999786376952,91.4800033569336,91.4800033569336,76.16577911376953,2261600
2019-04-11,91.5,91.51000213623048,91.5,91.51000213623048,76.19074249267578,674900
2019-04-12,91.5,91.51000213623048,91.5,91.51000213623048,76.19074249267578,890600
2019-04-15,91.51000213623048,91.5199966430664,91.51000213623048,91.5199966430664,76.19905853271484,1087900
2019-04-16,91.5199966430664,91.5199966430664,91.51000213623048,91.5199966430664,76.19905853271484,767900
2019-04-17,91.54000091552734,91.5500030517578,91.54000091552734,91.54000091552734,76.21572875976562,691500
2019-04-18,91.5500030517578,91.5500030517578,91.54000091552734,91.5500030517578,76.22406768798828,2976400
2019-04-22,91.5500030517578,91.55999755859376,91.5500030517578,91.5500030517578,76.22406768798828,1171400
2019-04-23,91.5500030517578,91.55999755859376,91.5500030517578,91.5500030517578,76.22406768798828,912100
2019-04-24,91.56999969482422,91.56999969482422,91.55999755859376,91.56999969482422,76.24073791503906,1103500
2019-04-25,91.58999633789062,91.58999633789062,91.58000183105467,91.58999633789062,76.25740051269531,1838500
2019-04-26,91.58999633789062,91.58999633789062,91.58000183105467,91.58000183105467,76.24905395507812,2449400
2019-04-29,91.58999633789062,91.5999984741211,91.58999633789062,91.58999633789062,76.25740051269531,667700
2019-04-30,91.5999984741211,91.5999984741211,91.58999633789062,91.5999984741211,76.26568603515625,1161400
2019-05-01,91.43000030517578,91.43000030517578,91.41999816894533,91.43000030517578,76.26903533935547,1237600
2019-05-02,91.4499969482422,91.4499969482422,91.44000244140624,91.44000244140624,76.2773666381836,856100
2019-05-03,91.4499969482422,91.45999908447266,91.4499969482422,91.4499969482422,76.28571319580078,1443500
2019-05-06,91.45999908447266,91.45999908447266,91.4499969482422,91.45999908447266,76.2940673828125,879800
2019-05-07,91.47000122070312,91.47000122070312,91.45999908447266,91.47000122070312,76.30239868164062,1217900
2019-05-08,91.47000122070312,91.47000122070312,91.45999908447266,91.47000122070312,76.30239868164062,980900
2019-05-09,91.48999786376952,91.48999786376952,91.4800033569336,91.4800033569336,76.31072235107422,2029800
2019-05-10,91.5,91.5,91.48999786376952,91.5,76.32742309570312,966600
2019-05-13,91.5,91.5,91.48999786376952,91.48999786376952,76.31907653808594,1953000
2019-05-14,91.51000213623048,91.51000213623048,91.5,91.5,76.32742309570312,1097000
2019-05-15,91.51000213623048,91.51000213623048,91.5,91.51000213623048,76.33573913574219,1061900
2019-05-16,91.5199966430664,91.52999877929688,91.5199966430664,91.5199966430664,76.34410858154297,1681600
2019-05-17,91.54000091552734,91.54000091552734,91.52999877929688,91.52999877929688,76.3524398803711,339300
2019-05-20,91.5500030517578,91.5500030517578,91.54000091552734,91.54000091552734,76.36079406738281,524300
2019-05-21,91.5500030517578,91.5500030517578,91.54000091552734,91.54000091552734,76.36079406738281,673700
2019-05-22,91.55999755859376,91.55999755859376,91.5500030517578,91.55999755859376,76.37747192382812,1218500
2019-05-23,91.56999969482422,91.58000183105467,91.56999969482422,91.58000183105467,76.3941421508789,1198800
2019-05-24,91.58000183105467,91.58999633789062,91.58000183105467,91.58000183105467,76.3941421508789,1337100
2019-05-28,91.58999633789062,91.58999633789062,91.58000183105467,91.58999633789062,76.40250396728516,981000
2019-05-29,91.5999984741211,91.5999984741211,91.58999633789062,91.58999633789062,76.40250396728516,4239400
2019-05-30,91.61000061035156,91.62000274658205,91.61000061035156,91.62000274658205,76.42754364013672,1223300
2019-05-31,91.62000274658205,91.62000274658205,91.61000061035156,91.62000274658205,76.42754364013672,2770300
2019-06-03,91.44000244140624,91.4499969482422,91.44000244140624,91.44000244140624,76.42418670654297,3486900
2019-06-04,91.4499969482422,91.45999908447266,91.4499969482422,91.45999908447266,76.44091033935547,9008800
2019-06-05,91.45999908447266,91.45999908447266,91.4499969482422,91.45999908447266,76.44091033935547,2028500
2019-06-06,91.47000122070312,91.48999786376952,91.47000122070312,91.48999786376952,76.46598815917969,7013200
2019-06-07,91.48999786376952,91.48999786376952,91.4800033569336,91.4800033569336,76.4576416015625,2299000
2019-06-10,91.5,91.5,91.48999786376952,91.5,76.47433471679688,2795300
2019-06-11,91.48999786376952,91.5,91.48999786376952,91.48999786376952,76.46598815917969,1563700
2019-06-12,91.5,91.51000213623048,91.5,91.5,76.47433471679688,2308800
2019-06-13,91.5199966430664,91.52999877929688,91.5199966430664,91.52999877929688,76.49939727783203,4044200
2019-06-14,91.54000091552734,91.54000091552734,91.52999877929688,91.54000091552734,76.50776672363281,601300
2019-06-17,91.54000091552734,91.5500030517578,91.54000091552734,91.54000091552734,76.50776672363281,3386000
2019-06-18,91.54000091552734,91.5500030517578,91.54000091552734,91.54000091552734,76.50776672363281,3183100
2019-06-19,91.5500030517578,91.55999755859376,91.5500030517578,91.55999755859376,76.52446746826172,521300
2019-06-20,91.56999969482422,91.58000183105467,91.56999969482422,91.56999969482422,76.5328140258789,2524000
2019-06-21,91.56999969482422,91.58000183105467,91.56999969482422,91.56999969482422,76.5328140258789,2016700
2019-06-24,91.58000183105467,91.58999633789062,91.58000183105467,91.58000183105467,76.54119110107422,1223700
2019-06-25,91.58999633789062,91.58999633789062,91.58000183105467,91.58000183105467,76.54119110107422,826600
2019-06-26,91.58999633789062,91.5999984741211,91.58999633789062,91.5999984741211,76.55789184570312,1006400
2019-06-27,91.5999984741211,91.61000061035156,91.5999984741211,91.5999984741211,76.55789184570312,615800
2019-06-28,91.62000274658205,91.62000274658205,91.61000061035156,91.61000061035156,76.56626892089844,1112800
2019-07-01,91.4499969482422,91.45999908447266,91.44000244140624,91.44000244140624,76.56205749511719,3984100
2019-07-02,91.4499969482422,91.45999908447266,91.4499969482422,91.4499969482422,76.57047271728516,5031700
2019-07-03,91.4800033569336,91.4800033569336,91.47000122070312,91.4800033569336,76.59558868408203,1988600
2019-07-05,91.47000122070312,91.4800033569336,91.47000122070312,91.47000122070312,76.5871810913086,1294500
2019-07-08,91.4800033569336,91.4800033569336,91.47000122070312,91.47000122070312,76.5871810913086,3557000
2019-07-09,91.4800033569336,91.4800033569336,91.47000122070312,91.4800033569336,76.59558868408203,1612400
2019-07-10,91.4800033569336,91.48999786376952,91.4800033569336,91.48999786376952,76.60395050048828,1257200
2019-07-11,91.5,91.51000213623048,91.5,91.51000213623048,76.62068176269531,1230400
2019-07-12,91.5199966430664,91.5199966430664,91.51000213623048,91.5199966430664,76.62904357910156,792900
2019-07-15,91.5199966430664,91.5199966430664,91.51000213623048,91.5199966430664,76.62904357910156,521000
2019-07-16,91.5199966430664,91.52999877929688,91.5199966430664,91.52999877929688,76.6374282836914,731500
2019-07-17,91.52999877929688,91.52999877929688,91.5199966430664,91.52999877929688,76.6374282836914,650700
2019-07-18,91.54000091552734,91.55999755859376,91.54000091552734,91.55999755859376,76.66255950927734,1130400
2019-07-19,91.5500030517578,91.55999755859376,91.5500030517578,91.55999755859376,76.66255950927734,1509200
2019-07-22,91.5500030517578,91.55999755859376,91.5500030517578,91.55999755859376,76.66255950927734,524400
2019-07-23,91.5500030517578,91.55999755859376,91.5500030517578,91.5500030517578,76.6541748046875,1703300
2019-07-24,91.55999755859376,91.56999969482422,91.55999755859376,91.56999969482422,76.6709213256836,793900
2019-07-25,91.56999969482422,91.58999633789062,91.56999969482422,91.58999633789062,76.68766784667969,1428400
2019-07-26,91.58999633789062,91.58999633789062,91.58000183105467,91.58000183105467,76.6793441772461,1202800
2019-07-29,91.5999984741211,91.5999984741211,91.58999633789062,91.5999984741211,76.696044921875,871300
2019-07-30,91.58999633789062,91.5999984741211,91.58999633789062,91.5999984741211,76.696044921875,2294000
2019-07-31,91.61000061035156,91.61000061035156,91.5999984741211,91.61000061035156,76.70442199707031,3291100
2019-08-01,91.47000122070312,91.4800033569336,91.45999908447266,91.4800033569336,76.72539520263672,5657100
2019-08-02,91.4800033569336,91.4800033569336,91.47000122070312,91.4800033569336,76.72539520263672,5480500
2019-08-05,91.4800033569336,91.48999786376952,91.47000122070312,91.47000122070312,76.71699523925781,2182900
2019-08-06,91.4800033569336,91.48999786376952,91.4800033569336,91.4800033569336,76.72539520263672,4955000
2019-08-07,91.4800033569336,91.5,91.4800033569336,91.5,76.74214935302734,2365100
2019-08-08,91.51000213623048,91.51000213623048,91.5,91.51000213623048,76.75053405761719,1279000
2019-08-09,91.5,91.51000213623048,91.5,91.5,76.74214935302734,2542200
2019-08-12,91.51000213623048,91.5199966430664,91.51000213623048,91.5199966430664,76.7589340209961,2547400
2019-08-13,91.51000213623048,91.52999877929688,91.51000213623048,91.52999877929688,76.76731872558594,904300
2019-08-14,91.52999877929688,91.54000091552734,91.5199966430664,91.5199966430664,76.7589340209961,1988000
2019-08-15,91.5500030517578,91.55999755859376,91.54000091552734,91.55999755859376,76.7924575805664,2998300
2019-08-16,91.55999755859376,91.55999755859376,91.5500030517578,91.5500030517578,76.78407287597656,2471500
2019-08-19,91.56999969482422,91.56999969482422,91.5500030517578,91.5500030517578,76.78407287597656,4949900
2019-08-20,91.55999755859376,91.55999755859376,91.5500030517578,91.55999755859376,76.7924575805664,1675500
2019-08-21,91.55999755859376,91.56999969482422,91.5500030517578,91.5500030517578,76.78407287597656,1433700
2019-08-22,91.56999969482422,91.58000183105467,91.56999969482422,91.58000183105467,76.80927276611328,1162700
2019-08-23,91.58000183105467,91.58000183105467,91.55999755859376,91.56999969482422,76.80089569091797,10788500
2019-08-26,91.58999633789062,91.58999633789062,91.58000183105467,91.58000183105467,76.80927276611328,2234600
2019-08-27,91.58999633789062,91.58999633789062,91.58000183105467,91.58999633789062,76.8176498413086,1616900
2019-08-28,91.58999633789062,91.58999633789062,91.58000183105467,91.58000183105467,76.80927276611328,3861800
2019-08-29,91.5999984741211,91.61000061035156,91.5999984741211,91.5999984741211,76.8260269165039,2276800
2019-08-30,91.61000061035156,91.62000274658205,91.61000061035156,91.61000061035156,76.83443450927734,3418100
2019-09-03,91.45999908447266,91.45999908447266,91.4499969482422,91.45999908447266,76.84956359863281,4842500
2019-09-04,91.45999908447266,91.45999908447266,91.4499969482422,91.4499969482422,76.84114074707031,1895600
2019-09-05,91.47000122070312,91.47000122070312,91.45999908447266,91.45999908447266,76.84956359863281,4888800
2019-09-06,91.47000122070312,91.4800033569336,91.45999908447266,91.47000122070312,76.85794067382812,2094700
2019-09-09,91.47000122070312,91.4800033569336,91.47000122070312,91.47000122070312,76.85794067382812,1064400
2019-09-10,91.48999786376952,91.48999786376952,91.4800033569336,91.48999786376952,76.87476348876953,2325200
2019-09-11,91.4800033569336,91.48999786376952,91.4800033569336,91.4800033569336,76.86634826660156,1437400
2019-09-12,91.5,91.51000213623048,91.5,91.5,76.88316345214844,1867500
2019-09-13,91.51000213623048,91.51000213623048,91.5,91.5,76.88316345214844,1638200
2019-09-16,91.51000213623048,91.5199966430664,91.5,91.5,76.88316345214844,1119300
2019-09-17,91.51000213623048,91.5199966430664,91.5,91.51000213623048,76.89155578613281,1032800
2019-09-18,91.5199966430664,91.52999877929688,91.51000213623048,91.52999877929688,76.9083480834961,1094500
2019-09-19,91.5500030517578,91.5500030517578,91.52999877929688,91.52999877929688,76.9083480834961,1980600
2019-09-20,91.54000091552734,91.54000091552734,91.52999877929688,91.54000091552734,76.91675567626953,2298500
2019-09-23,91.54000091552734,91.55999755859376,91.54000091552734,91.55999755859376,76.93355560302734,1669600
2019-09-24,91.55999755859376,91.55999755859376,91.5500030517578,91.55999755859376,76.93355560302734,1661700
2019-09-25,91.55999755859376,91.55999755859376,91.5500030517578,91.55999755859376,76.93355560302734,1362600
2019-09-26,91.56999969482422,91.58000183105467,91.56999969482422,91.58000183105467,76.95037841796875,1741100
2019-09-27,91.58999633789062,91.58999633789062,91.56999969482422,91.58000183105467,76.95037841796875,1033000
2019-09-30,91.58000183105467,91.58999633789062,91.58000183105467,91.58999633789062,76.9587631225586,3144600
2019-10-01,91.45999908447266,91.45999908447266,91.4499969482422,91.4499969482422,76.95625305175781,2016800
2019-10-02,91.45999908447266,91.45999908447266,91.4499969482422,91.4499969482422,76.95625305175781,2410000
2019-10-03,91.47000122070312,91.4800033569336,91.47000122070312,91.4800033569336,76.98149871826172,1101300
2019-10-04,91.47000122070312,91.4800033569336,91.47000122070312,91.4800033569336,76.98149871826172,924300
2019-10-07,91.48999786376952,91.48999786376952,91.4800033569336,91.48999786376952,76.9898910522461,686900
2019-10-08,91.48999786376952,91.48999786376952,91.4800033569336,91.48999786376952,76.9898910522461,1207500
2019-10-09,91.5,91.5,91.48999786376952,91.48999786376952,76.9898910522461,1714000
2019-10-10,91.5199966430664,91.5199966430664,91.51000213623048,91.51000213623048,77.00675201416016,1404600
2019-10-11,91.5199966430664,91.5199966430664,91.51000213623048,91.5199966430664,77.01512145996094,1446100
2019-10-14,91.51000213623048,91.52999877929688,91.4499969482422,91.51000213623048,77.00675201416016,2720500
2019-10-15,91.51000213623048,91.5199966430664,91.51000213623048,91.5199966430664,77.01512145996094,1621300
2019-10-16,91.5199966430664,91.52999877929688,91.5199966430664,91.52999877929688,77.0235595703125,1620400
2019-10-17,91.52999877929688,91.54000091552734,91.52999877929688,91.54000091552734,77.03196716308594,1350600
2019-10-18,91.52999877929688,91.54000091552734,91.52999877929688,91.54000091552734,77.03196716308594,3141500
2019-10-21,91.5500030517578,91.5500030517578,91.54000091552734,91.5500030517578,77.0404281616211,820500
2019-10-22,91.5500030517578,91.5500030517578,91.54000091552734,91.5500030517578,77.0404281616211,1818900
2019-10-23,91.54000091552734,91.5500030517578,91.54000091552734,91.5500030517578,77.0404281616211,707600
2019-10-24,91.55999755859376,91.56999969482422,91.55999755859376,91.56999969482422,77.0572509765625,734400
2019-10-25,91.55999755859376,91.56999969482422,91.55999755859376,91.56999969482422,77.0572509765625,857300
2019-10-28,91.56999969482422,91.56999969482422,91.55999755859376,91.55999755859376,77.04878997802734,1936500
2019-10-29,91.56999969482422,91.58000183105467,91.56999969482422,91.58000183105467,77.06564331054688,486100
2019-10-30,91.58000183105467,91.58999633789062,91.56999969482422,91.58999633789062,77.07405853271484,1025500
2019-10-31,91.58999633789062,91.5999984741211,91.58999633789062,91.5999984741211,77.08247375488281,1240700
2019-11-01,91.45999908447266,91.47000122070312,91.45999908447266,91.45999908447266,77.08164978027344,5615400
2019-11-04,91.45999908447266,91.47000122070312,91.45999908447266,91.47000122070312,77.09007263183594,2305900
2019-11-05,91.45999908447266,91.47000122070312,91.45999908447266,91.45999908447266,77.08164978027344,1253400
2019-11-06,91.47000122070312,91.4800033569336,91.47000122070312,91.47000122070312,77.09007263183594,1095800
2019-11-07,91.4800033569336,91.48999786376952,91.4800033569336,91.48999786376952,77.10690307617188,1334700
2019-11-08,91.48999786376952,91.48999786376952,91.4800033569336,91.48999786376952,77.10690307617188,727700
2019-11-11,91.48999786376952,91.48999786376952,91.4800033569336,91.48999786376952,77.10690307617188,464600
2019-11-12,91.5,91.5,91.48999786376952,91.5,77.1153564453125,1818400
2019-11-13,91.5,91.5,91.48999786376952,91.5,77.1153564453125,1170700
2019-11-14,91.5,91.51000213623048,91.5,91.51000213623048,77.123779296875,3100000
2019-11-15,91.51000213623048,91.51000213623048,91.5,91.5,77.1153564453125,2225800
2019-11-18,91.51000213623048,91.5199966430664,91.51000213623048,91.5199966430664,77.13216400146484,1610600
2019-11-19,91.5199966430664,91.5199966430664,91.51000213623048,91.51000213623048,77.123779296875,928000
2019-11-20,91.5199966430664,91.5199966430664,91.51000213623048,91.5199966430664,77.13216400146484,2396400
2019-11-21,91.52999877929688,91.52999877929688,91.5199966430664,91.5199966430664,77.13216400146484,975300
2019-11-22,91.52999877929688,91.54000091552734,91.52999877929688,91.52999877929688,77.1406021118164,1197900
2019-11-25,91.54000091552734,91.54000091552734,91.52999877929688,91.52999877929688,77.1406021118164,955100
2019-11-26,91.54000091552734,91.5500030517578,91.54000091552734,91.54000091552734,77.14904022216797,952000
2019-11-27,91.5500030517578,91.55999755859376,91.5500030517578,91.55999755859376,77.16590118408203,775900
2019-11-29,91.5500030517578,91.55999755859376,91.5500030517578,91.55999755859376,77.16590118408203,687500
2019-12-02,91.44000244140624,91.4499969482422,91.44000244140624,91.4499969482422,77.17182922363281,985300
2019-12-03,91.4499969482422,91.4499969482422,91.44000244140624,91.44000244140624,77.16340637207031,2002400
2019-12-04,91.4499969482422,91.45999908447266,91.4499969482422,91.4499969482422,77.17182922363281,1008000
2019-12-05,91.47000122070312,91.47000122070312,91.45999908447266,91.47000122070312,77.1886978149414,866100
2019-12-06,91.45999908447266,91.47000122070312,91.45999908447266,91.47000122070312,77.1886978149414,1171300
2019-12-09,91.47000122070312,91.4800033569336,91.47000122070312,91.4800033569336,77.19712829589844,776200
2019-12-10,91.4800033569336,91.4800033569336,91.47000122070312,91.4800033569336,77.19712829589844,1040700
2019-12-11,91.4800033569336,91.4800033569336,91.47000122070312,91.4800033569336,77.19712829589844,1288600
2019-12-12,91.5,91.5,91.48999786376952,91.5,77.2140121459961,601800
2019-12-13,91.48999786376952,91.5,91.4800033569336,91.4800033569336,77.19712829589844,753100
2019-12-16,91.48999786376952,91.5,91.48999786376952,91.5,77.2140121459961,702700
2019-12-17,91.5,91.51000213623048,91.48999786376952,91.48999786376952,77.2055435180664,2353000
2019-12-18,91.51000213623048,91.51000213623048,91.5,91.51000213623048,77.22247314453125,1059900
2019-12-19,91.51000213623048,91.5199966430664,91.51000213623048,91.5199966430664,77.23088073730469,1412900
2019-12-20,91.41000366210938,91.41000366210938,91.4000015258789,91.41000366210938,77.235107421875,1375800
2019-12-23,91.4000015258789,91.41000366210938,91.4000015258789,91.41000366210938,77.235107421875,2846500
2019-12-24,91.41999816894533,91.41999816894533,91.41000366210938,91.41999816894533,77.24359893798828,1042700
2019-12-26,91.41000366210938,91.43000030517578,91.41000366210938,91.43000030517578,77.25202178955078,956200
2019-12-27,91.41999816894533,91.43000030517578,91.41999816894533,91.41999816894533,77.24359893798828,1325600
2019-12-30,91.44000244140624,91.44000244140624,91.43000030517578,91.43000030517578,77.25202178955078,1381300
2019-12-31,91.4499969482422,91.4499969482422,91.43000030517578,91.43000030517578,77.25202178955078,1406200
2020-01-02,91.4499969482422,91.45999908447266,91.44000244140624,91.45999908447266,77.27735900878906,3167200
2020-01-03,91.45999908447266,91.45999908447266,91.4499969482422,91.45999908447266,77.27735900878906,853200
2020-01-06,91.45999908447266,91.47000122070312,91.4499969482422,91.4499969482422,77.2689208984375,2471900
2020-01-07,91.45999908447266,91.45999908447266,91.4499969482422,91.4499969482422,77.2689208984375,1267300
2020-01-08,91.45999908447266,91.47000122070312,91.45999908447266,91.47000122070312,77.28580474853516,1286100
2020-01-09,91.4800033569336,91.4800033569336,91.47000122070312,91.4800033569336,77.29426574707031,984300
2020-01-10,91.47000122070312,91.4800033569336,91.47000122070312,91.4800033569336,77.29426574707031,1137100
2020-01-13,91.4800033569336,91.4800033569336,91.47000122070312,91.4800033569336,77.29426574707031,1459100
2020-01-14,91.4800033569336,91.48999786376952,91.4800033569336,91.4800033569336,77.29426574707031,1055400
2020-01-15,91.48999786376952,91.48999786376952,91.4800033569336,91.48999786376952,77.30270385742188,862300
2020-01-16,91.48999786376952,91.51000213623048,91.48999786376952,91.51000213623048,77.31964874267578,1104100
2020-01-17,91.51000213623048,91.51000213623048,91.5,91.5,77.31114959716797,1323200
2020-01-21,91.51000213623048,91.51000213623048,91.5,91.51000213623048,77.31964874267578,3170700
2020-01-22,91.51000213623048,91.51000213623048,91.5,91.51000213623048,77.31964874267578,1156800
2020-01-23,91.5199966430664,91.52999877929688,91.5199966430664,91.5199966430664,77.32804107666016,893000
2020-01-24,91.52999877929688,91.52999877929688,91.5199966430664,91.5199966430664,77.32804107666016,1243700
2020-01-27,91.5199966430664,91.52999877929688,91.5199966430664,91.52999877929688,77.33649444580078,1463500
2020-01-28,91.52999877929688,91.54000091552734,91.52999877929688,91.52999877929688,77.33649444580078,1708000
2020-01-29,91.52999877929688,91.54000091552734,91.52999877929688,91.54000091552734,77.3449478149414,845200
2020-01-30,91.54000091552734,91.5500030517578,91.54000091552734,91.54000091552734,77.3449478149414,787300
2020-01-31,91.5500030517578,91.5500030517578,91.54000091552734,91.54000091552734,77.3449478149414,1760700
2020-02-03,91.4499969482422,91.4499969482422,91.44000244140624,91.44000244140624,77.35176086425781,1826500
2020-02-04,91.4499969482422,91.4499969482422,91.44000244140624,91.44000244140624,77.35176086425781,1013700
2020-02-05,91.4499969482422,91.45999908447266,91.44000244140624,91.45999908447266,77.3686752319336,1015900
2020-02-06,91.45999908447266,91.47000122070312,91.45999908447266,91.47000122070312,77.37709045410156,1156000
2020-02-07,91.47000122070312,91.47000122070312,91.45999908447266,91.47000122070312,77.37709045410156,873000
2020-02-10,91.47000122070312,91.4800033569336,91.45999908447266,91.45999908447266,77.3686752319336,635800
2020-02-11,91.45999908447266,91.47000122070312,91.45999908447266,91.47000122070312,77.37709045410156,1152900
2020-02-12,91.47000122070312,91.4800033569336,91.47000122070312,91.4800033569336,77.38556671142578,823600
2020-02-13,91.48999786376952,91.48999786376952,91.4800033569336,91.48999786376952,77.39400482177734,1231100
2020-02-14,91.5,91.5,91.4800033569336,91.48999786376952,77.39400482177734,1200800
2020-02-18,91.48999786376952,91.5,91.48999786376952,91.5,77.40247344970703,894900
2020-02-19,91.5,91.5,91.48999786376952,91.5,77.40247344970703,1327300
2020-02-20,91.51000213623048,91.51000213623048,91.5,91.5,77.40247344970703,2327900
2020-02-21,91.51000213623048,91.5199966430664,91.51000213623048,91.5199966430664,77.41938781738281,865100
2020-02-24,91.5199966430664,91.5199966430664,91.51000213623048,91.51000213623048,77.41096496582031,3162600
2020-02-25,91.5199966430664,91.5199966430664,91.51000213623048,91.51000213623048,77.41096496582031,4337200
2020-02-26,91.52999877929688,91.52999877929688,91.5199966430664,91.52999877929688,77.4278335571289,4843100
2020-02-27,91.52999877929688,91.5500030517578,91.52999877929688,91.5500030517578,77.44481658935547,7014300
2020-02-28,91.54000091552734,91.5500030517578,91.54000091552734,91.54000091552734,77.43631744384766,10079400
2020-03-02,91.45999908447266,91.4800033569336,91.45999908447266,91.47000122070312,77.45916748046875,8320700
2020-03-03,91.47000122070312,91.51000213623048,91.45999908447266,91.48999786376952,77.47611999511719,6196300
2020-03-04,91.51000213623048,91.52999877929688,91.5,91.52999877929688,77.50996398925781,7400300
2020-03-05,91.54000091552734,91.5500030517578,91.52999877929688,91.5500030517578,77.52693939208984,4722200
2020-03-06,91.54000091552734,91.56999969482422,91.54000091552734,91.5500030517578,77.52693939208984,4562200
2020-03-09,91.58000183105467,91.62999725341795,91.55999755859376,91.58999633789062,77.56078338623047,14089900
2020-03-10,91.56999969482422,91.61000061035156,91.55999755859376,91.56999969482422,77.54388427734375,10764300
2020-03-11,91.56999969482422,91.61000061035156,91.56999969482422,91.58999633789062,77.56078338623047,19939900
2020-03-12,91.56999969482422,95.97000122070312,91.56999969482422,91.5999984741211,77.56926727294922,20352200
2020-03-13,91.5999984741211,91.62999725341795,91.58999633789062,91.62000274658205,77.58621978759766,11069000
2020-03-16,91.63999938964844,91.63999938964844,91.5999984741211,91.62999725341795,77.59468078613281,11009100
2020-03-17,91.63999938964844,91.63999938964844,91.5999984741211,91.62999725341795,77.59468078613281,10016900
2020-03-18,91.6500015258789,91.66999816894533,91.62000274658205,91.6500015258789,77.61161041259766,11352300
2020-03-19,91.63999938964844,91.6500015258789,91.5999984741211,91.62999725341795,77.59468078613281,10002900
2020-03-20,91.62999725341795,91.66000366210938,91.62000274658205,91.66000366210938,77.6200942993164,14884700
2020-03-23,91.62000274658205,91.63999938964844,91.61000061035156,91.63999938964844,77.60316467285156,7880900
2020-03-24,91.62000274658205,91.63999938964844,91.58000183105467,91.63999938964844,77.60316467285156,7108400
2020-03-25,91.62999725341795,91.63999938964844,91.62000274658205,91.63999938964844,77.60316467285156,6265900
2020-03-26,91.62000274658205,91.63999938964844,91.62000274658205,91.63999938964844,77.60316467285156,5907600
2020-03-27,91.63999938964844,91.63999938964844,91.62000274658205,91.62000274658205,77.58621978759766,5413800
2020-03-30,91.62999725341795,91.62999725341795,91.62000274658205,91.62000274658205,77.58621978759766,4208600
2020-03-31,91.62999725341795,91.62999725341795,91.61000061035156,91.62999725341795,77.59468078613281,6837900
2020-04-01,91.58000183105467,91.58000183105467,91.55999755859376,91.56999969482422,77.5879135131836,3865800
2020-04-02,91.56999969482422,91.58000183105467,91.55999755859376,91.58000183105467,77.59637451171875,4489300
2020-04-03,91.55999755859376,91.56999969482422,91.5500030517578,91.5500030517578,77.57098388671875,4371000
2020-04-06,91.56999969482422,91.56999969482422,91.5500030517578,91.55999755859376,77.57941436767578,3804200
2020-04-07,91.56999969482422,91.56999969482422,91.54000091552734,91.54000091552734,77.56249237060547,4866200
2020-04-08,91.5500030517578,91.55999755859376,91.5500030517578,91.5500030517578,77.57098388671875,3326600
2020-04-09,91.5500030517578,91.55999755859376,91.52999877929688,91.52999877929688,77.5539779663086,7432700
2020-04-13,91.52999877929688,91.55999755859376,91.52999877929688,91.5500030517578,77.57098388671875,4806700
2020-04-14,91.52999877929688,91.55999755859376,91.52999877929688,91.55999755859376,77.57941436767578,7368800
2020-04-15,91.5500030517578,91.55999755859376,91.54000091552734,91.5500030517578,77.57098388671875,5840100
2020-04-16,91.5500030517578,91.55999755859376,91.54000091552734,91.54000091552734,77.56249237060547,5563300
2020-04-17,91.5500030517578,91.55999755859376,91.5500030517578,91.55999755859376,77.57941436767578,4217400
2020-04-20,91.55999755859376,91.55999755859376,91.5500030517578,91.5500030517578,77.57098388671875,5258700
2020-04-21,91.56999969482422,91.56999969482422,91.5500030517578,91.5500030517578,77.57098388671875,3527200
2020-04-22,91.55999755859376,91.55999755859376,91.5500030517578,91.5500030517578,77.57098388671875,2065200
2020-04-23,91.55999755859376,91.55999755859376,91.5500030517578,91.55999755859376,77.57941436767578,1928700
2020-04-24,91.55999755859376,91.55999755859376,91.5500030517578,91.5500030517578,77.57098388671875,1618100
2020-04-27,91.5500030517578,91.55999755859376,91.54000091552734,91.5500030517578,77.57098388671875,2244700
2020-04-28,91.55999755859376,91.55999755859376,91.5500030517578,91.5500030517578,77.57098388671875,2744800
2020-04-29,91.55999755859376,91.55999755859376,91.54000091552734,91.54000091552734,77.56249237060547,5313500
2020-04-30,91.54000091552734,91.55999755859376,91.54000091552734,91.55999755859376,77.57941436767578,7305600
2020-05-01,91.5500030517578,91.5500030517578,91.52999877929688,91.52999877929688,77.56584930419922,3710300
2020-05-04,91.5500030517578,91.5500030517578,91.52999877929688,91.52999877929688,77.56584930419922,5973500
2020-05-05,91.52999877929688,91.5500030517578,91.52999877929688,91.52999877929688,77.56584930419922,2949300
2020-05-06,91.5500030517578,91.5500030517578,91.52999877929688,91.54000091552734,77.57434844970703,1716300
2020-05-07,91.5500030517578,91.5500030517578,91.52999877929688,91.52999877929688,77.56584930419922,2271200
2020-05-08,91.52999877929688,91.5500030517578,91.52999877929688,91.52999877929688,77.56584930419922,3100700
2020-05-11,91.52999877929688,91.54000091552734,91.52999877929688,91.54000091552734,77.57434844970703,3903700
2020-05-12,91.52999877929688,91.54000091552734,91.52999877929688,91.54000091552734,77.57434844970703,3110500
2020-05-13,91.54000091552734,91.54000091552734,91.52999877929688,91.54000091552734,77.57434844970703,3524800
2020-05-14,91.54000091552734,91.5500030517578,91.52999877929688,91.5500030517578,77.58283233642578,4505200
2020-05-15,91.54000091552734,91.54000091552734,91.52999877929688,91.52999877929688,77.56584930419922,2361800
2020-05-18,91.52999877929688,91.54000091552734,91.52999877929688,91.52999877929688,77.56584930419922,2297500
2020-05-19,91.54000091552734,91.54000091552734,91.52999877929688,91.52999877929688,77.56584930419922,6505800
2020-05-20,91.54000091552734,91.54000091552734,91.52999877929688,91.52999877929688,77.56584930419922,1722400
2020-05-21,91.52999877929688,91.54000091552734,91.52999877929688,91.54000091552734,77.57434844970703,2400900
2020-05-22,91.54000091552734,91.54000091552734,91.52999877929688,91.52999877929688,77.56584930419922,1935600
2020-05-26,91.54000091552734,91.54000091552734,91.52999877929688,91.54000091552734,77.57434844970703,4214200
2020-05-27,91.52999877929688,91.54000091552734,91.52999877929688,91.52999877929688,77.56584930419922,3887400
2020-05-28,91.52999877929688,91.54000091552734,91.52999877929688,91.52999877929688,77.56584930419922,5061200
2020-05-29,91.52999877929688,91.54000091552734,91.52999877929688,91.52999877929688,77.56584930419922,3714600
2020-06-01,91.52999877929688,91.54000091552734,91.51000213623048,91.54000091552734,77.57434844970703,2919600
2020-06-02,91.54000091552734,91.54000091552734,91.52999877929688,91.54000091552734,77.57434844970703,4644600
2020-06-03,91.52999877929688,91.54000091552734,91.5199966430664,91.54000091552734,77.57434844970703,5447700
2020-06-04,91.54000091552734,91.54000091552734,91.52999877929688,91.54000091552734,77.57434844970703,3574600
2020-06-05,91.52999877929688,91.54000091552734,91.5199966430664,91.5199966430664,77.55738067626953,4808800
2020-06-08,91.54000091552734,91.54000091552734,91.5199966430664,91.52999877929688,77.56584930419922,3937200
2020-06-09,91.52999877929688,91.54000091552734,91.5199966430664,91.52999877929688,77.56584930419922,8989100
2020-06-10,91.5199966430664,91.54000091552734,91.5199966430664,91.54000091552734,77.57434844970703,3090200
2020-06-11,91.52999877929688,91.54000091552734,91.5199966430664,91.5199966430664,77.55738067626953,10544900
2020-06-12,91.54000091552734,91.54000091552734,91.5199966430664,91.54000091552734,77.57434844970703,8819400
2020-06-15,91.54000091552734,91.54000091552734,91.52999877929688,91.54000091552734,77.57434844970703,3391500
2020-06-16,91.52999877929688,91.54000091552734,91.5199966430664,91.54000091552734,77.57434844970703,2413600
2020-06-17,91.52999877929688,91.54000091552734,91.5199966430664,91.54000091552734,77.57434844970703,3992000
2020-06-18,91.54000091552734,91.54000091552734,91.52999877929688,91.52999877929688,77.56584930419922,1837800
2020-06-19,91.52999877929688,91.54000091552734,91.52999877929688,91.52999877929688,77.56584930419922,3115500
2020-06-22,91.52999877929688,91.54000091552734,91.52999877929688,91.52999877929688,77.56584930419922,3091900
2020-06-23,91.52999877929688,91.54000091552734,91.52999877929688,91.52999877929688,77.56584930419922,2898000
2020-06-24,91.52999877929688,91.54000091552734,91.52999877929688,91.52999877929688,77.56584930419922,3779000
2020-06-25,91.52999877929688,91.54000091552734,91.52999877929688,91.54000091552734,77.57434844970703,1767500
2020-06-26,91.52999877929688,91.54000091552734,91.52999877929688,91.52999877929688,77.56584930419922,1350100
2020-06-29,91.52999877929688,91.54000091552734,91.52999877929688,91.52999877929688,77.56584930419922,2431500
2020-06-30,91.52999877929688,91.54000091552734,91.52999877929688,91.52999877929688,77.56584930419922,3381100
2020-07-01,91.52999877929688,91.54000091552734,91.5199966430664,91.52999877929688,77.56584930419922,3160000
2020-07-02,91.54000091552734,91.54000091552734,91.52999877929688,91.54000091552734,77.57434844970703,2639700
2020-07-06,91.52999877929688,91.54000091552734,91.52999877929688,91.52999877929688,77.56584930419922,4064700
2020-07-07,91.52999877929688,91.54000091552734,91.52999877929688,91.52999877929688,77.56584930419922,2092700
2020-07-08,91.54000091552734,91.54000091552734,91.52999877929688,91.52999877929688,77.56584930419922,4376800
2020-07-09,91.52999877929688,91.54000091552734,91.52999877929688,91.52999877929688,77.56584930419922,1516600
2020-07-10,91.54000091552734,91.54000091552734,91.52999877929688,91.54000091552734,77.57434844970703,1241800
2020-07-13,91.52999877929688,91.54000091552734,91.52999877929688,91.54000091552734,77.57434844970703,2126500
2020-07-14,91.54000091552734,91.54000091552734,91.52999877929688,91.54000091552734,77.57434844970703,1326000
2020-07-15,91.52999877929688,91.54000091552734,91.52999877929688,91.54000091552734,77.57434844970703,2793100
2020-07-16,91.54000091552734,91.54000091552734,91.5199966430664,91.52999877929688,77.56584930419922,2395500
2020-07-17,91.52999877929688,91.54000091552734,91.52999877929688,91.54000091552734,77.57434844970703,2551400
2020-07-20,91.54000091552734,91.54000091552734,91.52999877929688,91.54000091552734,77.57434844970703,1276700
2020-07-21,91.54000091552734,91.54000091552734,91.52999877929688,91.54000091552734,77.57434844970703,1882700
2020-07-22,91.52999877929688,91.54000091552734,91.52999877929688,91.52999877929688,77.56584930419922,1479200
2020-07-23,91.52999877929688,91.54000091552734,91.52999877929688,91.54000091552734,77.57434844970703,1118300
2020-07-24,91.54000091552734,91.54000091552734,91.52999877929688,91.52999877929688,77.56584930419922,1009900
2020-07-27,91.52999877929688,91.54000091552734,91.52999877929688,91.52999877929688,77.56584930419922,1412400
2020-07-28,91.52999877929688,91.54000091552734,91.52999877929688,91.54000091552734,77.57434844970703,2012800
2020-07-29,91.52999877929688,91.54000091552734,91.52999877929688,91.54000091552734,77.57434844970703,1418100
2020-07-30,91.54000091552734,91.54000091552734,91.52999877929688,91.52999877929688,77.56584930419922,2403300
2020-07-31,91.52999877929688,91.54000091552734,91.52999877929688,91.54000091552734,77.57434844970703,1099800
2020-08-03,91.52999877929688,91.5500030517578,91.52999877929688,91.52999877929688,77.56584930419922,1564800
2020-08-04,91.54000091552734,91.54000091552734,91.52999877929688,91.54000091552734,77.57434844970703,1654700
2020-08-05,91.52999877929688,91.54000091552734,91.52999877929688,91.52999877929688,77.56584930419922,1980000
2020-08-06,91.52999877929688,91.54000091552734,91.52999877929688,91.52999877929688,77.56584930419922,1591300
2020-08-07,91.54000091552734,91.54000091552734,91.52999877929688,91.54000091552734,77.57434844970703,2105100
2020-08-10,91.52999877929688,91.54000091552734,91.52999877929688,91.54000091552734,77.57434844970703,887500
2020-08-11,91.52999877929688,91.54000091552734,91.52999877929688,91.52999877929688,77.56584930419922,1734100
2020-08-12,91.52999877929688,91.54000091552734,91.52999877929688,91.52999877929688,77.56584930419922,2876300
2020-08-13,91.54000091552734,91.54000091552734,91.52999877929688,91.54000091552734,77.57434844970703,2350800
2020-08-14,91.52999877929688,91.54000091552734,91.52999877929688,91.52999877929688,77.56584930419922,1206000
2020-08-17,91.54000091552734,91.5500030517578,91.52999877929688,91.52999877929688,77.56584930419922,2250100
2020-08-18,91.54000091552734,91.54000091552734,91.52999877929688,91.54000091552734,77.57434844970703,3536200
2020-08-19,91.54000091552734,91.54000091552734,91.52999877929688,91.54000091552734,77.57434844970703,1785500
2020-08-20,91.52999877929688,91.54000091552734,91.52999877929688,91.54000091552734,77.57434844970703,1091000
2020-08-21,91.54000091552734,91.54000091552734,91.52999877929688,91.54000091552734,77.57434844970703,1877100
2020-08-24,91.52999877929688,91.54000091552734,91.52999877929688,91.54000091552734,77.57434844970703,1276800
2020-08-25,91.52999877929688,91.54000091552734,91.52999877929688,91.52999877929688,77.56584930419922,1318300
2020-08-26,91.52999877929688,91.54000091552734,91.52999877929688,91.52999877929688,77.56584930419922,1058400
2020-08-27,91.52999877929688,91.54000091552734,91.52999877929688,91.52999877929688,77.56584930419922,1314500
2020-08-28,91.52999877929688,91.54000091552734,91.52999877929688,91.54000091552734,77.57434844970703,1023000
2020-08-31,91.52999877929688,91.54000091552734,91.52999877929688,91.54000091552734,77.57434844970703,1467200
2020-09-01,91.54000091552734,91.54000091552734,91.5199966430664,91.54000091552734,77.57434844970703,1091500
2020-09-02,91.54000091552734,91.54000091552734,91.52999877929688,91.54000091552734,77.57434844970703,1550000
2020-09-03,91.54000091552734,91.54000091552734,91.52999877929688,91.52999877929688,77.56584930419922,1942600
2020-09-04,91.52999877929688,91.54000091552734,91.52999877929688,91.54000091552734,77.57434844970703,1946100
2020-09-08,91.52999877929688,91.54000091552734,91.5199966430664,91.54000091552734,77.57434844970703,3647900
2020-09-09,91.54000091552734,91.54000091552734,91.52999877929688,91.52999877929688,77.56584930419922,2260900
2020-09-10,91.52999877929688,91.54000091552734,91.52999877929688,91.52999877929688,77.56584930419922,1667000
2020-09-11,91.54000091552734,91.54000091552734,91.5199966430664,91.5199966430664,77.55738067626953,1213400
2020-09-14,91.52999877929688,91.54000091552734,91.5199966430664,91.54000091552734,77.57434844970703,2103900
2020-09-15,91.52999877929688,91.52999877929688,91.5199966430664,91.5199966430664,77.55738067626953,1512900
2020-09-16,91.5199966430664,91.54000091552734,91.5199966430664,91.54000091552734,77.57434844970703,1248300
2020-09-17,91.52999877929688,91.54000091552734,91.5199966430664,91.54000091552734,77.57434844970703,2402500
2020-09-18,91.52999877929688,91.54000091552734,91.5199966430664,91.5199966430664,77.55738067626953,841400
2020-09-21,91.5199966430664,91.54000091552734,91.5199966430664,91.5199966430664,77.55738067626953,1605700
2020-09-22,91.54000091552734,91.54000091552734,91.5199966430664,91.5199966430664,77.55738067626953,1571600
2020-09-23,91.52999877929688,91.54000091552734,91.5199966430664,91.5199966430664,77.55738067626953,2503300
2020-09-24,91.52999877929688,91.54000091552734,91.52999877929688,91.52999877929688,77.56584930419922,2325600
2020-09-25,91.52999877929688,91.54000091552734,91.5199966430664,91.5199966430664,77.55738067626953,1971200
2020-09-28,91.52999877929688,91.54000091552734,91.5199966430664,91.52999877929688,77.56584930419922,4095200
2020-09-29,91.5199966430664,91.52999877929688,91.5199966430664,91.52999877929688,77.56584930419922,2004100
2020-09-30,91.52999877929688,91.52999877929688,91.5199966430664,91.5199966430664,77.55738067626953,2507800
2020-10-01,91.5199966430664,91.54000091552734,91.51000213623048,91.5199966430664,77.55738067626953,1030700
2020-10-02,91.52999877929688,91.52999877929688,91.5199966430664,91.5199966430664,77.55738067626953,2053700
2020-10-05,91.52999877929688,91.52999877929688,91.5199966430664,91.5199966430664,77.55738067626953,1286100
2020-10-06,91.5199966430664,91.52999877929688,91.5199966430664,91.52999877929688,77.56584930419922,2457600
2020-10-07,91.5199966430664,91.52999877929688,91.5199966430664,91.5199966430664,77.55738067626953,945100
2020-10-08,91.5199966430664,91.52999877929688,91.5199966430664,91.5199966430664,77.55738067626953,832100
2020-10-09,91.5199966430664,91.52999877929688,91.5199966430664,91.5199966430664,77.55738067626953,965400
2020-10-12,91.5199966430664,91.52999877929688,91.5199966430664,91.52999877929688,77.56584930419922,2242500
2020-10-13,91.52999877929688,91.52999877929688,91.5199966430664,91.5199966430664,77.55738067626953,1903900
2020-10-14,91.5199966430664,91.52999877929688,91.5199966430664,91.5199966430664,77.55738067626953,1505200
2020-10-15,91.52999877929688,91.52999877929688,91.5199966430664,91.5199966430664,77.55738067626953,1188800
2020-10-16,91.52999877929688,91.52999877929688,91.5199966430664,91.52999877929688,77.56584930419922,1251400
2020-10-19,91.52999877929688,91.52999877929688,91.5199966430664,91.52999877929688,77.56584930419922,788900
2020-10-20,91.5199966430664,91.52999877929688,91.5199966430664,91.5199966430664,77.55738067626953,1401400
2020-10-21,91.5199966430664,91.52999877929688,91.5199966430664,91.5199966430664,77.55738067626953,1065100
2020-10-22,91.5199966430664,91.52999877929688,91.5199966430664,91.52999877929688,77.56584930419922,926900
2020-10-23,91.52999877929688,91.52999877929688,91.5199966430664,91.52999877929688,77.56584930419922,995700
2020-10-26,91.5199966430664,91.52999877929688,91.5199966430664,91.52999877929688,77.56584930419922,3162400
2020-10-27,91.5199966430664,91.52999877929688,91.5199966430664,91.5199966430664,77.55738067626953,1034700
2020-10-28,91.52999877929688,91.52999877929688,91.5199966430664,91.5199966430664,77.55738067626953,2147600
2020-10-29,91.5199966430664,91.52999877929688,91.5199966430664,91.52999877929688,77.56584930419922,2664200
2020-10-30,91.52999877929688,91.52999877929688,91.5199966430664,91.52999877929688,77.56584930419922,2486300
2020-11-02,91.5199966430664,91.52999877929688,91.5199966430664,91.52999877929688,77.56584930419922,1380500
2020-11-03,91.5199966430664,91.52999877929688,91.5199966430664,91.52999877929688,77.56584930419922,920100
2020-11-04,91.52999877929688,91.52999877929688,91.5199966430664,91.5199966430664,77.55738067626953,2331100
2020-11-05,91.5199966430664,91.52999877929688,91.5199966430664,91.52999877929688,77.56584930419922,2171400
2020-11-06,91.52999877929688,91.52999877929688,91.5199966430664,91.5199966430664,77.55738067626953,1638900
2020-11-09,91.52999877929688,91.52999877929688,91.5199966430664,91.52999877929688,77.56584930419922,3195700
2020-11-10,91.5199966430664,91.52999877929688,91.5199966430664,91.5199966430664,77.55738067626953,2775700
2020-11-11,91.5199966430664,91.52999877929688,91.5199966430664,91.5199966430664,77.55738067626953,960500
2020-11-12,91.52999877929688,91.52999877929688,91.5199966430664,91.5199966430664,77.55738067626953,1124800
2020-11-13,91.5199966430664,91.52999877929688,91.5199966430664,91.52999877929688,77.56584930419922,1039100
2020-11-16,91.5199966430664,91.52999877929688,91.5199966430664,91.52999877929688,77.56584930419922,1092400
2020-11-17,91.5199966430664,91.52999877929688,91.5199966430664,91.52999877929688,77.56584930419922,1679100
2020-11-18,91.52999877929688,91.52999877929688,91.5199966430664,91.52999877929688,77.56584930419922,2600200
2020-11-19,91.52999877929688,91.52999877929688,91.5199966430664,91.52999877929688,77.56584930419922,1110400
2020-11-20,91.5199966430664,91.52999877929688,91.5199966430664,91.52999877929688,77.56584930419922,896200
2020-11-23,91.52999877929688,91.52999877929688,91.5199966430664,91.52999877929688,77.56584930419922,1082400
2020-11-24,91.5199966430664,91.52999877929688,91.5199966430664,91.52999877929688,77.56584930419922,2147000
2020-11-25,91.5199966430664,91.52999877929688,91.5199966430664,91.5199966430664,77.55738067626953,991600
2020-11-27,91.5199966430664,91.52999877929688,91.5199966430664,91.52999877929688,77.56584930419922,525100
2020-11-30,91.5199966430664,91.52999877929688,91.5199966430664,91.5199966430664,77.55738067626953,1224500
2020-12-01,91.51000213623048,91.52999877929688,91.51000213623048,91.51000213623048,77.55147552490234,2887900
2020-12-02,91.51000213623048,91.52999877929688,91.51000213623048,91.5199966430664,77.5599365234375,3397400
2020-12-03,91.5199966430664,91.52999877929688,91.5199966430664,91.5199966430664,77.5599365234375,1342700
2020-12-04,91.5199966430664,91.52999877929688,91.5199966430664,91.52999877929688,77.56838989257812,1283000
2020-12-07,91.5199966430664,91.52999877929688,91.51000213623048,91.51000213623048,77.55147552490234,1714900
2020-12-08,91.51000213623048,91.52999877929688,91.51000213623048,91.51000213623048,77.55147552490234,2136200
2020-12-09,91.5199966430664,91.5199966430664,91.51000213623048,91.51000213623048,77.55147552490234,2411300
2020-12-10,91.5199966430664,91.5199966430664,91.51000213623048,91.51000213623048,77.55147552490234,802800
2020-12-11,91.51000213623048,91.5199966430664,91.51000213623048,91.5199966430664,77.5599365234375,807400
2020-12-14,91.51000213623048,91.5199966430664,91.51000213623048,91.51000213623048,77.55147552490234,1270300
2020-12-15,91.51000213623048,91.5199966430664,91.51000213623048,91.51000213623048,77.55147552490234,1235300
2020-12-16,91.51000213623048,91.5199966430664,91.51000213623048,91.5199966430664,77.5599365234375,1036600
2020-12-17,91.51000213623048,91.5199966430664,91.51000213623048,91.5199966430664,77.5599365234375,1051500
2020-12-18,91.5199966430664,91.5199966430664,91.51000213623048,91.5199966430664,77.5599365234375,1041400
2020-12-21,91.51000213623048,91.5199966430664,91.51000213623048,91.5199966430664,77.5599365234375,1352900
2020-12-22,91.5199966430664,91.5199966430664,91.51000213623048,91.5199966430664,77.5599365234375,1140800
2020-12-23,91.51000213623048,91.5199966430664,91.51000213623048,91.51000213623048,77.55147552490234,1066100
2020-12-24,91.5199966430664,91.5199966430664,91.51000213623048,91.5199966430664,77.5599365234375,580500
2020-12-28,91.51000213623048,91.5199966430664,91.51000213623048,91.5199966430664,77.5599365234375,794600
2020-12-29,91.5199966430664,91.5199966430664,91.51000213623048,91.5199966430664,77.5599365234375,1590400
2020-12-30,91.51000213623048,91.5199966430664,91.51000213623048,91.51000213623048,77.55147552490234,1219400
2020-12-31,91.51000213623048,91.5199966430664,91.51000213623048,91.5199966430664,77.5599365234375,1343900
2021-01-04,91.5199966430664,91.5199966430664,91.51000213623048,91.5199966430664,77.5599365234375,1588000
2021-01-05,91.51000213623048,91.5199966430664,91.51000213623048,91.51000213623048,77.55147552490234,940300
2021-01-06,91.51000213623048,91.5199966430664,91.51000213623048,91.5199966430664,77.5599365234375,1710800
2021-01-07,91.51000213623048,91.5199966430664,91.51000213623048,91.5199966430664,77.5599365234375,1249400
2021-01-08,91.51000213623048,91.5199966430664,91.51000213623048,91.51000213623048,77.55147552490234,1767600
2021-01-11,91.51000213623048,91.5199966430664,91.51000213623048,91.5199966430664,77.5599365234375,1128800
2021-01-12,91.5199966430664,91.5199966430664,91.51000213623048,91.51000213623048,77.55147552490234,6770200
2021-01-13,91.51000213623048,91.5199966430664,91.51000213623048,91.51000213623048,77.55147552490234,3257300
2021-01-14,91.51000213623048,91.5199966430664,91.51000213623048,91.5199966430664,77.5599365234375,2009300
2021-01-15,91.51000213623048,91.5199966430664,91.51000213623048,91.5199966430664,77.5599365234375,2250400
2021-01-19,91.51000213623048,91.5199966430664,91.51000213623048,91.5199966430664,77.5599365234375,1974300
2021-01-20,91.51000213623048,91.5199966430664,91.51000213623048,91.5199966430664,77.5599365234375,641900
2021-01-21,91.51000213623048,91.5199966430664,91.51000213623048,91.5199966430664,77.5599365234375,867000
2021-01-22,91.51000213623048,91.5199966430664,91.51000213623048,91.51000213623048,77.55147552490234,780900
2021-01-25,91.51000213623048,91.5199966430664,91.51000213623048,91.5199966430664,77.5599365234375,921400
2021-01-26,91.51000213623048,91.5199966430664,91.51000213623048,91.51000213623048,77.55147552490234,1878400
2021-01-27,91.5199966430664,91.5199966430664,91.51000213623048,91.51000213623048,77.55147552490234,1615100
2021-01-28,91.51000213623048,91.5199966430664,91.51000213623048,91.5199966430664,77.5599365234375,1965600
2021-01-29,91.51000213623048,91.5199966430664,91.51000213623048,91.5199966430664,77.5599365234375,3702300
2021-02-01,91.5199966430664,91.52999877929688,91.51000213623048,91.5199966430664,77.5599365234375,1563000
2021-02-02,91.51000213623048,91.5199966430664,91.51000213623048,91.51000213623048,77.55147552490234,1099500
2021-02-03,91.5199966430664,91.5199966430664,91.51000213623048,91.51000213623048,77.55147552490234,1207900
2021-02-04,91.51000213623048,91.5199966430664,91.51000213623048,91.5199966430664,77.5599365234375,944000
2021-02-05,91.5199966430664,91.5199966430664,91.51000213623048,91.5199966430664,77.5599365234375,726400
2021-02-08,91.51000213623048,91.5199966430664,91.51000213623048,91.5199966430664,77.5599365234375,1505100
2021-02-09,91.51000213623048,91.5199966430664,91.51000213623048,91.5199966430664,77.5599365234375,1270000
2021-02-10,91.5199966430664,91.5199966430664,91.51000213623048,91.51000213623048,77.55147552490234,1424400
2021-02-11,91.51000213623048,91.5199966430664,91.51000213623048,91.5199966430664,77.5599365234375,696900
2021-02-12,91.51000213623048,91.5199966430664,91.51000213623048,91.51000213623048,77.55147552490234,900900
2021-02-16,91.51000213623048,91.5199966430664,91.51000213623048,91.5199966430664,77.5599365234375,1026200
2021-02-17,91.51000213623048,91.5199966430664,91.51000213623048,91.5199966430664,77.5599365234375,781400
2021-02-18,91.51000213623048,91.5199966430664,91.51000213623048,91.51000213623048,77.55147552490234,1406500
2021-02-19,91.51000213623048,91.5199966430664,91.51000213623048,91.5199966430664,77.5599365234375,805200
2021-02-22,91.51000213623048,91.5199966430664,91.51000213623048,91.51000213623048,77.55147552490234,1284500
2021-02-23,91.51000213623048,91.5199966430664,91.51000213623048,91.51000213623048,77.55147552490234,1169800
2021-02-24,91.51000213623048,91.51000213623048,91.5,91.5,77.54297637939453,861500
2021-02-25,91.5,91.51000213623048,91.5,91.51000213623048,77.55147552490234,1371000
2021-02-26,91.51000213623048,91.51000213623048,91.5,91.51000213623048,77.55147552490234,1971100
2021-03-01,91.51000213623048,91.51000213623048,91.5,91.5,77.54297637939453,1287100
2021-03-02,91.51000213623048,91.51000213623048,91.5,91.5,77.54297637939453,1588400
2021-03-03,91.5,91.51000213623048,91.5,91.51000213623048,77.55147552490234,1801400
2021-03-04,91.51000213623048,91.51000213623048,91.5,91.51000213623048,77.55147552490234,1452400
2021-03-05,91.5,91.51000213623048,91.5,91.51000213623048,77.55147552490234,1249000
2021-03-08,91.5,91.51000213623048,91.5,91.5,77.54297637939453,1075500
2021-03-09,91.5,91.51000213623048,91.5,91.5,77.54297637939453,1518600
2021-03-10,91.5,91.51000213623048,91.5,91.5,77.54297637939453,1100600
2021-03-11,91.5,91.51000213623048,91.5,91.51000213623048,77.55147552490234,659400
2021-03-12,91.5,91.51000213623048,91.5,91.5,77.54297637939453,737700
2021-03-15,91.5,91.51000213623048,91.5,91.5,77.54297637939453,976300
2021-03-16,91.5,91.51000213623048,91.5,91.5,77.54297637939453,1145000
2021-03-17,91.5,91.51000213623048,91.5,91.51000213623048,77.55147552490234,1021500
2021-03-18,91.5,91.51000213623048,91.5,91.5,77.54297637939453,955600
2021-03-19,91.51000213623048,91.51000213623048,91.5,91.5,77.54297637939453,704300
2021-03-22,91.5,91.51000213623048,91.5,91.5,77.54297637939453,676600
2021-03-23,91.51000213623048,91.51000213623048,91.5,91.51000213623048,77.55147552490234,1691300
2021-03-24,91.5,91.51000213623048,91.5,91.5,77.54297637939453,510200
2021-03-25,91.5,91.51000213623048,91.5,91.5,77.54297637939453,1224000
2021-03-26,91.5,91.51000213623048,91.5,91.5,77.54297637939453,797900
2021-03-29,91.5,91.51000213623048,91.5,91.5,77.54297637939453,925500
2021-03-30,91.5,91.51000213623048,91.5,91.51000213623048,77.55147552490234,606500
2021-03-31,91.5,91.51000213623048,91.5,91.5,77.54297637939453,882400
2021-04-01,91.51000213623048,91.51000213623048,91.48999786376952,91.51000213623048,77.55147552490234,2289200
2021-04-05,91.5,91.5,91.48999786376952,91.5,77.54297637939453,1014800
2021-04-06,91.48999786376952,91.5,91.48999786376952,91.48999786376952,77.53450012207031,672100
2021-04-07,91.5,91.5,91.48999786376952,91.48999786376952,77.53450012207031,1039700
2021-04-08,91.48999786376952,91.5,91.48999786376952,91.5,77.54297637939453,2910500
2021-04-09,91.48999786376952,91.5,91.48999786376952,91.48999786376952,77.53450012207031,735800
2021-04-12,91.48999786376952,91.5,91.48999786376952,91.48999786376952,77.53450012207031,866900
2021-04-13,91.5,91.5,91.48999786376952,91.48999786376952,77.53450012207031,2840800
2021-04-14,91.48999786376952,91.5,91.48999786376952,91.48999786376952,77.53450012207031,645200
2021-04-15,91.5,91.5,91.48999786376952,91.5,77.54297637939453,794100
2021-04-16,91.48999786376952,91.5,91.48999786376952,91.5,77.54297637939453,2055200
2021-04-19,91.48999786376952,91.5,91.48999786376952,91.48999786376952,77.53450012207031,754300
2021-04-20,91.48999786376952,91.5,91.48999786376952,91.48999786376952,77.53450012207031,1548600
2021-04-21,91.48999786376952,91.5,91.48999786376952,91.48999786376952,77.53450012207031,980000
2021-04-22,91.48999786376952,91.5,91.48999786376952,91.5,77.54297637939453,1226600
2021-04-23,91.5,91.5,91.48999786376952,91.5,77.54297637939453,495500
2021-04-26,91.48999786376952,91.5,91.48999786376952,91.48999786376952,77.53450012207031,1061300
2021-04-27,91.48999786376952,91.5,91.48999786376952,91.5,77.54297637939453,787900
2021-04-28,91.48999786376952,91.5,91.48999786376952,91.48999786376952,77.53450012207031,999200
2021-04-29,91.48999786376952,91.5,91.48999786376952,91.48999786376952,77.53450012207031,899800
2021-04-30,91.48999786376952,91.5,91.48999786376952,91.5,77.54297637939453,1064300
2021-05-03,91.48999786376952,91.5,91.48999786376952,91.5,77.54297637939453,1169100
2021-05-04,91.48999786376952,91.5,91.48999786376952,91.48999786376952,77.53450012207031,2178200
2021-05-05,91.48999786376952,91.5,91.48999786376952,91.5,77.54297637939453,553500
2021-05-06,91.48999786376952,91.5,91.48999786376952,91.5,77.54297637939453,1066600
2021-05-07,91.4800033569336,91.48999786376952,91.4800033569336,91.48999786376952,77.53450012207031,1829300
2021-05-10,91.4800033569336,91.48999786376952,91.4800033569336,91.48999786376952,77.53450012207031,723700
2021-05-11,91.4800033569336,91.48999786376952,91.4800033569336,91.48999786376952,77.53450012207031,1157100
2021-05-12,91.48999786376952,91.48999786376952,91.4800033569336,91.4800033569336,77.52603912353516,915700
2021-05-13,91.4800033569336,91.5,91.4800033569336,91.4800033569336,77.52603912353516,5954600
2021-05-14,91.4800033569336,91.48999786376952,91.4800033569336,91.4800033569336,77.52603912353516,1662900
2021-05-17,91.4800033569336,91.48999786376952,91.4800033569336,91.48999786376952,77.53450012207031,867100
2021-05-18,91.48999786376952,91.48999786376952,91.4800033569336,91.48999786376952,77.53450012207031,1047800
2021-05-19,91.4800033569336,91.48999786376952,91.4800033569336,91.4800033569336,77.52603912353516,1675300
2021-05-20,91.4800033569336,91.48999786376952,91.4800033569336,91.4800033569336,77.52603912353516,852400
2021-05-21,91.4800033569336,91.48999786376952,91.4800033569336,91.48999786376952,77.53450012207031,785900
2021-05-24,91.4800033569336,91.48999786376952,91.4800033569336,91.4800033569336,77.52603912353516,1014300
2021-05-25,91.4800033569336,91.48999786376952,91.4800033569336,91.4800033569336,77.52603912353516,686900
2021-05-26,91.48999786376952,91.48999786376952,91.4800033569336,91.4800033569336,77.52603912353516,998100
2021-05-27,91.4800033569336,91.48999786376952,91.4800033569336,91.48999786376952,77.53450012207031,675600
2021-05-28,91.4800033569336,91.48999786376952,91.4800033569336,91.48999786376952,77.53450012207031,927900
2021-06-01,91.4800033569336,91.48999786376952,91.4800033569336,91.4800033569336,77.52603912353516,1121200
2021-06-02,91.48999786376952,91.48999786376952,91.4800033569336,91.4800033569336,77.52603912353516,1752700
2021-06-03,91.4800033569336,91.48999786376952,91.4800033569336,91.4800033569336,77.52603912353516,517400
2021-06-04,91.4800033569336,91.48999786376952,91.4800033569336,91.48999786376952,77.53450012207031,962300
2021-06-07,91.4800033569336,91.48999786376952,91.47000122070312,91.47000122070312,77.5175552368164,983600
2021-06-08,91.47000122070312,91.4800033569336,91.47000122070312,91.47000122070312,77.5175552368164,833500
2021-06-09,91.4800033569336,91.4800033569336,91.47000122070312,91.47000122070312,77.5175552368164,1122600
2021-06-10,91.47000122070312,91.4800033569336,91.47000122070312,91.47000122070312,77.5175552368164,858000
2021-06-11,91.47000122070312,91.4800033569336,91.47000122070312,91.4800033569336,77.52603912353516,732300
2021-06-14,91.47000122070312,91.4800033569336,91.47000122070312,91.47000122070312,77.5175552368164,439100
2021-06-15,91.47000122070312,91.4800033569336,91.47000122070312,91.47000122070312,77.5175552368164,1008600
2021-06-16,91.47000122070312,91.4800033569336,91.47000122070312,91.4800033569336,77.52603912353516,575400
2021-06-17,91.4800033569336,91.4800033569336,91.47000122070312,91.47000122070312,77.5175552368164,1458900
2021-06-18,91.47000122070312,91.4800033569336,91.47000122070312,91.4800033569336,77.52603912353516,885300
2021-06-21,91.4800033569336,91.4800033569336,91.47000122070312,91.47000122070312,77.5175552368164,846700
2021-06-22,91.47000122070312,91.4800033569336,91.47000122070312,91.47000122070312,77.5175552368164,386000
2021-06-23,91.47000122070312,91.4800033569336,91.47000122070312,91.47000122070312,77.5175552368164,651800
2021-06-24,91.47000122070312,91.4800033569336,91.47000122070312,91.4800033569336,77.52603912353516,912400
2021-06-25,91.47000122070312,91.4800033569336,91.47000122070312,91.4800033569336,77.52603912353516,1276500
2021-06-28,91.4800033569336,91.4800033569336,91.47000122070312,91.47000122070312,77.5175552368164,592700
2021-06-29,91.47000122070312,91.4800033569336,91.47000122070312,91.47000122070312,77.5175552368164,887100
2021-06-30,91.4800033569336,91.4800033569336,91.47000122070312,91.47000122070312,77.5175552368164,555300
2021-07-01,91.47000122070312,91.4800033569336,91.47000122070312,91.4800033569336,77.52603912353516,584000
2021-07-02,91.47000122070312,91.47000122070312,91.45999908447266,91.47000122070312,77.5175552368164,638800
2021-07-06,91.45999908447266,91.47000122070312,91.45999908447266,91.45999908447266,77.50910186767578,654200
2021-07-07,91.45999908447266,91.47000122070312,91.45999908447266,91.45999908447266,77.50910186767578,820700
2021-07-08,91.45999908447266,91.47000122070312,91.45999908447266,91.47000122070312,77.5175552368164,934200
2021-07-09,91.47000122070312,91.47000122070312,91.45999908447266,91.47000122070312,77.5175552368164,632900
2021-07-12,91.45999908447266,91.47000122070312,91.45999908447266,91.47000122070312,77.5175552368164,709400
2021-07-13,91.45999908447266,91.47000122070312,91.45999908447266,91.47000122070312,77.5175552368164,1037700
2021-07-14,91.45999908447266,91.47000122070312,91.45999908447266,91.45999908447266,77.50910186767578,583500
2021-07-15,91.45999908447266,91.47000122070312,91.45999908447266,91.47000122070312,77.5175552368164,961800
2021-07-16,91.45999908447266,91.47000122070312,91.45999908447266,91.47000122070312,77.5175552368164,618600
2021-07-19,91.45999908447266,91.47000122070312,91.45999908447266,91.45999908447266,77.50910186767578,2751000
2021-07-20,91.45999908447266,91.47000122070312,91.45999908447266,91.45999908447266,77.50910186767578,1726400
2021-07-21,91.45999908447266,91.47000122070312,91.45999908447266,91.45999908447266,77.50910186767578,1123100
2021-07-22,91.45999908447266,91.47000122070312,91.45999908447266,91.47000122070312,77.5175552368164,680500
2021-07-23,91.45999908447266,91.47000122070312,91.45999908447266,91.45999908447266,77.50910186767578,1078300
2021-07-26,91.45999908447266,91.47000122070312,91.45999908447266,91.47000122070312,77.5175552368164,712500
2021-07-27,91.47000122070312,91.47000122070312,91.45999908447266,91.45999908447266,77.50910186767578,878600
2021-07-28,91.45999908447266,91.47000122070312,91.45999908447266,91.45999908447266,77.50910186767578,1342100
2021-07-29,91.45999908447266,91.47000122070312,91.45999908447266,91.47000122070312,77.5175552368164,903400
2021-07-30,91.45999908447266,91.47000122070312,91.45999908447266,91.45999908447266,77.50910186767578,410800
2021-08-02,91.45999908447266,91.47000122070312,91.45999908447266,91.45999908447266,77.50910186767578,597700
2021-08-03,91.45999908447266,91.47000122070312,91.45999908447266,91.45999908447266,77.50910186767578,745100
2021-08-04,91.45999908447266,91.47000122070312,91.45999908447266,91.45999908447266,77.50910186767578,1067700
2021-08-05,91.45999908447266,91.47000122070312,91.45999908447266,91.45999908447266,77.50910186767578,488300
2021-08-06,91.45999908447266,91.47000122070312,91.45999908447266,91.47000122070312,77.5175552368164,694200
2021-08-09,91.45999908447266,91.47000122070312,91.45999908447266,91.47000122070312,77.5175552368164,1642900
2021-08-10,91.47000122070312,91.47000122070312,91.45999908447266,91.45999908447266,77.50910186767578,937200
2021-08-11,91.45999908447266,91.47000122070312,91.45999908447266,91.45999908447266,77.50910186767578,1080500
2021-08-12,91.45999908447266,91.47000122070312,91.45999908447266,91.45999908447266,77.50910186767578,616500
2021-08-13,91.47000122070312,91.47000122070312,91.45999908447266,91.47000122070312,77.5175552368164,1124700
2021-08-16,91.45999908447266,91.47000122070312,91.4499969482422,91.4499969482422,77.50062561035156,1689700
2021-08-17,91.47000122070312,91.47000122070312,91.4499969482422,91.4499969482422,77.50062561035156,1564100
2021-08-18,91.4499969482422,91.47000122070312,91.4499969482422,91.4499969482422,77.50062561035156,925700
2021-08-19,91.4499969482422,91.47000122070312,91.4499969482422,91.47000122070312,77.5175552368164,1720600
2021-08-20,91.45999908447266,91.47000122070312,91.4499969482422,91.47000122070312,77.5175552368164,796200
2021-08-23,91.45999908447266,91.45999908447266,91.4499969482422,91.4499969482422,77.50062561035156,470700
2021-08-24,91.4499969482422,91.45999908447266,91.4499969482422,91.4499969482422,77.50062561035156,808200
2021-08-25,91.4499969482422,91.45999908447266,91.4499969482422,91.4499969482422,77.50062561035156,555200
2021-08-26,91.45999908447266,91.45999908447266,91.4499969482422,91.45999908447266,77.50910186767578,785600
2021-08-27,91.45999908447266,91.45999908447266,91.4499969482422,91.45999908447266,77.50910186767578,479900
2021-08-30,91.45999908447266,91.45999908447266,91.4499969482422,91.45999908447266,77.50910186767578,617900
2021-08-31,91.4499969482422,91.45999908447266,91.4499969482422,91.4499969482422,77.50062561035156,1021300
2021-09-01,91.45999908447266,91.45999908447266,91.4499969482422,91.4499969482422,77.50062561035156,1076800
2021-09-02,91.4499969482422,91.47000122070312,91.4499969482422,91.47000122070312,77.5175552368164,673800
2021-09-03,91.45999908447266,91.45999908447266,91.4499969482422,91.4499969482422,77.50062561035156,496300
2021-09-07,91.45999908447266,91.45999908447266,91.4499969482422,91.4499969482422,77.50062561035156,1597100
2021-09-08,91.4499969482422,91.45999908447266,91.4499969482422,91.4499969482422,77.50062561035156,1053500
2021-09-09,91.4499969482422,91.45999908447266,91.4499969482422,91.4499969482422,77.50062561035156,735500
2021-09-10,91.4499969482422,91.45999908447266,91.4499969482422,91.45999908447266,77.50910186767578,521700
2021-09-13,91.4499969482422,91.45999908447266,91.4499969482422,91.45999908447266,77.50910186767578,5164600
2021-09-14,91.45999908447266,91.45999908447266,91.4499969482422,91.4499969482422,77.50062561035156,4534300
2021-09-15,91.4499969482422,91.45999908447266,91.4499969482422,91.4499969482422,77.50062561035156,1465500
2021-09-16,91.45999908447266,91.45999908447266,91.4499969482422,91.45999908447266,77.50910186767578,1322600
2021-09-17,91.4499969482422,91.45999908447266,91.4499969482422,91.4499969482422,77.50062561035156,810900
2021-09-20,91.4499969482422,91.45999908447266,91.4499969482422,91.45999908447266,77.50910186767578,1087100
2021-09-21,91.4499969482422,91.45999908447266,91.4499969482422,91.4499969482422,77.50062561035156,1462300
2021-09-22,91.4499969482422,91.45999908447266,91.4499969482422,91.4499969482422,77.50062561035156,1062200
2021-09-23,91.4499969482422,91.45999908447266,91.4499969482422,91.45999908447266,77.50910186767578,1108400
2021-09-24,91.45999908447266,91.45999908447266,91.4499969482422,91.4499969482422,77.50062561035156,1912100
2021-09-27,91.45999908447266,91.45999908447266,91.44000244140624,91.4499969482422,77.50062561035156,2605900
2021-09-28,91.45999908447266,91.45999908447266,91.44000244140624,91.4499969482422,77.50062561035156,978800
2021-09-29,91.4499969482422,91.45999908447266,91.4499969482422,91.45999908447266,77.50910186767578,787600
2021-09-30,91.4499969482422,91.45999908447266,91.4499969482422,91.45999908447266,77.50910186767578,777700
2021-10-01,91.45999908447266,91.45999908447266,91.44000244140624,91.45999908447266,77.50910186767578,1484700
2021-10-04,91.4499969482422,91.4499969482422,91.44000244140624,91.44000244140624,77.49213409423828,757500
2021-10-05,91.44000244140624,91.4499969482422,91.44000244140624,91.4499969482422,77.50062561035156,537800
2021-10-06,91.44000244140624,91.4499969482422,91.44000244140624,91.4499969482422,77.50062561035156,1394800
2021-10-07,91.44000244140624,91.4499969482422,91.44000244140624,91.4499969482422,77.50062561035156,775400
2021-10-08,91.4499969482422,91.4499969482422,91.44000244140624,91.4499969482422,77.50062561035156,487600
2021-10-11,91.44000244140624,91.4499969482422,91.44000244140624,91.4499969482422,77.50062561035156,622200
2021-10-12,91.44000244140624,91.4499969482422,91.44000244140624,91.4499969482422,77.50062561035156,580200
2021-10-13,91.44000244140624,91.4499969482422,91.44000244140624,91.4499969482422,77.50062561035156,934200
2021-10-14,91.4499969482422,91.4499969482422,91.44000244140624,91.44000244140624,77.49213409423828,610500
2021-10-15,91.44000244140624,91.4499969482422,91.44000244140624,91.4499969482422,77.50062561035156,798700
2021-10-18,91.44000244140624,91.4499969482422,91.44000244140624,91.44000244140624,77.49213409423828,650100
2021-10-19,91.44000244140624,91.4499969482422,91.44000244140624,91.44000244140624,77.49213409423828,585400
2021-10-20,91.4499969482422,91.4499969482422,91.44000244140624,91.44000244140624,77.49213409423828,2241500
2021-10-21,91.44000244140624,91.4499969482422,91.44000244140624,91.44000244140624,77.49213409423828,733500
2021-10-22,91.44000244140624,91.4499969482422,91.43000030517578,91.44000244140624,77.49213409423828,721000
2021-10-25,91.4499969482422,91.4499969482422,91.44000244140624,91.4499969482422,77.50062561035156,674100
2021-10-26,91.44000244140624,91.4499969482422,91.43000030517578,91.43000030517578,77.48365783691406,1092600
2021-10-27,91.44000244140624,91.4499969482422,91.43000030517578,91.43000030517578,77.48365783691406,779600
2021-10-28,91.44000244140624,91.4499969482422,91.44000244140624,91.4499969482422,77.50062561035156,663800
2021-10-29,91.44000244140624,91.4499969482422,91.43000030517578,91.4499969482422,77.50062561035156,886900
2021-11-01,91.44000244140624,91.4499969482422,91.44000244140624,91.4499969482422,77.50062561035156,1121800
2021-11-02,91.44000244140624,91.4499969482422,91.43000030517578,91.43000030517578,77.48365783691406,699200
2021-11-03,91.44000244140624,91.44000244140624,91.43000030517578,91.43000030517578,77.48365783691406,1099500
2021-11-04,91.44000244140624,91.4499969482422,91.43000030517578,91.44000244140624,77.49213409423828,791500
2021-11-05,91.44000244140624,91.44000244140624,91.43000030517578,91.44000244140624,77.49213409423828,829100
2021-11-08,91.44000244140624,91.4499969482422,91.43000030517578,91.4499969482422,77.50062561035156,1379300
2021-11-09,91.44000244140624,91.44000244140624,91.43000030517578,91.43000030517578,77.48365783691406,962800
2021-11-10,91.44000244140624,91.4499969482422,91.43000030517578,91.43000030517578,77.48365783691406,1147600
2021-11-11,91.44000244140624,91.44000244140624,91.43000030517578,91.44000244140624,77.49213409423828,789300
2021-11-12,91.43000030517578,91.44000244140624,91.43000030517578,91.44000244140624,77.49213409423828,558600
2021-11-15,91.44000244140624,91.44000244140624,91.43000030517578,91.44000244140624,77.49213409423828,670800
2021-11-16,91.44000244140624,91.44000244140624,91.43000030517578,91.43000030517578,77.48365783691406,1105900
2021-11-17,91.43000030517578,91.44000244140624,91.43000030517578,91.43000030517578,77.48365783691406,1197200
2021-11-18,91.43000030517578,91.44000244140624,91.43000030517578,91.44000244140624,77.49213409423828,801900
2021-11-19,91.44000244140624,91.44000244140624,91.43000030517578,91.44000244140624,77.49213409423828,1430300
2021-11-22,91.43000030517578,91.44000244140624,91.43000030517578,91.44000244140624,77.49213409423828,778900
2021-11-23,91.43000030517578,91.44000244140624,91.43000030517578,91.43000030517578,77.48365783691406,771400
2021-11-24,91.43000030517578,91.44000244140624,91.43000030517578,91.44000244140624,77.49213409423828,677000
2021-11-26,91.43000030517578,91.44000244140624,91.43000030517578,91.43000030517578,77.48365783691406,735800
2021-11-29,91.43000030517578,91.44000244140624,91.43000030517578,91.44000244140624,77.49213409423828,1067100
2021-11-30,91.44000244140624,91.44000244140624,91.43000030517578,91.43000030517578,77.48365783691406,2554800
2021-12-01,91.44000244140624,91.44000244140624,91.43000030517578,91.44000244140624,77.49213409423828,1989400
2021-12-02,91.44000244140624,91.44000244140624,91.43000030517578,91.44000244140624,77.49213409423828,1502400
2021-12-03,91.44000244140624,91.44000244140624,91.43000030517578,91.43000030517578,77.48365783691406,717900
2021-12-06,91.44000244140624,91.44000244140624,91.43000030517578,91.43000030517578,77.48365783691406,796700
2021-12-07,91.44000244140624,91.44000244140624,91.43000030517578,91.43000030517578,77.48365783691406,617900
2021-12-08,91.43000030517578,91.44000244140624,91.43000030517578,91.44000244140624,77.49213409423828,1446600
2021-12-09,91.43000030517578,91.44000244140624,91.43000030517578,91.43000030517578,77.48365783691406,1110700
2021-12-10,91.44000244140624,91.44000244140624,91.43000030517578,91.44000244140624,77.49213409423828,935300
2021-12-13,91.43000030517578,91.44000244140624,91.43000030517578,91.44000244140624,77.49213409423828,462600
2021-12-14,91.44000244140624,91.44000244140624,91.43000030517578,91.44000244140624,77.49213409423828,817200
2021-12-15,91.43000030517578,91.44000244140624,91.43000030517578,91.44000244140624,77.49213409423828,1653900
2021-12-16,91.43000030517578,91.44000244140624,91.43000030517578,91.43000030517578,77.48365783691406,809600
2021-12-17,91.44000244140624,91.44000244140624,91.43000030517578,91.44000244140624,77.49213409423828,1063900
2021-12-20,91.43000030517578,91.44000244140624,91.43000030517578,91.43000030517578,77.48365783691406,2235100
2021-12-21,91.43000030517578,91.44000244140624,91.41999816894533,91.41999816894533,77.4751968383789,2372300
2021-12-22,91.43000030517578,91.44000244140624,91.41999816894533,91.41999816894533,77.4751968383789,1001900
2021-12-23,91.41999816894533,91.43000030517578,91.41999816894533,91.41999816894533,77.4751968383789,571400
2021-12-27,91.41999816894533,91.43000030517578,91.41999816894533,91.43000030517578,77.48365783691406,730400
2021-12-28,91.43000030517578,91.43000030517578,91.41999816894533,91.41999816894533,77.4751968383789,1933000
2021-12-29,91.41999816894533,91.43000030517578,91.41999816894533,91.41999816894533,77.4751968383789,1246300
2021-12-30,91.41999816894533,91.43000030517578,91.41999816894533,91.43000030517578,77.48365783691406,837000
2021-12-31,91.41999816894533,91.43000030517578,91.41999816894533,91.43000030517578,77.48365783691406,871400
2022-01-03,91.43000030517578,91.43000030517578,91.41999816894533,91.41999816894533,77.4751968383789,1764000
2022-01-04,91.41999816894533,91.43000030517578,91.41999816894533,91.43000030517578,77.48365783691406,2511800
2022-01-05,91.43000030517578,91.43000030517578,91.41999816894533,91.43000030517578,77.48365783691406,1637300
2022-01-06,91.43000030517578,91.43000030517578,91.41999816894533,91.43000030517578,77.48365783691406,1077900
2022-01-07,91.43000030517578,91.43000030517578,91.41999816894533,91.43000030517578,77.48365783691406,766900
2022-01-10,91.41999816894533,91.43000030517578,91.41999816894533,91.41999816894533,77.4751968383789,1846800
2022-01-11,91.41999816894533,91.41999816894533,91.41000366210938,91.41000366210938,77.46670532226562,1847500
2022-01-12,91.41999816894533,91.43000030517578,91.41999816894533,91.41999816894533,77.4751968383789,959700
2022-01-13,91.41999816894533,91.43000030517578,91.41999816894533,91.43000030517578,77.48365783691406,1056500
2022-01-14,91.41999816894533,91.43000030517578,91.41999816894533,91.43000030517578,77.48365783691406,564000
2022-01-18,91.43000030517578,91.43000030517578,91.41000366210938,91.41000366210938,77.46670532226562,3068100
2022-01-19,91.43000030517578,91.43000030517578,91.41999816894533,91.43000030517578,77.48365783691406,2074900
2022-01-20,91.43000030517578,91.43000030517578,91.41999816894533,91.43000030517578,77.48365783691406,1628700
2022-01-21,91.41999816894533,91.43000030517578,91.41000366210938,91.41999816894533,77.4751968383789,2937600
2022-01-24,91.41000366210938,91.43000030517578,91.41000366210938,91.43000030517578,77.48365783691406,4854900
2022-01-25,91.41999816894533,91.43000030517578,91.41000366210938,91.41000366210938,77.46670532226562,4776800
2022-01-26,91.41000366210938,91.43000030517578,91.41000366210938,91.41999816894533,77.4751968383789,3694400
2022-01-27,91.41000366210938,91.43000030517578,91.41000366210938,91.43000030517578,77.48365783691406,6218700
2022-01-28,91.41999816894533,91.43000030517578,91.41000366210938,91.41000366210938,77.46670532226562,4811100
2022-01-31,91.41999816894533,91.43000030517578,91.41000366210938,91.43000030517578,77.48365783691406,26333300
2022-02-01,91.41000366210938,91.43000030517578,91.41000366210938,91.41999816894533,77.4751968383789,6452700
2022-02-02,91.41999816894533,91.43000030517578,91.41999816894533,91.43000030517578,77.48365783691406,2119800
2022-02-03,91.41999816894533,91.43000030517578,91.41000366210938,91.43000030517578,77.48365783691406,2323000
2022-02-04,91.41999816894533,91.41999816894533,91.41000366210938,91.41000366210938,77.46670532226562,6726000
2022-02-07,91.41999816894533,91.41999816894533,91.41000366210938,91.41000366210938,77.46670532226562,1667500
2022-02-08,91.41999816894533,91.41999816894533,91.41000366210938,91.41999816894533,77.4751968383789,24173900
2022-02-09,91.41000366210938,91.41999816894533,91.41000366210938,91.41000366210938,77.46670532226562,4386800
2022-02-10,91.41000366210938,91.41999816894533,91.4000015258789,91.41000366210938,77.46670532226562,6107100
2022-02-11,91.41000366210938,91.41999816894533,91.4000015258789,91.41000366210938,77.46670532226562,3164600
2022-02-14,91.41000366210938,91.41999816894533,91.4000015258789,91.4000015258789,77.458251953125,1876400
2022-02-15,91.41000366210938,91.41999816894533,91.41000366210938,91.41999816894533,77.4751968383789,923100
2022-02-16,91.41999816894533,91.41999816894533,91.41000366210938,91.41999816894533,77.4751968383789,1057500
2022-02-17,91.41999816894533,91.41999816894533,91.41000366210938,91.41000366210938,77.46670532226562,2324900
2022-02-18,91.41999816894533,91.41999816894533,91.41000366210938,91.41999816894533,77.4751968383789,1485300
2022-02-22,91.41000366210938,91.41999816894533,91.41000366210938,91.41999816894533,77.4751968383789,2188500
2022-02-23,91.41000366210938,91.41999816894533,91.41000366210938,91.41000366210938,77.46670532226562,11535000
2022-02-24,91.41999816894533,91.43000030517578,91.41000366210938,91.41000366210938,77.46670532226562,8393400
2022-02-25,91.41999816894533,91.41999816894533,91.41000366210938,91.41000366210938,77.46670532226562,1846500
2022-02-28,91.41999816894533,91.41999816894533,91.41000366210938,91.41000366210938,77.46670532226562,1769300
2022-03-01,91.41999816894533,91.41999816894533,91.41000366210938,91.41000366210938,77.4853515625,4195900
2022-03-02,91.41999816894533,91.41999816894533,91.41000366210938,91.41000366210938,77.4853515625,2298700
2022-03-03,91.41999816894533,91.41999816894533,91.41000366210938,91.41999816894533,77.49383544921875,2265500
2022-03-04,91.41000366210938,91.41999816894533,91.41000366210938,91.41999816894533,77.49383544921875,1231700
2022-03-07,91.4000015258789,91.41999816894533,91.4000015258789,91.41999816894533,77.49383544921875,15932100
2022-03-08,91.41999816894533,91.41999816894533,91.41000366210938,91.41999816894533,77.49383544921875,7738700
2022-03-09,91.41999816894533,91.41999816894533,91.41000366210938,91.41999816894533,77.49383544921875,2580700
2022-03-10,91.41999816894533,91.41999816894533,91.41000366210938,91.41999816894533,77.49383544921875,2353100
2022-03-11,91.41999816894533,91.41999816894533,91.41000366210938,91.41000366210938,77.4853515625,805100
2022-03-14,91.41000366210938,91.41999816894533,91.41000366210938,91.41999816894533,77.49383544921875,3886800
2022-03-15,91.41999816894533,91.41999816894533,91.4000015258789,91.4000015258789,77.47687530517578,6259700
2022-03-16,91.41000366210938,91.41999816894533,91.4000015258789,91.41999816894533,77.49383544921875,1773200
2022-03-17,91.41000366210938,91.41999816894533,91.41000366210938,91.41999816894533,77.49383544921875,5463400
2022-03-18,91.41999816894533,91.41999816894533,91.41000366210938,91.41000366210938,77.4853515625,3115300
2022-03-21,91.41000366210938,91.41999816894533,91.41000366210938,91.41000366210938,77.4853515625,3961400
2022-03-22,91.41999816894533,91.41999816894533,91.41000366210938,91.41000366210938,77.4853515625,3440100
2022-03-23,91.41000366210938,91.43000030517578,91.41000366210938,91.43000030517578,77.5023193359375,2205600
2022-03-24,91.41999816894533,91.43000030517578,91.41999816894533,91.43000030517578,77.5023193359375,1749600
2022-03-25,91.43000030517578,91.43000030517578,91.41000366210938,91.41000366210938,77.4853515625,2840100
2022-03-28,91.41999816894533,91.41999816894533,91.41000366210938,91.41000366210938,77.4853515625,2839400
2022-03-29,91.41999816894533,91.43000030517578,91.41000366210938,91.41000366210938,77.4853515625,4356400
2022-03-30,91.41000366210938,91.43000030517578,91.41000366210938,91.43000030517578,77.5023193359375,5278400
2022-03-31,91.43000030517578,91.43000030517578,91.41999816894533,91.43000030517578,77.5023193359375,4311600
2022-04-01,91.41999816894533,91.43000030517578,91.41000366210938,91.43000030517578,77.5023193359375,2302500
2022-04-04,91.41000366210938,91.41999816894533,91.41000366210938,91.41999816894533,77.49383544921875,2478600
2022-04-05,91.41000366210938,91.41999816894533,91.41000366210938,91.41000366210938,77.4853515625,2060900
2022-04-06,91.41999816894533,91.41999816894533,91.41000366210938,91.41999816894533,77.49383544921875,2698700
2022-04-07,91.41000366210938,91.41999816894533,91.41000366210938,91.41999816894533,77.49383544921875,2615000
2022-04-08,91.41000366210938,91.41999816894533,91.41000366210938,91.41000366210938,77.4853515625,4726200
2022-04-11,91.41999816894533,91.41999816894533,91.41000366210938,91.41999816894533,77.49383544921875,3597100
2022-04-12,91.41000366210938,91.41999816894533,91.41000366210938,91.41999816894533,77.49383544921875,5780400
2022-04-13,91.41000366210938,91.41999816894533,91.41000366210938,91.41999816894533,77.49383544921875,3719200
2022-04-14,91.41000366210938,91.41999816894533,91.41000366210938,91.41000366210938,77.4853515625,1612700
2022-04-18,91.41000366210938,91.41999816894533,91.41000366210938,91.41999816894533,77.49383544921875,2689000
2022-04-19,91.41000366210938,91.41999816894533,91.41000366210938,91.41000366210938,77.4853515625,3194900
2022-04-20,91.41000366210938,91.43000030517578,91.41000366210938,91.43000030517578,77.5023193359375,1901700
2022-04-21,91.43000030517578,91.43000030517578,91.41999816894533,91.43000030517578,77.5023193359375,3573700
2022-04-22,91.41000366210938,91.43000030517578,91.41000366210938,91.41999816894533,77.49383544921875,2183300
2022-04-25,91.41000366210938,91.43000030517578,91.41000366210938,91.43000030517578,77.5023193359375,10561900
2022-04-26,91.41999816894533,91.43000030517578,91.41999816894533,91.41999816894533,77.49383544921875,4266900
2022-04-27,91.41999816894533,91.43000030517578,91.41999816894533,91.41999816894533,77.49383544921875,7534800
2022-04-28,91.41999816894533,91.44000244140624,91.41999816894533,91.44000244140624,77.51081085205078,5876900
2022-04-29,91.43000030517578,91.43000030517578,91.41999816894533,91.41999816894533,77.49383544921875,2678700
2022-05-02,91.44000244140624,91.44000244140624,91.41999816894533,91.43000030517578,77.5023193359375,7420800
2022-05-03,91.44000244140624,91.44000244140624,91.41999816894533,91.41999816894533,77.49383544921875,5964300
2022-05-04,91.41999816894533,91.44000244140624,91.41999816894533,91.44000244140624,77.51081085205078,3019400
2022-05-05,91.44000244140624,91.44000244140624,91.43000030517578,91.44000244140624,77.51081085205078,4886800
2022-05-06,91.43000030517578,91.44000244140624,91.43000030517578,91.44000244140624,77.51081085205078,4785800
2022-05-09,91.4499969482422,91.4499969482422,91.43000030517578,91.43000030517578,77.5023193359375,8826900
2022-05-10,91.44000244140624,91.4499969482422,91.43000030517578,91.43000030517578,77.5023193359375,8261200
2022-05-11,91.43000030517578,91.4499969482422,91.43000030517578,91.43000030517578,77.5023193359375,6387100
2022-05-12,91.44000244140624,91.4499969482422,91.43000030517578,91.44000244140624,77.51081085205078,9010900
2022-05-13,91.43000030517578,91.4499969482422,91.43000030517578,91.4499969482422,77.51927185058594,14920600
2022-05-16,91.44000244140624,91.44000244140624,91.43000030517578,91.44000244140624,77.51081085205078,2700400
2022-05-17,91.43000030517578,91.4499969482422,91.43000030517578,91.44000244140624,77.51081085205078,2456600
2022-05-18,91.44000244140624,91.4499969482422,91.43000030517578,91.44000244140624,77.51081085205078,4456300
2022-05-19,91.4499969482422,91.45999908447266,91.44000244140624,91.45999908447266,77.52777862548828,4009000
2022-05-20,91.4499969482422,91.45999908447266,91.44000244140624,91.45999908447266,77.52777862548828,3051600
2022-05-23,91.4499969482422,91.45999908447266,91.4499969482422,91.45999908447266,77.52777862548828,2073200
2022-05-24,91.45999908447266,91.45999908447266,91.4499969482422,91.4499969482422,77.51927185058594,3355300
2022-05-25,91.4499969482422,91.45999908447266,91.4499969482422,91.45999908447266,77.52777862548828,1700700
2022-05-26,91.4499969482422,91.4800033569336,91.4499969482422,91.4800033569336,77.54471588134766,3220500
2022-05-27,91.47000122070312,91.47000122070312,91.4499969482422,91.45999908447266,77.52777862548828,2958500
2022-05-31,91.47000122070312,91.47000122070312,91.44000244140624,91.4499969482422,77.51927185058594,19779300
2022-06-01,91.44000244140624,91.44000244140624,91.41999816894533,91.41999816894533,77.52013397216797,18526200
2022-06-02,91.43000030517578,91.44000244140624,91.41999816894533,91.44000244140624,77.53707885742188,1281900
2022-06-03,91.43000030517578,91.44000244140624,91.41999816894533,91.41999816894533,77.52013397216797,3104000
2022-06-06,91.43000030517578,91.43000030517578,91.41999816894533,91.43000030517578,77.5285873413086,1593400
2022-06-07,91.43000030517578,91.44000244140624,91.41999816894533,91.41999816894533,77.52013397216797,1682100
2022-06-08,91.44000244140624,91.44000244140624,91.43000030517578,91.43000030517578,77.5285873413086,2004600
2022-06-09,91.44000244140624,91.44000244140624,91.43000030517578,91.44000244140624,77.53707885742188,1762500
2022-06-10,91.44000244140624,91.44000244140624,91.41999816894533,91.41999816894533,77.52013397216797,7140300
2022-06-13,91.43000030517578,91.43000030517578,91.41999816894533,91.43000030517578,77.5285873413086,37231500
2022-06-14,91.41999816894533,91.41999816894533,91.41000366210938,91.41999816894533,77.52013397216797,8434200
2022-06-15,91.41999816894533,91.43000030517578,91.41000366210938,91.43000030517578,77.5285873413086,2895100
2022-06-16,91.43000030517578,91.4499969482422,91.41999816894533,91.4499969482422,77.54557800292969,5284100
2022-06-17,91.44000244140624,91.4499969482422,91.44000244140624,91.44000244140624,77.53707885742188,3422300
2022-06-21,91.4499969482422,91.45999908447266,91.44000244140624,91.45999908447266,77.55403137207031,5266300
2022-06-22,91.45999908447266,91.47000122070312,91.4499969482422,91.47000122070312,77.56250762939453,2871200
2022-06-23,91.47000122070312,91.47000122070312,91.45999908447266,91.47000122070312,77.56250762939453,4669500
2022-06-24,91.47000122070312,91.47000122070312,91.4499969482422,91.4499969482422,77.54557800292969,3544200
2022-06-27,91.45999908447266,91.45999908447266,91.4499969482422,91.4499969482422,77.54557800292969,7641900
2022-06-28,91.45999908447266,91.47000122070312,91.45999908447266,91.47000122070312,77.56250762939453,2885300
2022-06-29,91.4499969482422,91.4800033569336,91.4499969482422,91.4800033569336,77.57099914550781,1893500
2022-06-30,91.4800033569336,91.48999786376952,91.47000122070312,91.48999786376952,77.57949829101562,4423500
2022-07-01,91.43000030517578,91.44000244140624,91.41000366210938,91.43000030517578,77.57352447509766,35879400
2022-07-05,91.43000030517578,91.43000030517578,91.41999816894533,91.43000030517578,77.57352447509766,9036600
2022-07-06,91.43000030517578,91.43000030517578,91.41999816894533,91.43000030517578,77.57352447509766,3783200
2022-07-07,91.44000244140624,91.44000244140624,91.41999816894533,91.43000030517578,77.57352447509766,1840500
2022-07-08,91.43000030517578,91.43000030517578,91.41999816894533,91.41999816894533,77.56507110595703,1363900
2022-07-11,91.41999816894533,91.43000030517578,91.41999816894533,91.43000030517578,77.57352447509766,2316900
2022-07-12,91.43000030517578,91.43000030517578,91.41999816894533,91.41999816894533,77.56507110595703,15559600
2022-07-13,91.41999816894533,91.43000030517578,91.4000015258789,91.41999816894533,77.56507110595703,12606500
2022-07-14,91.41000366210938,91.43000030517578,91.41000366210938,91.43000030517578,77.57352447509766,5037600
2022-07-15,91.43000030517578,91.43000030517578,91.41999816894533,91.41999816894533,77.56507110595703,6939500
2022-07-18,91.41999816894533,91.43000030517578,91.41000366210938,91.41999816894533,77.56507110595703,3639500
2022-07-19,91.43000030517578,91.43000030517578,91.41999816894533,91.41999816894533,77.56507110595703,6771200
2022-07-20,91.43000030517578,91.44000244140624,91.41999816894533,91.41999816894533,77.56507110595703,4695800
2022-07-21,91.43000030517578,91.4499969482422,91.41999816894533,91.4499969482422,77.59050750732422,3627900
2022-07-22,91.4499969482422,91.45999908447266,91.44000244140624,91.45999908447266,77.59900665283203,3511300
2022-07-25,91.4499969482422,91.4499969482422,91.44000244140624,91.4499969482422,77.59050750732422,3172000
2022-07-26,91.4499969482422,91.4499969482422,91.44000244140624,91.4499969482422,77.59050750732422,1477200
2022-07-27,91.4499969482422,91.45999908447266,91.44000244140624,91.4499969482422,77.59050750732422,2611200
2022-07-28,91.45999908447266,91.47000122070312,91.45999908447266,91.45999908447266,77.59900665283203,7732500
2022-07-29,91.45999908447266,91.4800033569336,91.45999908447266,91.47000122070312,77.60746002197266,6626600
2022-08-01,91.37000274658205,91.38999938964844,91.37000274658205,91.37999725341795,77.6134033203125,10760700
2022-08-02,91.37999725341795,91.38999938964844,91.37999725341795,91.38999938964844,77.62191772460938,3115600
2022-08-03,91.4000015258789,91.4000015258789,91.37999725341795,91.37999725341795,77.6134033203125,4216500
2022-08-04,91.41000366210938,91.41999816894533,91.4000015258789,91.4000015258789,77.63040924072266,6491000
2022-08-05,91.41999816894533,91.41999816894533,91.41000366210938,91.41999816894533,77.64739990234375,1852700
2022-08-08,91.41000366210938,91.43000030517578,91.41000366210938,91.43000030517578,77.65587615966797,2745500
2022-08-09,91.41000366210938,91.43000030517578,91.41000366210938,91.41999816894533,77.64739990234375,3834300
2022-08-10,91.41999816894533,91.44000244140624,91.41999816894533,91.43000030517578,77.65587615966797,3782000
2022-08-11,91.44000244140624,91.4499969482422,91.43000030517578,91.43000030517578,77.65587615966797,6543700
2022-08-12,91.44000244140624,91.4499969482422,91.44000244140624,91.4499969482422,77.67288970947266,2110900
2022-08-15,91.44000244140624,91.4499969482422,91.44000244140624,91.44000244140624,77.66436767578125,5605700
2022-08-16,91.45999908447266,91.45999908447266,91.4499969482422,91.4499969482422,77.67288970947266,4336300
2022-08-17,91.45999908447266,91.47000122070312,91.4499969482422,91.4499969482422,77.67288970947266,3673500
2022-08-18,91.4800033569336,91.48999786376952,91.47000122070312,91.48999786376952,77.70687103271484,2227900
2022-08-19,91.4800033569336,91.48999786376952,91.47000122070312,91.48999786376952,77.70687103271484,4136800
2022-08-22,91.4800033569336,91.5,91.4800033569336,91.5,77.71533966064453,5597500
2022-08-23,91.5,91.5,91.4800033569336,91.4800033569336,77.6983642578125,6860300
2022-08-24,91.5,91.51000213623048,91.48999786376952,91.51000213623048,77.72382354736328,2585800
2022-08-25,91.51000213623048,91.5199966430664,91.51000213623048,91.5199966430664,77.73231506347656,3997700
2022-08-26,91.51000213623048,91.52999877929688,91.51000213623048,91.5199966430664,77.73231506347656,5442900
2022-08-29,91.5199966430664,91.52999877929688,91.5199966430664,91.5199966430664,77.73231506347656,7337600
2022-08-30,91.52999877929688,91.54000091552734,91.5199966430664,91.52999877929688,77.7408218383789,32133200
2022-08-31,91.54000091552734,91.5500030517578,91.52999877929688,91.5500030517578,77.7578125,9405200
2022-09-01,91.43000030517578,91.43000030517578,91.41999816894533,91.43000030517578,77.77397918701172,8174900
2022-09-02,91.43000030517578,91.44000244140624,91.41999816894533,91.44000244140624,77.78246307373047,5871700
2022-09-06,91.43000030517578,91.44000244140624,91.43000030517578,91.44000244140624,77.78246307373047,7990900
2022-09-07,91.43000030517578,91.4499969482422,91.43000030517578,91.4499969482422,77.79096221923828,5180700
2022-09-08,91.47000122070312,91.47000122070312,91.4499969482422,91.47000122070312,77.80797576904297,4564500
2022-09-09,91.45999908447266,91.47000122070312,91.45999908447266,91.47000122070312,77.80797576904297,1905300
2022-09-12,91.47000122070312,91.4800033569336,91.45999908447266,91.45999908447266,77.79949188232422,5377000
2022-09-13,91.45999908447266,91.4800033569336,91.45999908447266,91.4800033569336,77.8165054321289,6223300
2022-09-14,91.4800033569336,91.4800033569336,91.47000122070312,91.4800033569336,77.8165054321289,4226700
2022-09-15,91.48999786376952,91.51000213623048,91.48999786376952,91.51000213623048,77.84204864501953,5787100
2022-09-16,91.51000213623048,91.51000213623048,91.5,91.51000213623048,77.84204864501953,3512300
2022-09-19,91.51000213623048,91.5199966430664,91.5,91.51000213623048,77.84204864501953,5158100
2022-09-20,91.5199966430664,91.5199966430664,91.5,91.5,77.83349609375,3792700
2022-09-21,91.51000213623048,91.52999877929688,91.51000213623048,91.5199966430664,77.85051727294922,3739800
2022-09-22,91.54000091552734,91.55999755859376,91.52999877929688,91.55999755859376,77.88453674316406,10975000
2022-09-23,91.5500030517578,91.55999755859376,91.54000091552734,91.55999755859376,77.88453674316406,15103200
2022-09-26,91.55999755859376,91.55999755859376,91.54000091552734,91.54000091552734,77.86754608154297,7695700
2022-09-27,91.55999755859376,91.56999969482422,91.55999755859376,91.56999969482422,77.89307403564453,5871100
2022-09-28,91.56999969482422,91.58000183105467,91.55999755859376,91.58000183105467,77.90158081054688,6709900
2022-09-29,91.5999984741211,91.5999984741211,91.58999633789062,91.5999984741211,77.91857147216797,5973300
2022-09-30,91.5999984741211,91.5999984741211,91.58000183105467,91.5999984741211,77.91857147216797,9858400
2022-10-03,91.4499969482422,91.4499969482422,91.41999816894533,91.41999816894533,77.89727783203125,7300900
2022-10-04,91.4499969482422,91.4499969482422,91.43000030517578,91.4499969482422,77.92281341552734,6583100
2022-10-05,91.4499969482422,91.45999908447266,91.44000244140624,91.4499969482422,77.92281341552734,6425800
2022-10-06,91.4800033569336,91.4800033569336,91.47000122070312,91.47000122070312,77.93986511230469,3415600
2022-10-07,91.47000122070312,91.4800033569336,91.47000122070312,91.47000122070312,77.93986511230469,5033700
2022-10-10,91.48999786376952,91.48999786376952,91.4800033569336,91.4800033569336,77.94840240478516,5591100
2022-10-11,91.4800033569336,91.48999786376952,91.4800033569336,91.4800033569336,77.94840240478516,7847100
2022-10-12,91.48999786376952,91.48999786376952,91.4800033569336,91.4800033569336,77.94840240478516,4389200
2022-10-13,91.5,91.51000213623048,91.5,91.51000213623048,77.9739761352539,5012800
2022-10-14,91.51000213623048,91.51000213623048,91.5,91.51000213623048,77.9739761352539,3121700
2022-10-17,91.5199966430664,91.5199966430664,91.51000213623048,91.51000213623048,77.9739761352539,6373200
2022-10-18,91.51000213623048,91.5199966430664,91.51000213623048,91.51000213623048,77.9739761352539,4985900
2022-10-19,91.5199966430664,91.5199966430664,91.51000213623048,91.51000213623048,77.9739761352539,4334600
2022-10-20,91.52999877929688,91.5500030517578,91.52999877929688,91.5500030517578,78.00804901123047,4561800
2022-10-21,91.5500030517578,91.55999755859376,91.54000091552734,91.55999755859376,78.01654815673828,4658600
2022-10-24,91.5500030517578,91.55999755859376,91.5500030517578,91.5500030517578,78.00804901123047,2286700
2022-10-25,91.5500030517578,91.56999969482422,91.5500030517578,91.5500030517578,78.00804901123047,7035300
2022-10-26,91.55999755859376,91.56999969482422,91.55999755859376,91.56999969482422,78.02510833740234,8136300
2022-10-27,91.58999633789062,91.5999984741211,91.58000183105467,91.5999984741211,78.05064392089844,4473800
2022-10-28,91.5999984741211,91.5999984741211,91.58999633789062,91.58999633789062,78.04212951660156,25494400
2022-10-31,91.5999984741211,91.61000061035156,91.58999633789062,91.58999633789062,78.04212951660156,6145800
2022-11-01,91.41000366210938,91.41000366210938,91.38999938964844,91.38999938964844,78.04893493652344,6054500
2022-11-02,91.41999816894533,91.41999816894533,91.41000366210938,91.41999816894533,78.0745849609375,3264900
2022-11-03,91.44000244140624,91.4499969482422,91.43000030517578,91.4499969482422,78.10018157958984,8957600
2022-11-04,91.45999908447266,91.47000122070312,91.4499969482422,91.47000122070312,78.11727142333984,9427700
2022-11-07,91.47000122070312,91.47000122070312,91.45999908447266,91.45999908447266,78.10874938964844,6503900
2022-11-08,91.47000122070312,91.4800033569336,91.47000122070312,91.47000122070312,78.11727142333984,5843000
2022-11-09,91.51000213623048,91.5199966430664,91.5,91.5199966430664,78.15998077392578,3602500
2022-11-10,91.5199966430664,91.52999877929688,91.5199966430664,91.52999877929688,78.16852569580078,5835600
2022-11-11,91.52999877929688,91.52999877929688,91.5199966430664,91.5199966430664,78.15998077392578,6645400
2022-11-14,91.54000091552734,91.54000091552734,91.5199966430664,91.5199966430664,78.15998077392578,10464400
2022-11-15,91.54000091552734,91.54000091552734,91.52999877929688,91.54000091552734,78.17706298828125,9800800
2022-11-16,91.54000091552734,91.5500030517578,91.54000091552734,91.5500030517578,78.18560791015625,7824100
2022-11-17,91.56999969482422,91.58000183105467,91.56999969482422,91.58000183105467,78.21125030517578,4772400
2022-11-18,91.56999969482422,91.58000183105467,91.56999969482422,91.58000183105467,78.21125030517578,7062900
2022-11-21,91.58999633789062,91.58999633789062,91.58000183105467,91.58999633789062,78.21976470947266,3437100
2022-11-22,91.58999633789062,91.61000061035156,91.58999633789062,91.61000061035156,78.23682403564453,5261000
2022-11-23,91.62000274658205,91.63999938964844,91.62000274658205,91.62999725341795,78.25390625,4144300
2022-11-25,91.63999938964844,91.63999938964844,91.62999725341795,91.62999725341795,78.25390625,2543100
2022-11-28,91.63999938964844,91.6500015258789,91.63999938964844,91.63999938964844,78.2624740600586,4455700
2022-11-29,91.66000366210938,91.66999816894533,91.6500015258789,91.66999816894533,78.2880859375,3754700
2022-11-30,91.66000366210938,91.66999816894533,91.66000366210938,91.66999816894533,78.2880859375,5418300
2022-12-01,91.43000030517578,91.44000244140624,91.43000030517578,91.43000030517578,78.30520629882812,10968000
2022-12-02,91.4499969482422,91.4499969482422,91.44000244140624,91.44000244140624,78.31375885009766,10316300
2022-12-05,91.4499969482422,91.45999908447266,91.4499969482422,91.4499969482422,78.32235717773438,8943700
2022-12-06,91.47000122070312,91.4800033569336,91.45999908447266,91.4800033569336,78.34805297851562,9646800
2022-12-07,91.48999786376952,91.5,91.4800033569336,91.4800033569336,78.34805297851562,9798600
2022-12-08,91.51000213623048,91.54000091552734,91.51000213623048,91.54000091552734,78.39942932128906,3855900
2022-12-09,91.52999877929688,91.54000091552734,91.52999877929688,91.52999877929688,78.39086151123047,7718900
2022-12-12,91.5500030517578,91.5500030517578,91.54000091552734,91.54000091552734,78.39942932128906,4383600
2022-12-13,91.5500030517578,91.55999755859376,91.54000091552734,91.54000091552734,78.39942932128906,6645800
2022-12-14,91.55999755859376,91.56999969482422,91.54000091552734,91.56999969482422,78.42511749267578,6898400
2022-12-15,91.58000183105467,91.58999633789062,91.58000183105467,91.58999633789062,78.4422378540039,7768100
2022-12-16,91.5999984741211,91.5999984741211,91.58999633789062,91.58999633789062,78.4422378540039,4121700
2022-12-19,91.33999633789062,91.33999633789062,91.33000183105467,91.33000183105467,78.45169830322266,8627100
2022-12-20,91.3499984741211,91.3499984741211,91.33999633789062,91.33999633789062,78.46025848388672,5204300
2022-12-21,91.36000061035156,91.36000061035156,91.3499984741211,91.3499984741211,78.4688720703125,6471800
2022-12-22,91.38999938964844,91.41000366210938,91.38999938964844,91.41000366210938,78.52042388916016,6592400
2022-12-23,91.4000015258789,91.41000366210938,91.4000015258789,91.41000366210938,78.52042388916016,3683100
2022-12-27,91.41000366210938,91.41999816894533,91.41000366210938,91.41000366210938,78.52042388916016,4267900
2022-12-28,91.44000244140624,91.44000244140624,91.41999816894533,91.44000244140624,78.54617309570312,4123200
2022-12-29,91.47000122070312,91.4800033569336,91.47000122070312,91.4800033569336,78.5805435180664,5637400
2022-12-30,91.47000122070312,91.47000122070312,91.45999908447266,91.47000122070312,78.57194519042969,6537000
2023-01-03,91.4800033569336,91.4800033569336,91.47000122070312,91.4800033569336,78.5805435180664,12503100
2023-01-04,91.4800033569336,91.48999786376952,91.47000122070312,91.47000122070312,78.57194519042969,9074500
2023-01-05,91.5,91.51000213623048,91.48999786376952,91.5,78.59770202636719,6454100
2023-01-06,91.5,91.51000213623048,91.48999786376952,91.48999786376952,78.58914184570312,4623500
2023-01-09,91.5,91.51000213623048,91.5,91.51000213623048,78.6063232421875,9734500
2023-01-10,91.51000213623048,91.5199966430664,91.5,91.5,78.59770202636719,5606700
2023-01-11,91.51000213623048,91.5199966430664,91.5,91.5,78.59770202636719,8601300
2023-01-12,91.55999755859376,91.56999969482422,91.55999755859376,91.56999969482422,78.65787506103516,8086900
2023-01-13,91.56999969482422,91.58000183105467,91.56999969482422,91.58000183105467,78.66645812988281,5501700
2023-01-17,91.58000183105467,91.58999633789062,91.58000183105467,91.58000183105467,78.66645812988281,9495400
2023-01-18,91.58999633789062,91.5999984741211,91.58999633789062,91.58999633789062,78.6750259399414,4944800
2023-01-19,91.62000274658205,91.62999725341795,91.62000274658205,91.62999725341795,78.70935821533203,6491300
2023-01-20,91.63999938964844,91.63999938964844,91.62999725341795,91.63999938964844,78.71798706054688,4532400
2023-01-23,91.6500015258789,91.6500015258789,91.63999938964844,91.63999938964844,78.71798706054688,9166400
2023-01-24,91.66000366210938,91.66000366210938,91.6500015258789,91.6500015258789,78.7265625,5073700
2023-01-25,91.66999816894533,91.68000030517578,91.66000366210938,91.66000366210938,78.73519134521484,7570300
2023-01-26,91.6999969482422,91.70999908447266,91.6999969482422,91.70999908447266,78.77809143066406,5116500
2023-01-27,91.72000122070312,91.72000122070312,91.70999908447266,91.72000122070312,78.78668975830078,5232100
2023-01-30,91.72000122070312,91.7300033569336,91.72000122070312,91.72000122070312,78.78668975830078,4281500
2023-01-31,91.7300033569336,91.73999786376952,91.7300033569336,91.7300033569336,78.7953109741211,7362600
2023-02-01,91.41999816894533,91.41999816894533,91.4000015258789,91.4000015258789,78.80048370361328,9424000
2023-02-02,91.44000244140624,91.4499969482422,91.44000244140624,91.44000244140624,78.83494567871094,11984500
2023-02-03,91.45999908447266,91.45999908447266,91.4499969482422,91.45999908447266,78.85221862792969,8934700
2023-02-06,91.47000122070312,91.47000122070312,91.45999908447266,91.47000122070312,78.8608169555664,5928200
2023-02-07,91.4800033569336,91.4800033569336,91.47000122070312,91.4800033569336,78.86946105957031,4283200
2023-02-08,91.48999786376952,91.48999786376952,91.4800033569336,91.4800033569336,78.86946105957031,4101500
2023-02-09,91.51000213623048,91.5199966430664,91.51000213623048,91.51000213623048,78.89530944824219,4909400
2023-02-10,91.5199966430664,91.52999877929688,91.5199966430664,91.5199966430664,78.90393829345703,4580800
2023-02-13,91.54000091552734,91.54000091552734,91.52999877929688,91.54000091552734,78.92117309570312,8904000
2023-02-14,91.54000091552734,91.5500030517578,91.54000091552734,91.54000091552734,78.92117309570312,4056600
2023-02-15,91.55999755859376,91.55999755859376,91.5500030517578,91.55999755859376,78.93838500976562,4895700
2023-02-16,91.61000061035156,91.61000061035156,91.5999984741211,91.61000061035156,78.98151397705078,5556400
2023-02-17,91.62000274658205,91.62000274658205,91.61000061035156,91.62000274658205,78.99016571044922,4398600
2023-02-21,91.62999725341795,91.63999938964844,91.62000274658205,91.62000274658205,78.99016571044922,17021300
2023-02-22,91.62999725341795,91.6500015258789,91.62999725341795,91.6500015258789,79.01600646972656,18697200
2023-02-23,91.68000030517578,91.68000030517578,91.66999816894533,91.68000030517578,79.04188537597656,4863200
2023-02-24,91.69000244140624,91.69000244140624,91.68000030517578,91.69000244140624,79.05049896240234,7735500
2023-02-27,91.69000244140624,91.6999969482422,91.69000244140624,91.6999969482422,79.05911254882812,7477400
2023-02-28,91.70999908447266,91.70999908447266,91.6999969482422,91.70999908447266,79.06771850585938,8086900
2023-03-01,91.47000122070312,91.47000122070312,91.45999908447266,91.45999908447266,79.07208251953125,11005600
2023-03-02,91.5,91.5,91.48999786376952,91.48999786376952,79.09799194335938,9631700
2023-03-03,91.5,91.51000213623048,91.5,91.51000213623048,79.11530303955078,7068300
2023-03-06,91.5199966430664,91.5199966430664,91.51000213623048,91.5199966430664,79.12393188476562,6131200
2023-03-07,91.52999877929688,91.54000091552734,91.5199966430664,91.5199966430664,79.12393188476562,4330700
2023-03-08,91.54000091552734,91.54000091552734,91.52999877929688,91.54000091552734,79.14124298095703,8207000
2023-03-09,91.55999755859376,91.56999969482422,91.55999755859376,91.55999755859376,79.15849304199219,6450500
2023-03-10,91.58000183105467,91.58999633789062,91.58000183105467,91.58000183105467,79.17579650878906,13475700
2023-03-13,91.62999725341795,91.62999725341795,91.5999984741211,91.5999984741211,79.19309997558594,21685200
2023-03-14,91.62000274658205,91.62999725341795,91.61000061035156,91.61000061035156,79.20172882080078,35715200
2023-03-15,91.6500015258789,91.66000366210938,91.63999938964844,91.66000366210938,79.24496459960938,11411700
2023-03-16,91.69000244140624,91.6999969482422,91.69000244140624,91.6999969482422,79.27953338623047,9320200
2023-03-17,91.69000244140624,91.72000122070312,91.69000244140624,91.72000122070312,79.29683685302734,8580300
2023-03-20,91.72000122070312,91.7300033569336,91.70999908447266,91.7300033569336,79.30549621582031,8169600
2023-03-21,91.72000122070312,91.73999786376952,91.72000122070312,91.7300033569336,79.30549621582031,7888500
2023-03-22,91.73999786376952,91.75,91.73999786376952,91.75,79.32278442382812,8202600
2023-03-23,91.7699966430664,91.79000091552734,91.7699966430664,91.79000091552734,79.35734558105469,5769500
2023-03-24,91.8000030517578,91.80999755859376,91.79000091552734,91.80999755859376,79.37464141845703,7374800
2023-03-27,91.8000030517578,91.80999755859376,91.8000030517578,91.8000030517578,79.36602020263672,6188600
2023-03-28,91.81999969482422,91.83000183105467,91.81999969482422,91.81999969482422,79.38328552246094,6215000
2023-03-29,91.81999969482422,91.83999633789062,91.81999969482422,91.81999969482422,79.38328552246094,4705700
2023-03-30,91.83999633789062,91.8499984741211,91.81999969482422,91.83999633789062,79.40056610107422,9284700
2023-03-31,91.83999633789062,91.83999633789062,91.81999969482422,91.81999969482422,79.38328552246094,11615500
2023-04-03,91.4800033569336,91.4800033569336,91.47000122070312,91.47000122070312,79.40241241455078,12494900
2023-04-04,91.4800033569336,91.48999786376952,91.4800033569336,91.4800033569336,79.41107940673828,10265800
2023-04-05,91.52999877929688,91.54000091552734,91.52999877929688,91.52999877929688,79.4544677734375,6913900
2023-04-06,91.5500030517578,91.5500030517578,91.54000091552734,91.54000091552734,79.4631576538086,4941400
2023-04-10,91.55999755859376,91.55999755859376,91.5500030517578,91.5500030517578,79.47183990478516,5741900
2023-04-11,91.55999755859376,91.56999969482422,91.55999755859376,91.55999755859376,79.4804916381836,7722600
2023-04-12,91.58000183105467,91.58999633789062,91.56999969482422,91.58000183105467,79.49787902832031,8786200
2023-04-13,91.62000274658205,91.62999725341795,91.62000274658205,91.62999725341795,79.5412826538086,8673900
2023-04-14,91.62999725341795,91.63999938964844,91.62000274658205,91.62999725341795,79.5412826538086,9391100
2023-04-17,91.63999938964844,91.6500015258789,91.63999938964844,91.6500015258789,79.55863952636719,5173800
2023-04-18,91.6500015258789,91.66999816894533,91.6500015258789,91.66000366210938,79.56732940673828,4540700
2023-04-19,91.68000030517578,91.68000030517578,91.66999816894533,91.66999816894533,79.57598876953125,5901900
2023-04-20,91.72000122070312,91.73999786376952,91.70999908447266,91.73999786376952,79.63676452636719,6034400
2023-04-21,91.7300033569336,91.7300033569336,91.72000122070312,91.7300033569336,79.62808990478516,5880900
2023-04-24,91.75,91.75,91.7300033569336,91.73999786376952,79.63676452636719,8195900
2023-04-25,91.73999786376952,91.75,91.7300033569336,91.7300033569336,79.62808990478516,4222500
2023-04-26,91.73999786376952,91.75,91.73999786376952,91.75,79.64546966552734,7365200
2023-04-27,91.77999877929688,91.79000091552734,91.7699966430664,91.77999877929688,79.67149353027344,5585400
2023-04-28,91.7699966430664,91.77999877929688,91.7699966430664,91.77999877929688,79.67149353027344,6539100
2023-05-01,91.44000244140624,91.4499969482422,91.43000030517578,91.43000030517578,79.67412567138672,11273300
2023-05-02,91.44000244140624,91.44000244140624,91.41000366210938,91.41000366210938,79.65666961669922,5495900
2023-05-03,91.43000030517578,91.43000030517578,91.41999816894533,91.41999816894533,79.6654052734375,5533100
2023-05-04,91.45999908447266,91.45999908447266,91.44000244140624,91.4499969482422,79.69155883789062,8052700
2023-05-05,91.47000122070312,91.48999786376952,91.45999908447266,91.47000122070312,79.70897674560547,7170200
2023-05-08,91.4800033569336,91.48999786376952,91.4800033569336,91.4800033569336,79.71768188476562,5508600
2023-05-09,91.5,91.5,91.48999786376952,91.48999786376952,79.72639465332031,6850300
2023-05-10,91.51000213623048,91.5199966430664,91.5,91.5,79.73509979248047,4831800
2023-05-11,91.55999755859376,91.56999969482422,91.5500030517578,91.55999755859376,79.7873764038086,6159800
2023-05-12,91.58000183105467,91.58000183105467,91.56999969482422,91.58000183105467,79.80482482910156,4328600
2023-05-15,91.58000183105467,91.58999633789062,91.58000183105467,91.58999633789062,79.81352233886719,4056100
2023-05-16,91.58999633789062,91.5999984741211,91.58000183105467,91.58000183105467,79.80482482910156,8530400
2023-05-17,91.5999984741211,91.61000061035156,91.5999984741211,91.5999984741211,79.82225799560547,5415400
2023-05-18,91.63999938964844,91.6500015258789,91.62999725341795,91.6500015258789,79.86581420898438,6434000
2023-05-19,91.66000366210938,91.66000366210938,91.63999938964844,91.6500015258789,79.86581420898438,6447400
2023-05-22,91.66000366210938,91.66000366210938,91.6500015258789,91.66000366210938,79.87454223632812,8404900
2023-05-23,91.66000366210938,91.66999816894533,91.66000366210938,91.66000366210938,79.87454223632812,5050500
2023-05-24,91.66999816894533,91.68000030517578,91.66000366210938,91.66000366210938,79.87454223632812,4762100
2023-05-25,91.7300033569336,91.7300033569336,91.72000122070312,91.72000122070312,79.92679595947266,5264000
2023-05-26,91.75,91.76000213623048,91.73999786376952,91.73999786376952,79.94424438476562,5923200
2023-05-30,91.76000213623048,91.7699966430664,91.75,91.75,79.9529800415039,11529300
2023-05-31,91.7699966430664,91.77999877929688,91.7699966430664,91.7699966430664,79.97037506103516,9807400
2023-06-01,91.4499969482422,91.4499969482422,91.44000244140624,91.4499969482422,80.01502990722656,10700500
2023-06-02,91.45999908447266,91.45999908447266,91.44000244140624,91.45999908447266,80.02376556396484,10257500
2023-06-05,91.47000122070312,91.47000122070312,91.4499969482422,91.45999908447266,80.02376556396484,9596600
2023-06-06,91.4800033569336,91.48999786376952,91.47000122070312,91.4800033569336,80.04126739501953,6120900
2023-06-07,91.48999786376952,91.51000213623048,91.48999786376952,91.48999786376952,80.0500259399414,6483100
2023-06-08,91.52999877929688,91.54000091552734,91.52999877929688,91.54000091552734,80.09378814697266,8802000
2023-06-09,91.54000091552734,91.5500030517578,91.54000091552734,91.5500030517578,80.10252380371094,6452300
2023-06-12,91.55999755859376,91.56999969482422,91.55999755859376,91.55999755859376,80.11123657226562,3776900
2023-06-13,91.56999969482422,91.58000183105467,91.56999969482422,91.58000183105467,80.12877655029297,6784200
2023-06-14,91.58999633789062,91.5999984741211,91.58000183105467,91.5999984741211,80.14624786376953,5756300
2023-06-15,91.63999938964844,91.6500015258789,91.63999938964844,91.63999938964844,80.18128204345703,9827300
2023-06-16,91.66000366210938,91.66000366210938,91.6500015258789,91.6500015258789,80.18999481201172,4765300
2023-06-20,91.66000366210938,91.66999816894533,91.66000366210938,91.66999816894533,80.20748901367188,6174300
2023-06-21,91.68000030517578,91.69000244140624,91.66999816894533,91.66999816894533,80.20748901367188,4945300
2023-06-22,91.70999908447266,91.72000122070312,91.70999908447266,91.70999908447266,80.24249267578125,4698400
2023-06-23,91.72000122070312,91.7300033569336,91.72000122070312,91.72000122070312,80.2512435913086,3851500
2023-06-26,91.73999786376952,91.75,91.7300033569336,91.7300033569336,80.260009765625,7241300
2023-06-27,91.75,91.76000213623048,91.75,91.75,80.27751922607422,5476300
2023-06-28,91.7699966430664,91.7699966430664,91.76000213623048,91.76000213623048,80.28626251220703,4486800
2023-06-29,91.8000030517578,91.80999755859376,91.79000091552734,91.79000091552734,80.31250762939453,5728000
2023-06-30,91.81999969482422,91.83000183105467,91.81999969482422,91.81999969482422,80.33873748779297,8054800
2023-07-03,91.45999908447266,91.47000122070312,91.45999908447266,91.47000122070312,80.35897064208984,7158200
2023-07-05,91.4800033569336,91.48999786376952,91.47000122070312,91.4800033569336,80.36774444580078,7981500
2023-07-06,91.51000213623048,91.5199966430664,91.51000213623048,91.51000213623048,80.39411926269531,7570000
2023-07-07,91.5199966430664,91.52999877929688,91.5199966430664,91.5199966430664,80.40287780761719,6491000
2023-07-10,91.52999877929688,91.54000091552734,91.52999877929688,91.54000091552734,80.42047119140625,4186000
2023-07-11,91.5500030517578,91.55999755859376,91.5500030517578,91.5500030517578,80.42925262451172,5567400
2023-07-12,91.55999755859376,91.56999969482422,91.55999755859376,91.56999969482422,80.44682312011719,7188100
2023-07-13,91.5999984741211,91.61000061035156,91.5999984741211,91.61000061035156,80.48194122314453,5902600
2023-07-14,91.61000061035156,91.62000274658205,91.61000061035156,91.62000274658205,80.49075317382812,6505800
2023-07-17,91.62999725341795,91.62999725341795,91.62000274658205,91.62999725341795,80.4995346069336,3932600
2023-07-18,91.63999938964844,91.63999938964844,91.62999725341795,91.62999725341795,80.4995346069336,4775800
2023-07-19,91.6500015258789,91.66000366210938,91.6500015258789,91.6500015258789,80.51708221435547,5132100
2023-07-20,91.69000244140624,91.6999969482422,91.68000030517578,91.6999969482422,80.5610122680664,5047600
2023-07-21,91.6999969482422,91.70999908447266,91.6999969482422,91.6999969482422,80.5610122680664,4087100
2023-07-24,91.70999908447266,91.72000122070312,91.70999908447266,91.70999908447266,80.56979370117188,3752400
2023-07-25,91.7300033569336,91.7300033569336,91.72000122070312,91.72000122070312,80.57858276367188,4170500
2023-07-26,91.73999786376952,91.73999786376952,91.7300033569336,91.7300033569336,80.58739471435547,4700000
2023-07-27,91.7699966430664,91.77999877929688,91.7699966430664,91.77999877929688,80.63128662109375,4727800
2023-07-28,91.79000091552734,91.8000030517578,91.79000091552734,91.79000091552734,80.64009094238281,3709200
2023-07-31,91.8000030517578,91.80999755859376,91.8000030517578,91.8000030517578,80.64887237548828,6716600
2023-08-01,91.43000030517578,91.43000030517578,91.41999816894533,91.43000030517578,80.6700668334961,13360200
2023-08-02,91.44000244140624,91.44000244140624,91.43000030517578,91.44000244140624,80.67889404296875,8208300
2023-08-03,91.4800033569336,91.4800033569336,91.47000122070312,91.4800033569336,80.71416473388672,5681100
2023-08-04,91.48999786376952,91.5,91.48999786376952,91.5,80.73180389404297,6200000
2023-08-07,91.51000213623048,91.51000213623048,91.5,91.5,80.73180389404297,5978000
2023-08-08,91.5199966430664,91.5199966430664,91.51000213623048,91.5199966430664,80.74945831298828,6517900
2023-08-09,91.52999877929688,91.54000091552734,91.52999877929688,91.52999877929688,80.75828552246094,4293000
2023-08-10,91.55999755859376,91.58000183105467,91.55999755859376,91.58000183105467,80.80240631103516,5120600
2023-08-11,91.58000183105467,91.58999633789062,91.58000183105467,91.58999633789062,80.81120300292969,3669100
2023-08-14,91.58999633789062,91.5999984741211,91.58999633789062,91.5999984741211,80.82005310058594,6596100
2023-08-15,91.5999984741211,91.61000061035156,91.5999984741211,91.61000061035156,80.82886505126953,4853100
2023-08-16,91.62000274658205,91.62999725341795,91.62000274658205,91.62999725341795,80.84651947021484,7890300
2023-08-17,91.66000366210938,91.66999816894533,91.66000366210938,91.66999816894533,80.88178253173828,5621700
2023-08-18,91.68000030517578,91.68000030517578,91.66999816894533,91.68000030517578,80.89063262939453,6774400
2023-08-21,91.69000244140624,91.69000244140624,91.68000030517578,91.69000244140624,80.89945983886719,5959700
2023-08-22,91.70999908447266,91.70999908447266,91.6999969482422,91.6999969482422,80.90827941894531,5775600
2023-08-23,91.70999908447266,91.72000122070312,91.70999908447266,91.72000122070312,80.92591857910156,9529300
2023-08-24,91.75,91.76000213623048,91.75,91.75,80.95240783691406,6746700
2023-08-25,91.76000213623048,91.7699966430664,91.76000213623048,91.7699966430664,80.97001647949219,4883000
2023-08-28,91.77999877929688,91.79000091552734,91.77999877929688,91.79000091552734,80.98767852783203,4264100
2023-08-29,91.8000030517578,91.8000030517578,91.77999877929688,91.77999877929688,80.97884368896484,9168200
2023-08-30,91.8000030517578,91.80999755859376,91.79000091552734,91.8000030517578,80.99650573730469,6427000
2023-08-31,91.8499984741211,91.86000061035156,91.8499984741211,91.86000061035156,81.04946899414062,7771500
2023-09-01,91.47000122070312,91.47000122070312,91.45999908447266,91.47000122070312,81.062744140625,21540500
2023-09-05,91.48999786376952,91.48999786376952,91.4800033569336,91.48999786376952,81.0804672241211,8316300
2023-09-06,91.5,91.5,91.48999786376952,91.48999786376952,81.0804672241211,6524800
2023-09-07,91.52999877929688,91.54000091552734,91.52999877929688,91.54000091552734,81.12479400634766,6808100
2023-09-08,91.54000091552734,91.5500030517578,91.54000091552734,91.5500030517578,81.13365173339844,6393300
2023-09-11,91.56999969482422,91.56999969482422,91.5500030517578,91.5500030517578,81.13365173339844,8027100
2023-09-12,91.56999969482422,91.58000183105467,91.56999969482422,91.58000183105467,81.16022491455078,9948400
2023-09-13,91.58000183105467,91.58999633789062,91.58000183105467,91.58999633789062,81.1690902709961,4696200
2023-09-14,91.62000274658205,91.62999725341795,91.62000274658205,91.62000274658205,81.19569396972656,4214800
2023-09-15,91.63999938964844,91.63999938964844,91.62999725341795,91.63999938964844,81.21341705322266,4688800
2023-09-18,91.66000366210938,91.66000366210938,91.6500015258789,91.6500015258789,81.22225952148438,7376200
2023-09-19,91.66000366210938,91.66999816894533,91.66000366210938,91.66000366210938,81.23116302490234,4357400
2023-09-20,91.66999816894533,91.68000030517578,91.66999816894533,91.66999816894533,81.23997497558594,5946200
2023-09-21,91.70999908447266,91.72000122070312,91.70999908447266,91.72000122070312,81.2842788696289,7522700
2023-09-22,91.7300033569336,91.73999786376952,91.7300033569336,91.7300033569336,81.29318237304688,15684400
2023-09-25,91.75,91.75,91.73999786376952,91.73999786376952,81.30200958251953,7492000
2023-09-26,91.75,91.76000213623048,91.75,91.75,81.3108901977539,7130600
2023-09-27,91.77999877929688,91.77999877929688,91.76000213623048,91.77999877929688,81.33745574951172,7669700
2023-09-28,91.8000030517578,91.81999969482422,91.8000030517578,91.80999755859376,81.36405181884766,8426400
2023-09-29,91.81999969482422,91.83000183105467,91.81999969482422,91.81999969482422,81.3729248046875,9081500
2023-10-02,91.4499969482422,91.4499969482422,91.44000244140624,91.44000244140624,81.3853759765625,22550400
2023-10-03,91.45999908447266,91.45999908447266,91.4499969482422,91.45999908447266,81.4031982421875,10648800
2023-10-04,91.45999908447266,91.47000122070312,91.45999908447266,91.47000122070312,81.4120864868164,26575700
2023-10-05,91.5199966430664,91.52999877929688,91.5199966430664,91.52999877929688,81.46546173095703,8295300
2023-10-06,91.54000091552734,91.54000091552734,91.52999877929688,91.52999877929688,81.46546173095703,9856100
2023-10-09,91.54000091552734,91.5500030517578,91.52999877929688,91.54000091552734,81.47437286376953,5972300
2023-10-10,91.5500030517578,91.55999755859376,91.54000091552734,91.54000091552734,81.47437286376953,8463700
2023-10-11,91.5500030517578,91.55999755859376,91.5500030517578,91.55999755859376,81.49215698242188,6839400
2023-10-12,91.5999984741211,91.5999984741211,91.58999633789062,91.5999984741211,81.52777862548828,7528700
2023-10-13,91.61000061035156,91.62000274658205,91.61000061035156,91.62000274658205,81.54560089111328,15013900
2023-10-16,91.63999938964844,91.63999938964844,91.62000274658205,91.62999725341795,81.55445861816406,8181800
2023-10-17,91.63999938964844,91.6500015258789,91.63999938964844,91.63999938964844,81.56339263916016,5363200
2023-10-18,91.6500015258789,91.66000366210938,91.6500015258789,91.6500015258789,81.57228088378906,6069500
2023-10-19,91.69000244140624,91.6999969482422,91.69000244140624,91.69000244140624,81.60787200927734,4551500
2023-10-20,91.70999908447266,91.70999908447266,91.6999969482422,91.70999908447266,81.62567901611328,4887100
2023-10-23,91.7300033569336,91.7300033569336,91.72000122070312,91.72000122070312,81.63458251953125,14352700
2023-10-24,91.73999786376952,91.73999786376952,91.7300033569336,91.7300033569336,81.64349365234375,12544200
2023-10-25,91.75,91.75,91.73999786376952,91.73999786376952,81.65238189697266,12376000
2023-10-26,91.79000091552734,91.79000091552734,91.77999877929688,91.77999877929688,81.68798065185547,9920000
2023-10-27,91.8000030517578,91.81999969482422,91.8000030517578,91.80999755859376,81.71466064453125,28351200
2023-10-30,91.80999755859376,91.81999969482422,91.80999755859376,91.81999969482422,81.72357940673828,25136900
2023-10-31,91.81999969482422,91.83000183105467,91.81999969482422,91.81999969482422,81.72357940673828,16748400
2023-11-01,91.44000244140624,91.44000244140624,91.43000030517578,91.44000244140624,81.7486343383789,25791900
2023-11-02,91.47000122070312,91.4800033569336,91.47000122070312,91.47000122070312,81.77545928955078,11970800
2023-11-03,91.4800033569336,91.48999786376952,91.4800033569336,91.4800033569336,81.78438568115234,13721100
2023-11-06,91.5,91.5,91.48999786376952,91.48999786376952,81.79331970214844,28039200
2023-11-07,91.51000213623048,91.5199966430664,91.51000213623048,91.51000213623048,81.81121063232422,6951000
2023-11-08,91.52999877929688,91.52999877929688,91.5199966430664,91.5199966430664,81.82014465332031,9180800
2023-11-09,91.55999755859376,91.56999969482422,91.55999755859376,91.56999969482422,81.8648452758789,11886800
2023-11-10,91.58000183105467,91.58999633789062,91.58000183105467,91.58000183105467,81.87378692626953,5556400
2023-11-13,91.58999633789062,91.5999984741211,91.58999633789062,91.58999633789062,81.88273620605469,6166700
2023-11-14,91.5999984741211,91.61000061035156,91.5999984741211,91.5999984741211,81.89167785644531,11126500
2023-11-15,91.62999725341795,91.62999725341795,91.62000274658205,91.62000274658205,81.90956115722656,10552700
2023-11-16,91.66000366210938,91.66999816894533,91.66000366210938,91.66000366210938,81.94532775878906,7802900
2023-11-17,91.66999816894533,91.68000030517578,91.66999816894533,91.68000030517578,81.96319580078125,6783200
2023-11-20,91.69000244140624,91.69000244140624,91.68000030517578,91.68000030517578,81.96319580078125,8494100
2023-11-21,91.72000122070312,91.72000122070312,91.70999908447266,91.70999908447266,81.9900131225586,13067100
2023-11-22,91.76000213623048,91.76000213623048,91.75,91.75,82.02578735351562,7626700
2023-11-24,91.76000213623048,91.7699966430664,91.76000213623048,91.76000213623048,82.03469848632812,2839000
2023-11-27,91.7699966430664,91.77999877929688,91.7699966430664,91.7699966430664,82.04364013671875,9166000
2023-11-28,91.79000091552734,91.8000030517578,91.79000091552734,91.79000091552734,82.06151580810547,7244700
2023-11-29,91.8000030517578,91.80999755859376,91.8000030517578,91.8000030517578,82.07046508789062,6942200
2023-11-30,91.83999633789062,91.8499984741211,91.83999633789062,91.83999633789062,82.10623168945312,18629900
2023-12-01,91.4499969482422,91.4499969482422,91.44000244140624,91.44000244140624,82.123291015625,21247800
2023-12-04,91.4499969482422,91.45999908447266,91.44000244140624,91.44000244140624,82.123291015625,15503000
2023-12-05,91.47000122070312,91.47000122070312,91.45999908447266,91.45999908447266,82.14126586914062,6463400
2023-12-06,91.47000122070312,91.4800033569336,91.47000122070312,91.47000122070312,82.15023040771484,6941700
2023-12-07,91.51000213623048,91.5199966430664,91.51000213623048,91.51000213623048,82.1861572265625,7369300
2023-12-08,91.52999877929688,91.54000091552734,91.52999877929688,91.52999877929688,82.20413208007812,5730100
2023-12-11,91.5500030517578,91.5500030517578,91.54000091552734,91.5500030517578,82.22207641601562,5613500
2023-12-12,91.55999755859376,91.55999755859376,91.5500030517578,91.5500030517578,82.22207641601562,7885900
2023-12-13,91.55999755859376,91.56999969482422,91.55999755859376,91.55999755859376,82.2310562133789,6781800
2023-12-14,91.5999984741211,91.61000061035156,91.5999984741211,91.5999984741211,82.26699829101562,13475400
2023-12-15,91.62000274658205,91.62999725341795,91.62000274658205,91.62999725341795,82.29393005371094,6917600
2023-12-18,91.22000122070312,91.22000122070312,91.20999908447266,91.22000122070312,82.3038558959961,8910900
2023-12-19,91.2300033569336,91.23999786376952,91.22000122070312,91.22000122070312,82.3038558959961,6977300
2023-12-20,91.23999786376952,91.25,91.23999786376952,91.23999786376952,82.32191467285156,8098700
2023-12-21,91.29000091552734,91.3000030517578,91.29000091552734,91.3000030517578,82.37604522705078,5055200
2023-12-22,91.3000030517578,91.30999755859376,91.3000030517578,91.30999755859376,82.38504791259766,7471600
2023-12-26,91.33000183105467,91.33000183105467,91.31999969482422,91.33000183105467,82.40312957763672,4638800
2023-12-27,91.33000183105467,91.33999633789062,91.33000183105467,91.33000183105467,82.40312957763672,4717700
2023-12-28,91.37999725341795,91.38999938964844,91.37999725341795,91.38999938964844,82.45723724365234,5605100
2023-12-29,91.4000015258789,91.4000015258789,91.38999938964844,91.38999938964844,82.45723724365234,5588600
2024-01-02,91.4000015258789,91.41000366210938,91.4000015258789,91.4000015258789,82.46624755859375,9445500
2024-01-03,91.41000366210938,91.43000030517578,91.41000366210938,91.43000030517578,82.49332427978516,6793500
2024-01-04,91.45999908447266,91.47000122070312,91.45999908447266,91.45999908447266,82.52040100097656,5840200
2024-01-05,91.4800033569336,91.4800033569336,91.47000122070312,91.47000122070312,82.52941131591797,4991800
2024-01-08,91.4800033569336,91.48999786376952,91.4800033569336,91.4800033569336,82.5384521484375,4889900
2024-01-09,91.5,91.5,91.48999786376952,91.48999786376952,82.54747772216797,5080800
2024-01-10,91.51000213623048,91.5199966430664,91.51000213623048,91.51000213623048,82.56551361083984,8798600
2024-01-11,91.55999755859376,91.56999969482422,91.55999755859376,91.55999755859376,82.610595703125,5947100
2024-01-12,91.56999969482422,91.58000183105467,91.56999969482422,91.58000183105467,82.62866973876953,5049200
2024-01-16,91.58999633789062,91.5999984741211,91.58999633789062,91.58999633789062,82.6376953125,6485200
2024-01-17,91.5999984741211,91.61000061035156,91.5999984741211,91.61000061035156,82.65573120117188,5915700
2024-01-18,91.63999938964844,91.6500015258789,91.63999938964844,91.6500015258789,82.69181823730469,5270500
2024-01-19,91.66000366210938,91.66000366210938,91.6500015258789,91.66000366210938,82.70086669921875,5444600
2024-01-22,91.66999816894533,91.68000030517578,91.66999816894533,91.66999816894533,82.70986938476562,6114000
2024-01-23,91.68000030517578,91.69000244140624,91.68000030517578,91.68000030517578,82.71888732910156,4961800
2024-01-24,91.69000244140624,91.6999969482422,91.69000244140624,91.69000244140624,82.72792053222656,6486100
2024-01-25,91.73999786376952,91.73999786376952,91.7300033569336,91.73999786376952,82.77302551269531,6059500
2024-01-26,91.75,91.75,91.73999786376952,91.75,82.78205871582031,5612900
2024-01-29,91.76000213623048,91.7699966430664,91.76000213623048,91.76000213623048,82.79106903076172,5646100
2024-01-30,91.7699966430664,91.77999877929688,91.7699966430664,91.7699966430664,82.80010223388672,30704200
2024-01-31,91.79000091552734,91.79000091552734,91.77999877929688,91.77999877929688,82.80912017822266,10964400
2024-02-01,91.41999816894533,91.43000030517578,91.41999816894533,91.41999816894533,82.85082244873047,14759200
2024-02-02,91.44000244140624,91.44000244140624,91.43000030517578,91.44000244140624,82.86895751953125,8157700
2024-02-05,91.4499969482422,91.4499969482422,91.44000244140624,91.44000244140624,82.86895751953125,6923400
2024-02-06,91.45999908447266,91.45999908447266,91.4499969482422,91.45999908447266,82.88705444335938,5037900
2024-02-07,91.4800033569336,91.4800033569336,91.47000122070312,91.47000122070312,82.8961181640625,8475400
2024-02-08,91.5199966430664,91.5199966430664,91.51000213623048,91.51000213623048,82.93238067626953,5406300
2024-02-09,91.5199966430664,91.52999877929688,91.5199966430664,91.5199966430664,82.94145202636719,5087000
2024-02-12,91.54000091552734,91.54000091552734,91.52999877929688,91.54000091552734,82.95957946777344,7216800
2024-02-13,91.54000091552734,91.5500030517578,91.54000091552734,91.54000091552734,82.95957946777344,7655100
2024-02-14,91.55999755859376,91.56999969482422,91.55999755859376,91.55999755859376,82.9776611328125,6028000
2024-02-15,91.62000274658205,91.62000274658205,91.61000061035156,91.61000061035156,83.02299499511719,4800600
2024-02-16,91.62000274658205,91.62999725341795,91.62000274658205,91.62999725341795,83.04112243652344,6052600
2024-02-20,91.6500015258789,91.6500015258789,91.63999938964844,91.63999938964844,83.05017852783203,4841100
2024-02-21,91.6500015258789,91.66000366210938,91.6500015258789,91.6500015258789,83.05924987792969,5127600
2024-02-22,91.69000244140624,91.6999969482422,91.69000244140624,91.6999969482422,83.10456085205078,7474000
2024-02-23,91.6999969482422,91.70999908447266,91.6999969482422,91.70999908447266,83.1136474609375,5608600
2024-02-26,91.72000122070312,91.72000122070312,91.70999908447266,91.70999908447266,83.1136474609375,4644800
2024-02-27,91.7300033569336,91.73999786376952,91.7300033569336,91.7300033569336,83.13174438476562,6027500
2024-02-28,91.73999786376952,91.75,91.73999786376952,91.73999786376952,83.14082336425781,3917600
2024-02-29,91.77999877929688,91.79000091552734,91.77999877929688,91.77999877929688,83.17705535888672,13028900
2024-03-01,91.44000244140624,91.4499969482422,91.44000244140624,91.4499969482422,83.19981384277344,13095400
2024-03-04,91.45999908447266,91.45999908447266,91.4499969482422,91.45999908447266,83.20889282226562,8628300
2024-03-05,91.47000122070312,91.47000122070312,91.45999908447266,91.45999908447266,83.20889282226562,10329500
2024-03-06,91.48999786376952,91.48999786376952,91.4800033569336,91.4800033569336,83.22709655761719,6752000
2024-03-07,91.52999877929688,91.52999877929688,91.5199966430664,91.5199966430664,83.26348876953125,4388600
2024-03-08,91.52999877929688,91.54000091552734,91.52999877929688,91.52999877929688,83.27259826660156,4298900
2024-03-11,91.5500030517578,91.5500030517578,91.54000091552734,91.54000091552734,83.28166961669922,5117900
2024-03-12,91.55999755859376,91.56999969482422,91.55999755859376,91.56999969482422,83.30896759033203,4136600
2024-03-13,91.58000183105467,91.58000183105467,91.56999969482422,91.56999969482422,83.30896759033203,4478400
2024-03-14,91.61000061035156,91.62000274658205,91.61000061035156,91.61000061035156,83.34538269042969,4603000
2024-03-15,91.62999725341795,91.62999725341795,91.62000274658205,91.62999725341795,83.36357116699219,4445600
2024-03-18,91.63999938964844,91.63999938964844,91.62999725341795,91.63999938964844,83.37266540527344,5594400
2024-03-19,91.6500015258789,91.66000366210938,91.6500015258789,91.66000366210938,83.390869140625,5681900
2024-03-20,91.66000366210938,91.66999816894533,91.66000366210938,91.66999816894533,83.39994049072266,4398200
2024-03-21,91.6999969482422,91.70999908447266,91.6999969482422,91.6999969482422,83.42726135253906,7534900
2024-03-22,91.70999908447266,91.72000122070312,91.70999908447266,91.70999908447266,83.43636322021484,4686400
2024-03-25,91.73999786376952,91.73999786376952,91.7300033569336,91.7300033569336,83.45455932617188,4050000
2024-03-26,91.73999786376952,91.75,91.73999786376952,91.73999786376952,83.46363830566406,4276000
2024-03-27,91.79000091552734,91.8000030517578,91.79000091552734,91.8000030517578,83.51822662353516,5350700
2024-03-28,91.8000030517578,91.80999755859376,91.8000030517578,91.8000030517578,83.51822662353516,10199200
2024-04-01,91.41999816894533,91.43000030517578,91.41999816894533,91.41999816894533,83.54107666015625,14208200
2024-04-02,91.44000244140624,91.44000244140624,91.43000030517578,91.44000244140624,83.55935668945312,8902500
2024-04-03,91.4499969482422,91.4499969482422,91.44000244140624,91.44000244140624,83.55935668945312,8433900
2024-04-04,91.4800033569336,91.48999786376952,91.4800033569336,91.4800033569336,83.59590911865234,6620400
2024-04-05,91.5,91.5,91.48999786376952,91.5,83.61419677734375,5463200
2024-04-08,91.5199966430664,91.5199966430664,91.51000213623048,91.51000213623048,83.6233139038086,4983800
2024-04-09,91.5199966430664,91.52999877929688,91.5199966430664,91.5199966430664,83.6324462890625,5562500
2024-04-10,91.52999877929688,91.54000091552734,91.52999877929688,91.54000091552734,83.6507339477539,4799700
2024-04-11,91.56999969482422,91.58000183105467,91.56999969482422,91.56999969482422,83.67814636230469,5081500
2024-04-12,91.58000183105467,91.58999633789062,91.58000183105467,91.58000183105467,83.68728637695312,7030200
2024-04-15,91.58999633789062,91.5999984741211,91.58999633789062,91.5999984741211,83.70556640625,7376700
2024-04-16,91.62000274658205,91.62000274658205,91.61000061035156,91.61000061035156,83.7146987915039,8427000
2024-04-17,91.62999725341795,91.62999725341795,91.62000274658205,91.62000274658205,83.72383880615234,10975300
2024-04-18,91.66000366210938,91.66999816894533,91.66000366210938,91.66999816894533,83.76950073242188,7379200
2024-04-19,91.68000030517578,91.68000030517578,91.66999816894533,91.68000030517578,83.7786865234375,6855100
2024-04-22,91.6999969482422,91.6999969482422,91.69000244140624,91.6999969482422,83.79694366455078,6628400
2024-04-23,91.70999908447266,91.70999908447266,91.6999969482422,91.70999908447266,83.80609130859375,5991900
2024-04-24,91.70999908447266,91.72000122070312,91.70999908447266,91.70999908447266,83.80609130859375,7103500
2024-04-25,91.76000213623048,91.76000213623048,91.75,91.76000213623048,83.85177612304688,5351100
2024-04-26,91.7699966430664,91.7699966430664,91.76000213623048,91.76000213623048,83.85177612304688,6842800
2024-04-29,91.77999877929688,91.79000091552734,91.77999877929688,91.77999877929688,83.87004852294922,7880000
2024-04-30,91.79000091552734,91.8000030517578,91.79000091552734,91.79000091552734,83.8791732788086,13723600
2024-05-01,91.43000030517578,91.43000030517578,91.41999816894533,91.41999816894533,83.89570617675781,13814700
2024-05-02,91.47000122070312,91.47000122070312,91.45999908447266,91.47000122070312,83.94159698486328,8928200
2024-05-03,91.4800033569336,91.4800033569336,91.47000122070312,91.4800033569336,83.95077514648438,7417900
2024-05-06,91.48999786376952,91.48999786376952,91.4800033569336,91.4800033569336,83.95077514648438,8051000
2024-05-07,91.5,91.5,91.48999786376952,91.48999786376952,83.9599380493164,5471700
2024-05-08,91.51000213623048,91.5199966430664,91.51000213623048,91.51000213623048,83.97830200195312,4992500
2024-05-09,91.5500030517578,91.55999755859376,91.5500030517578,91.55999755859376,84.02417755126953,5300400
2024-05-10,91.55999755859376,91.56999969482422,91.55999755859376,91.55999755859376,84.02417755126953,4157600
2024-05-13,91.56999969482422,91.58000183105467,91.56999969482422,91.58000183105467,84.04254150390625,4583700
2024-05-14,91.5999984741211,91.5999984741211,91.58999633789062,91.58999633789062,84.0517349243164,6834400
2024-05-15,91.61000061035156,91.61000061035156,91.5999984741211,91.5999984741211,84.0608901977539,6416100
2024-05-16,91.6500015258789,91.6500015258789,91.63999938964844,91.63999938964844,84.09760284423828,8627400
2024-05-17,91.66000366210938,91.66000366210938,91.6500015258789,91.6500015258789,84.10678100585938,4260500
2024-05-20,91.66999816894533,91.68000030517578,91.66999816894533,91.66999816894533,84.12510681152344,4460500
2024-05-21,91.69000244140624,91.69000244140624,91.68000030517578,91.68000030517578,84.13433074951172,3358400
2024-05-22,91.6999969482422,91.70999908447266,91.69000244140624,91.6999969482422,84.15266418457031,5629600
2024-05-23,91.75,91.76000213623048,91.75,91.76000213623048,84.20772552490234,5210000
2024-05-24,91.76000213623048,91.7699966430664,91.76000213623048,91.7699966430664,84.21691131591797,4187400
2024-05-28,91.76000213623048,91.7699966430664,91.76000213623048,91.76000213623048,84.20772552490234,4940900
2024-05-29,91.7699966430664,91.77999877929688,91.7699966430664,91.77999877929688,84.22607421875,4961200
2024-05-30,91.79000091552734,91.8000030517578,91.79000091552734,91.8000030517578,84.24445343017578,5711700
2024-05-31,91.81999969482422,91.83000183105467,91.81999969482422,91.81999969482422,84.26280212402344,12454800
2024-06-03,91.4499969482422,91.4499969482422,91.43000030517578,91.43000030517578,84.276611328125,15275200
2024-06-04,91.4499969482422,91.45999908447266,91.44000244140624,91.4499969482422,84.29503631591797,8302300
2024-06-05,91.47000122070312,91.47000122070312,91.45999908447266,91.45999908447266,84.30426788330078,8099300
2024-06-06,91.4800033569336,91.4800033569336,91.47000122070312,91.47000122070312,84.3134765625,4720800
2024-06-07,91.51000213623048,91.5199966430664,91.51000213623048,91.51000213623048,84.35037231445312,5032600
2024-06-10,91.5199966430664,91.52999877929688,91.5199966430664,91.52999877929688,84.3687973022461,4087500
2024-06-11,91.5500030517578,91.5500030517578,91.54000091552734,91.54000091552734,84.37799072265625,4831700
2024-06-12,91.55999755859376,91.55999755859376,91.5500030517578,91.55999755859376,84.39645385742188,6373600
2024-06-13,91.58000183105467,91.58000183105467,91.56999969482422,91.56999969482422,84.4056396484375,5132600
2024-06-14,91.5999984741211,91.62000274658205,91.5999984741211,91.62000274658205,84.45175170898438,5226500
2024-06-17,91.62999725341795,91.62999725341795,91.62000274658205,91.62999725341795,84.46096801757812,5347500
2024-06-18,91.63999938964844,91.6500015258789,91.63999938964844,91.6500015258789,84.47940826416016,6273200
2024-06-20,91.66000366210938,91.66999816894533,91.66000366210938,91.66999816894533,84.49781799316406,5238800
2024-06-21,91.6999969482422,91.70999908447266,91.6999969482422,91.6999969482422,84.52550506591797,5343800
2024-06-24,91.72000122070312,91.72000122070312,91.70999908447266,91.72000122070312,84.54393005371094,5280400
2024-06-25,91.7300033569336,91.73999786376952,91.72000122070312,91.72000122070312,84.54393005371094,3518000
2024-06-26,91.7300033569336,91.73999786376952,91.7300033569336,91.7300033569336,84.55313110351562,4098100
2024-06-27,91.75,91.76000213623048,91.75,91.75,84.57160186767578,4487200
2024-06-28,91.77999877929688,91.79000091552734,91.77999877929688,91.77999877929688,84.59923553466797,10410800
2024-07-01,91.41999816894533,91.41999816894533,91.41000366210938,91.41999816894533,84.62885284423828,11882700
2024-07-02,91.43000030517578,91.43000030517578,91.41999816894533,91.43000030517578,84.63813018798828,8228100
2024-07-03,91.45999908447266,91.45999908447266,91.4499969482422,91.45999908447266,84.6658706665039,4240100
2024-07-05,91.5,91.5,91.48999786376952,91.48999786376952,84.69364166259766,4316500
2024-07-08,91.5,91.5199966430664,91.5,91.51000213623048,84.71217346191406,4748100
2024-07-09,91.5199966430664,91.52999877929688,91.51000213623048,91.51000213623048,84.71217346191406,4311500
2024-07-10,91.54000091552734,91.54000091552734,91.5199966430664,91.52999877929688,84.7306900024414,4653500
2024-07-11,91.54000091552734,91.5500030517578,91.54000091552734,91.54000091552734,84.73993682861328,5960300
2024-07-12,91.58000183105467,91.58999633789062,91.58000183105467,91.58000183105467,84.77698516845703,5872000
2024-07-15,91.58999633789062,91.5999984741211,91.58999633789062,91.5999984741211,84.79547119140625,6130500
2024-07-16,91.61000061035156,91.61000061035156,91.5999984741211,91.5999984741211,84.79547119140625,5457000
2024-07-17,91.62000274658205,91.62999725341795,91.61000061035156,91.62999725341795,84.82324981689453,7883400
2024-07-18,91.62999725341795,91.63999938964844,91.62000274658205,91.63999938964844,84.83251190185547,5746000
2024-07-19,91.68000030517578,91.68000030517578,91.66999816894533,91.66999816894533,84.86026763916016,4604900
2024-07-22,91.68000030517578,91.69000244140624,91.68000030517578,91.69000244140624,84.87879943847656,6777700
2024-07-23,91.69000244140624,91.70999908447266,91.69000244140624,91.69000244140624,84.87879943847656,8687900
2024-07-24,91.72000122070312,91.72000122070312,91.70999908447266,91.72000122070312,84.90657806396484,5548000
2024-07-25,91.72000122070312,91.7300033569336,91.72000122070312,91.72000122070312,84.90657806396484,5926500
2024-07-26,91.7699966430664,91.7699966430664,91.75,91.7699966430664,84.95283508300781,4299300
2024-07-29,91.77999877929688,91.77999877929688,91.7699966430664,91.7699966430664,84.95283508300781,4097400
2024-07-30,91.79000091552734,91.79000091552734,91.77999877929688,91.77999877929688,84.96209716796875,6748000
2024-07-31,91.79000091552734,91.8000030517578,91.79000091552734,91.8000030517578,84.98064422607422,12395000
2024-08-01,91.41000366210938,91.41999816894533,91.41000366210938,91.41999816894533,85.00106811523438,18244900
2024-08-02,91.45999908447266,91.47000122070312,91.4499969482422,91.47000122070312,85.04757690429688,14492000
2024-08-05,91.47000122070312,91.4800033569336,91.47000122070312,91.47000122070312,85.04757690429688,21054200
2024-08-06,91.4800033569336,91.48999786376952,91.4800033569336,91.48999786376952,85.06616973876953,9774300
2024-08-07,91.5,91.51000213623048,91.48999786376952,91.51000213623048,85.08476257324219,14277100
2024-08-08,91.51000213623048,91.5199966430664,91.51000213623048,91.5199966430664,85.09404754638672,6946000
2024-08-09,91.54000091552734,91.5500030517578,91.54000091552734,91.54000091552734,85.11266326904297,7714500
2024-08-12,91.5500030517578,91.56999969482422,91.5500030517578,91.56999969482422,85.14054107666016,6167100
2024-08-13,91.56999969482422,91.58000183105467,91.56999969482422,91.58000183105467,85.14985656738281,7486700
2024-08-14,91.58000183105467,91.5999984741211,91.58000183105467,91.58999633789062,85.15914154052734,5103800
2024-08-15,91.5999984741211,91.61000061035156,91.58999633789062,91.5999984741211,85.16844940185547,6865000
2024-08-16,91.62999725341795,91.6500015258789,91.62999725341795,91.6500015258789,85.21492767333984,8828900
2024-08-19,91.66000366210938,91.66000366210938,91.6500015258789,91.6500015258789,85.21492767333984,5960000
2024-08-20,91.66000366210938,91.66999816894533,91.66000366210938,91.66999816894533,85.23351287841797,5868900
2024-08-21,91.69000244140624,91.69000244140624,91.68000030517578,91.69000244140624,85.25212097167969,4315700
2024-08-22,91.69000244140624,91.6999969482422,91.69000244140624,91.69000244140624,85.25212097167969,5644000
2024-08-23,91.7300033569336,91.73999786376952,91.7300033569336,91.7300033569336,85.28933715820312,6458000
2024-08-26,91.73999786376952,91.75,91.73999786376952,91.73999786376952,85.2986068725586,6712300
2024-08-27,91.76000213623048,91.76000213623048,91.75,91.76000213623048,85.31720733642578,6549600
2024-08-28,91.7699966430664,91.7699966430664,91.76000213623048,91.7699966430664,85.32649993896484,6373600
2024-08-29,91.77999877929688,91.79000091552734,91.7699966430664,91.7699966430664,85.32649993896484,4766800
2024-08-30,91.83000183105467,91.83000183105467,91.81999969482422,91.81999969482422,85.37298583984375,12422200
2024-09-03,91.4499969482422,91.45999908447266,91.44000244140624,91.45999908447266,85.40660858154297,18003300
2024-09-04,91.47000122070312,91.47000122070312,91.45999908447266,91.47000122070312,85.41595458984375,6427400
2024-09-05,91.4800033569336,91.48999786376952,91.47000122070312,91.4800033569336,85.42528533935547,7293000
2024-09-06,91.52999877929688,91.52999877929688,91.5199966430664,91.52999877929688,85.47198486328125,7105200
2024-09-09,91.54000091552734,91.54000091552734,91.52999877929688,91.52999877929688,85.47198486328125,5391800
2024-09-10,91.54000091552734,91.55999755859376,91.54000091552734,91.55999755859376,85.49998474121094,4815300
2024-09-11,91.55999755859376,91.56999969482422,91.55999755859376,91.55999755859376,85.49998474121094,7429500
2024-09-12,91.56999969482422,91.58000183105467,91.56999969482422,91.56999969482422,85.50933837890625,5170200
2024-09-13,91.61000061035156,91.62000274658205,91.61000061035156,91.62000274658205,85.55603790283203,8183500
2024-09-16,91.62999725341795,91.63999938964844,91.62999725341795,91.63999938964844,85.57469940185547,6037400
2024-09-17,91.66000366210938,91.66000366210938,91.6500015258789,91.6500015258789,85.58403015136719,9658200
2024-09-18,91.66000366210938,91.68000030517578,91.66000366210938,91.66999816894533,85.60269927978516,7621200
2024-09-19,91.68000030517578,91.69000244140624,91.68000030517578,91.69000244140624,85.62138366699219,8001100
2024-09-20,91.72000122070312,91.7300033569336,91.72000122070312,91.7300033569336,85.65876007080078,6438700
2024-09-23,91.73999786376952,91.73999786376952,91.7300033569336,91.73999786376952,85.6680908203125,6998800
2024-09-24,91.75,91.76000213623048,91.75,91.75,85.67743682861328,11580200
2024-09-25,91.76000213623048,91.7699966430664,91.76000213623048,91.7699966430664,85.69609069824219,5875800
2024-09-26,91.7699966430664,91.77999877929688,91.7699966430664,91.7699966430664,85.69609069824219,4937700
2024-09-27,91.8000030517578,91.80999755859376,91.8000030517578,91.8000030517578,85.72412872314453,8616700
2024-09-30,91.80999755859376,91.81999969482422,91.80999755859376,91.80999755859376,85.73342895507812,11327400
2024-10-01,91.45999908447266,91.45999908447266,91.4499969482422,91.45999908447266,85.75313568115234,13695700
2024-10-02,91.47000122070312,91.47000122070312,91.45999908447266,91.47000122070312,85.76250457763672,7391800
2024-10-03,91.4800033569336,91.48999786376952,91.4800033569336,91.48999786376952,85.78128051757812,5394900
2024-10-04,91.5199966430664,91.5199966430664,91.51000213623048,91.51000213623048,85.8000259399414,6208000
2024-10-07,91.5199966430664,91.52999877929688,91.5199966430664,91.52999877929688,85.81876373291016,6735500
2024-10-08,91.54000091552734,91.54000091552734,91.52999877929688,91.52999877929688,85.81876373291016,5266500
2024-10-09,91.54000091552734,91.5500030517578,91.54000091552734,91.54000091552734,85.8281478881836,6200800
2024-10-10,91.55999755859376,91.55999755859376,91.5500030517578,91.5500030517578,85.83753204345703,4717800
2024-10-11,91.5999984741211,91.5999984741211,91.58999633789062,91.5999984741211,85.88441467285156,6011000
2024-10-14,91.5999984741211,91.61000061035156,91.58999633789062,91.58999633789062,85.8750228881836,4174900
2024-10-15,91.61000061035156,91.62000274658205,91.5999984741211,91.62000274658205,85.90316009521484,5906400
2024-10-16,91.62999725341795,91.62999725341795,91.62000274658205,91.62000274658205,85.90316009521484,5757300
2024-10-17,91.63999938964844,91.63999938964844,91.62999725341795,91.63999938964844,85.92190551757812,4395800
2024-10-18,91.68000030517578,91.68000030517578,91.66000366210938,91.66999816894533,85.95004272460938,5286800
2024-10-21,91.68000030517578,91.69000244140624,91.66999816894533,91.69000244140624,85.96878814697266,5874700
2024-10-22,91.6999969482422,91.6999969482422,91.69000244140624,91.6999969482422,85.97815704345703,4191500
2024-10-23,91.70999908447266,91.70999908447266,91.6999969482422,91.6999969482422,85.97815704345703,5462300
2024-10-24,91.72000122070312,91.72000122070312,91.70999908447266,91.70999908447266,85.98753356933594,4689000
2024-10-25,91.73999786376952,91.75,91.73999786376952,91.75,86.0250473022461,6048400
2024-10-28,91.76000213623048,91.76000213623048,91.75,91.75,86.0250473022461,5718600
2024-10-29,91.7699966430664,91.77999877929688,91.76000213623048,91.7699966430664,86.04377746582031,4704800
2024-10-30,91.77999877929688,91.79000091552734,91.77999877929688,91.77999877929688,86.05316162109375,4965800
2024-10-31,91.79000091552734,91.8000030517578,91.79000091552734,91.8000030517578,86.07194519042969,12141700
2024-11-01,91.4800033569336,91.4800033569336,91.47000122070312,91.4800033569336,86.10863494873047,15201500
2024-11-04,91.5,91.5,91.48999786376952,91.5,86.12744903564453,9477100
2024-11-05,91.5,91.51000213623048,91.5,91.5,86.12744903564453,4689500
2024-11-06,91.51000213623048,91.5199966430664,91.51000213623048,91.5199966430664,86.14627838134766,9978200
2024-11-07,91.5199966430664,91.52999877929688,91.5199966430664,91.52999877929688,86.15569305419922,7827900
2024-11-08,91.56999969482422,91.58000183105467,91.55999755859376,91.58000183105467,86.20275115966797,8280900
2024-11-11,91.56999969482422,91.58000183105467,91.56999969482422,91.56999969482422,86.19335174560547,8165700
2024-11-12,91.58000183105467,91.58999633789062,91.58000183105467,91.58000183105467,86.20275115966797,5526300
2024-11-13,91.58999633789062,91.5999984741211,91.58999633789062,91.5999984741211,86.22160339355469,4860500
2024-11-14,91.61000061035156,91.61000061035156,91.5999984741211,91.5999984741211,86.22160339355469,6138400
2024-11-15,91.63999938964844,91.63999938964844,91.62999725341795,91.62999725341795,86.24981689453125,9715700
2024-11-18,91.6500015258789,91.66000366210938,91.63999938964844,91.63999938964844,86.25923919677734,7387900
2024-11-19,91.66000366210938,91.66999816894533,91.6500015258789,91.66999816894533,86.28748321533203,7470700
2024-11-20,91.66999816894533,91.68000030517578,91.66999816894533,91.68000030517578,86.29690551757812,5538200
2024-11-21,91.69000244140624,91.69000244140624,91.68000030517578,91.69000244140624,86.3062973022461,5889700
2024-11-22,91.70999908447266,91.72000122070312,91.70999908447266,91.72000122070312,86.33454895019531,6694300
2024-11-25,91.72000122070312,91.7300033569336,91.72000122070312,91.7300033569336,86.34396362304688,5107700
2024-11-26,91.7300033569336,91.73999786376952,91.7300033569336,91.7300033569336,86.34396362304688,6692000
2024-11-27,91.75,91.76000213623048,91.75,91.76000213623048,86.3721923828125,6120700
2024-11-29,91.77999877929688,91.8000030517578,91.77999877929688,91.77999877929688,86.3910140991211,9410500
2024-12-02,91.47000122070312,91.47000122070312,91.45999908447266,91.47000122070312,86.41463470458984,12973900
2024-12-03,91.4800033569336,91.48999786376952,91.4800033569336,91.48999786376952,86.43353271484375,5673500
2024-12-04,91.51000213623048,91.51000213623048,91.5,91.5,86.4429702758789,5963400
2024-12-05,91.5199966430664,91.5199966430664,91.51000213623048,91.51000213623048,86.45242309570312,5880200
2024-12-06,91.5500030517578,91.5500030517578,91.54000091552734,91.5500030517578,86.49021911621094,5706600
2024-12-09,91.55999755859376,91.56999969482422,91.55999755859376,91.55999755859376,86.49964904785156,8793100
2024-12-10,91.56999969482422,91.58000183105467,91.56999969482422,91.58000183105467,86.51854705810547,5400300
2024-12-11,91.58000183105467,91.58999633789062,91.58000183105467,91.58999633789062,86.52800750732422,5845900
2024-12-12,91.5999984741211,91.61000061035156,91.5999984741211,91.61000061035156,86.54690551757812,4770200
2024-12-13,91.63999938964844,91.63999938964844,91.62999725341795,91.63999938964844,86.57524108886719,6271900
2024-12-16,91.6500015258789,91.6500015258789,91.63999938964844,91.6500015258789,86.58468627929688,6761700
2024-12-17,91.66000366210938,91.66000366210938,91.6500015258789,91.66000366210938,86.5941390991211,5827400
2024-12-18,91.66000366210938,91.66999816894533,91.66000366210938,91.66000366210938,86.5941390991211,9268200
2024-12-19,91.3000030517578,91.3000030517578,91.29000091552734,91.29000091552734,86.6064682006836,13876400
2024-12-20,91.31999969482422,91.33000183105467,91.31999969482422,91.33000183105467,86.64442443847656,12690000
2024-12-23,91.33000183105467,91.33999633789062,91.33000183105467,91.33000183105467,86.64442443847656,6572800
2024-12-24,91.3499984741211,91.36000061035156,91.3499984741211,91.3499984741211,86.66337585449219,4145600
2024-12-26,91.37000274658205,91.37000274658205,91.36000061035156,91.37000274658205,86.6823501586914,6192000
2024-12-27,91.41000366210938,91.41000366210938,91.4000015258789,91.41000366210938,86.72029876708984,6143500
2024-12-30,91.41000366210938,91.41999816894533,91.41000366210938,91.41000366210938,86.72029876708984,8990100
2024-12-31,91.44000244140624,91.44000244140624,91.43000030517578,91.43000030517578,86.7392807006836,7301500
2025-01-02,91.4499969482422,91.4499969482422,91.44000244140624,91.4499969482422,86.75825500488281,10756900
2025-01-03,91.4800033569336,91.4800033569336,91.45999908447266,91.45999908447266,86.76773834228516,7837900
2025-01-06,91.47000122070312,91.4800033569336,91.47000122070312,91.47000122070312,86.77722930908203,7827100
2025-01-07,91.48999786376952,91.5,91.4800033569336,91.48999786376952,86.79620361328125,6956800
2025-01-08,91.51000213623048,91.51000213623048,91.5,91.51000213623048,86.81517791748047,6673100
2025-01-10,91.5500030517578,91.5500030517578,91.54000091552734,91.54000091552734,86.84363555908203,10112200
2025-01-13,91.5500030517578,91.55999755859376,91.5500030517578,91.5500030517578,86.8531265258789,7854400
2025-01-14,91.55999755859376,91.56999969482422,91.55999755859376,91.56999969482422,86.8720932006836,6078300
2025-01-15,91.58000183105467,91.58000183105467,91.56999969482422,91.58000183105467,86.881591796875,7253800
2025-01-16,91.58999633789062,91.58999633789062,91.58000183105467,91.58000183105467,86.881591796875,6997800
2025-01-17,91.62000274658205,91.62999725341795,91.62000274658205,91.62999725341795,86.92900085449219,7745500
2025-01-21,91.62999725341795,91.63999938964844,91.62999725341795,91.62999725341795,86.92900085449219,10266200
2025-01-22,91.63999938964844,91.6500015258789,91.63999938964844,91.6500015258789,86.94800567626953,6019200
2025-01-23,91.66000366210938,91.66000366210938,91.6500015258789,91.6500015258789,86.94800567626953,6561500
2025-01-24,91.69000244140624,91.69000244140624,91.68000030517578,91.69000244140624,86.98595428466797,7242200
2025-01-27,91.69000244140624,91.6999969482422,91.69000244140624,91.6999969482422,86.99542999267578,7909600
2025-01-28,91.70999908447266,91.70999908447266,91.6999969482422,91.6999969482422,86.99542999267578,6485500
2025-01-29,91.72000122070312,91.72000122070312,91.70999908447266,91.70999908447266,87.00492858886719,5688800
2025-01-30,91.7300033569336,91.7300033569336,91.72000122070312,91.72000122070312,87.014404296875,7369900
2025-01-31,91.75,91.76000213623048,91.75,91.75,87.04287719726562,13634400
2025-02-03,91.4499969482422,91.4499969482422,91.44000244140624,91.4499969482422,87.06761932373047,17508900
2025-02-04,91.45999908447266,91.45999908447266,91.4499969482422,91.4499969482422,87.06761932373047,9295900
2025-02-05,91.45999908447266,91.47000122070312,91.45999908447266,91.45999908447266,87.0771484375,6249600
2025-02-06,91.4800033569336,91.4800033569336,91.47000122070312,91.4800033569336,87.09617614746094,8308300
2025-02-07,91.51000213623048,91.51000213623048,91.5,91.5,87.11522674560547,6391100
2025-02-10,91.5199966430664,91.5199966430664,91.51000213623048,91.51000213623048,87.12476348876953,5466500
2025-02-11,91.5199966430664,91.52999877929688,91.5199966430664,91.5199966430664,87.13426971435547,6959400
2025-02-12,91.52999877929688,91.54000091552734,91.52999877929688,91.52999877929688,87.14379119873047,6275700
2025-02-13,91.5500030517578,91.5500030517578,91.54000091552734,91.5500030517578,87.16283416748047,6340500
2025-02-14,91.58000183105467,91.58999633789062,91.58000183105467,91.58000183105467,87.1913833618164,6058900
2025-02-18,91.58999633789062,91.5999984741211,91.58999633789062,91.5999984741211,87.21044158935547,8777200
2025-02-19,91.61000061035156,91.61000061035156,91.5999984741211,91.61000061035156,87.21995544433594,5685800
2025-02-20,91.62000274658205,91.62999725341795,91.62000274658205,91.62999725341795,87.23896789550781,5454900
2025-02-21,91.6500015258789,91.66000366210938,91.6500015258789,91.66000366210938,87.26754760742188,7185900
2025-02-24,91.66999816894533,91.66999816894533,91.66000366210938,91.66999816894533,87.2770767211914,9061400
2025-02-25,91.68000030517578,91.68000030517578,91.66999816894533,91.66999816894533,87.2770767211914,8348300
2025-02-26,91.69000244140624,91.69000244140624,91.68000030517578,91.69000244140624,87.2961196899414,8610600
2025-02-27,91.6999969482422,91.6999969482422,91.69000244140624,91.6999969482422,87.3056411743164,6620600
2025-02-28,91.72000122070312,91.7300033569336,91.72000122070312,91.72000122070312,87.32466888427734,13721500
2025-03-03,91.4499969482422,91.4499969482422,91.44000244140624,91.4499969482422,87.34282684326172,17874400
2025-03-04,91.45999908447266,91.45999908447266,91.4499969482422,91.4499969482422,87.34282684326172,12187400
2025-03-05,91.45999908447266,91.47000122070312,91.45999908447266,91.45999908447266,87.35237884521484,11850800
2025-03-06,91.4800033569336,91.4800033569336,91.47000122070312,91.47000122070312,87.36193084716797,10301700
2025-03-07,91.5,91.51000213623048,91.5,91.51000213623048,87.400146484375,10375700
2025-03-10,91.51000213623048,91.5199966430664,91.51000213623048,91.5199966430664,87.40968322753906,29759000
2025-03-11,91.5199966430664,91.52999877929688,91.5199966430664,91.52999877929688,87.41923522949219,19163000
2025-03-12,91.54000091552734,91.54000091552734,91.52999877929688,91.54000091552734,87.42877960205078,20095800
2025-03-13,91.54000091552734,91.55999755859376,91.54000091552734,91.55999755859376,87.44786834716797,14549100
2025-03-14,91.58000183105467,91.58999633789062,91.58000183105467,91.58000183105467,87.46697998046875,15909000
2025-03-17,91.5999984741211,91.5999984741211,91.58999633789062,91.5999984741211,87.48609924316406,9386400
2025-03-18,91.5999984741211,91.61000061035156,91.5999984741211,91.5999984741211,87.48609924316406,8773100
2025-03-19,91.61000061035156,91.62000274658205,91.61000061035156,91.61000061035156,87.49564361572266,8833200
2025-03-20,91.62000274658205,91.62999725341795,91.62000274658205,91.62999725341795,87.51471710205078,8491000
2025-03-21,91.66000366210938,91.66000366210938,91.6500015258789,91.66000366210938,87.54338836669922,6544300
2025-03-24,91.66999816894533,91.66999816894533,91.66000366210938,91.66000366210938,87.54338836669922,8056300
2025-03-25,91.66999816894533,91.68000030517578,91.66999816894533,91.66999816894533,87.55294799804688,18837100
2025-03-26,91.69000244140624,91.69000244140624,91.68000030517578,91.68000030517578,87.56250762939453,7171300
2025-03-27,91.69000244140624,91.6999969482422,91.69000244140624,91.6999969482422,87.58160400390625,8399300
2025-03-28,91.72000122070312,91.7300033569336,91.72000122070312,91.7300033569336,87.6102523803711,10052200
2025-03-31,91.7300033569336,91.73999786376952,91.7300033569336,91.7300033569336,87.6102523803711,22045800
2025-04-01,91.43000030517578,91.43000030517578,91.41999816894533,91.43000030517578,87.63038635253906,19110200
2025-04-02,91.43000030517578,91.44000244140624,91.43000030517578,91.44000244140624,87.63997650146484,9035500
2025-04-03,91.4499969482422,91.4499969482422,91.44000244140624,91.4499969482422,87.64954376220703,24029500
2025-04-04,91.4800033569336,91.48999786376952,91.47000122070312,91.4800033569336,87.67829132080078,33920200
2025-04-07,91.5,91.5,91.4800033569336,91.48999786376952,87.6878890991211,37206000
2025-04-08,91.48999786376952,91.5199966430664,91.48999786376952,91.51000213623048,87.70706939697266,21800900
2025-04-09,91.5,91.51000213623048,91.5,91.51000213623048,87.70706939697266,22907000
2025-04-10,91.51000213623048,91.5199966430664,91.51000213623048,91.5199966430664,87.71663665771484,23678100
2025-04-11,91.5500030517578,91.55999755859376,91.54000091552734,91.55999755859376,87.75495910644531,34807600
2025-04-14,91.55999755859376,91.55999755859376,91.5500030517578,91.55999755859376,87.75495910644531,18027100
2025-04-15,91.56999969482422,91.58000183105467,91.55999755859376,91.58000183105467,87.77413940429688,10082100
2025-04-16,91.58000183105467,91.58999633789062,91.58000183105467,91.58999633789062,87.78372955322266,12016200
2025-04-17,91.62999725341795,91.63999938964844,91.62000274658205,91.62999725341795,87.8220443725586,8243800
2025-04-21,91.62999725341795,91.63999938964844,91.62999725341795,91.63999938964844,87.83165740966797,10032200
2025-04-22,91.63999938964844,91.6500015258789,91.63999938964844,91.63999938964844,87.83165740966797,9201200
2025-04-23,91.66000366210938,91.66000366210938,91.6500015258789,91.66000366210938,87.85081481933594,8478500
2025-04-24,91.66000366210938,91.66999816894533,91.66000366210938,91.66000366210938,87.85081481933594,20381700
2025-04-25,91.69000244140624,91.6999969482422,91.69000244140624,91.6999969482422,87.88916015625,11894100
2025-04-28,91.6999969482422,91.70999908447266,91.6999969482422,91.70999908447266,87.89874267578125,9934400
2025-04-29,91.70999908447266,91.72000122070312,91.70999908447266,91.70999908447266,87.89874267578125,19478900
2025-04-30,91.72000122070312,91.7300033569336,91.72000122070312,91.72000122070312,87.90831756591797,17498400
2025-05-01,91.43000030517578,91.43000030517578,91.41999816894533,91.43000030517578,87.92949676513672,15747600
2025-05-02,91.4499969482422,91.45999908447266,91.4499969482422,91.45999908447266,87.95832824707031,14267400
2025-05-05,91.47000122070312,91.47000122070312,91.45999908447266,91.45999908447266,87.95832824707031,26580800
2025-05-06,91.47000122070312,91.4800033569336,91.47000122070312,91.4800033569336,87.9775619506836,8429300
2025-05-07,91.4800033569336,91.48999786376952,91.4800033569336,91.4800033569336,87.9775619506836,6212900
2025-05-08,91.48999786376952,91.5,91.48999786376952,91.5,87.9968032836914,9354600
2025-05-09,91.52999877929688,91.52999877929688,91.5199966430664,91.52999877929688,88.0256576538086,9062400
2025-05-12,91.52999877929688,91.54000091552734,91.52999877929688,91.52999877929688,88.0256576538086,14492000
2025-05-13,91.5500030517578,91.5500030517578,91.54000091552734,91.5500030517578,88.0448989868164,23455700
2025-05-14,91.5500030517578,91.55999755859376,91.5500030517578,91.5500030517578,88.0448989868164,9141900
2025-05-15,91.56999969482422,91.56999969482422,91.55999755859376,91.55999755859376,88.05448913574219,6657100
2025-05-16,91.5999984741211,91.5999984741211,91.58999633789062,91.5999984741211,88.09298706054688,8756000
2025-05-19,91.5999984741211,91.61000061035156,91.5999984741211,91.5999984741211,88.09298706054688,7618200
2025-05-20,91.61000061035156,91.62000274658205,91.61000061035156,91.62000274658205,88.11222076416016,7925400
2025-05-21,91.62999725341795,91.63999938964844,91.62999725341795,91.62999725341795,88.12181091308594,12007400
2025-05-22,91.63999938964844,91.6500015258789,91.63999938964844,91.6500015258789,88.14105224609375,7876500
2025-05-23,91.68000030517578,91.69000244140624,91.68000030517578,91.69000244140624,88.17953491210938,14805900
2025-05-27,91.69000244140624,91.6999969482422,91.69000244140624,91.69000244140624,88.17953491210938,8996500
2025-05-28,91.6999969482422,91.70999908447266,91.6999969482422,91.6999969482422,88.18914794921875,9887600
2025-05-29,91.70999908447266,91.72000122070312,91.70999908447266,91.70999908447266,88.19876098632812,7477700
2025-05-30,91.73999786376952,91.75,91.73999786376952,91.73999786376952,88.22761535644531,19202100
2025-06-02,91.4499969482422,91.4499969482422,91.44000244140624,91.44000244140624,88.2430648803711,17013900
2025-06-03,91.4499969482422,91.45999908447266,91.4499969482422,91.45999908447266,88.26235961914062,8454700
2025-06-04,91.45999908447266,91.47000122070312,91.45999908447266,91.45999908447266,88.26235961914062,14872200
2025-06-05,91.47000122070312,91.4800033569336,91.47000122070312,91.47000122070312,88.27200317382812,7780200
2025-06-06,91.5,91.51000213623048,91.5,91.5,88.30095672607422,7582100
2025-06-09,91.51000213623048,91.5199966430664,91.51000213623048,91.5199966430664,88.32025909423828,8128000
2025-06-10,91.5199966430664,91.52999877929688,91.5199966430664,91.52999877929688,88.32989501953125,9514600
2025-06-11,91.52999877929688,91.54000091552734,91.52999877929688,91.52999877929688,88.32989501953125,7435700
2025-06-12,91.54000091552734,91.5500030517578,91.54000091552734,91.54000091552734,88.33956146240234,5315900
2025-06-13,91.58000183105467,91.58000183105467,91.56999969482422,91.58000183105467,88.37815856933594,6221300
2025-06-16,91.58999633789062,91.58999633789062,91.58000183105467,91.58000183105467,88.37815856933594,8456900
2025-06-17,91.58999633789062,91.5999984741211,91.58999633789062,91.5999984741211,88.39746856689453,5518300
2025-06-18,91.61000061035156,91.62000274658205,91.61000061035156,91.62000274658205,88.41677856445312,5063800
2025-06-20,91.6500015258789,91.6500015258789,91.63999938964844,91.63999938964844,88.4360580444336,6516900
2025-06-23,91.6500015258789,91.66000366210938,91.6500015258789,91.66000366210938,88.45536804199219,6474200
2025-06-24,91.66000366210938,91.66999816894533,91.66000366210938,91.66000366210938,88.45536804199219,16266600
2025-06-25,91.68000030517578,91.68000030517578,91.66999816894533,91.66999816894533,88.46500396728516,7119500
2025-06-26,91.68000030517578,91.69000244140624,91.68000030517578,91.68000030517578,88.47466278076172,7976100
2025-06-27,91.72000122070312,91.7300033569336,91.72000122070312,91.72000122070312,88.51326751708984,6878900
2025-06-30,91.73999786376952,91.73999786376952,91.7300033569336,91.7300033569336,88.52291870117188,16763400
2025-07-01,91.44000244140624,91.44000244140624,91.43000030517578,91.44000244140624,88.53841400146484,18374200
2025-07-02,91.4499969482422,91.4499969482422,91.44000244140624,91.4499969482422,88.54808807373047,6569200
2025-07-03,91.48999786376952,91.51000213623048,91.48999786376952,91.5,88.59650421142578,4860800
2025-07-07,91.5,91.51000213623048,91.5,91.51000213623048,88.60618591308594,11518400
2025-07-08,91.51000213623048,91.5199966430664,91.51000213623048,91.51000213623048,88.60618591308594,10532400
2025-07-09,91.5199966430664,91.52999877929688,91.5199966430664,91.5199966430664,88.6158676147461,10322900
2025-07-10,91.52999877929688,91.54000091552734,91.52999877929688,91.54000091552734,88.6352310180664,9514400
2025-07-11,91.55999755859376,91.56999969482422,91.55999755859376,91.55999755859376,88.65458679199219,5713900
2025-07-14,91.58000183105467,91.58000183105467,91.56999969482422,91.56999969482422,88.66427612304688,6587100
2025-07-15,91.58000183105467,91.58999633789062,91.58000183105467,91.58000183105467,88.6739730834961,6166500
2025-07-16,91.58999633789062,91.5999984741211,91.58999633789062,91.5999984741211,88.6933364868164,6745200
2025-07-17,91.61000061035156,91.61000061035156,91.5999984741211,91.5999984741211,88.6933364868164,6559900
2025-07-18,91.62999725341795,91.6500015258789,91.62999725341795,91.63999938964844,88.7320556640625,6681400
2025-07-21,91.66000366210938,91.66000366210938,91.6500015258789,91.66000366210938,88.75142669677734,6678700
2025-07-22,91.66999816894533,91.66999816894533,91.66000366210938,91.66999816894533,88.76110076904297,4792100
2025-07-23,91.66999816894533,91.68000030517578,91.66999816894533,91.68000030517578,88.77079772949219,6437300
2025-07-24,91.68000030517578,91.69000244140624,91.68000030517578,91.68000030517578,88.77079772949219,4807700
2025-07-25,91.70999908447266,91.72000122070312,91.70999908447266,91.70999908447266,88.79983520507812,5153900
2025-07-28,91.7300033569336,91.7300033569336,91.72000122070312,91.72000122070312,88.80952453613281,6305300
2025-07-29,91.7300033569336,91.73999786376952,91.7300033569336,91.7300033569336,88.8192138671875,7664300
2025-07-30,91.73999786376952,91.75,91.73999786376952,91.73999786376952,88.82888793945312,6895100
2025-07-31,91.75,91.76000213623048,91.75,91.75,88.83857727050781,11795100
2025-08-01,91.47000122070312,91.47000122070312,91.45999908447266,91.47000122070312,88.87647247314453,20144800
2025-08-04,91.4800033569336,91.4800033569336,91.47000122070312,91.4800033569336,88.88617706298828,20328000
2025-08-05,91.48999786376952,91.48999786376952,91.4800033569336,91.4800033569336,88.88617706298828,8588400
2025-08-06,91.5,91.51000213623048,91.48999786376952,91.51000213623048,88.91532897949219,7208800
2025-08-07,91.51000213623048,91.5199966430664,91.51000213623048,91.51000213623048,88.91532897949219,7157900
2025-08-08,91.5500030517578,91.5500030517578,91.54000091552734,91.54000091552734,88.9444808959961,6243500
2025-08-11,91.5500030517578,91.55999755859376,91.5500030517578,91.5500030517578,88.95419311523438,8361400
2025-08-12,91.55999755859376,91.56999969482422,91.55999755859376,91.55999755859376,88.96391296386719,6571900
2025-08-13,91.56999969482422,91.58000183105467,91.56999969482422,91.56999969482422,88.9736328125,6791500
2025-08-14,91.58999633789062,91.58999633789062,91.58000183105467,91.58000183105467,88.98335266113281,6475800
2025-08-15,91.62000274658205,91.62000274658205,91.61000061035156,91.62000274658205,89.02220916748047,5354600
2025-08-18,91.62000274658205,91.62999725341795,91.62000274658205,91.62000274658205,89.02220916748047,15606200
2025-08-19,91.63999938964844,91.63999938964844,91.62999725341795,91.63999938964844,89.0416488647461,11862700
2025-08-20,91.6500015258789,91.66000366210938,91.6500015258789,91.66000366210938,89.06107330322266,6916000
2025-08-21,91.66000366210938,91.66999816894533,91.66000366210938,91.66000366210938,89.06107330322266,4656000
2025-08-22,91.6999969482422,91.6999969482422,91.69000244140624,91.69000244140624,89.0902328491211,7468100
2025-08-25,91.6999969482422,91.70999908447266,91.6999969482422,91.6999969482422,89.09993743896484,7319800
2025-08-26,91.72000122070312,91.72000122070312,91.70999908447266,91.70999908447266,89.10966491699219,8729600
2025-08-27,91.72000122070312,91.7300033569336,91.72000122070312,91.72000122070312,89.11936950683594,4919400
2025-08-28,91.7300033569336,91.73999786376952,91.7300033569336,91.7300033569336,89.12909698486328,5490300
2025-08-29,91.7699966430664,91.77999877929688,91.7699966430664,91.7699966430664,89.16796112060547,11546500
2025-09-02,91.47000122070312,91.47000122070312,91.45999908447266,91.47000122070312,89.18941497802734,13477100
2025-09-03,91.4800033569336,91.4800033569336,91.47000122070312,91.4800033569336,89.19915008544922,7040700
2025-09-04,91.48999786376952,91.5,91.4800033569336,91.5,89.21866607666016,9180600
2025-09-05,91.5199966430664,91.52999877929688,91.5199966430664,91.52999877929688,89.24791717529297,10223000
2025-09-08,91.54000091552734,91.5500030517578,91.54000091552734,91.54000091552734,89.2576675415039,9201200
2025-09-09,91.5500030517578,91.5500030517578,91.54000091552734,91.5500030517578,89.26741790771484,8740800
2025-09-10,91.5500030517578,91.55999755859376,91.5500030517578,91.55999755859376,89.27716827392578,9027200
2025-09-11,91.56999969482422,91.56999969482422,91.55999755859376,91.56999969482422,89.28691864013672,9714300
2025-09-12,91.58999633789062,91.5999984741211,91.58999633789062,91.5999984741211,89.316162109375,7154200
2025-09-15,91.5999984741211,91.61000061035156,91.5999984741211,91.61000061035156,89.32592010498047,8876200
2025-09-16,91.62000274658205,91.62999725341795,91.62000274658205,91.62000274658205,89.3356704711914,7036400
2025-09-17,91.62999725341795,91.63999938964844,91.62999725341795,91.62999725341795,89.34541320800781,5395900
2025-09-18,91.6500015258789,91.6500015258789,91.63999938964844,91.63999938964844,89.35517883300781,6032900
2025-09-19,91.68000030517578,91.68000030517578,91.66999816894533,91.68000030517578,89.39418029785156,6689800
2025-09-22,91.68000030517578,91.69000244140624,91.68000030517578,91.69000244140624,89.40392303466797,6255200
2025-09-23,91.69000244140624,91.6999969482422,91.69000244140624,91.69000244140624,89.40392303466797,7854700
2025-09-24,91.6999969482422,91.70999908447266,91.6999969482422,91.70999908447266,89.42342376708984,6711500
2025-09-25,91.70999908447266,91.72000122070312,91.70999908447266,91.70999908447266,89.42342376708984,11455100
2025-09-26,91.73999786376952,91.73999786376952,91.7300033569336,91.73999786376952,89.45268249511719,7888800
2025-09-29,91.73999786376952,91.75,91.73999786376952,91.75,89.4624252319336,6928500
2025-09-30,91.75,91.76000213623048,91.75,91.75,89.4624252319336,14165800
2025-10-01,91.45999908447266,91.45999908447266,91.4499969482422,91.45999908447266,89.48297882080078,15501400
2025-10-02,91.47000122070312,91.47000122070312,91.45999908447266,91.47000122070312,89.49275207519531,7225200
2025-10-03,91.5,91.5,91.48999786376952,91.48999786376952,89.51232147216797,6177600
2025-10-06,91.51000213623048,91.51000213623048,91.5,91.51000213623048,89.53189849853516,7041200
2025-10-07,91.51000213623048,91.5199966430664,91.51000213623048,91.51000213623048,89.53189849853516,7071900
2025-10-08,91.52999877929688,91.52999877929688,91.5199966430664,91.52999877929688,89.55147552490234,7236300
2025-10-09,91.52999877929688,91.54000091552734,91.52999877929688,91.52999877929688,89.55147552490234,9389800
2025-10-10,91.55999755859376,91.56999969482422,91.55999755859376,91.56999969482422,89.5905990600586,14648000
2025-10-13,91.56999969482422,91.58000183105467,91.55999755859376,91.58000183105467,89.60037994384766,13286000
2025-10-14,91.58999633789062,91.58999633789062,91.58000183105467,91.58000183105467,89.60037994384766,8281800
2025-10-15,91.5999984741211,91.5999984741211,91.58999633789062,91.58999633789062,89.61016845703125,11747900
2025-10-16,91.5999984741211,91.5999984741211,91.58999633789062,91.5999984741211,89.61994171142578,7811800
2025-10-17,91.62999725341795,91.62999725341795,91.62000274658205,91.62000274658205,89.6395263671875,10183500
2025-10-20,91.63999938964844,91.63999938964844,91.62999725341795,91.63999938964844,89.65907287597656,8215400
2025-10-21,91.6500015258789,91.6500015258789,91.63999938964844,91.63999938964844,89.65907287597656,6989600
2025-10-22,91.66000366210938,91.66000366210938,91.6500015258789,91.66000366210938,89.67864227294922,13191400
2025-10-23,91.66000366210938,91.66999816894533,91.66000366210938,91.66999816894533,89.68843078613281,7399500
2025-10-24,91.6999969482422,91.6999969482422,91.69000244140624,91.6999969482422,89.71778869628906,8743100
2025-10-27,91.6999969482422,91.70999908447266,91.6999969482422,91.6999969482422,89.71778869628906,11472400
2025-10-28,91.72000122070312,91.72000122070312,91.70999908447266,91.70999908447266,89.7275619506836,13039400
2025-10-29,91.72000122070312,91.73999786376952,91.72000122070312,91.73999786376952,89.75692749023438,13416300
2025-10-30,91.73999786376952,91.75,91.73999786376952,91.73999786376952,89.75692749023438,7897200
2025-10-31,91.76000213623048,91.7699966430664,91.76000213623048,91.76000213623048,89.77649688720703,14371000
2025-11-03,91.47000122070312,91.47000122070312,91.47000122070312,91.47000122070312,89.78926086425781,17922800
2025-11-04,91.4800033569336,91.4800033569336,91.47000122070312,91.4800033569336,89.79907989501953,12162100
2025-11-05,91.5,91.5,91.48999786376952,91.48999786376952,89.80888366699219,7973200
2025-11-06,91.5,91.51000213623048,91.5,91.5,89.8187026977539,15915800
2025-11-07,91.52999877929688,91.54000091552734,91.52999877929688,91.52999877929688,89.84814453125,11525000
2025-11-10,91.5500030517578,91.5500030517578,91.54000091552734,91.5500030517578,89.86779022216797,13043700
2025-11-11,91.5500030517578,91.5500030517578,91.54000091552734,91.54000091552734,89.85796356201172,6181200
2025-11-12,91.5500030517578,91.55999755859376,91.5500030517578,91.5500030517578,89.86779022216797,6371200
2025-11-13,91.55999755859376,91.56999969482422,91.55999755859376,91.55999755859376,89.87760162353516,6625900
2025-11-14,91.5999984741211,91.5999984741211,91.58999633789062,91.5999984741211,89.91686248779297,10192200
2025-11-17,91.5999984741211,91.61000061035156,91.5999984741211,91.5999984741211,89.91686248779297,9767000
2025-11-18,91.62000274658205,91.62000274658205,91.61000061035156,91.62000274658205,89.93649291992188,9642600
2025-11-19,91.62999725341795,91.62999725341795,91.62000274658205,91.62000274658205,89.93649291992188,6206200
2025-11-20,91.62999725341795,91.63999938964844,91.62000274658205,91.63999938964844,89.95613098144531,10933900
2025-11-21,91.66000366210938,91.66000366210938,91.66000366210938,91.66000366210938,89.97576141357422,9431800
2025-11-24,91.66000366210938,91.66999816894533,91.66000366210938,91.66000366210938,89.97576141357422,7347100
2025-11-25,91.68000030517578,91.68000030517578,91.66999816894533,91.68000030517578,89.99539184570312,8992400
2025-11-26,91.6999969482422,91.6999969482422,91.69000244140624,91.69000244140624,90.00521087646484,6749500
2025-11-28,91.72000122070312,91.7300033569336,91.72000122070312,91.72000122070312,90.03466033935547,10775200
2025-12-01,91.45999908447266,91.45999908447266,91.4499969482422,91.4499969482422,90.04548645019531,16856800
2025-12-02,91.47000122070312,91.4800033569336,91.45999908447266,91.4800033569336,90.07503509521484,7403400
2025-12-03,91.4800033569336,91.48999786376952,91.4800033569336,91.48999786376952,90.08486938476562,6530900
2025-12-04,91.5,91.51000213623048,91.5,91.5,90.09471893310548,7236700
2025-12-05,91.52999877929688,91.52999877929688,91.5199966430664,91.5199966430664,90.11441802978516,7308400
2025-12-08,91.52999877929688,91.54000091552734,91.52999877929688,91.52999877929688,90.12425231933594,7579000
2025-12-09,91.5500030517578,91.5500030517578,91.54000091552734,91.5500030517578,90.14395904541016,9285600
2025-12-10,91.5500030517578,91.55999755859376,91.5500030517578,91.5500030517578,90.14395904541016,6974200
2025-12-11,91.55999755859376,91.56999969482422,91.55999755859376,91.55999755859376,90.15380096435548,7144500
2025-12-12,91.5999984741211,91.5999984741211,91.58999633789062,91.5999984741211,90.19318389892578,6040700
2025-12-15,91.5999984741211,91.61000061035156,91.5999984741211,91.5999984741211,90.19318389892578,6058100
2025-12-16,91.61000061035156,91.62000274658205,91.61000061035156,91.61000061035156,90.20303344726562,7212200
2025-12-17,91.62000274658205,91.62999725341795,91.62000274658205,91.62000274658205,90.21287536621094,9641200
2025-12-18,91.2699966430664,91.2699966430664,91.26000213623048,91.2699966430664,90.22770690917967,10277300
2025-12-19,91.29000091552734,91.3000030517578,91.29000091552734,91.3000030517578,90.25736236572266,7581800
2025-12-22,91.3000030517578,91.30999755859376,91.3000030517578,91.3000030517578,90.25736236572266,11026900
2025-12-23,91.30999755859376,91.30999755859376,91.3000030517578,91.3000030517578,90.25736236572266,7111200
2025-12-24,91.33000183105467,91.33000183105467,91.31999969482422,91.33000183105467,90.28702545166016,5073500
2025-12-26,91.3499984741211,91.36000061035156,91.3499984741211,91.36000061035156,90.31668090820312,5588900
2025-12-29,91.36000061035156,91.37000274658205,91.36000061035156,91.36000061035156,90.31668090820312,7988900
2025-12-30,91.37000274658205,91.37999725341795,91.37000274658205,91.37000274658205,90.32656860351562,7852900
2025-12-31,91.38999938964844,91.38999938964844,91.37999725341795,91.37999725341795,90.3364486694336,11225900
2026-01-02,91.41999816894533,91.41999816894533,91.41000366210938,91.41999816894533,90.37599182128906,8517900
2026-01-05,91.41999816894533,91.43000030517578,91.41999816894533,91.41999816894533,90.37599182128906,11770200
2026-01-06,91.43000030517578,91.44000244140624,91.43000030517578,91.43000030517578,90.38587951660156,9135800
2026-01-07,91.44000244140624,91.4499969482422,91.44000244140624,91.4499969482422,90.40564727783205,8767200
2026-01-08,91.4499969482422,91.4499969482422,91.4499969482422,91.4499969482422,90.40564727783205,7116500
2026-01-09,91.47000122070312,91.4800033569336,91.47000122070312,91.47000122070312,90.42543029785156,7776600
2026-01-12,91.4800033569336,91.48999786376952,91.4800033569336,91.4800033569336,90.43531799316406,6189700
2026-01-13,91.48999786376952,91.5,91.48999786376952,91.48999786376952,90.4451904296875,7777400
2026-01-14,91.5,91.5,91.48999786376952,91.5,90.455078125,8005900
2026-01-15,91.51000213623048,91.51000213623048,91.5,91.5,90.455078125,8938400
2026-01-16,91.54000091552734,91.54000091552734,91.54000091552734,91.54000091552734,90.49462127685548,7648200
2026-01-20,91.5500030517578,91.55999755859376,91.54000091552734,91.54000091552734,90.49462127685548,9335100
2026-01-21,91.55999755859376,91.55999755859376,91.5500030517578,91.5500030517578,90.5045166015625,8153800
2026-01-22,91.56999969482422,91.56999969482422,91.55999755859376,91.55999755859376,90.51439666748048,7679200
2026-01-23,91.58999633789062,91.5999984741211,91.58999633789062,91.58999633789062,90.54405975341795,8147700
2026-01-26,91.5999984741211,91.61000061035156,91.58999633789062,91.58999633789062,90.54405975341795,10052800
2026-01-27,91.5999984741211,91.61000061035156,91.5999984741211,91.5999984741211,90.55393981933594,8178400
2026-01-28,91.61000061035156,91.62000274658205,91.61000061035156,91.61000061035156,90.56382751464844,6265500
2026-01-29,91.62000274658205,91.62999725341795,91.62000274658205,91.62999725341795,90.58360290527344,10237300
2026-01-30,91.63999938964844,91.6500015258789,91.63999938964844,91.6500015258789,90.60337829589844,14545800
2026-02-02,91.38999938964844,91.38999938964844,91.37999725341795,91.38999938964844,90.61725616455078,21391700
2026-02-03,91.38999938964844,91.4000015258789,91.38999938964844,91.38999938964844,90.61725616455078,11836100
2026-02-04,91.4000015258789,91.41000366210938,91.4000015258789,91.41000366210938,90.6370849609375,9216600
2026-02-05,91.41000366210938,91.41999816894533,91.41000366210938,91.41000366210938,90.6370849609375,9393900
2026-02-06,91.44000244140624,91.44000244140624,91.44000244140624,91.44000244140624,90.66683197021484,12369800
2026-02-09,91.44000244140624,91.4499969482422,91.44000244140624,91.44000244140624,90.66683197021484,9180300
2026-02-10,91.45999908447266,91.45999908447266,91.4499969482422,91.4499969482422,90.67674255371094,7085300
2026-02-11,91.45999908447266,91.47000122070312,91.45999908447266,91.47000122070312,90.6965789794922,5732300
2026-02-12,91.4800033569336,91.4800033569336,91.47000122070312,91.47000122070312,90.6965789794922,6366300
2026-02-13,91.5,91.51000213623048,91.5,91.51000213623048,90.73623657226562,9832500
2026-02-17,91.5199966430664,91.5199966430664,91.51000213623048,91.5199966430664,90.74615478515624,6710000
2026-02-18,91.5199966430664,91.52999877929688,91.5199966430664,91.52999877929688,90.75606536865234,8752800
2026-02-19,91.52999877929688,91.54000091552734,91.52999877929688,91.52999877929688,90.75606536865234,4941800
2026-02-20,91.56999969482422,91.56999969482422,91.55999755859376,91.55999755859376,90.78581237792967,6518200
2026-02-23,91.56999969482422,91.56999969482422,91.55999755859376,91.55999755859376,90.78581237792967,7714900
2026-02-24,91.58000183105467,91.58000183105467,91.56999969482422,91.58000183105467,90.8056411743164,5476100
2026-02-25,91.58999633789062,91.58999633789062,91.58000183105467,91.58999633789062,90.81556701660156,6009100
2026-02-26,91.58999633789062,91.5999984741211,91.58999633789062,91.5999984741211,90.82547760009766,6447700
2026-02-27,91.62000274658205,91.62999725341795,91.62000274658205,91.62000274658205,90.84530639648438,11530600
2026-03-02,91.38999938964844,91.38999938964844,91.37999725341795,91.38999938964844,90.85823059082033,15489300
2026-03-03,91.4000015258789,91.4000015258789,91.38999938964844,91.4000015258789,90.86817932128906,11602900
2026-03-04,91.41000366210938,91.41000366210938,91.4000015258789,91.41000366210938,90.87812042236328,9932500
2026-03-05,91.41999816894533,91.41999816894533,91.41000366210938,91.41999816894533,90.88805389404295,9249000
2026-03-06,91.4499969482422,91.4499969482422,91.44000244140624,91.44000244140624,90.90795135498048,8733200
2026-03-09,91.45999908447266,91.45999908447266,91.4499969482422,91.4499969482422,90.91788482666016,13422900
2026-03-10,91.45999908447266,91.45999908447266,91.4499969482422,91.45999908447266,90.92782592773438,9226800
2026-03-11,91.45999908447266,91.47000122070312,91.45999908447266,91.45999908447266,90.92782592773438,6613400
2026-03-12,91.47000122070312,91.4800033569336,91.47000122070312,91.4800033569336,90.9477081298828,10138900
2026-03-13,91.51000213623048,91.51000213623048,91.5,91.51000213623048,90.9775390625,11182000
2026-03-16,91.5199966430664,91.5199966430664,91.51000213623048,91.51000213623048,90.9775390625,8509100
2026-03-17,91.52999877929688,91.52999877929688,91.5199966430664,91.5199966430664,90.98747253417967,7548300
2026-03-18,91.52999877929688,91.54000091552734,91.52999877929688,91.54000091552734,91.00736236572266,15874000
2026-03-19,91.54000091552734,91.54000091552734,91.52999877929688,91.54000091552734,91.00736236572266,14921000
2026-03-20,91.56999969482422,91.56999969482422,91.55999755859376,91.56999969482422,91.03719329833984,14839100
2026-03-23,91.58000183105467,91.58000183105467,91.56999969482422,91.58000183105467,91.04713439941406,30253900
2026-03-24,91.58000183105467,91.58999633789062,91.58000183105467,91.58999633789062,91.05706787109376,17380200
2026-03-25,91.58999633789062,91.5999984741211,91.58000183105467,91.58000183105467,91.04713439941406,16949500
2026-03-26,91.5999984741211,91.5999984741211,91.58999633789062,91.5999984741211,91.06700897216795,13198900
2026-03-27,91.62000274658205,91.62999725341795,91.62000274658205,91.62999725341795,91.09683227539062,11244000
2026-03-30,91.62999725341795,91.63999938964844,91.62999725341795,91.63999938964844,91.10677337646484,12480000
2026-03-31,91.63999938964844,91.6500015258789,91.63999938964844,91.63999938964844,91.10677337646484,20279800
2026-04-01,91.4000015258789,91.4000015258789,91.38999938964844,91.4000015258789,91.13070678710938,22095200
2026-04-02,91.43000030517578,91.44000244140624,91.41999816894533,91.41999816894533,91.15064239501952,11510300
2026-04-06,91.43000030517578,91.44000244140624,91.43000030517578,91.44000244140624,91.17059326171876,17291500
2026-04-07,91.4499969482422,91.4499969482422,91.44000244140624,91.4499969482422,91.18055725097656,9231600
2026-04-08,91.45999908447266,91.45999908447266,91.4499969482422,91.4499969482422,91.18055725097656,13839400
2026-04-09,91.45999908447266,91.47000122070312,91.45999908447266,91.45999908447266,91.1905288696289,15586500
2026-04-10,91.48999786376952,91.5,91.48999786376952,91.48999786376952,91.2204360961914,10595200
2026-04-13,91.5,91.51000213623048,91.48999786376952,91.48999786376952,91.2204360961914,9906200
2026-04-14,91.5,91.51000213623048,91.5,91.5,91.23041534423828,21667600
2026-04-15,91.51000213623048,91.5199966430664,91.51000213623048,91.51000213623048,91.24038696289062,18583600
2026-04-16,91.5199966430664,91.52999877929688,91.5199966430664,91.5199966430664,91.25035095214844,17779800
2026-04-17,91.5500030517578,91.55999755859376,91.54000091552734,91.5500030517578,91.28026580810548,13604100
2026-04-20,91.55999755859376,91.55999755859376,91.5500030517578,91.55999755859376,91.29022979736328,7961400
2026-04-21,91.56999969482422,91.56999969482422,91.55999755859376,91.56999969482422,91.30020904541016,8177600
2026-04-22,91.56999969482422,91.58000183105467,91.56999969482422,91.56999969482422,91.30020904541016,9669300
2026-04-23,91.58000183105467,91.58999633789062,91.58000183105467,91.58999633789062,91.32014465332033,6741000
2026-04-24,91.62000274658205,91.62000274658205,91.61000061035156,91.61000061035156,91.340087890625,7270200
2026-04-27,91.62000274658205,91.62999725341795,91.62000274658205,91.62000274658205,91.35005950927734,8616000
2026-04-28,91.62999725341795,91.63999938964844,91.62999725341795,91.62999725341795,91.36002349853516,6500500
2026-04-29,91.63999938964844,91.63999938964844,91.62999725341795,91.62999725341795,91.36002349853516,9227100
2026-04-30,91.63999938964844,91.6500015258789,91.63999938964844,91.63999938964844,91.3699951171875,14975100
2026-05-01,91.41000366210938,91.41000366210938,91.4000015258789,91.4000015258789,91.4000015258789,14126100
2026-05-04,91.41000366210938,91.41999816894533,91.41000366210938,91.41999816894533,91.41999816894533,10297700
2026-05-05,91.43000030517578,91.43000030517578,91.41999816894533,91.43000030517578,91.43000030517578,9783300
2026-05-06,91.41999816894533,91.43000030517578,91.41999816894533,91.41999816894533,91.41999816894533,8293500
2026-05-07,91.44000244140624,91.44000244140624,91.43000030517578,91.44000244140624,91.44000244140624,8040800
2026-05-08,91.45999908447266,91.47000122070312,91.45999908447266,91.45999908447266,91.45999908447266,8043400
2026-05-11,91.4800033569336,91.4800033569336,91.47000122070312,91.4800033569336,91.4800033569336,6150400
2026-05-12,91.48999786376952,91.48999786376952,91.4800033569336,91.48999786376952,91.48999786376952,7332100
2026-05-13,91.48999786376952,91.5,91.48999786376952,91.48999786376952,91.48999786376952,7467300
2026-05-14,91.5,91.51000213623048,91.5,91.51000213623048,91.51000213623048,6764000
2026-05-15,91.52999877929688,91.54000091552734,91.52999877929688,91.52999877929688,91.52999877929688,9441200
2026-05-18,91.54000091552734,91.5500030517578,91.52999877929688,91.52999877929688,91.52999877929688,7274100
2026-05-19,91.5500030517578,91.55999755859376,91.54000091552734,91.5500030517578,91.5500030517578,9718100
2026-05-20,91.55999755859376,91.56999969482422,91.55999755859376,91.56999969482422,91.56999969482422,8725700
2026-05-21,91.58000183105467,91.58000183105467,91.55999755859376,91.56999969482422,91.56999969482422,7791400
2026-05-22,91.5999984741211,91.5999984741211,91.58999633789062,91.58999633789062,91.58999633789062,10871600
2026-05-26,91.5999984741211,91.61000061035156,91.5999984741211,91.61000061035156,91.34114837646484,9903700
2026-05-27,91.62000274658205,91.62000274658205,91.61000061035156,91.62000274658205,91.3511199951172,6672200
2026-05-28,91.62000274658205,91.62999725341795,91.62000274658205,91.62999725341795,91.361083984375,10206000
2026-05-29,91.6500015258789,91.66000366210938,91.63999938964844,91.66000366210938,91.39100646972656,16056500
2026-06-01,91.4000015258789,91.4000015258789,91.38999938964844,91.4000015258789,91.4000015258789,17997300
2026-06-02,91.4000015258789,91.4000015258789,91.38999938964844,91.38999938964844,91.38999938964844,9532600
