date,open,high,low,close,adj_close,volume,source,symbol
2020-04-14,12343.0558,12413.9627,12206.5153,12252.6094,12252.6094,0,wallstreet_online_ice_index,FANG3X
2020-04-15,12001.3352,12788.5926,11818.2215,12489.1808,12489.1808,0,wallstreet_online_ice_index,FANG3X
2020-04-16,12761.9871,13520.8852,12468.8718,13173.2826,13173.2826,0,wallstreet_online_ice_index,FANG3X
2020-04-17,13576.2657,13586.8361,12625.8729,13060.6612,13060.6612,0,wallstreet_online_ice_index,FANG3X
2020-04-20,12753.9571,13617.4397,12742.1783,13041.0587,13041.0587,0,wallstreet_online_ice_index,FANG3X
2020-04-21,12578.5382,12828.4787,11053.9148,11527.7253,11527.7253,0,wallstreet_online_ice_index,FANG3X
2020-04-22,11527.7253,12927.6677,11527.7253,12775.664,12775.664,0,wallstreet_online_ice_index,FANG3X
2020-04-23,12883.7852,13265.9261,12409.4714,12563.6251,12563.6251,0,wallstreet_online_ice_index,FANG3X
2020-04-24,12651.6806,13136.0965,12224.8038,13114.1012,13114.1012,0,wallstreet_online_ice_index,FANG3X
2020-04-25,12651.6806,13136.0965,12224.8038,13114.1012,13114.1012,0,wallstreet_online_ice_index,FANG3X
2020-04-27,13542.2252,14028.7814,13369.2661,13593.7696,13593.7696,0,wallstreet_online_ice_index,FANG3X
2020-04-28,13817.7094,13817.7094,12420.2528,12437.3459,12437.3459,0,wallstreet_online_ice_index,FANG3X
2020-04-29,12437.3459,14290.9514,12437.3459,14051.8746,14051.8746,0,wallstreet_online_ice_index,FANG3X
2020-04-30,14229.7022,14822.9381,13578.5833,14059.2653,14059.2653,0,wallstreet_online_ice_index,FANG3X
2020-05-01,14059.2653,14059.2653,12096.4175,12422.7649,12422.7649,0,wallstreet_online_ice_index,FANG3X
2020-05-02,14059.2653,14059.2653,12096.4175,12422.7649,12422.7649,0,wallstreet_online_ice_index,FANG3X
2020-05-04,12248.1588,13095.7643,12144.7101,13076.4615,13076.4615,0,wallstreet_online_ice_index,FANG3X
2020-05-05,13653.2456,13908.7269,13230.2906,13381.7019,13381.7019,0,wallstreet_online_ice_index,FANG3X
2020-05-06,13686.4399,14077.476,13414.5579,13713.9914,13713.9914,0,wallstreet_online_ice_index,FANG3X
2020-05-07,14134.6916,14341.7988,13850.0444,14259.8232,14259.8232,0,wallstreet_online_ice_index,FANG3X
2020-05-08,14634.1528,15169.1233,14446.6144,15094.5615,15094.5615,0,wallstreet_online_ice_index,FANG3X
2020-05-09,14634.1528,15169.1233,14446.6144,15094.5615,15094.5615,0,wallstreet_online_ice_index,FANG3X
2020-05-11,14767.3928,15714.1252,14767.3928,15496.3968,15496.3968,0,wallstreet_online_ice_index,FANG3X
2020-05-12,15748.8879,15920.8086,14636.7718,14636.7718,14636.7718,0,wallstreet_online_ice_index,FANG3X
2020-05-13,14946.2683,15393.9485,13477.587,14087.9269,14087.9269,0,wallstreet_online_ice_index,FANG3X
2020-05-14,13726.4588,14587.2496,13280.0108,14582.2122,14582.2122,0,wallstreet_online_ice_index,FANG3X
2020-05-15,14582.2122,15381.5443,14083.3685,15369.9702,15369.9702,0,wallstreet_online_ice_index,FANG3X
2020-05-16,14582.2122,15381.5443,14083.3685,15369.9702,15369.9702,0,wallstreet_online_ice_index,FANG3X
2020-05-18,16041.8255,16637.1132,15964.4888,16489.547,16489.547,0,wallstreet_online_ice_index,FANG3X
2020-05-19,16955.5641,17538.8967,16717.3442,16718.956,16718.956,0,wallstreet_online_ice_index,FANG3X
2020-05-20,17498.6452,18106.8772,17254.7176,17821.6235,17821.6235,0,wallstreet_online_ice_index,FANG3X
2020-05-21,17815.6476,18137.4496,16935.2474,17510.5512,17510.5512,0,wallstreet_online_ice_index,FANG3X
2020-05-22,17109.3963,17374.7491,16769.1322,17126.9262,17126.9262,0,wallstreet_online_ice_index,FANG3X
2020-05-23,17109.3963,17374.7491,16769.1322,17126.9262,17126.9262,0,wallstreet_online_ice_index,FANG3X
2020-05-26,18074.2976,18074.2976,17097.4506,17187.3193,17187.3193,0,wallstreet_online_ice_index,FANG3X
2020-05-27,16849.3199,16973.689,15269.5602,16864.1036,16864.1036,0,wallstreet_online_ice_index,FANG3X
2020-05-28,16028.3686,17133.317,16028.3354,16191.2281,16191.2281,0,wallstreet_online_ice_index,FANG3X
2020-05-29,16191.2281,16879.2672,15765.6831,16858.6965,16858.6965,0,wallstreet_online_ice_index,FANG3X
2020-05-30,16191.2281,16879.2672,15765.6831,16858.6965,16858.6965,0,wallstreet_online_ice_index,FANG3X
2020-06-01,16854.3174,17760.5662,16764.6814,17729.9796,17729.9796,0,wallstreet_online_ice_index,FANG3X
2020-06-02,17764.4076,17978.236,17221.5924,17978.236,17978.236,0,wallstreet_online_ice_index,FANG3X
2020-06-03,18172.446,18776.5588,17930.0766,18659.0743,18659.0743,0,wallstreet_online_ice_index,FANG3X
2020-06-04,18464.5014,18878.86,17431.1318,17774.2971,17774.2971,0,wallstreet_online_ice_index,FANG3X
2020-06-05,18103.3796,19094.2168,18040.6987,18962.4112,18962.4112,0,wallstreet_online_ice_index,FANG3X
2020-06-08,19305.95,19917.2416,19004.9993,19915.1356,19915.1356,0,wallstreet_online_ice_index,FANG3X
2020-06-09,19561.9884,20846.9333,19448.0413,20623.8283,20623.8283,0,wallstreet_online_ice_index,FANG3X
2020-06-10,21548.2834,22009.9396,21254.4697,21678.6312,21678.6312,0,wallstreet_online_ice_index,FANG3X
2020-06-11,19859.656,20994.5332,18614.3368,18693.6659,18693.6659,0,wallstreet_online_ice_index,FANG3X
2020-06-12,19912.5716,20184.9065,17975.6281,18964.6359,18964.6359,0,wallstreet_online_ice_index,FANG3X
2020-06-13,19912.5716,20184.9065,17975.6281,18964.6359,18964.6359,0,wallstreet_online_ice_index,FANG3X
2020-06-15,18189.5592,20075.9764,17976.5727,19992.4661,19992.4661,0,wallstreet_online_ice_index,FANG3X
2020-06-16,21548.5109,21577.6234,20184.7809,20964.874,20964.874,0,wallstreet_online_ice_index,FANG3X
2020-06-17,21178.0066,21720.9592,20923.8296,21314.8845,21314.8845,0,wallstreet_online_ice_index,FANG3X
2020-06-18,21362.5723,21641.6451,20990.5923,21374.3225,21374.3225,0,wallstreet_online_ice_index,FANG3X
2020-06-19,21936.3006,22146.3364,20907.6508,21269.9664,21269.9664,0,wallstreet_online_ice_index,FANG3X
2020-06-20,21936.3006,22146.3364,20907.6508,21269.9664,21269.9664,0,wallstreet_online_ice_index,FANG3X
2020-06-22,21327.8258,22036.0142,21199.1349,22033.6301,22033.6301,0,wallstreet_online_ice_index,FANG3X
2020-06-23,22428.0837,23151.715,22205.8684,22533.9207,22533.9207,0,wallstreet_online_ice_index,FANG3X
2020-06-24,22392.6323,22844.8895,20541.4982,20999.7339,20999.7339,0,wallstreet_online_ice_index,FANG3X
2020-06-25,20963.0563,21627.011,20345.6579,21596.6059,21596.6059,0,wallstreet_online_ice_index,FANG3X
2020-06-26,21568.9433,21568.9433,18827.8593,18899.8264,18899.8264,0,wallstreet_online_ice_index,FANG3X
2020-06-29,18667.8832,19670.1377,17906.1626,19669.2575,19669.2575,0,wallstreet_online_ice_index,FANG3X
2020-06-30,19718.2415,20935.7455,19610.7501,20876.8229,20876.8229,0,wallstreet_online_ice_index,FANG3X
2020-07-01,21029.0754,22703.0064,21029.0754,22459.1717,22459.1717,0,wallstreet_online_ice_index,FANG3X
2020-07-02,23866.8312,24035.8882,23097.6723,23403.9507,23403.9507,0,wallstreet_online_ice_index,FANG3X
2020-07-03,23866.8312,24035.8882,23097.6723,23403.9507,23403.9507,0,wallstreet_online_ice_index,FANG3X
2020-07-06,25112.8625,27248.63,25047.6895,27202.974,27202.974,0,wallstreet_online_ice_index,FANG3X
2020-07-07,27455.9339,28279.8565,26825.5483,26856.0411,26856.0411,0,wallstreet_online_ice_index,FANG3X
2020-07-08,27763.8557,29413.8854,27744.5483,29090.0739,29090.0739,0,wallstreet_online_ice_index,FANG3X
2020-07-09,30453.8228,30654.5452,28500.8566,30413.3262,30413.3262,0,wallstreet_online_ice_index,FANG3X
2020-07-10,30383.8922,32499.9965,29359.5967,32417.8953,32417.8953,0,wallstreet_online_ice_index,FANG3X
2020-07-11,30383.8922,32499.9965,29359.5967,32417.8953,32417.8953,0,wallstreet_online_ice_index,FANG3X
2020-07-13,34428.3121,36136.5058,29151.9756,29432.6579,29432.6579,0,wallstreet_online_ice_index,FANG3X
2020-07-14,29090.9484,30281.5643,26636.9853,29878.5919,29878.5919,0,wallstreet_online_ice_index,FANG3X
2020-07-15,30291.4595,30745.387,28317.3539,30087.9108,30087.9108,0,wallstreet_online_ice_index,FANG3X
2020-07-16,28088.8469,29659.4911,27664.6923,29153.9331,29153.9331,0,wallstreet_online_ice_index,FANG3X
2020-07-17,29003.8157,29336.4914,27884.6816,28784.7286,28784.7286,0,wallstreet_online_ice_index,FANG3X
2020-07-18,29003.8157,29336.4914,27884.6816,28784.7286,28784.7286,0,wallstreet_online_ice_index,FANG3X
2020-07-20,29247.6147,32346.1335,28827.1978,32183.4131,32183.4131,0,wallstreet_online_ice_index,FANG3X
2020-07-21,33049.3755,33407.8559,30643.6066,30850.8721,30850.8721,0,wallstreet_online_ice_index,FANG3X
2020-07-22,30883.562,31451.892,29825.8092,30625.5207,30625.5207,0,wallstreet_online_ice_index,FANG3X
2020-07-23,31374.1413,31668.615,27622.4866,28497.16,28497.16,0,wallstreet_online_ice_index,FANG3X
2020-07-24,26232.2969,28134.9193,25424.1153,27364.5189,27364.5189,0,wallstreet_online_ice_index,FANG3X
2020-07-27,27818.1581,29093.5667,27097.4675,28943.1766,28943.1766,0,wallstreet_online_ice_index,FANG3X
2020-07-28,28477.6794,29114.071,27437.8693,27484.6906,27484.6906,0,wallstreet_online_ice_index,FANG3X
2020-07-29,27484.6906,29102.8229,27484.6906,28727.5559,28727.5559,0,wallstreet_online_ice_index,FANG3X
2020-07-30,27870.584,29073.2402,27414.5186,28852.3137,28852.3137,0,wallstreet_online_ice_index,FANG3X
2020-07-31,30898.5075,30898.5075,28897.9674,29983.0124,29983.0124,0,wallstreet_online_ice_index,FANG3X
2020-08-01,30898.5075,30898.5075,28897.9674,29983.0124,29983.0124,0,wallstreet_online_ice_index,FANG3X
2020-08-03,30701.605,31647.5207,30608.1502,31241.3351,31241.3351,0,wallstreet_online_ice_index,FANG3X
2020-08-04,31392.6303,32287.5791,31366.2515,32221.6552,32221.6552,0,wallstreet_online_ice_index,FANG3X
2020-08-05,32402.546,32861.733,32034.6955,32528.8183,32528.8183,0,wallstreet_online_ice_index,FANG3X
2020-08-06,32522.5673,34405.0482,32140.5238,34122.6343,34122.6343,0,wallstreet_online_ice_index,FANG3X
2020-08-07,33382.0061,34131.9126,31025.7698,32304.5703,32304.5703,0,wallstreet_online_ice_index,FANG3X
2020-08-10,32612.9806,33298.117,30259.5642,31605.9945,31605.9945,0,wallstreet_online_ice_index,FANG3X
2020-08-11,31107.6928,31977.4486,29619.7928,29758.5114,29758.5114,0,wallstreet_online_ice_index,FANG3X
2020-08-12,31146.9925,33586.244,31135.9143,33041.1797,33041.1797,0,wallstreet_online_ice_index,FANG3X
2020-08-13,33889.8282,34884.9707,33428.3434,33939.075,33939.075,0,wallstreet_online_ice_index,FANG3X
2020-08-14,33883.116,34211.8613,32822.701,33689.4968,33689.4968,0,wallstreet_online_ice_index,FANG3X
2020-08-17,34496.2703,36969.1461,34490.668,36752.4358,36752.4358,0,wallstreet_online_ice_index,FANG3X
2020-08-18,37792.7484,38706.1314,37053.1319,38289.5749,38289.5749,0,wallstreet_online_ice_index,FANG3X
2020-08-19,38115.846,39234.2358,37410.8496,37899.6587,37899.6587,0,wallstreet_online_ice_index,FANG3X
2020-08-20,37107.9831,40342.4152,37084.7007,40129.181,40129.181,0,wallstreet_online_ice_index,FANG3X
2020-08-21,40668.4869,42382.379,40533.1183,41916.9176,41916.9176,0,wallstreet_online_ice_index,FANG3X
2020-08-24,44438.468,44936.0915,41379.3431,42880.5315,42880.5315,0,wallstreet_online_ice_index,FANG3X
2020-08-25,42210.5648,44405.0902,41856.9234,44312.016,44312.016,0,wallstreet_online_ice_index,FANG3X
2020-08-26,45287.0048,49543.6987,45179.5356,49362.3702,49362.3702,0,wallstreet_online_ice_index,FANG3X
2020-08-27,49462.6123,50017.3236,46406.8441,48007.3745,48007.3745,0,wallstreet_online_ice_index,FANG3X
2020-08-28,49214.8226,49887.9883,48139.8274,48975.6652,48975.6652,0,wallstreet_online_ice_index,FANG3X
2020-08-31,49114.8833,53251.4685,48668.4966,52396.9609,52396.9609,0,wallstreet_online_ice_index,FANG3X
2020-09-01,53688.1508,55300.0371,52078.2599,54469.6519,54469.6519,0,wallstreet_online_ice_index,FANG3X
2020-09-02,56889.6252,56889.6252,49408.1529,54573.5451,54573.5451,0,wallstreet_online_ice_index,FANG3X
2020-09-03,49220.2017,50922.7593,43123.7934,44701.9722,44701.9722,0,wallstreet_online_ice_index,FANG3X
2020-09-04,43068.2138,46089.1069,35425.7058,43180.9376,43180.9376,0,wallstreet_online_ice_index,FANG3X
2020-09-08,34808.9142,39043.0747,34032.1834,34153.9168,34153.9168,0,wallstreet_online_ice_index,FANG3X
2020-09-09,37157.3199,38364.4822,36029.5085,37813.4918,37813.4918,0,wallstreet_online_ice_index,FANG3X
2020-09-10,39754.1042,40510.5193,35051.1084,35778.8436,35778.8436,0,wallstreet_online_ice_index,FANG3X
2020-09-11,36788.5054,37371.4717,33755.9102,35526.701,35526.701,0,wallstreet_online_ice_index,FANG3X
2020-09-14,37657.5381,39202.4148,36923.8095,38498.95,38498.95,0,wallstreet_online_ice_index,FANG3X
2020-09-15,40895.7657,41906.3256,39979.3739,41453.4214,41453.4214,0,wallstreet_online_ice_index,FANG3X
2020-09-16,41078.4747,42256.2136,39361.0709,39418.2919,39418.2919,0,wallstreet_online_ice_index,FANG3X
2020-09-17,36094.7318,38171.2738,35444.6463,37022.8711,37022.8711,0,wallstreet_online_ice_index,FANG3X
2020-09-18,38644.2631,38644.2631,34965.1234,36819.7662,36819.7662,0,wallstreet_online_ice_index,FANG3X
2020-09-21,35595.5387,37704.6146,33933.2323,37689.954,37689.954,0,wallstreet_online_ice_index,FANG3X
2020-09-22,38423.2835,39621.2126,36559.7125,39402.2836,39402.2836,0,wallstreet_online_ice_index,FANG3X
2020-09-23,38997.4873,39782.0102,35838.7787,36133.6786,36133.6786,0,wallstreet_online_ice_index,FANG3X
2020-09-24,34624.4497,37513.3262,34459.0413,36233.6247,36233.6247,0,wallstreet_online_ice_index,FANG3X
2020-09-25,36449.3776,38811.1811,35462.4972,38705.925,38705.925,0,wallstreet_online_ice_index,FANG3X
2020-09-28,40648.1187,40753.1259,39311.7196,40737.266,40737.266,0,wallstreet_online_ice_index,FANG3X
2020-09-29,40444.5498,41597.8616,40210.8596,40901.2985,40901.2985,0,wallstreet_online_ice_index,FANG3X
2020-09-30,41194.2119,43947.7408,41181.4934,42884.993,42884.993,0,wallstreet_online_ice_index,FANG3X
2020-10-01,44441.8574,45635.5101,43630.8525,45517.36,45517.36,0,wallstreet_online_ice_index,FANG3X
2020-10-02,41820.8105,44468.9163,41280.183,41395.7263,41395.7263,0,wallstreet_online_ice_index,FANG3X
2020-10-05,42276.7882,44227.1508,42186.9768,44189.2745,44189.2745,0,wallstreet_online_ice_index,FANG3X
2020-10-06,43870.3516,44714.0775,41260.0859,41864.4752,41864.4752,0,wallstreet_online_ice_index,FANG3X
2020-10-07,43545.356,44472.5534,42789.5894,44181.1257,44181.1257,0,wallstreet_online_ice_index,FANG3X
2020-10-08,45450.8219,45450.8219,44288.3401,44713.1187,44713.1187,0,wallstreet_online_ice_index,FANG3X
2020-10-09,45061.1975,45896.6283,44756.2975,45878.836,45878.836,0,wallstreet_online_ice_index,FANG3X
2020-10-12,47982.3017,52047.8863,47982.3017,50393.9172,50393.9172,0,wallstreet_online_ice_index,FANG3X
2020-10-13,50878.077,51318.6589,49336.054,50219.2871,50219.2871,0,wallstreet_online_ice_index,FANG3X
2020-10-14,50921.6568,51967.7574,49613.738,49765.5997,49765.5997,0,wallstreet_online_ice_index,FANG3X
2020-10-15,46977.7342,48377.1844,46405.6506,48034.8644,48034.8644,0,wallstreet_online_ice_index,FANG3X
2020-10-16,49431.835,49740.0416,47185.6562,47190.4197,47190.4197,0,wallstreet_online_ice_index,FANG3X
2020-10-19,48186.2505,48859.6544,44667.2228,45161.3723,45161.3723,0,wallstreet_online_ice_index,FANG3X
2020-10-20,45370.6651,47289.0149,44937.6003,46089.4965,46089.4965,0,wallstreet_online_ice_index,FANG3X
2020-10-21,47231.9487,48939.7959,46911.7342,47288.7051,47288.7051,0,wallstreet_online_ice_index,FANG3X
2020-10-22,48142.3254,48542.8432,44923.9612,46807.8674,46807.8674,0,wallstreet_online_ice_index,FANG3X
2020-10-23,47041.3758,47936.0633,45578.9208,47927.797,47927.797,0,wallstreet_online_ice_index,FANG3X
2020-10-26,46813.7771,48786.8076,44062.2059,45891.4749,45891.4749,0,wallstreet_online_ice_index,FANG3X
2020-10-27,46326.4352,48970.5749,45890.291,48662.8101,48662.8101,0,wallstreet_online_ice_index,FANG3X
2020-10-28,45986.5186,46134.7545,42534.451,42564.3274,42564.3274,0,wallstreet_online_ice_index,FANG3X
2020-10-29,44752.2875,47811.7222,44171.5829,46720.4804,46720.4804,0,wallstreet_online_ice_index,FANG3X
2020-10-30,43519.6626,43560.5093,38039.4586,39064.876,39064.876,0,wallstreet_online_ice_index,FANG3X
2020-11-02,39716.8796,41175.4651,37896.4466,39298.0163,39298.0163,0,wallstreet_online_ice_index,FANG3X
2020-11-03,39103.4123,41618.5309,38544.6436,40667.4695,40667.4695,0,wallstreet_online_ice_index,FANG3X
2020-11-04,43982.5198,46582.9232,43368.9858,45956.4624,45956.4624,0,wallstreet_online_ice_index,FANG3X
2020-11-05,48379.0388,49428.9597,47261.7053,48907.2627,48907.2627,0,wallstreet_online_ice_index,FANG3X
2020-11-06,48581.4902,49422.8805,46736.3809,49347.3283,49347.3283,0,wallstreet_online_ice_index,FANG3X
2020-11-09,49621.3768,50926.2259,44539.2521,44625.2716,44625.2716,0,wallstreet_online_ice_index,FANG3X
2020-11-10,42968.2185,43428.8911,39319.2875,41277.7981,41277.7981,0,wallstreet_online_ice_index,FANG3X
2020-11-11,42028.5606,43762.6558,41534.3225,43698.5503,43698.5503,0,wallstreet_online_ice_index,FANG3X
2020-11-12,43971.8937,44922.8993,42543.683,42872.469,42872.469,0,wallstreet_online_ice_index,FANG3X
2020-11-13,43617.3011,43617.3011,41482.1708,43238.5019,43238.5019,0,wallstreet_online_ice_index,FANG3X
2020-11-16,43007.1496,44354.9316,42568.2774,43514.6999,43514.6999,0,wallstreet_online_ice_index,FANG3X
2020-11-17,44630.114,44674.4688,43382.2441,43590.7625,43590.7625,0,wallstreet_online_ice_index,FANG3X
2020-11-18,43671.6353,45625.4742,42989.857,44185.3793,44185.3793,0,wallstreet_online_ice_index,FANG3X
2020-11-19,43322.082,44994.3422,43022.2448,44660.092,44660.092,0,wallstreet_online_ice_index,FANG3X
2020-11-20,44952.1053,45494.8219,44156.9849,44337.2422,44337.2422,0,wallstreet_online_ice_index,FANG3X
2020-11-23,45307.5909,45781.9188,43374.7745,44188.6211,44188.6211,0,wallstreet_online_ice_index,FANG3X
2020-11-24,45316.5244,46822.5249,44122.9682,46711.0797,46711.0797,0,wallstreet_online_ice_index,FANG3X
2020-11-25,46691.0064,48537.2695,46011.4057,48360.8962,48360.8962,0,wallstreet_online_ice_index,FANG3X
2020-11-27,49221.4485,50378.6759,48360.8962,49693.5706,49693.5706,0,wallstreet_online_ice_index,FANG3X
2020-11-30,49598.0111,49944.0324,45950.138,48414.2453,48414.2453,0,wallstreet_online_ice_index,FANG3X
2020-12-01,50187.2431,51842.7714,49200.6534,51044.379,51044.379,0,wallstreet_online_ice_index,FANG3X
2020-12-02,49634.2763,52072.9902,48284.9048,51418.4418,51418.4418,0,wallstreet_online_ice_index,FANG3X
2020-12-03,52040.0168,52948.4938,51522.8743,51934.3079,51934.3079,0,wallstreet_online_ice_index,FANG3X
2020-12-04,52026.5701,52503.466,51528.1309,51993.7683,51993.7683,0,wallstreet_online_ice_index,FANG3X
2020-12-07,52019.9631,54287.562,51839.3815,54218.5565,54218.5565,0,wallstreet_online_ice_index,FANG3X
2020-12-08,54061.9419,54265.3634,52017.7318,54106.7188,54106.7188,0,wallstreet_online_ice_index,FANG3X
2020-12-09,54548.8972,55519.9211,50102.2387,50857.9167,50857.9167,0,wallstreet_online_ice_index,FANG3X
2020-12-10,49339.4903,54161.6476,48901.0058,53948.6017,53948.6017,0,wallstreet_online_ice_index,FANG3X
2020-12-11,52789.5332,53969.8014,51733.9412,53742.9852,53742.9852,0,wallstreet_online_ice_index,FANG3X
2020-12-14,54566.1373,56567.3636,54446.0008,55476.6801,55476.6801,0,wallstreet_online_ice_index,FANG3X
2020-12-15,56957.9628,59143.883,55957.1318,59068.9222,59068.9222,0,wallstreet_online_ice_index,FANG3X
2020-12-16,60531.0604,61907.4966,59522.736,60470.592,60470.592,0,wallstreet_online_ice_index,FANG3X
2020-12-17,61170.2579,62332.1066,60450.3545,62167.1736,62167.1736,0,wallstreet_online_ice_index,FANG3X
2020-12-18,63014.3981,63522.5342,60712.9999,63522.5342,63522.5342,0,wallstreet_online_ice_index,FANG3X
2020-12-21,60389.0342,62335.6675,59762.914,61931.4369,61931.4369,0,wallstreet_online_ice_index,FANG3X
2020-12-22,62382.9632,62426.1912,58944.4601,61125.1846,61125.1846,0,wallstreet_online_ice_index,FANG3X
2020-12-23,61071.2116,61679.6028,59381.6594,60374.0965,60374.0965,0,wallstreet_online_ice_index,FANG3X
2020-12-24,58196.5882,59090.1041,57233.4448,58089.9897,58089.9897,0,wallstreet_online_ice_index,FANG3X
2020-12-28,58918.0966,61501.2988,58278.1885,60880.2505,60880.2505,0,wallstreet_online_ice_index,FANG3X
2020-12-29,62275.677,63176.6828,61249.9021,62332.2034,62332.2034,0,wallstreet_online_ice_index,FANG3X
2020-12-30,63794.8652,65085.2707,62804.8642,64766.775,64766.775,0,wallstreet_online_ice_index,FANG3X
2020-12-31,65365.6554,65526.052,63774.2027,64640.2937,64640.2937,0,wallstreet_online_ice_index,FANG3X
2021-01-04,65306.7966,66352.8652,60691.5479,63062.5936,63062.5936,0,wallstreet_online_ice_index,FANG3X
2021-01-05,62284.3438,64937.0237,62203.7364,64689.8834,64689.8834,0,wallstreet_online_ice_index,FANG3X
2021-01-06,61591.4132,64074.75,59236.6237,59344.3846,59344.3846,0,wallstreet_online_ice_index,FANG3X
2021-01-07,61190.1894,64225.2112,61190.1894,63872.4518,63872.4518,0,wallstreet_online_ice_index,FANG3X
2021-01-08,67462.3835,69775.8247,64657.8134,69654.1512,69654.1512,0,wallstreet_online_ice_index,FANG3X
2021-01-11,65455.2884,66012.2647,61245.1674,61510.6621,61510.6621,0,wallstreet_online_ice_index,FANG3X
2021-01-12,62834.4304,63900.811,61550.7158,63007.4697,63007.4697,0,wallstreet_online_ice_index,FANG3X
2021-01-13,63945.6217,65998.452,62816.9706,64927.2049,64927.2049,0,wallstreet_online_ice_index,FANG3X
2021-01-14,66041.9596,67069.8321,63990.2753,64085.3865,64085.3865,0,wallstreet_online_ice_index,FANG3X
2021-01-15,64585.1795,65475.609,61617.5117,61753.5339,61753.5339,0,wallstreet_online_ice_index,FANG3X
2021-01-17,64585.1795,65475.609,61617.5117,61753.5339,61753.5339,0,wallstreet_online_ice_index,FANG3X
2021-01-18,64585.1795,65475.609,61617.5117,61753.5339,61753.5339,0,wallstreet_online_ice_index,FANG3X
2021-01-19,64794.0607,66160.1239,63775.9501,66026.6978,66026.6978,0,wallstreet_online_ice_index,FANG3X
2021-01-20,72838.7775,76698.9823,72106.4581,75477.4958,75477.4958,0,wallstreet_online_ice_index,FANG3X
2021-01-21,76499.0387,76912.5847,74915.3332,75798.3527,75798.3527,0,wallstreet_online_ice_index,FANG3X
2021-01-22,74957.1026,76973.431,74700.2189,75854.7744,75854.7744,0,wallstreet_online_ice_index,FANG3X
2021-01-25,75854.7744,80444.0775,71873.4596,77798.4008,77798.4008,0,wallstreet_online_ice_index,FANG3X
2021-01-26,77798.4008,79818.1588,77180.4603,78817.7207,78817.7207,0,wallstreet_online_ice_index,FANG3X
2021-01-27,78817.7207,78817.7207,70018.687,70741.9176,70741.9176,0,wallstreet_online_ice_index,FANG3X
2021-01-28,70741.9176,74772.2613,69697.8201,71879.8244,71879.8244,0,wallstreet_online_ice_index,FANG3X
2021-01-29,71879.8244,71879.8244,64681.4604,66500.5134,66500.5134,0,wallstreet_online_ice_index,FANG3X
2021-02-01,66500.5134,73125.1516,66500.5134,72814.0873,72814.0873,0,wallstreet_online_ice_index,FANG3X
2021-02-02,72814.0873,72814.0873,67967.2167,69705.3427,69705.3427,0,wallstreet_online_ice_index,FANG3X
2021-02-03,69705.3427,73375.5193,69705.3427,70763.7094,70763.7094,0,wallstreet_online_ice_index,FANG3X
2021-02-04,70763.7094,73627.617,70377.6251,73548.6795,73548.6795,0,wallstreet_online_ice_index,FANG3X
2021-02-05,73548.6795,75734.5882,71972.9742,75233.7363,75233.7363,0,wallstreet_online_ice_index,FANG3X
2021-02-08,75233.7363,77985.5937,75233.7363,77399.495,77399.495,0,wallstreet_online_ice_index,FANG3X
2021-02-09,77399.495,82087.3757,76982.134,79913.1886,79913.1886,0,wallstreet_online_ice_index,FANG3X
2021-02-10,79913.1886,86884.8954,79254.7363,83740.5431,83740.5431,0,wallstreet_online_ice_index,FANG3X
2021-02-11,83740.5431,85884.2167,82651.3932,85252.6141,85252.6141,0,wallstreet_online_ice_index,FANG3X
2021-02-12,85252.6141,87129.7044,82566.2137,86736.2267,86736.2267,0,wallstreet_online_ice_index,FANG3X
2021-02-15,85252.6141,87129.7044,82566.2137,86736.2267,86736.2267,0,wallstreet_online_ice_index,FANG3X
2021-02-16,86736.2267,90881.2947,86736.2267,89403.9934,89403.9934,0,wallstreet_online_ice_index,FANG3X
2021-02-17,89403.9934,89403.9934,81975.6944,85443.5529,85443.5529,0,wallstreet_online_ice_index,FANG3X
2021-02-18,85443.5529,85443.5529,78655.7143,82688.813,82688.813,0,wallstreet_online_ice_index,FANG3X
2021-02-19,82688.813,86493.3112,82421.1004,85661.6928,85661.6928,0,wallstreet_online_ice_index,FANG3X
2021-02-22,85661.6928,85951.8797,77946.5516,78570.6249,78570.6249,0,wallstreet_online_ice_index,FANG3X
2021-02-23,78570.6249,79329.4618,63951.7044,78272.9783,78272.9783,0,wallstreet_online_ice_index,FANG3X
2021-02-24,78272.9783,78272.9783,72858.1155,77593.9741,77593.9741,0,wallstreet_online_ice_index,FANG3X
2021-02-25,77593.9741,80275.2096,68365.7289,69855.9744,69855.9744,0,wallstreet_online_ice_index,FANG3X
2021-02-26,69855.9744,74580.5271,67342.3063,70105.1354,70105.1354,0,wallstreet_online_ice_index,FANG3X
2021-03-01,70105.1354,76131.0143,70105.1354,76019.3577,76019.3577,0,wallstreet_online_ice_index,FANG3X
2021-03-02,76019.3577,76969.3966,71633.6116,71675.6237,71675.6237,0,wallstreet_online_ice_index,FANG3X
2021-03-03,71675.6237,73550.8454,63345.475,63621.9169,63621.9169,0,wallstreet_online_ice_index,FANG3X
2021-03-04,63621.9169,65535.1735,55735.1357,58457.6937,58457.6937,0,wallstreet_online_ice_index,FANG3X
2021-03-05,58457.6937,60656.962,50139.3231,59884.6221,59884.6221,0,wallstreet_online_ice_index,FANG3X
2021-03-08,59884.6221,60127.0744,50353.5413,50476.1284,50476.1284,0,wallstreet_online_ice_index,FANG3X
2021-03-09,50476.1284,61300.7048,50476.1284,60766.5336,60766.5336,0,wallstreet_online_ice_index,FANG3X
2021-03-10,60766.5336,63955.6953,56972.1701,58287.8411,58287.8411,0,wallstreet_online_ice_index,FANG3X
2021-03-11,58287.8411,65332.1042,58287.8411,65130.904,65130.904,0,wallstreet_online_ice_index,FANG3X
2021-03-12,65130.904,65130.904,59121.3564,61923.4805,61923.4805,0,wallstreet_online_ice_index,FANG3X
2021-03-15,61923.4805,64298.6895,60403.8914,64264.5029,64264.5029,0,wallstreet_online_ice_index,FANG3X
2021-03-16,64264.5029,67275.5044,63050.4542,64224.7026,64224.7026,0,wallstreet_online_ice_index,FANG3X
2021-03-17,64224.7026,68268.1084,60310.4881,67111.4905,67111.4905,0,wallstreet_online_ice_index,FANG3X
2021-03-18,67111.4905,67111.4905,59632.1498,59844.4596,59844.4596,0,wallstreet_online_ice_index,FANG3X
2021-03-19,59844.4596,61309.9862,58097.9661,60650.1486,60650.1486,0,wallstreet_online_ice_index,FANG3X
2021-03-22,60650.1486,64604.201,60650.1486,63046.9337,63046.9337,0,wallstreet_online_ice_index,FANG3X
2021-03-23,63046.9337,64531.3413,62004.4595,62478.1933,62478.1933,0,wallstreet_online_ice_index,FANG3X
2021-03-24,62478.1933,62750.3995,56276.7193,56276.7193,56276.7193,0,wallstreet_online_ice_index,FANG3X
2021-03-25,56276.7193,56452.2063,51712.6811,52388.5269,52388.5269,0,wallstreet_online_ice_index,FANG3X
2021-03-26,52388.5269,53392.6698,48296.5282,53281.3403,53281.3403,0,wallstreet_online_ice_index,FANG3X
2021-03-29,53281.3403,55329.2342,52207.915,54689.1967,54689.1967,0,wallstreet_online_ice_index,FANG3X
2021-03-30,54689.1967,56252.2923,52933.7686,55436.1493,55436.1493,0,wallstreet_online_ice_index,FANG3X
2021-03-31,55436.1493,59295.482,55436.1493,58187.4884,58187.4884,0,wallstreet_online_ice_index,FANG3X
2021-04-01,58187.4884,62312.8804,58187.4884,60643.2149,60643.2149,0,wallstreet_online_ice_index,FANG3X
2021-04-05,60643.2149,64759.5534,60643.2149,64379.9759,64379.9759,0,wallstreet_online_ice_index,FANG3X
2021-04-06,64379.9759,66709.1981,64339.6234,65635.6013,65635.6013,0,wallstreet_online_ice_index,FANG3X
2021-04-07,65635.6013,67524.9473,64269.6215,66716.1321,66716.1321,0,wallstreet_online_ice_index,FANG3X
2021-04-08,66716.1321,69702.0674,66716.1321,69504.3046,69504.3046,0,wallstreet_online_ice_index,FANG3X
2021-04-09,69504.3046,69569.2844,67377.7722,69557.2886,69557.2886,0,wallstreet_online_ice_index,FANG3X
2021-04-12,69557.2886,72283.9333,69147.5649,72095.0966,72095.0966,0,wallstreet_online_ice_index,FANG3X
2021-04-13,72095.0966,76242.5565,72095.0966,75904.155,75904.155,0,wallstreet_online_ice_index,FANG3X
2021-04-14,75904.155,76397.202,70710.5378,71080.3477,71080.3477,0,wallstreet_online_ice_index,FANG3X
2021-04-15,71080.3477,75021.2954,71080.3477,74604.7365,74604.7365,0,wallstreet_online_ice_index,FANG3X
2021-04-16,74604.7365,74825.9138,72279.9971,73832.0508,73832.0508,0,wallstreet_online_ice_index,FANG3X
2021-04-19,73832.0508,73832.0508,69096.0109,70885.4471,70885.4471,0,wallstreet_online_ice_index,FANG3X
2021-04-20,70885.4471,71762.7562,67008.8804,68678.8293,68678.8293,0,wallstreet_online_ice_index,FANG3X
2021-04-21,68678.8293,69270.0831,65453.0565,69270.0831,69270.0831,0,wallstreet_online_ice_index,FANG3X
2021-04-22,69270.0831,69762.5575,65136.2525,65637.3818,65637.3818,0,wallstreet_online_ice_index,FANG3X
2021-04-23,65637.3818,69723.1239,65637.3818,69213.2994,69213.2994,0,wallstreet_online_ice_index,FANG3X
2021-04-26,69213.2994,70418.3281,68503.6515,70338.5658,70338.5658,0,wallstreet_online_ice_index,FANG3X
2021-04-27,70338.5658,71374.5678,68785.0331,68881.8657,68881.8657,0,wallstreet_online_ice_index,FANG3X
2021-04-28,68881.8657,71658.0291,68881.8657,69408.3094,69408.3094,0,wallstreet_online_ice_index,FANG3X
2021-04-29,69408.3094,73092.7304,67994.0837,70312.6001,70312.6001,0,wallstreet_online_ice_index,FANG3X
2021-04-30,70312.6001,70312.6001,66190.4947,66535.5446,66535.5446,0,wallstreet_online_ice_index,FANG3X
2021-05-03,66535.5446,67585.4626,63886.023,64185.8067,64185.8067,0,wallstreet_online_ice_index,FANG3X
2021-05-04,64185.8067,64185.8067,57639.2698,60501.9268,60501.9268,0,wallstreet_online_ice_index,FANG3X
2021-05-05,60501.9268,62838.2838,59025.0238,59368.6886,59368.6886,0,wallstreet_online_ice_index,FANG3X
2021-05-06,59368.6886,60179.0694,57323.0035,60146.6969,60146.6969,0,wallstreet_online_ice_index,FANG3X
2021-05-07,60146.6969,62902.7604,60132.7147,60856.6555,60856.6555,0,wallstreet_online_ice_index,FANG3X
2021-05-10,60856.6555,60856.6555,54253.4275,54270.4373,54270.4373,0,wallstreet_online_ice_index,FANG3X
2021-05-11,54270.4373,55418.5424,49836.0411,55007.7417,55007.7417,0,wallstreet_online_ice_index,FANG3X
2021-05-12,55007.7417,55007.7417,50157.8727,50510.5569,50510.5569,0,wallstreet_online_ice_index,FANG3X
2021-05-13,50510.5569,52558.4031,47866.5057,49411.468,49411.468,0,wallstreet_online_ice_index,FANG3X
2021-05-14,49411.468,53635.9109,49411.468,53393.0035,53393.0035,0,wallstreet_online_ice_index,FANG3X
2021-05-17,53393.0035,53873.5148,51412.6248,53491.1971,53491.1971,0,wallstreet_online_ice_index,FANG3X
2021-05-18,53491.1971,55507.3307,52605.0509,52617.5664,52617.5664,0,wallstreet_online_ice_index,FANG3X
2021-05-19,52617.5664,52617.5664,49387.4259,52490.1352,52490.1352,0,wallstreet_online_ice_index,FANG3X
2021-05-20,52490.1352,56468.3166,52490.1352,56237.961,56237.961,0,wallstreet_online_ice_index,FANG3X
2021-05-21,56237.961,57579.3688,54866.6389,54954.7693,54954.7693,0,wallstreet_online_ice_index,FANG3X
2021-05-24,54954.7693,59381.9524,54954.7693,58686.387,58686.387,0,wallstreet_online_ice_index,FANG3X
2021-05-25,58686.387,60490.3014,58267.6963,59189.0429,59189.0429,0,wallstreet_online_ice_index,FANG3X
2021-05-26,59189.0429,60834.5737,59189.0429,60279.8847,60279.8847,0,wallstreet_online_ice_index,FANG3X
2021-05-27,60279.8847,60893.2061,59297.8335,60206.1947,60206.1947,0,wallstreet_online_ice_index,FANG3X
2021-05-28,60206.1947,61824.6468,60206.1947,60800.8342,60800.8342,0,wallstreet_online_ice_index,FANG3X
2021-05-30,60206.1947,61824.6468,60206.1947,60800.8342,60800.8342,0,wallstreet_online_ice_index,FANG3X
2021-05-31,60206.1947,61824.6468,60206.1947,60800.8342,60800.8342,0,wallstreet_online_ice_index,FANG3X
2021-06-01,60800.8342,62587.3289,60121.8437,61478.4711,61478.4711,0,wallstreet_online_ice_index,FANG3X
2021-06-02,61478.4711,62139.965,60164.7388,61456.198,61456.198,0,wallstreet_online_ice_index,FANG3X
2021-06-03,61456.198,61456.198,58553.2259,58784.9885,58784.9885,0,wallstreet_online_ice_index,FANG3X
2021-06-04,58784.9885,62768.7224,58784.9885,62507.9307,62507.9307,0,wallstreet_online_ice_index,FANG3X
2021-06-07,62507.9307,63075.0633,60716.6297,62881.6967,62881.6967,0,wallstreet_online_ice_index,FANG3X
2021-06-08,62881.6967,64295.8774,61329.7124,62494.5498,62494.5498,0,wallstreet_online_ice_index,FANG3X
2021-06-09,62494.5498,63717.2709,61915.8628,61939.3518,61939.3518,0,wallstreet_online_ice_index,FANG3X
2021-06-10,61939.3518,63586.8522,61586.1124,63427.4583,63427.4583,0,wallstreet_online_ice_index,FANG3X
2021-06-11,63427.4583,63944.7737,62741.4999,63869.6185,63869.6185,0,wallstreet_online_ice_index,FANG3X
2021-06-14,63869.6185,66438.2061,63496.2088,66438.2061,66438.2061,0,wallstreet_online_ice_index,FANG3X
2021-06-15,66438.2061,66438.2061,64055.4039,64184.4949,64184.4949,0,wallstreet_online_ice_index,FANG3X
2021-06-16,64184.4949,65296.8989,61888.8983,63917.225,63917.225,0,wallstreet_online_ice_index,FANG3X
2021-06-17,63917.225,68171.7203,63603.3344,67389.7465,67389.7465,0,wallstreet_online_ice_index,FANG3X
2021-06-18,67389.7465,68369.0199,66232.8712,66812.0038,66812.0038,0,wallstreet_online_ice_index,FANG3X
2021-06-21,66812.0038,67117.7346,64309.9149,67055.7646,67055.7646,0,wallstreet_online_ice_index,FANG3X
2021-06-22,67055.7646,70443.4614,66988.3299,70017.6119,70017.6119,0,wallstreet_online_ice_index,FANG3X
2021-06-23,70017.6119,73443.5122,70017.6119,72906.0257,72906.0257,0,wallstreet_online_ice_index,FANG3X
2021-06-24,72906.0257,77078.8509,72906.0257,75549.4134,75549.4134,0,wallstreet_online_ice_index,FANG3X
2021-06-25,75549.4134,77991.066,75184.1287,76835.3999,76835.3999,0,wallstreet_online_ice_index,FANG3X
2021-06-28,76835.3999,81173.4377,76835.3999,80762.044,80762.044,0,wallstreet_online_ice_index,FANG3X
2021-06-29,80762.044,81218.0722,78499.0345,81193.217,81193.217,0,wallstreet_online_ice_index,FANG3X
2021-06-30,81193.217,81321.5371,79752.2127,79799.4904,79799.4904,0,wallstreet_online_ice_index,FANG3X
2021-07-01,79799.4904,81346.0271,77963.0494,79683.0598,79683.0598,0,wallstreet_online_ice_index,FANG3X
2021-07-02,79683.0598,81076.8529,79305.9583,80978.482,80978.482,0,wallstreet_online_ice_index,FANG3X
2021-07-04,79683.0598,81076.8529,79305.9583,80978.482,80978.482,0,wallstreet_online_ice_index,FANG3X
2021-07-05,79683.0598,81076.8529,79305.9583,80978.482,80978.482,0,wallstreet_online_ice_index,FANG3X
2021-07-06,80978.482,81514.1702,78149.4985,80885.9419,80885.9419,0,wallstreet_online_ice_index,FANG3X
2021-07-07,80885.9419,82731.6777,78438.3068,78715.2849,78715.2849,0,wallstreet_online_ice_index,FANG3X
2021-07-08,78715.2849,78715.2849,72021.269,75230.6029,75230.6029,0,wallstreet_online_ice_index,FANG3X
2021-07-09,75230.6029,78599.7331,75230.6029,78427.2988,78427.2988,0,wallstreet_online_ice_index,FANG3X
2021-07-12,78427.2988,80608.1792,78427.2988,80573.8165,80573.8165,0,wallstreet_online_ice_index,FANG3X
2021-07-13,80573.8165,83440.9327,80052.6176,80553.2224,80553.2224,0,wallstreet_online_ice_index,FANG3X
2021-07-14,80553.2224,83317.2036,80212.8664,80401.1507,80401.1507,0,wallstreet_online_ice_index,FANG3X
2021-07-15,80401.1507,81912.2568,76333.3551,78153.7054,78153.7054,0,wallstreet_online_ice_index,FANG3X
2021-07-16,78153.7054,79175.5293,73325.3844,73861.4015,73861.4015,0,wallstreet_online_ice_index,FANG3X
2021-07-19,73861.4015,73861.4015,69187.2062,72413.972,72413.972,0,wallstreet_online_ice_index,FANG3X
2021-07-20,72413.972,76071.7235,70954.512,74981.6088,74981.6088,0,wallstreet_online_ice_index,FANG3X
2021-07-21,74981.6088,76411.7144,74464.9632,76386.5295,76386.5295,0,wallstreet_online_ice_index,FANG3X
2021-07-22,76386.5295,77812.062,75867.023,77442.1331,77442.1331,0,wallstreet_online_ice_index,FANG3X
2021-07-23,77442.1331,79668.0522,75669.4891,79154.1437,79154.1437,0,wallstreet_online_ice_index,FANG3X
2021-07-26,79154.1437,79154.1437,75200.1566,76221.15,76221.15,0,wallstreet_online_ice_index,FANG3X
2021-07-27,76221.15,76221.15,69346.6932,73002.7305,73002.7305,0,wallstreet_online_ice_index,FANG3X
2021-07-28,73002.7305,78211.4943,73002.7305,76834.8918,76834.8918,0,wallstreet_online_ice_index,FANG3X
2021-07-29,76834.8918,78272.0887,75917.5891,77074.9512,77074.9512,0,wallstreet_online_ice_index,FANG3X
2021-07-30,77074.9512,77074.9512,72837.5651,74541.7686,74541.7686,0,wallstreet_online_ice_index,FANG3X
2021-08-02,74541.7686,77563.8972,74541.7686,75786.5805,75786.5805,0,wallstreet_online_ice_index,FANG3X
2021-08-03,75786.5805,76505.4618,72583.7853,75543.6523,75543.6523,0,wallstreet_online_ice_index,FANG3X
2021-08-04,75543.6523,77538.5243,75543.6523,77009.6687,77009.6687,0,wallstreet_online_ice_index,FANG3X
2021-08-05,77009.6687,78876.1472,76571.5779,78829.2027,78829.2027,0,wallstreet_online_ice_index,FANG3X
2021-08-06,78829.2027,78890.5464,75768.2985,76145.3186,76145.3186,0,wallstreet_online_ice_index,FANG3X
2021-08-09,76145.3186,77129.6755,75279.9163,76629.2188,76629.2188,0,wallstreet_online_ice_index,FANG3X
2021-08-10,76629.2188,77548.2284,74528.6186,75084.1472,75084.1472,0,wallstreet_online_ice_index,FANG3X
2021-08-11,75084.1472,76156.2083,72975.0024,74044.5096,74044.5096,0,wallstreet_online_ice_index,FANG3X
2021-08-12,74044.5096,74626.5136,71712.8171,74496.2053,74496.2053,0,wallstreet_online_ice_index,FANG3X
2021-08-13,74496.2053,74821.4065,73297.26,73794.9999,73794.9999,0,wallstreet_online_ice_index,FANG3X
2021-08-16,73794.9999,73794.9999,68242.6464,71597.0431,71597.0431,0,wallstreet_online_ice_index,FANG3X
2021-08-17,71597.0431,71597.0431,65769.6049,67442.3912,67442.3912,0,wallstreet_online_ice_index,FANG3X
2021-08-18,67442.3912,68965.1046,66243.6346,66331.7034,66331.7034,0,wallstreet_online_ice_index,FANG3X
2021-08-19,66331.7034,67938.5585,64112.185,65777.35,65777.35,0,wallstreet_online_ice_index,FANG3X
2021-08-20,65777.35,68690.434,65777.35,67979.702,67979.702,0,wallstreet_online_ice_index,FANG3X
2021-08-23,67979.702,73252.5651,67979.702,73004.0089,73004.0089,0,wallstreet_online_ice_index,FANG3X
2021-08-24,73004.0089,76492.3001,73004.0089,75883.7912,75883.7912,0,wallstreet_online_ice_index,FANG3X
2021-08-25,75883.7912,76253.3218,75022.8925,76109.0899,76109.0899,0,wallstreet_online_ice_index,FANG3X
2021-08-26,76109.0899,76643.7732,73930.4292,74257.0494,74257.0494,0,wallstreet_online_ice_index,FANG3X
2021-08-27,74257.0494,76916.3597,74061.7654,76595.3524,76595.3524,0,wallstreet_online_ice_index,FANG3X
2021-08-30,76595.3524,80607.3288,76595.3524,80222.0023,80222.0023,0,wallstreet_online_ice_index,FANG3X
2021-08-31,80222.0023,81653.5736,79528.2447,81081.7464,81081.7464,0,wallstreet_online_ice_index,FANG3X
2021-09-01,81081.7464,85772.721,81081.7464,84184.4603,84184.4603,0,wallstreet_online_ice_index,FANG3X
2021-09-02,84184.4603,85774.4839,82261.5022,82758.0041,82758.0041,0,wallstreet_online_ice_index,FANG3X
2021-09-03,82758.0041,83846.2688,81442.2964,83725.7231,83725.7231,0,wallstreet_online_ice_index,FANG3X
2021-09-06,82758.0041,83846.2688,81442.2964,83725.7231,83725.7231,0,wallstreet_online_ice_index,FANG3X
2021-09-07,83725.7231,87936.5704,83725.7231,87233.8583,87233.8583,0,wallstreet_online_ice_index,FANG3X
2021-09-08,87233.8583,87415.2766,82011.9565,84127.9452,84127.9452,0,wallstreet_online_ice_index,FANG3X
2021-09-09,84127.9452,84958.9974,82819.7268,82930.9231,82930.9231,0,wallstreet_online_ice_index,FANG3X
2021-09-10,82930.9231,85596.2353,80837.5094,81008.6729,81008.6729,0,wallstreet_online_ice_index,FANG3X
2021-09-13,81008.6729,81955.4674,76755.7309,79481.3675,79481.3675,0,wallstreet_online_ice_index,FANG3X
2021-09-14,79481.3675,80289.5448,77464.5545,78188.9587,78188.9587,0,wallstreet_online_ice_index,FANG3X
2021-09-15,78188.9587,80127.7959,75692.121,79930.0357,79930.0357,0,wallstreet_online_ice_index,FANG3X
2021-09-16,79930.0357,80051.4412,76998.3046,79577.7431,79577.7431,0,wallstreet_online_ice_index,FANG3X
2021-09-17,79577.7431,80420.5283,77119.8278,78444.6272,78444.6272,0,wallstreet_online_ice_index,FANG3X
2021-09-20,78444.6272,78444.6272,67774.7641,71026.5156,71026.5156,0,wallstreet_online_ice_index,FANG3X
2021-09-21,71026.5156,73475.5216,71026.5156,72258.9207,72258.9207,0,wallstreet_online_ice_index,FANG3X
2021-09-22,72258.9207,75867.5027,72026.6992,75120.4882,75120.4882,0,wallstreet_online_ice_index,FANG3X
2021-09-23,75120.4882,77662.5754,74716.2154,77429.7899,77429.7899,0,wallstreet_online_ice_index,FANG3X
2021-09-24,77429.7899,77429.7899,74280.5662,77039.9859,77039.9859,0,wallstreet_online_ice_index,FANG3X
2021-09-27,77039.9859,77317.4969,73082.1666,76699.8439,76699.8439,0,wallstreet_online_ice_index,FANG3X
2021-09-28,76699.8439,76699.8439,70031.663,70907.0581,70907.0581,0,wallstreet_online_ice_index,FANG3X
2021-09-29,70907.0581,73355.062,69128.9768,69370.4731,69370.4731,0,wallstreet_online_ice_index,FANG3X
2021-09-30,69370.4731,71930.6246,69370.4731,69818.896,69818.896,0,wallstreet_online_ice_index,FANG3X
2021-10-01,69818.896,70833.4753,67578.3695,70498.5551,70498.5551,0,wallstreet_online_ice_index,FANG3X
2021-10-04,70498.5551,70498.5551,62895.2134,64157.098,64157.098,0,wallstreet_online_ice_index,FANG3X
2021-10-05,64157.098,69762.6512,64157.098,68449.3261,68449.3261,0,wallstreet_online_ice_index,FANG3X
2021-10-06,68449.3261,70390.0265,65743.8597,70128.5512,70128.5512,0,wallstreet_online_ice_index,FANG3X
2021-10-07,70128.5512,75923.0602,70128.5512,74499.5281,74499.5281,0,wallstreet_online_ice_index,FANG3X
2021-10-08,74499.5281,76952.6377,74483.9502,75476.4468,75476.4468,0,wallstreet_online_ice_index,FANG3X
2021-10-11,75476.4468,77643.8181,74331.4683,74366.9411,74366.9411,0,wallstreet_online_ice_index,FANG3X
2021-10-12,74366.9411,75782.431,72817.0984,73232.5358,73232.5358,0,wallstreet_online_ice_index,FANG3X
2021-10-13,73232.5358,76059.8979,73232.5358,75710.5825,75710.5825,0,wallstreet_online_ice_index,FANG3X
2021-10-14,75710.5825,78622.0027,75710.5825,78413.4238,78413.4238,0,wallstreet_online_ice_index,FANG3X
2021-10-15,78413.4238,80232.9673,78355.7172,79949.1127,79949.1127,0,wallstreet_online_ice_index,FANG3X
2021-10-18,79949.1127,84935.8168,79949.1127,84732.3683,84732.3683,0,wallstreet_online_ice_index,FANG3X
2021-10-19,84732.3683,89045.8631,84732.3683,88691.1738,88691.1738,0,wallstreet_online_ice_index,FANG3X
2021-10-20,88691.1738,89701.6402,86541.5921,87800.8735,87800.8735,0,wallstreet_online_ice_index,FANG3X
2021-10-21,87800.8735,90801.5948,87496.923,90717.7965,90717.7965,0,wallstreet_online_ice_index,FANG3X
2021-10-22,90717.7965,90717.7965,85866.4567,87175.4282,87175.4282,0,wallstreet_online_ice_index,FANG3X
2021-10-25,87175.4282,91745.4636,85432.5125,91294.4452,91294.4452,0,wallstreet_online_ice_index,FANG3X
2021-10-26,91294.4452,95788.0289,88326.5669,90394.498,90394.498,0,wallstreet_online_ice_index,FANG3X
2021-10-27,90394.498,91642.0852,88447.9284,88524.7141,88524.7141,0,wallstreet_online_ice_index,FANG3X
2021-10-28,88524.7141,92874.5193,88524.7141,92210.1636,92210.1636,0,wallstreet_online_ice_index,FANG3X
2021-10-29,92210.1636,92667.5225,89043.1566,92629.7952,92629.7952,0,wallstreet_online_ice_index,FANG3X
2021-11-01,92629.7952,97683.1586,92629.7952,97657.6579,97657.6579,0,wallstreet_online_ice_index,FANG3X
2021-11-02,97657.6579,97657.6579,93115.7765,94232.2007,94232.2007,0,wallstreet_online_ice_index,FANG3X
2021-11-03,94232.2007,99043.1981,94133.5743,98970.4135,98970.4135,0,wallstreet_online_ice_index,FANG3X
2021-11-04,98970.4135,105575.1306,98970.4135,102804.6664,102804.6664,0,wallstreet_online_ice_index,FANG3X
2021-11-05,102804.6664,105074.9004,99940.91,100250.6161,100250.6161,0,wallstreet_online_ice_index,FANG3X
2021-11-08,100250.6161,102039.3692,99159.3198,100686.4412,100686.4412,0,wallstreet_online_ice_index,FANG3X
2021-11-09,100686.4412,103552.7962,94534.309,95670.9035,95670.9035,0,wallstreet_online_ice_index,FANG3X
2021-11-10,95670.9035,98019.8913,89484.5294,93003.6813,93003.6813,0,wallstreet_online_ice_index,FANG3X
2021-11-11,93003.6813,97566.4385,93003.6813,95747.2296,95747.2296,0,wallstreet_online_ice_index,FANG3X
2021-11-12,95747.2296,98685.7244,93368.0175,98616.6254,98616.6254,0,wallstreet_online_ice_index,FANG3X
2021-11-15,98616.6254,99693.3511,95668.6864,97851.466,97851.466,0,wallstreet_online_ice_index,FANG3X
2021-11-16,98616.6254,100957.9656,98535.6036,100781.3761,100781.3761,0,wallstreet_online_ice_index,FANG3X
2021-11-17,100781.3761,102307.9594,97316.4355,97985.5425,97985.5425,0,wallstreet_online_ice_index,FANG3X
2021-11-18,97985.5425,99798.1288,95603.1482,97781.8193,97781.8193,0,wallstreet_online_ice_index,FANG3X
2021-11-19,97781.8193,100988.6844,97781.8193,100297.4039,100297.4039,0,wallstreet_online_ice_index,FANG3X
2021-11-22,100297.4039,104873.2655,95132.7511,95429.0904,95429.0904,0,wallstreet_online_ice_index,FANG3X
2021-11-23,95429.0904,97533.8742,88588.1835,92890.2094,92890.2094,0,wallstreet_online_ice_index,FANG3X
2021-11-24,92890.2094,96123.5951,88669.918,95636.3148,95636.3148,0,wallstreet_online_ice_index,FANG3X
2021-11-26,95636.3148,95636.3148,88565.3423,90044.3526,90044.3526,0,wallstreet_online_ice_index,FANG3X
2021-11-29,90044.3526,95927.8903,90044.3526,94752.7959,94752.7959,0,wallstreet_online_ice_index,FANG3X
2021-11-30,94752.7959,96247.2396,87913.3799,90487.372,90487.372,0,wallstreet_online_ice_index,FANG3X
2021-12-01,90487.372,95022.4574,82992.2518,83164.6271,83164.6271,0,wallstreet_online_ice_index,FANG3X
2021-12-02,83164.6271,85430.4172,80265.0082,83527.6204,83527.6204,0,wallstreet_online_ice_index,FANG3X
2021-12-03,83527.6204,83527.6204,71583.0588,74555.1872,74555.1872,0,wallstreet_online_ice_index,FANG3X
2021-12-06,74555.1872,80309.0001,71020.126,79689.3466,79689.3466,0,wallstreet_online_ice_index,FANG3X
2021-12-07,79689.3466,87902.0945,79689.3466,87316.6554,87316.6554,0,wallstreet_online_ice_index,FANG3X
2021-12-08,87316.6554,89914.6219,85137.4389,88949.8166,88949.8166,0,wallstreet_online_ice_index,FANG3X
2021-12-09,88949.8166,91403.3164,83957.7529,84042.9155,84042.9155,0,wallstreet_online_ice_index,FANG3X
2021-12-10,84042.9155,86355.5474,81545.8796,84690.1516,84690.1516,0,wallstreet_online_ice_index,FANG3X
2021-12-13,84690.1516,84690.1516,77715.937,77892.0752,77892.0752,0,wallstreet_online_ice_index,FANG3X
2021-12-14,77892.0752,78010.9261,73730.1723,77226.7409,77226.7409,0,wallstreet_online_ice_index,FANG3X
2021-12-15,77226.7409,81728.9152,71544.8609,81619.1678,81619.1678,0,wallstreet_online_ice_index,FANG3X
2021-12-16,81619.1678,83141.7771,72838.8743,73829.8364,73829.8364,0,wallstreet_online_ice_index,FANG3X
2021-12-17,73829.8364,76502.254,70423.8748,73213.0115,73213.0115,0,wallstreet_online_ice_index,FANG3X
2021-12-20,73213.0115,73213.0115,67505.0535,69275.7836,69275.7836,0,wallstreet_online_ice_index,FANG3X
2021-12-21,69275.7836,76265.0195,69275.7836,76182.9777,76182.9777,0,wallstreet_online_ice_index,FANG3X
2021-12-22,76182.9777,78453.4922,74089.2631,78390.2265,78390.2265,0,wallstreet_online_ice_index,FANG3X
2021-12-23,78390.2265,81630.5475,77299.6628,80886.1043,80886.1043,0,wallstreet_online_ice_index,FANG3X
2021-12-27,80886.1043,85206.7669,80886.1043,84024.7438,84024.7438,0,wallstreet_online_ice_index,FANG3X
2021-12-28,84024.7438,84587.589,81538.9542,82106.3253,82106.3253,0,wallstreet_online_ice_index,FANG3X
2021-12-29,82106.3253,82712.435,78181.2358,80102.7075,80102.7075,0,wallstreet_online_ice_index,FANG3X
2021-12-30,80102.7075,85775.0547,79679.2426,83442.1279,83442.1279,0,wallstreet_online_ice_index,FANG3X
2021-12-31,83442.1279,84093.5381,80024.3312,80039.2107,80039.2107,0,wallstreet_online_ice_index,FANG3X
2022-01-03,80039.2107,85925.0732,80039.2107,85522.5481,85522.5481,0,wallstreet_online_ice_index,FANG3X
2022-01-04,85522.5481,85522.5481,78248.9757,81210.2782,81210.2782,0,wallstreet_online_ice_index,FANG3X
2022-01-05,81210.2782,82736.0976,73157.5423,73192.2382,73192.2382,0,wallstreet_online_ice_index,FANG3X
2022-01-06,73192.2382,76788.0436,70176.6788,74456.2189,74456.2189,0,wallstreet_online_ice_index,FANG3X
2022-01-07,74456.2189,77837.7415,72250.9618,73120.4829,73120.4829,0,wallstreet_online_ice_index,FANG3X
2022-01-10,73120.4829,73573.0486,66453.9097,73398.4685,73398.4685,0,wallstreet_online_ice_index,FANG3X
2022-01-11,73398.4685,77156.0972,71618.3004,76774.4083,76774.4083,0,wallstreet_online_ice_index,FANG3X
2022-01-12,76774.4083,80967.6371,76774.4083,79645.2333,79645.2333,0,wallstreet_online_ice_index,FANG3X
2022-01-13,79645.2333,79645.2333,70431.0888,70750.4093,70750.4093,0,wallstreet_online_ice_index,FANG3X
2022-01-14,70750.4093,73199.8513,69642.3251,73081.7878,73081.7878,0,wallstreet_online_ice_index,FANG3X
2022-01-17,70750.4093,73199.8513,69642.3251,73081.7878,73081.7878,0,wallstreet_online_ice_index,FANG3X
2022-01-18,73081.7878,73081.7878,66832.9083,67721.6361,67721.6361,0,wallstreet_online_ice_index,FANG3X
2022-01-19,67721.6361,70341.2467,65757.6883,65835.2006,65835.2006,0,wallstreet_online_ice_index,FANG3X
2022-01-20,65835.2006,71695.9598,64989.8978,65232.016,65232.016,0,wallstreet_online_ice_index,FANG3X
2022-01-21,65232.016,65232.016,54657.6124,54796.1769,54796.1769,0,wallstreet_online_ice_index,FANG3X
2022-01-24,54796.1769,54796.1769,43168.0006,53300.6139,53300.6139,0,wallstreet_online_ice_index,FANG3X
2022-01-25,53300.6139,53300.6139,48657.6487,49837.5954,49837.5954,0,wallstreet_online_ice_index,FANG3X
2022-01-26,49837.5954,54858.854,47586.6457,49450.6982,49450.6982,0,wallstreet_online_ice_index,FANG3X
2022-01-27,49450.6982,52133.3038,47090.2589,47190.0683,47190.0683,0,wallstreet_online_ice_index,FANG3X
2022-01-28,47190.0683,51477.5265,45518.6465,51451.101,51451.101,0,wallstreet_online_ice_index,FANG3X
2022-01-31,51451.101,60467.0026,51451.101,60442.7497,60442.7497,0,wallstreet_online_ice_index,FANG3X
2022-02-01,60442.7497,62648.0646,58487.4527,62487.7042,62487.7042,0,wallstreet_online_ice_index,FANG3X
2022-02-02,62487.7042,65562.5733,59996.1766,62391.1068,62391.1068,0,wallstreet_online_ice_index,FANG3X
2022-02-03,62391.1068,62391.1068,51571.1647,51891.6606,51891.6606,0,wallstreet_online_ice_index,FANG3X
2022-02-04,51891.6606,56772.0746,51300.0191,55240.8025,55240.8025,0,wallstreet_online_ice_index,FANG3X
2022-02-07,55240.8025,55628.888,51500.8783,52032.7444,52032.7444,0,wallstreet_online_ice_index,FANG3X
2022-02-08,52032.7444,55459.2179,51472.4942,55106.0533,55106.0533,0,wallstreet_online_ice_index,FANG3X
2022-02-09,55106.0533,59140.8008,55106.0533,59140.8008,59140.8008,0,wallstreet_online_ice_index,FANG3X
2022-02-10,59140.8008,59509.8533,54413.8029,55309.3939,55309.3939,0,wallstreet_online_ice_index,FANG3X
2022-02-11,55309.3939,56464.9627,48936.6947,49686.5058,49686.5058,0,wallstreet_online_ice_index,FANG3X
2022-02-14,49686.5058,52370.7287,48467.9367,50535.595,50535.595,0,wallstreet_online_ice_index,FANG3X
2022-02-15,50535.595,55447.0912,50535.595,55434.4868,55434.4868,0,wallstreet_online_ice_index,FANG3X
2022-02-16,55434.4868,55511.5746,52768.1149,55132.4916,55132.4916,0,wallstreet_online_ice_index,FANG3X
2022-02-17,55132.4916,55132.4916,49796.5059,49984.105,49984.105,0,wallstreet_online_ice_index,FANG3X
2022-02-18,49984.105,50113.1093,45418.1121,46671.4886,46671.4886,0,wallstreet_online_ice_index,FANG3X
2022-02-21,49984.105,50113.1093,45418.1121,46671.4886,46671.4886,0,wallstreet_online_ice_index,FANG3X
2022-02-22,46671.4886,46671.4886,41636.3062,43313.8362,43313.8362,0,wallstreet_online_ice_index,FANG3X
2022-02-23,43313.8362,45687.3668,39336.0348,39391.288,39391.288,0,wallstreet_online_ice_index,FANG3X
2022-02-24,39391.288,43574.1449,33098.2338,43511.0859,43511.0859,0,wallstreet_online_ice_index,FANG3X
2022-02-25,43511.0859,44923.6698,41258.0357,44837.3487,44837.3487,0,wallstreet_online_ice_index,FANG3X
2022-02-28,44837.3487,46543.787,42947.24,45806.9125,45806.9125,0,wallstreet_online_ice_index,FANG3X
2022-03-01,45806.9125,48576.9516,44356.1365,45317.6436,45317.6436,0,wallstreet_online_ice_index,FANG3X
2022-03-02,45317.6436,46843.7415,43145.8429,46273.4606,46273.4606,0,wallstreet_online_ice_index,FANG3X
2022-03-03,46273.4606,47329.2401,42247.8637,43012.4376,43012.4376,0,wallstreet_online_ice_index,FANG3X
2022-03-04,43012.4376,43036.1391,39258.2702,40313.7287,40313.7287,0,wallstreet_online_ice_index,FANG3X
2022-03-07,40313.7287,40990.8118,34973.6494,34974.3261,34974.3261,0,wallstreet_online_ice_index,FANG3X
2022-03-08,34974.3261,37896.6451,32843.7011,34674.736,34674.736,0,wallstreet_online_ice_index,FANG3X
2022-03-09,34674.736,39528.0132,34674.736,39331.0837,39331.0837,0,wallstreet_online_ice_index,FANG3X
2022-03-10,39331.0837,39331.0837,35060.7093,36869.8677,36869.8677,0,wallstreet_online_ice_index,FANG3X
2022-03-11,36869.8677,37863.6707,32117.868,32204.3735,32204.3735,0,wallstreet_online_ice_index,FANG3X
2022-03-14,32204.3735,32204.3735,28039.5983,28459.4643,28459.4643,0,wallstreet_online_ice_index,FANG3X
2022-03-15,28459.4643,31300.6626,27771.1848,31134.4826,31134.4826,0,wallstreet_online_ice_index,FANG3X
2022-03-16,31134.4826,40657.5669,31134.4826,40647.9352,40647.9352,0,wallstreet_online_ice_index,FANG3X
2022-03-17,40647.9352,41456.4469,37624.4108,41391.9974,41391.9974,0,wallstreet_online_ice_index,FANG3X
2022-03-18,41391.9974,46313.9677,41294.9606,45582.8429,45582.8429,0,wallstreet_online_ice_index,FANG3X
2022-03-21,45582.8429,46096.3694,42332.7978,44700.2343,44700.2343,0,wallstreet_online_ice_index,FANG3X
2022-03-22,44700.2343,50136.1085,44700.2343,49593.9818,49593.9818,0,wallstreet_online_ice_index,FANG3X
2022-03-23,49593.9818,51696.1288,47475.0645,48588.062,48588.062,0,wallstreet_online_ice_index,FANG3X
2022-03-24,48588.062,50882.0539,46782.7879,50859.8592,50859.8592,0,wallstreet_online_ice_index,FANG3X
2022-03-25,50859.8592,50859.8592,47735.3631,50090.1222,50090.1222,0,wallstreet_online_ice_index,FANG3X
2022-03-28,50090.1222,53137.4054,50090.1222,53126.0917,53126.0917,0,wallstreet_online_ice_index,FANG3X
2022-03-29,53126.0917,56325.3815,53126.0917,55415.3403,55415.3403,0,wallstreet_online_ice_index,FANG3X
2022-03-30,55415.3403,56173.9706,52476.9687,53215.476,53215.476,0,wallstreet_online_ice_index,FANG3X
2022-03-31,53215.476,53215.476,48596.8985,48596.8985,48596.8985,0,wallstreet_online_ice_index,FANG3X
2022-04-01,48596.8985,51607.4933,48596.8985,49720.5319,49720.5319,0,wallstreet_online_ice_index,FANG3X
2022-04-04,49720.5319,55973.7676,49720.5319,55907.82,55907.82,0,wallstreet_online_ice_index,FANG3X
2022-04-05,55907.82,55907.82,49947.3619,50401.8106,50401.8106,0,wallstreet_online_ice_index,FANG3X
2022-04-06,50401.8106,50401.8106,43800.1319,45167.7336,45167.7336,0,wallstreet_online_ice_index,FANG3X
2022-04-07,45167.7336,45602.7633,41581.2192,44145.6457,44145.6457,0,wallstreet_online_ice_index,FANG3X
2022-04-08,44145.6457,44145.6457,41676.604,41811.4726,41811.4726,0,wallstreet_online_ice_index,FANG3X
2022-04-11,41811.4726,41811.4726,37911.1969,38010.6935,38010.6935,0,wallstreet_online_ice_index,FANG3X
2022-04-12,38010.6935,40587.9145,36659.552,37241.2019,37241.2019,0,wallstreet_online_ice_index,FANG3X
2022-04-13,37241.2019,39916.9291,36541.5394,39540.4772,39540.4772,0,wallstreet_online_ice_index,FANG3X
2022-04-14,39540.4772,39540.4772,35708.3469,35794.1724,35794.1724,0,wallstreet_online_ice_index,FANG3X
2022-04-18,35794.1724,36648.4964,34481.5547,36067.1187,36067.1187,0,wallstreet_online_ice_index,FANG3X
2022-04-19,36067.1187,38317.543,34591.8996,38021.9982,38021.9982,0,wallstreet_online_ice_index,FANG3X
2022-04-20,38021.9982,38021.9982,30547.813,30982.2816,30982.2816,0,wallstreet_online_ice_index,FANG3X
2022-04-21,30982.2816,33310.6916,28101.3166,28391.6017,28391.6017,0,wallstreet_online_ice_index,FANG3X
2022-04-22,28391.6017,29843.4291,26606.6774,26694.9338,26694.9338,0,wallstreet_online_ice_index,FANG3X
2022-04-25,26694.9338,27501.2625,25313.4171,27426.7176,27426.7176,0,wallstreet_online_ice_index,FANG3X
2022-04-26,27426.7176,27426.7176,23312.262,23316.2667,23316.2667,0,wallstreet_online_ice_index,FANG3X
2022-04-27,23316.2667,25050.3394,23011.7117,23525.417,23525.417,0,wallstreet_online_ice_index,FANG3X
2022-04-28,23525.417,27367.8899,23525.417,26901.5161,26901.5161,0,wallstreet_online_ice_index,FANG3X
2022-04-29,26901.5161,28596.9145,24359.8963,24486.8039,24486.8039,0,wallstreet_online_ice_index,FANG3X
2022-05-02,24486.8039,26768.1777,23824.1419,26725.3687,26725.3687,0,wallstreet_online_ice_index,FANG3X
2022-05-03,26725.3687,27562.3592,25995.2351,26814.346,26814.346,0,wallstreet_online_ice_index,FANG3X
2022-05-04,26814.346,29709.2183,24945.9705,29550.3825,29550.3825,0,wallstreet_online_ice_index,FANG3X
2022-05-05,29550.3825,29550.3825,22954.8427,23850.1595,23850.1595,0,wallstreet_online_ice_index,FANG3X
2022-05-06,23850.1595,24093.1104,21457.9613,22403.3121,22403.3121,0,wallstreet_online_ice_index,FANG3X
2022-05-09,22403.3121,22403.3121,18372.1913,18681.3277,18681.3277,0,wallstreet_online_ice_index,FANG3X
2022-05-10,18681.3277,20685.6987,18460.5847,19477.1991,19477.1991,0,wallstreet_online_ice_index,FANG3X
2022-05-11,19477.1991,20370.1253,16871.9542,17040.663,17040.663,0,wallstreet_online_ice_index,FANG3X
2022-05-12,17040.663,18233.224,15158.3022,16886.1369,16886.1369,0,wallstreet_online_ice_index,FANG3X
2022-05-13,16886.1369,19863.4642,16886.1369,19649.6544,19649.6544,0,wallstreet_online_ice_index,FANG3X
2022-05-16,19649.6544,19839.9223,18693.8154,18858.8951,18858.8951,0,wallstreet_online_ice_index,FANG3X
2022-05-17,18858.8951,21034.0767,18858.8951,20834.7318,20834.7318,0,wallstreet_online_ice_index,FANG3X
2022-05-18,20834.7318,20834.7318,17245.4868,17405.0738,17405.0738,0,wallstreet_online_ice_index,FANG3X
2022-05-19,17405.0738,18641.2758,17019.8866,17622.8597,17622.8597,0,wallstreet_online_ice_index,FANG3X
2022-05-20,17622.8597,18678.8683,15531.8758,17119.6908,17119.6908,0,wallstreet_online_ice_index,FANG3X
2022-05-23,17119.6908,17928.6483,16480.7405,17906.581,17906.581,0,wallstreet_online_ice_index,FANG3X
2022-05-24,17906.581,17906.581,14615.7509,15454.3208,15454.3208,0,wallstreet_online_ice_index,FANG3X
2022-05-25,15454.3208,16725.6263,15347.5623,16375.1973,16375.1973,0,wallstreet_online_ice_index,FANG3X
2022-05-26,16375.1973,19468.8021,16375.1973,19216.9839,19216.9839,0,wallstreet_online_ice_index,FANG3X
2022-05-27,19216.9839,21035.2762,19216.9839,21032.5718,21032.5718,0,wallstreet_online_ice_index,FANG3X
2022-05-31,21032.5718,22460.5896,20657.1778,21480.6404,21480.6404,0,wallstreet_online_ice_index,FANG3X
2022-06-01,21480.6404,22909.753,20464.6614,20888.6165,20888.6165,0,wallstreet_online_ice_index,FANG3X
2022-06-02,20888.6165,23355.8404,20383.1223,23285.5782,23285.5782,0,wallstreet_online_ice_index,FANG3X
2022-06-03,23285.5782,23285.5782,20339.1829,20657.8434,20657.8434,0,wallstreet_online_ice_index,FANG3X
2022-06-06,20657.8434,22922.5625,20657.8434,21698.3658,21698.3658,0,wallstreet_online_ice_index,FANG3X
2022-06-07,21698.3658,22695.5975,20648.8085,22569.8114,22569.8114,0,wallstreet_online_ice_index,FANG3X
2022-06-08,22569.8114,24454.8415,22569.8114,23780.9485,23780.9485,0,wallstreet_online_ice_index,FANG3X
2022-06-09,23780.9485,23825.2671,20811.1528,20811.1528,20811.1528,0,wallstreet_online_ice_index,FANG3X
2022-06-10,20811.1528,20811.1528,18435.9714,18597.4776,18597.4776,0,wallstreet_online_ice_index,FANG3X
2022-06-13,18597.4776,18597.4776,14842.1997,14973.127,14973.127,0,wallstreet_online_ice_index,FANG3X
2022-06-14,14973.127,16384.6146,14973.127,15858.335,15858.335,0,wallstreet_online_ice_index,FANG3X
2022-06-15,15858.335,18177.7701,15858.335,17600.9819,17600.9819,0,wallstreet_online_ice_index,FANG3X
2022-06-16,17600.9819,17600.9819,14608.8712,15041.0942,15041.0942,0,wallstreet_online_ice_index,FANG3X
2022-06-17,15041.0942,16383.3437,15030.0772,15697.7073,15697.7073,0,wallstreet_online_ice_index,FANG3X
2022-06-21,15697.7073,17744.4258,15697.7073,16984.8974,16984.8974,0,wallstreet_online_ice_index,FANG3X
2022-06-22,16984.8974,18036.0556,16435.8927,16901.7137,16901.7137,0,wallstreet_online_ice_index,FANG3X
2022-06-23,16901.7137,18088.9957,16753.1058,17883.0062,17883.0062,0,wallstreet_online_ice_index,FANG3X
2022-06-24,17883.0062,20335.1335,17883.0062,20302.6594,20302.6594,0,wallstreet_online_ice_index,FANG3X
2022-06-27,20302.6594,21001.6139,19639.2192,19986.3923,19986.3923,0,wallstreet_online_ice_index,FANG3X
2022-06-28,19986.3923,20568.1455,17725.5733,17742.7912,17742.7912,0,wallstreet_online_ice_index,FANG3X
2022-06-29,17742.7912,18141.824,16908.9743,17648.1809,17648.1809,0,wallstreet_online_ice_index,FANG3X
2022-06-30,17648.1809,17648.1809,15659.4677,16611.6921,16611.6921,0,wallstreet_online_ice_index,FANG3X
2022-07-01,16611.6921,17106.6802,16042.7349,17069.5536,17069.5536,0,wallstreet_online_ice_index,FANG3X
2022-07-05,17069.5536,18631.1321,15869.2017,18609.7842,18609.7842,0,wallstreet_online_ice_index,FANG3X
2022-07-06,18609.7842,19041.6837,17570.1655,18617.7777,18617.7777,0,wallstreet_online_ice_index,FANG3X
2022-07-07,18617.7777,20427.8152,18617.7777,20263.4914,20263.4914,0,wallstreet_online_ice_index,FANG3X
2022-07-08,20263.4914,20790.6413,19368.785,20127.8939,20127.8939,0,wallstreet_online_ice_index,FANG3X
2022-07-11,20127.8939,20127.8939,17278.1413,17396.0902,17396.0902,0,wallstreet_online_ice_index,FANG3X
2022-07-12,17396.0902,17961.052,16586.0346,16870.2746,16870.2746,0,wallstreet_online_ice_index,FANG3X
2022-07-13,16870.2746,17425.6233,15679.8451,17007.7099,17007.7099,0,wallstreet_online_ice_index,FANG3X
2022-07-14,17007.7099,17007.7099,15793.9971,16622.0747,16622.0747,0,wallstreet_online_ice_index,FANG3X
2022-07-15,16622.0747,17553.2681,16439.3737,17553.2681,17553.2681,0,wallstreet_online_ice_index,FANG3X
2022-07-18,17553.2681,19204.813,17391.922,17583.6727,17583.6727,0,wallstreet_online_ice_index,FANG3X
2022-07-19,17583.6727,19392.2343,17569.7968,19370.3527,19370.3527,0,wallstreet_online_ice_index,FANG3X
2022-07-20,19370.3527,20860.3378,19336.8863,20661.8888,20661.8888,0,wallstreet_online_ice_index,FANG3X
2022-07-21,20661.8888,22107.117,20404.6882,22103.4517,22103.4517,0,wallstreet_online_ice_index,FANG3X
2022-07-22,22103.4517,22103.4517,19755.6415,20153.1585,20153.1585,0,wallstreet_online_ice_index,FANG3X
2022-07-25,20153.1585,20409.8338,19234.2218,19672.0289,19672.0289,0,wallstreet_online_ice_index,FANG3X
2022-07-26,19672.0289,19672.0289,17903.4023,18161.8766,18161.8766,0,wallstreet_online_ice_index,FANG3X
2022-07-27,18161.8766,21250.985,18161.8766,21048.502,21048.502,0,wallstreet_online_ice_index,FANG3X
2022-07-28,21048.502,21241.1421,19387.6216,21136.678,21136.678,0,wallstreet_online_ice_index,FANG3X
2022-07-29,21136.678,22107.2797,20646.8278,21856.8168,21856.8168,0,wallstreet_online_ice_index,FANG3X
2022-08-01,21856.8168,22784.1216,21055.9965,21861.7056,21861.7056,0,wallstreet_online_ice_index,FANG3X
2022-08-02,21861.7056,22868.9628,20929.115,21733.3501,21733.3501,0,wallstreet_online_ice_index,FANG3X
2022-08-03,21733.3501,23914.976,21733.3501,23695.6301,23695.6301,0,wallstreet_online_ice_index,FANG3X
2022-08-04,23695.6301,24822.4098,23517.2038,24477.699,24477.699,0,wallstreet_online_ice_index,FANG3X
2022-08-05,24477.699,24477.699,22478.8505,22975.5952,22975.5952,0,wallstreet_online_ice_index,FANG3X
2022-08-08,22975.5952,24250.4026,22252.1083,22598.026,22598.026,0,wallstreet_online_ice_index,FANG3X
2022-08-09,22598.026,22598.026,21373.9612,21872.0146,21872.0146,0,wallstreet_online_ice_index,FANG3X
2022-08-10,21872.0146,24289.4773,21872.0146,24282.987,24282.987,0,wallstreet_online_ice_index,FANG3X
2022-08-11,24282.987,25846.2517,23646.1322,23882.8805,23882.8805,0,wallstreet_online_ice_index,FANG3X
2022-08-12,23882.8805,25554.6234,23882.8805,25553.6938,25553.6938,0,wallstreet_online_ice_index,FANG3X
2022-08-15,25553.6938,26219.317,24913.6763,25986.4186,25986.4186,0,wallstreet_online_ice_index,FANG3X
2022-08-16,25986.4186,26133.7556,24671.0704,25452.7427,25452.7427,0,wallstreet_online_ice_index,FANG3X
2022-08-17,25452.7427,25452.7427,23742.3602,24223.7574,24223.7574,0,wallstreet_online_ice_index,FANG3X
2022-08-18,24223.7574,24789.947,23473.7952,24364.2506,24364.2506,0,wallstreet_online_ice_index,FANG3X
2022-08-19,24364.2506,24364.2506,22429.2622,22767.58,22767.58,0,wallstreet_online_ice_index,FANG3X
2022-08-22,22767.58,22767.58,20754.7124,20910.1164,20910.1164,0,wallstreet_online_ice_index,FANG3X
2022-08-23,20910.1164,21606.2802,20499.7071,21051.3827,21051.3827,0,wallstreet_online_ice_index,FANG3X
2022-08-24,21051.3827,22320.9442,20723.2951,21657.9223,21657.9223,0,wallstreet_online_ice_index,FANG3X
2022-08-25,21657.9223,23659.6052,21657.9223,23646.591,23646.591,0,wallstreet_online_ice_index,FANG3X
2022-08-26,23646.591,24207.5303,20622.8118,20622.8118,20622.8118,0,wallstreet_online_ice_index,FANG3X
2022-08-29,20622.8118,21065.7358,19782.4087,19986.966,19986.966,0,wallstreet_online_ice_index,FANG3X
2022-08-30,19986.966,20521.6518,18149.0825,18762.5995,18762.5995,0,wallstreet_online_ice_index,FANG3X
2022-08-31,18762.5995,20329.5332,18762.5995,18942.8443,18942.8443,0,wallstreet_online_ice_index,FANG3X
2022-09-01,18942.8443,18997.4345,17350.6794,18934.7642,18934.7642,0,wallstreet_online_ice_index,FANG3X
2022-09-02,18934.7642,19385.7287,17571.0677,17849.9444,17849.9444,0,wallstreet_online_ice_index,FANG3X
2022-09-06,17849.9444,17849.9444,16589.089,17046.7845,17046.7845,0,wallstreet_online_ice_index,FANG3X
2022-09-07,17046.7845,18404.7099,16966.9352,18282.5257,18282.5257,0,wallstreet_online_ice_index,FANG3X
2022-09-08,18282.5257,18552.5279,17336.501,18321.2228,18321.2228,0,wallstreet_online_ice_index,FANG3X
2022-09-09,18321.2228,19913.7991,18321.2228,19822.9348,19822.9348,0,wallstreet_online_ice_index,FANG3X
2022-09-12,19822.9348,20716.2445,19822.9348,20706.4114,20706.4114,0,wallstreet_online_ice_index,FANG3X
2022-09-13,20706.4114,20706.4114,16529.4612,16631.7246,16631.7246,0,wallstreet_online_ice_index,FANG3X
2022-09-14,16631.7246,17189.7942,16288.389,17026.9591,17026.9591,0,wallstreet_online_ice_index,FANG3X
2022-09-15,17026.9591,17751.1062,16484.5896,16752.3602,16752.3602,0,wallstreet_online_ice_index,FANG3X
2022-09-16,16752.3602,16752.3602,15484.5627,16422.1192,16422.1192,0,wallstreet_online_ice_index,FANG3X
2022-09-19,16422.1192,17066.7727,16039.5062,17063.0008,17063.0008,0,wallstreet_online_ice_index,FANG3X
2022-09-20,17063.0008,17353.1663,16353.5679,16625.4602,16625.4602,0,wallstreet_online_ice_index,FANG3X
2022-09-21,16625.4602,17334.3094,15349.5102,15350.8872,15350.8872,0,wallstreet_online_ice_index,FANG3X
2022-09-22,15350.8872,15516.2882,14625.6737,14861.908,14861.908,0,wallstreet_online_ice_index,FANG3X
2022-09-23,14861.908,14861.908,13363.7241,13938.2495,13938.2495,0,wallstreet_online_ice_index,FANG3X
2022-09-26,13938.2495,14732.5257,13718.2951,13744.3709,13744.3709,0,wallstreet_online_ice_index,FANG3X
2022-09-27,13744.3709,14760.9607,13381.3907,13747.7157,13747.7157,0,wallstreet_online_ice_index,FANG3X
2022-09-28,13747.7157,15201.5158,13475.2122,15015.5647,15015.5647,0,wallstreet_online_ice_index,FANG3X
2022-09-29,15015.5647,15015.5647,12936.8565,13491.3943,13491.3943,0,wallstreet_online_ice_index,FANG3X
2022-09-30,13491.3943,14291.4199,13017.0947,13023.1391,13023.1391,0,wallstreet_online_ice_index,FANG3X
2022-10-03,13023.1391,13818.874,12708.119,13536.1534,13536.1534,0,wallstreet_online_ice_index,FANG3X
2022-10-04,13536.1534,15047.034,13536.1534,14801.8599,14801.8599,0,wallstreet_online_ice_index,FANG3X
2022-10-05,14801.8599,14866.6425,13484.6564,14583.1242,14583.1242,0,wallstreet_online_ice_index,FANG3X
2022-10-06,14583.1242,15046.7544,14196.6036,14457.5362,14457.5362,0,wallstreet_online_ice_index,FANG3X
2022-10-07,14457.5362,14457.5362,12267.3128,12453.4964,12453.4964,0,wallstreet_online_ice_index,FANG3X
2022-10-10,12453.4964,12453.4964,11609.6999,12017.8441,12017.8441,0,wallstreet_online_ice_index,FANG3X
2022-10-11,12017.8441,12017.8441,10716.7912,10949.6136,10949.6136,0,wallstreet_online_ice_index,FANG3X
2022-10-12,10949.6136,11297.88,10702.4607,11013.6884,11013.6884,0,wallstreet_online_ice_index,FANG3X
2022-10-13,11013.6884,11862.3385,9599.2282,11700.1383,11700.1383,0,wallstreet_online_ice_index,FANG3X
2022-10-14,11700.1383,12109.6948,10299.0393,10346.662,10346.662,0,wallstreet_online_ice_index,FANG3X
2022-10-17,10346.662,12015.6005,10346.662,11846.0954,11846.0954,0,wallstreet_online_ice_index,FANG3X
2022-10-18,11846.0954,12947.5317,11514.8719,11934.3952,11934.3952,0,wallstreet_online_ice_index,FANG3X
2022-10-19,11934.3952,12656.7805,11616.6948,11879.4346,11879.4346,0,wallstreet_online_ice_index,FANG3X
2022-10-20,11879.4346,12654.4796,11508.9384,11655.0541,11655.0541,0,wallstreet_online_ice_index,FANG3X
2022-10-21,11655.0541,12467.4635,11053.3854,12436.5817,12436.5817,0,wallstreet_online_ice_index,FANG3X
2022-10-24,12436.5817,12436.5817,10468.209,11724.0526,11724.0526,0,wallstreet_online_ice_index,FANG3X
2022-10-25,11724.0526,12784.5909,11724.0526,12683.1232,12683.1232,0,wallstreet_online_ice_index,FANG3X
2022-10-26,12683.1232,12852.8158,11317.2095,11915.6722,11915.6722,0,wallstreet_online_ice_index,FANG3X
2022-10-27,11915.6722,11915.6722,10432.2638,10454.953,10454.953,0,wallstreet_online_ice_index,FANG3X
2022-10-28,10454.953,10875.6691,9919.453,10846.7592,10846.7592,0,wallstreet_online_ice_index,FANG3X
2022-10-31,10846.7592,10846.7592,10008.7521,10258.0404,10258.0404,0,wallstreet_online_ice_index,FANG3X
2022-11-01,10258.0404,11096.5283,9960.6672,9966.8146,9966.8146,0,wallstreet_online_ice_index,FANG3X
2022-11-02,9966.8146,10343.1767,8881.1946,8882.3997,8882.3997,0,wallstreet_online_ice_index,FANG3X
2022-11-03,8882.3997,9070.1145,8387.4125,8474.4248,8474.4248,0,wallstreet_online_ice_index,FANG3X
2022-11-04,8474.4248,9446.9007,8444.4806,9061.0357,9061.0357,0,wallstreet_online_ice_index,FANG3X
2022-11-07,9061.0357,9410.7757,8815.7971,9225.334,9225.334,0,wallstreet_online_ice_index,FANG3X
2022-11-08,9225.334,9582.4756,8820.5761,9267.6026,9267.6026,0,wallstreet_online_ice_index,FANG3X
2022-11-09,9267.6026,9267.6026,8283.3536,8312.2957,8312.2957,0,wallstreet_online_ice_index,FANG3X
2022-11-10,8312.2957,10672.5154,8312.2957,10652.901,10652.901,0,wallstreet_online_ice_index,FANG3X
2022-11-11,10652.901,11656.6597,10463.8752,11601.1323,11601.1323,0,wallstreet_online_ice_index,FANG3X
2022-11-14,11601.1323,12149.8941,11144.3863,11571.4825,11571.4825,0,wallstreet_online_ice_index,FANG3X
2022-11-15,11571.4825,13168.3626,11571.4825,12736.4221,12736.4221,0,wallstreet_online_ice_index,FANG3X
2022-11-16,12736.4221,12736.4221,11788.3355,11933.0031,11933.0031,0,wallstreet_online_ice_index,FANG3X
2022-11-17,11933.0031,12269.4049,11163.8803,11980.0628,11980.0628,0,wallstreet_online_ice_index,FANG3X
2022-11-18,11980.0628,11980.0628,11135.964,11428.911,11428.911,0,wallstreet_online_ice_index,FANG3X
2022-11-21,11428.911,11428.911,10619.7452,10764.4207,10764.4207,0,wallstreet_online_ice_index,FANG3X
2022-11-22,10764.4207,11221.579,10371.0202,11193.4413,11193.4413,0,wallstreet_online_ice_index,FANG3X
2022-11-23,11193.4413,11966.1042,11193.4413,11888.6747,11888.6747,0,wallstreet_online_ice_index,FANG3X
2022-11-25,11888.6747,11888.6747,11281.7969,11310.408,11310.408,0,wallstreet_online_ice_index,FANG3X
2022-11-28,11310.408,11538.2928,10792.0848,10888.2831,10888.2831,0,wallstreet_online_ice_index,FANG3X
2022-11-29,10888.2831,11355.741,10801.0494,10969.1467,10969.1467,0,wallstreet_online_ice_index,FANG3X
2022-11-30,10969.1467,13382.8343,10969.1467,13382.8343,13382.8343,0,wallstreet_online_ice_index,FANG3X
2022-12-01,13382.8343,13869.3389,13173.7403,13602.7382,13602.7382,0,wallstreet_online_ice_index,FANG3X
2022-12-02,13602.7382,14097.7922,12997.4566,13966.9342,13966.9342,0,wallstreet_online_ice_index,FANG3X
2022-12-05,13966.9342,14285.8554,13188.5543,13401.9842,13401.9842,0,wallstreet_online_ice_index,FANG3X
2022-12-06,13401.9842,13506.1621,12290.5417,12489.3162,12489.3162,0,wallstreet_online_ice_index,FANG3X
2022-12-07,12489.3162,12489.3162,11757.732,12129.4003,12129.4003,0,wallstreet_online_ice_index,FANG3X
2022-12-08,12129.4003,13126.7563,12129.4003,13044.3621,13044.3621,0,wallstreet_online_ice_index,FANG3X
2022-12-09,13044.3621,13701.5138,12975.741,12981.9729,12981.9729,0,wallstreet_online_ice_index,FANG3X
2022-12-12,12981.9729,12981.9729,12257.4328,12926.6956,12926.6956,0,wallstreet_online_ice_index,FANG3X
2022-12-13,12926.6956,14932.2331,12926.6956,13668.3568,13668.3568,0,wallstreet_online_ice_index,FANG3X
2022-12-14,13668.3568,13962.7399,12841.2342,13348.0017,13348.0017,0,wallstreet_online_ice_index,FANG3X
2022-12-15,13348.0017,13348.0017,11211.7525,11503.2463,11503.2463,0,wallstreet_online_ice_index,FANG3X
2022-12-16,11503.2463,11943.4017,11154.4789,11229.1184,11229.1184,0,wallstreet_online_ice_index,FANG3X
2022-12-19,11229.1184,11247.7108,10379.6337,10547.0754,10547.0754,0,wallstreet_online_ice_index,FANG3X
2022-12-20,10547.0754,10781.607,10021.2998,10465.1337,10465.1337,0,wallstreet_online_ice_index,FANG3X
2022-12-21,10465.1337,11351.1354,10446.2207,11160.1459,11160.1459,0,wallstreet_online_ice_index,FANG3X
2022-12-22,11160.1459,11160.1459,9290.2975,9879.9741,9879.9741,0,wallstreet_online_ice_index,FANG3X
2022-12-23,9879.9741,10074.4146,9377.9657,9896.6846,9896.6846,0,wallstreet_online_ice_index,FANG3X
2022-12-27,9896.6846,9896.6846,8970.5375,8983.6779,8983.6779,0,wallstreet_online_ice_index,FANG3X
2022-12-28,8983.6779,9213.862,8604.943,8722.1099,8722.1099,0,wallstreet_online_ice_index,FANG3X
2022-12-29,8722.1099,9842.7243,8722.1099,9719.0445,9719.0445,0,wallstreet_online_ice_index,FANG3X
2022-12-30,9719.0445,9794.1208,9197.087,9790.0968,9790.0968,0,wallstreet_online_ice_index,FANG3X
2023-01-03,9790.0968,10334.0023,9067.8401,9316.2398,9316.2398,0,wallstreet_online_ice_index,FANG3X
2023-01-04,9316.2398,9670.6079,8969.3392,9479.1555,9479.1555,0,wallstreet_online_ice_index,FANG3X
2023-01-05,9479.1555,9479.1555,8745.8969,8779.5135,8779.5135,0,wallstreet_online_ice_index,FANG3X
2023-01-06,8779.5135,9563.088,8332.1693,9443.1239,9443.1239,0,wallstreet_online_ice_index,FANG3X
2023-01-09,9443.1239,10793.0559,9443.1239,10168.564,10168.564,0,wallstreet_online_ice_index,FANG3X
2023-01-10,10168.564,10681.9591,10039.5516,10681.4757,10681.4757,0,wallstreet_online_ice_index,FANG3X
2023-01-11,10681.4757,11348.4138,10671.2853,11341.1234,11341.1234,0,wallstreet_online_ice_index,FANG3X
2023-01-12,11341.1234,11875.003,10670.5791,11769.7316,11769.7316,0,wallstreet_online_ice_index,FANG3X
2023-01-13,11769.7316,12060.0173,11230.1412,12036.2495,12036.2495,0,wallstreet_online_ice_index,FANG3X
2023-01-17,12036.2495,12506.9361,11859.5534,12374.0475,12374.0475,0,wallstreet_online_ice_index,FANG3X
2023-01-18,12374.0475,12936.1722,11804.4227,11853.9678,11853.9678,0,wallstreet_online_ice_index,FANG3X
2023-01-19,11853.9678,11853.9678,11187.3662,11344.3922,11344.3922,0,wallstreet_online_ice_index,FANG3X
2023-01-20,11344.3922,12945.5675,11344.3922,12942.6098,12942.6098,0,wallstreet_online_ice_index,FANG3X
2023-01-23,12942.6098,14626.3744,12942.6098,14506.8685,14506.8685,0,wallstreet_online_ice_index,FANG3X
2023-01-24,14506.8685,14735.8418,13968.4557,14257.4496,14257.4496,0,wallstreet_online_ice_index,FANG3X
2023-01-25,14257.4496,14305.2519,12811.7468,14147.6926,14147.6926,0,wallstreet_online_ice_index,FANG3X
2023-01-26,14147.6926,15448.9261,14147.6926,15428.7267,15428.7267,0,wallstreet_online_ice_index,FANG3X
2023-01-27,15428.7267,17068.033,15260.3222,16660.3279,16660.3279,0,wallstreet_online_ice_index,FANG3X
2023-01-30,16660.3279,16660.3279,14935.2325,14957.6227,14957.6227,0,wallstreet_online_ice_index,FANG3X
2023-01-31,14957.6227,15897.1885,14914.8621,15892.3721,15892.3721,0,wallstreet_online_ice_index,FANG3X
2023-02-01,15892.3721,18296.7697,15887.6427,17891.9493,17891.9493,0,wallstreet_online_ice_index,FANG3X
2023-02-02,17891.9493,22235.7159,17891.9493,21605.4873,21605.4873,0,wallstreet_online_ice_index,FANG3X
2023-02-03,21605.4873,22153.3389,19559.7846,19939.6402,19939.6402,0,wallstreet_online_ice_index,FANG3X
2023-02-06,19939.6402,20231.7095,19150.5879,19347.3224,19347.3224,0,wallstreet_online_ice_index,FANG3X
2023-02-07,19347.3224,20990.8952,18963.0606,20777.5918,20777.5918,0,wallstreet_online_ice_index,FANG3X
2023-02-08,20777.5918,21008.8336,19421.3493,19806.4193,19806.4193,0,wallstreet_online_ice_index,FANG3X
2023-02-09,19806.4193,20960.4699,19008.363,19323.9452,19323.9452,0,wallstreet_online_ice_index,FANG3X
2023-02-10,19323.9452,19323.9452,17464.2935,17932.5582,17932.5582,0,wallstreet_online_ice_index,FANG3X
2023-02-13,17932.5582,19268.2637,17736.1657,18984.9232,18984.9232,0,wallstreet_online_ice_index,FANG3X
2023-02-14,18984.9232,20431.9116,18055.0754,20301.8821,20301.8821,0,wallstreet_online_ice_index,FANG3X
2023-02-15,20301.8821,20643.7896,19448.7436,20643.7896,20643.7896,0,wallstreet_online_ice_index,FANG3X
2023-02-16,20643.7896,20643.7896,18403.7343,18422.0403,18422.0403,0,wallstreet_online_ice_index,FANG3X
2023-02-17,18422.0403,18422.0403,16909.2042,17755.9477,17755.9477,0,wallstreet_online_ice_index,FANG3X
2023-02-21,17755.9477,17755.9477,16333.1803,16349.5473,16349.5473,0,wallstreet_online_ice_index,FANG3X
2023-02-22,16349.5473,16945.8357,15957.9641,16418.842,16418.842,0,wallstreet_online_ice_index,FANG3X
2023-02-23,17376.2291,17376.2291,17376.2291,17376.2291,17376.2291,0,wallstreet_online_ice_index,FANG3X
2023-02-24,17376.2291,17376.2291,15814.8106,16321.8181,16321.8181,0,wallstreet_online_ice_index,FANG3X
2023-02-27,16321.8181,17385.5485,16321.8181,17059.2556,17059.2556,0,wallstreet_online_ice_index,FANG3X
2023-02-28,17059.2556,17694.2902,16967.8149,17101.846,17101.846,0,wallstreet_online_ice_index,FANG3X
2023-03-01,17101.846,17277.8986,16425.9595,16473.87,16473.87,0,wallstreet_online_ice_index,FANG3X
2023-03-02,16473.87,16473.87,15085.7941,16052.4724,16052.4724,0,wallstreet_online_ice_index,FANG3X
2023-03-03,16052.4724,17583.0201,16052.4724,17524.5989,17524.5989,0,wallstreet_online_ice_index,FANG3X
2023-03-06,17524.5989,18422.8823,17356.6508,17366.9992,17366.9992,0,wallstreet_online_ice_index,FANG3X
2023-03-07,17366.9992,17972.6291,16760.8884,16934.7975,16934.7975,0,wallstreet_online_ice_index,FANG3X
2023-03-08,16934.7975,17438.2774,16552.9376,17353.0298,17353.0298,0,wallstreet_online_ice_index,FANG3X
2023-03-09,17353.0298,18051.6918,15866.159,16003.0348,16003.0348,0,wallstreet_online_ice_index,FANG3X
2023-03-10,16003.0348,16430.829,14992.3887,15249.5506,15249.5506,0,wallstreet_online_ice_index,FANG3X
2023-03-13,15249.5506,16426.4662,14178.4084,15718.4905,15718.4905,0,wallstreet_online_ice_index,FANG3X
2023-03-14,15718.4905,17563.13,15718.4905,17536.0565,17536.0565,0,wallstreet_online_ice_index,FANG3X
2023-03-15,17536.0565,18276.8945,16651.4778,18177.1296,18177.1296,0,wallstreet_online_ice_index,FANG3X
2023-03-16,18177.1296,20214.2465,17890.5411,20170.8335,20170.8335,0,wallstreet_online_ice_index,FANG3X
2023-03-17,20170.8335,20685.6628,19213.4655,19622.0483,19622.0483,0,wallstreet_online_ice_index,FANG3X
2023-03-20,19622.0483,19673.2935,18506.6582,19621.7887,19621.7887,0,wallstreet_online_ice_index,FANG3X
2023-03-21,19621.7887,21111.2634,19621.7887,20974.7102,20974.7102,0,wallstreet_online_ice_index,FANG3X
2023-03-22,20974.7102,22412.5139,20064.6433,20075.2601,20075.2601,0,wallstreet_online_ice_index,FANG3X
2023-03-23,20075.2601,22324.5026,20075.2601,21598.5078,21598.5078,0,wallstreet_online_ice_index,FANG3X
2023-03-24,21598.5078,21598.5078,20640.3543,21385.2801,21385.2801,0,wallstreet_online_ice_index,FANG3X
2023-03-27,21385.2801,21865.2752,20410.2609,20732.3105,20732.3105,0,wallstreet_online_ice_index,FANG3X
2023-03-28,20732.3105,20732.3105,19552.4344,20139.8182,20139.8182,0,wallstreet_online_ice_index,FANG3X
2023-03-29,20139.8182,21454.6371,20139.8182,21379.2078,21379.2078,0,wallstreet_online_ice_index,FANG3X
2023-03-30,21379.2078,22505.0818,21379.2078,22275.623,22275.623,0,wallstreet_online_ice_index,FANG3X
2023-03-31,22275.623,24120.2215,22194.3078,24094.3833,24094.3833,0,wallstreet_online_ice_index,FANG3X
2023-04-03,24094.3833,24094.3833,22648.0265,23485.3138,23485.3138,0,wallstreet_online_ice_index,FANG3X
2023-04-04,23485.3138,24165.7138,23255.5243,23596.7472,23596.7472,0,wallstreet_online_ice_index,FANG3X
2023-04-05,23596.7472,23596.7472,21444.0814,21981.1836,21981.1836,0,wallstreet_online_ice_index,FANG3X
2023-04-06,21981.1836,22648.3964,20932.3287,22566.2446,22566.2446,0,wallstreet_online_ice_index,FANG3X
2023-04-10,22566.2446,22703.5109,21135.9794,22659.9804,22659.9804,0,wallstreet_online_ice_index,FANG3X
2023-04-11,22659.9804,22659.9804,21498.1737,21675.1648,21675.1648,0,wallstreet_online_ice_index,FANG3X
2023-04-12,21675.1648,22403.5337,20819.9043,20868.3438,20868.3438,0,wallstreet_online_ice_index,FANG3X
2023-04-13,20868.3438,22541.6514,20868.3438,22393.4873,22393.4873,0,wallstreet_online_ice_index,FANG3X
2023-04-14,22393.4873,22671.9607,21458.7492,22328.312,22328.312,0,wallstreet_online_ice_index,FANG3X
2023-04-17,22328.312,22328.312,21320.9536,22156.8473,22156.8473,0,wallstreet_online_ice_index,FANG3X
2023-04-18,22156.8473,22953.8137,21831.0183,22161.5895,22161.5895,0,wallstreet_online_ice_index,FANG3X
2023-04-19,22161.5895,22198.9301,21138.0714,21925.6792,21925.6792,0,wallstreet_online_ice_index,FANG3X
2023-04-20,21925.6792,21925.6792,20630.173,20956.5384,20956.5384,0,wallstreet_online_ice_index,FANG3X
2023-04-21,20956.5384,21331.9386,20500.0253,21200.6985,21200.6985,0,wallstreet_online_ice_index,FANG3X
2023-04-24,21200.6985,21583.4638,20253.4779,20851.7655,20851.7655,0,wallstreet_online_ice_index,FANG3X
2023-04-25,20851.7655,20851.7655,19185.4422,19200.876,19200.876,0,wallstreet_online_ice_index,FANG3X
2023-04-26,19200.876,21091.2229,19200.876,20333.4206,20333.4206,0,wallstreet_online_ice_index,FANG3X
2023-04-27,20333.4206,22724.007,20333.4206,22642.6977,22642.6977,0,wallstreet_online_ice_index,FANG3X
2023-04-28,22642.6977,22974.9807,21634.7211,22973.2356,22973.2356,0,wallstreet_online_ice_index,FANG3X
2023-05-01,22973.2356,23126.7217,22213.7332,22855.1716,22855.1716,0,wallstreet_online_ice_index,FANG3X
2023-05-02,22855.1716,23042.121,21873.0482,22210.6075,22210.6075,0,wallstreet_online_ice_index,FANG3X
2023-05-04,21442.1351,22766.6403,21440.499,22054.5639,22054.5639,0,wallstreet_online_ice_index,FANG3X
2023-05-05,22054.5639,23687.6075,22054.5639,23427.6858,23427.6858,0,wallstreet_online_ice_index,FANG3X
2023-05-08,23427.6858,24666.9772,23427.6858,24572.8446,24572.8446,0,wallstreet_online_ice_index,FANG3X
2023-05-09,24572.8446,24667.5984,24191.3387,24415.8929,24415.8929,0,wallstreet_online_ice_index,FANG3X
2023-05-10,24415.8929,26111.5821,24415.8929,25823.5037,25823.5037,0,wallstreet_online_ice_index,FANG3X
2023-05-11,25823.5037,26763.7925,25766.1296,26520.1524,26520.1524,0,wallstreet_online_ice_index,FANG3X
2023-05-12,26520.1524,26861.1476,25129.3597,26520.1524,26520.1524,0,wallstreet_online_ice_index,FANG3X
2023-05-15,25683.0163,26358.4896,25375.7729,26252.9162,26252.9162,0,wallstreet_online_ice_index,FANG3X
2023-05-16,26252.9162,27558.2783,25986.7304,27013.4406,27013.4406,0,wallstreet_online_ice_index,FANG3X
2023-05-17,27013.4406,28621.1406,27013.4406,28488.0182,28488.0182,0,wallstreet_online_ice_index,FANG3X
2023-05-18,28488.0182,31531.0431,28488.0182,31439.0193,31439.0193,0,wallstreet_online_ice_index,FANG3X
2023-05-19,31439.0193,31439.0193,30156.192,31439.0193,31439.0193,0,wallstreet_online_ice_index,FANG3X
2023-05-22,30487.9391,31782.1734,30281.5024,31265.1383,31265.1383,0,wallstreet_online_ice_index,FANG3X
2023-05-23,31265.1383,31698.6782,30002.8233,30053.4652,30053.4652,0,wallstreet_online_ice_index,FANG3X
2023-05-24,30053.4652,30688.6753,29173.4546,30302.0148,30302.0148,0,wallstreet_online_ice_index,FANG3X
2023-05-25,30302.0148,33171.9534,30302.0148,32585.407,32585.407,0,wallstreet_online_ice_index,FANG3X
2023-05-26,32585.407,36157.3171,32585.407,32585.407,32585.407,0,wallstreet_online_ice_index,FANG3X
2023-05-30,35746.5696,38579.7136,35746.5696,37400.7626,37400.7626,0,wallstreet_online_ice_index,FANG3X
2023-05-31,37400.7626,37868.0376,35648.7361,36344.7349,36344.7349,0,wallstreet_online_ice_index,FANG3X
2023-06-01,36344.7349,39139.2019,35979.4914,38561.589,38561.589,0,wallstreet_online_ice_index,FANG3X
2023-06-05,39352.987,41206.7198,39177.6123,40102.578,40102.578,0,wallstreet_online_ice_index,FANG3X
2023-06-06,40102.578,41300.9249,39483.5686,40774.0594,40774.0594,0,wallstreet_online_ice_index,FANG3X
2023-06-07,37210.7397,37210.7397,37210.7397,37210.7397,37210.7397,0,wallstreet_online_ice_index,FANG3X
2023-06-08,39485.3037,39485.3037,39485.3037,39485.3037,39485.3037,0,wallstreet_online_ice_index,FANG3X
2023-06-09,40550.474,40550.474,40550.474,40550.474,40550.474,0,wallstreet_online_ice_index,FANG3X
2023-06-12,42795.1771,42795.1771,42795.1771,42795.1771,42795.1771,0,wallstreet_online_ice_index,FANG3X
2023-06-13,43944.9858,43944.9858,43944.9858,43944.9858,43944.9858,0,wallstreet_online_ice_index,FANG3X
2023-06-14,45835.675,45835.675,45835.675,45835.675,45835.675,0,wallstreet_online_ice_index,FANG3X
2023-06-15,47335.451,47335.451,47335.451,47335.451,47335.451,0,wallstreet_online_ice_index,FANG3X
2023-06-16,45529.2698,45529.2698,45529.2698,45529.2698,45529.2698,0,wallstreet_online_ice_index,FANG3X
2023-06-20,46184.9509,46184.9509,46184.9509,46184.9509,46184.9509,0,wallstreet_online_ice_index,FANG3X
2023-06-21,42852.6297,42852.6297,42852.6297,42852.6297,42852.6297,0,wallstreet_online_ice_index,FANG3X
2023-06-22,44723.6528,44723.6528,44723.6528,44723.6528,44723.6528,0,wallstreet_online_ice_index,FANG3X
2023-06-23,43797.0159,43797.0159,43797.0159,43797.0159,43797.0159,0,wallstreet_online_ice_index,FANG3X
2023-06-26,39881.829,39881.829,39881.829,39881.829,39881.829,0,wallstreet_online_ice_index,FANG3X
2023-06-27,42484.6289,42484.6289,42484.6289,42484.6289,42484.6289,0,wallstreet_online_ice_index,FANG3X
2023-06-28,43636.9986,43636.9986,43636.9986,43636.9986,43636.9986,0,wallstreet_online_ice_index,FANG3X
2023-06-29,42657.7474,42657.7474,42657.7474,42657.7474,42657.7474,0,wallstreet_online_ice_index,FANG3X
2023-06-30,45078.3382,45078.3382,45078.3382,45078.3382,45078.3382,0,wallstreet_online_ice_index,FANG3X
2023-07-03,46119.3226,46119.3226,46119.3226,46119.3226,46119.3226,0,wallstreet_online_ice_index,FANG3X
2023-07-05,46396.3302,46396.3302,46396.3302,46396.3302,46396.3302,0,wallstreet_online_ice_index,FANG3X
2023-07-06,45348.2707,45348.2707,45348.2707,45348.2707,45348.2707,0,wallstreet_online_ice_index,FANG3X
2023-07-07,44952.4317,44952.4317,44952.4317,44952.4317,44952.4317,0,wallstreet_online_ice_index,FANG3X
2023-07-10,43873.3157,43873.3157,43873.3157,43873.3157,43873.3157,0,wallstreet_online_ice_index,FANG3X
2023-07-11,44285.8742,44285.8742,44285.8742,44285.8742,44285.8742,0,wallstreet_online_ice_index,FANG3X
2023-07-12,46576.5193,46576.5193,46576.5193,46576.5193,46576.5193,0,wallstreet_online_ice_index,FANG3X
2023-07-13,50345.6951,50345.6951,50345.6951,50345.6951,50345.6951,0,wallstreet_online_ice_index,FANG3X
2023-07-14,49846.2662,49846.2662,49846.2662,49846.2662,49846.2662,0,wallstreet_online_ice_index,FANG3X
2023-07-17,51653.2029,51653.2029,51653.2029,51653.2029,51653.2029,0,wallstreet_online_ice_index,FANG3X
2023-07-18,53761.5314,53761.5314,53761.5314,53761.5314,53761.5314,0,wallstreet_online_ice_index,FANG3X
2023-07-19,53403.2165,53403.2165,53403.2165,53403.2165,53403.2165,0,wallstreet_online_ice_index,FANG3X
2023-07-20,46032.184,46032.184,46032.184,46032.184,46032.184,0,wallstreet_online_ice_index,FANG3X
2023-07-21,44695.3185,44695.3185,44695.3185,44695.3185,44695.3185,0,wallstreet_online_ice_index,FANG3X
2023-07-24,45190.1264,45190.1264,45190.1264,45190.1264,45190.1264,0,wallstreet_online_ice_index,FANG3X
2023-07-25,46445.0301,46445.0301,46445.0301,46445.0301,46445.0301,0,wallstreet_online_ice_index,FANG3X
2023-07-26,45557.0894,45557.0894,45557.0894,45557.0894,45557.0894,0,wallstreet_online_ice_index,FANG3X
2023-07-27,45226.3346,45226.3346,45226.3346,45226.3346,45226.3346,0,wallstreet_online_ice_index,FANG3X
2023-07-28,49083.6717,49083.6717,49083.6717,49083.6717,49083.6717,0,wallstreet_online_ice_index,FANG3X
2023-07-31,49714.3522,49714.3522,49714.3522,49714.3522,49714.3522,0,wallstreet_online_ice_index,FANG3X
2023-08-01,49349.5684,49349.5684,49349.5684,49349.5684,49349.5684,0,wallstreet_online_ice_index,FANG3X
2023-08-02,44238.9221,44238.9221,44238.9221,44238.9221,44238.9221,0,wallstreet_online_ice_index,FANG3X
2023-08-03,44651.7411,44651.7411,44651.7411,44651.7411,44651.7411,0,wallstreet_online_ice_index,FANG3X
2023-08-04,45480.3052,45480.3052,45480.3052,45480.3052,45480.3052,0,wallstreet_online_ice_index,FANG3X
2023-08-07,46781.5089,46781.5089,46781.5089,46781.5089,46781.5089,0,wallstreet_online_ice_index,FANG3X
2023-08-08,44636.9243,44636.9243,44636.9243,44636.9243,44636.9243,0,wallstreet_online_ice_index,FANG3X
2023-08-09,41806.8865,41806.8865,41806.8865,41806.8865,41806.8865,0,wallstreet_online_ice_index,FANG3X
2023-08-10,42099.7848,42099.7848,42099.7848,42099.7848,42099.7848,0,wallstreet_online_ice_index,FANG3X
2023-08-11,40571.4063,40571.4063,40571.4063,40571.4063,40571.4063,0,wallstreet_online_ice_index,FANG3X
2023-08-14,42677.1929,42677.1929,42677.1929,42677.1929,42677.1929,0,wallstreet_online_ice_index,FANG3X
2023-08-15,41193.6805,41193.6805,41193.6805,41193.6805,41193.6805,0,wallstreet_online_ice_index,FANG3X
2023-08-16,39106.8697,39106.8697,39106.8697,39106.8697,39106.8697,0,wallstreet_online_ice_index,FANG3X
2023-08-17,37272.9547,37272.9547,37272.9547,37272.9547,37272.9547,0,wallstreet_online_ice_index,FANG3X
2023-08-18,36900.0291,36900.0291,36900.0291,36900.0291,36900.0291,0,wallstreet_online_ice_index,FANG3X
2023-08-21,40041.0691,40041.0691,40041.0691,40041.0691,40041.0691,0,wallstreet_online_ice_index,FANG3X
2023-08-22,39734.0902,39734.0902,39734.0902,39734.0902,39734.0902,0,wallstreet_online_ice_index,FANG3X
2023-08-23,42486.3452,42486.3452,42486.3452,42486.3452,42486.3452,0,wallstreet_online_ice_index,FANG3X
2023-08-24,38608.8039,38608.8039,38608.8039,38608.8039,38608.8039,0,wallstreet_online_ice_index,FANG3X
2023-08-25,39652.3429,39652.3429,39652.3429,39652.3429,39652.3429,0,wallstreet_online_ice_index,FANG3X
2023-08-28,40177.4578,40177.4578,40177.4578,40177.4578,40177.4578,0,wallstreet_online_ice_index,FANG3X
2023-08-29,43919.4606,43919.4606,43919.4606,43919.4606,43919.4606,0,wallstreet_online_ice_index,FANG3X
2023-08-30,44693.6936,44693.6936,44693.6936,44693.6936,44693.6936,0,wallstreet_online_ice_index,FANG3X
2023-08-31,45127.9003,45127.9003,45127.9003,45127.9003,45127.9003,0,wallstreet_online_ice_index,FANG3X
2023-09-01,44912.179,44912.179,44912.179,44912.179,44912.179,0,wallstreet_online_ice_index,FANG3X
2023-09-05,46414.8923,46414.8923,46414.8923,46414.8923,46414.8923,0,wallstreet_online_ice_index,FANG3X
2023-09-06,44374.8024,44374.8024,44374.8024,44374.8024,44374.8024,0,wallstreet_online_ice_index,FANG3X
2023-09-07,43733.7242,43733.7242,43733.7242,43733.7242,43733.7242,0,wallstreet_online_ice_index,FANG3X
2023-09-08,44092.5218,44092.5218,44092.5218,44092.5218,44092.5218,0,wallstreet_online_ice_index,FANG3X
2023-09-11,46824.9329,46824.9329,46824.9329,46824.9329,46824.9329,0,wallstreet_online_ice_index,FANG3X
2023-09-12,44660.059,44660.059,44660.059,44660.059,44660.059,0,wallstreet_online_ice_index,FANG3X
2023-09-13,45223.5787,45223.5787,45223.5787,45223.5787,45223.5787,0,wallstreet_online_ice_index,FANG3X
2023-09-14,45535.203,45535.203,45535.203,45535.203,45535.203,0,wallstreet_online_ice_index,FANG3X
2023-09-15,42735.6977,42735.6977,42735.6977,42735.6977,42735.6977,0,wallstreet_online_ice_index,FANG3X
2023-09-18,42448.6599,42448.6599,42448.6599,42448.6599,42448.6599,0,wallstreet_online_ice_index,FANG3X
2023-09-19,42237.348,42237.348,42237.348,42237.348,42237.348,0,wallstreet_online_ice_index,FANG3X
2023-09-20,39601.2575,39601.2575,39601.2575,39601.2575,39601.2575,0,wallstreet_online_ice_index,FANG3X
2023-09-21,36731.8705,36731.8705,36731.8705,36731.8705,36731.8705,0,wallstreet_online_ice_index,FANG3X
2023-09-22,36691.4119,36691.4119,36691.4119,36691.4119,36691.4119,0,wallstreet_online_ice_index,FANG3X
2023-09-25,37571.6691,37571.6691,37571.6691,37571.6691,37571.6691,0,wallstreet_online_ice_index,FANG3X
2023-09-26,35559.9398,35559.9398,35559.9398,35559.9398,35559.9398,0,wallstreet_online_ice_index,FANG3X
2023-09-28,36838.4105,36838.4105,36838.4105,36838.4105,36838.4105,0,wallstreet_online_ice_index,FANG3X
2023-09-29,37175.9557,37175.9557,37175.9557,37175.9557,37175.9557,0,wallstreet_online_ice_index,FANG3X
2023-10-02,38712.6243,38712.6243,38712.6243,38712.6243,38712.6243,0,wallstreet_online_ice_index,FANG3X
2023-10-03,36397.2052,36397.2052,36397.2052,36397.2052,36397.2052,0,wallstreet_online_ice_index,FANG3X
2023-10-04,38227.3172,38227.3172,38227.3172,38227.3172,38227.3172,0,wallstreet_online_ice_index,FANG3X
2023-10-05,41068.8161,41068.8161,41068.8161,41068.8161,41068.8161,0,wallstreet_online_ice_index,FANG3X
2023-10-06,41757.5783,41757.5783,41757.5783,41757.5783,41757.5783,0,wallstreet_online_ice_index,FANG3X
2023-10-09,41960.5347,41960.5347,41960.5347,41960.5347,41960.5347,0,wallstreet_online_ice_index,FANG3X
2023-10-10,43207.592,43207.592,43207.592,43207.592,43207.592,0,wallstreet_online_ice_index,FANG3X
2023-10-11,42848.8734,42848.8734,42848.8734,42848.8734,42848.8734,0,wallstreet_online_ice_index,FANG3X
2023-10-12,40266.2728,40266.2728,40266.2728,40266.2728,40266.2728,0,wallstreet_online_ice_index,FANG3X
2023-10-13,42211.2097,42211.2097,42211.2097,42211.2097,42211.2097,0,wallstreet_online_ice_index,FANG3X
2023-10-16,40946.4569,40946.4569,40946.4569,40946.4569,40946.4569,0,wallstreet_online_ice_index,FANG3X
2023-10-17,38270.4407,38270.4407,38270.4407,38270.4407,38270.4407,0,wallstreet_online_ice_index,FANG3X
2023-10-18,38466.9771,38466.9771,38466.9771,38466.9771,38466.9771,0,wallstreet_online_ice_index,FANG3X
2023-10-19,36303.6999,36303.6999,36303.6999,36303.6999,36303.6999,0,wallstreet_online_ice_index,FANG3X
2023-10-20,37550.1625,37550.1625,37550.1625,37550.1625,37550.1625,0,wallstreet_online_ice_index,FANG3X
2023-10-23,38946.1884,38946.1884,38946.1884,38946.1884,38946.1884,0,wallstreet_online_ice_index,FANG3X
2023-10-24,35006.8366,35006.8366,35006.8366,35006.8366,35006.8366,0,wallstreet_online_ice_index,FANG3X
2023-10-25,32212.3831,32212.3831,32212.3831,32212.3831,32212.3831,0,wallstreet_online_ice_index,FANG3X
2023-10-26,33506.7942,33506.7942,33506.7942,33506.7942,33506.7942,0,wallstreet_online_ice_index,FANG3X
2023-10-27,34826.4385,34826.4385,34826.4385,34826.4385,34826.4385,0,wallstreet_online_ice_index,FANG3X
2023-10-30,34992.821,34992.821,34992.821,34992.821,34992.821,0,wallstreet_online_ice_index,FANG3X
2023-10-31,37269.8367,37269.8367,37269.8367,37269.8367,37269.8367,0,wallstreet_online_ice_index,FANG3X
2023-11-01,38868.1559,38868.1559,38868.1559,38868.1559,38868.1559,0,wallstreet_online_ice_index,FANG3X
2023-11-02,40679.3722,40679.3722,40679.3722,40679.3722,40679.3722,0,wallstreet_online_ice_index,FANG3X
2023-11-03,41035.5866,41035.5866,41035.5866,41035.5866,41035.5866,0,wallstreet_online_ice_index,FANG3X
2023-11-06,43421.1842,43421.1842,43421.1842,43421.1842,43421.1842,0,wallstreet_online_ice_index,FANG3X
2023-11-07,44035.2,44035.2,44035.2,44035.2,44035.2,0,wallstreet_online_ice_index,FANG3X
2023-11-08,42945.8717,42945.8717,42945.8717,42945.8717,42945.8717,0,wallstreet_online_ice_index,FANG3X
2023-11-09,46431.9301,46431.9301,46431.9301,46431.9301,46431.9301,0,wallstreet_online_ice_index,FANG3X
2023-11-10,46208.1416,46208.1416,46208.1416,46208.1416,46208.1416,0,wallstreet_online_ice_index,FANG3X
2023-11-13,49454.221,49454.221,49454.221,49454.221,49454.221,0,wallstreet_online_ice_index,FANG3X
2023-11-14,49456.5429,49456.5429,49456.5429,49456.5429,49456.5429,0,wallstreet_online_ice_index,FANG3X
2023-11-15,49574.5982,49574.5982,49574.5982,49574.5982,49574.5982,0,wallstreet_online_ice_index,FANG3X
2023-11-16,49730.389,49730.389,49730.389,49730.389,49730.389,0,wallstreet_online_ice_index,FANG3X
2023-11-17,51412.0463,51412.0463,51412.0463,51412.0463,51412.0463,0,wallstreet_online_ice_index,FANG3X
2023-11-21,51715.0644,51715.0644,51715.0644,51715.0644,51715.0644,0,wallstreet_online_ice_index,FANG3X
2023-11-22,51374.8243,51374.8243,51374.8243,51374.8243,51374.8243,0,wallstreet_online_ice_index,FANG3X
2023-11-24,50917.4678,50917.4678,50917.4678,50917.4678,50917.4678,0,wallstreet_online_ice_index,FANG3X
2023-11-27,51831.4074,51831.4074,51831.4074,51831.4074,51831.4074,0,wallstreet_online_ice_index,FANG3X
2023-11-28,51081.8071,51081.8071,51081.8071,51081.8071,51081.8071,0,wallstreet_online_ice_index,FANG3X
2023-11-29,50669.3985,50669.3985,50669.3985,50669.3985,50669.3985,0,wallstreet_online_ice_index,FANG3X
2023-11-30,50067.8735,50067.8735,50067.8735,50067.8735,50067.8735,0,wallstreet_online_ice_index,FANG3X
2023-12-01,48103.6643,48103.6643,48103.6643,48103.6643,48103.6643,0,wallstreet_online_ice_index,FANG3X
2023-12-04,49023.4985,49023.4985,49023.4985,49023.4985,49023.4985,0,wallstreet_online_ice_index,FANG3X
2023-12-05,47526.3752,47526.3752,47526.3752,47526.3752,47526.3752,0,wallstreet_online_ice_index,FANG3X
2023-12-06,50317.491,50317.491,50317.491,50317.491,50317.491,0,wallstreet_online_ice_index,FANG3X
2023-12-07,51787.9214,51787.9214,51787.9214,51787.9214,51787.9214,0,wallstreet_online_ice_index,FANG3X
2023-12-08,52128.5886,52128.5886,52128.5886,52128.5886,52128.5886,0,wallstreet_online_ice_index,FANG3X
2023-12-11,53980.0359,53980.0359,53980.0359,53980.0359,53980.0359,0,wallstreet_online_ice_index,FANG3X
2023-12-12,55902.797,55902.797,55902.797,55902.797,55902.797,0,wallstreet_online_ice_index,FANG3X
2023-12-13,56309.025,56309.025,56309.025,56309.025,56309.025,0,wallstreet_online_ice_index,FANG3X
2023-12-14,57570.9601,57570.9601,57570.9601,57570.9601,57570.9601,0,wallstreet_online_ice_index,FANG3X
2023-12-15,59980.4948,59980.4948,59980.4948,59980.4948,59980.4948,0,wallstreet_online_ice_index,FANG3X
2023-12-18,60897.9547,60897.9547,60897.9547,60897.9547,60897.9547,0,wallstreet_online_ice_index,FANG3X
2023-12-19,58139.9417,58139.9417,58139.9417,58139.9417,58139.9417,0,wallstreet_online_ice_index,FANG3X
2023-12-20,60390.1241,60390.1241,60390.1241,60390.1241,60390.1241,0,wallstreet_online_ice_index,FANG3X
2023-12-21,59830.8999,59830.8999,59830.8999,59830.8999,59830.8999,0,wallstreet_online_ice_index,FANG3X
2023-12-22,60904.6173,60904.6173,60904.6173,60904.6173,60904.6173,0,wallstreet_online_ice_index,FANG3X
2023-12-26,61233.8261,61233.8261,61233.8261,61233.8261,61233.8261,0,wallstreet_online_ice_index,FANG3X
2023-12-27,60885.8892,60885.8892,60885.8892,60885.8892,60885.8892,0,wallstreet_online_ice_index,FANG3X
2023-12-28,59569.4971,59569.4971,59569.4971,59569.4971,59569.4971,0,wallstreet_online_ice_index,FANG3X
2023-12-29,55344.9105,55344.9105,55344.9105,55344.9105,55344.9105,0,wallstreet_online_ice_index,FANG3X
2024-01-02,59569.4971,59569.4971,53929.5457,55344.9105,55344.9105,0,wallstreet_online_ice_index,FANG3X
2024-01-03,55344.9105,55344.9105,53187.7114,53393.698,53393.698,0,wallstreet_online_ice_index,FANG3X
2024-01-04,53393.698,54534.3209,52510.3433,52555.6384,52555.6384,0,wallstreet_online_ice_index,FANG3X
2024-01-05,52555.6384,54596.0495,52555.6384,53474.6138,53474.6138,0,wallstreet_online_ice_index,FANG3X
2024-01-08,53474.6138,57945.8736,53474.6138,57880.5547,57880.5547,0,wallstreet_online_ice_index,FANG3X
2024-01-09,57880.5547,58905.6478,56291.5163,58351.1298,58351.1298,0,wallstreet_online_ice_index,FANG3X
2024-01-10,58351.1298,60859.642,58351.1298,60117.2361,60117.2361,0,wallstreet_online_ice_index,FANG3X
2024-01-11,60117.2361,62566.8475,58462.5491,60595.1145,60595.1145,0,wallstreet_online_ice_index,FANG3X
2024-01-12,60595.1145,61436.3028,59709.2807,60144.4724,60144.4724,0,wallstreet_online_ice_index,FANG3X
2024-01-16,60144.4724,60905.0392,58678.8907,59577.4351,59577.4351,0,wallstreet_online_ice_index,FANG3X
2024-01-17,59577.4351,59577.4351,55813.5884,58557.5509,58557.5509,0,wallstreet_online_ice_index,FANG3X
2024-01-18,58557.5509,61357.992,58557.5509,60943.8891,60943.8891,0,wallstreet_online_ice_index,FANG3X
2024-01-19,60943.8891,64920.04,60943.8891,64920.04,64920.04,0,wallstreet_online_ice_index,FANG3X
2024-01-22,64920.04,67282.9884,64920.04,65439.478,65439.478,0,wallstreet_online_ice_index,FANG3X
2024-01-23,65439.478,67264.4577,65040.9941,67244.258,67244.258,0,wallstreet_online_ice_index,FANG3X
2024-01-24,67244.258,73955.0699,67244.258,70882.571,70882.571,0,wallstreet_online_ice_index,FANG3X
2024-01-25,70882.571,72229.1753,68364.1249,70231.0939,70231.0939,0,wallstreet_online_ice_index,FANG3X
2024-01-26,70231.0939,71305.5683,69196.5179,69651.3109,69651.3109,0,wallstreet_online_ice_index,FANG3X
2024-01-29,69651.3109,73351.0278,69627.1626,73086.0014,73086.0014,0,wallstreet_online_ice_index,FANG3X
2024-01-30,73086.0014,73554.7878,70650.077,71119.3648,71119.3648,0,wallstreet_online_ice_index,FANG3X
2024-01-31,71119.3648,71119.3648,64832.5034,65047.2855,65047.2855,0,wallstreet_online_ice_index,FANG3X
2024-02-01,65047.2855,68344.8395,65047.2855,68061.5537,68061.5537,0,wallstreet_online_ice_index,FANG3X
2024-02-02,68061.5537,78641.5395,68061.5537,77969.9705,77969.9705,0,wallstreet_online_ice_index,FANG3X
2024-02-05,77969.9705,79359.7187,74645.0019,77567.9525,77567.9525,0,wallstreet_online_ice_index,FANG3X
2024-02-06,77567.9525,78980.4653,74311.9563,76357.3629,76357.3629,0,wallstreet_online_ice_index,FANG3X
2024-02-07,76357.3629,80756.3003,76357.3629,80438.6852,80438.6852,0,wallstreet_online_ice_index,FANG3X
2024-02-08,80438.6852,82594.968,80268.5562,81099.9322,81099.9322,0,wallstreet_online_ice_index,FANG3X
2024-02-09,81099.9322,85678.4158,81099.9322,85442.7068,85442.7068,0,wallstreet_online_ice_index,FANG3X
2024-02-12,85442.7068,87561.4407,82731.7855,83328.1624,83328.1624,0,wallstreet_online_ice_index,FANG3X
2024-02-13,83328.1624,83328.1624,76840.1017,79728.514,79728.514,0,wallstreet_online_ice_index,FANG3X
2024-02-14,79728.514,84610.5546,79728.514,84484.9776,84484.9776,0,wallstreet_online_ice_index,FANG3X
2024-02-15,84484.9776,85302.9112,82257.6193,85096.9046,85096.9046,0,wallstreet_online_ice_index,FANG3X
2024-02-16,85096.9046,85369.4426,81668.3069,82526.3153,82526.3153,0,wallstreet_online_ice_index,FANG3X
2024-02-20,82526.3153,82526.3153,75330.7918,78150.7309,78150.7309,0,wallstreet_online_ice_index,FANG3X
2024-02-21,78150.7309,78150.7309,74687.583,77164.1176,77164.1176,0,wallstreet_online_ice_index,FANG3X
2024-02-22,77164.1176,88738.541,77164.1176,88145.8906,88145.8906,0,wallstreet_online_ice_index,FANG3X
2024-02-23,88145.8906,91617.65,86324.7071,87395.4988,87395.4988,0,wallstreet_online_ice_index,FANG3X
2024-02-26,87395.4988,89112.0131,86566.9314,87260.4021,87260.4021,0,wallstreet_online_ice_index,FANG3X
2024-02-27,87260.4021,88977.3216,86578.6114,88407.3404,88407.3404,0,wallstreet_online_ice_index,FANG3X
2024-02-28,88407.3404,88407.3404,85693.9226,86484.6217,86484.6217,0,wallstreet_online_ice_index,FANG3X
2024-02-29,86484.6217,86484.6217,80904.9492,84518.326,84518.326,0,wallstreet_online_ice_index,FANG3X
2024-03-01,84518.326,89990.4352,84518.326,89356.3228,89356.3228,0,wallstreet_online_ice_index,FANG3X
2024-03-04,89356.3228,89356.3228,86489.9087,86682.1386,86682.1386,0,wallstreet_online_ice_index,FANG3X
2024-03-05,86682.1386,86682.1386,79019.5198,80722.9943,80722.9943,0,wallstreet_online_ice_index,FANG3X
2024-03-06,80722.9943,83890.9451,80006.1371,81522.8643,81522.8643,0,wallstreet_online_ice_index,FANG3X
2024-03-07,81522.8643,87962.1441,81522.8643,87583.748,87583.748,0,wallstreet_online_ice_index,FANG3X
2024-03-08,87583.748,90846.3977,80581.4857,81573.8617,81573.8617,0,wallstreet_online_ice_index,FANG3X
2024-03-11,81573.8617,81573.8617,77939.6124,79101.6278,79101.6278,0,wallstreet_online_ice_index,FANG3X
2024-03-12,79101.6278,84525.2795,78759.722,84391.3438,84391.3438,0,wallstreet_online_ice_index,FANG3X
2024-03-13,84391.3438,84391.3438,81395.69,82350.7058,82350.7058,0,wallstreet_online_ice_index,FANG3X
2024-03-14,82350.7058,83916.5673,80173.2421,81683.7166,81683.7166,0,wallstreet_online_ice_index,FANG3X
2024-03-15,81683.7166,81683.7166,78281.0817,78720.4849,78720.4849,0,wallstreet_online_ice_index,FANG3X
2024-03-18,78720.4849,84954.9374,78720.4849,82706.1822,82706.1822,0,wallstreet_online_ice_index,FANG3X
2024-03-19,82706.1822,83717.9419,78526.7746,83555.2907,83555.2907,0,wallstreet_online_ice_index,FANG3X
2024-03-20,83555.2907,88327.7617,83435.5883,88011.1543,88011.1543,0,wallstreet_online_ice_index,FANG3X
2024-03-21,88011.1543,91676.2993,87423.114,87470.7456,87470.7456,0,wallstreet_online_ice_index,FANG3X
2024-03-22,87470.7456,89907.1927,86801.4381,89290.5065,89290.5065,0,wallstreet_online_ice_index,FANG3X
2024-03-25,89290.5065,89595.1322,87081.9083,88628.5458,88628.5458,0,wallstreet_online_ice_index,FANG3X
2024-03-26,88628.5458,91427.9278,87597.778,87629.6366,87629.6366,0,wallstreet_online_ice_index,FANG3X
2024-03-27,87629.6366,89584.6024,85414.4714,87381.5508,87381.5508,0,wallstreet_online_ice_index,FANG3X
2024-03-28,87381.5508,87658.4265,85812.5028,86265.7422,86265.7422,0,wallstreet_online_ice_index,FANG3X
2024-04-01,86265.7422,89367.8577,86050.694,88038.085,88038.085,0,wallstreet_online_ice_index,FANG3X
2024-04-02,88038.085,88038.085,82238.788,85272.1487,85272.1487,0,wallstreet_online_ice_index,FANG3X
2024-04-03,85272.1487,87653.8237,83959.404,86899.3689,86899.3689,0,wallstreet_online_ice_index,FANG3X
2024-04-04,86899.3689,91604.3324,83420.4567,83496.9937,83496.9937,0,wallstreet_online_ice_index,FANG3X
2024-04-05,83496.9937,89078.8918,83496.9937,87216.3098,87216.3098,0,wallstreet_online_ice_index,FANG3X
2024-04-08,87216.3098,89434.8261,86503.0704,87757.545,87757.545,0,wallstreet_online_ice_index,FANG3X
2024-04-09,87757.545,89432.2683,85287.6282,88045.8318,88045.8318,0,wallstreet_online_ice_index,FANG3X
2024-04-10,88045.8318,88045.8318,84476.5038,86743.1571,86743.1571,0,wallstreet_online_ice_index,FANG3X
2024-04-11,86743.1571,94013.9908,86743.1571,93409.5609,93409.5609,0,wallstreet_online_ice_index,FANG3X
2024-04-12,93409.5609,93409.5609,88245.2987,89396.0937,89396.0937,0,wallstreet_online_ice_index,FANG3X
2024-04-15,89396.0937,90337.38,81994.0083,82267.3846,82267.3846,0,wallstreet_online_ice_index,FANG3X
2024-04-16,82267.3846,83558.0524,80931.6486,81972.9348,81972.9348,0,wallstreet_online_ice_index,FANG3X
2024-04-17,81972.9348,83648.6184,78163.81,78801.7998,78801.7998,0,wallstreet_online_ice_index,FANG3X
2024-04-18,78801.7998,80504.2729,76575.7175,77173.4019,77173.4019,0,wallstreet_online_ice_index,FANG3X
2024-04-19,77173.4019,77173.4019,67402.043,68489.9712,68489.9712,0,wallstreet_online_ice_index,FANG3X
2024-04-22,68489.9712,71410.0749,67154.184,70095.1747,70095.1747,0,wallstreet_online_ice_index,FANG3X
2024-04-23,70095.1747,75099.5236,70095.1747,74681.1901,74681.1901,0,wallstreet_online_ice_index,FANG3X
2024-04-24,74681.1901,78903.2862,74281.9035,76186.9937,76186.9937,0,wallstreet_online_ice_index,FANG3X
2024-04-25,76186.9937,76186.9937,68052.8851,74958.3414,74958.3414,0,wallstreet_online_ice_index,FANG3X
2024-04-26,74958.3414,82346.3769,74958.3414,81392.1677,81392.1677,0,wallstreet_online_ice_index,FANG3X
2024-04-29,81392.1677,84635.9615,81392.1677,83828.6584,83828.6584,0,wallstreet_online_ice_index,FANG3X
2024-04-30,83828.6584,84063.046,77630.3602,77630.3602,77630.3602,0,wallstreet_online_ice_index,FANG3X
2024-05-01,77630.3602,82278.0088,75978.7966,76725.2631,76725.2631,0,wallstreet_online_ice_index,FANG3X
2024-05-02,76725.2631,80667.5994,76341.7379,80122.5921,80122.5921,0,wallstreet_online_ice_index,FANG3X
2024-05-03,80122.5921,85848.1235,80122.5921,85398.922,85398.922,0,wallstreet_online_ice_index,FANG3X
2024-05-06,85398.922,90284.8831,85398.922,90269.5782,90269.5782,0,wallstreet_online_ice_index,FANG3X
2024-05-07,90269.5782,90269.5782,87852.2824,88819.7922,88819.7922,0,wallstreet_online_ice_index,FANG3X
2024-05-08,88819.7922,89887.9473,86197.8014,88601.3718,88601.3718,0,wallstreet_online_ice_index,FANG3X
2024-05-09,88601.3718,89203.111,86850.412,87975.1174,87975.1174,0,wallstreet_online_ice_index,FANG3X
2024-05-10,87975.1174,89890.9463,86454.259,87897.1834,87897.1834,0,wallstreet_online_ice_index,FANG3X
2024-05-13,87897.1834,89381.6925,87293.051,89266.6197,89266.6197,0,wallstreet_online_ice_index,FANG3X
2024-05-14,89266.6197,92541.8078,88886.5271,92180.9994,92180.9994,0,wallstreet_online_ice_index,FANG3X
2024-05-15,92180.9994,96332.4483,90999.9961,95837.5781,95837.5781,0,wallstreet_online_ice_index,FANG3X
2024-05-16,95837.5781,97071.1615,94663.3058,94743.5479,94743.5479,0,wallstreet_online_ice_index,FANG3X
2024-05-17,94743.5479,95566.904,93079.5096,94590.2498,94590.2498,0,wallstreet_online_ice_index,FANG3X
2024-05-20,94590.2498,97550.6718,94590.2498,96961.7897,96961.7897,0,wallstreet_online_ice_index,FANG3X
2024-05-21,96961.7897,99296.8579,95448.7008,99130.0157,99130.0157,0,wallstreet_online_ice_index,FANG3X
2024-05-22,99130.0157,99241.0308,95462.5858,97175.7597,97175.7597,0,wallstreet_online_ice_index,FANG3X
2024-05-23,95282.6835,95282.6835,95282.6835,95282.6835,95282.6835,0,wallstreet_online_ice_index,FANG3X
2024-05-24,99618.3037,99618.3037,99618.3037,99618.3037,99618.3037,0,wallstreet_online_ice_index,FANG3X
2024-05-28,101366.4871,101366.4871,101366.4871,101366.4871,101366.4871,0,wallstreet_online_ice_index,FANG3X
2024-05-29,100425.3132,100425.3132,100425.3132,100425.3132,100425.3132,0,wallstreet_online_ice_index,FANG3X
2024-05-30,94961.3042,94961.3042,94961.3042,94961.3042,94961.3042,0,wallstreet_online_ice_index,FANG3X
2024-05-31,92580.4856,92580.4856,92580.4856,92580.4856,92580.4856,0,wallstreet_online_ice_index,FANG3X
2024-06-03,94657.8537,94657.8537,94657.8537,94657.8537,94657.8537,0,wallstreet_online_ice_index,FANG3X
2024-06-04,95406.7361,95406.7361,95406.7361,95406.7361,95406.7361,0,wallstreet_online_ice_index,FANG3X
2024-06-05,101712.7091,101712.7091,101712.7091,101712.7091,101712.7091,0,wallstreet_online_ice_index,FANG3X
2024-06-06,101609.9016,101609.9016,101609.9016,101609.9016,101609.9016,0,wallstreet_online_ice_index,FANG3X
2024-06-07,100887.6234,100887.6234,100887.6234,100887.6234,100887.6234,0,wallstreet_online_ice_index,FANG3X
2024-06-10,101427.0647,101427.0647,101427.0647,101427.0647,101427.0647,0,wallstreet_online_ice_index,FANG3X
2024-06-11,104834.3285,104834.3285,104834.3285,104834.3285,104834.3285,0,wallstreet_online_ice_index,FANG3X
2024-06-12,110334.6817,110334.6817,110334.6817,110334.6817,110334.6817,0,wallstreet_online_ice_index,FANG3X
2024-06-13,115242.8463,115242.8463,115242.8463,115242.8463,115242.8463,0,wallstreet_online_ice_index,FANG3X
2024-06-14,117702.2546,117702.2546,117702.2546,117702.2546,117702.2546,0,wallstreet_online_ice_index,FANG3X
2024-06-17,123942.8573,123942.8573,123942.8573,123942.8573,123942.8573,0,wallstreet_online_ice_index,FANG3X
2024-06-18,122531.9396,122531.9396,122531.9396,122531.9396,122531.9396,0,wallstreet_online_ice_index,FANG3X
2024-06-20,118078.911,118078.911,118078.911,118078.911,118078.911,0,wallstreet_online_ice_index,FANG3X
2024-06-21,116355.3457,116355.3457,116355.3457,116355.3457,116355.3457,0,wallstreet_online_ice_index,FANG3X
2024-06-24,110521.8231,110521.8231,110521.8231,110521.8231,110521.8231,0,wallstreet_online_ice_index,FANG3X
2024-06-25,115488.6977,115488.6977,115488.6977,115488.6977,115488.6977,0,wallstreet_online_ice_index,FANG3X
2024-06-26,121456.968,121456.968,121456.968,121456.968,121456.968,0,wallstreet_online_ice_index,FANG3X
2024-06-27,124456.7939,124456.7939,124456.7939,124456.7939,124456.7939,0,wallstreet_online_ice_index,FANG3X
2024-06-28,120801.1618,120801.1618,120801.1618,120801.1618,120801.1618,0,wallstreet_online_ice_index,FANG3X
2024-07-01,128991.9102,128991.9102,128991.9102,128991.9102,128991.9102,0,wallstreet_online_ice_index,FANG3X
2024-07-02,135609.9034,135609.9034,135609.9034,135609.9034,135609.9034,0,wallstreet_online_ice_index,FANG3X
2024-07-03,142451.583,142451.583,142451.583,142451.583,142451.583,0,wallstreet_online_ice_index,FANG3X
2024-07-05,148365.2799,148365.2799,148365.2799,148365.2799,148365.2799,0,wallstreet_online_ice_index,FANG3X
2024-07-08,148371.0942,148371.0942,148371.0942,148371.0942,148371.0942,0,wallstreet_online_ice_index,FANG3X
2024-07-09,149426.0485,149426.0485,149426.0485,149426.0485,149426.0485,0,wallstreet_online_ice_index,FANG3X
2024-07-10,152986.1802,152986.1802,152986.1802,152986.1802,152986.1802,0,wallstreet_online_ice_index,FANG3X
2024-07-11,136844.7926,136844.7926,136844.7926,136844.7926,136844.7926,0,wallstreet_online_ice_index,FANG3X
2024-07-12,136872.7287,136872.7287,136872.7287,136872.7287,136872.7287,0,wallstreet_online_ice_index,FANG3X
2024-07-15,138231.909,138231.909,138231.909,138231.909,138231.909,0,wallstreet_online_ice_index,FANG3X
2024-07-16,137435.1233,137435.1233,137435.1233,137435.1233,137435.1233,0,wallstreet_online_ice_index,FANG3X
2024-07-17,123952.9515,123952.9515,123952.9515,123952.9515,123952.9515,0,wallstreet_online_ice_index,FANG3X
2024-07-18,122529.0746,122529.0746,122529.0746,122529.0746,122529.0746,0,wallstreet_online_ice_index,FANG3X
2024-07-19,118246.0385,118246.0385,118246.0385,118246.0385,118246.0385,0,wallstreet_online_ice_index,FANG3X
2024-07-22,125777.8123,125777.8123,125777.8123,125777.8123,125777.8123,0,wallstreet_online_ice_index,FANG3X
2024-07-23,126455.2758,126455.2758,126455.2758,126455.2758,126455.2758,0,wallstreet_online_ice_index,FANG3X
2024-07-24,105522.4321,105522.4321,105522.4321,105522.4321,105522.4321,0,wallstreet_online_ice_index,FANG3X
2024-07-25,103724.5457,103724.5457,103724.5457,103724.5457,103724.5457,0,wallstreet_online_ice_index,FANG3X
2024-07-26,105768.1352,105768.1352,105768.1352,105768.1352,105768.1352,0,wallstreet_online_ice_index,FANG3X
2024-07-29,108029.7822,108029.7822,108029.7822,108029.7822,108029.7822,0,wallstreet_online_ice_index,FANG3X
2024-07-30,102261.006,102261.006,102261.006,102261.006,102261.006,0,wallstreet_online_ice_index,FANG3X
2024-07-31,112829.3738,112829.3738,112829.3738,112829.3738,112829.3738,0,wallstreet_online_ice_index,FANG3X
2024-08-01,103785.3375,103785.3375,103785.3375,103785.3375,103785.3375,0,wallstreet_online_ice_index,FANG3X
2024-08-02,94836.268,94836.268,94836.268,94836.268,94836.268,0,wallstreet_online_ice_index,FANG3X
2024-08-05,83572.2232,83572.2232,83572.2232,83572.2232,83572.2232,0,wallstreet_online_ice_index,FANG3X
2024-08-06,86864.2086,86864.2086,86864.2086,86864.2086,86864.2086,0,wallstreet_online_ice_index,FANG3X
2024-08-07,83493.5621,83493.5621,83493.5621,83493.5621,83493.5621,0,wallstreet_online_ice_index,FANG3X
2024-08-08,92308.4048,92308.4048,92308.4048,92308.4048,92308.4048,0,wallstreet_online_ice_index,FANG3X
2024-08-09,95260.0751,95260.0751,95260.0751,95260.0751,95260.0751,0,wallstreet_online_ice_index,FANG3X
2024-08-12,95364.5938,95364.5938,95364.5938,95364.5938,95364.5938,0,wallstreet_online_ice_index,FANG3X
2024-08-13,104261.354,104261.354,104261.354,104261.354,104261.354,0,wallstreet_online_ice_index,FANG3X
2024-08-14,104011.5568,104011.5568,104011.5568,104011.5568,104011.5568,0,wallstreet_online_ice_index,FANG3X
2024-08-15,111828.3393,111828.3393,111828.3393,111828.3393,111828.3393,0,wallstreet_online_ice_index,FANG3X
2024-08-16,112908.8913,112908.8913,112908.8913,112908.8913,112908.8913,0,wallstreet_online_ice_index,FANG3X
2024-08-19,118757.841,118757.841,118757.841,118757.841,118757.841,0,wallstreet_online_ice_index,FANG3X
2024-08-20,118452.9031,118452.9031,118452.9031,118452.9031,118452.9031,0,wallstreet_online_ice_index,FANG3X
2024-08-21,120442.3657,120442.3657,120442.3657,120442.3657,120442.3657,0,wallstreet_online_ice_index,FANG3X
2024-08-22,107719.3968,107719.3968,107719.3968,107719.3968,107719.3968,0,wallstreet_online_ice_index,FANG3X
2024-08-23,112301.0115,112301.0115,112301.0115,112301.0115,112301.0115,0,wallstreet_online_ice_index,FANG3X
2024-08-26,108811.6883,108811.6883,108811.6883,108811.6883,108811.6883,0,wallstreet_online_ice_index,FANG3X
2024-08-27,107893.5615,107893.5615,107893.5615,107893.5615,107893.5615,0,wallstreet_online_ice_index,FANG3X
2024-08-28,103040.2751,103040.2751,103040.2751,103040.2751,103040.2751,0,wallstreet_online_ice_index,FANG3X
2024-08-29,102868.7484,102868.7484,102868.7484,102868.7484,102868.7484,0,wallstreet_online_ice_index,FANG3X
2024-08-30,107895.9354,107895.9354,107895.9354,107895.9354,107895.9354,0,wallstreet_online_ice_index,FANG3X
2024-09-03,107895.9354,107895.9354,94808.8519,96733.3747,96733.3747,0,wallstreet_online_ice_index,FANG3X
2024-09-04,96733.3747,100340.7593,94351.5953,97403.03,97403.03,0,wallstreet_online_ice_index,FANG3X
2024-09-05,97403.03,104734.1369,97403.03,100948.4369,100948.4369,0,wallstreet_online_ice_index,FANG3X
2024-09-06,100948.4369,101029.0389,88094.4491,88241.7634,88241.7634,0,wallstreet_online_ice_index,FANG3X
2024-09-09,88241.7634,93395.9315,88241.7634,92002.7419,92002.7419,0,wallstreet_online_ice_index,FANG3X
2024-09-10,92002.7419,96798.8402,91736.8728,96258.7333,96258.7333,0,wallstreet_online_ice_index,FANG3X
2024-09-11,96258.7333,104141.8628,91426.2163,103675.9892,103675.9892,0,wallstreet_online_ice_index,FANG3X
2024-09-12,103675.9892,109131.8331,103172.6315,108363.4644,108363.4644,0,wallstreet_online_ice_index,FANG3X
2024-09-13,108363.4644,110794.5728,107560.9609,110266.2515,110266.2515,0,wallstreet_online_ice_index,FANG3X
2024-09-16,107638.1802,107638.1802,107638.1802,107638.1802,107638.1802,0,wallstreet_online_ice_index,FANG3X
2024-09-17,107638.1802,111755.3977,106605.1734,108591.844,108591.844,0,wallstreet_online_ice_index,FANG3X
2024-09-18,108591.844,112727.5333,106382.0509,107175.0864,107175.0864,0,wallstreet_online_ice_index,FANG3X
2024-09-19,107175.0864,119452.9206,107175.0864,118002.3522,118002.3522,0,wallstreet_online_ice_index,FANG3X
2024-09-20,118002.3522,118537.255,113120.0547,116374.6974,116374.6974,0,wallstreet_online_ice_index,FANG3X
2024-09-23,116374.6974,117923.8887,114931.9237,115592.7842,115592.7842,0,wallstreet_online_ice_index,FANG3X
2024-09-24,115592.7842,117797.0107,111998.0808,117350.2125,117350.2125,0,wallstreet_online_ice_index,FANG3X
2024-09-25,117350.2125,119015.2793,115871.0117,116672.495,116672.495,0,wallstreet_online_ice_index,FANG3X
2024-09-26,116672.495,120615.9297,112959.3164,116145.2843,116145.2843,0,wallstreet_online_ice_index,FANG3X
2024-09-27,116145.2843,116145.2843,112572.6779,113920.6881,113920.6881,0,wallstreet_online_ice_index,FANG3X
2024-09-30,113920.6881,115306.495,111263.3034,115155.936,115155.936,0,wallstreet_online_ice_index,FANG3X
2024-10-01,115155.936,115652.9064,107501.9018,109489.5294,109489.5294,0,wallstreet_online_ice_index,FANG3X
2024-10-02,109489.5294,112500.0945,107761.6439,111279.2462,111279.2462,0,wallstreet_online_ice_index,FANG3X
2024-10-03,111279.2462,114175.5973,109773.8916,113179.3386,113179.3386,0,wallstreet_online_ice_index,FANG3X
2024-10-04,113179.3386,119563.4972,113179.3386,119393.7971,119393.7971,0,wallstreet_online_ice_index,FANG3X
2024-10-07,119393.7971,119393.7971,113291.272,113980.8268,113980.8268,0,wallstreet_online_ice_index,FANG3X
2024-10-08,113980.8268,121634.2673,113980.8268,121069.5061,121069.5061,0,wallstreet_online_ice_index,FANG3X
2024-10-09,121069.5061,124679.1663,118944.4334,124282.4226,124282.4226,0,wallstreet_online_ice_index,FANG3X
2024-10-10,127124.6385,127124.6385,127124.6385,127124.6385,127124.6385,0,wallstreet_online_ice_index,FANG3X
2024-10-11,127148.3166,127148.3166,127148.3166,127148.3166,127148.3166,0,wallstreet_online_ice_index,FANG3X
2024-10-14,127811.8702,127811.8702,127811.8702,127811.8702,127811.8702,0,wallstreet_online_ice_index,FANG3X
2024-10-15,122498.8829,122498.8829,122498.8829,122498.8829,122498.8829,0,wallstreet_online_ice_index,FANG3X
2024-10-16,122534.3591,122534.3591,122534.3591,122534.3591,122534.3591,0,wallstreet_online_ice_index,FANG3X
2024-10-17,123407.9682,123407.9682,123407.9682,123407.9682,123407.9682,0,wallstreet_online_ice_index,FANG3X
2024-10-18,128298.7738,128298.7738,128298.7738,128298.7738,128298.7738,0,wallstreet_online_ice_index,FANG3X
2024-10-21,130690.5283,130690.5283,130690.5283,130690.5283,130690.5283,0,wallstreet_online_ice_index,FANG3X
2024-10-22,131405.0301,131405.0301,131405.0301,131405.0301,131405.0301,0,wallstreet_online_ice_index,FANG3X
2024-10-23,122514.7745,122514.7745,122514.7745,122514.7745,122514.7745,0,wallstreet_online_ice_index,FANG3X
2024-10-24,125687.5235,125687.5235,125687.5235,125687.5235,125687.5235,0,wallstreet_online_ice_index,FANG3X
2024-10-25,127277.5562,127277.5562,127277.5562,127277.5562,127277.5562,0,wallstreet_online_ice_index,FANG3X
2024-10-28,127277.5562,130379.5653,127210.9785,127261.2064,127261.2064,0,wallstreet_online_ice_index,FANG3X
2024-10-29,127261.2064,135057.2214,126651.3896,133811.6966,133811.6966,0,wallstreet_online_ice_index,FANG3X
2024-10-30,133811.6966,137480.137,132320.3338,132518.6907,132518.6907,0,wallstreet_online_ice_index,FANG3X
2024-10-31,132518.6907,132518.6907,119140.0217,120282.9037,120282.9037,0,wallstreet_online_ice_index,FANG3X
2024-11-01,120282.9037,126659.1646,120282.9037,124079.8624,124079.8624,0,wallstreet_online_ice_index,FANG3X
2024-11-04,122487.5396,122487.5396,122487.5396,122487.5396,122487.5396,0,wallstreet_online_ice_index,FANG3X
2024-11-05,129010.7658,129010.7658,129010.7658,129010.7658,129010.7658,0,wallstreet_online_ice_index,FANG3X
2024-11-06,139058.651,139058.651,139058.651,139058.651,139058.651,0,wallstreet_online_ice_index,FANG3X
2024-11-07,148649.2838,148649.2838,148649.2838,148649.2838,148649.2838,0,wallstreet_online_ice_index,FANG3X
2024-11-08,146150.5075,146150.5075,146150.5075,146150.5075,146150.5075,0,wallstreet_online_ice_index,FANG3X
2024-11-11,146679.3961,146679.3961,146679.3961,146679.3961,146679.3961,0,wallstreet_online_ice_index,FANG3X
2024-11-12,149872.419,149872.419,149872.419,149872.419,149872.419,0,wallstreet_online_ice_index,FANG3X
2024-11-13,150103.8772,150103.8772,150103.8772,150103.8772,150103.8772,0,wallstreet_online_ice_index,FANG3X
2024-11-14,148235.4281,148235.4281,148235.4281,148235.4281,148235.4281,0,wallstreet_online_ice_index,FANG3X
2024-11-15,136162.7103,136162.7103,136162.7103,136162.7103,136162.7103,0,wallstreet_online_ice_index,FANG3X
2024-11-18,138666.337,138666.337,138666.337,138666.337,138666.337,0,wallstreet_online_ice_index,FANG3X
2024-11-19,146257.9262,146257.9262,146257.9262,146257.9262,146257.9262,0,wallstreet_online_ice_index,FANG3X
2024-11-20,145016.6095,145016.6095,145016.6095,145016.6095,145016.6095,0,wallstreet_online_ice_index,FANG3X
2024-11-21,144880.1938,144880.1938,144880.1938,144880.1938,144880.1938,0,wallstreet_online_ice_index,FANG3X
2024-11-22,145440.6554,145440.6554,145440.6554,145440.6554,145440.6554,0,wallstreet_online_ice_index,FANG3X
2024-11-25,142885.4723,142885.4723,142885.4723,142885.4723,142885.4723,0,wallstreet_online_ice_index,FANG3X
2024-11-26,147848.1652,147848.1652,147848.1652,147848.1652,147848.1652,0,wallstreet_online_ice_index,FANG3X
2024-11-27,141436.3009,141436.3009,141436.3009,141436.3009,141436.3009,0,wallstreet_online_ice_index,FANG3X
2024-11-29,144792.8611,144792.8611,144792.8611,144792.8611,144792.8611,0,wallstreet_online_ice_index,FANG3X
2024-12-02,150249.5731,150249.5731,150249.5731,150249.5731,150249.5731,0,wallstreet_online_ice_index,FANG3X
2024-12-03,154966.1437,154966.1437,154966.1437,154966.1437,154966.1437,0,wallstreet_online_ice_index,FANG3X
2024-12-04,165381.3707,165381.3707,165381.3707,165381.3707,165381.3707,0,wallstreet_online_ice_index,FANG3X
2024-12-05,166096.0074,166096.0074,166096.0074,166096.0074,166096.0074,0,wallstreet_online_ice_index,FANG3X
2024-12-06,171902.8119,171902.8119,171902.8119,171902.8119,171902.8119,0,wallstreet_online_ice_index,FANG3X
2024-12-09,167067.5118,167067.5118,167067.5118,167067.5118,167067.5118,0,wallstreet_online_ice_index,FANG3X
2024-12-10,165792.9538,165792.9538,165792.9538,165792.9538,165792.9538,0,wallstreet_online_ice_index,FANG3X
2024-12-11,180448.3074,180448.3074,180448.3074,180448.3074,180448.3074,0,wallstreet_online_ice_index,FANG3X
2024-12-12,177681.4486,177681.4486,177681.4486,177681.4486,177681.4486,0,wallstreet_online_ice_index,FANG3X
2024-12-13,185146.3691,185146.3691,185146.3691,185146.3691,185146.3691,0,wallstreet_online_ice_index,FANG3X
2024-12-16,199966.544,199966.544,199966.544,199966.544,199966.544,0,wallstreet_online_ice_index,FANG3X
2024-12-17,192956.7048,192956.7048,192956.7048,192956.7048,192956.7048,0,wallstreet_online_ice_index,FANG3X
2024-12-18,168422.8599,168422.8599,168422.8599,168422.8599,168422.8599,0,wallstreet_online_ice_index,FANG3X
2024-12-19,170246.5057,170246.5057,170246.5057,170246.5057,170246.5057,0,wallstreet_online_ice_index,FANG3X
2024-12-20,176627.539,176627.539,176627.539,176627.539,176627.539,0,wallstreet_online_ice_index,FANG3X
2024-12-23,183412.4348,183412.4348,183412.4348,183412.4348,183412.4348,0,wallstreet_online_ice_index,FANG3X
2024-12-24,191389.8056,191389.8056,191389.8056,191389.8056,191389.8056,0,wallstreet_online_ice_index,FANG3X
2024-12-26,190698.985,190698.985,190698.985,190698.985,190698.985,0,wallstreet_online_ice_index,FANG3X
2024-12-27,181366.1287,181366.1287,181366.1287,181366.1287,181366.1287,0,wallstreet_online_ice_index,FANG3X
2024-12-30,174929.7212,174929.7212,174929.7212,174929.7212,174929.7212,0,wallstreet_online_ice_index,FANG3X
2024-12-31,168573.9754,168573.9754,168573.9754,168573.9754,168573.9754,0,wallstreet_online_ice_index,FANG3X
2025-01-02,170105.3526,170105.3526,170105.3526,170105.3526,170105.3526,0,wallstreet_online_ice_index,FANG3X
2025-01-03,177432.311,177432.311,177432.311,177432.311,177432.311,0,wallstreet_online_ice_index,FANG3X
2025-01-06,186987.454,186987.454,186987.454,186987.454,186987.454,0,wallstreet_online_ice_index,FANG3X
2025-01-07,174741.3217,174741.3217,174741.3217,174741.3217,174741.3217,0,wallstreet_online_ice_index,FANG3X
2025-01-08,173537.314,173537.314,173537.314,173537.314,173537.314,0,wallstreet_online_ice_index,FANG3X
2025-01-10,163213.8637,163213.8637,163213.8637,163213.8637,163213.8637,0,wallstreet_online_ice_index,FANG3X
2025-01-13,159408.4489,159408.4489,159408.4489,159408.4489,159408.4489,0,wallstreet_online_ice_index,FANG3X
2025-01-14,157668.3237,157668.3237,157668.3237,157668.3237,157668.3237,0,wallstreet_online_ice_index,FANG3X
2025-01-15,170745.7306,170745.7306,170745.7306,170745.7306,170745.7306,0,wallstreet_online_ice_index,FANG3X
2025-01-16,166022.3219,166022.3219,166022.3219,166022.3219,166022.3219,0,wallstreet_online_ice_index,FANG3X
2025-01-17,173047.8692,173047.8692,173047.8692,173047.8692,173047.8692,0,wallstreet_online_ice_index,FANG3X
2025-01-21,178626.0371,178626.0371,178626.0371,178626.0371,178626.0371,0,wallstreet_online_ice_index,FANG3X
2025-01-22,193492.9036,193492.9036,193492.9036,193492.9036,193492.9036,0,wallstreet_online_ice_index,FANG3X
2025-01-23,196953.719,196953.719,196953.719,196953.719,196953.719,0,wallstreet_online_ice_index,FANG3X
2025-01-24,195691.1777,195691.1777,195691.1777,195691.1777,195691.1777,0,wallstreet_online_ice_index,FANG3X
2025-01-27,174143.7543,174143.7543,174143.7543,174143.7543,174143.7543,0,wallstreet_online_ice_index,FANG3X
2025-01-28,192186.1745,192186.1745,192186.1745,192186.1745,192186.1745,0,wallstreet_online_ice_index,FANG3X
2025-01-29,186470.479,186470.479,186470.479,186470.479,186470.479,0,wallstreet_online_ice_index,FANG3X
2025-01-30,180320.8626,180320.8626,180320.8626,180320.8626,180320.8626,0,wallstreet_online_ice_index,FANG3X
2025-01-31,181904.5357,181904.5357,181904.5357,181904.5357,181904.5357,0,wallstreet_online_ice_index,FANG3X
2025-02-03,177539.9154,177539.9154,177539.9154,177539.9154,177539.9154,0,wallstreet_online_ice_index,FANG3X
2025-02-04,185590.1092,185590.1092,185590.1092,185590.1092,185590.1092,0,wallstreet_online_ice_index,FANG3X
2025-02-05,188160.831,188160.831,188160.831,188160.831,188160.831,0,wallstreet_online_ice_index,FANG3X
2025-02-06,192061.7457,192061.7457,192061.7457,192061.7457,192061.7457,0,wallstreet_online_ice_index,FANG3X
2025-02-07,184270.2269,184270.2269,184270.2269,184270.2269,184270.2269,0,wallstreet_online_ice_index,FANG3X
2025-02-10,192689.898,192689.898,192689.898,192689.898,192689.898,0,wallstreet_online_ice_index,FANG3X
2025-02-11,191718.8518,191718.8518,191718.8518,191718.8518,191718.8518,0,wallstreet_online_ice_index,FANG3X
2025-02-12,191313.8686,191313.8686,191313.8686,191313.8686,191313.8686,0,wallstreet_online_ice_index,FANG3X
2025-02-14,201696.4312,201696.4312,201696.4312,201696.4312,201696.4312,0,wallstreet_online_ice_index,FANG3X
2025-02-18,197763.595,197763.595,197763.595,197763.595,197763.595,0,wallstreet_online_ice_index,FANG3X
2025-02-19,196837.8707,196837.8707,196837.8707,196837.8707,196837.8707,0,wallstreet_online_ice_index,FANG3X
2025-02-20,190716.3076,190716.3076,190716.3076,190716.3076,190716.3076,0,wallstreet_online_ice_index,FANG3X
2025-02-21,173884.3906,173884.3906,173884.3906,173884.3906,173884.3906,0,wallstreet_online_ice_index,FANG3X
2025-02-24,173884.3906,177129.5131,162540.5437,163725.8401,163725.8401,0,wallstreet_online_ice_index,FANG3X
2025-02-25,163725.8401,163725.8401,148799.753,156054.6197,156054.6197,0,wallstreet_online_ice_index,FANG3X
2025-02-26,156054.6197,168515.9715,156054.6197,163428.1172,163428.1172,0,wallstreet_online_ice_index,FANG3X
2025-02-27,163428.1172,170415.6357,153666.3553,158287.2463,158287.2463,0,wallstreet_online_ice_index,FANG3X
2025-03-03,140405.8133,140405.8133,140405.8133,140405.8133,140405.8133,0,wallstreet_online_ice_index,FANG3X
2025-03-06,126506.912,126506.912,126506.912,126506.912,126506.912,0,wallstreet_online_ice_index,FANG3X
2025-03-07,127203.2526,127203.2526,127203.2526,127203.2526,127203.2526,0,wallstreet_online_ice_index,FANG3X
2025-03-10,109068.7295,109068.7295,109068.7295,109068.7295,109068.7295,0,wallstreet_online_ice_index,FANG3X
2025-03-11,114286.4187,114286.4187,114286.4187,114286.4187,114286.4187,0,wallstreet_online_ice_index,FANG3X
2025-03-12,122818.8211,122818.8211,122818.8211,122818.8211,122818.8211,0,wallstreet_online_ice_index,FANG3X
2025-03-13,112703.5826,112703.5826,112703.5826,112703.5826,112703.5826,0,wallstreet_online_ice_index,FANG3X
2025-03-14,123621.0123,123621.0123,123621.0123,123621.0123,123621.0123,0,wallstreet_online_ice_index,FANG3X
2025-03-17,124695.6396,124695.6396,124695.6396,124695.6396,124695.6396,0,wallstreet_online_ice_index,FANG3X
2025-03-18,117207.3922,117207.3922,117207.3922,117207.3922,117207.3922,0,wallstreet_online_ice_index,FANG3X
2025-03-19,124206.5503,124206.5503,124206.5503,124206.5503,124206.5503,0,wallstreet_online_ice_index,FANG3X
2025-03-20,121276.7454,121276.7454,121276.7454,121276.7454,121276.7454,0,wallstreet_online_ice_index,FANG3X
2025-03-21,123236.0139,123236.0139,123236.0139,123236.0139,123236.0139,0,wallstreet_online_ice_index,FANG3X
2025-03-24,130974.34,130974.34,130974.34,130974.34,130974.34,0,wallstreet_online_ice_index,FANG3X
2025-03-25,135365.724,135365.724,135365.724,135365.724,135365.724,0,wallstreet_online_ice_index,FANG3X
2025-03-26,123427.8945,123427.8945,123427.8945,123427.8945,123427.8945,0,wallstreet_online_ice_index,FANG3X
2025-03-27,119926.6444,119926.6444,119926.6444,119926.6444,119926.6444,0,wallstreet_online_ice_index,FANG3X
2025-03-28,107945.3963,107945.3963,107945.3963,107945.3963,107945.3963,0,wallstreet_online_ice_index,FANG3X
2025-03-31,106745.3768,106745.3768,106745.3768,106745.3768,106745.3768,0,wallstreet_online_ice_index,FANG3X
2025-04-01,110918.0785,110918.0785,110918.0785,110918.0785,110918.0785,0,wallstreet_online_ice_index,FANG3X
2025-04-02,113883.2573,113883.2573,113883.2573,113883.2573,113883.2573,0,wallstreet_online_ice_index,FANG3X
2025-04-03,91237.4544,91237.4544,91237.4544,91237.4544,91237.4544,0,wallstreet_online_ice_index,FANG3X
2025-04-04,75719.9838,75719.9838,75719.9838,75719.9838,75719.9838,0,wallstreet_online_ice_index,FANG3X
2025-04-07,78786.8683,78786.8683,78786.8683,78786.8683,78786.8683,0,wallstreet_online_ice_index,FANG3X
2025-04-08,75986.7998,75986.7998,75986.7998,75986.7998,75986.7998,0,wallstreet_online_ice_index,FANG3X
2025-04-09,107079.4356,107079.4356,107079.4356,107079.4356,107079.4356,0,wallstreet_online_ice_index,FANG3X
2025-04-10,92589.7993,92589.7993,92589.7993,92589.7993,92589.7993,0,wallstreet_online_ice_index,FANG3X
2025-04-11,98449.5586,98449.5586,98449.5586,98449.5586,98449.5586,0,wallstreet_online_ice_index,FANG3X
2025-04-14,98691.8596,98691.8596,98691.8596,98691.8596,98691.8596,0,wallstreet_online_ice_index,FANG3X
2025-04-15,100744.3321,100744.3321,100744.3321,100744.3321,100744.3321,0,wallstreet_online_ice_index,FANG3X
2025-04-16,90920.252,90920.252,90920.252,90920.252,90920.252,0,wallstreet_online_ice_index,FANG3X
2025-04-17,88184.1579,88184.1579,88184.1579,88184.1579,88184.1579,0,wallstreet_online_ice_index,FANG3X
2025-04-22,88656.9991,88656.9991,88656.9991,88656.9991,88656.9991,0,wallstreet_online_ice_index,FANG3X
2025-04-23,97827.6031,97827.6031,97827.6031,97827.6031,97827.6031,0,wallstreet_online_ice_index,FANG3X
2025-04-24,112904.2936,112904.2936,112904.2936,112904.2936,112904.2936,0,wallstreet_online_ice_index,FANG3X
2025-04-25,118674.9778,118674.9778,118674.9778,118674.9778,118674.9778,0,wallstreet_online_ice_index,FANG3X
2025-04-28,117563.7093,117563.7093,117563.7093,117563.7093,117563.7093,0,wallstreet_online_ice_index,FANG3X
2025-04-29,119484.202,119484.202,119484.202,119484.202,119484.202,0,wallstreet_online_ice_index,FANG3X
2025-04-30,119386.4855,119386.4855,119386.4855,119386.4855,119386.4855,0,wallstreet_online_ice_index,FANG3X
2025-05-01,127343.9956,127343.9956,127343.9956,127343.9956,127343.9956,0,wallstreet_online_ice_index,FANG3X
2025-05-02,133686.1353,133686.1353,133686.1353,133686.1353,133686.1353,0,wallstreet_online_ice_index,FANG3X
2025-05-05,130783.187,130783.187,130783.187,130783.187,130783.187,0,wallstreet_online_ice_index,FANG3X
2025-05-06,128547.0047,128547.0047,128547.0047,128547.0047,128547.0047,0,wallstreet_online_ice_index,FANG3X
2025-05-07,128224.6895,128224.6895,128224.6895,128224.6895,128224.6895,0,wallstreet_online_ice_index,FANG3X
2025-05-08,130697.8024,130697.8024,130697.8024,130697.8024,130697.8024,0,wallstreet_online_ice_index,FANG3X
2025-05-09,128564.8486,128564.8486,128564.8486,128564.8486,128564.8486,0,wallstreet_online_ice_index,FANG3X
2025-05-12,145567.1537,145567.1537,145567.1537,145567.1537,145567.1537,0,wallstreet_online_ice_index,FANG3X
2025-05-13,155787.4254,155787.4254,155787.4254,155787.4254,155787.4254,0,wallstreet_online_ice_index,FANG3X
2025-05-14,159003.1049,159003.1049,159003.1049,159003.1049,159003.1049,0,wallstreet_online_ice_index,FANG3X
2025-05-15,157343.3365,157343.3365,157343.3365,157343.3365,157343.3365,0,wallstreet_online_ice_index,FANG3X
2025-05-16,158847.0707,158847.0707,158847.0707,158847.0707,158847.0707,0,wallstreet_online_ice_index,FANG3X
2025-05-19,159434.6925,159434.6925,159434.6925,159434.6925,159434.6925,0,wallstreet_online_ice_index,FANG3X
2025-05-20,157007.0574,157007.0574,157007.0574,157007.0574,157007.0574,0,wallstreet_online_ice_index,FANG3X
2025-05-21,153482.1542,153482.1542,153482.1542,153482.1542,153482.1542,0,wallstreet_online_ice_index,FANG3X
2025-05-22,155981.9382,155981.9382,155981.9382,155981.9382,155981.9382,0,wallstreet_online_ice_index,FANG3X
2025-05-23,152229.8838,152229.8838,152229.8838,152229.8838,152229.8838,0,wallstreet_online_ice_index,FANG3X
2025-05-28,163586.6198,163586.6198,163586.6198,163586.6198,163586.6198,0,wallstreet_online_ice_index,FANG3X
2025-05-29,163472.9118,163472.9118,163472.9118,163472.9118,163472.9118,0,wallstreet_online_ice_index,FANG3X
2025-05-30,164604.0835,164604.0835,164604.0835,164604.0835,164604.0835,0,wallstreet_online_ice_index,FANG3X
2025-06-02,170109.5708,170109.5708,170109.5708,170109.5708,170109.5708,0,wallstreet_online_ice_index,FANG3X
2025-06-03,173558.0586,173558.0586,173558.0586,173558.0586,173558.0586,0,wallstreet_online_ice_index,FANG3X
2025-06-04,175025.3054,175025.3054,175025.3054,175025.3054,175025.3054,0,wallstreet_online_ice_index,FANG3X
2025-06-05,175003.7252,175003.7252,175003.7252,175003.7252,175003.7252,0,wallstreet_online_ice_index,FANG3X
2025-06-06,178394.4394,178394.4394,178394.4394,178394.4394,178394.4394,0,wallstreet_online_ice_index,FANG3X
2025-06-09,177587.5896,177587.5896,177587.5896,177587.5896,177587.5896,0,wallstreet_online_ice_index,FANG3X
2025-06-10,178206.7945,178206.7945,178206.7945,178206.7945,178206.7945,0,wallstreet_online_ice_index,FANG3X
2025-06-11,178665.3762,178665.3762,178665.3762,178665.3762,178665.3762,0,wallstreet_online_ice_index,FANG3X
2025-06-12,181070.606,181070.606,181070.606,181070.606,181070.606,0,wallstreet_online_ice_index,FANG3X
2025-06-13,174415.7875,174415.7875,174415.7875,174415.7875,174415.7875,0,wallstreet_online_ice_index,FANG3X
2025-06-16,181451.1535,181451.1535,181451.1535,181451.1535,181451.1535,0,wallstreet_online_ice_index,FANG3X
2025-06-17,180256.4071,180256.4071,180256.4071,180256.4071,180256.4071,0,wallstreet_online_ice_index,FANG3X
2025-06-18,178296.4594,178296.4594,178296.4594,178296.4594,178296.4594,0,wallstreet_online_ice_index,FANG3X
2025-06-20,173188.5284,173188.5284,173188.5284,173188.5284,173188.5284,0,wallstreet_online_ice_index,FANG3X
2025-06-23,178757.2271,178757.2271,178757.2271,178757.2271,178757.2271,0,wallstreet_online_ice_index,FANG3X
2025-06-24,186323.1083,186323.1083,186323.1083,186323.1083,186323.1083,0,wallstreet_online_ice_index,FANG3X
2025-06-25,191617.7003,191617.7003,191617.7003,191617.7003,191617.7003,0,wallstreet_online_ice_index,FANG3X
2025-06-26,200326.8356,200326.8356,200326.8356,200326.8356,200326.8356,0,wallstreet_online_ice_index,FANG3X
2025-06-27,205733.1207,205733.1207,205733.1207,205733.1207,205733.1207,0,wallstreet_online_ice_index,FANG3X
2025-06-30,209571.3976,209571.3976,209571.3976,209571.3976,209571.3976,0,wallstreet_online_ice_index,FANG3X
2025-07-01,198421.0219,198421.0219,198421.0219,198421.0219,198421.0219,0,wallstreet_online_ice_index,FANG3X
2025-07-02,202675.8183,202675.8183,202675.8183,202675.8183,202675.8183,0,wallstreet_online_ice_index,FANG3X
2025-07-03,212489.8944,212489.8944,212489.8944,212489.8944,212489.8944,0,wallstreet_online_ice_index,FANG3X
2025-07-07,207549.7821,207549.7821,207549.7821,207549.7821,207549.7821,0,wallstreet_online_ice_index,FANG3X
2025-07-08,204699.8561,204699.8561,204699.8561,204699.8561,204699.8561,0,wallstreet_online_ice_index,FANG3X
2025-07-09,211916.6221,211916.6221,211916.6221,211916.6221,211916.6221,0,wallstreet_online_ice_index,FANG3X
2025-07-10,203932.8126,203932.8126,203932.8126,203932.8126,203932.8126,0,wallstreet_online_ice_index,FANG3X
2025-07-11,201665.6451,201665.6451,201665.6451,201665.6451,201665.6451,0,wallstreet_online_ice_index,FANG3X
2025-07-14,203599.1047,203599.1047,203599.1047,203599.1047,203599.1047,0,wallstreet_online_ice_index,FANG3X
2025-07-15,206767.5734,206767.5734,206767.5734,206767.5734,206767.5734,0,wallstreet_online_ice_index,FANG3X
2025-07-16,205894.943,205894.943,205894.943,205894.943,205894.943,0,wallstreet_online_ice_index,FANG3X
2025-07-17,209489.1406,209489.1406,209489.1406,209489.1406,209489.1406,0,wallstreet_online_ice_index,FANG3X
2025-07-18,207843.6649,207843.6649,207843.6649,207843.6649,207843.6649,0,wallstreet_online_ice_index,FANG3X
2025-07-22,205696.4474,205696.4474,205696.4474,205696.4474,205696.4474,0,wallstreet_online_ice_index,FANG3X
2025-07-23,206874.1607,206874.1607,206874.1607,206874.1607,206874.1607,0,wallstreet_online_ice_index,FANG3X
2025-07-24,214213.2419,214213.2419,214213.2419,214213.2419,214213.2419,0,wallstreet_online_ice_index,FANG3X
2025-07-25,213867.0476,213867.0476,213867.0476,213867.0476,213867.0476,0,wallstreet_online_ice_index,FANG3X
2025-07-28,217982.8505,217982.8505,217982.8505,217982.8505,217982.8505,0,wallstreet_online_ice_index,FANG3X
2025-07-29,215739.113,215739.113,215739.113,215739.113,215739.113,0,wallstreet_online_ice_index,FANG3X
2025-07-30,217135.3585,217135.3585,217135.3585,217135.3585,217135.3585,0,wallstreet_online_ice_index,FANG3X
2025-07-31,218449.2448,218449.2448,218449.2448,218449.2448,218449.2448,0,wallstreet_online_ice_index,FANG3X
2025-08-01,201281.1422,201281.1422,201281.1422,201281.1422,201281.1422,0,wallstreet_online_ice_index,FANG3X
2025-08-04,212964.5609,212964.5609,212964.5609,212964.5609,212964.5609,0,wallstreet_online_ice_index,FANG3X
2025-08-05,205486.9525,205486.9525,205486.9525,205486.9525,205486.9525,0,wallstreet_online_ice_index,FANG3X
2025-08-06,217395.5885,217395.5885,217395.5885,217395.5885,217395.5885,0,wallstreet_online_ice_index,FANG3X
2025-08-07,214029.0952,214029.0952,214029.0952,214029.0952,214029.0952,0,wallstreet_online_ice_index,FANG3X
2025-08-08,221749.8367,221749.8367,221749.8367,221749.8367,221749.8367,0,wallstreet_online_ice_index,FANG3X
2025-08-11,219226.9211,219226.9211,219226.9211,219226.9211,219226.9211,0,wallstreet_online_ice_index,FANG3X
2025-08-12,227950.2521,227950.2521,227950.2521,227950.2521,227950.2521,0,wallstreet_online_ice_index,FANG3X
2025-08-13,224953.3333,224953.3333,224953.3333,224953.3333,224953.3333,0,wallstreet_online_ice_index,FANG3X
2025-08-14,227784.9814,227784.9814,227784.9814,227784.9814,227784.9814,0,wallstreet_online_ice_index,FANG3X
2025-08-15,227663.4902,227663.4902,227663.4902,227663.4902,227663.4902,0,wallstreet_online_ice_index,FANG3X
2025-08-18,227619.4041,227619.4041,227619.4041,227619.4041,227619.4041,0,wallstreet_online_ice_index,FANG3X
2025-08-19,214980.1277,214980.1277,214980.1277,214980.1277,214980.1277,0,wallstreet_online_ice_index,FANG3X
2025-08-20,210033.6537,210033.6537,210033.6537,210033.6537,210033.6537,0,wallstreet_online_ice_index,FANG3X
2025-08-21,206076.5687,206076.5687,206076.5687,206076.5687,206076.5687,0,wallstreet_online_ice_index,FANG3X
2025-08-22,216173.2951,216173.2951,216173.2951,216173.2951,216173.2951,0,wallstreet_online_ice_index,FANG3X
2025-08-25,216920.3933,216920.3933,216920.3933,216920.3933,216920.3933,0,wallstreet_online_ice_index,FANG3X
2025-08-26,218199.9118,218199.9118,218199.9118,218199.9118,218199.9118,0,wallstreet_online_ice_index,FANG3X
2025-08-27,221201.5135,221201.5135,221201.5135,221201.5135,221201.5135,0,wallstreet_online_ice_index,FANG3X
2025-08-28,231514.1825,231514.1825,231514.1825,231514.1825,231514.1825,0,wallstreet_online_ice_index,FANG3X
2025-08-29,219760.5321,219760.5321,219760.5321,219760.5321,219760.5321,0,wallstreet_online_ice_index,FANG3X
2025-09-02,214311.2778,214311.2778,214311.2778,214311.2778,214311.2778,0,wallstreet_online_ice_index,FANG3X
2025-09-03,225983.2233,225983.2233,225983.2233,225983.2233,225983.2233,0,wallstreet_online_ice_index,FANG3X
2025-09-04,232777.5654,232777.5654,232777.5654,232777.5654,232777.5654,0,wallstreet_online_ice_index,FANG3X
2025-09-05,237578.1965,237578.1965,237578.1965,237578.1965,237578.1965,0,wallstreet_online_ice_index,FANG3X
2025-09-08,244526.2818,244526.2818,244526.2818,244526.2818,244526.2818,0,wallstreet_online_ice_index,FANG3X
2025-09-09,246225.6304,246225.6304,246225.6304,246225.6304,246225.6304,0,wallstreet_online_ice_index,FANG3X
2025-09-10,250448.0711,250448.0711,250448.0711,250448.0711,250448.0711,0,wallstreet_online_ice_index,FANG3X
2025-09-11,248852.6554,248852.6554,248852.6554,248852.6554,248852.6554,0,wallstreet_online_ice_index,FANG3X
2025-09-15,262755.6309,262755.6309,262755.6309,262755.6309,262755.6309,0,wallstreet_online_ice_index,FANG3X
2025-09-16,260800.5153,260800.5153,260800.5153,260800.5153,260800.5153,0,wallstreet_online_ice_index,FANG3X
2025-09-17,256404.1178,256404.1178,256404.1178,256404.1178,256404.1178,0,wallstreet_online_ice_index,FANG3X
2025-09-18,266215.9729,266215.9729,266215.9729,266215.9729,266215.9729,0,wallstreet_online_ice_index,FANG3X
2025-09-19,273373.8198,273373.8198,273373.8198,273373.8198,273373.8198,0,wallstreet_online_ice_index,FANG3X
2025-09-22,272022.3934,272022.3934,272022.3934,272022.3934,272022.3934,0,wallstreet_online_ice_index,FANG3X
2025-09-23,260704.1257,260704.1257,260704.1257,260704.1257,260704.1257,0,wallstreet_online_ice_index,FANG3X
2025-09-24,256721.6236,256721.6236,256721.6236,256721.6236,256721.6236,0,wallstreet_online_ice_index,FANG3X
2025-09-25,253584.8391,253584.8391,253584.8391,253584.8391,253584.8391,0,wallstreet_online_ice_index,FANG3X
2025-09-26,256898.4798,256898.4798,256898.4798,256898.4798,256898.4798,0,wallstreet_online_ice_index,FANG3X
2025-09-29,258553.4261,258553.4261,258553.4261,258553.4261,258553.4261,0,wallstreet_online_ice_index,FANG3X
2025-09-30,257852.7009,257852.7009,257852.7009,257852.7009,257852.7009,0,wallstreet_online_ice_index,FANG3X
2025-10-01,257935.0687,257935.0687,257935.0687,257935.0687,257935.0687,0,wallstreet_online_ice_index,FANG3X
2025-10-02,260229.4035,260229.4035,260229.4035,260229.4035,260229.4035,0,wallstreet_online_ice_index,FANG3X
2025-10-03,255903.7167,255903.7167,255903.7167,255903.7167,255903.7167,0,wallstreet_online_ice_index,FANG3X
2025-10-06,259819.1274,259819.1274,259819.1274,259819.1274,259819.1274,0,wallstreet_online_ice_index,FANG3X
2025-10-07,256700.3341,256700.3341,256700.3341,256700.3341,256700.3341,0,wallstreet_online_ice_index,FANG3X
2025-10-08,269080.7128,269080.7128,269080.7128,269080.7128,269080.7128,0,wallstreet_online_ice_index,FANG3X
2025-10-09,271589.8038,271589.8038,271589.8038,271589.8038,271589.8038,0,wallstreet_online_ice_index,FANG3X
2025-10-10,243449.4404,243449.4404,243449.4404,243449.4404,243449.4404,0,wallstreet_online_ice_index,FANG3X
2025-10-13,263302.8359,263302.8359,263302.8359,263302.8359,263302.8359,0,wallstreet_online_ice_index,FANG3X
2025-10-14,250408.92,250408.92,250408.92,250408.92,250408.92,0,wallstreet_online_ice_index,FANG3X
2025-10-15,253266.9302,253266.9302,253266.9302,253266.9302,253266.9302,0,wallstreet_online_ice_index,FANG3X
2025-10-16,250073.0625,250073.0625,250073.0625,250073.0625,250073.0625,0,wallstreet_online_ice_index,FANG3X
2025-10-17,254120.0445,254120.0445,254120.0445,254120.0445,254120.0445,0,wallstreet_online_ice_index,FANG3X
2025-10-20,267885.0349,267885.0349,267885.0349,267885.0349,267885.0349,0,wallstreet_online_ice_index,FANG3X
2025-10-21,268313.0037,268313.0037,268313.0037,268313.0037,268313.0037,0,wallstreet_online_ice_index,FANG3X
2025-10-22,256214.7194,256214.7194,256214.7194,256214.7194,256214.7194,0,wallstreet_online_ice_index,FANG3X
2025-10-23,263687.5947,263687.5947,263687.5947,263687.5947,263687.5947,0,wallstreet_online_ice_index,FANG3X
2025-10-24,271921.5233,271921.5233,271921.5233,271921.5233,271921.5233,0,wallstreet_online_ice_index,FANG3X
2025-10-27,286379.896,286379.896,286379.896,286379.896,286379.896,0,wallstreet_online_ice_index,FANG3X
2025-10-28,298626.9136,298626.9136,298626.9136,298626.9136,298626.9136,0,wallstreet_online_ice_index,FANG3X
2025-10-29,305019.4596,305019.4596,305019.4596,305019.4596,305019.4596,0,wallstreet_online_ice_index,FANG3X
2025-10-30,288684.7327,288684.7327,288684.7327,288684.7327,288684.7327,0,wallstreet_online_ice_index,FANG3X
2025-10-31,292282.8075,292282.8075,292282.8075,292282.8075,292282.8075,0,wallstreet_online_ice_index,FANG3X
2025-11-03,295277.3828,295277.3828,295277.3828,295277.3828,295277.3828,0,wallstreet_online_ice_index,FANG3X
2025-11-04,277473.083,277473.083,277473.083,277473.083,277473.083,0,wallstreet_online_ice_index,FANG3X
2025-11-05,279480.0661,279480.0661,279480.0661,279480.0661,279480.0661,0,wallstreet_online_ice_index,FANG3X
2025-11-06,267285.3705,267285.3705,267285.3705,267285.3705,267285.3705,0,wallstreet_online_ice_index,FANG3X
2025-11-07,266297.8616,266297.8616,266297.8616,266297.8616,266297.8616,0,wallstreet_online_ice_index,FANG3X
2025-11-10,285485.5437,285485.5437,285485.5437,285485.5437,285485.5437,0,wallstreet_online_ice_index,FANG3X
2025-11-11,284164.7792,284164.7792,284164.7792,284164.7792,284164.7792,0,wallstreet_online_ice_index,FANG3X
2025-11-12,279584.7769,279584.7769,279584.7769,279584.7769,279584.7769,0,wallstreet_online_ice_index,FANG3X
2025-11-13,262101.938,262101.938,262101.938,262101.938,262101.938,0,wallstreet_online_ice_index,FANG3X
2025-11-14,262113.2548,262113.2548,262113.2548,262113.2548,262113.2548,0,wallstreet_online_ice_index,FANG3X
2025-11-17,256714.6874,256714.6874,256714.6874,256714.6874,256714.6874,0,wallstreet_online_ice_index,FANG3X
2025-11-18,245952.5239,245952.5239,245952.5239,245952.5239,245952.5239,0,wallstreet_online_ice_index,FANG3X
2025-11-19,250999.4643,250999.4643,250999.4643,250999.4643,250999.4643,0,wallstreet_online_ice_index,FANG3X
2025-11-20,234651.5008,234651.5008,234651.5008,234651.5008,234651.5008,0,wallstreet_online_ice_index,FANG3X
2025-11-21,236203.6411,236203.6411,236203.6411,236203.6411,236203.6411,0,wallstreet_online_ice_index,FANG3X
2025-11-24,260554.0222,260554.0222,260554.0222,260554.0222,260554.0222,0,wallstreet_online_ice_index,FANG3X
2025-11-25,265811.0426,265811.0426,265811.0426,265811.0426,265811.0426,0,wallstreet_online_ice_index,FANG3X
2025-11-26,267079.2717,267079.2717,267079.2717,267079.2717,267079.2717,0,wallstreet_online_ice_index,FANG3X
2025-11-28,274165.3352,274165.3352,274165.3352,274165.3352,274165.3352,0,wallstreet_online_ice_index,FANG3X
2025-12-01,270969.5456,270969.5456,270969.5456,270969.5456,270969.5456,0,wallstreet_online_ice_index,FANG3X
2025-12-02,275825.2819,275825.2819,275825.2819,275825.2819,275825.2819,0,wallstreet_online_ice_index,FANG3X
2025-12-03,270445.6374,270445.6374,270445.6374,270445.6374,270445.6374,0,wallstreet_online_ice_index,FANG3X
2025-12-04,270184.0938,270184.0938,270184.0938,270184.0938,270184.0938,0,wallstreet_online_ice_index,FANG3X
2025-12-05,273241.1164,273241.1164,273241.1164,273241.1164,273241.1164,0,wallstreet_online_ice_index,FANG3X
2025-12-08,272402.2303,272402.2303,272402.2303,272402.2303,272402.2303,0,wallstreet_online_ice_index,FANG3X
2025-12-09,274215.1404,274215.1404,274215.1404,274215.1404,274215.1404,0,wallstreet_online_ice_index,FANG3X
2025-12-10,272825.2425,272825.2425,272825.2425,272825.2425,272825.2425,0,wallstreet_online_ice_index,FANG3X
2025-12-11,269494.1086,269494.1086,269494.1086,269494.1086,269494.1086,0,wallstreet_online_ice_index,FANG3X
2025-12-12,250520.1333,250520.1333,250520.1333,250520.1333,250520.1333,0,wallstreet_online_ice_index,FANG3X
2025-12-15,232044.0463,232044.0463,232044.0463,232044.0463,232044.0463,0,wallstreet_online_ice_index,FANG3X
2025-12-16,235558.4971,235558.4971,235558.4971,235558.4971,235558.4971,0,wallstreet_online_ice_index,FANG3X
2025-12-17,221952.9866,221952.9866,221952.9866,221952.9866,221952.9866,0,wallstreet_online_ice_index,FANG3X
2025-12-18,229290.4004,229290.4004,229290.4004,229290.4004,229290.4004,0,wallstreet_online_ice_index,FANG3X
2025-12-19,237534.5949,237534.5949,237534.5949,237534.5949,237534.5949,0,wallstreet_online_ice_index,FANG3X
2025-12-22,238924.4893,238924.4893,238924.4893,238924.4893,238924.4893,0,wallstreet_online_ice_index,FANG3X
2025-12-23,245692.3622,245692.3622,245692.3622,245692.3622,245692.3622,0,wallstreet_online_ice_index,FANG3X
2025-12-24,246348.5955,246348.5955,246348.5955,246348.5955,246348.5955,0,wallstreet_online_ice_index,FANG3X
2025-12-26,245902.1065,245902.1065,245902.1065,245902.1065,245902.1065,0,wallstreet_online_ice_index,FANG3X
2025-12-29,240885.4786,240885.4786,240885.4786,240885.4786,240885.4786,0,wallstreet_online_ice_index,FANG3X
2025-12-30,239953.1937,239953.1937,239953.1937,239953.1937,239953.1937,0,wallstreet_online_ice_index,FANG3X
2025-12-31,234248.4042,234248.4042,234248.4042,234248.4042,234248.4042,0,wallstreet_online_ice_index,FANG3X
2026-01-02,223874.4415,223874.4415,223874.4415,223874.4415,223874.4415,0,wallstreet_online_ice_index,FANG3X
2026-01-05,228004.4572,228004.4572,228004.4572,228004.4572,228004.4572,0,wallstreet_online_ice_index,FANG3X
2026-01-06,231226.2573,231226.2573,231226.2573,231226.2573,231226.2573,0,wallstreet_online_ice_index,FANG3X
2026-01-07,236586.3711,236586.3711,236586.3711,236586.3711,236586.3711,0,wallstreet_online_ice_index,FANG3X
2026-01-08,229294.1251,229294.1251,229294.1251,229294.1251,229294.1251,0,wallstreet_online_ice_index,FANG3X
2026-01-09,234268.5232,234268.5232,234268.5232,234268.5232,234268.5232,0,wallstreet_online_ice_index,FANG3X
2026-01-12,235226.0948,235226.0948,235226.0948,235226.0948,235226.0948,0,wallstreet_online_ice_index,FANG3X
2026-01-13,234580.4637,234580.4637,234580.4637,234580.4637,234580.4637,0,wallstreet_online_ice_index,FANG3X
2026-01-14,222452.164,222452.164,222452.164,222452.164,222452.164,0,wallstreet_online_ice_index,FANG3X
2026-01-15,222462.1444,222462.1444,222462.1444,222462.1444,222462.1444,0,wallstreet_online_ice_index,FANG3X
2026-01-16,220835.9993,220835.9993,220835.9993,220835.9993,220835.9993,0,wallstreet_online_ice_index,FANG3X
2026-01-20,202185.0413,202185.0413,202185.0413,202185.0413,202185.0413,0,wallstreet_online_ice_index,FANG3X
2026-01-21,202544.6802,202544.6802,202544.6802,202544.6802,202544.6802,0,wallstreet_online_ice_index,FANG3X
2026-01-22,208200.1798,208200.1798,208200.1798,208200.1798,208200.1798,0,wallstreet_online_ice_index,FANG3X
2026-01-23,214849.4644,214849.4644,214849.4644,214849.4644,214849.4644,0,wallstreet_online_ice_index,FANG3X
2026-01-26,221084.441,221084.441,221084.441,221084.441,221084.441,0,wallstreet_online_ice_index,FANG3X
2026-01-27,228216.0599,228216.0599,228216.0599,228216.0599,228216.0599,0,wallstreet_online_ice_index,FANG3X
2026-01-28,223676.4536,223676.4536,223676.4536,223676.4536,223676.4536,0,wallstreet_online_ice_index,FANG3X
2026-01-29,217970.8372,217970.8372,217970.8372,217970.8372,217970.8372,0,wallstreet_online_ice_index,FANG3X
2026-01-30,212301.0816,212301.0816,212301.0816,212301.0816,212301.0816,0,wallstreet_online_ice_index,FANG3X
2026-02-02,212618.8856,212618.8856,212618.8856,212618.8856,212618.8856,0,wallstreet_online_ice_index,FANG3X
2026-02-03,202626.6906,202626.6906,202626.6906,202626.6906,202626.6906,0,wallstreet_online_ice_index,FANG3X
2026-02-04,187809.6739,187809.6739,187809.6739,187809.6739,187809.6739,0,wallstreet_online_ice_index,FANG3X
2026-02-05,174305.3617,174305.3617,174305.3617,174305.3617,174305.3617,0,wallstreet_online_ice_index,FANG3X
2026-02-06,183278.4602,183278.4602,183278.4602,183278.4602,183278.4602,0,wallstreet_online_ice_index,FANG3X
2026-02-09,192226.0293,192226.0293,192226.0293,192226.0293,192226.0293,0,wallstreet_online_ice_index,FANG3X
2026-02-10,188586.427,188586.427,188586.427,188586.427,188586.427,0,wallstreet_online_ice_index,FANG3X
2026-02-11,183773.3112,183773.3112,183773.3112,183773.3112,183773.3112,0,wallstreet_online_ice_index,FANG3X
2026-02-12,169211.7816,169211.7816,169211.7816,169211.7816,169211.7816,0,wallstreet_online_ice_index,FANG3X
2026-02-13,167365.5999,167365.5999,167365.5999,167365.5999,167365.5999,0,wallstreet_online_ice_index,FANG3X
2026-02-17,169047.0601,169047.0601,169047.0601,169047.0601,169047.0601,0,wallstreet_online_ice_index,FANG3X
2026-02-18,173530.4821,173530.4821,173530.4821,173530.4821,173530.4821,0,wallstreet_online_ice_index,FANG3X
2026-02-19,172762.0257,172762.0257,172762.0257,172762.0257,172762.0257,0,wallstreet_online_ice_index,FANG3X
2026-02-20,175475.4716,175475.4716,175475.4716,175475.4716,175475.4716,0,wallstreet_online_ice_index,FANG3X
2026-02-23,163384.2516,163384.2516,163384.2516,163384.2516,163384.2516,0,wallstreet_online_ice_index,FANG3X
2026-02-24,166134.658,166134.658,166134.658,166134.658,166134.658,0,wallstreet_online_ice_index,FANG3X
2026-02-25,177722.936,177722.936,177722.936,177722.936,177722.936,0,wallstreet_online_ice_index,FANG3X
2026-02-26,174587.6684,174587.6684,174587.6684,174587.6684,174587.6684,0,wallstreet_online_ice_index,FANG3X
2026-02-27,175613.3045,175613.3045,175613.3045,175613.3045,175613.3045,0,wallstreet_online_ice_index,FANG3X
2026-03-02,181650.7135,181650.7135,181650.7135,181650.7135,181650.7135,0,wallstreet_online_ice_index,FANG3X
2026-03-03,181889.6136,181889.6136,181889.6136,181889.6136,181889.6136,0,wallstreet_online_ice_index,FANG3X
2026-03-04,191069.0036,191069.0036,191069.0036,191069.0036,191069.0036,0,wallstreet_online_ice_index,FANG3X
2026-03-05,196084.0844,196084.0844,196084.0844,196084.0844,196084.0844,0,wallstreet_online_ice_index,FANG3X
2026-03-06,191159.0455,191159.0455,191159.0455,191159.0455,191159.0455,0,wallstreet_online_ice_index,FANG3X
2026-03-09,198038.508,198038.508,198038.508,198038.508,198038.508,0,wallstreet_online_ice_index,FANG3X
2026-03-10,196530.1186,196530.1186,196530.1186,196530.1186,196530.1186,0,wallstreet_online_ice_index,FANG3X
2026-03-11,196012.0184,196012.0184,196012.0184,196012.0184,196012.0184,0,wallstreet_online_ice_index,FANG3X
2026-03-12,189412.1482,189412.1482,189412.1482,189412.1482,189412.1482,0,wallstreet_online_ice_index,FANG3X
2026-03-13,180749.5561,180749.5561,180749.5561,180749.5561,180749.5561,0,wallstreet_online_ice_index,FANG3X
2026-03-16,184535.2278,184535.2278,184535.2278,184535.2278,184535.2278,0,wallstreet_online_ice_index,FANG3X
2026-03-17,186627.3491,186627.3491,186627.3491,186627.3491,186627.3491,0,wallstreet_online_ice_index,FANG3X
2026-03-18,180392.5166,180392.5166,180392.5166,180392.5166,180392.5166,0,wallstreet_online_ice_index,FANG3X
2026-03-19,176971.9538,176971.9538,176971.9538,176971.9538,176971.9538,0,wallstreet_online_ice_index,FANG3X
2026-03-20,165388.1758,165388.1758,165388.1758,165388.1758,165388.1758,0,wallstreet_online_ice_index,FANG3X
2026-03-23,173420.8206,173420.8206,173420.8206,173420.8206,173420.8206,0,wallstreet_online_ice_index,FANG3X
2026-03-24,163085.8487,163085.8487,163085.8487,163085.8487,163085.8487,0,wallstreet_online_ice_index,FANG3X
2026-03-25,164759.0997,164759.0997,164759.0997,164759.0997,164759.0997,0,wallstreet_online_ice_index,FANG3X
2026-03-26,149091.8031,149091.8031,149091.8031,149091.8031,149091.8031,0,wallstreet_online_ice_index,FANG3X
2026-03-27,139157.2155,139157.2155,139157.2155,139157.2155,139157.2155,0,wallstreet_online_ice_index,FANG3X
2026-03-30,133039.0933,133039.0933,133039.0933,133039.0933,133039.0933,0,wallstreet_online_ice_index,FANG3X
2026-03-31,151728.083,151728.083,151728.083,151728.083,151728.083,0,wallstreet_online_ice_index,FANG3X
2026-04-01,158453.0899,158453.0899,158453.0899,158453.0899,158453.0899,0,wallstreet_online_ice_index,FANG3X
2026-04-02,160900.8303,160900.8303,160900.8303,160900.8303,160900.8303,0,wallstreet_online_ice_index,FANG3X
2026-04-06,163969.2827,163969.2827,163969.2827,163969.2827,163969.2827,0,wallstreet_online_ice_index,FANG3X
2026-04-07,168000.9273,168000.9273,168000.9273,168000.9273,168000.9273,0,wallstreet_online_ice_index,FANG3X
2026-04-08,180588.4952,180588.4952,180588.4952,180588.4952,180588.4952,0,wallstreet_online_ice_index,FANG3X
2026-04-09,186443.7441,186443.7441,186443.7441,186443.7441,186443.7441,0,wallstreet_online_ice_index,FANG3X
2026-04-10,191197.8759,191197.8759,191197.8759,191197.8759,191197.8759,0,wallstreet_online_ice_index,FANG3X
2026-04-13,198470.2336,198470.2336,198470.2336,198470.2336,198470.2336,0,wallstreet_online_ice_index,FANG3X
2026-04-14,217425.444,217425.444,217425.444,217425.444,217425.444,0,wallstreet_online_ice_index,FANG3X
2026-04-15,229805.8201,229805.8201,229805.8201,229805.8201,229805.8201,0,wallstreet_online_ice_index,FANG3X
2026-04-16,231788.395,231788.395,231788.395,231788.395,231788.395,0,wallstreet_online_ice_index,FANG3X
2026-04-17,233548.4173,233548.4173,233548.4173,233548.4173,233548.4173,0,wallstreet_online_ice_index,FANG3X
2026-04-20,226020.1479,226020.1479,226020.1479,226020.1479,226020.1479,0,wallstreet_online_ice_index,FANG3X
2026-04-21,222927.2673,222927.2673,222927.2673,222927.2673,222927.2673,0,wallstreet_online_ice_index,FANG3X
2026-04-22,242825.647,242825.647,242825.647,242825.647,242825.647,0,wallstreet_online_ice_index,FANG3X
2026-04-23,230732.869,230732.869,230732.869,230732.869,230732.869,0,wallstreet_online_ice_index,FANG3X
2026-04-24,243052.2133,243052.2133,243052.2133,243052.2133,243052.2133,0,wallstreet_online_ice_index,FANG3X
2026-04-28,240196.8293,240196.8293,240196.8293,240196.8293,240196.8293,0,wallstreet_online_ice_index,FANG3X
2026-04-29,240365.555,240365.555,240365.555,240365.555,240365.555,0,wallstreet_online_ice_index,FANG3X
2026-04-30,240156.6106,240156.6106,240156.6106,240156.6106,240156.6106,0,wallstreet_online_ice_index,FANG3X
2026-05-01,249356.8487,249356.8487,249356.8487,249356.8487,249356.8487,0,wallstreet_online_ice_index,FANG3X
2026-05-04,253258.9489,253258.9489,253258.9489,253258.9489,253258.9489,0,wallstreet_online_ice_index,FANG3X
2026-05-05,260060.9855,260060.9855,260060.9855,260060.9855,260060.9855,0,wallstreet_online_ice_index,FANG3X
2026-05-06,272048.8772,272048.8772,272048.8772,272048.8772,272048.8772,0,wallstreet_online_ice_index,FANG3X
2026-05-07,269407.2602,269407.2602,269407.2602,269407.2602,269407.2602,0,wallstreet_online_ice_index,FANG3X
2026-05-08,290690.2049,290690.2049,290690.2049,290690.2049,290690.2049,0,wallstreet_online_ice_index,FANG3X
2026-05-11,291625.7989,291625.7989,291625.7989,291625.7989,291625.7989,0,wallstreet_online_ice_index,FANG3X
2026-05-12,285505.2211,285505.2211,285505.2211,285505.2211,285505.2211,0,wallstreet_online_ice_index,FANG3X
2026-05-13,297336.5943,297336.5943,297336.5943,297336.5943,297336.5943,0,wallstreet_online_ice_index,FANG3X
2026-05-14,303146.8563,303146.8563,303146.8563,303146.8563,303146.8563,0,wallstreet_online_ice_index,FANG3X
2026-05-15,287364.1298,287364.1298,287364.1298,287364.1298,287364.1298,0,wallstreet_online_ice_index,FANG3X
2026-05-18,280393.7128,280393.7128,280393.7128,280393.7128,280393.7128,0,wallstreet_online_ice_index,FANG3X
2026-05-19,274142.5717,274142.5717,274142.5717,274142.5717,274142.5717,0,wallstreet_online_ice_index,FANG3X
2026-05-20,285894.9518,285894.9518,285894.9518,285894.9518,285894.9518,0,wallstreet_online_ice_index,FANG3X
2026-05-21,290978.8753,290978.8753,290978.8753,290978.8753,290978.8753,0,wallstreet_online_ice_index,FANG3X
2026-05-22,286094.8154,286094.8154,286094.8154,286094.8154,286094.8154,0,wallstreet_online_ice_index,FANG3X
2026-05-26,310430.9651,310430.9651,310430.9651,310430.9651,310430.9651,0,wallstreet_online_ice_index,FANG3X
2026-05-27,317894.5908,317894.5908,317894.5908,317894.5908,317894.5908,0,wallstreet_online_ice_index,FANG3X
2026-05-28,328184.0613,328184.0613,328184.0613,328184.0613,328184.0613,0,wallstreet_online_ice_index,FANG3X
2026-05-29,347143.6224,347143.6224,347143.6224,347143.6224,347143.6224,0,wallstreet_online_ice_index,FANG3X
