date,open,high,low,close,adj_close,volume
2018-01-02,10.235542069757054,10.235542069757054,10.235542069757054,10.235542069757054,10.235542069757054,0.0
2018-01-03,10.375796160410234,10.375796160410234,10.375796160410234,10.375796160410234,10.375796160410234,0.0
2018-01-04,10.37796586628995,10.37796586628995,10.37796586628995,10.37796586628995,10.37796586628995,0.0
2018-01-05,10.51232303461902,10.51232303461902,10.51232303461902,10.51232303461902,10.51232303461902,0.0
2018-01-08,10.672318326081774,10.672318326081774,10.672318326081774,10.672318326081774,10.672318326081774,0.0
2018-01-09,10.651201059961982,10.651201059961982,10.651201059961982,10.651201059961982,10.651201059961982,0.0
2018-01-10,10.651714765279117,10.651714765279117,10.651714765279117,10.651714765279117,10.651714765279117,0.0
2018-01-11,10.717512163811234,10.717512163811234,10.717512163811234,10.717512163811234,10.717512163811234,0.0
2018-01-12,10.787009173238078,10.787009173238078,10.787009173238078,10.787009173238078,10.787009173238078,0.0
2018-01-16,10.729192270624605,10.729192270624605,10.729192270624605,10.729192270624605,10.729192270624605,0.0
2018-01-17,10.75824172750957,10.75824172750957,10.75824172750957,10.75824172750957,10.75824172750957,0.0
2018-01-18,10.750280189213724,10.750280189213724,10.750280189213724,10.750280189213724,10.750280189213724,0.0
2018-01-19,10.7931942757699,10.7931942757699,10.7931942757699,10.7931942757699,10.7931942757699,0.0
2018-01-22,10.892287238546754,10.892287238546754,10.892287238546754,10.892287238546754,10.892287238546754,0.0
2018-01-23,11.140473039067013,11.140473039067013,11.140473039067013,11.140473039067013,11.140473039067013,0.0
2018-01-24,11.125504249845372,11.125504249845372,11.125504249845372,11.125504249845372,11.125504249845372,0.0
2018-01-25,11.153335604763654,11.153335604763654,11.153335604763654,11.153335604763654,11.153335604763654,0.0
2018-01-26,11.432840752512991,11.432840752512991,11.432840752512991,11.432840752512991,11.432840752512991,0.0
2018-01-29,11.492764073014394,11.492764073014394,11.492764073014394,11.492764073014394,11.492764073014394,0.0
2018-01-30,11.398031534469284,11.398031534469284,11.398031534469284,11.398031534469284,11.398031534469284,0.0
2018-01-31,11.458265249742045,11.458265249742045,11.458265249742045,11.458265249742045,11.458265249742045,0.0
2018-02-01,11.335274074928137,11.335274074928137,11.335274074928137,11.335274074928137,11.335274074928137,0.0
2018-02-02,11.098658166049994,11.098658166049994,11.098658166049994,11.098658166049994,11.098658166049994,0.0
2018-02-05,10.626818231967912,10.626818231967912,10.626818231967912,10.626818231967912,10.626818231967912,0.0
2018-02-06,10.923050850770526,10.923050850770526,10.923050850770526,10.923050850770526,10.923050850770526,0.0
2018-02-07,10.888119709598962,10.888119709598962,10.888119709598962,10.888119709598962,10.888119709598962,0.0
2018-02-08,10.5572172486986,10.5572172486986,10.5572172486986,10.5572172486986,10.5572172486986,0.0
2018-02-09,10.767002820816405,10.767002820816405,10.767002820816405,10.767002820816405,10.767002820816405,0.0
2018-02-12,10.895524811604078,10.895524811604078,10.895524811604078,10.895524811604078,10.895524811604078,0.0
2018-02-13,11.098162337967729,11.098162337967729,11.098162337967729,11.098162337967729,11.098162337967729,0.0
2018-02-14,11.382665537855226,11.382665537855226,11.382665537855226,11.382665537855226,11.382665537855226,0.0
2018-02-15,11.629628867765808,11.629628867765808,11.629628867765808,11.629628867765808,11.629628867765808,0.0
2018-02-16,11.524270097134696,11.524270097134696,11.524270097134696,11.524270097134696,11.524270097134696,0.0
2018-02-20,11.576148235607675,11.576148235607675,11.576148235607675,11.576148235607675,11.576148235607675,0.0
2018-02-21,11.61309497591098,11.61309497591098,11.61309497591098,11.61309497591098,11.61309497591098,0.0
2018-02-22,11.60395818432201,11.60395818432201,11.60395818432201,11.60395818432201,11.60395818432201,0.0
2018-02-23,11.808686001524352,11.808686001524352,11.808686001524352,11.808686001524352,11.808686001524352,0.0
2018-02-26,11.93911813233151,11.93911813233151,11.93911813233151,11.93911813233151,11.93911813233151,0.0
2018-02-27,11.746692199422869,11.746692199422869,11.746692199422869,11.746692199422869,11.746692199422869,0.0
2018-02-28,11.695132035807484,11.695132035807484,11.695132035807484,11.695132035807484,11.695132035807484,0.0
2018-03-01,11.507932740550885,11.507932740550885,11.507932740550885,11.507932740550885,11.507932740550885,0.0
2018-03-02,11.651727373479291,11.651727373479291,11.651727373479291,11.651727373479291,11.651727373479291,0.0
2018-03-05,11.869036051387267,11.869036051387267,11.869036051387267,11.869036051387267,11.869036051387267,0.0
2018-03-06,11.997665827935297,11.997665827935297,11.997665827935297,11.997665827935297,11.997665827935297,0.0
2018-03-07,12.08119966758778,12.08119966758778,12.08119966758778,12.08119966758778,12.08119966758778,0.0
2018-03-08,12.016718363750371,12.016718363750371,12.016718363750371,12.016718363750371,12.016718363750371,0.0
2018-03-09,12.263314482118217,12.263314482118217,12.263314482118217,12.263314482118217,12.263314482118217,0.0
2018-03-12,12.343227418322185,12.343227418322185,12.343227418322185,12.343227418322185,12.343227418322185,0.0
2018-03-13,12.11550585023393,12.11550585023393,12.11550585023393,12.11550585023393,12.11550585023393,0.0
2018-03-14,12.260997148273836,12.260997148273836,12.260997148273836,12.260997148273836,12.260997148273836,0.0
2018-03-15,12.2678879479075,12.2678879479075,12.2678879479075,12.2678879479075,12.2678879479075,0.0
2018-03-16,12.222166053302969,12.222166053302969,12.222166053302969,12.222166053302969,12.222166053302969,0.0
2018-03-19,11.867507170941227,11.867507170941227,11.867507170941227,11.867507170941227,11.867507170941227,0.0
2018-03-20,11.82112776523422,11.82112776523422,11.82112776523422,11.82112776523422,11.82112776523422,0.0
2018-03-21,11.81466432259882,11.81466432259882,11.81466432259882,11.81466432259882,11.81466432259882,0.0
2018-03-22,11.414336722854973,11.414336722854973,11.414336722854973,11.414336722854973,11.414336722854973,0.0
2018-03-23,11.134741401603083,11.134741401603083,11.134741401603083,11.134741401603083,11.134741401603083,0.0
2018-03-26,11.524143074969071,11.524143074969071,11.524143074969071,11.524143074969071,11.524143074969071,0.0
2018-03-27,10.874551170887376,10.874551170887376,10.874551170887376,10.874551170887376,10.874551170887376,0.0
2018-03-28,10.613248820403609,10.613248820403609,10.613248820403609,10.613248820403609,10.613248820403609,0.0
2018-03-29,10.87975162808825,10.87975162808825,10.87975162808825,10.87975162808825,10.87975162808825,0.0
2018-04-02,10.512727054663396,10.512727054663396,10.512727054663396,10.512727054663396,10.512727054663396,0.0
2018-04-03,10.60694861935976,10.60694861935976,10.60694861935976,10.60694861935976,10.60694861935976,0.0
2018-04-04,10.775230333080843,10.775230333080843,10.775230333080843,10.775230333080843,10.775230333080843,0.0
2018-04-05,10.935666096594272,10.935666096594272,10.935666096594272,10.935666096594272,10.935666096594272,0.0
2018-04-06,10.675377986048094,10.675377986048094,10.675377986048094,10.675377986048094,10.675377986048094,0.0
2018-04-09,10.70839849406108,10.70839849406108,10.70839849406108,10.70839849406108,10.70839849406108,0.0
2018-04-10,11.097230676004026,11.097230676004026,11.097230676004026,11.097230676004026,11.097230676004026,0.0
2018-04-11,11.055382689906493,11.055382689906493,11.055382689906493,11.055382689906493,11.055382689906493,0.0
2018-04-12,11.114531939619312,11.114531939619312,11.114531939619312,11.114531939619312,11.114531939619312,0.0
2018-04-13,11.07869734469997,11.07869734469997,11.07869734469997,11.07869734469997,11.07869734469997,0.0
2018-04-16,11.075636518924936,11.075636518924936,11.075636518924936,11.075636518924936,11.075636518924936,0.0
2018-04-17,11.48935140763948,11.48935140763948,11.48935140763948,11.48935140763948,11.48935140763948,0.0
2018-04-18,11.519097555168,11.519097555168,11.519097555168,11.519097555168,11.519097555168,0.0
2018-04-19,11.505474893225568,11.505474893225568,11.505474893225568,11.505474893225568,11.505474893225568,0.0
2018-04-20,11.328093057072866,11.328093057072866,11.328093057072866,11.328093057072866,11.328093057072866,0.0
2018-04-23,11.175563662473992,11.175563662473992,11.175563662473992,11.175563662473992,11.175563662473992,0.0
2018-04-24,10.92055044983186,10.92055044983186,10.92055044983186,10.92055044983186,10.92055044983186,0.0
2018-04-25,10.845860157744148,10.845860157744148,10.845860157744148,10.845860157744148,10.845860157744148,0.0
2018-04-26,11.177462390071325,11.177462390071325,11.177462390071325,11.177462390071325,11.177462390071325,0.0
2018-04-27,11.257606620648628,11.257606620648628,11.257606620648628,11.257606620648628,11.257606620648628,0.0
2018-04-30,11.291759794186978,11.291759794186978,11.291759794186978,11.291759794186978,11.291759794186978,0.0
2018-05-01,11.414811538864562,11.414811538864562,11.414811538864562,11.414811538864562,11.414811538864562,0.0
2018-05-02,11.465253036255454,11.465253036255454,11.465253036255454,11.465253036255454,11.465253036255454,0.0
2018-05-03,11.441084141002005,11.441084141002005,11.441084141002005,11.441084141002005,11.441084141002005,0.0
2018-05-04,11.686003468586517,11.686003468586517,11.686003468586517,11.686003468586517,11.686003468586517,0.0
2018-05-07,11.890848982068707,11.890848982068707,11.890848982068707,11.890848982068707,11.890848982068707,0.0
2018-05-08,11.970252156359008,11.970252156359008,11.970252156359008,11.970252156359008,11.970252156359008,0.0
2018-05-09,12.113479510796752,12.113479510796752,12.113479510796752,12.113479510796752,12.113479510796752,0.0
2018-05-10,12.232398120495606,12.232398120495606,12.232398120495606,12.232398120495606,12.232398120495606,0.0
2018-05-11,12.162237983376496,12.162237983376496,12.162237983376496,12.162237983376496,12.162237983376496,0.0
2018-05-14,12.19547145279864,12.19547145279864,12.19547145279864,12.19547145279864,12.19547145279864,0.0
2018-05-15,12.002521965846231,12.002521965846231,12.002521965846231,12.002521965846231,12.002521965846231,0.0
2018-05-16,12.099801878871546,12.099801878871546,12.099801878871546,12.099801878871546,12.099801878871546,0.0
2018-05-17,12.037573209614138,12.037573209614138,12.037573209614138,12.037573209614138,12.037573209614138,0.0
2018-05-18,11.836717849516212,11.836717849516212,11.836717849516212,11.836717849516212,11.836717849516212,0.0
2018-05-21,11.923892629767266,11.923892629767266,11.923892629767266,11.923892629767266,11.923892629767266,0.0
2018-05-22,11.819306694976277,11.819306694976277,11.819306694976277,11.819306694976277,11.819306694976277,0.0
2018-05-23,11.991162561643009,11.991162561643009,11.991162561643009,11.991162561643009,11.991162561643009,0.0
2018-05-24,12.003435754657987,12.003435754657987,12.003435754657987,12.003435754657987,12.003435754657987,0.0
2018-05-25,12.05402100845627,12.05402100845627,12.05402100845627,12.05402100845627,12.05402100845627,0.0
2018-05-29,12.047291651957648,12.047291651957648,12.047291651957648,12.047291651957648,12.047291651957648,0.0
2018-05-30,12.151625669713674,12.151625669713674,12.151625669713674,12.151625669713674,12.151625669713674,0.0
2018-05-31,12.180357127299112,12.180357127299112,12.180357127299112,12.180357127299112,12.180357127299112,0.0
2018-06-01,12.482950846859188,12.482950846859188,12.482950846859188,12.482950846859188,12.482950846859188,0.0
2018-06-04,12.716031500458618,12.716031500458618,12.716031500458618,12.716031500458618,12.716031500458618,0.0
2018-06-05,12.79871681607261,12.79871681607261,12.79871681607261,12.79871681607261,12.79871681607261,0.0
2018-06-06,12.930384528989942,12.930384528989942,12.930384528989942,12.930384528989942,12.930384528989942,0.0
2018-06-07,12.802266035675196,12.802266035675196,12.802266035675196,12.802266035675196,12.802266035675196,0.0
2018-06-08,12.844368808999116,12.844368808999116,12.844368808999116,12.844368808999116,12.844368808999116,0.0
2018-06-11,12.959699488023624,12.959699488023624,12.959699488023624,12.959699488023624,12.959699488023624,0.0
2018-06-12,13.127428931771435,13.127428931771435,13.127428931771435,13.127428931771435,13.127428931771435,0.0
2018-06-13,13.202220298223288,13.202220298223288,13.202220298223288,13.202220298223288,13.202220298223288,0.0
2018-06-14,13.50526158315904,13.50526158315904,13.50526158315904,13.50526158315904,13.50526158315904,0.0
2018-06-15,13.42888321139821,13.42888321139821,13.42888321139821,13.42888321139821,13.42888321139821,0.0
2018-06-18,13.509667086217329,13.509667086217329,13.509667086217329,13.509667086217329,13.509667086217329,0.0
2018-06-19,13.350642616931056,13.350642616931056,13.350642616931056,13.350642616931056,13.350642616931056,0.0
2018-06-20,13.548454944382105,13.548454944382105,13.548454944382105,13.548454944382105,13.548454944382105,0.0
2018-06-21,13.349272187554396,13.349272187554396,13.349272187554396,13.349272187554396,13.349272187554396,0.0
2018-06-22,13.24719707835893,13.24719707835893,13.24719707835893,13.24719707835893,13.24719707835893,0.0
2018-06-25,12.799307916148832,12.799307916148832,12.799307916148832,12.799307916148832,12.799307916148832,0.0
2018-06-26,12.969227270885884,12.969227270885884,12.969227270885884,12.969227270885884,12.969227270885884,0.0
2018-06-27,12.737118880757476,12.737118880757476,12.737118880757476,12.737118880757476,12.737118880757476,0.0
2018-06-28,12.905787466030862,12.905787466030862,12.905787466030862,12.905787466030862,12.905787466030862,0.0
2018-06-29,12.783942541541382,12.783942541541382,12.783942541541382,12.783942541541382,12.783942541541382,0.0
2018-07-02,12.925427717715833,12.925427717715833,12.925427717715833,12.925427717715833,12.925427717715833,0.0
2018-07-03,12.639042655507726,12.639042655507726,12.639042655507726,12.639042655507726,12.639042655507726,0.0
2018-07-05,12.808764085482467,12.808764085482467,12.808764085482467,12.808764085482467,12.808764085482467,0.0
2018-07-06,13.059368295935764,13.059368295935764,13.059368295935764,13.059368295935764,13.059368295935764,0.0
2018-07-09,13.186426258957129,13.186426258957129,13.186426258957129,13.186426258957129,13.186426258957129,0.0
2018-07-10,13.18665689794137,13.18665689794137,13.18665689794137,13.18665689794137,13.18665689794137,0.0
2018-07-11,13.114939306012486,13.114939306012486,13.114939306012486,13.114939306012486,13.114939306012486,0.0
2018-07-12,13.33541111656161,13.33541111656161,13.33541111656161,13.33541111656161,13.33541111656161,0.0
2018-07-13,13.249953338398434,13.249953338398434,13.249953338398434,13.249953338398434,13.249953338398434,0.0
2018-07-16,13.216478538060247,13.216478538060247,13.216478538060247,13.216478538060247,13.216478538060247,0.0
2018-07-17,13.320483906362742,13.320483906362742,13.320483906362742,13.320483906362742,13.320483906362742,0.0
2018-07-18,13.231609794426411,13.231609794426411,13.231609794426411,13.231609794426411,13.231609794426411,0.0
2018-07-19,13.090764332173066,13.090764332173066,13.090764332173066,13.090764332173066,13.090764332173066,0.0
2018-07-20,13.044403373653145,13.044403373653145,13.044403373653145,13.044403373653145,13.044403373653145,0.0
2018-07-23,13.014537462462531,13.014537462462531,13.014537462462531,13.014537462462531,13.014537462462531,0.0
2018-07-24,13.042379973050066,13.042379973050066,13.042379973050066,13.042379973050066,13.042379973050066,0.0
2018-07-25,13.348875159403528,13.348875159403528,13.348875159403528,13.348875159403528,13.348875159403528,0.0
2018-07-26,12.962559185787796,12.962559185787796,12.962559185787796,12.962559185787796,12.962559185787796,0.0
2018-07-27,12.507668117500245,12.507668117500245,12.507668117500245,12.507668117500245,12.507668117500245,0.0
2018-07-30,12.153708752112456,12.153708752112456,12.153708752112456,12.153708752112456,12.153708752112456,0.0
2018-07-31,12.213128401923637,12.213128401923637,12.213128401923637,12.213128401923637,12.213128401923637,0.0
2018-08-01,12.224271635925604,12.224271635925604,12.224271635925604,12.224271635925604,12.224271635925604,0.0
2018-08-02,12.582260184518708,12.582260184518708,12.582260184518708,12.582260184518708,12.582260184518708,0.0
2018-08-03,12.57032540206449,12.57032540206449,12.57032540206449,12.57032540206449,12.57032540206449,0.0
2018-08-06,12.666221994451512,12.666221994451512,12.666221994451512,12.666221994451512,12.666221994451512,0.0
2018-08-07,12.798695397421566,12.798695397421566,12.798695397421566,12.798695397421566,12.798695397421566,0.0
2018-08-08,12.729597891414452,12.729597891414452,12.729597891414452,12.729597891414452,12.729597891414452,0.0
2018-08-09,12.659658281229287,12.659658281229287,12.659658281229287,12.659658281229287,12.659658281229287,0.0
2018-08-10,12.618700772846838,12.618700772846838,12.618700772846838,12.618700772846838,12.618700772846838,0.0
2018-08-13,12.619965207321368,12.619965207321368,12.619965207321368,12.619965207321368,12.619965207321368,0.0
2018-08-14,12.615009175466929,12.615009175466929,12.615009175466929,12.615009175466929,12.615009175466929,0.0
2018-08-15,12.410422461320904,12.410422461320904,12.410422461320904,12.410422461320904,12.410422461320904,0.0
2018-08-16,12.404492829100068,12.404492829100068,12.404492829100068,12.404492829100068,12.404492829100068,0.0
2018-08-17,12.248625636415827,12.248625636415827,12.248625636415827,12.248625636415827,12.248625636415827,0.0
2018-08-20,12.314823047873563,12.314823047873563,12.314823047873563,12.314823047873563,12.314823047873563,0.0
2018-08-21,12.46531455681723,12.46531455681723,12.46531455681723,12.46531455681723,12.46531455681723,0.0
2018-08-22,12.565498245166316,12.565498245166316,12.565498245166316,12.565498245166316,12.565498245166316,0.0
2018-08-23,12.505043706692286,12.505043706692286,12.505043706692286,12.505043706692286,12.505043706692286,0.0
2018-08-24,12.695555645096372,12.695555645096372,12.695555645096372,12.695555645096372,12.695555645096372,0.0
2018-08-27,12.901654931205444,12.901654931205444,12.901654931205444,12.901654931205444,12.901654931205444,0.0
2018-08-28,12.83377696284397,12.83377696284397,12.83377696284397,12.83377696284397,12.83377696284397,0.0
2018-08-29,12.91932268525047,12.91932268525047,12.91932268525047,12.91932268525047,12.91932268525047,0.0
2018-08-30,12.912049515807428,12.912049515807428,12.912049515807428,12.912049515807428,12.912049515807428,0.0
2018-08-31,12.896824791584663,12.896824791584663,12.896824791584663,12.896824791584663,12.896824791584663,0.0
2018-09-04,12.760800225003386,12.760800225003386,12.760800225003386,12.760800225003386,12.760800225003386,0.0
2018-09-05,12.408467341442003,12.408467341442003,12.408467341442003,12.408467341442003,12.408467341442003,0.0
2018-09-06,12.203377880798952,12.203377880798952,12.203377880798952,12.203377880798952,12.203377880798952,0.0
2018-09-07,12.130062786438222,12.130062786438222,12.130062786438222,12.130062786438222,12.130062786438222,0.0
2018-09-10,12.150973860676508,12.150973860676508,12.150973860676508,12.150973860676508,12.150973860676508,0.0
2018-09-11,12.279831633513291,12.279831633513291,12.279831633513291,12.279831633513291,12.279831633513291,0.0
2018-09-12,12.28514510903703,12.28514510903703,12.28514510903703,12.28514510903703,12.28514510903703,0.0
2018-09-13,12.399468198526566,12.399468198526566,12.399468198526566,12.399468198526566,12.399468198526566,0.0
2018-09-14,12.377550948748532,12.377550948748532,12.377550948748532,12.377550948748532,12.377550948748532,0.0
2018-09-17,12.10462322846504,12.10462322846504,12.10462322846504,12.10462322846504,12.10462322846504,0.0
2018-09-18,12.138946193983047,12.138946193983047,12.138946193983047,12.138946193983047,12.138946193983047,0.0
2018-09-19,12.304608011866495,12.304608011866495,12.304608011866495,12.304608011866495,12.304608011866495,0.0
2018-09-20,12.384760990571271,12.384760990571271,12.384760990571271,12.384760990571271,12.384760990571271,0.0
2018-09-21,12.219164712785368,12.219164712785368,12.219164712785368,12.219164712785368,12.219164712785368,0.0
2018-09-24,12.297984401202902,12.297984401202902,12.297984401202902,12.297984401202902,12.297984401202902,0.0
2018-09-25,12.389501865207858,12.389501865207858,12.389501865207858,12.389501865207858,12.389501865207858,0.0
2018-09-26,12.465648887970625,12.465648887970625,12.465648887970625,12.465648887970625,12.465648887970625,0.0
2018-09-27,12.581895290946711,12.581895290946711,12.581895290946711,12.581895290946711,12.581895290946711,0.0
2018-09-28,12.350543698426138,12.350543698426138,12.350543698426138,12.350543698426138,12.350543698426138,0.0
2018-10-01,12.563242543225556,12.563242543225556,12.563242543225556,12.563242543225556,12.563242543225556,0.0
2018-10-02,12.397889906355983,12.397889906355983,12.397889906355983,12.397889906355983,12.397889906355983,0.0
2018-10-03,12.441612076250522,12.441612076250522,12.441612076250522,12.441612076250522,12.441612076250522,0.0
2018-10-04,12.081951519287536,12.081951519287536,12.081951519287536,12.081951519287536,12.081951519287536,0.0
2018-10-05,11.832698686332147,11.832698686332147,11.832698686332147,11.832698686332147,11.832698686332147,0.0
2018-10-08,11.69521928805366,11.69521928805366,11.69521928805366,11.69521928805366,11.69521928805366,0.0
2018-10-09,11.768347301048228,11.768347301048228,11.768347301048228,11.768347301048228,11.768347301048228,0.0
2018-10-10,11.10880574875624,11.10880574875624,11.10880574875624,11.10880574875624,11.10880574875624,0.0
2018-10-11,11.059843140938776,11.059843140938776,11.059843140938776,11.059843140938776,11.059843140938776,0.0
2018-10-12,11.439157389520394,11.439157389520394,11.439157389520394,11.439157389520394,11.439157389520394,0.0
2018-10-15,11.284654728362234,11.284654728362234,11.284654728362234,11.284654728362234,11.284654728362234,0.0
2018-10-16,11.693870161105332,11.693870161105332,11.693870161105332,11.693870161105332,11.693870161105332,0.0
2018-10-17,11.686364956167226,11.686364956167226,11.686364956167226,11.686364956167226,11.686364956167226,0.0
2018-10-18,11.340434656145598,11.340434656145598,11.340434656145598,11.340434656145598,11.340434656145598,0.0
2018-10-19,11.231185853821078,11.231185853821078,11.231185853821078,11.231185853821078,11.231185853821078,0.0
2018-10-22,11.350655399434396,11.350655399434396,11.350655399434396,11.350655399434396,11.350655399434396,0.0
2018-10-23,11.402022708905266,11.402022708905266,11.402022708905266,11.402022708905266,11.402022708905266,0.0
2018-10-24,10.787431729941815,10.787431729941815,10.787431729941815,10.787431729941815,10.787431729941815,0.0
2018-10-25,11.409487468755591,11.409487468755591,11.409487468755591,11.409487468755591,11.409487468755591,0.0
2018-10-26,11.216265934418544,11.216265934418544,11.216265934418544,11.216265934418544,11.216265934418544,0.0
2018-10-29,10.852825029322494,10.852825029322494,10.852825029322494,10.852825029322494,10.852825029322494,0.0
2018-10-30,11.056621800915316,11.056621800915316,11.056621800915316,11.056621800915316,11.056621800915316,0.0
2018-10-31,11.45375460462674,11.45375460462674,11.45375460462674,11.45375460462674,11.45375460462674,0.0
2018-11-01,11.747052469417351,11.747052469417351,11.747052469417351,11.747052469417351,11.747052469417351,0.0
2018-11-02,11.527348166801117,11.527348166801117,11.527348166801117,11.527348166801117,11.527348166801117,0.0
2018-11-05,11.371698285797851,11.371698285797851,11.371698285797851,11.371698285797851,11.371698285797851,0.0
2018-11-06,11.444622204103094,11.444622204103094,11.444622204103094,11.444622204103094,11.444622204103094,0.0
2018-11-07,11.778857763927157,11.778857763927157,11.778857763927157,11.778857763927157,11.778857763927157,0.0
2018-11-08,11.575769858830608,11.575769858830608,11.575769858830608,11.575769858830608,11.575769858830608,0.0
2018-11-09,11.371139852767929,11.371139852767929,11.371139852767929,11.371139852767929,11.371139852767929,0.0
2018-11-12,10.904067487470714,10.904067487470714,10.904067487470714,10.904067487470714,10.904067487470714,0.0
2018-11-13,11.036192595927249,11.036192595927249,11.036192595927249,11.036192595927249,11.036192595927249,0.0
2018-11-14,11.045878702166991,11.045878702166991,11.045878702166991,11.045878702166991,11.045878702166991,0.0
2018-11-15,11.223389704850264,11.223389704850264,11.223389704850264,11.223389704850264,11.223389704850264,0.0
2018-11-16,11.016971462742744,11.016971462742744,11.016971462742744,11.016971462742744,11.016971462742744,0.0
2018-11-19,10.545169810995764,10.545169810995764,10.545169810995764,10.545169810995764,10.545169810995764,0.0
2018-11-20,10.382128078826458,10.382128078826458,10.382128078826458,10.382128078826458,10.382128078826458,0.0
2018-11-21,10.434645210426124,10.434645210426124,10.434645210426124,10.434645210426124,10.434645210426124,0.0
2018-11-23,10.2812413939405,10.2812413939405,10.2812413939405,10.2812413939405,10.2812413939405,0.0
2018-11-26,10.663505246691194,10.663505246691194,10.663505246691194,10.663505246691194,10.663505246691194,0.0
2018-11-27,10.64080960463053,10.64080960463053,10.64080960463053,10.64080960463053,10.64080960463053,0.0
2018-11-28,10.950109653180617,10.950109653180617,10.950109653180617,10.950109653180617,10.950109653180617,0.0
2018-11-29,10.8256342858941,10.8256342858941,10.8256342858941,10.8256342858941,10.8256342858941,0.0
2018-11-30,10.985319169228848,10.985319169228848,10.985319169228848,10.985319169228848,10.985319169228848,0.0
2018-12-03,11.29268281444671,11.29268281444671,11.29268281444671,11.29268281444671,11.29268281444671,0.0
2018-12-04,10.861840736721105,10.861840736721105,10.861840736721105,10.861840736721105,10.861840736721105,0.0
2018-12-06,10.931948375278916,10.931948375278916,10.931948375278916,10.931948375278916,10.931948375278916,0.0
2018-12-07,10.640337072716916,10.640337072716916,10.640337072716916,10.640337072716916,10.640337072716916,0.0
2018-12-10,10.770065205262204,10.770065205262204,10.770065205262204,10.770065205262204,10.770065205262204,0.0
2018-12-11,10.785209527483731,10.785209527483731,10.785209527483731,10.785209527483731,10.785209527483731,0.0
2018-12-12,10.956269684043908,10.956269684043908,10.956269684043908,10.956269684043908,10.956269684043908,0.0
2018-12-13,10.997356797215293,10.997356797215293,10.997356797215293,10.997356797215293,10.997356797215293,0.0
2018-12-14,10.77488442272898,10.77488442272898,10.77488442272898,10.77488442272898,10.77488442272898,0.0
2018-12-17,10.38454119643523,10.38454119643523,10.38454119643523,10.38454119643523,10.38454119643523,0.0
2018-12-18,10.434642385875684,10.434642385875684,10.434642385875684,10.434642385875684,10.434642385875684,0.0
2018-12-19,10.124114723716517,10.124114723716517,10.124114723716517,10.124114723716517,10.124114723716517,0.0
2018-12-20,9.777455853668176,9.777455853668176,9.777455853668176,9.777455853668176,9.777455853668176,0.0
2018-12-21,9.413825721396,9.413825721396,9.413825721396,9.413825721396,9.413825721396,0.0
2018-12-24,9.183527037829846,9.183527037829846,9.183527037829846,9.183527037829846,9.183527037829846,0.0
2018-12-26,9.835761986808404,9.835761986808404,9.835761986808404,9.835761986808404,9.835761986808404,0.0
2018-12-27,9.789282004892856,9.789282004892856,9.789282004892856,9.789282004892856,9.789282004892856,0.0
2018-12-28,9.856551118003551,9.856551118003551,9.856551118003551,9.856551118003551,9.856551118003551,0.0
2018-12-31,9.879560969714149,9.879560969714149,9.879560969714149,9.879560969714149,9.879560969714149,0.0
2019-01-02,9.924254545629944,9.924254545629944,9.924254545629944,9.924254545629944,9.924254545629944,0.0
2019-01-03,9.549993229346002,9.549993229346002,9.549993229346002,9.549993229346002,9.549993229346002,0.0
2019-01-04,10.117127208354075,10.117127208354075,10.117127208354075,10.117127208354075,10.117127208354075,0.0
2019-01-07,10.403292543745076,10.403292543745076,10.403292543745076,10.403292543745076,10.403292543745076,0.0
2019-01-08,10.522859589187108,10.522859589187108,10.522859589187108,10.522859589187108,10.522859589187108,0.0
2019-01-09,10.64942596474018,10.64942596474018,10.64942596474018,10.64942596474018,10.64942596474018,0.0
2019-01-10,10.740827990901996,10.740827990901996,10.740827990901996,10.740827990901996,10.740827990901996,0.0
2019-01-11,10.762482934001518,10.762482934001518,10.762482934001518,10.762482934001518,10.762482934001518,0.0
2019-01-14,10.63747462360532,10.63747462360532,10.63747462360532,10.63747462360532,10.63747462360532,0.0
2019-01-15,10.927045925285244,10.927045925285244,10.927045925285244,10.927045925285244,10.927045925285244,0.0
2019-01-16,10.942045005172952,10.942045005172952,10.942045005172952,10.942045005172952,10.942045005172952,0.0
2019-01-17,11.011661707125322,11.011661707125322,11.011661707125322,11.011661707125322,11.011661707125322,0.0
2019-01-18,10.933163087185315,10.933163087185315,10.933163087185315,10.933163087185315,10.933163087185315,0.0
2019-01-22,10.563591607486751,10.563591607486751,10.563591607486751,10.563591607486751,10.563591607486751,0.0
2019-01-23,10.4839543621742,10.4839543621742,10.4839543621742,10.4839543621742,10.4839543621742,0.0
2019-01-24,10.634917581654072,10.634917581654072,10.634917581654072,10.634917581654072,10.634917581654072,0.0
2019-01-25,10.888670591896853,10.888670591896853,10.888670591896853,10.888670591896853,10.888670591896853,0.0
2019-01-28,10.66124576279316,10.66124576279316,10.66124576279316,10.66124576279316,10.66124576279316,0.0
2019-01-29,10.438441547229369,10.438441547229369,10.438441547229369,10.438441547229369,10.438441547229369,0.0
2019-01-30,10.866642419470873,10.866642419470873,10.866642419470873,10.866642419470873,10.866642419470873,0.0
2019-01-31,11.16876786957688,11.16876786957688,11.16876786957688,11.16876786957688,11.16876786957688,0.0
2019-02-01,11.090681112163898,11.090681112163898,11.090681112163898,11.090681112163898,11.090681112163898,0.0
2019-02-04,11.28397789994489,11.28397789994489,11.28397789994489,11.28397789994489,11.28397789994489,0.0
2019-02-05,11.456346671745424,11.456346671745424,11.456346671745424,11.456346671745424,11.456346671745424,0.0
2019-02-06,11.383754209462134,11.383754209462134,11.383754209462134,11.383754209462134,11.383754209462134,0.0
2019-02-07,11.038693597357604,11.038693597357604,11.038693597357604,11.038693597357604,11.038693597357604,0.0
2019-02-08,10.998021446399752,10.998021446399752,10.998021446399752,10.998021446399752,10.998021446399752,0.0
2019-02-11,10.980130443533374,10.980130443533374,10.980130443533374,10.980130443533374,10.980130443533374,0.0
2019-02-12,11.152796744305675,11.152796744305675,11.152796744305675,11.152796744305675,11.152796744305675,0.0
2019-02-13,11.16494831744316,11.16494831744316,11.16494831744316,11.16494831744316,11.16494831744316,0.0
2019-02-14,11.172046987767745,11.172046987767745,11.172046987767745,11.172046987767745,11.172046987767745,0.0
2019-02-15,11.132839063517764,11.132839063517764,11.132839063517764,11.132839063517764,11.132839063517764,0.0
2019-02-19,11.219211827133805,11.219211827133805,11.219211827133805,11.219211827133805,11.219211827133805,0.0
2019-02-20,11.20215979853622,11.20215979853622,11.20215979853622,11.20215979853622,11.20215979853622,0.0
2019-02-21,11.084304749412272,11.084304749412272,11.084304749412272,11.084304749412272,11.084304749412272,0.0
2019-02-22,11.23053323981204,11.23053323981204,11.23053323981204,11.23053323981204,11.23053323981204,0.0
2019-02-25,11.313883201821378,11.313883201821378,11.313883201821378,11.313883201821378,11.313883201821378,0.0
2019-02-26,11.257398350936093,11.257398350936093,11.257398350936093,11.257398350936093,11.257398350936093,0.0
2019-02-27,11.27189217760899,11.27189217760899,11.27189217760899,11.27189217760899,11.27189217760899,0.0
2019-02-28,11.245715396161089,11.245715396161089,11.245715396161089,11.245715396161089,11.245715396161089,0.0
2019-03-01,11.242664899134134,11.242664899134134,11.242664899134134,11.242664899134134,11.242664899134134,0.0
2019-03-04,11.271158242158265,11.271158242158265,11.271158242158265,11.271158242158265,11.271158242158265,0.0
2019-03-05,11.338147762137003,11.338147762137003,11.338147762137003,11.338147762137003,11.338147762137003,0.0
2019-03-06,11.308959727587776,11.308959727587776,11.308959727587776,11.308959727587776,11.308959727587776,0.0
2019-03-07,11.082773648254792,11.082773648254792,11.082773648254792,11.082773648254792,11.082773648254792,0.0
2019-03-08,11.07361460017362,11.07361460017362,11.07361460017362,11.07361460017362,11.07361460017362,0.0
2019-03-11,11.409219674723772,11.409219674723772,11.409219674723772,11.409219674723772,11.409219674723772,0.0
2019-03-12,11.428757319661424,11.428757319661424,11.428757319661424,11.428757319661424,11.428757319661424,0.0
2019-03-13,11.55017388803332,11.55017388803332,11.55017388803332,11.55017388803332,11.55017388803332,0.0
2019-03-14,11.4864342615367,11.4864342615367,11.4864342615367,11.4864342615367,11.4864342615367,0.0
2019-03-15,11.510708426893,11.510708426893,11.510708426893,11.510708426893,11.510708426893,0.0
2019-03-18,11.482938304065511,11.482938304065511,11.482938304065511,11.482938304065511,11.482938304065511,0.0
2019-03-19,11.536309851139682,11.536309851139682,11.536309851139682,11.536309851139682,11.536309851139682,0.0
2019-03-20,11.727731667409422,11.727731667409422,11.727731667409422,11.727731667409422,11.727731667409422,0.0
2019-03-21,11.887434191376142,11.887434191376142,11.887434191376142,11.887434191376142,11.887434191376142,0.0
2019-03-22,11.596719468002346,11.596719468002346,11.596719468002346,11.596719468002346,11.596719468002346,0.0
2019-03-25,11.567488710369844,11.567488710369844,11.567488710369844,11.567488710369844,11.567488710369844,0.0
2019-03-26,11.610711574779726,11.610711574779726,11.610711574779726,11.610711574779726,11.610711574779726,0.0
2019-03-27,11.535646493468144,11.535646493468144,11.535646493468144,11.535646493468144,11.535646493468144,0.0
2019-03-28,11.58418193831132,11.58418193831132,11.58418193831132,11.58418193831132,11.58418193831132,0.0
2019-03-29,11.67124104416575,11.67124104416575,11.67124104416575,11.67124104416575,11.67124104416575,0.0
2019-04-01,11.87537825500914,11.87537825500914,11.87537825500914,11.87537825500914,11.87537825500914,0.0
2019-04-02,11.950913228708728,11.950913228708728,11.950913228708728,11.950913228708728,11.950913228708728,0.0
2019-04-03,12.0612048545319,12.0612048545319,12.0612048545319,12.0612048545319,12.0612048545319,0.0
2019-04-04,12.025991716372006,12.025991716372006,12.025991716372006,12.025991716372006,12.025991716372006,0.0
2019-04-05,12.131582831144987,12.131582831144987,12.131582831144987,12.131582831144987,12.131582831144987,0.0
2019-04-08,12.16995718978471,12.16995718978471,12.16995718978471,12.16995718978471,12.16995718978471,0.0
2019-04-09,12.148425566231824,12.148425566231824,12.148425566231824,12.148425566231824,12.148425566231824,0.0
2019-04-10,12.153015537251145,12.153015537251145,12.153015537251145,12.153015537251145,12.153015537251145,0.0
2019-04-11,12.063922393013211,12.063922393013211,12.063922393013211,12.063922393013211,12.063922393013211,0.0
2019-04-12,12.050229961841527,12.050229961841527,12.050229961841527,12.050229961841527,12.050229961841527,0.0
2019-04-15,11.95773536088658,11.95773536088658,11.95773536088658,11.95773536088658,11.95773536088658,0.0
2019-04-16,12.07513090638071,12.07513090638071,12.07513090638071,12.07513090638071,12.07513090638071,0.0
2019-04-17,12.089550823937104,12.089550823937104,12.089550823937104,12.089550823937104,12.089550823937104,0.0
2019-04-18,12.106935726433374,12.106935726433374,12.106935726433374,12.106935726433374,12.106935726433374,0.0
2019-04-22,12.165267396800132,12.165267396800132,12.165267396800132,12.165267396800132,12.165267396800132,0.0
2019-04-23,12.51124088050432,12.51124088050432,12.51124088050432,12.51124088050432,12.51124088050432,0.0
2019-04-24,12.37789122211317,12.37789122211317,12.37789122211317,12.37789122211317,12.37789122211317,0.0
2019-04-25,12.328605104795471,12.328605104795471,12.328605104795471,12.328605104795471,12.328605104795471,0.0
2019-04-26,12.250860068142975,12.250860068142975,12.250860068142975,12.250860068142975,12.250860068142975,0.0
2019-04-29,12.348574947566018,12.348574947566018,12.348574947566018,12.348574947566018,12.348574947566018,0.0
2019-04-30,12.206653760104295,12.206653760104295,12.206653760104295,12.206653760104295,12.206653760104295,0.0
2019-05-01,12.228503075265404,12.228503075265404,12.228503075265404,12.228503075265404,12.228503075265404,0.0
2019-05-02,12.30058635185127,12.30058635185127,12.30058635185127,12.30058635185127,12.30058635185127,0.0
2019-05-03,12.531155160805191,12.531155160805191,12.531155160805191,12.531155160805191,12.531155160805191,0.0
2019-05-06,12.372646202506315,12.372646202506315,12.372646202506315,12.372646202506315,12.372646202506315,0.0
2019-05-07,12.050262769007064,12.050262769007064,12.050262769007064,12.050262769007064,12.050262769007064,0.0
2019-05-08,11.98515166793984,11.98515166793984,11.98515166793984,11.98515166793984,11.98515166793984,0.0
2019-05-09,11.906457164588703,11.906457164588703,11.906457164588703,11.906457164588703,11.906457164588703,0.0
2019-05-10,11.81789787466321,11.81789787466321,11.81789787466321,11.81789787466321,11.81789787466321,0.0
2019-05-13,11.297395089100757,11.297395089100757,11.297395089100757,11.297395089100757,11.297395089100757,0.0
2019-05-14,11.406568389117837,11.406568389117837,11.406568389117837,11.406568389117837,11.406568389117837,0.0
2019-05-15,11.58959011891109,11.58959011891109,11.58959011891109,11.58959011891109,11.58959011891109,0.0
2019-05-16,11.639502429865786,11.639502429865786,11.639502429865786,11.639502429865786,11.639502429865786,0.0
2019-05-17,11.228433385218928,11.228433385218928,11.228433385218928,11.228433385218928,11.228433385218928,0.0
2019-05-20,10.92539169774204,10.92539169774204,10.92539169774204,10.92539169774204,10.92539169774204,0.0
2019-05-21,11.059958125883073,11.059958125883073,11.059958125883073,11.059958125883073,11.059958125883073,0.0
2019-05-22,10.986389067239791,10.986389067239791,10.986389067239791,10.986389067239791,10.986389067239791,0.0
2019-05-23,10.7482365790709,10.7482365790709,10.7482365790709,10.7482365790709,10.7482365790709,0.0
2019-05-24,10.724318720877058,10.724318720877058,10.724318720877058,10.724318720877058,10.724318720877058,0.0
2019-05-28,10.72477937537304,10.72477937537304,10.72477937537304,10.72477937537304,10.72477937537304,0.0
2019-05-29,10.60185222310799,10.60185222310799,10.60185222310799,10.60185222310799,10.60185222310799,0.0
2019-05-30,10.599839043933954,10.599839043933954,10.599839043933954,10.599839043933954,10.599839043933954,0.0
2019-05-31,10.384858850915627,10.384858850915627,10.384858850915627,10.384858850915627,10.384858850915627,0.0
2019-06-03,10.017489127348435,10.017489127348435,10.017489127348435,10.017489127348435,10.017489127348435,0.0
2019-06-04,10.409418207266684,10.409418207266684,10.409418207266684,10.409418207266684,10.409418207266684,0.0
2019-06-05,10.4136464960426,10.4136464960426,10.4136464960426,10.4136464960426,10.4136464960426,0.0
2019-06-06,10.512095132169373,10.512095132169373,10.512095132169373,10.512095132169373,10.512095132169373,0.0
2019-06-07,10.720681203617524,10.720681203617524,10.720681203617524,10.720681203617524,10.720681203617524,0.0
2019-06-10,10.862333916407303,10.862333916407303,10.862333916407303,10.862333916407303,10.862333916407303,0.0
2019-06-11,10.956209492971771,10.956209492971771,10.956209492971771,10.956209492971771,10.956209492971771,0.0
2019-06-12,10.82012447712249,10.82012447712249,10.82012447712249,10.82012447712249,10.82012447712249,0.0
2019-06-13,10.850305058077945,10.850305058077945,10.850305058077945,10.850305058077945,10.850305058077945,0.0
2019-06-14,10.80361505667372,10.80361505667372,10.80361505667372,10.80361505667372,10.80361505667372,0.0
2019-06-17,10.992041843479214,10.992041843479214,10.992041843479214,10.992041843479214,10.992041843479214,0.0
2019-06-18,11.17099596370374,11.17099596370374,11.17099596370374,11.17099596370374,11.17099596370374,0.0
2019-06-19,11.18577627543628,11.18577627543628,11.18577627543628,11.18577627543628,11.18577627543628,0.0
2019-06-20,11.1976363742202,11.1976363742202,11.1976363742202,11.1976363742202,11.1976363742202,0.0
2019-06-21,11.188401095376303,11.188401095376303,11.188401095376303,11.188401095376303,11.188401095376303,0.0
2019-06-24,11.229182430075646,11.229182430075646,11.229182430075646,11.229182430075646,11.229182430075646,0.0
2019-06-25,11.003570165519642,11.003570165519642,11.003570165519642,11.003570165519642,11.003570165519642,0.0
2019-06-26,11.146414494268154,11.146414494268154,11.146414494268154,11.146414494268154,11.146414494268154,0.0
2019-06-27,11.227964388892625,11.227964388892625,11.227964388892625,11.227964388892625,11.227964388892625,0.0
2019-06-28,11.24791420947977,11.24791420947977,11.24791420947977,11.24791420947977,11.24791420947977,0.0
2019-07-01,11.438278181692077,11.438278181692077,11.438278181692077,11.438278181692077,11.438278181692077,0.0
2019-07-02,11.456187366501672,11.456187366501672,11.456187366501672,11.456187366501672,11.456187366501672,0.0
2019-07-03,11.54727284436176,11.54727284436176,11.54727284436176,11.54727284436176,11.54727284436176,0.0
2019-07-05,11.498459480899305,11.498459480899305,11.498459480899305,11.498459480899305,11.498459480899305,0.0
2019-07-08,11.3554731318418,11.3554731318418,11.3554731318418,11.3554731318418,11.3554731318418,0.0
2019-07-09,11.477504495424874,11.477504495424874,11.477504495424874,11.477504495424874,11.477504495424874,0.0
2019-07-10,11.588697563823196,11.588697563823196,11.588697563823196,11.588697563823196,11.588697563823196,0.0
2019-07-11,11.59714019402835,11.59714019402835,11.59714019402835,11.59714019402835,11.59714019402835,0.0
2019-07-12,11.695859086058745,11.695859086058745,11.695859086058745,11.695859086058745,11.695859086058745,0.0
2019-07-15,11.79488212978142,11.79488212978142,11.79488212978142,11.79488212978142,11.79488212978142,0.0
2019-07-16,11.746910549084154,11.746910549084154,11.746910549084154,11.746910549084154,11.746910549084154,0.0
2019-07-17,11.720955935943117,11.720955935943117,11.720955935943117,11.720955935943117,11.720955935943117,0.0
2019-07-18,11.572112082257044,11.572112082257044,11.572112082257044,11.572112082257044,11.572112082257044,0.0
2019-07-19,11.474197675358951,11.474197675358951,11.474197675358951,11.474197675358951,11.474197675358951,0.0
2019-07-22,11.565478748178826,11.565478748178826,11.565478748178826,11.565478748178826,11.565478748178826,0.0
2019-07-23,11.703522151823924,11.703522151823924,11.703522151823924,11.703522151823924,11.703522151823924,0.0
2019-07-24,11.831481177016412,11.831481177016412,11.831481177016412,11.831481177016412,11.831481177016412,0.0
2019-07-25,11.537453021092452,11.537453021092452,11.537453021092452,11.537453021092452,11.537453021092452,0.0
2019-07-26,11.778825145016755,11.778825145016755,11.778825145016755,11.778825145016755,11.778825145016755,0.0
2019-07-29,11.754200692221916,11.754200692221916,11.754200692221916,11.754200692221916,11.754200692221916,0.0
2019-07-30,11.708142293341062,11.708142293341062,11.708142293341062,11.708142293341062,11.708142293341062,0.0
2019-07-31,11.65046073403829,11.65046073403829,11.65046073403829,11.65046073403829,11.65046073403829,0.0
2019-08-01,11.44380065351936,11.44380065351936,11.44380065351936,11.44380065351936,11.44380065351936,0.0
2019-08-02,11.315550785327495,11.315550785327495,11.315550785327495,11.315550785327495,11.315550785327495,0.0
2019-08-05,10.795534054850703,10.795534054850703,10.795534054850703,10.795534054850703,10.795534054850703,0.0
2019-08-06,10.94377070075393,10.94377070075393,10.94377070075393,10.94377070075393,10.94377070075393,0.0
2019-08-07,10.994029045789553,10.994029045789553,10.994029045789553,10.994029045789553,10.994029045789553,0.0
2019-08-08,11.230768479707166,11.230768479707166,11.230768479707166,11.230768479707166,11.230768479707166,0.0
2019-08-09,11.041468553645062,11.041468553645062,11.041468553645062,11.041468553645062,11.041468553645062,0.0
2019-08-12,10.897602952666697,10.897602952666697,10.897602952666697,10.897602952666697,10.897602952666697,0.0
2019-08-13,11.172682305931987,11.172682305931987,11.172682305931987,11.172682305931987,11.172682305931987,0.0
2019-08-14,10.782349935030195,10.782349935030195,10.782349935030195,10.782349935030195,10.782349935030195,0.0
2019-08-15,10.77631326688887,10.77631326688887,10.77631326688887,10.77631326688887,10.77631326688887,0.0
2019-08-16,11.040286084707407,11.040286084707407,11.040286084707407,11.040286084707407,11.040286084707407,0.0
2019-08-19,11.38046266793607,11.38046266793607,11.38046266793607,11.38046266793607,11.38046266793607,0.0
2019-08-20,11.337962416491193,11.337962416491193,11.337962416491193,11.337962416491193,11.337962416491193,0.0
2019-08-21,11.361117636566272,11.361117636566272,11.361117636566272,11.361117636566272,11.361117636566272,0.0
2019-08-22,11.28084562888517,11.28084562888517,11.28084562888517,11.28084562888517,11.28084562888517,0.0
2019-08-23,10.87126786664565,10.87126786664565,10.87126786664565,10.87126786664565,10.87126786664565,0.0
2019-08-26,11.029439207842232,11.029439207842232,11.029439207842232,11.029439207842232,11.029439207842232,0.0
2019-08-27,10.998349926890112,10.998349926890112,10.998349926890112,10.998349926890112,10.998349926890112,0.0
2019-08-28,11.009848279504666,11.009848279504666,11.009848279504666,11.009848279504666,11.009848279504666,0.0
2019-08-29,11.246548676689228,11.246548676689228,11.246548676689228,11.246548676689228,11.246548676689228,0.0
2019-08-30,11.26647761328928,11.26647761328928,11.26647761328928,11.26647761328928,11.26647761328928,0.0
2019-09-03,11.118150624171566,11.118150624171566,11.118150624171566,11.118150624171566,11.118150624171566,0.0
2019-09-04,11.260260613171589,11.260260613171589,11.260260613171589,11.260260613171589,11.260260613171589,0.0
2019-09-05,11.59684859341679,11.59684859341679,11.59684859341679,11.59684859341679,11.59684859341679,0.0
2019-09-06,11.512570466505036,11.512570466505036,11.512570466505036,11.512570466505036,11.512570466505036,0.0
2019-09-09,11.5645133950844,11.5645133950844,11.5645133950844,11.5645133950844,11.5645133950844,0.0
2019-09-10,11.57705547377524,11.57705547377524,11.57705547377524,11.57705547377524,11.57705547377524,0.0
2019-09-11,11.732875010104577,11.732875010104577,11.732875010104577,11.732875010104577,11.732875010104577,0.0
2019-09-12,11.755792030915718,11.755792030915718,11.755792030915718,11.755792030915718,11.755792030915718,0.0
2019-09-13,11.706409663587063,11.706409663587063,11.706409663587063,11.706409663587063,11.706409663587063,0.0
2019-09-16,11.650185041604958,11.650185041604958,11.650185041604958,11.650185041604958,11.650185041604958,0.0
2019-09-17,11.71112698713459,11.71112698713459,11.71112698713459,11.71112698713459,11.71112698713459,0.0
2019-09-18,11.687318878570162,11.687318878570162,11.687318878570162,11.687318878570162,11.687318878570162,0.0
2019-09-19,11.662407842111987,11.662407842111987,11.662407842111987,11.662407842111987,11.662407842111987,0.0
2019-09-20,11.50682999672754,11.50682999672754,11.50682999672754,11.50682999672754,11.50682999672754,0.0
2019-09-23,11.427167901072146,11.427167901072146,11.427167901072146,11.427167901072146,11.427167901072146,0.0
2019-09-24,11.05628874105081,11.05628874105081,11.05628874105081,11.05628874105081,11.05628874105081,0.0
2019-09-25,11.351089147366762,11.351089147366762,11.351089147366762,11.351089147366762,11.351089147366762,0.0
2019-09-26,11.373832806046742,11.373832806046742,11.373832806046742,11.373832806046742,11.373832806046742,0.0
2019-09-27,11.156816678663592,11.156816678663592,11.156816678663592,11.156816678663592,11.156816678663592,0.0
2019-09-30,11.241422957412954,11.241422957412954,11.241422957412954,11.241422957412954,11.241422957412954,0.0
2019-10-01,11.195775247456009,11.195775247456009,11.195775247456009,11.195775247456009,11.195775247456009,0.0
2019-10-02,11.093438649852562,11.093438649852562,11.093438649852562,11.093438649852562,11.093438649852562,0.0
2019-10-03,11.207180298587396,11.207180298587396,11.207180298587396,11.207180298587396,11.207180298587396,0.0
2019-10-04,11.309129153994116,11.309129153994116,11.309129153994116,11.309129153994116,11.309129153994116,0.0
2019-10-07,11.3165064720083,11.3165064720083,11.3165064720083,11.3165064720083,11.3165064720083,0.0
2019-10-08,11.113300069883223,11.113300069883223,11.113300069883223,11.113300069883223,11.113300069883223,0.0
2019-10-09,11.212020325167456,11.212020325167456,11.212020325167456,11.212020325167456,11.212020325167456,0.0
2019-10-10,11.355808394101748,11.355808394101748,11.355808394101748,11.355808394101748,11.355808394101748,0.0
2019-10-11,11.545589138737691,11.545589138737691,11.545589138737691,11.545589138737691,11.545589138737691,0.0
2019-10-14,11.582933720200073,11.582933720200073,11.582933720200073,11.582933720200073,11.582933720200073,0.0
2019-10-15,11.779366128171208,11.779366128171208,11.779366128171208,11.779366128171208,11.779366128171208,0.0
2019-10-16,11.801871614608284,11.801871614608284,11.801871614608284,11.801871614608284,11.801871614608284,0.0
2019-10-17,11.8516998070638,11.8516998070638,11.8516998070638,11.8516998070638,11.8516998070638,0.0
2019-10-18,11.568934731312725,11.568934731312725,11.568934731312725,11.568934731312725,11.568934731312725,0.0
2019-10-21,11.727610815021777,11.727610815021777,11.727610815021777,11.727610815021777,11.727610815021777,0.0
2019-10-22,11.557941073583407,11.557941073583407,11.557941073583407,11.557941073583407,11.557941073583407,0.0
2019-10-23,11.628955906137538,11.628955906137538,11.628955906137538,11.628955906137538,11.628955906137538,0.0
2019-10-24,11.669909972070068,11.669909972070068,11.669909972070068,11.669909972070068,11.669909972070068,0.0
2019-10-25,11.897815630026903,11.897815630026903,11.897815630026903,11.897815630026903,11.897815630026903,0.0
2019-10-28,12.01930603656066,12.01930603656066,12.01930603656066,12.01930603656066,12.01930603656066,0.0
2019-10-29,11.830628767267678,11.830628767267678,11.830628767267678,11.830628767267678,11.830628767267678,0.0
2019-10-30,11.877753440094995,11.877753440094995,11.877753440094995,11.877753440094995,11.877753440094995,0.0
2019-10-31,11.878097413106389,11.878097413106389,11.878097413106389,11.878097413106389,11.878097413106389,0.0
2019-11-01,11.969172469220192,11.969172469220192,11.969172469220192,11.969172469220192,11.969172469220192,0.0
2019-11-04,12.19364190100294,12.19364190100294,12.19364190100294,12.19364190100294,12.19364190100294,0.0
2019-11-05,12.152190175027176,12.152190175027176,12.152190175027176,12.152190175027176,12.152190175027176,0.0
2019-11-06,12.164310214117044,12.164310214117044,12.164310214117044,12.164310214117044,12.164310214117044,0.0
2019-11-07,12.39184827038776,12.39184827038776,12.39184827038776,12.39184827038776,12.39184827038776,0.0
2019-11-08,12.447513360208385,12.447513360208385,12.447513360208385,12.447513360208385,12.447513360208385,0.0
2019-11-11,12.443564297946631,12.443564297946631,12.443564297946631,12.443564297946631,12.443564297946631,0.0
2019-11-12,12.502004809157654,12.502004809157654,12.502004809157654,12.502004809157654,12.502004809157654,0.0
2019-11-13,12.452500343322754,12.452500343322754,12.324999809265137,12.361499786376951,12.361499786376951,8000.0
2019-11-14,12.401000022888184,12.401000022888184,12.401000022888184,12.401000022888184,12.401000022888184,400.0
2019-11-15,12.470000267028809,12.470000267028809,12.432499885559082,12.458749771118164,12.458749771118164,1600.0
2019-11-18,12.458749771118164,12.458749771118164,12.458749771118164,12.458749771118164,12.458749771118164,0.0
2019-11-19,12.458749771118164,12.458749771118164,12.458749771118164,12.458749771118164,12.458749771118164,0.0
2019-11-20,12.452500343322754,12.477999687194824,12.452500343322754,12.477999687194824,12.477999687194824,1200.0
2019-11-21,12.477999687194824,12.477999687194824,12.477999687194824,12.477999687194824,12.477999687194824,0.0
2019-11-22,12.470000267028809,12.48425006866455,12.470000267028809,12.48425006866455,12.48425006866455,2000.0
2019-11-25,12.699999809265137,12.717499732971191,12.699999809265137,12.717499732971191,12.717499732971191,8800.0
2019-11-26,12.649999618530272,12.67074966430664,12.649999618530272,12.67074966430664,12.67074966430664,1200.0
2019-11-27,12.794750213623049,12.794750213623049,12.794750213623049,12.794750213623049,12.794750213623049,800.0
2019-11-29,12.725000381469728,12.72974967956543,12.725000381469728,12.72974967956543,12.72974967956543,400.0
2019-12-02,12.584500312805176,12.584500312805176,12.584500312805176,12.584500312805176,12.584500312805176,400.0
2019-12-03,12.477499961853027,12.477499961853027,12.477499961853027,12.477499961853027,12.477499961853027,800.0
2019-12-04,12.571000099182127,12.571000099182127,12.486499786376951,12.486499786376951,12.486499786376951,400.0
2019-12-05,12.545249938964844,12.545249938964844,12.545249938964844,12.545249938964844,12.545249938964844,800.0
2019-12-06,12.670000076293944,12.677749633789062,12.662500381469728,12.677749633789062,12.677749633789062,3600.0
2019-12-09,12.636249542236328,12.636249542236328,12.636249542236328,12.636249542236328,12.636249542236328,400.0
2019-12-10,12.634249687194824,12.634249687194824,12.634249687194824,12.634249687194824,12.634249687194824,400.0
2019-12-11,12.739999771118164,12.803999900817873,12.739999771118164,12.803999900817873,12.803999900817873,20400.0
2019-12-12,12.954999923706056,12.954999923706056,12.904500007629396,12.904500007629396,12.904500007629396,1200.0
2019-12-13,12.952500343322754,12.952500343322754,12.878999710083008,12.878999710083008,12.878999710083008,800.0
2019-12-16,13.147500038146973,13.167750358581545,13.146249771118164,13.167750358581545,13.167750358581545,6000.0
2019-12-17,13.220000267028809,13.244999885559082,13.220000267028809,13.238499641418455,13.238499641418455,1600.0
2019-12-18,13.352499961853027,13.429750442504885,13.352499961853027,13.429750442504885,13.429750442504885,5600.0
2019-12-19,13.588250160217283,13.614250183105469,13.585000038146973,13.614250183105469,13.614250183105469,11600.0
2019-12-20,13.664999961853027,13.720000267028809,13.664999961853027,13.67300033569336,13.67300033569336,10800.0
2019-12-23,13.772500038146973,13.789999961853027,13.763750076293944,13.763750076293944,13.763750076293944,53200.0
2019-12-24,13.763750076293944,13.763750076293944,13.763750076293944,13.763750076293944,13.763750076293944,0.0
2019-12-26,13.875,13.915749549865724,13.875,13.915749549865724,13.915749549865724,800.0
2019-12-27,13.977499961853027,13.977499961853027,13.852499961853027,13.86050033569336,13.86050033569336,30800.0
2019-12-30,13.715749740600586,13.744750022888184,13.666000366210938,13.666000366210938,13.666000366210938,3600.0
2019-12-31,13.6875,13.710000038146973,13.6875,13.710000038146973,13.710000038146973,1200.0
2020-01-02,13.925000190734863,14.111749649047852,13.925000190734863,14.111749649047852,14.111749649047852,12000.0
2020-01-03,14.0600004196167,14.0600004196167,13.990249633789062,13.990249633789062,13.990249633789062,8800.0
2020-01-06,14.045000076293944,14.1850004196167,14.045000076293944,14.1850004196167,14.1850004196167,23600.0
2020-01-07,14.253000259399414,14.324999809265137,14.178750038146973,14.28575038909912,14.28575038909912,17200.0
2020-01-08,14.28499984741211,14.545000076293944,14.28499984741211,14.46500015258789,14.46500015258789,19200.0
2020-01-09,14.643750190734863,14.643750190734863,14.557499885559082,14.56624984741211,14.56624984741211,22800.0
2020-01-10,14.6225004196167,14.65250015258789,14.547499656677246,14.577500343322754,14.577500343322754,14400.0
2020-01-13,14.802499771118164,14.9087495803833,14.6875,14.9087495803833,14.9087495803833,16400.0
2020-01-14,15.010000228881836,15.010000228881836,14.783249855041504,14.80525016784668,14.80525016784668,41600.0
2020-01-15,14.8125,14.864999771118164,14.711000442504885,14.75,14.75,22000.0
2020-01-16,14.75749969482422,14.824000358581545,14.75749969482422,14.824000358581545,14.824000358581545,12400.0
2020-01-17,14.824749946594238,14.890250205993652,14.824749946594238,14.890250205993652,14.890250205993652,4400.0
2020-01-21,14.842499732971191,14.944250106811523,14.842499732971191,14.944250106811523,14.944250106811523,4000.0
2020-01-22,15.0,15.112500190734863,14.969499588012695,14.969499588012695,14.969499588012695,31600.0
2020-01-23,14.912500381469728,15.050000190734863,14.84000015258789,15.038999557495115,15.038999557495115,12800.0
2020-01-24,15.047499656677246,15.077500343322754,14.737500190734863,14.85099983215332,14.85099983215332,30400.0
2020-01-27,13.9975004196167,14.5600004196167,13.9975004196167,14.5,14.5,77600.0
2020-01-28,14.515000343322754,14.787500381469728,14.515000343322754,14.767499923706056,14.767499923706056,31200.0
2020-01-29,14.774999618530272,14.932499885559082,14.774999618530272,14.873499870300291,14.873499870300291,16800.0
2020-01-30,14.817500114440918,14.938750267028809,14.75749969482422,14.931750297546388,14.931750297546388,26400.0
2020-01-31,15.042499542236328,15.042499542236328,14.760000228881836,14.81700038909912,14.81700038909912,20400.0
2020-02-03,15.0024995803833,15.545000076293944,15.0024995803833,15.520000457763672,15.520000457763672,30000.0
2020-02-04,16.295000076293945,16.440000534057617,15.852499961853027,16.139999389648438,16.139999389648438,174400.0
2020-02-05,16.0674991607666,16.0674991607666,15.5024995803833,15.59749984741211,15.59749984741211,176400.0
2020-02-06,15.682499885559082,16.147499084472656,15.68000030517578,15.989749908447266,15.989749908447266,74400.0
2020-02-07,15.824999809265137,15.949999809265137,15.811249732971191,15.862750053405762,15.862750053405762,59600.0
2020-02-10,15.984999656677246,16.10675048828125,15.961000442504885,16.05175018310547,16.05175018310547,27200.0
2020-02-11,16.1200008392334,16.2549991607666,16.109500885009766,16.109500885009766,16.109500885009766,24400.0
2020-02-12,16.332500457763672,16.378999710083008,16.332500457763672,16.351749420166016,16.351749420166016,26400.0
2020-02-13,16.30500030517578,16.510000228881836,16.30324935913086,16.41900062561035,16.41900062561035,54800.0
2020-02-14,16.592500686645508,16.592500686645508,16.471250534057617,16.489749908447266,16.489749908447266,46000.0
2020-02-18,16.524999618530273,16.827499389648438,16.524999618530273,16.82175064086914,16.82175064086914,62800.0
2020-02-19,17.1200008392334,17.272499084472656,17.107500076293945,17.21500015258789,17.21500015258789,66800.0
2020-02-20,17.114999771118164,17.19499969482422,16.69499969482422,17.00349998474121,17.00349998474121,81200.0
2020-02-21,16.665000915527344,16.78499984741211,16.600000381469727,16.665000915527344,16.665000915527344,46000.0
2020-02-24,15.767499923706056,16.021249771118164,15.74250030517578,15.829999923706056,15.829999923706056,124000.0
2020-02-25,15.955499649047852,15.955499649047852,15.38700008392334,15.41374969482422,15.41374969482422,44400.0
2020-02-26,15.44499969482422,15.770000457763672,15.420499801635742,15.497750282287598,15.497750282287598,32400.0
2020-02-27,15.0,15.25,14.657500267028809,14.674500465393066,14.674500465393066,66400.0
2020-02-28,13.994999885559082,14.765000343322754,13.994999885559082,14.765000343322754,14.765000343322754,28400.0
2020-03-02,15.125,15.41075038909912,14.875,15.41075038909912,15.41075038909912,17200.0
2020-03-03,15.907500267028809,15.907500267028809,14.927499771118164,15.070249557495115,15.070249557495115,109600.0
2020-03-04,15.38249969482422,15.531749725341797,15.220999717712402,15.531749725341797,15.531749725341797,23200.0
2020-03-05,15.234999656677246,15.341750144958496,15.018750190734863,15.060250282287598,15.060250282287598,15600.0
2020-03-06,14.5625,14.787500381469728,14.487750053405762,14.727499961853027,14.727499961853027,43600.0
2020-03-09,13.4375,14.25,13.4375,13.735750198364258,13.735750198364258,18800.0
2020-03-10,14.3149995803833,14.387499809265137,13.968000411987305,14.387499809265137,14.387499809265137,142400.0
2020-03-11,14.09000015258789,14.234999656677246,13.733750343322754,13.854000091552734,13.854000091552734,121600.0
2020-03-12,12.75,13.270000457763672,12.497249603271484,12.532500267028809,12.532500267028809,91200.0
2020-03-13,12.765000343322754,13.026249885559082,12.368749618530272,13.026249885559082,13.026249885559082,92000.0
2020-03-16,11.0,12.262499809265137,11.0,11.696499824523926,11.696499824523926,53200.0
2020-03-17,11.802499771118164,12.22700023651123,11.419500350952148,11.897500038146973,11.897500038146973,28800.0
2020-03-18,11.417499542236328,11.61025047302246,10.862500190734863,11.192500114440918,11.192500114440918,26000.0
2020-03-19,11.25749969482422,12.314749717712402,11.25749969482422,11.885000228881836,11.885000228881836,128400.0
2020-03-20,12.25,12.43000030517578,11.6899995803833,11.779999732971191,11.779999732971191,16800.0
2020-03-23,11.649999618530272,11.99250030517578,11.498499870300291,11.909500122070312,11.909500122070312,22800.0
2020-03-24,13.0649995803833,13.0649995803833,12.489749908447266,12.768750190734863,12.768750190734863,35200.0
2020-03-25,12.875,13.217499732971191,12.588749885559082,12.791000366210938,12.791000366210938,75200.0
2020-03-26,12.954500198364258,13.1850004196167,12.954500198364258,13.18000030517578,13.18000030517578,69200.0
2020-03-27,12.90250015258789,12.90250015258789,12.75,12.78950023651123,12.78950023651123,30800.0
2020-03-30,13.0,13.079999923706056,12.75,13.078499794006348,13.078499794006348,28800.0
2020-03-31,13.09000015258789,13.494999885559082,13.074999809265137,13.175999641418455,13.175999641418455,16800.0
2020-04-01,12.80774974822998,12.90999984741211,12.465499877929688,12.557499885559082,12.557499885559082,15200.0
2020-04-02,12.532500267028809,12.670249938964844,12.442749977111816,12.565999984741213,12.565999984741213,12400.0
2020-04-03,12.565999984741213,12.565999984741213,12.565999984741213,12.565999984741213,12.565999984741213,0.0
2020-04-06,12.9375,13.34749984741211,12.887499809265137,13.346500396728516,13.346500396728516,10000.0
2020-04-07,13.737500190734863,13.737500190734863,13.375,13.424750328063965,13.424750328063965,43200.0
2020-04-08,13.5625,13.590250015258787,13.380999565124512,13.590250015258787,13.590250015258787,5200.0
2020-04-09,13.75,13.84475040435791,13.572250366210938,13.659250259399414,13.659250259399414,65600.0
2020-04-13,13.8725004196167,14.206250190734863,13.702500343322754,14.205750465393066,14.205750465393066,15600.0
2020-04-14,14.677499771118164,15.022500038146973,14.677499771118164,14.86674976348877,14.86674976348877,25600.0
2020-04-15,14.751250267028809,15.00724983215332,14.751250267028809,14.950499534606934,14.950499534606934,18400.0
2020-04-16,14.887499809265137,15.352499961853027,14.887499809265137,15.2524995803833,15.2524995803833,25200.0
2020-04-17,16.9950008392334,16.9950008392334,15.072500228881836,15.1899995803833,15.1899995803833,34000.0
2020-04-20,15.154999732971191,15.390000343322754,15.119999885559082,15.21399974822998,15.21399974822998,14800.0
2020-04-21,15.0625,15.0625,14.4350004196167,14.622249603271484,14.622249603271484,22000.0
2020-04-22,15.0,15.149999618530272,14.9350004196167,15.14525032043457,15.14525032043457,8800.0
2020-04-23,15.232500076293944,15.294249534606934,15.041749954223633,15.041749954223633,15.041749954223633,21600.0
2020-04-24,15.02750015258789,15.263750076293944,15.02750015258789,15.263750076293944,15.263750076293944,3600.0
2020-04-27,15.595000267028809,15.595000267028809,15.447500228881836,15.45674991607666,15.45674991607666,18000.0
2020-04-28,15.917499542236328,15.917499542236328,15.021249771118164,15.021249771118164,15.021249771118164,16400.0
2020-04-29,15.393750190734863,15.696499824523926,15.393750190734863,15.661999702453612,15.661999702453612,13600.0
2020-04-30,15.852499961853027,15.88249969482422,15.5,15.648500442504885,15.648500442504885,12400.0
2020-05-01,15.2475004196167,15.356499671936035,14.922499656677246,15.043749809265137,15.043749809265137,36800.0
2020-05-04,15.00749969482422,15.302000045776367,15.00749969482422,15.302000045776367,15.302000045776367,23600.0
2020-05-05,15.53499984741211,15.642250061035156,15.444499969482422,15.444499969482422,15.444499969482422,11200.0
2020-05-06,15.607500076293944,15.657500267028809,15.490249633789062,15.57800006866455,15.57800006866455,8400.0
2020-05-07,15.760000228881836,15.784000396728516,15.725000381469728,15.758000373840332,15.758000373840332,17200.0
2020-05-08,16.0,16.092500686645508,16.0,16.076749801635742,16.076749801635742,34000.0
2020-05-11,15.97249984741211,16.287500381469727,15.97249984741211,16.25225067138672,16.25225067138672,23600.0
2020-05-12,16.510000228881836,16.510000228881836,15.954999923706056,15.954999923706056,15.954999923706056,26800.0
2020-05-13,16.052499771118164,16.1924991607666,15.55500030517578,15.712499618530272,15.712499618530272,21600.0
2020-05-14,15.647500038146973,15.925000190734863,15.440500259399414,15.925000190734863,15.925000190734863,33600.0
2020-05-15,15.937250137329102,16.19499969482422,15.820500373840332,16.194250106811523,16.194250106811523,23600.0
2020-05-18,16.489999771118164,16.625,16.427499771118164,16.612749099731445,16.612749099731445,23600.0
2020-05-19,16.795000076293945,16.94499969482422,16.67824935913086,16.67824935913086,16.67824935913086,39600.0
2020-05-20,17.092500686645508,17.114749908447266,16.950000762939453,17.032499313354492,17.032499313354492,23200.0
2020-05-21,17.065000534057617,17.09749984741211,16.761499404907227,16.957500457763672,16.957500457763672,30000.0
2020-05-22,16.760000228881836,16.8799991607666,16.736249923706055,16.80674934387207,16.80674934387207,12400.0
2020-05-26,17.25,17.25,16.8125,16.833250045776367,16.833250045776367,23600.0
2020-05-27,16.774999618530273,16.774999618530273,16.2450008392334,16.710500717163086,16.710500717163086,49200.0
2020-05-28,16.657499313354492,16.684999465942383,16.458250045776367,16.512500762939453,16.512500762939453,8400.0
2020-05-29,16.715999603271484,16.715999603271484,16.715999603271484,16.715999603271484,16.715999603271484,1600.0
2020-06-01,16.74250030517578,17.02750015258789,16.74250030517578,17.02574920654297,17.02574920654297,19200.0
2020-06-02,17.162500381469727,17.162500381469727,16.926000595092773,17.085250854492188,17.085250854492188,10000.0
2020-06-03,17.1875,17.309749603271484,17.11750030517578,17.309749603271484,17.309749603271484,12400.0
2020-06-04,17.415000915527344,17.415000915527344,16.975000381469727,17.020000457763672,17.020000457763672,8000.0
2020-06-05,17.172500610351562,17.4325008392334,17.172500610351562,17.427499771118164,17.427499771118164,10000.0
2020-06-08,17.572500228881836,17.68000030517578,17.475000381469727,17.68000030517578,17.68000030517578,13600.0
2020-06-09,17.4424991607666,17.967500686645508,17.4424991607666,17.92300033569336,17.92300033569336,32400.0
2020-06-10,18.229999542236328,18.3125,18.122499465942383,18.245500564575195,18.245500564575195,28800.0
2020-06-11,17.922500610351562,18.030000686645508,17.375,17.41950035095215,17.41950035095215,43600.0
2020-06-12,17.889999389648438,17.889999389648438,17.170000076293945,17.49049949645996,17.49049949645996,22000.0
2020-06-15,17.375,17.775999069213867,17.3125,17.775999069213867,17.775999069213867,24000.0
2020-06-16,18.434999465942383,18.434999465942383,18.0,18.04425048828125,18.04425048828125,36400.0
2020-06-17,18.34000015258789,18.34000015258789,18.125,18.18174934387207,18.18174934387207,47600.0
2020-06-18,18.334999084472656,18.334999084472656,18.11750030517578,18.175750732421875,18.175750732421875,32800.0
2020-06-19,18.354999542236328,18.375,18.092500686645508,18.170499801635746,18.170499801635746,18800.0
2020-06-22,18.51499938964844,18.51499938964844,18.200000762939453,18.36675071716309,18.36675071716309,19600.0
2020-06-23,18.622499465942383,18.6924991607666,18.270000457763672,18.53325080871582,18.53325080871582,23200.0
2020-06-24,18.49250030517578,18.59749984741211,18.024999618530273,18.086750030517575,18.086750030517575,68400.0
2020-06-25,18.0625,18.24850082397461,18.0625,18.24850082397461,18.24850082397461,9600.0
2020-06-26,18.05500030517578,18.05500030517578,17.487499237060547,17.489999771118164,17.489999771118164,52800.0
2020-06-29,17.415000915527344,17.70775032043457,17.170000076293945,17.70775032043457,17.70775032043457,24400.0
2020-06-30,17.914749145507812,18.096750259399418,17.90250015258789,18.096750259399418,18.096750259399418,8400.0
2020-07-01,18.15999984741211,18.63249969482422,18.15999984741211,18.55349922180176,18.55349922180176,29600.0
2020-07-02,19.147499084472656,19.147499084472656,18.815000534057617,18.81624984741211,18.81624984741211,25600.0
2020-07-06,19.497499465942383,19.844499588012695,19.299999237060547,19.844499588012695,19.844499588012695,60000.0
2020-07-07,19.94499969482422,20.072500228881836,19.770000457763672,19.770000457763672,19.770000457763672,38400.0
2020-07-08,20.0,20.362499237060547,19.979999542236328,20.292499542236328,20.292499542236328,60400.0
2020-07-09,20.642499923706055,20.642499923706055,20.292499542236328,20.619749069213867,20.619749069213867,33600.0
2020-07-10,20.772499084472656,21.082500457763672,20.43000030517578,21.079999923706055,21.079999923706055,20000.0
2020-07-13,21.482500076293945,21.940000534057617,20.407499313354492,20.407499313354492,20.407499313354492,142400.0
2020-07-14,20.262500762939453,20.513999938964844,19.815000534057617,20.513999938964844,20.513999938964844,45600.0
2020-07-15,20.72249984741211,20.72249984741211,20.1825008392334,20.554000854492188,20.554000854492188,37200.0
2020-07-16,20.190000534057617,20.434999465942383,20.0,20.3387508392334,20.3387508392334,135200.0
2020-07-17,20.55500030517578,20.55500030517578,20.204999923706055,20.261999130249023,20.261999130249023,10000.0
2020-07-20,20.405000686645508,21.11000061035156,20.405000686645508,21.081499099731445,21.081499099731445,47200.0
2020-07-21,21.309999465942383,21.309999465942383,20.739999771118164,20.80500030517578,20.80500030517578,116800.0
2020-07-22,20.954999923706055,20.954999923706055,20.642499923706055,20.729000091552734,20.729000091552734,8000.0
2020-07-23,21.0575008392334,21.0575008392334,20.07749938964844,20.21125030517578,20.21125030517578,31600.0
2020-07-24,19.727500915527344,20.10275077819824,19.51499938964844,19.972999572753903,19.972999572753903,59600.0
2020-07-27,20.107500076293945,20.344999313354492,19.997499465942383,20.340749740600582,20.340749740600582,17200.0
2020-07-28,20.40250015258789,20.40250015258789,20.00749969482422,20.00749969482422,20.00749969482422,26000.0
2020-07-29,20.209999084472656,20.39125061035156,20.209999084472656,20.295499801635746,20.295499801635746,9200.0
2020-07-30,20.052499771118164,20.38450050354004,20.052499771118164,20.34724998474121,20.34724998474121,144000.0
2020-07-31,20.850000381469727,20.850000381469727,20.46674919128418,20.5674991607666,20.5674991607666,143200.0
2020-08-03,20.684999465942383,20.97249984741211,20.684999465942383,20.934999465942383,20.934999465942383,104800.0
2020-08-04,20.9325008392334,21.102500915527344,20.918750762939453,21.056499481201172,21.056499481201172,12800.0
2020-08-05,21.229999542236328,21.25,21.142499923706055,21.184499740600582,21.184499740600582,70800.0
2020-08-06,21.219999313354492,21.5674991607666,21.11000061035156,21.527999877929688,21.527999877929688,303600.0
2020-08-07,21.489999771118164,21.522499084472656,20.88249969482422,21.17250061035156,21.17250061035156,82400.0
2020-08-10,21.25,21.3125,20.842500686645508,20.98324966430664,20.98324966430664,72800.0
2020-08-11,21.0,21.0,20.55500030517578,20.576749801635746,20.576749801635746,81200.0
2020-08-12,20.875,21.412500381469727,20.875,21.323749542236328,21.323749542236328,57600.0
2020-08-13,21.725000381469727,21.725000381469727,21.423749923706055,21.522499084472656,21.522499084472656,34800.0
2020-08-14,21.594999313354492,21.594999313354492,21.37725067138672,21.47949981689453,21.47949981689453,17200.0
2020-08-17,21.73349952697754,22.17650032043457,21.73349952697754,22.13574981689453,22.13574981689453,72000.0
2020-08-18,22.36000061035156,22.51499938964844,22.25,22.51499938964844,22.51499938964844,48000.0
2020-08-19,22.600000381469727,22.61000061035156,22.347000122070312,22.347000122070312,22.347000122070312,71200.0
2020-08-20,22.238750457763672,22.829999923706055,22.238750457763672,22.81999969482422,22.81999969482422,257200.0
2020-08-21,23.09000015258789,23.239999771118164,22.96500015258789,23.15850067138672,23.15850067138672,119200.0
2020-08-24,23.75,23.75,23.125,23.294750213623047,23.294750213623047,80800.0
2020-08-25,23.25749969482422,23.60199928283691,23.157499313354492,23.565750122070312,23.565750122070312,52800.0
2020-08-26,23.850000381469727,24.5674991607666,23.725000381469727,24.5674991607666,24.5674991607666,166400.0
2020-08-27,24.86000061035156,24.86000061035156,24.043500900268555,24.282499313354492,24.282499313354492,93600.0
2020-08-28,24.25,24.625,24.25,24.408750534057617,24.408750534057617,86800.0
2020-08-31,24.75,25.103750228881836,24.47624969482422,25.023500442504883,25.023500442504883,114400.0
2020-09-01,25.290000915527344,25.387500762939453,24.96299934387207,25.269500732421875,25.269500732421875,203600.0
2020-09-02,25.59749984741211,25.59749984741211,24.512500762939453,25.315750122070312,25.315750122070312,199600.0
2020-09-03,24.299999237060547,24.667499542236328,23.557750701904297,23.799999237060547,23.799999237060547,251600.0
2020-09-04,23.34749984741211,24.024999618530273,22.0002498626709,23.532499313354492,23.532499313354492,190800.0
2020-09-08,21.875,22.684999465942383,21.875,21.875,21.875,180800.0
2020-09-09,22.709999084472656,22.770000457763672,22.28874969482422,22.75724983215332,22.75724983215332,150400.0
2020-09-10,23.082500457763672,23.20224952697754,22.112499237060547,22.2810001373291,22.2810001373291,110800.0
2020-09-11,22.572500228881836,22.58474922180176,21.842500686645508,22.1924991607666,22.1924991607666,105600.0
2020-09-14,22.707500457763672,22.940000534057617,22.51499938964844,22.8075008392334,22.8075008392334,86400.0
2020-09-15,23.329999923706055,23.458999633789062,23.147499084472656,23.337499618530273,23.337499618530273,166800.0
2020-09-16,23.34749984741211,23.5,23.0362491607666,23.0362491607666,23.0362491607666,65600.0
2020-09-17,22.332500457763672,22.739999771118164,22.332500457763672,22.537500381469727,22.537500381469727,61200.0
2020-09-18,22.93000030517578,22.93000030517578,22.2502498626709,22.53300094604492,22.53300094604492,88000.0
2020-09-21,22.002500534057617,22.684999465942383,21.92250061035156,22.684999465942383,22.684999465942383,152400.0
2020-09-22,22.857500076293945,23.059999465942383,22.450000762939453,23.052000045776367,23.052000045776367,166400.0
2020-09-23,23.01499938964844,23.04750061035156,22.369749069213867,22.40999984741211,22.40999984741211,80400.0
2020-09-24,22.104999542236328,22.649999618530273,22.104999542236328,22.399749755859375,22.399749755859375,52000.0
2020-09-25,22.5,22.931499481201172,22.32749938964844,22.930500030517575,22.930500030517575,48800.0
2020-09-28,23.25,23.35300064086914,23.052499771118164,23.29775047302246,23.29775047302246,35600.0
2020-09-29,23.22249984741211,23.484750747680664,23.22249984741211,23.38224983215332,23.38224983215332,197200.0
2020-09-30,23.517499923706055,23.927499771118164,23.517499923706055,23.78274917602539,23.78274917602539,71600.0
2020-10-01,24.0674991607666,24.21674919128418,23.924999237060547,24.19849967956543,24.19849967956543,52400.0
2020-10-02,23.552499771118164,24.02750015258789,23.459999084472656,23.5,23.5,50400.0
2020-10-05,23.684999465942383,24.0049991607666,23.68000030517578,24.0049991607666,24.0049991607666,63600.0
2020-10-06,23.962499618530273,24.07875061035156,23.459999084472656,23.59025001525879,23.59025001525879,71200.0
2020-10-07,23.9325008392334,24.061250686645508,23.8125,24.021249771118164,24.021249771118164,51600.0
2020-10-08,24.2450008392334,24.2450008392334,24.0625,24.094999313354492,24.094999313354492,44000.0
2020-10-09,24.188749313354492,24.304500579833984,24.188749313354492,24.292499542236328,24.292499542236328,39200.0
2020-10-12,24.84749984741211,25.368749618530273,24.795000076293945,25.13425064086914,25.13425064086914,80800.0
2020-10-13,25.25749969482422,25.299999237060547,24.978750228881836,25.112749099731445,25.112749099731445,65200.0
2020-10-14,25.225000381469727,25.381000518798828,25.017499923706055,25.034500122070312,25.034500122070312,45200.0
2020-10-15,24.59000015258789,24.790000915527344,24.464750289916992,24.725000381469727,24.725000381469727,54800.0
2020-10-16,24.975000381469727,25.002500534057617,24.594999313354492,24.594999313354492,24.594999313354492,32400.0
2020-10-19,24.74250030517578,24.862499237060547,24.157499313354492,24.210750579833984,24.210750579833984,26400.0
2020-10-20,24.2450008392334,24.552499771118164,24.2450008392334,24.403749465942383,24.403749465942383,35200.0
2020-10-21,24.801250457763672,24.802499771118164,24.582500457763672,24.59749984741211,24.59749984741211,21200.0
2020-10-22,24.80500030517578,24.80500030517578,24.229999542236328,24.503999710083008,24.503999710083008,20000.0
2020-10-23,24.674999237060547,24.694250106811523,24.344999313354492,24.694250106811523,24.694250106811523,18400.0
2020-10-26,24.48500061035156,24.86025047302246,24.050249099731445,24.260000228881836,24.260000228881836,50800.0
2020-10-27,24.469999313354492,24.897499084472656,24.469999313354492,24.88574981689453,24.88574981689453,60800.0
2020-10-28,24.392499923706055,24.392499923706055,23.836750030517575,23.85099983215332,23.85099983215332,67600.0
2020-10-29,24.212499618530273,24.792499542236328,24.196250915527344,24.517499923706055,24.517499923706055,63600.0
2020-10-30,24.022499084472656,24.049999237060547,23.082500457763672,23.211999893188477,23.211999893188477,150800.0
2020-11-02,23.440000534057617,23.649749755859375,23.032499313354492,23.27025032043457,23.27025032043457,129200.0
2020-11-03,23.287500381469727,23.690000534057617,23.167499542236328,23.59174919128418,23.59174919128418,22400.0
2020-11-04,24.229999542236328,24.670000076293945,24.075000762939453,24.563499450683594,24.563499450683594,77200.0
2020-11-05,24.962499618530273,25.302499771118164,24.899999618530273,25.112499237060547,25.112499237060547,134000.0
2020-11-06,24.93000030517578,25.174999237060547,24.75,25.174999237060547,25.174999237060547,126800.0
2020-11-09,25.375,25.467500686645508,24.423749923706055,24.456249237060547,24.456249237060547,67600.0
2020-11-10,24.217500686645508,24.217500686645508,23.457500457763672,23.7549991607666,23.7549991607666,81600.0
2020-11-11,23.899999618530273,24.247249603271484,23.875,24.223249435424805,24.223249435424805,44400.0
2020-11-12,24.412500381469727,24.427499771118164,24.07175064086914,24.07175064086914,24.07175064086914,30400.0
2020-11-13,24.204999923706055,24.204999923706055,23.862749099731445,24.126249313354492,24.126249313354492,35600.0
2020-11-16,24.287500381469727,24.315000534057617,24.072500228881836,24.16525077819824,24.16525077819824,31200.0
2020-11-17,24.361249923706055,24.361249923706055,24.19700050354004,24.230749130249023,24.230749130249023,23600.0
2020-11-18,24.274999618530273,24.582500457763672,24.232500076293945,24.36599922180176,24.36599922180176,30400.0
2020-11-19,24.260000228881836,24.440750122070312,24.260000228881836,24.405500411987305,24.405500411987305,28000.0
2020-11-20,24.642499923706055,24.642499923706055,24.35849952697754,24.35849952697754,24.35849952697754,26800.0
2020-11-23,24.542499542236328,24.59749984741211,24.193750381469727,24.315000534057617,24.315000534057617,53200.0
2020-11-24,24.54750061035156,24.769250869750977,24.32749938964844,24.769250869750977,24.769250869750977,35600.0
2020-11-25,24.582500457763672,25.071250915527344,24.582500457763672,25.071250915527344,25.071250915527344,12800.0
2020-11-27,25.252500534057617,25.415000915527344,25.252500534057617,25.289249420166016,25.289249420166016,30400.0
2020-11-30,25.309999465942383,25.309999465942383,24.695249557495117,25.052000045776367,25.052000045776367,116400.0
2020-12-01,25.42250061035156,25.6825008392334,25.293750762939453,25.542999267578125,25.542999267578125,44800.0
2020-12-02,25.31999969482422,25.697500228881836,25.1825008392334,25.59199905395508,25.59199905395508,44000.0
2020-12-03,25.75,25.802499771118164,25.65999984741211,25.65999984741211,25.65999984741211,25600.0
2020-12-04,25.809999465942383,25.809999465942383,25.636249542236328,25.717500686645508,25.717500686645508,29600.0
2020-12-07,25.892499923706055,26.059499740600582,25.892499923706055,26.039749145507812,26.039749145507812,18800.0
2020-12-08,26.05500030517578,26.05500030517578,25.72249984741211,26.04425048828125,26.04425048828125,34400.0
2020-12-09,26.079999923706055,26.25,25.43000030517578,25.54924964904785,25.54924964904785,46000.0
2020-12-10,25.100000381469727,26.043750762939453,25.05500030517578,26.043750762939453,26.043750762939453,27200.0
2020-12-11,25.91925048828125,26.0,25.727500915527344,25.99625015258789,25.99625015258789,20400.0
2020-12-14,26.157499313354492,26.450000762939453,26.155000686645508,26.315500259399418,26.315500259399418,58800.0
2020-12-15,26.549999237060547,26.862499237060547,26.417499542236328,26.862499237060547,26.862499237060547,33200.0
2020-12-16,27.075000762939453,27.112499237060547,26.95199966430664,27.068500518798828,27.068500518798828,26000.0
2020-12-17,27.170000076293945,27.332500457763672,27.132749557495117,27.323749542236328,27.323749542236328,36000.0
2020-12-18,27.4375,27.46500015258789,27.122499465942383,27.311500549316406,27.311500549316406,62800.0
2020-12-21,27.125,27.337499618530273,27.012500762939453,27.249500274658203,27.249500274658203,38400.0
2020-12-22,27.375,27.375,27.030000686645508,27.149499893188477,27.149499893188477,58800.0
2020-12-23,27.162500381469727,27.229999542236328,27.0,27.0625,27.0625,50400.0
2020-12-24,26.774999618530273,26.852500915527344,26.600000381469727,26.72249984741211,26.72249984741211,33600.0
2020-12-28,26.8799991607666,27.210250854492188,26.747499465942383,27.147499084472656,27.147499084472656,67600.0
2020-12-29,27.362499237060547,27.47249984741211,27.212499618530273,27.34950065612793,27.34950065612793,48000.0
2020-12-30,27.587499618530273,27.742250442504883,27.4375,27.72450065612793,27.72450065612793,60000.0
2020-12-31,27.704999923706055,27.799999237060547,27.59000015258789,27.6924991607666,27.6924991607666,59600.0
2021-01-04,27.837499618530273,27.917499542236328,27.125,27.464000701904297,27.464000701904297,100400.0
2021-01-05,27.354999542236328,27.713499069213867,27.315000534057617,27.68975067138672,27.68975067138672,52000.0
2021-01-06,27.334999084472656,27.572500228881836,26.945249557495117,26.94574928283691,26.94574928283691,86400.0
2021-01-07,27.27750015258789,27.631250381469727,27.1875,27.622499465942383,27.622499465942383,52400.0
2021-01-08,28.13999938964844,28.462499618530273,27.75,28.460250854492188,28.460250854492188,58800.0
2021-01-11,27.90999984741211,27.90999984741211,27.34000015258789,27.34000015258789,27.34000015258789,46400.0
2021-01-12,27.762500762939453,27.762500762939453,27.454999923706055,27.587499618530273,27.587499618530273,39600.0
2021-01-13,27.700000762939453,28.0,27.56999969482422,27.84149932861328,27.84149932861328,40400.0
2021-01-14,28.017499923706055,28.138500213623047,27.725749969482425,27.725749969482425,27.725749969482425,39200.0
2021-01-15,27.8174991607666,27.844999313354492,27.395000457763672,27.396499633789062,27.396499633789062,18000.0
2021-01-19,27.642499923706055,28.020000457763672,27.642499923706055,28.015249252319336,28.015249252319336,50400.0
2021-01-20,28.9325008392334,29.50749969482422,28.9325008392334,29.375,29.375,96000.0
2021-01-21,29.530000686645508,29.530000686645508,29.302499771118164,29.393749237060547,29.393749237060547,54000.0
2021-01-22,29.372499465942383,29.489999771118164,29.262500762939453,29.43174934387207,29.43174934387207,116000.0
2021-01-25,29.834999084472656,30.0,28.907499313354492,29.676000595092773,29.676000595092773,140400.0
2021-01-26,29.70249938964844,29.88999938964844,29.61224937438965,29.78849983215332,29.78849983215332,47200.0
2021-01-27,29.459999084472656,29.459999084472656,28.69499969482422,28.80900001525879,28.80900001525879,80000.0
2021-01-28,28.700000762939453,29.262500762939453,28.625,28.915000915527344,28.915000915527344,89200.0
2021-01-29,28.72249984741211,28.72249984741211,28.012500762939453,28.26499938964844,28.26499938964844,86400.0
2021-02-01,28.537500381469727,29.125,28.477500915527344,29.12150001525879,29.12150001525879,39600.0
2021-02-02,29.5049991607666,29.68375015258789,29.375,29.56999969482422,29.56999969482422,101600.0
2021-02-03,30.030000686645508,30.05299949645996,29.73150062561035,29.73150062561035,29.73150062561035,65200.0
2021-02-04,29.857500076293945,30.06624984741211,29.71500015258789,30.065250396728516,30.065250396728516,35200.0
2021-02-05,30.038000106811523,30.405000686645508,29.98500061035156,30.28325080871582,30.28325080871582,18400.0
2021-02-08,30.594999313354492,30.6924991607666,30.4950008392334,30.60325050354004,30.60325050354004,82000.0
2021-02-09,30.592500686645508,31.2185001373291,30.592500686645508,30.95249938964844,30.95249938964844,61200.0
2021-02-10,31.612499237060547,31.688249588012695,31.0,31.425249099731445,31.425249099731445,69200.0
2021-02-11,31.825000762939453,31.825000762939453,31.381250381469727,31.59749984741211,31.59749984741211,50400.0
2021-02-12,31.68000030517578,31.8700008392334,31.368999481201172,31.790000915527344,31.790000915527344,35000.0
2021-02-16,32.04999923706055,32.369998931884766,31.8799991607666,32.117000579833984,32.117000579833984,44000.0
2021-02-17,31.790000915527344,32.0,31.290000915527344,31.790000915527344,31.790000915527344,54400.0
2021-02-18,31.149999618530273,31.399999618530273,30.8439998626709,31.350000381469727,31.350000381469727,62500.0
2021-02-19,31.520000457763672,31.795000076293945,31.340999603271484,31.67799949645996,31.67799949645996,28400.0
2021-02-22,31.200000762939453,31.700000762939453,30.790000915527344,30.822999954223633,30.822999954223633,75600.0
2021-02-23,29.8700008392334,30.8799991607666,28.899999618530273,30.8700008392334,30.8700008392334,93900.0
2021-02-24,30.6200008392334,30.739999771118164,30.065000534057617,30.68199920654297,30.68199920654297,54000.0
2021-02-25,30.690000534057617,31.0,29.48200035095215,29.7450008392334,29.7450008392334,122100.0
2021-02-26,30.010000228881836,30.31999969482422,29.350000381469727,29.75,29.75,87900.0
2021-03-01,30.34000015258789,30.579999923706055,30.049999237060547,30.579999923706055,30.579999923706055,83500.0
2021-03-02,30.5,30.65999984741211,29.959999084472656,29.979999542236328,29.979999542236328,44200.0
2021-03-03,29.979999542236328,30.190000534057617,28.790000915527344,28.84000015258789,28.84000015258789,107300.0
2021-03-04,28.75,29.030000686645508,27.63999938964844,28.084999084472656,28.084999084472656,130400.0
2021-03-05,28.40999984741211,28.40999984741211,26.799999237060547,28.309999465942383,28.309999465942383,173200.0
2021-03-08,28.149999618530273,28.299999237060547,26.84000015258789,26.850000381469727,26.850000381469727,87200.0
2021-03-09,27.81999969482422,28.709999084472656,27.729999542236328,28.63999938964844,28.63999938964844,89200.0
2021-03-10,29.09000015258789,29.18000030517578,28.049999237060547,28.260000228881836,28.260000228881836,39200.0
2021-03-11,28.90999984741211,29.358999252319336,28.732999801635746,29.347000122070312,29.347000122070312,83000.0
2021-03-12,28.799999237060547,28.854000091552734,28.479999542236328,28.854000091552734,28.854000091552734,55700.0
2021-03-15,28.809999465942383,29.239999771118164,28.690000534057617,29.239999771118164,29.239999771118164,50500.0
2021-03-16,29.36000061035156,29.690000534057617,29.059999465942383,29.22800064086914,29.22800064086914,117000.0
2021-03-17,28.809999465942383,29.829999923706055,28.59000015258789,29.6299991607666,29.6299991607666,100500.0
2021-03-18,29.190000534057617,29.28499984741211,28.549999237060547,28.632999420166016,28.632999420166016,34100.0
2021-03-19,28.65999984741211,28.780000686645508,28.280000686645508,28.738000869750977,28.738000869750977,34800.0
2021-03-22,28.920000076293945,29.329999923706055,28.840999603271484,29.1200008392334,29.1200008392334,26600.0
2021-03-23,29.0,29.299999237060547,28.799999237060547,29.0,29.0,14900.0
2021-03-24,29.09000015258789,29.09000015258789,28.049999237060547,28.079999923706055,28.079999923706055,27900.0
2021-03-25,27.600000381469727,28.030000686645508,27.299999237060547,27.489999771118164,27.489999771118164,49600.0
2021-03-26,27.290000915527344,27.520000457763672,26.68000030517578,27.5,27.5,70500.0
2021-03-29,27.670000076293945,27.84000015258789,27.40999984741211,27.763999938964844,27.763999938964844,21200.0
2021-03-30,27.65999984741211,27.96500015258789,27.56999969482422,27.84000015258789,27.84000015258789,9900.0
2021-03-31,28.200000762939453,28.542999267578125,28.200000762939453,28.38400077819824,28.38400077819824,37200.0
2021-04-01,28.899999618530273,29.03499984741211,28.65999984741211,28.770999908447266,28.770999908447266,35700.0
2021-04-05,29.079999923706055,29.420000076293945,29.0,29.329999923706055,29.329999923706055,94600.0
2021-04-06,29.420000076293945,29.7189998626709,29.38999938964844,29.540000915527344,29.540000915527344,19800.0
2021-04-07,29.479999542236328,29.790000915527344,29.391000747680664,29.715999603271484,29.715999603271484,32000.0
2021-04-08,30.0,30.15999984741211,29.93000030517578,30.11000061035156,30.11000061035156,82400.0
2021-04-09,29.950000762939453,30.18000030517578,29.81999969482422,30.18000030517578,30.18000030517578,18000.0
2021-04-12,30.3700008392334,30.549999237060547,30.11000061035156,30.510000228881836,30.510000228881836,88100.0
2021-04-13,30.739999771118164,31.1299991607666,30.600000381469727,31.1299991607666,31.1299991607666,54400.0
2021-04-14,31.31999969482422,31.31999969482422,30.329999923706055,30.329999923706055,30.329999923706055,30000.0
2021-04-15,30.719999313354492,30.940000534057617,30.700000762939453,30.8799991607666,30.8799991607666,29500.0
2021-04-16,30.920000076293945,30.959999084472656,30.579999923706055,30.770000457763672,30.770000457763672,24100.0
2021-04-19,30.559999465942383,30.636999130249023,30.1299991607666,30.469999313354492,30.469999313354492,39500.0
2021-04-20,30.34000015258789,30.375999450683594,29.81999969482422,30.058000564575195,30.058000564575195,21300.0
2021-04-21,29.641000747680664,30.1200008392334,29.59000015258789,30.1200008392334,30.1200008392334,29800.0
2021-04-22,30.15999984741211,30.200000762939453,29.56100082397461,29.57799911499023,29.57799911499023,23300.0
2021-04-23,29.770000457763672,30.21500015258789,29.770000457763672,30.150999069213867,30.150999069213867,38300.0
2021-04-26,30.170000076293945,30.329999923706055,30.089000701904297,30.277000427246097,30.277000427246097,24700.0
2021-04-27,30.329999923706055,30.350000381469727,30.11000061035156,30.1200008392334,30.1200008392334,14100.0
2021-04-28,30.260000228881836,30.440000534057617,30.11000061035156,30.19499969482422,30.19499969482422,34100.0
2021-04-29,30.719999313354492,30.719999313354492,29.98900032043457,30.291000366210938,30.291000366210938,16800.0
2021-04-30,29.700000762939453,30.069000244140625,29.700000762939453,29.742000579833984,29.742000579833984,14800.0
2021-05-03,29.8700008392334,29.93000030517578,29.36000061035156,29.459999084472656,29.459999084472656,72500.0
2021-05-04,29.06999969482422,29.270000457763672,28.399999618530273,28.809999465942383,28.809999465942383,118300.0
2021-05-05,29.13999938964844,29.149999618530273,28.618999481201172,28.670000076293945,28.670000076293945,27800.0
2021-05-06,28.690000534057617,28.7549991607666,28.309999465942383,28.75,28.75,84300.0
2021-05-07,29.11000061035156,29.209999084472656,28.790000915527344,28.892000198364254,28.892000198364254,68200.0
2021-05-10,28.709999084472656,28.709999084472656,27.760000228881836,27.760000228881836,27.760000228881836,34500.0
2021-05-11,27.09000015258789,28.030000686645508,27.059999465942383,27.969999313354492,27.969999313354492,80800.0
2021-05-12,27.600000381469727,27.850000381469727,27.149999618530273,27.239999771118164,27.239999771118164,38700.0
2021-05-13,27.520000457763672,27.575000762939453,26.770000457763672,27.049999237060547,27.049999237060547,35900.0
2021-05-14,27.34000015258789,27.768999099731445,27.200000762939453,27.739999771118164,27.739999771118164,40600.0
2021-05-17,27.652999877929688,27.75,27.440000534057617,27.739999771118164,27.739999771118164,13200.0
2021-05-18,27.8700008392334,28.059999465942383,27.6200008392334,27.649999618530273,27.649999618530273,9600.0
2021-05-19,27.059999465942383,27.61000061035156,27.049999237060547,27.61000061035156,27.61000061035156,19700.0
2021-05-20,27.739999771118164,28.280000686645508,27.739999771118164,28.190000534057617,28.190000534057617,22300.0
2021-05-21,28.399999618530273,28.399999618530273,28.0,28.0,28.0,47300.0
2021-05-24,28.15999984741211,28.791000366210938,28.13999938964844,28.549999237060547,28.549999237060547,26400.0
2021-05-25,28.90999984741211,28.920000076293945,28.6200008392334,28.63999938964844,28.63999938964844,23000.0
2021-05-26,28.8799991607666,29.0,28.809999465942383,28.88800048828125,28.88800048828125,14100.0
2021-05-27,28.959999084472656,29.0,28.8700008392334,28.959999084472656,28.959999084472656,15400.0
2021-05-28,28.940000534057617,29.13999938964844,28.940000534057617,29.000999450683594,29.000999450683594,19500.0
2021-06-01,29.200000762939453,29.28300094604492,28.8700008392334,28.989999771118164,28.989999771118164,10400.0
2021-06-02,29.100000381469727,29.179000854492188,28.940000534057617,29.079999923706055,29.079999923706055,8200.0
2021-06-03,28.899999618530273,28.899999618530273,28.649999618530273,28.709999084472656,28.709999084472656,27200.0
2021-06-04,28.84000015258789,29.30699920654297,28.84000015258789,29.260000228881836,29.260000228881836,17500.0
2021-06-07,29.229999542236328,29.367000579833984,29.040000915527344,29.364999771118164,29.364999771118164,16500.0
2021-06-08,29.540000915527344,29.549999237060547,29.1299991607666,29.270000457763672,29.270000457763672,17200.0
2021-06-09,29.38999938964844,29.420000076293945,29.190000534057617,29.219999313354492,29.219999313354492,15900.0
2021-06-10,29.280000686645508,29.43000030517578,29.18000030517578,29.40999984741211,29.40999984741211,19100.0
2021-06-11,29.530000686645508,29.530000686645508,29.36000061035156,29.5,29.5,30300.0
2021-06-14,29.530000686645508,29.868999481201172,29.530000686645508,29.868000030517575,29.868000030517575,27900.0
2021-06-15,29.850000381469727,29.8700008392334,29.549999237060547,29.56999969482422,29.56999969482422,9300.0
2021-06-16,29.56999969482422,29.700000762939453,29.209999084472656,29.489999771118164,29.489999771118164,16900.0
2021-06-17,29.40999984741211,30.15999984741211,29.40999984741211,30.06999969482422,30.06999969482422,30300.0
2021-06-18,29.989999771118164,30.18000030517578,29.920000076293945,29.93000030517578,29.93000030517578,162900.0
2021-06-21,29.90999984741211,29.99099922180176,29.6200008392334,29.8799991607666,29.8799991607666,22900.0
2021-06-22,30.0,30.510000228881836,29.979999542236328,30.457000732421875,30.457000732421875,44900.0
2021-06-23,30.540000915527344,30.940000534057617,30.540000915527344,30.8799991607666,30.8799991607666,70500.0
2021-06-24,31.149999618530273,31.440000534057617,31.104999542236328,31.149999618530273,31.149999618530273,79900.0
2021-06-25,31.459999084472656,31.52400016784668,31.23500061035156,31.420000076293945,31.420000076293945,34800.0
2021-06-28,31.540000915527344,32.00899887084961,31.540000915527344,31.90999984741211,31.90999984741211,29200.0
2021-06-29,31.88999938964844,32.0099983215332,31.690000534057617,32.0099983215332,32.0099983215332,29200.0
2021-06-30,31.90999984741211,32.01900100708008,31.81999969482422,31.8799991607666,31.8799991607666,55600.0
2021-07-01,31.850000381469727,32.0,31.59000015258789,31.809999465942383,31.809999465942383,37500.0
2021-07-02,31.88999938964844,32.02000045776367,31.739999771118164,31.969999313354492,31.969999313354492,120600.0
2021-07-06,31.969999313354492,32.029998779296875,31.600000381469727,31.93000030517578,31.93000030517578,36000.0
2021-07-07,32.22999954223633,32.22999954223633,31.641000747680664,31.649999618530273,31.649999618530273,47000.0
2021-07-08,31.020000457763672,31.27300071716309,30.84000015258789,31.15999984741211,31.15999984741211,58100.0
2021-07-09,31.329999923706055,31.667999267578125,31.26499938964844,31.667999267578125,31.667999267578125,25400.0
2021-07-12,31.75,31.929000854492188,31.700000762939453,31.899999618530273,31.899999618530273,27700.0
2021-07-13,31.899999618530273,32.279998779296875,31.899999618530273,32.0099983215332,32.0099983215332,36500.0
2021-07-14,32.2599983215332,32.310001373291016,31.920000076293945,31.920000076293945,31.920000076293945,48400.0
2021-07-15,32.04999923706055,32.04999923706055,31.36000061035156,31.6299991607666,31.6299991607666,35200.0
2021-07-16,31.690000534057617,31.739999771118164,30.930999755859375,31.049999237060547,31.049999237060547,81300.0
2021-07-19,30.5,30.940000534057617,30.350000381469727,30.940000534057617,30.940000534057617,45400.0
2021-07-20,30.809999465942383,31.298999786376953,30.617000579833984,31.222000122070312,31.222000122070312,24200.0
2021-07-21,31.18000030517578,31.399999618530273,31.1299991607666,31.399999618530273,31.399999618530273,30900.0
2021-07-22,31.43000030517578,31.59000015258789,31.36000061035156,31.538000106811523,31.538000106811523,102500.0
2021-07-23,31.600000381469727,31.815000534057617,31.26099967956543,31.719999313354492,31.719999313354492,23100.0
2021-07-26,31.530000686645508,31.6200008392334,31.219999313354492,31.36000061035156,31.36000061035156,32300.0
2021-07-27,31.170000076293945,31.31999969482422,30.459999084472656,30.959999084472656,30.959999084472656,47400.0
2021-07-28,31.239999771118164,31.6299991607666,30.989999771118164,31.3700008392334,31.3700008392334,30400.0
2021-07-29,31.469999313354492,31.6200008392334,31.36000061035156,31.520000457763672,31.520000457763672,149100.0
2021-07-30,30.93000030517578,31.281999588012695,30.93000030517578,31.11000061035156,31.11000061035156,18400.0
2021-08-02,31.3799991607666,31.548999786376953,31.15999984741211,31.31999969482422,31.31999969482422,22300.0
2021-08-03,31.270000457763672,31.329999923706055,30.964000701904297,31.260000228881836,31.260000228881836,18300.0
2021-08-04,31.290000915527344,31.530000686645508,31.270000457763672,31.530000686645508,31.530000686645508,32100.0
2021-08-05,31.579999923706055,31.733999252319336,31.43000030517578,31.704999923706055,31.704999923706055,19200.0
2021-08-06,31.6299991607666,31.6299991607666,31.329999923706055,31.350000381469727,31.350000381469727,20000.0
2021-08-09,31.40999984741211,31.510000228881836,31.31999969482422,31.459999084472656,31.459999084472656,9800.0
2021-08-10,31.520000457763672,31.520000457763672,31.190000534057617,31.25,31.25,7600.0
2021-08-11,31.3700008392334,31.3700008392334,30.950000762939453,31.09000015258789,31.09000015258789,18300.0
2021-08-12,30.950000762939453,31.15999984741211,30.760000228881836,31.15999984741211,31.15999984741211,12600.0
2021-08-13,31.059999465942383,31.15999984741211,30.989999771118164,31.020000457763672,31.020000457763672,22500.0
2021-08-16,30.809999465942383,30.90999984741211,30.270000457763672,30.760000228881836,30.760000228881836,58200.0
2021-08-17,30.209999084472656,30.420000076293945,29.899999618530273,30.1299991607666,30.1299991607666,14300.0
2021-08-18,30.15999984741211,30.350000381469727,29.969999313354492,29.979999542236328,29.979999542236328,152300.0
2021-08-19,29.739999771118164,30.18000030517578,29.680999755859375,29.920000076293945,29.920000076293945,81100.0
2021-08-20,30.040000915527344,30.280000686645508,30.0,30.100000381469727,30.100000381469727,10700.0
2021-08-23,30.40999984741211,30.9950008392334,30.3799991607666,30.979999542236328,30.979999542236328,30900.0
2021-08-24,31.219999313354492,31.459999084472656,31.170000076293945,31.3700008392334,31.3700008392334,126900.0
2021-08-25,31.31999969482422,31.43899917602539,31.260000228881836,31.280000686645508,31.280000686645508,25500.0
2021-08-26,31.440000534057617,31.489999771118164,31.13999938964844,31.18000030517578,31.18000030517578,5800.0
2021-08-27,31.18000030517578,31.520000457763672,31.15999984741211,31.489999771118164,31.489999771118164,48400.0
2021-08-30,31.540000915527344,32.040000915527344,31.540000915527344,31.90999984741211,31.90999984741211,29300.0
2021-08-31,32.09000015258789,32.154998779296875,31.899999618530273,32.150001525878906,32.150001525878906,48000.0
2021-09-01,32.189998626708984,32.71900177001953,32.189998626708984,32.52000045776367,32.52000045776367,26500.0
2021-09-02,32.68000030517578,32.68000030517578,32.250999450683594,32.297000885009766,32.297000885009766,41000.0
2021-09-03,32.22999954223633,32.5,32.15999984741211,32.5,32.5,29900.0
2021-09-07,32.65999984741211,32.970001220703125,32.650001525878906,32.88800048828125,32.88800048828125,65300.0
2021-09-08,32.86000061035156,32.86000061035156,32.29999923706055,32.529998779296875,32.529998779296875,23500.0
2021-09-09,32.45000076293945,32.59000015258789,32.33000183105469,32.369998931884766,32.369998931884766,19900.0
2021-09-10,32.638999938964844,32.65999984741211,32.060001373291016,32.09000015258789,32.09000015258789,24600.0
2021-09-13,32.20000076293945,32.2400016784668,31.583999633789062,31.93000030517578,31.93000030517578,30500.0
2021-09-14,31.899999618530273,32.0099983215332,31.625,31.71500015258789,31.71500015258789,22500.0
2021-09-15,31.68000030517578,31.98900032043457,31.38999938964844,31.920000076293945,31.920000076293945,20200.0
2021-09-16,31.809999465942383,31.93000030517578,31.6200008392334,31.90999984741211,31.90999984741211,13900.0
2021-09-17,31.940000534057617,32.02000045776367,31.6200008392334,31.739999771118164,31.739999771118164,10200.0
2021-09-20,31.06999969482422,31.200000762939453,30.309999465942383,30.63999938964844,30.63999938964844,93900.0
2021-09-21,30.969999313354492,31.09000015258789,30.780000686645508,30.959999084472656,30.959999084472656,35100.0
2021-09-22,30.979999542236328,31.399999618530273,30.920000076293945,31.31999969482422,31.31999969482422,31900.0
2021-09-23,31.520000457763672,31.698999404907227,31.290000915527344,31.670000076293945,31.670000076293945,16300.0
2021-09-24,31.3700008392334,31.56999969482422,31.25,31.56999969482422,31.56999969482422,19300.0
2021-09-27,31.299999237060547,31.600000381469727,31.06999969482422,31.56999969482422,31.56999969482422,28100.0
2021-09-28,31.260000228881836,31.260000228881836,30.65999984741211,30.739999771118164,30.739999771118164,47700.0
2021-09-29,30.920000076293945,31.09000015258789,30.510000228881836,30.510000228881836,30.510000228881836,14800.0
2021-09-30,30.670000076293945,30.90999984741211,30.5,30.5,30.5,12700.0
2021-10-01,30.65999984741211,30.73900032043457,30.229999542236328,30.70400047302246,30.70400047302246,12500.0
2021-10-04,30.540000915527344,30.540000915527344,29.600000381469727,29.709999084472656,29.709999084472656,32600.0
2021-10-05,29.989999771118164,30.6299991607666,29.989999771118164,30.40999984741211,30.40999984741211,21500.0
2021-10-06,30.06999969482422,30.709999084472656,30.040000915527344,30.709999084472656,30.709999084472656,11000.0
2021-10-07,31.15999984741211,31.52899932861328,31.149999618530273,31.34000015258789,31.34000015258789,15800.0
2021-10-08,31.43000030517578,31.65999984741211,31.43000030517578,31.459999084472656,31.459999084472656,20800.0
2021-10-11,31.549999237060547,31.75,31.32900047302246,31.329999923706055,31.329999923706055,11100.0
2021-10-12,31.43000030517578,31.43000030517578,31.11000061035156,31.22800064086914,31.22800064086914,16300.0
2021-10-13,31.43000030517578,31.5,31.260000228881836,31.38999938964844,31.38999938964844,62200.0
2021-10-14,31.739999771118164,31.899999618530273,31.6299991607666,31.8700008392334,31.8700008392334,25000.0
2021-10-15,32.029998779296875,32.11000061035156,31.86000061035156,32.04100036621094,32.04100036621094,30400.0
2021-10-18,32.209999084472656,32.72999954223633,32.130001068115234,32.72999954223633,32.72999954223633,26700.0
2021-10-19,32.95000076293945,33.24800109863281,32.83000183105469,33.2400016784668,33.2400016784668,44400.0
2021-10-20,33.36000061035156,33.36000061035156,33.0,33.13999938964844,33.13999938964844,29100.0
2021-10-21,33.19900131225586,33.5099983215332,33.19900131225586,33.5099983215332,33.5099983215332,11700.0
2021-10-22,33.189998626708984,33.40999984741211,32.869998931884766,33.09000015258789,33.09000015258789,26700.0
2021-10-25,33.189998626708984,33.56100082397461,32.83100128173828,33.5099983215332,33.5099983215332,42000.0
2021-10-26,33.7400016784668,34.099998474121094,33.2400016784668,33.4900016784668,33.4900016784668,25700.0
2021-10-27,33.40999984741211,33.61000061035156,33.2599983215332,33.369998931884766,33.369998931884766,24600.0
2021-10-28,33.5,33.75,33.369998931884766,33.654998779296875,33.654998779296875,10800.0
2021-10-29,33.439998626708984,33.72999954223633,33.334999084472656,33.68000030517578,33.68000030517578,55000.0
2021-11-01,33.83000183105469,34.31999969482422,33.81999969482422,34.29999923706055,34.29999923706055,16500.0
2021-11-02,34.060001373291016,34.11199951171875,33.87200164794922,34.0,34.0,12500.0
2021-11-03,34.040000915527344,34.5,33.970001220703125,34.5,34.5,24500.0
2021-11-04,34.810001373291016,35.2599983215332,34.77000045776367,34.970001220703125,34.970001220703125,17000.0
2021-11-05,35.11000061035156,35.18000030517578,34.64099884033203,34.65999984741211,34.65999984741211,17300.0
2021-11-08,34.61000061035156,34.869998931884766,34.61000061035156,34.7400016784668,34.7400016784668,23500.0
2021-11-09,35.029998779296875,35.029998779296875,34.04999923706055,34.12900161743164,34.12900161743164,21900.0
2021-11-10,33.880001068115234,34.36899948120117,33.5,33.854000091552734,33.854000091552734,23700.0
2021-11-11,34.32500076293945,34.369998931884766,34.150001525878906,34.15599822998047,34.15599822998047,23400.0
2021-11-12,34.150001525878906,34.5099983215332,33.91600036621094,34.5099983215332,34.5099983215332,25100.0
2021-11-15,34.529998779296875,34.529998779296875,34.21099853515625,34.38999938964844,34.38999938964844,16100.0
2021-11-16,34.38999938964844,34.66899871826172,34.38999938964844,34.6510009765625,34.6510009765625,12500.0
2021-11-17,34.5989990234375,34.619998931884766,34.36000061035156,34.375,34.375,5600.0
2021-11-18,34.43000030517578,34.54999923706055,34.150001525878906,34.30500030517578,34.30500030517578,21000.0
2021-11-19,34.56999969482422,34.69300079345703,34.5099983215332,34.630001068115234,34.630001068115234,17800.0
2021-11-22,34.880001068115234,35.10499954223633,34.0,34.0099983215332,34.0099983215332,20800.0
2021-11-23,34.02000045776367,34.02000045776367,33.25,33.757999420166016,33.757999420166016,28800.0
2021-11-24,33.310001373291016,34.13999938964844,33.27000045776367,34.08000183105469,34.08000183105469,11400.0
2021-11-26,33.81999969482422,33.849998474121094,33.27000045776367,33.45000076293945,33.45000076293945,15200.0
2021-11-29,34.08000183105469,34.119998931884766,33.79499816894531,34.00299835205078,34.00299835205078,28400.0
2021-11-30,33.88999938964844,34.15299987792969,33.25,33.47999954223633,33.47999954223633,16300.0
2021-12-01,33.91999816894531,34.0,32.529998779296875,32.529998779296875,32.529998779296875,19900.0
2021-12-02,32.5,32.78799819946289,32.35200119018555,32.54999923706055,32.54999923706055,14700.0
2021-12-03,32.61000061035156,32.61000061035156,31.13999938964844,31.489999771118164,31.489999771118164,53700.0
2021-12-06,31.3799991607666,32.20000076293945,31.11000061035156,32.18000030517578,32.18000030517578,30800.0
2021-12-07,33.0,33.2599983215332,32.83000183105469,33.14500045776367,33.14500045776367,10800.0
2021-12-08,33.150001525878906,33.47999954223633,32.9739990234375,33.380001068115234,33.380001068115234,8100.0
2021-12-09,33.36000061035156,33.683998107910156,32.77000045776367,32.77000045776367,32.77000045776367,12300.0
2021-12-10,33.08000183105469,33.08000183105469,32.5099983215332,32.900001525878906,32.900001525878906,37500.0
2021-12-13,32.7599983215332,32.7599983215332,31.961000442504883,32.08000183105469,32.08000183105469,16600.0
2021-12-14,31.510000228881836,32.000999450683594,31.43000030517578,31.895999908447266,31.895999908447266,28400.0
2021-12-15,31.5,32.54999923706055,31.170000076293945,32.54999923706055,32.54999923706055,25800.0
2021-12-16,32.65999984741211,32.7400016784668,31.40999984741211,31.469999313354492,31.469999313354492,30200.0
2021-12-17,31.290000915527344,31.849000930786133,31.000999450683594,31.469999313354492,31.469999313354492,23100.0
2021-12-20,30.829999923706055,30.989999771118164,30.570999145507812,30.850000381469727,30.850000381469727,39800.0
2021-12-21,31.15999984741211,31.84000015258789,30.959999084472656,31.82900047302246,31.82900047302246,53600.0
2021-12-22,31.670000076293945,32.132999420166016,31.670000076293945,32.132999420166016,32.132999420166016,24400.0
2021-12-23,32.25,32.59000015258789,32.08000183105469,32.560001373291016,32.560001373291016,24900.0
2021-12-27,32.560001373291016,33.060001373291016,32.560001373291016,32.95000076293945,32.95000076293945,30000.0
2021-12-28,32.95000076293945,32.95000076293945,32.63999938964844,32.650001525878906,32.650001525878906,25900.0
2021-12-29,32.630001068115234,32.68000030517578,32.20000076293945,32.40999984741211,32.40999984741211,18400.0
2021-12-30,32.349998474121094,33.119998931884766,32.34000015258789,32.84299850463867,32.84299850463867,13500.0
2021-12-31,32.7599983215332,32.810001373291016,32.38999938964844,32.38999938964844,32.38999938964844,11600.0
2022-01-03,32.849998474121094,33.165000915527344,32.619998931884766,33.150001525878906,33.150001525878906,36800.0
2022-01-04,33.15999984741211,33.15999984741211,32.22999954223633,32.560001373291016,32.560001373291016,88800.0
2022-01-05,32.34000015258789,32.499000549316406,31.510000228881836,31.510000228881836,31.510000228881836,13000.0
2022-01-06,31.38999938964844,31.900999069213867,31.079999923706055,31.66699981689453,31.66699981689453,24600.0
2022-01-07,31.8700008392334,31.940000534057617,31.399999618530273,31.600000381469727,31.600000381469727,16400.0
2022-01-10,31.079999923706055,31.59000015258789,30.549999237060547,31.59000015258789,31.59000015258789,32000.0
2022-01-11,31.459999084472656,32.06999969482422,31.459999084472656,32.029998779296875,32.029998779296875,19000.0
2022-01-12,32.400001525878906,32.59000015258789,32.130001068115234,32.41999816894531,32.41999816894531,19600.0
2022-01-13,32.4900016784668,32.4900016784668,31.190000534057617,31.190000534057617,31.190000534057617,36900.0
2022-01-14,31.051000595092773,31.549999237060547,31.049999237060547,31.534000396728516,31.534000396728516,26000.0
2022-01-18,30.8799991607666,31.270000457763672,30.600000381469727,30.799999237060547,30.799999237060547,24000.0
2022-01-19,30.979999542236328,31.079999923706055,30.479999542236328,30.479999542236328,30.479999542236328,25300.0
2022-01-20,31.100000381469727,31.299999237060547,30.36599922180176,30.440000534057617,30.440000534057617,17600.0
2022-01-21,29.6200008392334,29.86000061035156,28.75,28.86000061035156,28.86000061035156,160500.0
2022-01-24,28.0,28.540000915527344,26.742000579833984,28.5,28.5,89000.0
2022-01-25,28.010000228881836,28.450000762939453,27.690000534057617,27.8799991607666,27.8799991607666,94600.0
2022-01-26,28.81999969482422,28.81999969482422,27.5,27.780000686645508,27.780000686645508,43100.0
2022-01-27,28.200000762939453,28.299999237060547,27.34000015258789,27.388999938964844,27.388999938964844,27000.0
2022-01-28,27.63999938964844,28.200000762939453,27.100000381469727,28.200000762939453,28.200000762939453,58000.0
2022-01-31,28.6299991607666,29.88999938964844,28.479999542236328,29.850000381469727,29.850000381469727,194600.0
2022-02-01,30.049999237060547,30.200000762939453,29.570999145507812,30.170000076293945,30.170000076293945,57300.0
2022-02-02,30.729999542236328,30.729999542236328,29.8799991607666,30.200000762939453,30.200000762939453,67000.0
2022-02-03,28.809999465942383,29.270000457763672,28.479999542236328,28.510000228881836,28.510000228881836,77500.0
2022-02-04,28.790000915527344,29.39900016784668,28.676000595092773,29.170000076293945,29.170000076293945,173500.0
2022-02-07,28.959999084472656,29.11000061035156,28.530000686645508,28.56999969482422,28.56999969482422,19700.0
2022-02-08,28.469999313354492,29.09000015258789,28.440000534057617,29.09000015258789,29.09000015258789,17800.0
2022-02-09,29.38999938964844,29.790000915527344,29.3799991607666,29.790000915527344,29.790000915527344,61900.0
2022-02-10,29.229999542236328,29.799999237060547,29.049999237060547,29.200000762939453,29.200000762939453,26000.0
2022-02-11,29.290000915527344,29.309999465942383,28.06999969482422,28.229999542236328,28.229999542236328,28800.0
2022-02-14,28.010000228881836,28.68000030517578,27.989999771118164,28.309999465942383,28.309999465942383,37000.0
2022-02-15,28.8799991607666,29.280000686645508,28.850000381469727,29.280000686645508,29.280000686645508,19700.0
2022-02-16,29.030000686645508,29.290000915527344,28.799999237060547,29.200000762939453,29.200000762939453,15200.0
2022-02-17,28.8799991607666,29.149999618530273,28.270000457763672,28.31999969482422,28.31999969482422,76800.0
2022-02-18,28.290000915527344,28.290000915527344,27.450000762939453,27.67799949645996,27.67799949645996,13800.0
2022-02-22,27.209999084472656,27.459999084472656,26.760000228881836,27.030000686645508,27.030000686645508,51200.0
2022-02-23,27.329999923706055,27.450000762939453,26.190000534057617,26.219999313354492,26.219999313354492,36400.0
2022-02-24,24.88999938964844,27.059999465942383,24.88999938964844,27.030000686645508,27.030000686645508,54800.0
2022-02-25,27.049999237060547,27.368999481201172,26.684999465942383,27.36599922180176,27.36599922180176,27500.0
2022-02-28,27.100000381469727,27.68000030517578,27.020000457763672,27.520000457763672,27.520000457763672,21200.0
2022-03-01,27.63999938964844,28.1299991607666,27.30500030517578,27.520000457763672,27.520000457763672,36900.0
2022-03-02,27.579999923706055,27.749000549316406,27.13999938964844,27.649999618530273,27.649999618530273,20400.0
2022-03-03,27.760000228881836,27.760000228881836,26.90999984741211,27.040000915527344,27.040000915527344,9200.0
2022-03-04,26.770000457763672,26.899999618530273,26.270000457763672,26.45800018310547,26.45800018310547,10800.0
2022-03-07,26.350000381469727,26.479000091552734,25.270000457763672,25.270000457763672,25.270000457763672,55100.0
2022-03-08,25.190000534057617,25.8799991607666,24.88999938964844,25.15999984741211,25.15999984741211,21300.0
2022-03-09,25.86000061035156,26.399999618530273,25.81999969482422,26.3700008392334,26.3700008392334,30000.0
2022-03-10,25.940000534057617,25.940000534057617,25.399999618530273,25.760000228881836,25.760000228881836,14300.0
2022-03-11,25.93000030517578,25.93000030517578,24.579999923706055,24.579999923706055,24.579999923706055,22200.0
2022-03-14,24.13999938964844,24.450000762939453,23.625,23.729999542236328,23.729999542236328,48400.0
2022-03-15,23.790000915527344,24.530000686645508,23.65999984741211,24.510000228881836,24.510000228881836,14700.0
2022-03-16,25.56999969482422,26.979999542236328,25.399999618530273,26.88999938964844,26.88999938964844,24600.0
2022-03-17,26.6200008392334,27.1200008392334,26.395000457763672,27.1200008392334,27.1200008392334,20500.0
2022-03-18,27.149999618530273,28.239999771118164,27.149999618530273,28.09600067138672,28.09600067138672,52700.0
2022-03-21,27.799999237060547,28.100000381469727,27.450000762939453,27.850000381469727,27.850000381469727,15000.0
2022-03-22,28.399999618530273,29.003000259399418,28.33099937438965,28.920000076293945,28.920000076293945,28400.0
2022-03-23,28.68000030517578,29.26499938964844,28.510000228881836,28.770999908447266,28.770999908447266,16600.0
2022-03-24,28.760000228881836,29.13999938964844,28.5,29.079999923706055,29.079999923706055,10500.0
2022-03-25,28.950000762939453,29.059999465942383,28.625,28.96299934387207,28.96299934387207,17200.0
2022-03-28,29.1200008392334,29.572999954223633,29.0310001373291,29.469999313354492,29.469999313354492,38100.0
2022-03-29,30.020000457763672,30.170000076293945,29.68000030517578,30.06999969482422,30.06999969482422,42300.0
2022-03-30,29.8700008392334,30.136999130249023,29.489999771118164,29.6200008392334,29.6200008392334,16400.0
2022-03-31,29.540000915527344,29.540000915527344,28.850000381469727,28.93000030517578,28.93000030517578,19200.0
2022-04-01,29.270000457763672,29.31999969482422,28.799999237060547,29.0,29.0,20400.0
2022-04-04,29.34000015258789,30.15999984741211,29.229999542236328,30.11000061035156,30.11000061035156,23800.0
2022-04-05,29.920000076293945,29.920000076293945,29.1200008392334,29.209999084472656,29.209999084472656,15700.0
2022-04-06,28.690000534057617,28.729999542236328,27.969999313354492,28.170000076293945,28.170000076293945,64300.0
2022-04-07,28.049999237060547,28.149999618530273,27.540000915527344,27.940000534057617,27.940000534057617,23600.0
2022-04-08,27.81999969482422,27.8799991607666,27.479999542236328,27.479999542236328,27.479999542236328,14200.0
2022-04-11,26.88999938964844,27.190000534057617,26.6200008392334,26.690000534057617,26.690000534057617,23900.0
2022-04-12,27.049999237060547,27.229999542236328,26.399999618530273,26.469999313354492,26.469999313354492,21500.0
2022-04-13,26.309999465942383,27.049999237060547,26.309999465942383,26.979999542236328,26.979999542236328,12700.0
2022-04-14,26.86000061035156,26.93000030517578,26.15999984741211,26.15999984741211,26.15999984741211,18000.0
2022-04-18,26.100000381469727,26.350000381469727,25.84199905395508,26.18000030517578,26.18000030517578,21600.0
2022-04-19,26.079999923706055,26.719999313354492,25.8799991607666,26.68000030517578,26.68000030517578,16600.0
2022-04-20,25.989999771118164,26.020000457763672,24.959999084472656,25.059999465942383,25.059999465942383,48300.0
2022-04-21,25.399999618530273,25.604999542236328,24.292999267578125,24.3799991607666,24.3799991607666,37800.0
2022-04-22,24.479999542236328,24.55299949645996,23.84000015258789,23.93000030517578,23.93000030517578,18700.0
2022-04-25,23.540000915527344,24.06999969482422,23.450000762939453,24.059999465942383,24.059999465942383,25100.0
2022-04-26,23.88999938964844,23.88999938964844,22.940000534057617,22.940000534057617,22.940000534057617,25200.0
2022-04-27,22.920000076293945,23.3700008392334,22.799999237060547,22.959999084472656,22.959999084472656,93700.0
2022-04-28,23.65999984741211,24.190000534057617,23.100000381469727,24.010000228881836,24.010000228881836,19900.0
2022-04-29,24.190000534057617,24.450000762939453,23.290000915527344,23.34000015258789,23.34000015258789,18400.0
2022-05-02,23.36000061035156,24.010000228881836,23.11000061035156,23.989999771118164,23.989999771118164,22100.0
2022-05-03,24.09000015258789,24.229999542236328,23.88999938964844,24.06999969482422,24.06999969482422,13100.0
2022-05-04,23.989999771118164,24.86000061035156,23.459999084472656,24.829999923706055,24.829999923706055,31900.0
2022-05-05,24.290000915527344,24.290000915527344,22.549999237060547,23.309999465942383,23.309999465942383,58900.0
2022-05-06,23.1200008392334,23.260000228881836,22.510000228881836,22.790000915527344,22.790000915527344,61500.0
2022-05-09,22.219999313354492,22.329999923706055,21.43000030517578,21.56999969482422,21.56999969482422,29100.0
2022-05-10,22.13999938964844,22.274999618530273,21.549999237060547,21.81999969482422,21.81999969482422,21900.0
2022-05-11,21.450000762939453,22.1200008392334,20.874000549316406,20.959999084472656,20.959999084472656,20200.0
2022-05-12,20.559999465942383,21.3700008392334,20.25,20.86000061035156,20.86000061035156,46100.0
2022-05-13,21.34000015258789,22.059999465942383,21.31999969482422,21.969999313354492,21.969999313354492,37100.0
2022-05-16,21.90999984741211,22.059999465942383,21.700000762939453,21.729999542236328,21.729999542236328,30800.0
2022-05-17,22.461000442504883,22.530000686645508,22.020000457763672,22.43000030517578,22.43000030517578,20000.0
2022-05-18,22.020000457763672,22.11000061035156,21.219999313354492,21.270000457763672,21.270000457763672,13700.0
2022-05-19,21.100000381469727,21.68000030517578,21.100000381469727,21.329999923706055,21.329999923706055,24500.0
2022-05-20,21.6200008392334,21.670000076293945,20.540000915527344,21.159000396728516,21.159000396728516,45400.0
2022-05-23,21.149999618530273,21.420000076293945,20.88999938964844,21.40999984741211,21.40999984741211,38600.0
2022-05-24,20.739999771118164,20.739999771118164,20.160999298095703,20.43000030517578,20.43000030517578,30500.0
2022-05-25,20.3700008392334,20.979999542236328,20.3700008392334,20.858999252319336,20.858999252319336,19600.0
2022-05-26,20.90999984741211,22.18000030517578,20.90999984741211,22.040000915527344,22.040000915527344,59000.0
2022-05-27,22.280000686645508,22.739999771118164,22.209999084472656,22.73500061035156,22.73500061035156,60100.0
2022-05-31,23.06999969482422,23.25,22.660999298095703,22.969999313354492,22.969999313354492,30800.0
2022-06-01,23.299999237060547,23.399999618530273,22.6200008392334,22.75,22.75,21700.0
2022-06-02,22.600000381469727,23.600000381469727,22.600000381469727,23.56999969482422,23.56999969482422,23200.0
2022-06-03,23.100000381469727,23.167999267578125,22.6299991607666,22.719999313354492,22.719999313354492,69700.0
2022-06-06,23.270000457763672,23.510000228881836,22.809999465942383,23.11000061035156,23.11000061035156,49200.0
2022-06-07,22.809999465942383,23.440000534057617,22.780000686645508,23.36000061035156,23.36000061035156,13300.0
2022-06-08,23.450000762939453,24.020000457763672,23.450000762939453,23.809999465942383,23.809999465942383,74700.0
2022-06-09,23.579999923706055,23.81999969482422,22.780000686645508,22.780000686645508,22.780000686645508,86400.0
2022-06-10,22.649999618530273,22.729999542236328,21.979999542236328,22.030000686645508,22.030000686645508,80700.0
2022-06-13,21.11000061035156,21.239999771118164,20.559999465942383,20.63999938964844,20.63999938964844,52500.0
2022-06-14,20.850000381469727,21.219999313354492,20.63999938964844,20.982999801635746,20.982999801635746,46000.0
2022-06-15,21.280000686645508,21.969999313354492,21.18000030517578,21.65999984741211,21.65999984741211,36600.0
2022-06-16,20.969999313354492,21.070999145507812,20.545000076293945,20.700000762939453,20.700000762939453,32000.0
2022-06-17,21.11000061035156,21.309999465942383,20.709999084472656,20.979999542236328,20.979999542236328,26900.0
2022-06-21,21.43000030517578,21.899999618530273,21.43000030517578,21.540000915527344,21.540000915527344,88600.0
2022-06-22,21.36000061035156,21.959999084472656,21.301000595092773,21.59000015258789,21.59000015258789,48100.0
2022-06-23,21.799999237060547,22.0,21.479999542236328,21.989999771118164,21.989999771118164,40300.0
2022-06-24,22.38999938964844,22.950000762939453,22.38999938964844,22.940000534057617,22.940000534057617,26600.0
2022-06-27,23.1299991607666,23.1299991607666,22.729999542236328,22.829999923706055,22.829999923706055,23300.0
2022-06-28,22.850000381469727,22.975000381469727,21.979999542236328,21.989999771118164,21.989999771118164,42900.0
2022-06-29,21.920000076293945,21.989999771118164,21.75,21.940000534057617,21.940000534057617,15000.0
2022-06-30,21.600000381469727,21.84000015258789,21.100000381469727,21.540000915527344,21.540000915527344,42500.0
2022-07-01,21.459999084472656,21.700000762939453,21.31999969482422,21.700000762939453,21.700000762939453,52300.0
2022-07-05,21.3700008392334,22.36000061035156,21.24799919128418,22.36000061035156,22.36000061035156,44900.0
2022-07-06,22.079999923706055,22.489999771118164,21.98500061035156,22.31999969482422,22.31999969482422,15100.0
2022-07-07,22.719999313354492,23.059999465942383,22.719999313354492,22.989999771118164,22.989999771118164,7300.0
2022-07-08,22.709999084472656,23.20199966430664,22.709999084472656,22.93000030517578,22.93000030517578,18100.0
2022-07-11,22.219999313354492,22.219999313354492,21.8700008392334,21.920000076293945,21.920000076293945,17600.0
2022-07-12,22.020000457763672,22.1200008392334,21.600000381469727,21.729999542236328,21.729999542236328,6700.0
2022-07-13,21.200000762939453,21.920000076293945,21.200000762939453,21.799999237060547,21.799999237060547,24200.0
2022-07-14,21.6299991607666,21.6299991607666,21.225000381469727,21.61000061035156,21.61000061035156,12000.0
2022-07-15,21.760000228881836,21.950000762939453,21.6299991607666,21.94300079345703,21.94300079345703,11800.0
2022-07-18,22.34000015258789,22.649999618530273,21.93000030517578,22.030000686645508,22.030000686645508,8300.0
2022-07-19,22.19499969482422,22.760000228881836,22.040000915527344,22.670000076293945,22.670000076293945,25300.0
2022-07-20,22.86000061035156,23.31999969482422,22.799999237060547,23.280000686645508,23.280000686645508,15400.0
2022-07-21,23.34000015258789,23.790000915527344,23.190000534057617,23.790000915527344,23.790000915527344,116800.0
2022-07-22,23.59000015258789,23.760000228881836,23.0,23.1200008392334,23.1200008392334,30900.0
2022-07-25,23.09000015258789,23.149999618530273,22.75,22.940000534057617,22.940000534057617,106000.0
2022-07-26,22.790000915527344,22.829999923706055,22.219999313354492,22.34000015258789,22.34000015258789,41500.0
2022-07-27,22.809999465942383,23.55500030517578,22.809999465942383,23.520000457763672,23.520000457763672,72000.0
2022-07-28,23.43000030517578,23.549999237060547,22.951000213623047,23.549999237060547,23.549999237060547,12800.0
2022-07-29,23.489999771118164,23.891000747680664,23.469999313354492,23.790000915527344,23.790000915527344,24500.0
2022-08-01,23.63999938964844,24.079999923706055,23.549999237060547,23.792999267578125,23.792999267578125,75400.0
2022-08-02,23.670000076293945,24.1200008392334,23.5,23.75,23.75,10000.0
2022-08-03,23.84000015258789,24.540000915527344,23.84000015258789,24.450000762939453,24.450000762939453,14400.0
2022-08-04,24.63999938964844,24.86000061035156,24.450000762939453,24.760000228881836,24.760000228881836,111800.0
2022-08-05,24.229999542236328,24.549999237060547,24.100000381469727,24.219999313354492,24.219999313354492,119300.0
2022-08-08,24.200000762939453,24.600000381469727,24.030000686645508,24.1299991607666,24.1299991607666,23800.0
2022-08-09,24.0,24.0,23.719999313354492,23.8700008392334,23.8700008392334,10900.0
2022-08-10,24.510000228881836,24.700000762939453,24.299999237060547,24.690000534057617,24.690000534057617,19000.0
2022-08-11,24.88999938964844,25.149999618530273,24.579999923706055,24.61000061035156,24.61000061035156,15900.0
2022-08-12,24.700000762939453,25.1299991607666,24.700000762939453,25.1299991607666,25.1299991607666,5400.0
2022-08-15,24.969999313354492,25.31999969482422,24.969999313354492,25.270000457763672,25.270000457763672,7600.0
2022-08-16,25.13999938964844,25.329999923706055,24.950000762939453,25.15999984741211,25.15999984741211,7500.0
2022-08-17,24.829999923706055,25.01499938964844,24.579999923706055,24.739999771118164,24.739999771118164,20400.0
2022-08-18,24.700000762939453,24.84000015258789,24.56999969482422,24.739999771118164,24.739999771118164,7100.0
2022-08-19,24.520000457763672,24.6200008392334,24.149999618530273,24.270000457763672,24.270000457763672,23800.0
2022-08-22,23.8799991607666,23.8799991607666,23.57900047302246,23.57900047302246,23.57900047302246,16200.0
2022-08-23,23.63999938964844,23.75900077819824,23.594999313354492,23.600000381469727,23.600000381469727,9000.0
2022-08-24,23.645000457763672,24.079999923706055,23.6299991607666,23.829999923706055,23.829999923706055,14200.0
2022-08-25,24.13999938964844,24.59000015258789,24.049999237060547,24.59000015258789,24.59000015258789,21500.0
2022-08-26,24.611000061035156,24.611000061035156,23.549999237060547,23.56999969482422,23.56999969482422,35200.0
2022-08-29,23.3700008392334,23.631000518798828,23.25,23.25,23.25,18500.0
2022-08-30,23.520000457763672,23.520000457763672,22.65999984741211,22.84000015258789,22.84000015258789,13400.0
2022-08-31,23.260000228881836,23.3799991607666,22.940000534057617,22.940000534057617,22.940000534057617,12000.0
2022-09-01,22.6200008392334,22.8799991607666,22.260000228881836,22.8700008392334,22.8700008392334,150200.0
2022-09-02,23.030000686645508,23.079999923706055,22.34000015258789,22.459999084472656,22.459999084472656,10900.0
2022-09-06,22.350000381469727,22.350000381469727,21.950000762939453,22.1200008392334,22.1200008392334,6500.0
2022-09-07,22.11000061035156,22.690000534057617,22.06999969482422,22.6200008392334,22.6200008392334,18100.0
2022-09-08,22.280000686645508,22.719999313354492,22.25,22.63999938964844,22.63999938964844,48500.0
2022-09-09,22.940000534057617,23.309999465942383,22.940000534057617,23.299999237060547,23.299999237060547,13700.0
2022-09-12,23.329999923706055,23.6200008392334,23.329999923706055,23.60300064086914,23.60300064086914,19700.0
2022-09-13,22.75,22.780000686645508,22.049999237060547,22.079999923706055,22.079999923706055,32000.0
2022-09-14,22.149999618530273,22.222999572753903,21.979999542236328,22.222999572753903,22.222999572753903,19400.0
2022-09-15,22.149999618530273,22.510000228881836,22.020000457763672,22.15999984741211,22.15999984741211,7600.0
2022-09-16,21.86000061035156,22.0,21.600000381469727,22.0,22.0,13700.0
2022-09-19,21.790000915527344,22.25,21.790000915527344,22.249000549316406,22.249000549316406,9500.0
2022-09-20,22.079999923706055,22.290000915527344,22.031999588012695,22.09000015258789,22.09000015258789,5300.0
2022-09-21,21.989999771118164,22.31999969482422,21.56100082397461,21.56100082397461,21.56100082397461,40600.0
2022-09-22,21.459999084472656,21.489999771118164,21.200000762939453,21.320999145507812,21.320999145507812,14500.0
2022-09-23,21.06999969482422,21.06999969482422,20.679000854492188,20.86000061035156,20.86000061035156,28000.0
2022-09-26,20.799999237060547,21.09000015258789,20.719999313354492,20.719999313354492,20.719999313354492,22200.0
2022-09-27,21.100000381469727,21.128999710083008,20.59000015258789,20.743000030517575,20.743000030517575,13300.0
2022-09-28,20.6299991607666,21.4689998626709,20.6299991607666,21.350000381469727,21.350000381469727,33600.0
2022-09-29,20.940000534057617,20.940000534057617,20.399999618530273,20.643999099731445,20.643999099731445,30100.0
2022-09-30,20.549999237060547,21.020000457763672,20.450000762939453,20.450000762939453,20.450000762939453,24600.0
2022-10-03,20.39699935913086,20.82900047302246,20.350000381469727,20.663000106811523,20.663000106811523,11000.0
2022-10-04,21.200000762939453,21.43000030517578,21.149999618530273,21.298999786376953,21.298999786376953,17900.0
2022-10-05,21.100000381469727,21.25,20.700000762939453,21.229999542236328,21.229999542236328,4000.0
2022-10-06,21.149999618530273,21.4060001373291,21.149999618530273,21.167999267578125,21.167999267578125,4500.0
2022-10-07,20.709999084472656,20.709999084472656,20.1299991607666,20.18400001525879,20.18400001525879,21100.0
2022-10-10,20.049999237060547,20.052000045776367,19.760000228881836,19.975000381469727,19.975000381469727,33400.0
2022-10-11,19.75,19.75,19.25,19.36199951171875,19.36199951171875,21300.0
2022-10-12,19.290000915527344,19.520000457763672,19.290000915527344,19.427000045776367,19.427000045776367,5500.0
2022-10-13,18.68000030517578,19.850000381469727,18.59000015258789,19.770000457763672,19.770000457763672,36400.0
2022-10-14,20.030000686645508,20.030000686645508,19.020000457763672,19.024999618530273,19.024999618530273,5800.0
2022-10-17,19.520000457763672,20.049999237060547,19.520000457763672,19.959999084472656,19.959999084472656,22300.0
2022-10-18,20.479999542236328,20.559999465942383,19.770000457763672,19.940000534057617,19.940000534057617,15000.0
2022-10-19,20.209999084472656,20.209999084472656,19.86000061035156,19.940000534057617,19.940000534057617,5600.0
2022-10-20,20.149999618530273,20.31999969482422,19.799999237060547,19.847000122070312,19.847000122070312,12500.0
2022-10-21,19.700000762939453,20.309999465942383,19.700000762939453,20.304000854492188,20.304000854492188,5200.0
2022-10-24,19.600000381469727,19.959999084472656,19.275999069213867,19.874000549316406,19.874000549316406,14200.0
2022-10-25,20.25,20.459999084472656,20.200000762939453,20.444000244140625,20.444000244140625,14000.0
2022-10-26,19.850000381469727,20.5,19.850000381469727,20.027000427246097,20.027000427246097,16000.0
2022-10-27,19.56999969482422,19.59000015258789,19.207000732421875,19.207000732421875,19.207000732421875,10000.0
2022-10-28,18.989999771118164,19.469999313354492,18.989999771118164,19.469999313354492,19.469999313354492,45700.0
2022-10-31,19.270000457763672,19.38999938964844,19.0,19.1200008392334,19.1200008392334,10000.0
2022-11-01,19.600000381469727,19.600000381469727,18.92799949645996,18.92799949645996,18.92799949645996,5700.0
2022-11-02,18.959999084472656,18.979999542236328,18.25,18.26499938964844,18.26499938964844,14300.0
2022-11-03,18.0,18.25,17.899999618530273,17.93000030517578,17.93000030517578,170600.0
2022-11-04,18.61000061035156,18.61000061035156,18.020000457763672,18.32900047302246,18.32900047302246,15300.0
2022-11-07,18.3799991607666,18.520000457763672,18.25,18.48200035095215,18.48200035095215,10100.0
2022-11-08,18.5,18.690000534057617,18.325000762939453,18.516000747680664,18.516000747680664,26500.0
2022-11-09,18.31999969482422,18.31999969482422,17.81999969482422,17.84000015258789,17.84000015258789,13400.0
2022-11-10,18.850000381469727,19.53499984741211,18.850000381469727,19.53499984741211,19.53499984741211,189700.0
2022-11-11,19.63999938964844,20.18000030517578,19.43000030517578,20.143999099731445,20.143999099731445,30900.0
2022-11-14,20.020000457763672,20.420000076293945,19.86000061035156,20.132999420166016,20.132999420166016,38100.0
2022-11-15,20.87700080871582,21.020000457763672,20.53499984741211,20.739999771118164,20.739999771118164,58800.0
2022-11-16,20.56999969482422,20.56999969482422,20.299999237060547,20.329999923706055,20.329999923706055,22900.0
2022-11-17,19.8700008392334,20.5,19.8700008392334,20.350000381469727,20.350000381469727,12200.0
2022-11-18,20.469999313354492,20.469999313354492,19.90999984741211,20.040000915527344,20.040000915527344,43500.0
2022-11-21,19.93000030517578,19.93000030517578,19.636999130249023,19.697999954223633,19.697999954223633,26100.0
2022-11-22,19.5,19.959999084472656,19.5,19.95599937438965,19.95599937438965,25200.0
2022-11-23,20.200000762939453,20.38999938964844,20.030000686645508,20.31999969482422,20.31999969482422,28400.0
2022-11-25,20.059999465942383,20.082000732421875,20.020000457763672,20.030000686645508,20.030000686645508,1400.0
2022-11-28,19.809999465942383,20.100000381469727,19.760000228881836,19.760000228881836,19.760000228881836,3800.0
2022-11-29,19.969999313354492,20.0,19.75,19.812999725341797,19.812999725341797,8000.0
2022-11-30,20.25,21.239999771118164,20.209999084472656,21.239999771118164,21.239999771118164,26700.0
2022-12-01,21.170000076293945,21.459999084472656,21.170000076293945,21.4060001373291,21.4060001373291,31200.0
2022-12-02,21.049999237060547,21.565000534057617,21.049999237060547,21.565000534057617,21.565000534057617,4700.0
2022-12-05,21.559999465942383,21.63999938964844,21.25,21.309999465942383,21.309999465942383,6900.0
2022-12-06,21.170000076293945,21.299999237060547,20.75,20.79400062561035,20.79400062561035,25000.0
2022-12-07,20.5,20.649999618530273,20.469999313354492,20.611000061035156,20.611000061035156,9300.0
2022-12-08,21.059999465942383,21.117000579833984,20.94499969482422,21.117000579833984,21.117000579833984,2600.0
2022-12-09,21.34000015258789,21.34000015258789,21.090999603271484,21.090999603271484,21.090999603271484,21900.0
2022-12-12,21.0,21.04800033569336,20.719999313354492,21.04700088500977,21.04700088500977,9700.0
2022-12-13,21.959999084472656,22.059999465942383,21.268999099731445,21.459999084472656,21.459999084472656,48100.0
2022-12-14,21.36000061035156,21.600000381469727,21.149999618530273,21.30500030517578,21.30500030517578,18900.0
2022-12-15,20.965999603271484,20.969999313354492,20.229999542236328,20.301000595092773,20.301000595092773,28900.0
2022-12-16,20.459999084472656,20.459999084472656,20.15999984741211,20.17799949645996,20.17799949645996,15600.0
2022-12-19,20.059999465942383,20.079999923706055,19.63999938964844,19.729999542236328,19.729999542236328,28700.0
2022-12-20,19.5,19.736000061035156,19.5,19.690000534057617,19.690000534057617,19900.0
2022-12-21,19.729999542236328,20.13999938964844,19.68000030517578,20.104999542236328,20.104999542236328,7000.0
2022-12-22,19.780000686645508,19.780000686645508,19.049999237060547,19.34600067138672,19.34600067138672,4300.0
2022-12-23,19.219999313354492,19.350000381469727,19.059999465942383,19.350000381469727,19.350000381469727,5800.0
2022-12-27,19.15999984741211,19.200000762939453,18.799999237060547,18.799999237060547,18.799999237060547,21400.0
2022-12-28,18.670000076293945,18.90999984741211,18.530000686645508,18.559999465942383,18.559999465942383,25800.0
2022-12-29,18.93000030517578,19.36000061035156,18.93000030517578,19.350000381469727,19.350000381469727,26300.0
2022-12-30,19.020000457763672,19.329999923706055,18.96500015258789,19.329999923706055,19.329999923706055,21400.0
2023-01-03,19.510000228881836,19.68000030517578,18.899999618530273,19.027000427246097,19.027000427246097,50400.0
2023-01-04,19.170000076293945,19.25,18.799999237060547,19.155000686645508,19.155000686645508,101600.0
2023-01-05,19.010000228881836,19.010000228881836,18.63999938964844,18.700000762939453,18.700000762939453,7100.0
2023-01-06,18.670000076293945,19.174999237060547,18.38999938964844,19.11000061035156,19.11000061035156,6800.0
2023-01-09,19.459999084472656,20.030000686645508,19.459999084472656,19.538000106811523,19.538000106811523,14100.0
2023-01-10,19.56999969482422,19.923999786376953,19.56999969482422,19.923999786376953,19.923999786376953,6900.0
2023-01-11,20.049999237060547,20.3700008392334,20.0,20.36400032043457,20.36400032043457,10100.0
2023-01-12,20.200000762939453,20.65999984741211,20.190000534057617,20.621000289916992,20.621000289916992,18800.0
2023-01-13,20.3799991607666,20.770000457763672,20.3700008392334,20.766000747680664,20.766000747680664,8200.0
2023-01-17,20.770000457763672,21.030000686645508,20.75,20.950000762939453,20.950000762939453,35400.0
2023-01-18,21.1299991607666,21.27300071716309,20.65999984741211,20.663000106811523,20.663000106811523,31900.0
2023-01-19,20.40999984741211,20.6299991607666,20.28700065612793,20.350000381469727,20.350000381469727,195600.0
2023-01-20,20.700000762939453,21.31999969482422,20.700000762939453,21.31999969482422,21.31999969482422,197000.0
2023-01-23,21.520000457763672,22.25,21.40999984741211,22.214000701904297,22.214000701904297,23500.0
2023-01-24,21.969999313354492,22.190000534057617,21.91699981689453,22.06599998474121,22.06599998474121,15600.0
2023-01-25,21.475000381469727,22.030000686645508,21.420000076293945,21.999000549316406,21.999000549316406,13300.0
2023-01-26,22.549999237060547,22.68000030517578,22.260000228881836,22.68000030517578,22.68000030517578,26000.0
2023-01-27,22.6200008392334,23.450000762939453,22.6200008392334,23.27300071716309,23.27300071716309,30600.0
2023-01-30,23.049999237060547,23.049999237060547,22.469999313354492,22.530000686645508,22.530000686645508,13000.0
2023-01-31,22.489999771118164,22.979999542236328,22.479999542236328,22.979999542236328,22.979999542236328,4400.0
2023-02-01,23.09000015258789,24.100000381469727,23.0,23.8799991607666,23.8799991607666,39500.0
2023-02-02,25.0,25.84000015258789,24.969999313354492,25.50200080871582,25.50200080871582,166100.0
2023-02-03,24.709999084472656,25.780000686645508,24.709999084472656,24.93000030517578,24.93000030517578,50400.0
2023-02-06,24.670000076293945,24.940000534057617,24.549999237060547,24.649999618530273,24.649999618530273,26700.0
2023-02-07,24.709999084472656,25.32900047302246,24.500999450683594,25.266000747680664,25.266000747680664,13600.0
2023-02-08,25.18000030517578,25.299999237060547,24.72100067138672,24.882999420166016,24.882999420166016,23200.0
2023-02-09,25.34000015258789,25.34000015258789,24.649999618530273,24.690000534057617,24.690000534057617,25800.0
2023-02-10,24.3799991607666,24.510000228881836,23.90999984741211,24.08799934387207,24.08799934387207,14500.0
2023-02-13,24.209999084472656,24.621000289916992,24.0,24.530000686645508,24.530000686645508,18700.0
2023-02-14,24.34000015258789,25.1299991607666,24.209999084472656,25.1299991607666,25.1299991607666,32800.0
2023-02-15,24.979999542236328,25.22800064086914,24.790000915527344,25.2189998626709,25.2189998626709,19500.0
2023-02-16,24.770000457763672,25.059999465942383,24.38400077819824,24.38400077819824,24.38400077819824,64300.0
2023-02-17,24.09000015258789,24.170000076293945,23.729999542236328,24.062000274658203,24.062000274658203,38700.0
2023-02-21,23.709999084472656,23.790000915527344,23.399999618530273,23.399999618530273,23.399999618530273,17900.0
2023-02-22,23.58099937438965,23.59000015258789,23.290000915527344,23.43000030517578,23.43000030517578,29300.0
2023-02-23,24.010000228881836,24.049999237060547,23.434999465942383,23.8799991607666,23.8799991607666,386900.0
2023-02-24,23.496000289916992,23.496000289916992,23.229999542236328,23.450000762939453,23.450000762939453,21900.0
2023-02-27,23.760000228881836,23.86000061035156,23.700000762939453,23.799999237060547,23.799999237060547,14600.0
2023-02-28,23.75,24.035999298095703,23.75,23.84000015258789,23.84000015258789,17900.0
2023-03-01,23.829999923706055,23.829999923706055,23.5,23.503999710083008,23.503999710083008,29000.0
2023-03-02,22.920000076293945,23.36000061035156,22.8799991607666,23.31100082397461,23.31100082397461,29400.0
2023-03-03,23.540000915527344,24.049999237060547,23.450000762939453,24.020999908447266,24.020999908447266,56100.0
2023-03-06,24.15999984741211,24.38999938964844,23.951000213623047,23.951000213623047,23.951000213623047,16200.0
2023-03-07,24.049999237060547,24.190000534057617,23.690000534057617,23.770000457763672,23.770000457763672,11400.0
2023-03-08,23.635000228881836,23.959999084472656,23.635000228881836,23.950000762939453,23.950000762939453,4800.0
2023-03-09,23.940000534057617,24.11000061035156,23.290000915527344,23.290000915527344,23.290000915527344,13000.0
2023-03-10,23.09000015258789,23.5,22.84000015258789,22.93199920654297,22.93199920654297,42300.0
2023-03-13,22.68000030517578,23.5,22.44499969482422,23.18000030517578,23.18000030517578,29800.0
2023-03-14,23.559999465942383,24.11000061035156,23.559999465942383,24.11000061035156,24.11000061035156,36300.0
2023-03-15,23.8700008392334,24.399999618530273,23.75,24.350000381469727,24.350000381469727,41100.0
2023-03-16,24.3700008392334,25.299999237060547,24.339000701904297,25.29599952697754,25.29599952697754,194600.0
2023-03-17,25.309999465942383,25.329999923706055,24.93000030517578,25.059999465942383,25.059999465942383,17600.0
2023-03-20,24.8799991607666,25.049999237060547,24.600000381469727,25.03300094604492,25.03300094604492,24600.0
2023-03-21,25.354999542236328,25.65999984741211,25.179000854492188,25.593000411987305,25.593000411987305,11800.0
2023-03-22,25.6200008392334,26.208999633789062,25.280000686645508,25.280000686645508,25.280000686645508,31800.0
2023-03-23,25.770000457763672,26.18000030517578,25.719999313354492,25.93000030517578,25.93000030517578,88600.0
2023-03-24,25.760000228881836,25.809999465942383,25.541000366210938,25.770000457763672,25.770000457763672,20100.0
2023-03-27,25.8799991607666,25.92099952697754,25.42099952697754,25.53300094604492,25.53300094604492,38200.0
2023-03-28,25.510000228881836,25.510000228881836,25.079999923706055,25.27199935913086,25.27199935913086,32800.0
2023-03-29,25.739999771118164,25.86000061035156,25.54199981689453,25.809999465942383,25.809999465942383,18500.0
2023-03-30,26.020000457763672,26.26300048828125,26.020000457763672,26.190000534057617,26.190000534057617,37000.0
2023-03-31,26.200000762939453,26.88999938964844,26.200000762939453,26.8700008392334,26.8700008392334,98600.0
2023-04-03,26.559999465942383,26.680999755859375,26.350000381469727,26.673999786376953,26.673999786376953,112100.0
2023-04-04,26.75,26.899999618530273,26.59000015258789,26.709999084472656,26.709999084472656,66200.0
2023-04-05,26.520000457763672,26.540000915527344,25.899999618530273,26.11000061035156,26.11000061035156,145800.0
2023-04-06,25.86000061035156,26.34000015258789,25.690000534057617,26.280000686645508,26.280000686645508,336900.0
2023-04-10,26.0,26.34000015258789,25.799999237060547,26.32799911499023,26.32799911499023,39200.0
2023-04-11,26.290000915527344,26.290000915527344,25.950000762939453,25.959999084472656,25.959999084472656,25000.0
2023-04-12,26.239999771118164,26.239999771118164,25.6299991607666,25.631999969482425,25.631999969482425,38400.0
2023-04-13,25.899999618530273,26.329999923706055,25.899999618530273,26.329999923706055,26.329999923706055,82000.0
2023-04-14,26.1299991607666,26.290000915527344,25.950000762939453,26.249000549316406,26.249000549316406,31600.0
2023-04-17,26.079999923706055,26.219999313354492,25.864999771118164,26.17099952697754,26.17099952697754,33900.0
2023-04-18,26.440000534057617,26.440000534057617,26.1299991607666,26.19300079345703,26.19300079345703,9000.0
2023-04-19,25.8700008392334,26.174999237060547,25.799999237060547,26.09000015258789,26.09000015258789,21700.0
2023-04-20,25.690000534057617,26.040000915527344,25.59000015258789,25.68000030517578,25.68000030517578,96400.0
2023-04-21,25.520999908447266,25.850000381469727,25.520999908447266,25.81999969482422,25.81999969482422,26400.0
2023-04-24,25.809999465942383,25.920000076293945,25.479000091552734,25.670000076293945,25.670000076293945,27100.0
2023-04-25,25.489999771118164,25.489999771118164,24.93000030517578,24.93000030517578,24.93000030517578,74500.0
2023-04-26,25.549999237060547,25.819000244140625,25.440000534057617,25.510000228881836,25.510000228881836,32700.0
2023-04-27,26.079999923706055,26.479999542236328,25.929000854492188,26.479999542236328,26.479999542236328,90100.0
2023-04-28,26.350000381469727,26.61000061035156,26.094999313354492,26.61000061035156,26.61000061035156,30000.0
2023-05-01,26.549999237060547,26.61000061035156,26.299999237060547,26.53700065612793,26.53700065612793,24400.0
2023-05-02,26.530000686645508,26.530000686645508,26.190000534057617,26.280000686645508,26.280000686645508,26400.0
2023-05-03,26.309999465942383,26.440000534057617,25.959999084472656,26.0,26.0,42000.0
2023-05-04,26.049999237060547,26.43000030517578,25.989999771118164,26.219999313354492,26.219999313354492,35600.0
2023-05-05,26.405000686645508,26.84000015258789,26.391000747680664,26.790000915527344,26.790000915527344,23500.0
2023-05-08,26.799999237060547,27.229000091552734,26.770000457763672,27.170000076293945,27.170000076293945,87900.0
2023-05-09,27.020000457763672,27.209999084472656,27.020000457763672,27.18000030517578,27.18000030517578,77800.0
2023-05-10,27.450000762939453,27.742000579833984,27.329999923706055,27.690000534057617,27.690000534057617,59000.0
2023-05-11,27.780000686645508,27.969999313354492,27.6299991607666,27.950000762939453,27.950000762939453,42600.0
2023-05-12,27.959999084472656,27.979999542236328,27.420000076293945,27.6299991607666,27.6299991607666,41000.0
2023-05-15,27.700000762939453,27.899999618530273,27.520000457763672,27.899999618530273,27.899999618530273,36100.0
2023-05-16,27.75,28.280000686645508,27.75,28.1200008392334,28.1200008392334,54300.0
2023-05-17,28.190000534057617,28.649999618530273,28.15999984741211,28.649999618530273,28.649999618530273,186200.0
2023-05-18,28.780000686645508,29.63999938964844,28.770000457763672,29.63999938964844,29.63999938964844,170500.0
2023-05-19,29.549999237060547,29.59000015258789,29.190000534057617,29.309999465942383,29.309999465942383,106900.0
2023-05-22,29.260000228881836,29.700000762939453,29.239999771118164,29.549999237060547,29.549999237060547,151500.0
2023-05-23,29.3700008392334,29.65800094604492,29.1299991607666,29.1299991607666,29.1299991607666,96600.0
2023-05-24,28.899999618530273,29.350000381469727,28.8799991607666,29.260000228881836,29.260000228881836,73200.0
2023-05-25,30.09000015258789,30.13999938964844,29.701000213623047,29.950000762939453,29.950000762939453,146900.0
2023-05-26,30.059999465942383,31.06999969482422,30.049999237060547,31.010000228881836,31.010000228881836,116100.0
2023-05-30,31.63999938964844,31.729999542236328,31.190000534057617,31.450000762939453,31.450000762939453,448200.0
2023-05-31,31.13999938964844,31.540000915527344,30.926000595092773,31.079999923706055,31.079999923706055,152500.0
2023-06-01,31.100000381469727,31.899999618530273,31.100000381469727,31.760000228881836,31.760000228881836,78700.0
2023-06-02,32.04999923706055,32.40800094604492,31.83300018310547,31.950000762939453,31.950000762939453,275500.0
2023-06-05,31.88999938964844,32.470001220703125,31.88999938964844,32.13999938964844,32.13999938964844,221300.0
2023-06-06,32.060001373291016,32.470001220703125,32.0,32.369998931884766,32.369998931884766,69400.0
2023-06-07,32.560001373291016,32.810001373291016,31.31999969482422,31.3799991607666,31.3799991607666,219900.0
2023-06-08,31.3799991607666,32.11000061035156,31.31999969482422,32.08000183105469,32.08000183105469,113100.0
2023-06-09,32.45000076293945,32.79999923706055,32.27000045776367,32.310001373291016,32.310001373291016,127800.0
2023-06-12,32.630001068115234,32.93000030517578,32.439998626708984,32.93000030517578,32.93000030517578,82800.0
2023-06-13,33.34000015258789,33.38999938964844,32.86000061035156,33.22999954223633,33.22999954223633,174000.0
2023-06-14,33.279998779296875,33.7400016784668,33.0099983215332,33.7400016784668,33.7400016784668,277300.0
2023-06-15,33.540000915527344,34.22999954223633,33.32500076293945,34.0099983215332,34.0099983215332,279800.0
2023-06-16,34.400001525878906,34.400001525878906,33.58000183105469,33.58000183105469,33.58000183105469,244900.0
2023-06-20,33.47999954223633,33.895999908447266,33.38999938964844,33.720001220703125,33.720001220703125,85700.0
2023-06-21,33.70000076293945,33.79999923706055,32.849998474121094,33.02000045776367,33.02000045776367,163600.0
2023-06-22,32.709999084472656,33.45000076293945,32.70000076293945,33.400001525878906,33.400001525878906,120800.0
2023-06-23,33.029998779296875,33.4900016784668,32.88100051879883,33.2599983215332,33.2599983215332,223900.0
2023-06-26,33.15999984741211,33.48400115966797,32.189998626708984,32.189998626708984,32.189998626708984,119200.0
2023-06-27,32.529998779296875,33.0099983215332,32.31999969482422,32.9119987487793,32.9119987487793,127100.0
2023-06-28,32.79999923706055,33.58000183105469,32.79999923706055,33.279998779296875,33.279998779296875,328400.0
2023-06-29,33.36000061035156,33.417999267578125,32.880001068115234,33.02000045776367,33.02000045776367,66300.0
2023-06-30,33.41999816894531,33.79999923706055,33.380001068115234,33.630001068115234,33.630001068115234,156900.0
2023-07-03,33.83000183105469,34.0,33.689998626708984,33.900001525878906,33.900001525878906,160100.0
2023-07-05,33.79999923706055,34.12900161743164,33.79999923706055,33.959999084472656,33.959999084472656,139400.0
2023-07-06,33.560001373291016,33.75,33.290000915527344,33.70000076293945,33.70000076293945,128200.0
2023-07-07,33.7599983215332,34.04600143432617,33.564998626708984,33.619998931884766,33.619998931884766,140300.0
2023-07-10,33.529998779296875,33.560001373291016,32.869998931884766,33.27000045776367,33.27000045776367,197300.0
2023-07-11,33.27000045776367,33.439998626708984,33.08000183105469,33.369998931884766,33.369998931884766,190700.0
2023-07-12,33.83000183105469,34.09000015258789,33.64500045776367,34.029998779296875,34.029998779296875,150400.0
2023-07-13,34.439998626708984,34.959999084472656,34.37200164794922,34.959999084472656,34.959999084472656,177300.0
2023-07-14,35.0,35.470001220703125,34.65999984741211,34.77000045776367,34.77000045776367,207600.0
2023-07-17,34.970001220703125,35.25,34.83100128173828,35.25,35.25,117300.0
2023-07-18,35.220001220703125,35.79100036621094,34.849998474121094,35.72999954223633,35.72999954223633,135600.0
2023-07-19,35.970001220703125,35.970001220703125,35.470001220703125,35.630001068115234,35.630001068115234,119200.0
2023-07-20,34.93000030517578,35.06999969482422,33.849998474121094,33.93000030517578,33.93000030517578,396400.0
2023-07-21,34.2400016784668,34.2400016784668,33.540000915527344,33.66999816894531,33.66999816894531,396000.0
2023-07-24,33.709999084472656,33.83000183105469,33.380001068115234,33.77000045776367,33.77000045776367,153100.0
2023-07-25,33.9900016784668,34.2400016784668,33.88999938964844,34.119998931884766,34.119998931884766,88400.0
2023-07-26,34.150001525878906,34.150001525878906,33.529998779296875,33.900001525878906,33.900001525878906,184800.0
2023-07-27,34.70000076293945,34.74399948120117,33.66999816894531,33.790000915527344,33.790000915527344,340200.0
2023-07-28,34.189998626708984,34.79999923706055,34.150001525878906,34.7400016784668,34.7400016784668,229600.0
2023-07-31,34.81999969482422,34.970001220703125,34.67499923706055,34.93000030517578,34.93000030517578,152700.0
2023-08-01,34.72999954223633,34.91999816894531,34.54999923706055,34.849998474121094,34.849998474121094,80400.0
2023-08-02,34.38999938964844,34.400001525878906,33.310001373291016,33.54999923706055,33.54999923706055,295900.0
2023-08-03,33.25,33.928001403808594,33.25,33.72999954223633,33.72999954223633,177200.0
2023-08-04,34.33000183105469,34.58000183105469,33.86000061035156,33.880001068115234,33.880001068115234,229200.0
2023-08-07,34.060001373291016,34.220001220703125,33.71200180053711,34.16999816894531,34.16999816894531,68700.0
2023-08-08,33.75,33.86000061035156,33.349998474121094,33.720001220703125,33.720001220703125,104200.0
2023-08-09,33.790000915527344,33.790000915527344,32.849998474121094,32.959999084472656,32.959999084472656,170000.0
2023-08-10,33.27000045776367,33.709999084472656,32.88999938964844,33.099998474121094,33.099998474121094,346600.0
2023-08-11,32.790000915527344,32.88999938964844,32.4900016784668,32.63999938964844,32.63999938964844,212900.0
2023-08-14,32.459999084472656,33.20000076293945,32.345001220703125,33.16999816894531,33.16999816894531,273400.0
2023-08-15,33.130001068115234,33.290000915527344,32.77299880981445,32.86000061035156,32.86000061035156,191900.0
2023-08-16,32.65999984741211,32.83000183105469,32.279998779296875,32.33000183105469,32.33000183105469,224200.0
2023-08-17,32.40999984741211,32.40999984741211,31.719999313354492,31.829999923706055,31.829999923706055,347300.0
2023-08-18,31.260000228881836,31.809999465942383,31.135000228881836,31.719999313354492,31.719999313354492,248100.0
2023-08-21,31.899999618530273,32.630001068115234,31.86000061035156,32.52000045776367,32.52000045776367,177600.0
2023-08-22,33.0099983215332,33.0099983215332,32.38999938964844,32.540000915527344,32.540000915527344,238000.0
2023-08-23,32.59000015258789,33.369998931884766,32.59000015258789,33.25,33.25,311800.0
2023-08-24,33.83000183105469,33.83000183105469,32.20000076293945,32.27000045776367,32.27000045776367,881100.0
2023-08-25,32.29999923706055,32.790000915527344,31.809999465942383,32.560001373291016,32.560001373291016,254400.0
2023-08-28,32.81999969482422,32.880001068115234,32.36000061035156,32.709999084472656,32.709999084472656,172200.0
2023-08-29,32.61000061035156,33.7599983215332,32.61000061035156,33.630001068115234,33.630001068115234,348000.0
2023-08-30,33.650001525878906,34.025001525878906,33.47600173950195,33.83000183105469,33.83000183105469,226100.0
2023-08-31,33.88999938964844,34.2400016784668,33.83000183105469,34.029998779296875,34.029998779296875,215200.0
2023-09-01,34.310001373291016,34.31999969482422,33.779998779296875,33.90999984741211,33.90999984741211,157000.0
2023-09-05,33.810001373291016,34.43000030517578,33.810001373291016,34.33000183105469,34.33000183105469,197800.0
2023-09-06,34.220001220703125,34.279998779296875,33.54499816894531,33.849998474121094,33.849998474121094,152700.0
2023-09-07,33.20000076293945,33.70000076293945,33.04100036621094,33.66999816894531,33.66999816894531,156700.0
2023-09-08,33.65999984741211,34.06999969482422,33.6349983215332,33.70000076293945,33.70000076293945,275600.0
2023-09-11,34.18000030517578,34.494998931884766,33.939998626708984,34.45000076293945,34.45000076293945,234000.0
2023-09-12,34.27000045776367,34.41999816894531,33.880001068115234,33.93000030517578,33.93000030517578,117700.0
2023-09-13,33.91999816894531,34.22999954223633,33.84000015258789,34.040000915527344,34.040000915527344,139300.0
2023-09-14,34.150001525878906,34.2599983215332,33.83000183105469,34.119998931884766,34.119998931884766,125800.0
2023-09-15,33.97999954223633,34.09000015258789,33.29999923706055,33.459999084472656,33.459999084472656,219500.0
2023-09-18,33.15999984741211,33.435001373291016,33.130001068115234,33.29999923706055,33.29999923706055,118500.0
2023-09-19,33.29999923706055,33.349998474121094,32.900001525878906,33.29999923706055,33.29999923706055,89200.0
2023-09-20,33.38999938964844,33.38999938964844,32.59000015258789,32.630001068115234,32.630001068115234,123900.0
2023-09-21,32.13999938964844,32.255001068115234,31.790000915527344,31.84000015258789,31.84000015258789,180000.0
2023-09-22,32.099998474121094,32.279998779296875,31.760000228881836,31.829999923706055,31.829999923706055,68700.0
2023-09-25,31.739999771118164,32.09000015258789,31.56999969482422,32.09000015258789,32.09000015258789,83800.0
2023-09-26,31.760000228881836,31.809999465942383,31.38999938964844,31.469999313354492,31.469999313354492,71500.0
2023-09-27,31.690000534057617,31.725000381469727,31.07200050354004,31.469999313354492,31.469999313354492,53000.0
2023-09-28,31.31999969482422,31.979999542236328,31.190000534057617,31.84000015258789,31.84000015258789,62900.0
2023-09-29,32.290000915527344,32.45000076293945,31.834999084472656,31.979999542236328,31.979999542236328,89800.0
2023-10-02,31.989999771118164,32.55799865722656,31.959999084472656,32.369998931884766,32.369998931884766,74900.0
2023-10-03,32.16999816894531,32.45000076293945,31.59000015258789,31.770000457763672,31.770000457763672,299900.0
2023-10-04,31.790000915527344,32.380001068115234,31.790000915527344,32.33000183105469,32.33000183105469,177300.0
2023-10-05,32.310001373291016,32.439998626708984,31.93000030517578,32.2599983215332,32.2599983215332,95400.0
2023-10-06,31.899999618530273,33.15999984741211,31.899999618530273,33.08000183105469,33.08000183105469,173000.0
2023-10-09,32.779998779296875,33.36000061035156,32.6150016784668,33.290000915527344,33.290000915527344,223900.0
2023-10-10,33.31999969482422,33.77000045776367,33.2400016784668,33.33000183105469,33.33000183105469,142300.0
2023-10-11,33.47999954223633,33.720001220703125,33.349998474121094,33.66999816894531,33.66999816894531,102700.0
2023-10-12,33.65999984741211,33.9900016784668,33.34000015258789,33.56999969482422,33.56999969482422,132000.0
2023-10-13,33.619998931884766,33.650001525878906,32.810001373291016,32.90999984741211,32.90999984741211,149200.0
2023-10-16,32.900001525878906,33.5,32.900001525878906,33.380001068115234,33.380001068115234,143100.0
2023-10-17,32.90999984741211,33.29999923706055,32.61000061035156,33.09000015258789,33.09000015258789,94700.0
2023-10-18,32.810001373291016,33.029998779296875,32.220001220703125,32.369998931884766,32.369998931884766,186400.0
2023-10-19,32.75,33.0099983215332,32.327999114990234,32.400001525878906,32.400001525878906,380300.0
2023-10-20,32.43000030517578,32.439998626708984,31.739999771118164,31.84000015258789,31.84000015258789,212800.0
2023-10-23,31.700000762939453,32.428001403808594,31.489999771118164,32.20000076293945,32.20000076293945,209400.0
2023-10-24,32.36000061035156,32.63999938964844,32.16999816894531,32.58000183105469,32.58000183105469,237700.0
2023-10-25,32.25,32.29999923706055,31.420000076293945,31.510000228881836,31.510000228881836,314600.0
2023-10-26,31.270000457763672,31.40999984741211,30.420000076293945,30.63999938964844,30.63999938964844,180400.0
2023-10-27,31.079999923706055,31.280000686645508,30.81999969482422,31.0,31.0,243300.0
2023-10-30,31.299999237060547,31.68000030517578,31.190000534057617,31.40999984741211,31.40999984741211,150500.0
2023-10-31,31.43000030517578,31.520000457763672,31.020000457763672,31.520000457763672,31.520000457763672,98100.0
2023-11-01,31.641000747680664,32.209999084472656,31.600000381469727,32.15999984741211,32.15999984741211,240700.0
2023-11-02,32.56999969482422,32.70000076293945,32.34000015258789,32.66999816894531,32.66999816894531,206200.0
2023-11-03,32.779998779296875,33.20000076293945,32.72999954223633,33.130001068115234,33.130001068115234,124700.0
2023-11-06,33.25,33.369998931884766,32.904998779296875,33.290000915527344,33.290000915527344,121900.0
2023-11-07,33.54999923706055,34.0,33.380001068115234,33.900001525878906,33.900001525878906,340100.0
2023-11-08,33.970001220703125,34.06999969482422,33.72999954223633,34.06999969482422,34.06999969482422,187600.0
2023-11-09,34.08000183105469,34.310001373291016,33.70000076293945,33.72999954223633,33.72999954223633,540700.0
2023-11-10,33.86000061035156,34.68000030517578,33.77000045776367,34.678001403808594,34.678001403808594,479500.0
2023-11-13,34.54999923706055,34.790000915527344,34.349998474121094,34.65999984741211,34.65999984741211,172900.0
2023-11-14,35.41999816894531,35.540000915527344,35.220001220703125,35.43899917602539,35.43899917602539,368100.0
2023-11-15,35.66999816894531,35.698001861572266,35.21500015258789,35.4900016784668,35.4900016784668,258300.0
2023-11-16,35.31999969482422,35.4900016784668,35.15999984741211,35.45000076293945,35.45000076293945,231500.0
2023-11-17,35.33000183105469,35.54999923706055,35.22999954223633,35.47999954223633,35.47999954223633,104900.0
2023-11-20,35.4900016784668,36.11000061035156,35.4900016784668,36.099998474121094,36.099998474121094,148300.0
2023-11-21,35.7599983215332,35.97999954223633,35.68000030517578,35.86000061035156,35.86000061035156,146000.0
2023-11-22,36.04999923706055,36.31999969482422,35.849998474121094,35.9900016784668,35.9900016784668,178900.0
2023-11-24,35.939998626708984,35.970001220703125,35.757999420166016,35.86000061035156,35.86000061035156,69000.0
2023-11-27,35.83000183105469,36.06999969482422,35.775001525878906,35.790000915527344,35.790000915527344,103200.0
2023-11-28,35.689998626708984,35.9900016784668,35.560001373291016,35.970001220703125,35.970001220703125,234300.0
2023-11-29,36.189998626708984,36.29999923706055,35.790000915527344,35.83000183105469,35.83000183105469,125000.0
2023-11-30,36.02000045776367,36.11000061035156,35.43000030517578,35.720001220703125,35.720001220703125,253200.0
2023-12-01,35.459999084472656,35.64099884033203,35.2400016784668,35.54999923706055,35.54999923706055,149800.0
2023-12-04,35.099998474121094,35.220001220703125,34.7599983215332,35.119998931884766,35.119998931884766,205600.0
2023-12-05,34.869998931884766,35.52000045776367,34.869998931884766,35.36000061035156,35.36000061035156,107300.0
2023-12-06,35.619998931884766,35.619998931884766,34.959999084472656,34.9900016784668,34.9900016784668,161400.0
2023-12-07,35.22999954223633,35.70000076293945,35.22999954223633,35.70000076293945,35.70000076293945,269600.0
2023-12-08,35.47999954223633,36.040000915527344,35.470001220703125,36.040000915527344,36.040000915527344,113600.0
2023-12-11,35.84000015258789,36.13999938964844,35.70000076293945,36.119998931884766,36.119998931884766,134500.0
2023-12-12,36.04999923706055,36.5099983215332,35.95000076293945,36.4900016784668,36.4900016784668,140000.0
2023-12-13,36.560001373291016,37.08000183105469,36.47100067138672,37.040000915527344,37.040000915527344,294800.0
2023-12-14,37.08000183105469,37.15999984741211,36.66999816894531,36.9900016784668,36.9900016784668,236900.0
2023-12-15,36.91999816894531,37.40999984741211,36.91999816894531,37.279998779296875,37.279998779296875,249200.0
2023-12-18,37.36000061035156,37.97999954223633,37.29999923706055,37.86000061035156,37.86000061035156,255500.0
2023-12-19,37.91999816894531,38.060001373291016,37.849998474121094,38.060001373291016,38.060001373291016,284600.0
2023-12-20,38.029998779296875,38.349998474121094,37.439998626708984,37.439998626708984,37.439998626708984,196300.0
2023-12-21,37.849998474121094,38.0099983215332,37.59099960327149,37.91999816894531,37.91999816894531,218000.0
2023-12-22,38.099998474121094,38.119998931884766,37.650001525878906,37.869998931884766,37.869998931884766,224100.0
2023-12-26,37.93000030517578,38.119998931884766,37.93000030517578,38.06999969482422,38.06999969482422,80900.0
2023-12-27,38.099998474121094,38.2599983215332,38.040000915527344,38.11000061035156,38.11000061035156,151200.0
2023-12-28,38.209999084472656,38.29999923706055,38.02000045776367,38.02000045776367,38.02000045776367,128100.0
2023-12-29,38.060001373291016,38.12900161743164,37.56999969482422,37.7400016784668,37.7400016784668,207100.0
2024-01-02,37.40999984741211,37.47999954223633,36.56999969482422,36.79999923706055,36.79999923706055,207700.0
2024-01-03,36.5,36.75,36.38999938964844,36.400001525878906,36.400001525878906,234100.0
2024-01-04,36.279998779296875,36.70000076293945,36.22999954223633,36.22999954223633,36.22999954223633,265000.0
2024-01-05,36.380001068115234,36.720001220703125,36.32500076293945,36.529998779296875,36.529998779296875,264900.0
2024-01-08,36.58000183105469,37.4900016784668,36.58000183105469,37.400001525878906,37.400001525878906,230600.0
2024-01-09,37.220001220703125,37.689998626708984,37.13999938964844,37.56999969482422,37.56999969482422,185600.0
2024-01-10,37.650001525878906,38.11000061035156,37.58000183105469,38.0099983215332,38.0099983215332,340300.0
2024-01-11,38.2400016784668,38.45000076293945,37.619998931884766,38.119998931884766,38.119998931884766,295800.0
2024-01-12,37.9900016784668,38.189998626708984,37.8489990234375,37.88999938964844,37.88999938964844,332100.0
2024-01-16,37.779998779296875,38.0989990234375,37.65999984741211,37.790000915527344,37.790000915527344,146600.0
2024-01-17,37.54999923706055,37.65999984741211,37.04100036621094,37.65999984741211,37.65999984741211,144300.0
2024-01-18,38.0099983215332,38.20000076293945,37.720001220703125,38.099998474121094,38.099998474121094,172000.0
2024-01-19,38.369998931884766,38.970001220703125,38.25,38.970001220703125,38.970001220703125,241500.0
2024-01-22,39.2400016784668,39.40999984741211,38.983001708984375,39.130001068115234,39.130001068115234,197200.0
2024-01-23,39.22999954223633,39.41999816894531,38.959999084472656,39.400001525878906,39.400001525878906,180500.0
2024-01-24,40.09000015258789,40.707000732421875,40.029998779296875,40.06999969482422,40.06999969482422,182000.0
2024-01-25,40.220001220703125,40.349998474121094,39.689998626708984,40.06999969482422,40.06999969482422,412600.0
2024-01-26,39.88999938964844,40.16999816894531,39.810001373291016,39.810001373291016,39.810001373291016,150100.0
2024-01-29,39.970001220703125,40.59000015258789,39.869998931884766,40.59000015258789,40.59000015258789,148800.0
2024-01-30,40.5099983215332,40.62300109863281,40.099998474121094,40.189998626708984,40.189998626708984,107700.0
2024-01-31,39.380001068115234,39.72999954223633,38.97999954223633,39.099998474121094,39.099998474121094,480500.0
2024-02-01,39.369998931884766,39.709999084472656,39.29999923706055,39.709999084472656,39.709999084472656,207000.0
2024-02-02,40.630001068115234,41.68000030517578,40.3650016784668,41.56999969482422,41.56999969482422,374700.0
2024-02-05,41.59000015258789,41.790000915527344,41.0,41.54999923706055,41.54999923706055,308900.0
2024-02-06,41.63999938964844,41.7400016784668,40.90999984741211,41.2599983215332,41.2599983215332,118200.0
2024-02-07,41.5099983215332,42.06999969482422,41.470001220703125,42.029998779296875,42.029998779296875,146800.0
2024-02-08,42.040000915527344,42.369998931884766,41.97999954223633,42.189998626708984,42.189998626708984,138400.0
2024-02-09,42.43000030517578,42.90999984741211,42.34000015258789,42.849998474121094,42.849998474121094,142600.0
2024-02-12,42.869998931884766,43.220001220703125,42.41999816894531,42.61000061035156,42.61000061035156,145400.0
2024-02-13,41.56999969482422,42.310001373291016,41.369998931884766,41.939998626708984,41.939998626708984,197400.0
2024-02-14,42.380001068115234,42.790000915527344,42.040000915527344,42.65999984741211,42.65999984741211,207700.0
2024-02-15,42.7599983215332,42.880001068115234,42.35599899291992,42.880001068115234,42.880001068115234,208200.0
2024-02-16,42.91999816894531,42.91999816894531,42.27799987792969,42.43000030517578,42.43000030517578,245900.0
2024-02-20,42.0,42.18000030517578,41.16999816894531,41.58000183105469,41.58000183105469,341100.0
2024-02-21,41.36000061035156,41.52000045776367,41.060001373291016,41.40999984741211,41.40999984741211,110300.0
2024-02-22,42.86000061035156,43.54999923706055,42.68000030517578,43.470001220703125,43.470001220703125,192800.0
2024-02-23,43.79999923706055,44.0,43.18000030517578,43.36000061035156,43.36000061035156,175800.0
2024-02-26,43.439998626708984,43.59000015258789,43.209999084472656,43.36000061035156,43.36000061035156,92900.0
2024-02-27,43.5,43.58000183105469,43.209999084472656,43.43000030517578,43.43000030517578,76300.0
2024-02-28,43.279998779296875,43.439998626708984,43.040000915527344,43.150001525878906,43.150001525878906,79200.0
2024-02-29,42.63999938964844,42.93000030517578,42.25,42.7599983215332,42.7599983215332,170900.0
2024-03-01,42.9900016784668,43.75199890136719,42.9900016784668,43.72999954223633,43.72999954223633,179500.0
2024-03-04,43.66999816894531,43.66999816894531,43.209999084472656,43.27000045776367,43.27000045776367,231100.0
2024-03-05,42.810001373291016,42.81399917602539,41.959999084472656,42.209999084472656,42.209999084472656,236800.0
2024-03-06,42.7599983215332,42.81999969482422,42.119998931884766,42.40999984741211,42.40999984741211,223200.0
2024-03-07,42.779998779296875,43.470001220703125,42.61000061035156,43.40999984741211,43.40999984741211,101100.0
2024-03-08,43.68000030517578,43.95000076293945,42.290000915527344,42.459999084472656,42.459999084472656,220000.0
2024-03-11,42.20000076293945,42.40999984741211,41.790000915527344,42.08000183105469,42.08000183105469,213600.0
2024-03-12,42.43000030517578,42.95500183105469,41.939998626708984,42.90999984741211,42.90999984741211,120000.0
2024-03-13,42.790000915527344,42.790000915527344,42.45000076293945,42.63999938964844,42.63999938964844,73300.0
2024-03-14,42.75,42.85499954223633,42.2140007019043,42.4900016784668,42.4900016784668,88500.0
2024-03-15,42.150001525878906,42.380001068115234,41.880001068115234,41.9900016784668,41.9900016784668,99500.0
2024-03-18,42.77000045776367,43.04999923706055,42.56999969482422,42.70000076293945,42.70000076293945,220100.0
2024-03-19,42.29999923706055,42.86000061035156,41.959999084472656,42.77000045776367,42.77000045776367,156400.0
2024-03-20,42.93000030517578,43.6349983215332,42.810001373291016,43.61000061035156,43.61000061035156,226200.0
2024-03-21,44.15999984741211,44.16999816894531,43.5099983215332,43.529998779296875,43.529998779296875,163400.0
2024-03-22,43.369998931884766,43.88999938964844,43.369998931884766,43.599998474121094,43.599998474121094,55800.0
2024-03-25,43.58000183105469,43.86000061035156,43.45800018310547,43.86000061035156,43.86000061035156,75900.0
2024-03-26,44.0,44.11000061035156,43.529998779296875,43.540000915527344,43.540000915527344,109200.0
2024-03-27,43.84000015258789,43.86000061035156,43.18000030517578,43.369998931884766,43.369998931884766,100200.0
2024-03-28,43.5,43.540000915527344,43.2400016784668,43.29999923706055,43.29999923706055,80100.0
2024-04-01,43.40999984741211,43.810001373291016,43.27000045776367,43.619998931884766,43.619998931884766,180400.0
2024-04-02,42.880001068115234,43.2599983215332,42.637001037597656,43.2599983215332,43.2599983215332,137500.0
2024-04-03,42.90999984741211,43.52000045776367,42.90999984741211,43.40999984741211,43.40999984741211,148400.0
2024-04-04,43.7599983215332,44.18899917602539,42.72999954223633,42.72999954223633,42.72999954223633,116600.0
2024-04-05,43.04999923706055,43.74599838256836,43.0,43.279998779296875,43.279998779296875,63500.0
2024-04-08,43.689998626708984,43.810001373291016,43.369998931884766,43.55500030517578,43.55500030517578,31500.0
2024-04-09,43.81999969482422,43.849998474121094,43.16999816894531,43.59000015258789,43.59000015258789,120500.0
2024-04-10,43.0,43.470001220703125,43.0,43.40999984741211,43.40999984741211,38700.0
2024-04-11,43.599998474121094,44.63899993896485,43.45800018310547,44.619998931884766,44.619998931884766,216900.0
2024-04-12,44.11000061035156,44.279998779296875,43.689998626708984,43.84000015258789,43.84000015258789,179300.0
2024-04-15,44.08000183105469,44.08000183105469,42.650001525878906,42.71099853515625,42.71099853515625,239300.0
2024-04-16,42.599998474121094,42.91999816894531,42.470001220703125,42.560001373291016,42.560001373291016,87000.0
2024-04-17,42.93000030517578,42.93000030517578,41.9900016784668,42.209999084472656,42.209999084472656,86000.0
2024-04-18,42.13999938964844,42.395999908447266,41.779998779296875,41.84000015258789,41.84000015258789,813700.0
2024-04-19,41.31999969482422,41.38999938964844,40.040000915527344,40.130001068115234,40.130001068115234,211000.0
2024-04-22,40.33000183105469,40.79999923706055,39.970001220703125,40.59000015258789,40.59000015258789,184300.0
2024-04-23,40.880001068115234,41.505001068115234,40.790000915527344,41.400001525878906,41.400001525878906,144800.0
2024-04-24,42.0099983215332,42.22999954223633,41.39099884033203,41.68000030517578,41.68000030517578,93200.0
2024-04-25,40.40999984741211,41.61000061035156,40.24100112915039,41.61000061035156,41.61000061035156,175800.0
2024-04-26,42.5,42.849998474121094,42.209999084472656,42.709999084472656,42.709999084472656,128300.0
2024-04-29,43.20000076293945,43.2400016784668,42.73099899291992,43.119998931884766,43.119998931884766,136500.0
2024-04-30,42.81999969482422,43.130001068115234,42.099998474121094,42.099998474121094,42.099998474121094,88700.0
2024-05-01,42.130001068115234,42.86000061035156,41.75,41.83000183105469,41.83000183105469,113600.0
2024-05-02,42.36000061035156,42.63999938964844,41.84299850463867,42.63999938964844,42.63999938964844,110300.0
2024-05-03,43.22999954223633,43.5,43.02000045776367,43.42499923706055,43.42499923706055,172300.0
2024-05-06,43.650001525878906,44.369998931884766,43.52000045776367,44.369998931884766,44.369998931884766,115500.0
2024-05-07,44.18000030517578,44.18899917602539,43.84000015258789,44.18000030517578,44.18000030517578,120300.0
2024-05-08,43.560001373291016,44.18000030517578,43.560001373291016,43.86000061035156,43.86000061035156,77400.0
2024-05-09,44.040000915527344,44.040000915527344,43.689998626708984,43.720001220703125,43.720001220703125,87600.0
2024-05-10,44.08000183105469,44.189998626708984,43.63999938964844,43.970001220703125,43.970001220703125,65700.0
2024-05-13,44.0099983215332,44.11000061035156,43.79999923706055,44.11000061035156,44.11000061035156,26200.0
2024-05-14,44.06999969482422,44.63800048828125,44.029998779296875,44.560001373291016,44.560001373291016,125700.0
2024-05-15,44.869998931884766,45.290000915527344,44.38999938964844,45.290000915527344,45.290000915527344,160300.0
2024-05-16,45.20000076293945,45.36000061035156,44.98500061035156,44.9900016784668,44.9900016784668,769700.0
2024-05-17,45.0,45.1150016784668,44.72999954223633,44.95000076293945,44.95000076293945,64700.0
2024-05-20,44.970001220703125,45.41999816894531,44.970001220703125,45.18000030517578,45.18000030517578,95700.0
2024-05-21,45.209999084472656,45.83000183105469,45.099998474121094,45.83000183105469,45.83000183105469,176200.0
2024-05-22,45.59000015258789,45.709999084472656,45.099998474121094,45.40999984741211,45.40999984741211,106100.0
2024-05-23,46.06999969482422,46.150001525878906,44.84000015258789,45.11000061035156,45.11000061035156,79100.0
2024-05-24,45.2599983215332,45.8849983215332,45.22999954223633,45.790000915527344,45.790000915527344,57900.0
2024-05-28,45.90999984741211,46.04999923706055,45.66999816894531,46.0099983215332,46.0099983215332,38300.0
2024-05-29,45.63999938964844,46.14500045776367,45.63999938964844,45.93000030517578,45.93000030517578,128200.0
2024-05-30,45.779998779296875,45.779998779296875,44.880001068115234,45.040000915527344,45.040000915527344,202100.0
2024-05-31,45.130001068115234,45.13999938964844,43.900001525878906,44.65999984741211,44.65999984741211,46700.0
2024-06-03,45.0,45.2599983215332,44.5099983215332,45.02000045776367,45.02000045776367,44400.0
2024-06-04,44.9900016784668,45.2400016784668,44.810001373291016,45.2400016784668,45.2400016784668,42100.0
2024-06-05,45.529998779296875,46.25,45.290000915527344,46.25,46.25,100600.0
2024-06-06,46.2400016784668,46.349998474121094,45.900001525878906,46.279998779296875,46.279998779296875,55800.0
2024-06-07,46.06999969482422,46.28200149536133,45.944000244140625,45.98500061035156,45.98500061035156,64900.0
2024-06-10,46.0,46.16999816894531,45.810001373291016,46.08000183105469,46.08000183105469,46000.0
2024-06-11,46.06999969482422,46.58000183105469,45.95000076293945,46.56999969482422,46.56999969482422,38500.0
2024-06-12,47.02000045776367,47.75,46.97700119018555,47.52000045776367,47.52000045776367,113100.0
2024-06-13,48.45000076293945,48.5989990234375,47.939998626708984,48.220001220703125,48.220001220703125,72700.0
2024-06-14,48.18000030517578,48.516998291015625,48.029998779296875,48.439998626708984,48.439998626708984,121000.0
2024-06-17,48.619998931884766,49.630001068115234,48.470001220703125,49.47999954223633,49.47999954223633,275800.0
2024-06-18,49.349998474121094,49.349998474121094,48.900001525878906,49.22999954223633,49.22999954223633,101900.0
2024-06-20,49.25,49.39500045776367,48.2400016784668,48.540000915527344,48.540000915527344,135300.0
2024-06-21,48.459999084472656,48.599998474121094,48.16999816894531,48.25,48.25,74600.0
2024-06-24,48.27000045776367,48.34000015258789,47.470001220703125,47.65999984741211,47.65999984741211,111600.0
2024-06-25,47.709999084472656,48.34000015258789,47.595001220703125,48.34000015258789,48.34000015258789,57300.0
2024-06-26,48.189998626708984,49.084999084472656,48.189998626708984,49.040000915527344,49.040000915527344,169100.0
2024-06-27,49.06999969482422,49.4900016784668,49.04999923706055,49.47999954223633,49.47999954223633,122700.0
2024-06-28,49.5,49.97800064086914,48.91999816894531,49.130001068115234,49.130001068115234,130200.0
2024-07-01,49.310001373291016,50.119998931884766,48.92399978637695,50.119998931884766,50.119998931884766,124700.0
2024-07-02,50.060001373291016,50.90999984741211,50.060001373291016,50.83000183105469,50.83000183105469,193800.0
2024-07-03,51.0,51.88999938964844,50.849998474121094,51.88999938964844,51.88999938964844,88600.0
2024-07-05,51.959999084472656,52.630001068115234,51.88199996948242,52.630001068115234,52.630001068115234,171900.0
2024-07-08,52.52000045776367,52.720001220703125,52.150001525878906,52.310001373291016,52.310001373291016,327300.0
2024-07-09,52.619998931884766,52.86000061035156,52.4010009765625,52.720001220703125,52.720001220703125,91500.0
2024-07-10,52.790000915527344,53.13999938964844,52.380001068115234,53.13999938964844,53.13999938964844,203900.0
2024-07-11,53.040000915527344,53.08000183105469,50.84000015258789,51.15999984741211,51.15999984741211,302800.0
2024-07-12,50.689998626708984,51.619998931884766,50.54999923706055,51.18000030517578,51.18000030517578,204000.0
2024-07-15,51.47999954223633,52.13999938964844,51.08000183105469,51.29999923706055,51.29999923706055,98000.0
2024-07-16,51.689998626708984,51.77000045776367,50.720001220703125,51.06999969482422,51.06999969482422,131100.0
2024-07-17,50.20000076293945,50.290000915527344,49.380001068115234,49.63999938964844,49.63999938964844,216600.0
2024-07-18,50.130001068115234,50.13999938964844,48.99100112915039,49.209999084472656,49.209999084472656,138000.0
2024-07-19,49.349998474121094,49.75,48.619998931884766,48.619998931884766,48.619998931884766,99400.0
2024-07-22,49.439998626708984,50.05500030517578,49.33000183105469,49.65999984741211,49.65999984741211,108100.0
2024-07-23,49.849998474121094,50.375,49.83000183105469,50.040000915527344,50.040000915527344,49100.0
2024-07-24,48.47999954223633,48.54999923706055,47.040000915527344,47.040000915527344,47.040000915527344,166400.0
2024-07-25,47.209999084472656,47.939998626708984,46.04999923706055,47.02000045776367,47.02000045776367,100200.0
2024-07-26,47.349998474121094,47.529998779296875,46.849998474121094,47.20000076293945,47.20000076293945,76000.0
2024-07-29,47.599998474121094,47.91999816894531,47.20000076293945,47.560001373291016,47.560001373291016,62600.0
2024-07-30,47.66999816894531,47.7400016784668,46.202999114990234,46.650001525878906,46.650001525878906,142800.0
2024-07-31,47.709999084472656,48.40999984741211,47.560001373291016,48.40999984741211,48.40999984741211,114400.0
2024-08-01,48.619998931884766,49.08000183105469,46.54999923706055,47.08000183105469,47.08000183105469,193700.0
2024-08-02,45.77000045776367,46.20000076293945,44.95000076293945,45.7400016784668,45.7400016784668,228500.0
2024-08-05,41.79999923706055,44.48500061035156,41.619998931884766,43.68000030517578,43.68000030517578,753300.0
2024-08-06,44.09000015258789,45.13999938964844,43.470001220703125,44.4900016784668,44.4900016784668,224100.0
2024-08-07,45.16999816894531,45.51499938964844,43.77000045776367,43.83000183105469,43.83000183105469,121900.0
2024-08-08,44.68000030517578,45.5099983215332,44.18000030517578,45.5099983215332,45.5099983215332,837000.0
2024-08-09,45.189998626708984,45.970001220703125,45.16999816894531,45.970001220703125,45.970001220703125,104100.0
2024-08-12,45.95000076293945,46.150001525878906,45.630001068115234,45.880001068115234,45.880001068115234,82300.0
2024-08-13,46.310001373291016,47.45000076293945,46.29499816894531,47.45000076293945,47.45000076293945,104300.0
2024-08-14,47.470001220703125,47.560001373291016,46.72999954223633,47.22999954223633,47.22999954223633,87400.0
2024-08-15,47.66999816894531,48.58000183105469,47.66999816894531,48.58000183105469,48.58000183105469,93600.0
2024-08-16,48.15999984741211,48.77000045776367,48.11000061035156,48.61000061035156,48.61000061035156,66200.0
2024-08-19,48.689998626708984,49.470001220703125,48.61000061035156,49.470001220703125,49.470001220703125,305500.0
2024-08-20,49.45000076293945,49.72999954223633,49.22100067138672,49.540000915527344,49.540000915527344,69300.0
2024-08-21,49.369998931884766,49.81999969482422,49.2400016784668,49.5,49.5,115000.0
2024-08-22,49.5,49.599998474121094,47.84000015258789,48.11000061035156,48.11000061035156,186800.0
2024-08-23,48.38999938964844,48.939998626708984,48.0099983215332,48.54999923706055,48.54999923706055,112700.0
2024-08-26,48.54999923706055,48.619998931884766,47.75,48.099998474121094,48.099998474121094,128200.0
2024-08-27,47.83000183105469,48.27000045776367,47.625,47.91999816894531,47.91999816894531,49200.0
2024-08-28,47.970001220703125,47.970001220703125,46.81999969482422,47.209999084472656,47.209999084472656,126800.0
2024-08-29,47.560001373291016,48.202999114990234,47.060001373291016,47.279998779296875,47.279998779296875,840800.0
2024-08-30,47.63999938964844,48.0,47.25,47.91999816894531,47.91999816894531,103400.0
2024-09-03,47.630001068115234,47.75,46.08000183105469,46.16999816894531,46.16999816894531,232200.0
2024-09-04,45.88999938964844,46.86000061035156,45.869998931884766,46.38999938964844,46.38999938964844,77900.0
2024-09-05,46.33000183105469,47.61000061035156,46.33000183105469,47.099998474121094,47.099998474121094,306700.0
2024-09-06,46.880001068115234,46.939998626708984,44.970001220703125,44.970001220703125,44.970001220703125,110900.0
2024-09-09,45.61000061035156,45.86000061035156,45.11000061035156,45.79999923706055,45.79999923706055,63600.0
2024-09-10,46.0,46.47999954223633,45.68000030517578,46.47999954223633,46.47999954223633,112100.0
2024-09-11,46.529998779296875,47.70000076293945,45.619998931884766,47.70000076293945,47.70000076293945,123600.0
2024-09-12,47.68000030517578,48.400001525878906,47.47999954223633,48.31999969482422,48.31999969482422,129600.0
2024-09-13,48.27000045776367,48.619998931884766,48.16999816894531,48.56999969482422,48.56999969482422,95200.0
2024-09-16,48.150001525878906,48.19499969482422,47.7400016784668,48.13999938964844,48.13999938964844,124000.0
2024-09-17,48.619998931884766,48.790000915527344,48.040000915527344,48.29999923706055,48.29999923706055,99900.0
2024-09-18,48.47999954223633,48.93000030517578,48.040000915527344,48.09000015258789,48.09000015258789,165400.0
2024-09-19,49.279998779296875,49.96900177001953,49.15999984741211,49.779998779296875,49.779998779296875,140000.0
2024-09-20,49.779998779296875,49.79999923706055,49.060001373291016,49.4900016784668,49.4900016784668,132700.0
2024-09-23,49.599998474121094,49.75899887084961,49.310001373291016,49.4900016784668,49.4900016784668,142300.0
2024-09-24,49.630001068115234,49.68000030517578,48.869998931884766,49.68000030517578,49.68000030517578,197700.0
2024-09-25,49.470001220703125,49.880001068115234,49.470001220703125,49.56999969482422,49.56999969482422,89700.0
2024-09-26,50.18000030517578,50.19900131225586,49.040000915527344,49.5,49.5,71200.0
2024-09-27,49.4900016784668,49.4900016784668,48.970001220703125,49.0099983215332,49.0099983215332,51000.0
2024-09-30,49.0,49.40999984741211,48.80500030517578,49.40999984741211,49.40999984741211,69500.0
2024-10-01,49.33000183105469,49.38999938964844,48.2599983215332,48.380001068115234,48.380001068115234,76700.0
2024-10-02,48.4900016784668,48.95000076293945,48.33000183105469,48.810001373291016,48.810001373291016,85300.0
2024-10-03,48.619998931884766,49.209999084472656,48.619998931884766,49.060001373291016,49.060001373291016,46100.0
2024-10-04,49.70000076293945,50.0,49.18000030517578,49.93000030517578,49.93000030517578,106800.0
2024-10-07,49.790000915527344,49.86000061035156,49.11000061035156,49.189998626708984,49.189998626708984,165500.0
2024-10-08,49.56999969482422,50.36000061035156,49.5099983215332,50.36000061035156,50.36000061035156,429400.0
2024-10-09,50.22999954223633,50.70000076293945,49.95500183105469,50.63999938964844,50.63999938964844,112400.0
2024-10-10,50.470001220703125,51.150001525878906,50.470001220703125,51.02000045776367,51.02000045776367,69800.0
2024-10-11,50.939998626708984,51.16999816894531,50.720001220703125,51.08000183105469,51.08000183105469,108600.0
2024-10-14,51.41999816894531,51.709999084472656,51.04999923706055,51.290000915527344,51.290000915527344,264900.0
2024-10-15,51.224998474121094,51.224998474121094,50.097999572753906,50.29999923706055,50.29999923706055,150300.0
2024-10-16,50.380001068115234,50.4900016784668,49.90299987792969,50.40999984741211,50.40999984741211,63900.0
2024-10-17,51.029998779296875,51.05799865722656,50.560001373291016,50.56999969482422,50.56999969482422,106400.0
2024-10-18,51.2400016784668,51.36000061035156,51.09000015258789,51.36000061035156,51.36000061035156,107000.0
2024-10-21,51.0,51.540000915527344,50.970001220703125,51.47999954223633,51.47999954223633,93800.0
2024-10-22,51.31999969482422,51.81999969482422,51.13199996948242,51.66999816894531,51.66999816894531,99400.0
2024-10-23,51.400001525878906,51.459999084472656,50.18000030517578,50.45000076293945,50.45000076293945,384000.0
2024-10-24,50.81999969482422,50.970001220703125,50.58000183105469,50.95000076293945,50.95000076293945,128600.0
2024-10-25,51.27000045776367,51.75,51.0,51.08000183105469,51.08000183105469,284800.0
2024-10-28,51.529998779296875,51.529998779296875,51.08000183105469,51.08000183105469,51.08000183105469,120800.0
2024-10-29,51.209999084472656,52.16999816894531,51.08000183105469,52.04999923706055,52.04999923706055,623600.0
2024-10-30,52.38999938964844,52.459999084472656,51.810001373291016,51.90999984741211,51.90999984741211,145700.0
2024-10-31,51.31999969482422,51.31999969482422,50.06999969482422,50.2400016784668,50.2400016784668,434600.0
2024-11-01,50.529998779296875,51.099998474121094,50.36000061035156,50.77000045776367,50.77000045776367,167500.0
2024-11-04,50.599998474121094,50.95000076293945,50.38999938964844,50.52000045776367,50.52000045776367,61700.0
2024-11-05,50.83000183105469,51.459999084472656,50.83000183105469,51.40999984741211,51.40999984741211,130500.0
2024-11-06,52.150001525878906,52.88999938964844,52.0,52.88999938964844,52.88999938964844,165900.0
2024-11-07,53.09000015258789,54.11000061035156,53.060001373291016,53.959999084472656,53.959999084472656,123600.0
2024-11-08,53.86000061035156,53.95500183105469,53.4900016784668,53.81999969482422,53.81999969482422,120700.0
2024-11-11,53.79999923706055,53.79999923706055,53.27000045776367,53.7599983215332,53.7599983215332,117000.0
2024-11-12,53.7599983215332,54.16999816894531,53.64899826049805,54.13999938964844,54.13999938964844,90300.0
2024-11-13,54.15999984741211,54.75,53.880001068115234,54.189998626708984,54.189998626708984,102600.0
2024-11-14,54.16999816894531,54.32500076293945,53.79999923706055,53.95000076293945,53.95000076293945,59900.0
2024-11-15,53.2599983215332,53.262001037597656,52.130001068115234,52.470001220703125,52.470001220703125,249200.0
2024-11-18,52.459999084472656,53.029998779296875,52.27000045776367,52.790000915527344,52.790000915527344,87900.0
2024-11-19,52.5,53.90999984741211,52.5,53.90999984741211,53.90999984741211,181300.0
2024-11-20,53.86000061035156,53.86000061035156,52.869998931884766,53.68000030517578,53.68000030517578,58500.0
2024-11-21,54.0,54.0099983215332,52.86000061035156,53.529998779296875,53.529998779296875,139100.0
2024-11-22,53.470001220703125,53.70000076293945,53.34000015258789,53.70000076293945,53.70000076293945,36200.0
2024-11-25,54.0,54.04899978637695,53.06999969482422,53.15999984741211,53.15999984741211,173000.0
2024-11-26,53.47999954223633,54.029998779296875,53.47999954223633,54.029998779296875,54.029998779296875,104000.0
2024-11-27,53.68000030517578,53.68000030517578,52.70000076293945,53.209999084472656,53.209999084472656,158800.0
2024-11-29,53.189998626708984,53.779998779296875,53.14400100708008,53.779998779296875,53.779998779296875,28900.0
2024-12-02,53.66999816894531,54.5099983215332,53.66999816894531,54.439998626708984,54.439998626708984,133900.0
2024-12-03,54.16999816894531,55.11000061035156,54.095001220703125,55.11000061035156,55.11000061035156,138100.0
2024-12-04,55.470001220703125,56.22999954223633,55.470001220703125,56.22999954223633,56.22999954223633,185900.0
2024-12-05,56.16999816894531,56.540000915527344,56.08000183105469,56.459999084472656,56.459999084472656,119100.0
2024-12-06,56.220001220703125,57.040000915527344,56.220001220703125,57.0099983215332,57.0099983215332,107300.0
2024-12-09,56.709999084472656,56.935001373291016,56.119998931884766,56.66999816894531,56.66999816894531,116600.0
2024-12-10,56.59000015258789,57.22999954223633,56.13999938964844,56.5,56.5,88100.0
2024-12-11,56.790000915527344,58.20000076293945,56.790000915527344,58.20000076293945,58.20000076293945,121500.0
2024-12-12,57.86000061035156,58.0890007019043,57.529998779296875,57.90999984741211,57.90999984741211,66100.0
2024-12-13,58.38999938964844,59.11000061035156,57.939998626708984,58.93000030517578,58.93000030517578,116700.0
2024-12-16,58.869998931884766,60.599998474121094,58.869998931884766,60.599998474121094,60.599998474121094,199600.0
2024-12-17,59.7599983215332,60.040000915527344,59.13999938964844,59.560001373291016,59.560001373291016,209000.0
2024-12-18,59.83000183105469,59.849998474121094,56.470001220703125,56.900001525878906,56.900001525878906,214800.0
2024-12-19,58.150001525878906,58.150001525878906,57.25,57.66999816894531,57.66999816894531,158700.0
2024-12-20,57.0099983215332,58.87099838256836,56.55400085449219,58.20000076293945,58.20000076293945,171700.0
2024-12-23,58.459999084472656,59.119998931884766,57.959999084472656,59.119998931884766,59.119998931884766,146200.0
2024-12-24,59.349998474121094,60.0,59.099998474121094,59.97999954223633,59.97999954223633,101900.0
2024-12-26,59.59000015258789,60.0,59.1879997253418,60.0,60.0,76300.0
2024-12-27,59.349998474121094,59.349998474121094,58.0,58.36000061035156,58.36000061035156,101800.0
2024-12-30,57.7400016784668,58.507999420166016,57.41999816894531,58.2400016784668,58.2400016784668,236600.0
2024-12-31,58.18000030517578,58.18000030517578,57.13999938964844,57.36000061035156,57.36000061035156,122700.0
2025-01-02,57.79999923706055,58.15999984741211,56.599998474121094,57.06999969482422,57.06999969482422,132900.0
2025-01-03,57.75,58.380001068115234,57.625999450683594,58.06999969482422,58.06999969482422,80800.0
2025-01-06,58.88999938964844,59.51900100708008,58.79999923706055,59.22999954223633,59.22999954223633,163500.0
2025-01-07,59.58000183105469,59.58000183105469,57.70000076293945,57.95000076293945,57.95000076293945,181700.0
2025-01-08,58.11000061035156,58.250999450683594,57.310001373291016,57.79999923706055,57.79999923706055,85800.0
2025-01-10,57.52000045776367,57.52000045776367,56.09000015258789,56.900001525878906,56.900001525878906,155300.0
2025-01-13,55.689998626708984,56.439998626708984,55.599998474121094,56.439998626708984,56.439998626708984,118100.0
2025-01-14,56.70000076293945,56.77000045776367,55.630001068115234,56.11000061035156,56.11000061035156,83000.0
2025-01-15,57.029998779296875,57.7400016784668,56.78900146484375,57.06999969482422,57.06999969482422,120600.0
2025-01-16,58.0,58.06999969482422,57.0099983215332,57.0099983215332,57.0099983215332,86300.0
2025-01-17,57.9900016784668,58.08000183105469,57.33300018310547,57.970001220703125,57.970001220703125,76000.0
2025-01-21,58.279998779296875,58.70000076293945,57.84000015258789,58.380001068115234,58.380001068115234,140300.0
2025-01-22,59.849998474121094,60.38999938964844,59.70000076293945,60.060001373291016,60.060001373291016,229200.0
2025-01-23,59.869998931884766,60.47999954223633,59.58000183105469,60.470001220703125,60.470001220703125,136300.0
2025-01-24,60.459999084472656,60.849998474121094,59.939998626708984,60.06999969482422,60.06999969482422,92800.0
2025-01-27,57.810001373291016,58.97999954223633,57.16999816894531,58.04999923706055,58.04999923706055,417200.0
2025-01-28,58.47999954223633,60.34000015258789,58.05799865722656,60.18000030517578,60.18000030517578,174400.0
2025-01-29,60.04999923706055,60.04999923706055,58.939998626708984,59.7599983215332,59.7599983215332,179300.0
2025-01-30,59.209999084472656,59.595001220703125,58.22999954223633,58.84000015258789,58.84000015258789,170400.0
2025-01-31,59.54999923706055,60.053001403808594,58.79999923706055,58.79999923706055,58.79999923706055,227700.0
2025-02-03,57.65999984741211,58.92900085449219,57.599998474121094,58.65999984741211,58.65999984741211,191600.0
2025-02-04,58.849998474121094,59.529998779296875,58.65999984741211,59.529998779296875,59.529998779296875,74200.0
2025-02-05,59.119998931884766,59.72999954223633,58.96200180053711,59.52000045776367,59.52000045776367,55300.0
2025-02-06,59.70000076293945,60.189998626708984,59.619998931884766,60.189998626708984,60.189998626708984,47900.0
2025-02-07,60.13999938964844,60.5,59.21500015258789,59.470001220703125,59.470001220703125,98600.0
2025-02-10,59.68000030517578,60.459999084472656,59.68000030517578,60.150001525878906,60.150001525878906,74600.0
2025-02-11,59.68000030517578,60.349998474121094,59.67300033569336,60.27000045776367,60.27000045776367,73700.0
2025-02-12,59.52000045776367,60.209999084472656,59.2400016784668,60.16999816894531,60.16999816894531,76300.0
2025-02-13,60.150001525878906,61.040000915527344,59.79999923706055,61.040000915527344,61.040000915527344,769200.0
2025-02-14,60.86000061035156,61.34000015258789,60.599998474121094,61.33000183105469,61.33000183105469,371200.0
2025-02-18,61.22999954223633,61.314998626708984,60.25,60.970001220703125,60.970001220703125,223400.0
2025-02-19,60.7400016784668,60.74399948120117,60.0099983215332,60.63999938964844,60.63999938964844,155500.0
2025-02-20,60.54999923706055,60.54999923706055,59.290000915527344,60.06999969482422,60.06999969482422,396900.0
2025-02-21,60.099998474121094,60.099998474121094,57.599998474121094,57.75,57.75,637200.0
2025-02-24,58.0,58.16999816894531,56.4900016784668,56.56999969482422,56.56999969482422,339100.0
2025-02-25,56.34000015258789,56.665000915527344,54.939998626708984,55.68000030517578,55.68000030517578,182400.0
2025-02-26,56.029998779296875,57.13999938964844,55.939998626708984,56.70000076293945,56.70000076293945,93100.0
2025-02-27,57.25,57.34000015258789,54.58000183105469,54.65999984741211,54.65999984741211,97200.0
2025-02-28,54.349998474121094,55.65999984741211,53.97200012207031,55.529998779296875,55.529998779296875,89400.0
2025-03-03,56.13999938964844,56.207000732421875,53.5,54.04999923706055,54.04999923706055,118900.0
2025-03-04,53.38999938964844,54.95000076293945,52.599998474121094,53.959999084472656,53.959999084472656,214100.0
2025-03-05,53.93000030517578,54.72999954223633,53.25,54.68000030517578,54.68000030517578,74200.0
2025-03-06,53.29999923706055,54.16999816894531,52.05400085449219,52.220001220703125,52.220001220703125,110900.0
2025-03-07,52.11000061035156,52.80500030517578,50.79999923706055,52.2400016784668,52.2400016784668,145500.0
2025-03-10,51.0,51.209999084472656,49.26100158691406,49.779998779296875,49.779998779296875,156800.0
2025-03-11,49.88999938964844,51.52000045776367,49.88999938964844,50.81999969482422,50.81999969482422,126800.0
2025-03-12,51.79999923706055,52.33000183105469,51.119998931884766,51.84000015258789,51.84000015258789,152800.0
2025-03-13,51.84000015258789,51.84000015258789,50.25400161743164,50.529998779296875,50.529998779296875,735400.0
2025-03-14,51.119998931884766,52.12900161743164,51.119998931884766,52.099998474121094,52.099998474121094,250500.0
2025-03-17,51.900001525878906,52.70000076293945,51.869998931884766,52.18000030517578,52.18000030517578,153400.0
2025-03-18,51.68000030517578,51.79999923706055,50.7599983215332,51.060001373291016,51.060001373291016,151300.0
2025-03-19,51.349998474121094,52.7400016784668,51.20000076293945,52.150001525878906,52.150001525878906,275600.0
2025-03-20,51.56999969482422,52.68000030517578,51.540000915527344,51.7400016784668,51.7400016784668,103500.0
2025-03-21,51.189998626708984,52.11000061035156,51.08000183105469,51.90999984741211,51.90999984741211,108100.0
2025-03-24,53.04999923706055,53.36000061035156,52.75,53.36000061035156,53.36000061035156,109700.0
2025-03-25,53.5,54.0099983215332,53.47999954223633,53.72999954223633,53.72999954223633,85400.0
2025-03-26,53.619998931884766,53.619998931884766,52.064998626708984,52.43000030517578,52.43000030517578,61200.0
2025-03-27,51.810001373291016,52.25,51.50600051879883,51.91999816894531,51.91999816894531,85600.0
2025-03-28,51.29999923706055,51.560001373291016,49.770999908447266,49.9900016784668,49.9900016784668,111100.0
2025-03-31,49.11000061035156,49.84000015258789,48.27000045776367,49.81999969482422,49.81999969482422,71200.0
2025-04-01,49.560001373291016,50.45000076293945,49.54999923706055,50.369998931884766,50.369998931884766,58500.0
2025-04-02,49.66999816894531,51.36000061035156,49.66999816894531,50.86000061035156,50.86000061035156,39400.0
2025-04-03,48.040000915527344,48.52000045776367,47.38999938964844,47.56999969482422,47.56999969482422,369600.0
2025-04-04,45.650001525878906,46.099998474121094,44.5,44.90999984741211,44.90999984741211,214000.0
2025-04-07,43.0,47.34000015258789,42.5,45.709999084472656,45.709999084472656,269900.0
2025-04-08,47.56999969482422,48.28900146484375,44.56999969482422,45.040000915527344,45.040000915527344,249200.0
2025-04-09,45.0,51.40900039672851,45.0,50.81999969482422,50.81999969482422,260900.0
2025-04-10,49.599998474121094,50.04999923706055,47.36000061035156,48.970001220703125,48.970001220703125,124000.0
2025-04-11,48.939998626708984,49.880001068115234,48.37099838256836,49.880001068115234,49.880001068115234,79900.0
2025-04-14,51.060001373291016,51.27199935913086,49.349998474121094,50.040000915527344,50.040000915527344,89300.0
2025-04-15,50.29999923706055,50.88999938964844,50.119998931884766,50.400001525878906,50.400001525878906,41900.0
2025-04-16,49.4900016784668,49.58000183105469,47.86000061035156,48.70000076293945,48.70000076293945,133900.0
2025-04-17,49.15999984741211,49.15999984741211,47.959999084472656,48.09000015258789,48.09000015258789,49300.0
2025-04-21,47.599998474121094,47.625,46.250999450683594,47.029998779296875,47.029998779296875,88700.0
2025-04-22,47.439998626708984,48.720001220703125,47.439998626708984,48.349998474121094,48.349998474121094,64900.0
2025-04-23,50.290000915527344,50.97800064086914,49.540000915527344,49.93000030517578,49.93000030517578,138900.0
2025-04-24,50.540000915527344,52.59000015258789,50.540000915527344,52.439998626708984,52.439998626708984,184200.0
2025-04-25,53.0,53.849998474121094,52.599998474121094,53.849998474121094,53.849998474121094,219000.0
2025-04-28,53.75,53.83000183105469,52.36000061035156,53.290000915527344,53.290000915527344,126700.0
2025-04-29,52.7599983215332,53.77000045776367,52.7599983215332,53.77000045776367,53.77000045776367,80600.0
2025-04-30,52.25,53.599998474121094,51.79999923706055,53.27000045776367,53.27000045776367,106800.0
2025-05-01,55.0,55.45000076293945,54.31999969482422,55.09000015258789,55.09000015258789,282600.0
2025-05-02,55.720001220703125,56.189998626708984,55.04999923706055,55.72999954223633,55.72999954223633,137100.0
2025-05-05,55.09000015258789,55.849998474121094,55.09000015258789,55.540000915527344,55.540000915527344,72500.0
2025-05-06,54.7599983215332,55.540000915527344,54.5099983215332,55.04999923706055,55.04999923706055,118800.0
2025-05-07,55.119998931884766,55.41999816894531,54.29999923706055,55.040000915527344,55.040000915527344,88200.0
2025-05-08,55.79999923706055,56.00899887084961,54.922000885009766,55.47999954223633,55.47999954223633,83200.0
2025-05-09,55.564998626708984,55.630001068115234,54.70000076293945,54.900001525878906,54.900001525878906,125900.0
2025-05-12,57.33000183105469,57.75,56.422000885009766,57.75,57.75,433200.0
2025-05-13,57.95000076293945,59.380001068115234,57.75,58.90999984741211,58.90999984741211,276500.0
2025-05-14,59.22999954223633,59.5,58.88199996948242,59.150001525878906,59.150001525878906,170600.0
2025-05-15,58.9900016784668,59.229000091552734,58.2400016784668,58.72999954223633,58.72999954223633,192200.0
2025-05-16,59.220001220703125,59.220001220703125,58.43000030517578,59.220001220703125,59.220001220703125,112700.0
2025-05-19,57.84000015258789,59.2760009765625,57.79999923706055,59.15999984741211,59.15999984741211,114000.0
2025-05-20,58.72999954223633,59.01399993896485,58.31999969482422,58.849998474121094,58.849998474121094,60300.0
2025-05-21,58.09000015258789,59.869998931884766,58.09000015258789,58.5099983215332,58.5099983215332,96600.0
2025-05-22,58.150001525878906,59.40999984741211,58.150001525878906,58.900001525878906,58.900001525878906,870700.0
2025-05-23,57.97999954223633,58.869998931884766,57.80099868774414,58.540000915527344,58.540000915527344,361100.0
2025-05-27,59.47999954223633,60.189998626708984,59.172000885009766,60.15999984741211,60.15999984741211,818900.0
2025-05-28,60.34000015258789,60.487998962402344,59.900001525878906,60.08000183105469,60.08000183105469,76200.0
2025-05-29,61.02000045776367,61.02000045776367,59.61000061035156,59.959999084472656,59.959999084472656,98700.0
2025-05-30,59.5,59.805999755859375,58.599998474121094,59.77000045776367,59.77000045776367,281100.0
2025-06-02,59.380001068115234,60.63999938964844,59.380001068115234,60.439998626708984,60.439998626708984,99200.0
2025-06-03,60.68000030517578,61.13999938964844,60.400001525878906,60.959999084472656,60.959999084472656,136000.0
2025-06-04,60.959999084472656,61.29999923706055,60.6619987487793,61.09000015258789,61.09000015258789,71300.0
2025-06-05,61.25,61.970001220703125,61.01599884033203,61.130001068115234,61.130001068115234,188700.0
2025-06-06,61.73199844360352,61.9900016784668,61.41999816894531,61.7599983215332,61.7599983215332,104000.0
2025-06-09,61.880001068115234,62.0099983215332,61.43000030517578,61.720001220703125,61.720001220703125,128100.0
2025-06-10,61.779998779296875,61.84099960327149,60.970001220703125,61.61000061035156,61.61000061035156,110900.0
2025-06-11,61.79999923706055,62.2599983215332,61.58399963378906,61.86000061035156,61.86000061035156,106900.0
2025-06-12,61.650001525878906,62.20899963378906,61.650001525878906,62.099998474121094,62.099998474121094,36100.0
2025-06-13,61.220001220703125,61.84000015258789,61.01499938964844,61.02000045776367,61.02000045776367,111700.0
2025-06-16,61.66999816894531,62.20000076293945,61.5099983215332,61.72999954223633,61.72999954223633,105100.0
2025-06-17,61.76499938964844,62.007999420166016,61.400001525878906,61.59000015258789,61.59000015258789,100100.0
2025-06-18,61.810001373291016,61.9739990234375,61.29999923706055,61.689998626708984,61.689998626708984,53900.0
2025-06-20,61.9900016784668,61.9900016784668,60.62200164794922,60.97999954223633,60.97999954223633,99700.0
2025-06-23,60.91999816894531,61.46099853515625,60.290000915527344,61.31999969482422,61.31999969482422,164600.0
2025-06-24,61.9900016784668,62.380001068115234,61.95000076293945,62.279998779296875,62.279998779296875,77800.0
2025-06-25,62.7599983215332,63.33000183105469,62.72999954223633,62.83000183105469,62.83000183105469,75300.0
2025-06-26,63.400001525878906,64.45999908447266,63.06999969482422,64.45999908447266,64.45999908447266,171600.0
2025-06-27,64.41999816894531,64.802001953125,64.0,64.62000274658203,64.62000274658203,172800.0
2025-06-30,65.33999633789062,65.33999633789062,64.72000122070312,65.1500015258789,65.1500015258789,157900.0
2025-07-01,65.0,65.11900329589844,63.52299880981445,64.16999816894531,64.16999816894531,113900.0
2025-07-02,63.7400016784668,64.6500015258789,63.630001068115234,64.6500015258789,64.6500015258789,112400.0
2025-07-03,64.94999694824219,65.54000091552734,64.80000305175781,65.54000091552734,65.54000091552734,71600.0
2025-07-07,64.83999633789062,65.12100219726562,64.44400024414062,64.9000015258789,64.9000015258789,172700.0
2025-07-08,65.13999938964844,65.13999938964844,64.36000061035156,64.6500015258789,64.6500015258789,94100.0
2025-07-09,65.02999877929688,65.57499694824219,65.02999877929688,65.45999908447266,65.45999908447266,105800.0
2025-07-10,65.37999725341797,65.45999908447266,64.36000061035156,64.56999969482422,64.56999969482422,113300.0
2025-07-11,64.5199966430664,64.75,64.19999694824219,64.47000122070312,64.47000122070312,51800.0
2025-07-14,64.0999984741211,64.76000213623047,64.05000305175781,64.48999786376953,64.48999786376953,60000.0
2025-07-15,65.2300033569336,65.2300033569336,64.66999816894531,64.86000061035156,64.86000061035156,59700.0
2025-07-16,65.05999755859375,65.05999755859375,64.19000244140625,64.63999938964844,64.63999938964844,49900.0
2025-07-17,64.95999908447266,65.3499984741211,64.75,64.83999633789062,64.83999633789062,104800.0
2025-07-18,65.38999938964844,65.38999938964844,64.56199645996094,64.98999786376953,64.98999786376953,62600.0
2025-07-21,65.1500015258789,65.8499984741211,65.12000274658203,65.8499984741211,65.8499984741211,85400.0
2025-07-22,66.0,66.0,64.55000305175781,64.76000213623047,64.76000213623047,95100.0
2025-07-23,65.0199966430664,65.0199966430664,64.38800048828125,64.80000305175781,64.80000305175781,126700.0
2025-07-24,65.80000305175781,66.0,65.4000015258789,65.73999786376953,65.73999786376953,77100.0
2025-07-25,65.80000305175781,65.91000366210938,65.55000305175781,65.73999786376953,65.73999786376953,57200.0
2025-07-28,66.08999633789062,66.3280029296875,65.80999755859375,66.2300033569336,66.2300033569336,117200.0
2025-07-29,66.5999984741211,66.67500305175781,65.80999755859375,66.05000305175781,66.05000305175781,52500.0
2025-07-30,65.91000366210938,66.27999877929688,65.62999725341797,66.19000244140625,66.19000244140625,76500.0
2025-07-31,67.5,67.5999984741211,66.12000274658203,66.4000015258789,66.4000015258789,155500.0
2025-08-01,65.33000183105469,65.33000183105469,64.0,64.26000213623047,64.26000213623047,197500.0
2025-08-04,65.06999969482422,65.61000061035156,65.0,65.4800033569336,65.4800033569336,135500.0
2025-08-05,65.4800033569336,65.8499984741211,64.51000213623047,64.5199966430664,64.5199966430664,131600.0
2025-08-06,64.54000091552734,65.86000061035156,64.54000091552734,65.68000030517578,65.68000030517578,175400.0
2025-08-07,66.05999755859375,66.38999938964844,65.0199966430664,65.37999725341797,65.37999725341797,127000.0
2025-08-08,65.63999938964844,66.23999786376953,65.63999938964844,66.0999984741211,66.0999984741211,71200.0
2025-08-11,66.41000366210938,66.54000091552734,65.81999969482422,66.0999984741211,66.0999984741211,78500.0
2025-08-12,66.43000030517578,66.9000015258789,66.08000183105469,66.80000305175781,66.80000305175781,71400.0
2025-08-13,67.16999816894531,67.16999816894531,66.31999969482422,66.47000122070312,66.47000122070312,52900.0
2025-08-14,66.36000061035156,67.16999816894531,66.36000061035156,66.95999908447266,66.95999908447266,38300.0
2025-08-15,66.80999755859375,67.11000061035156,66.62000274658203,66.91000366210938,66.91000366210938,81000.0
2025-08-18,66.37000274658203,67.01000213623047,66.37000274658203,66.87999725341797,66.87999725341797,55300.0
2025-08-19,66.91000366210938,66.91000366210938,65.427001953125,65.79000091552734,65.79000091552734,89700.0
2025-08-20,65.36000061035156,65.36000061035156,64.06999969482422,64.9800033569336,64.9800033569336,141400.0
2025-08-21,65.0,65.32499694824219,64.33000183105469,64.56999969482422,64.56999969482422,603400.0
2025-08-22,64.9800033569336,65.97799682617188,64.52999877929688,65.75,65.75,161500.0
2025-08-25,65.79000091552734,66.16999816894531,65.5,65.77999877929688,65.77999877929688,91100.0
2025-08-26,65.55000305175781,65.83899688720703,65.30999755859375,65.73999786376953,65.73999786376953,38400.0
2025-08-27,65.80000305175781,66.30000305175781,65.75,66.19000244140625,66.19000244140625,32000.0
2025-08-28,65.98999786376953,67.33000183105469,65.98999786376953,67.05999755859375,67.05999755859375,143700.0
2025-08-29,67.0,67.0,65.68000030517578,66.02999877929688,66.02999877929688,99800.0
2025-09-02,64.79000091552734,65.5,64.44000244140625,65.3499984741211,65.3499984741211,129300.0
2025-09-03,66.27999877929688,66.76000213623047,66.08000183105469,66.66000366210938,66.66000366210938,104500.0
2025-09-04,67.0999984741211,67.28500366210938,66.45999908447266,67.18000030517578,67.18000030517578,122900.0
2025-09-05,68.36000061035156,68.62999725341797,67.37000274658203,68.08999633789062,68.08999633789062,91400.0
2025-09-08,68.68000030517578,68.947998046875,68.51499938964844,68.80000305175781,68.80000305175781,129100.0
2025-09-09,68.95999908447266,68.95999908447266,68.33000183105469,68.94999694824219,68.94999694824219,78000.0
2025-09-10,69.8499984741211,69.8499984741211,68.94999694824219,69.43000030517578,69.43000030517578,85000.0
2025-09-11,69.77999877929688,69.77999877929688,69.0199966430664,69.30999755859375,69.30999755859375,84600.0
2025-09-12,68.94000244140625,69.52999877929688,68.94000244140625,69.27999877929688,69.27999877929688,54500.0
2025-09-15,69.76000213623047,70.48999786376953,69.51000213623047,70.44999694824219,70.44999694824219,183100.0
2025-09-16,70.51000213623047,70.51799774169922,70.04000091552734,70.31999969482422,70.31999969482422,128200.0
2025-09-17,70.43000030517578,70.43000030517578,68.95999908447266,69.79000091552734,69.79000091552734,88200.0
2025-09-18,70.52999877929688,70.86000061035156,70.20500183105469,70.75,70.75,467500.0
2025-09-19,71.0999984741211,71.2300033569336,70.7300033569336,71.18000030517578,71.18000030517578,43700.0
2025-09-22,71.18000030517578,71.34100341796875,70.83999633789062,71.22000122070312,71.22000122070312,97700.0
2025-09-23,71.69000244140625,71.69000244140625,70.0199966430664,70.30000305175781,70.30000305175781,65400.0
2025-09-24,70.38999938964844,70.63200378417969,69.38999938964844,69.76000213623047,69.76000213623047,88200.0
2025-09-25,69.5,69.9000015258789,68.69000244140625,69.68000030517578,69.68000030517578,108400.0
2025-09-26,69.87000274658203,69.87000274658203,69.07099914550781,69.80999755859375,69.80999755859375,74700.0
2025-09-29,70.4000015258789,70.59500122070312,69.9000015258789,70.12000274658203,70.12000274658203,111800.0
2025-09-30,69.6500015258789,69.98999786376953,69.30999755859375,69.9800033569336,69.9800033569336,71400.0
2025-10-01,69.88999938964844,69.88999938964844,69.0999984741211,69.70999908447266,69.70999908447266,102500.0
2025-10-02,70.22000122070312,70.22000122070312,69.55000305175781,69.8499984741211,69.8499984741211,121300.0
2025-10-03,69.97000122070312,70.10399627685547,69.26000213623047,69.45999908447266,69.45999908447266,69400.0
2025-10-06,69.58999633789062,69.9990005493164,69.13999938964844,69.68000030517578,69.68000030517578,120300.0
2025-10-07,69.94999694824219,69.94999694824219,69.05000305175781,69.5199966430664,69.5199966430664,61100.0
2025-10-08,69.73999786376953,70.66999816894531,69.73999786376953,70.58000183105469,70.58000183105469,56300.0
2025-10-09,70.79000091552734,71.01000213623047,70.3550033569336,71.01000213623047,71.01000213623047,68000.0
2025-10-10,71.0999984741211,71.30000305175781,68.0,68.4000015258789,68.4000015258789,161900.0
2025-10-13,69.94000244140625,70.69000244140625,69.35299682617188,70.69000244140625,70.69000244140625,98200.0
2025-10-14,69.33999633789062,69.88200378417969,68.51000213623047,69.1500015258789,69.1500015258789,99700.0
2025-10-15,69.9000015258789,70.20999908447266,68.94000244140625,69.37000274658203,69.37000274658203,41000.0
2025-10-16,69.68000030517578,70.19000244140625,68.47000122070312,69.01000213623047,69.01000213623047,506200.0
2025-10-17,68.79000091552734,69.58000183105469,68.5,69.38999938964844,69.38999938964844,57700.0
2025-10-20,69.79000091552734,70.86100006103516,69.79000091552734,70.69999694824219,70.69999694824219,43900.0
2025-10-21,70.9800033569336,70.9800033569336,70.58000183105469,70.91000366210938,70.91000366210938,70300.0
2025-10-22,70.55999755859375,70.94000244140625,69.11399841308594,69.93000030517578,69.93000030517578,171700.0
2025-10-23,69.80999755859375,70.48999786376953,69.80999755859375,70.3499984741211,70.3499984741211,24100.0
2025-10-24,71.0,71.38999938964844,70.9800033569336,71.12000274658203,71.12000274658203,52100.0
2025-10-27,72.16999816894531,72.52999877929688,72.0,72.52999877929688,72.52999877929688,148500.0
2025-10-28,73.0,73.75,72.83000183105469,73.36000061035156,73.36000061035156,177900.0
2025-10-29,73.79000091552734,74.0199966430664,73.4000015258789,73.87999725341797,73.87999725341797,78700.0
2025-10-30,73.27999877929688,73.58999633789062,72.38999938964844,72.5999984741211,72.5999984741211,359100.0
2025-10-31,74.43000030517578,74.43000030517578,72.9020004272461,73.01000213623047,73.01000213623047,39800.0
2025-11-03,73.83000183105469,73.95999908447266,73.01100158691406,73.08000183105469,73.08000183105469,82200.0
2025-11-04,72.1500015258789,72.8499984741211,71.51000213623047,71.61000061035156,71.61000061035156,127000.0
2025-11-05,71.5,72.2699966430664,71.41100311279297,71.79000091552734,71.79000091552734,55800.0
2025-11-06,71.69999694824219,71.69999694824219,70.5999984741211,70.81999969482422,70.81999969482422,84500.0
2025-11-07,70.31999969482422,70.68000030517578,69.27999877929688,70.6500015258789,70.6500015258789,167100.0
2025-11-10,71.7699966430664,72.66999816894531,71.62000274658203,72.56999969482422,72.56999969482422,63800.0
2025-11-11,72.19999694824219,72.45999908447266,71.83699798583984,72.44999694824219,72.44999694824219,73900.0
2025-11-12,72.91999816894531,72.91999816894531,71.5,72.0,72.0,47300.0
2025-11-13,71.38999938964844,71.62999725341797,70.08999633789062,70.38999938964844,70.38999938964844,84000.0
2025-11-14,69.38999938964844,71.11000061035156,68.94000244140625,70.38999938964844,70.38999938964844,65700.0
2025-11-17,70.66999816894531,70.98500061035156,69.4520034790039,70.05000305175781,70.05000305175781,55400.0
2025-11-18,69.30000305175781,69.62000274658203,68.36000061035156,68.91999816894531,68.91999816894531,100700.0
2025-11-19,69.19999694824219,70.20999908447266,69.0,69.55000305175781,69.55000305175781,34000.0
2025-11-20,71.30000305175781,71.3499984741211,67.79000091552734,68.05999755859375,68.05999755859375,132500.0
2025-11-21,68.27999877929688,69.06999969482422,67.02999877929688,68.4000015258789,68.4000015258789,104500.0
2025-11-24,68.86000061035156,70.5,68.86000061035156,70.5,70.5,122800.0
2025-11-25,70.37999725341797,71.0,69.54000091552734,71.0,71.0,97800.0
2025-11-26,71.19000244140625,71.43000030517578,70.69599914550781,71.25,71.25,63600.0
2025-11-28,71.25,71.69000244140625,71.25,71.69000244140625,71.69000244140625,31300.0
2025-12-01,71.2699966430664,71.66000366210938,70.66600036621094,71.51000213623047,71.51000213623047,93500.0
2025-12-02,72.0,72.25,71.65499877929688,71.81999969482422,71.81999969482422,64900.0
2025-12-03,71.5,71.6500015258789,69.91000366210938,71.41999816894531,71.41999816894531,37600.0
2025-12-04,72.13999938964844,72.13999938964844,71.11000061035156,71.2300033569336,71.2300033569336,32100.0
2025-12-05,71.66999816894531,72.29000091552734,71.4800033569336,71.91999816894531,71.91999816894531,33600.0
2025-12-08,72.16999816894531,72.16999816894531,71.37000274658203,71.79000091552734,71.79000091552734,39500.0
2025-12-09,71.25,71.87999725341797,71.0999984741211,71.87999725341797,71.87999725341797,22200.0
2025-12-10,71.36000061035156,71.79000091552734,71.0999984741211,71.73999786376953,71.73999786376953,36100.0
2025-12-11,71.0,71.5999984741211,70.61000061035156,71.5999984741211,71.5999984741211,23000.0
2025-12-12,70.62000274658203,70.87999725341797,69.26000213623047,69.70999908447266,69.70999908447266,72400.0
2025-12-15,69.52999877929688,69.52999877929688,67.80000305175781,67.80000305175781,67.80000305175781,91600.0
2025-12-16,67.6500015258789,68.3499984741211,67.54000091552734,68.08999633789062,68.08999633789062,52300.0
2025-12-17,68.43000030517578,68.43000030517578,66.83999633789062,66.83999633789062,66.83999633789062,52300.0
2025-12-18,67.79000091552734,67.91999816894531,67.26000213623047,67.52999877929688,67.52999877929688,81400.0
2025-12-19,67.88999938964844,68.48999786376953,67.88999938964844,68.38999938964844,68.38999938964844,59100.0
2025-12-22,68.80000305175781,68.80000305175781,68.3550033569336,68.47000122070312,68.47000122070312,56300.0
2025-12-23,68.56999969482422,69.1500015258789,68.41000366210938,69.11000061035156,69.11000061035156,61200.0
2025-12-24,68.9800033569336,69.24600219726562,68.91000366210938,69.19999694824219,69.19999694824219,17000.0
2025-12-26,69.79000091552734,69.79000091552734,69.18000030517578,69.19999694824219,69.19999694824219,59900.0
2025-12-29,68.6500015258789,69.02999877929688,68.5,68.69000244140625,68.69000244140625,42600.0
2025-12-30,68.6500015258789,68.96299743652344,68.62000274658203,68.63999938964844,68.63999938964844,36300.0
2025-12-31,68.72000122070312,68.8030014038086,68.05000305175781,68.05000305175781,68.05000305175781,46500.0
2026-01-02,68.70999908447266,69.12999725341797,66.75,67.0199966430664,67.0199966430664,71900.0
2026-01-05,67.80000305175781,68.1050033569336,67.36000061035156,67.45999908447266,67.45999908447266,84700.0
2026-01-06,67.58999633789062,68.0,67.38700103759766,67.75,67.75,66600.0
2026-01-07,67.9000015258789,69.05000305175781,67.9000015258789,68.33999633789062,68.33999633789062,52000.0
2026-01-08,68.79000091552734,68.79000091552734,67.4010009765625,68.0,68.0,222900.0
2026-01-09,68.47000122070312,68.66999816894531,67.52999877929688,68.56999969482422,68.56999969482422,94100.0
2026-01-12,67.66999816894531,68.87000274658203,67.66999816894531,68.37999725341797,68.37999725341797,44600.0
2026-01-13,68.5,68.66000366210938,67.83000183105469,68.19000244140625,68.19000244140625,62800.0
2026-01-14,67.7699966430664,68.02999877929688,66.5,67.01000213623047,67.01000213623047,60600.0
2026-01-15,67.66000366210938,67.80000305175781,66.88999938964844,67.11499786376953,67.11499786376953,25200.0
2026-01-16,67.29000091552734,67.73999786376953,66.75,66.76000213623047,66.76000213623047,89300.0
2026-01-20,65.7699966430664,65.9280014038086,64.8499984741211,64.98999786376953,64.98999786376953,108500.0
2026-01-21,64.98999786376953,65.48899841308594,64.11000061035156,64.94999694824219,64.94999694824219,68500.0
2026-01-22,66.08000183105469,66.08000183105469,65.30000305175781,65.5999984741211,65.5999984741211,70900.0
2026-01-23,65.52999877929688,66.66000366210938,65.52999877929688,66.27999877929688,66.27999877929688,51900.0
2026-01-26,66.44000244140625,67.27999877929688,66.44000244140625,66.83999633789062,66.83999633789062,61100.0
2026-01-27,67.30000305175781,67.73999786376953,67.12999725341797,67.55000305175781,67.55000305175781,74500.0
2026-01-28,67.98999786376953,68.1989974975586,67.01000213623047,67.25,67.25,62900.0
2026-01-29,67.30999755859375,67.30999755859375,64.91999816894531,66.4800033569336,66.4800033569336,69500.0
2026-01-30,65.93000030517578,66.52999877929688,65.73999786376953,65.99400329589844,65.99400329589844,38300.0
2026-02-02,65.88999938964844,66.5,65.88999938964844,65.9800033569336,65.9800033569336,36500.0
2026-02-03,66.8499984741211,66.8499984741211,64.38500213623047,64.94000244140625,64.94000244140625,89000.0
2026-02-04,64.91000366210938,64.91000366210938,62.7400016784668,63.869998931884766,63.869998931884766,83800.0
2026-02-05,62.77000045776367,63.349998474121094,61.709999084472656,61.86000061035156,61.86000061035156,206000.0
2026-02-06,61.95000076293945,63.09000015258789,61.70000076293945,62.880001068115234,62.880001068115234,156000.0
2026-02-09,62.779998779296875,64.23999786376953,62.779998779296875,63.93000030517578,63.93000030517578,53500.0
2026-02-10,64.47000122070312,64.47000122070312,63.560001373291016,63.560001373291016,63.560001373291016,35400.0
2026-02-11,64.04000091552734,64.13500213623047,62.79999923706055,63.0,63.0,42700.0
2026-02-12,63.13999938964844,63.150001525878906,61.15999984741211,61.209999084472656,61.209999084472656,78900.0
2026-02-13,61.290000915527344,61.83000183105469,60.810001373291016,61.2599983215332,61.2599983215332,62400.0
2026-02-17,60.599998474121094,61.56999969482422,60.04999923706055,61.290000915527344,61.290000915527344,77900.0
2026-02-18,61.470001220703125,62.391998291015625,61.470001220703125,61.84000015258789,61.84000015258789,56300.0
2026-02-19,61.619998931884766,62.14500045776367,61.34000015258789,61.7599983215332,61.7599983215332,37200.0
2026-02-20,61.380001068115234,62.869998931884766,61.380001068115234,62.189998626708984,62.189998626708984,34900.0
2026-02-23,61.91999816894531,61.9900016784668,60.45000076293945,60.63999938964844,60.63999938964844,45900.0
2026-02-24,60.43000030517578,61.165000915527344,60.0,61.0,61.0,36700.0
2026-02-25,61.439998626708984,62.599998474121094,61.439998626708984,62.400001525878906,62.400001525878906,60200.0
2026-02-26,62.45000076293945,62.5,61.5,62.119998931884766,62.119998931884766,23500.0
2026-02-27,61.66999816894531,62.290000915527344,61.66999816894531,62.22999954223633,62.22999954223633,24200.0
2026-03-02,61.439998626708984,63.189998626708984,61.439998626708984,62.900001525878906,62.900001525878906,49000.0
2026-03-03,61.72999954223633,63.08000183105469,61.560001373291016,63.08000183105469,63.08000183105469,67400.0
2026-03-04,63.279998779296875,64.37999725341797,63.222999572753906,64.0199966430664,64.0199966430664,99600.0
2026-03-05,64.25,64.87000274658203,63.779998779296875,64.6500015258789,64.6500015258789,36800.0
2026-03-06,63.75,64.73999786376953,63.75,64.0,64.0,51500.0
2026-03-09,63.369998931884766,65.0,63.369998931884766,64.81999969482422,64.81999969482422,41600.0
2026-03-10,64.91000366210938,65.25,64.41000366210938,64.71499633789062,64.71499633789062,39400.0
2026-03-11,65.0,65.33000183105469,64.31999969482422,64.76000213623047,64.76000213623047,83200.0
2026-03-12,64.30000305175781,64.48999786376953,63.720001220703125,63.849998474121094,63.849998474121094,20900.0
2026-03-13,63.86000061035156,64.0999984741211,62.5099983215332,62.5099983215332,62.5099983215332,57400.0
2026-03-16,63.52000045776367,63.650001525878906,63.150001525878906,63.2599983215332,63.2599983215332,68900.0
2026-03-17,63.47999954223633,64.05000305175781,63.470001220703125,63.54999923706055,63.54999923706055,43900.0
2026-03-18,63.400001525878906,63.869998931884766,62.790000915527344,62.790000915527344,62.790000915527344,24400.0
2026-03-19,62.5,62.70500183105469,62.04999923706055,62.599998474121094,62.599998474121094,29300.0
2026-03-20,61.51800155639648,61.790000915527344,60.709999084472656,61.060001373291016,61.060001373291016,23600.0
2026-03-23,62.209999084472656,62.66999816894531,61.75,62.06999969482422,62.06999969482422,17600.0
2026-03-24,61.75,61.75,60.72999954223633,60.810001373291016,60.810001373291016,31900.0
2026-03-25,61.369998931884766,61.720001220703125,60.95000076293945,61.02000045776367,61.02000045776367,14000.0
2026-03-26,60.47999954223633,60.4900016784668,59.11000061035156,59.119998931884766,59.119998931884766,36600.0
2026-03-27,58.970001220703125,59.10200119018555,57.68000030517578,57.790000915527344,57.790000915527344,94100.0
2026-03-30,58.2599983215332,58.2599983215332,56.70000076293945,56.939998626708984,56.939998626708984,50000.0
2026-03-31,57.720001220703125,59.91999816894531,57.720001220703125,59.61000061035156,59.61000061035156,57300.0
2026-04-01,60.68000030517578,61.31999969482422,60.18000030517578,60.83000183105469,60.83000183105469,110300.0
2026-04-02,59.560001373291016,60.95000076293945,59.0,60.939998626708984,60.939998626708984,45300.0
2026-04-06,61.119998931884766,61.880001068115234,61.040000915527344,61.16999816894531,61.16999816894531,27900.0
2026-04-07,61.279998779296875,61.81999969482422,60.4739990234375,61.68000030517578,61.68000030517578,39500.0
2026-04-08,64.38999938964844,64.45500183105469,63.0,63.310001373291016,63.310001373291016,56000.0
2026-04-09,63.38999938964844,64.05000305175781,62.779998779296875,63.900001525878906,63.900001525878906,42800.0
2026-04-10,64.44000244140625,64.81999969482422,64.25,64.47000122070312,64.47000122070312,35500.0
2026-04-13,64.47000122070312,65.31400299072266,64.06999969482422,65.25,65.25,26100.0
2026-04-14,65.87000274658203,67.45999908447266,65.87000274658203,67.41999816894531,67.41999816894531,75500.0
2026-04-15,67.7699966430664,68.73500061035156,67.75900268554688,68.69999694824219,68.69999694824219,49700.0
2026-04-16,68.80999755859375,69.25,68.29000091552734,69.2300033569336,69.2300033569336,116500.0
2026-04-17,69.54000091552734,69.54000091552734,68.91999816894531,69.05999755859375,69.05999755859375,60300.0
2026-04-20,69.0,69.0,67.83000183105469,68.37999725341797,68.37999725341797,34600.0
2026-04-21,68.91999816894531,68.91999816894531,67.9010009765625,68.12999725341797,68.12999725341797,24500.0
2026-04-22,68.69999694824219,70.22000122070312,68.69999694824219,70.22000122070312,70.22000122070312,33900.0
2026-04-23,69.88999938964844,69.88999938964844,68.36000061035156,68.86000061035156,68.86000061035156,33800.0
2026-04-24,69.22000122070312,70.18000030517578,69.0999984741211,70.08000183105469,70.08000183105469,30000.0
2026-04-27,70.0,70.63500213623047,70.0,70.62000274658203,70.62000274658203,35200.0
2026-04-28,69.58000183105469,69.95500183105469,69.20999908447266,69.79000091552734,69.79000091552734,24300.0
2026-04-29,69.81999969482422,70.0999984741211,69.36000061035156,69.97000122070312,69.97000122070312,20200.0
2026-04-30,70.2699966430664,70.2699966430664,68.80000305175781,69.94999694824219,69.94999694824219,19700.0
2026-05-01,70.08000183105469,71.18000030517578,70.08000183105469,70.8499984741211,70.8499984741211,46100.0
2026-05-04,70.8499984741211,71.51000213623047,70.62000274658203,71.12000274658203,71.12000274658203,21000.0
2026-05-05,71.62000274658203,72.06600189208984,71.48999786376953,71.58000183105469,71.58000183105469,46400.0
2026-05-06,72.04000091552734,72.72000122070312,71.87999725341797,72.66999816894531,72.66999816894531,23800.0
2026-05-07,73.0,73.7229995727539,72.36000061035156,72.45999908447266,72.45999908447266,31100.0
2026-05-08,72.91000366210938,74.37999725341797,72.91000366210938,74.3499984741211,74.3499984741211,30300.0
2026-05-11,74.37000274658203,74.8499984741211,74.30000305175781,74.44999694824219,74.44999694824219,29200.0
2026-05-12,74.02999877929688,74.30000305175781,72.57099914550781,73.91999816894531,73.91999816894531,100600.0
2026-05-13,74.68000030517578,75.2699966430664,73.73500061035156,75.06999969482422,75.06999969482422,21300.0
2026-05-14,75.0,75.9000015258789,75.0,75.44999694824219,75.44999694824219,20800.0
2026-05-15,74.30000305175781,74.9800033569336,74.0,74.11000061035156,74.11000061035156,19600.0
2026-05-18,74.23999786376953,74.62000274658203,72.78700256347656,73.5,73.5,30300.0
2026-05-19,73.68499755859375,73.72000122070312,72.55000305175781,73.13099670410156,73.13099670410156,29600.0
2026-05-20,73.54199981689453,74.25,73.11000061035156,74.08899688720703,74.08899688720703,28000.0
2026-05-21,74.33499908447266,74.91999816894531,73.83100128173828,74.63400268554688,74.63400268554688,40600.0
2026-05-22,74.75,74.97000122070312,74.19999694824219,74.55999755859375,74.55999755859375,30100.0
2026-05-26,75.55000305175781,76.76000213623047,75.47000122070312,76.76000213623047,76.76000213623047,44100.0
2026-05-27,76.91999816894531,77.08999633789062,76.46499633789062,76.95999908447266,76.95999908447266,26700.0
2026-05-28,76.95999908447266,77.87999725341797,76.70999908447266,77.7300033569336,77.7300033569336,21600.0
2026-05-29,78.30999755859375,79.41899871826172,78.30999755859375,79.21199798583984,79.21199798583984,29500.0
2026-06-01,80.0999984741211,80.76000213623047,79.75499725341797,80.41100311279297,80.41100311279297,28000.0
2026-06-02,80.52999877929688,80.52999877929688,79.5999984741211,79.9000015258789,79.9000015258789,22900.0
