date,open,high,low,close,adj_close,volume
2018-01-02,52.6510009765625,53.79899978637695,52.6510009765625,53.660499572753906,53.22063064575195,31766000.0
2018-01-03,53.69649887084961,54.80500030517578,53.67150115966797,54.57600021362305,54.128623962402344,31318000.0
2018-01-04,54.85449981689453,55.20399856567383,54.7130012512207,54.78799819946289,54.338890075683594,26052000.0
2018-01-05,55.17250061035156,55.67900085449219,55.09000015258789,55.51449966430664,55.0594367980957,30250000.0
2018-01-08,55.54999923706055,55.95800018310547,55.5,55.71049880981445,55.25382614135742,24644000.0
2018-01-09,55.922000885009766,55.922000885009766,55.40999984741211,55.63949966430664,55.18341064453125,26808000.0
2018-01-10,55.349998474121094,55.63899993896485,55.19900131225586,55.50699996948242,55.0519905090332,20734000.0
2018-01-11,55.615501403808594,55.74250030517578,55.32400131225586,55.602500915527344,55.14670944213867,22424000.0
2018-01-12,55.505001068115234,56.564998626708984,55.4005012512207,56.532501220703125,56.069087982177734,38586000.0
2018-01-16,57.015499114990234,57.444000244140625,56.33300018310547,56.53499984741211,56.07156753540039,36462000.0
2018-01-17,56.81800079345703,56.96599960327149,56.17449951171875,56.95500183105469,56.48812484741211,27830000.0
2018-01-18,56.967498779296875,57.02949905395508,56.222999572753906,56.79850006103515,56.332908630371094,27498000.0
2018-01-19,56.9015007019043,57.18899917602539,56.625,57.17499923706055,56.706321716308594,30552000.0
2018-01-22,57.19100189208984,58.34400177001953,57.09099960327149,58.20800018310547,57.730857849121094,29550000.0
2018-01-23,58.53099822998047,58.925498962402344,58.36249923706055,58.80849838256836,58.32643127441406,39138000.0
2018-01-24,59.249000549316406,59.352500915527344,58.369998931884766,58.56449890136719,58.08442687988281,37128000.0
2018-01-25,59.035499572753906,59.25,58.59199905395508,59.10699844360352,58.62247848510742,29984000.0
2018-01-26,59.37649917602539,59.37799835205078,58.4015007019043,59.37799835205078,58.891258239746094,42170000.0
2018-01-29,59.400001525878906,59.900001525878906,59.202999114990234,59.32400131225586,58.837703704833984,31494000.0
2018-01-30,58.88600158691406,59.39649963378906,58.72549819946289,58.868499755859375,58.38594055175781,37338000.0
2018-01-31,59.19049835205078,59.31600189208984,58.60499954223633,59.11100006103515,58.6264533996582,36022000.0
2018-02-01,58.79949951171875,59.372501373291016,58.46799850463867,59.079498291015625,58.595211029052734,73514000.0
2018-02-02,56.37099838256836,56.564998626708984,55.55849838256836,55.959999084472656,55.50128173828125,117842000.0
2018-02-05,55.03049850463867,55.7495002746582,52.83700180053711,53.11949920654297,52.68406677246094,83550000.0
2018-02-06,51.69900131225586,54.36899948120117,51.5004997253418,54.22150039672851,53.77703857421875,76630000.0
2018-02-07,54.24850082397461,54.32649993896485,52.73099899291992,52.77050018310547,52.337928771972656,51942000.0
2018-02-08,52.993499755859375,53.19649887084961,50.23500061035156,50.385501861572266,49.97247695922851,66792000.0
2018-02-09,51.29399871826172,52.58599853515625,49.849998474121094,52.313499450683594,51.88467025756836,98360000.0
2018-02-12,52.833499908447266,53.27849960327149,52.27450180053711,52.72800064086914,52.2957763671875,56240000.0
2018-02-13,52.5,53.06100082397461,52.34600067138672,52.707000732421875,52.27494812011719,31586000.0
2018-02-14,52.71599960327149,53.77349853515625,52.4900016784668,53.6349983215332,53.19533920288086,41304000.0
2018-02-15,54.17250061035156,54.70500183105469,53.36149978637695,54.56800079345703,54.12069320678711,37396000.0
2018-02-16,54.66899871826172,55.41550064086914,54.57749938964844,54.775001525878906,54.32599639892578,39948000.0
2018-02-20,54.63800048828125,55.81449890136719,54.5,55.179500579833984,54.7271842956543,33754000.0
2018-02-21,55.45500183105469,56.810001373291016,55.3754997253418,55.6875,55.231014251708984,41486000.0
2018-02-22,55.958499908447266,56.27299880981445,55.25749969482422,55.494998931884766,55.040096282958984,28010000.0
2018-02-23,55.93299865722656,56.45000076293945,55.422000885009766,56.40449905395508,55.942142486572266,25292000.0
2018-02-26,56.59299850463867,57.209999084472656,56.46699905395508,57.185001373291016,56.71624374389648,30912000.0
2018-02-27,57.185001373291016,57.212501525878906,55.839500427246094,55.8754997253418,55.417476654052734,42964000.0
2018-02-28,56.099998474121094,56.38249969482422,55.150001525878906,55.19599914550781,54.74354934692383,49292000.0
2018-03-01,55.47700119018555,55.563499450683594,53.364498138427734,53.570499420166016,53.131370544433594,55338000.0
2018-03-02,52.89899826049805,54.34450149536133,52.50550079345703,54.207000732421875,53.762657165527344,50162000.0
2018-03-05,53.90650177001953,55.05899810791016,53.61349868774414,54.737998962402344,54.28929901123047,28648000.0
2018-03-06,55.10499954223633,55.28150177001953,54.724998474121094,55.04499816894531,54.593780517578125,23382000.0
2018-03-07,54.64099884033203,55.810001373291016,54.49549865722656,55.75199890136719,55.29499053955078,30748000.0
2018-03-08,55.86000061035156,56.571998596191406,55.86000061035156,56.46900177001953,56.00611114501953,33862000.0
2018-03-09,56.974998474121094,58.04999923706055,56.714500427246094,58.04199981689453,57.56621551513672,42662000.0
2018-03-12,58.252498626708984,58.90800094604492,57.959999084472656,58.29650115966797,57.81863021850586,44306000.0
2018-03-13,58.59149932861328,58.900001525878906,56.72850036621094,56.99549865722656,56.52829360961914,43140000.0
2018-03-14,57.290000915527344,57.987998962402344,57.11750030517578,57.44449996948242,56.97361755371094,41870000.0
2018-03-15,57.47850036621094,58.125,56.78300094604492,57.53049850463867,57.05890655517578,33382000.0
2018-03-16,57.76750183105469,57.84049987792969,56.56800079345703,56.72100067138672,56.25604248046875,58656000.0
2018-03-19,55.88800048828125,55.96849822998047,54.44599914550781,55.00350189208984,54.55262756347656,63656000.0
2018-03-20,54.91999816894531,55.27750015258789,54.12099838256836,54.790000915527344,54.34086990356445,54598000.0
2018-03-21,54.62850189208984,55.435001373291016,54.36050033569336,54.70000076293945,54.251609802246094,44898000.0
2018-03-22,54.0004997253418,54.19599914550781,52.48199844360352,52.657501220703125,52.225860595703125,69312000.0
2018-03-23,52.56850051879883,53.3390007019043,51.243499755859375,51.32749938964844,50.90675354003906,49880000.0
2018-03-26,52.529998779296875,52.9635009765625,50.52899932861328,52.704498291015625,52.2724723815918,65984000.0
2018-03-27,53.19499969482422,53.22700119018555,49.88100051879883,50.34700012207031,49.934295654296875,60816000.0
2018-03-28,50.09550094604492,51.2495002746582,49.20000076293945,50.25899887084961,49.84701156616211,77698000.0
2018-03-29,50.56050109863281,52.40250015258789,50.20199966430664,51.85699844360352,51.43191909790039,69338000.0
2018-04-02,51.38100051879883,51.97650146484375,49.712501525878906,50.631500244140625,50.21645736694336,65068000.0
2018-04-03,50.807498931884766,51.25,49.86249923706055,50.93399810791016,50.5164909362793,51322000.0
2018-04-04,49.9114990234375,51.637001037597656,49.82550048828125,51.48550033569336,51.06346130371094,50724000.0
2018-04-05,52.31949996948242,52.33549880981445,51.20000076293945,51.63199996948242,51.20875930786133,35836000.0
2018-04-06,51.154998779296875,51.79999923706055,50.3125,50.497501373291016,50.08356094360352,40134000.0
2018-04-09,51.00199890136719,52.22949981689453,50.959999084472656,51.00450134277344,50.58639907836914,33220000.0
2018-04-10,51.51300048828125,52.06050109863281,50.77050018310547,51.82500076293945,51.40018081665039,36620000.0
2018-04-11,51.599998474121094,51.79349899291992,50.959999084472656,51.25299835205078,50.83286666870117,34060000.0
2018-04-12,51.57350158691406,52.23249816894531,51.3025016784668,51.864498138427734,51.439353942871094,32896000.0
2018-04-13,52.34450149536133,52.64899826049805,51.50749969482422,51.801998138427734,51.37736511230469,25410000.0
2018-04-16,52.27750015258789,52.57149887084961,51.69599914550781,52.30500030517578,51.876251220703125,29776000.0
2018-04-17,53.060001373291016,54.25,52.85449981689453,53.96799850463867,53.525611877441406,54584000.0
2018-04-18,53.95050048828125,54.099998474121094,53.5260009765625,53.769500732421875,53.32874298095703,31126000.0
2018-04-19,53.45100021362305,54.8754997253418,53.45100021362305,54.47249984741211,54.02597427368164,39884000.0
2018-04-20,54.2135009765625,54.73749923706055,53.60499954223633,53.86600112915039,53.42444610595703,42434000.0
2018-04-23,54.14899826049805,54.400001525878906,53.33399963378906,53.69049835205078,53.25038146972656,69590000.0
2018-04-24,52.959999084472656,53.2244987487793,50.64300155639648,51.13199996948242,50.712860107421875,128220000.0
2018-04-25,51.48749923706055,51.80350112915039,50.85049819946289,51.14950180053711,50.7302131652832,57860000.0
2018-04-26,51.6609992980957,52.60100173950195,51.022499084472656,52.16550064086914,51.73788070678711,50926000.0
2018-04-27,52.277000427246094,52.584999084472656,51.37950134277344,51.5724983215332,51.149749755859375,40746000.0
2018-04-30,51.72100067138672,51.91849899291992,50.915000915527344,50.92900085449219,50.51152038574219,34492000.0
2018-05-01,50.814998626708984,52.08649826049805,50.53049850463867,52.037498474121094,51.61093521118164,35326000.0
2018-05-02,51.70000076293945,52.19900131225586,51.15800094604492,51.3025016784668,50.881961822509766,34698000.0
2018-05-03,51.26850128173828,51.53450012207031,50.394500732421875,51.314998626708984,50.89435958862305,39282000.0
2018-05-04,50.980499267578125,52.59400177001953,50.90250015258789,52.54999923706055,52.11923599243164,36892000.0
2018-05-07,52.69449996948242,53.25,52.51350021362305,52.972999572753906,52.53877258300781,34400000.0
2018-05-08,53.23099899291992,53.26150131225586,52.582000732421875,52.929500579833984,52.495628356933594,26030000.0
2018-05-09,53.20500183105469,54.70000076293945,53.105499267578125,54.4474983215332,54.00117874145508,47160000.0
2018-05-10,54.75,55.47050094604492,54.694000244140625,55.27349853515625,54.82040786743164,36414000.0
2018-05-11,55.02050018310547,55.45050048828125,54.86100006103515,55.16899871826172,54.71676254272461,30504000.0
2018-05-14,55.27849960327149,55.907501220703125,55.2400016784668,55.33000183105469,54.87644958496094,39338000.0
2018-05-15,54.845001220703125,54.95600128173828,53.93899917602539,54.243499755859375,53.798851013183594,35738000.0
2018-05-16,54.25450134277344,54.71900177001953,54.08150100708008,54.204498291015625,53.76017761230469,25628000.0
2018-05-17,54.073001861572266,54.54999923706055,53.82099914550781,54.0629997253418,53.61982727050781,25738000.0
2018-05-18,53.29999923706055,53.686500549316406,53.23400115966797,53.48199844360352,53.04359817504883,35482000.0
2018-05-21,53.95000076293945,54.665000915527344,53.900001525878906,54.20050048828125,53.75620651245117,25180000.0
2018-05-22,54.4900016784668,54.59000015258789,53.612998962402344,53.765499114990234,53.32477569580078,22226000.0
2018-05-23,53.5,54.400001525878906,53.347999572753906,54.29800033569336,53.85291290283203,23740000.0
2018-05-24,54.345001220703125,54.35599899291992,53.6150016784668,54.272499084472656,53.827613830566406,20604000.0
2018-05-25,54.32749938964844,54.47850036621094,54.130001068115234,54.20399856567383,53.75967788696289,22224000.0
2018-05-29,53.79999923706055,54.06700134277344,53.15399932861328,53.40349960327149,52.96573638916016,36076000.0
2018-05-30,53.67399978637695,53.949501037597656,53.32749938964844,53.87350082397461,53.431888580322266,28686000.0
2018-05-31,54.099998474121094,55.5,53.900001525878906,55.0,54.54915618896485,79368000.0
2018-06-01,55.64350128173828,56.90800094604492,55.60049819946289,56.75,56.28480529785156,63202000.0
2018-06-04,56.92499923706055,57.89300155639648,56.849998474121094,57.652000427246094,57.179412841796875,44754000.0
2018-06-05,57.733001708984375,58.05500030517578,57.37300109863281,57.55099868774414,57.07924270629883,32964000.0
2018-06-06,57.63850021362305,57.73550033569336,56.81600189208984,57.34749984741211,56.87740707397461,34934000.0
2018-06-07,57.229000091552734,57.29349899291992,56.305999755859375,56.72100067138672,56.25604248046875,36108000.0
2018-06-08,56.56050109863281,56.93899917602539,56.1614990234375,56.635501861572266,56.17124557495117,27284000.0
2018-06-11,56.64699935913086,57.387001037597656,56.56999969482422,57.04499816894531,56.57738494873047,24796000.0
2018-06-12,57.05099868774414,57.4375,57.05099868774414,57.40950012207031,56.93890380859375,26092000.0
2018-06-13,57.61399841308594,57.78200149536133,57.16899871826172,57.21149826049805,56.74251937866211,34302000.0
2018-06-14,57.61050033569336,58.29949951171875,57.529998779296875,58.00550079345703,57.53001403808594,35422000.0
2018-06-15,57.99599838256836,58.195499420166016,57.68450164794922,57.9635009765625,57.48836135864258,44438000.0
2018-06-18,57.634498596191406,59.20650100708008,57.54999923706055,59.17900085449219,58.69389724731445,33038000.0
2018-06-19,58.50550079345703,59.140499114990234,58.08050155639648,58.93450164794922,58.45140075683594,47282000.0
2018-06-20,59.165000915527344,60.074501037597656,59.10150146484375,59.20349884033203,58.71818923950195,51686000.0
2018-06-21,59.2755012512207,59.51649856567383,58.17399978637695,58.47200012207031,57.9926872253418,44966000.0
2018-06-22,58.574501037597656,58.75,57.98249816894531,58.464500427246094,57.98525619506836,34220000.0
2018-06-25,57.75,57.79949951171875,55.994998931884766,56.9640007019043,56.497047424316406,57682000.0
2018-06-26,57.207000732421875,57.34349822998047,56.45000076293945,56.63100051879883,56.16678237915039,34688000.0
2018-06-27,56.79999923706055,57.31050109863281,55.834999084472656,55.84700012207031,55.38920974731445,34538000.0
2018-06-28,55.61949920654297,56.70000076293945,55.30350112915039,56.3390007019043,55.87717819213867,29726000.0
2018-06-29,56.615501403808594,57.06800079345703,56.35100173950195,56.45949935913086,55.99668502807617,31562000.0
2018-07-02,55.76750183105469,57.14950180053711,55.33000183105469,57.105499267578125,56.63739013671875,23216000.0
2018-07-03,57.47100067138672,57.49549865722656,55.72150039672851,55.81399917602539,55.356475830078125,16448000.0
2018-07-05,56.22999954223633,57.207000732421875,56.15599822998047,57.06449890136719,56.59672546386719,28594000.0
2018-07-06,57.0885009765625,57.810001373291016,56.86199951171875,57.75400161743164,57.28058242797851,21820000.0
2018-07-09,58.0,58.39649963378906,57.86149978637695,58.36399841308594,57.88557815551758,21584000.0
2018-07-10,58.4995002746582,58.67499923706055,58.12799835205078,58.35699844360352,57.878631591796875,21334000.0
2018-07-11,57.78099822998047,59.02199935913086,57.76850128173828,58.573001861572266,58.09286880493164,33252000.0
2018-07-12,58.74300003051758,60.0994987487793,58.654998779296875,60.0629997253418,59.570648193359375,44148000.0
2018-07-13,60.13999938964844,60.52199935913086,59.76449966430664,60.22100067138672,59.727352142333984,32612000.0
2018-07-16,60.19049835205078,60.43550109863281,59.66999816894531,59.82550048828125,59.335105895996094,26784000.0
2018-07-17,59.137001037597656,60.9379997253418,59.099998474121094,60.65399932861328,60.15681076049805,40162000.0
2018-07-18,60.42649841308594,61.079498291015625,60.22800064086914,60.64550018310547,60.14837265014648,38948000.0
2018-07-19,60.33250045776367,60.82400131225586,59.88650131225586,59.95500183105469,59.46353912353515,38338000.0
2018-07-20,59.96200180053711,60.53850173950195,59.829498291015625,59.89400100708008,59.403038024902344,37938000.0
2018-07-23,59.78300094604492,60.755001068115234,59.60049819946289,60.54999923706055,60.05365753173828,65446000.0
2018-07-24,63.54999923706055,63.75,62.207000732421875,62.907501220703125,62.39182662963867,107600000.0
2018-07-25,62.63100051879883,63.9119987487793,62.45249938964844,63.797000885009766,63.274044036865234,51104000.0
2018-07-26,63.35900115966797,64.37000274658203,63.150001525878906,64.2750015258789,63.74812698364258,54686000.0
2018-07-27,64.45600128173828,64.5719985961914,62.2244987487793,62.644500732421875,62.13098907470703,48362000.0
2018-07-30,62.252498626708984,62.644500732421875,61.208499908447266,61.50199890136719,60.99785614013672,43896000.0
2018-07-31,61.58549880981445,62.06050109863281,60.80950164794922,61.36100006103515,60.858009338378906,39382000.0
2018-08-01,61.95550155639648,62.29499816894531,61.24700164794922,61.64950180053711,61.14414596557617,36994000.0
2018-08-02,60.92499923706055,62.22050094604492,60.90299987792969,62.05649948120117,61.54780197143555,34704000.0
2018-08-03,62.25899887084961,62.32600021362305,61.47100067138672,61.90800094604492,61.40052795410156,21264000.0
2018-08-06,62.08050155639648,62.12300109863281,61.5265007019043,61.88349914550781,61.37622833251953,22114000.0
2018-08-07,62.60049819946289,63.30400085449219,62.59000015258789,62.79199981689453,62.27727890014648,42506000.0
2018-08-08,62.83599853515625,63.58599853515625,62.60599899291992,63.06650161743164,62.54952621459961,34344000.0
2018-08-09,63.13650131225586,63.597999572753906,63.005001068115234,63.222999572753906,62.70474624633789,27326000.0
2018-08-10,62.95899963378906,63.060001373291016,62.358001708984375,62.6254997253418,62.11214065551758,26602000.0
2018-08-13,62.560001373291016,63.29850006103515,62.35150146484375,62.43199920654297,61.920223236083984,27500000.0
2018-08-14,62.625,63.02949905395508,61.97700119018555,62.90700149536133,62.39133071899414,28080000.0
2018-08-15,62.2140007019043,62.5989990234375,61.3120002746582,61.61100006103515,61.105960845947266,37052000.0
2018-08-16,62.0994987487793,62.185001373291016,60.98149871826172,61.202999114990234,60.7013053894043,32176000.0
2018-08-17,61.10200119018555,61.34749984741211,60.20000076293945,60.79249954223633,60.29417037963867,33092000.0
2018-08-20,61.03300094604492,61.295501708984375,60.435001373291016,61.09749984741211,60.5966682434082,22218000.0
2018-08-21,61.1510009765625,61.63800048828125,60.75149917602539,60.87049865722656,60.371524810791016,23082000.0
2018-08-22,60.71099853515625,61.32649993896485,60.6609992980957,61.087501525878906,60.58675384521485,22296000.0
2018-08-23,60.99399948120117,61.75849914550781,60.967498779296875,61.05799865722656,60.557491302490234,24666000.0
2018-08-24,61.29999923706055,61.869998931884766,61.07099914550781,61.837501525878906,61.330604553222656,24454000.0
2018-08-27,62.207000732421875,62.89350128173828,62.03400039672851,62.813499450683594,62.298606872558594,28580000.0
2018-08-28,62.79499816894531,62.827999114990234,62.14849853515625,62.292999267578125,61.78236770629883,27330000.0
2018-08-29,62.75,63.35850143432617,62.63999938964844,63.23249816894531,62.714168548583984,36926000.0
2018-08-30,63.16999816894531,63.4744987487793,62.36050033569336,62.72200012207031,62.20785140991211,30104000.0
2018-08-31,62.61050033569336,62.627498626708984,61.287498474121094,61.59000015258789,61.08513259887695,42308000.0
2018-09-04,61.125999450683594,61.39350128173828,60.327999114990234,60.56549835205078,60.06902694702149,41458000.0
2018-09-05,60.46099853515625,60.743499755859375,58.766998291015625,59.95500183105469,59.46353912353515,53988000.0
2018-09-06,59.92850112915039,59.949501037597656,58.18050003051758,59.199501037597656,58.7142333984375,46854000.0
2018-09-07,58.599998474121094,59.4275016784668,58.4635009765625,58.87950134277344,58.39685821533203,32658000.0
2018-09-10,59.209999084472656,59.33300018310547,58.53049850463867,58.75299835205078,58.27138900756836,27670000.0
2018-09-11,58.55500030517578,59.547000885009766,58.29750061035156,59.4995002746582,59.01176834106445,29254000.0
2018-09-12,59.099998474121094,59.53450012207031,58.30799865722656,58.58000183105469,58.09980773925781,35716000.0
2018-09-13,58.98500061035156,59.39300155639648,58.46099853515625,59.10699844360352,58.62247848510742,40068000.0
2018-09-14,59.400001525878906,59.400001525878906,58.67599868774414,58.89899826049805,58.41619110107422,24176000.0
2018-09-17,58.88850021362305,59.09099960327149,57.92300033569336,57.99150085449219,57.51613235473633,34096000.0
2018-09-18,58.132999420166016,59.06650161743164,58.07149887084961,58.355499267578125,57.87714767456055,32314000.0
2018-09-19,58.448001861572266,58.813499450683594,57.930999755859375,58.7135009765625,58.23221206665039,25962000.0
2018-09-20,59.03350067138672,59.70000076293945,58.8125,59.57849884033203,59.09012222290039,29244000.0
2018-09-21,59.74599838256836,59.82899856567383,58.60300064086914,58.60599899291992,58.12559127807617,91222000.0
2018-09-24,57.97050094604492,59.259498596191406,57.57500076293945,58.97800064086914,58.49454498291016,31150000.0
2018-09-25,59.212501525878906,59.84299850463867,58.704498291015625,59.69449996948242,59.205169677734375,33152000.0
2018-09-26,59.68450164794922,60.36199951171875,59.27000045776367,59.702999114990234,59.21359634399414,37650000.0
2018-09-27,60.0,60.84299850463867,59.90250015258789,60.36800003051758,59.87314224243164,36274000.0
2018-09-28,60.204498291015625,60.42250061035156,59.89149856567383,60.354000091552734,59.85927200317383,35612000.0
2018-10-01,60.650001525878906,61.209999084472656,60.15950012207031,60.42649841308594,59.931175231933594,33164000.0
2018-10-02,60.333499908447266,61.22600173950195,59.983001708984375,60.38199996948242,59.88703536987305,40180000.0
2018-10-03,60.599998474121094,60.70899963378906,60.10749816894531,60.57649993896485,60.07994079589844,26246000.0
2018-10-04,60.25149917602539,60.29499816894531,58.192501068115234,58.85350036621094,58.371063232421875,46576000.0
2018-10-05,58.79999923706055,59.099998474121094,57.71599960327149,58.39149856567383,57.91284942626953,31852000.0
2018-10-08,58.0,58.792999267578125,56.77000045776367,57.79600143432617,57.322235107421875,46190000.0
2018-10-09,57.56549835205078,58.07749938964844,57.208499908447266,57.25849914550781,56.78913879394531,33690000.0
2018-10-10,56.81999969482422,56.85100173950195,54.57550048828125,54.608001708984375,54.16036605834961,58980000.0
2018-10-11,53.95199966430664,55.803001403808594,53.79449844360352,54.5369987487793,54.08994674682617,67696000.0
2018-10-12,55.98199844360352,56.291500091552734,54.75149917602539,56.027000427246094,55.5677375793457,49370000.0
2018-10-15,55.900001525878906,56.09000015258789,54.9109992980957,55.12200164794922,54.67014694213867,30074000.0
2018-10-16,55.67399978637695,56.81850051879883,55.587501525878906,56.65399932861328,56.189598083496094,38378000.0
2018-10-17,57.0,57.349998474121094,55.70000076293945,56.37950134277344,55.91734313964844,35652000.0
2018-10-18,56.5,56.61750030517578,54.31700134277344,54.89550018310547,54.44551467895508,46152000.0
2018-10-19,55.18550109863281,56.04750061035156,54.85150146484375,55.25899887084961,54.806026458740234,41286000.0
2018-10-22,55.6254997253418,56.08449935913086,55.0,55.56850051879883,55.11299514770508,27116000.0
2018-10-23,54.56449890136719,55.900001525878906,53.95050048828125,55.74549865722656,55.288543701171875,37686000.0
2018-10-24,55.75,55.83100128173828,52.75299835205078,52.85599899291992,52.4227294921875,49286000.0
2018-10-25,54.01499938964844,55.89099884033203,53.77750015258789,55.179500579833984,54.7271842956543,72956000.0
2018-10-26,52.416500091552734,55.849998474121094,52.11149978637695,54.1875,53.74331283569336,106438000.0
2018-10-29,54.82699966430664,55.44150161743164,50.36000061035156,51.73649978637695,51.31240463256836,81290000.0
2018-10-30,51.0004997253418,52.54499816894531,50.69850158691406,52.47549819946289,52.04534530639648,59768000.0
2018-10-31,53.40999984741211,55.400001525878906,53.40999984741211,54.52899932861328,54.082008361816406,70916000.0
2018-11-01,54.56999969482422,54.994998931884766,53.89099884033203,54.29899978637695,53.85389709472656,40132000.0
2018-11-02,54.45000076293945,54.900001525878906,53.382999420166016,53.574501037597656,53.13533782958984,43438000.0
2018-11-05,53.62649917602539,53.66749954223633,51.70000076293945,52.7864990234375,52.35380554199219,45358000.0
2018-11-06,52.750999450683594,53.99100112915039,52.68050003051758,53.47850036621094,53.04012298583984,28660000.0
2018-11-07,54.17449951171875,55.49649810791016,54.02949905395508,55.4119987487793,54.95777130126953,43388000.0
2018-11-08,55.3650016784668,55.4109992980957,54.21799850463867,54.73149871826172,54.28285217285156,33694000.0
2018-11-09,54.20100021362305,54.41749954223633,53.2130012512207,53.85100173950195,53.40957260131836,34860000.0
2018-11-12,53.65650177001953,53.70500183105469,52.01750183105469,52.46799850463867,52.03791046142578,34002000.0
2018-11-13,52.740501403808594,53.333499908447266,52.02000045776367,52.39849853515625,51.96897888183594,25750000.0
2018-11-14,53.0,53.28950119018555,52.05550003051758,52.729000091552734,52.2967643737793,34666000.0
2018-11-15,52.573001861572266,53.94350051879883,52.06449890136719,53.5525016784668,53.113521575927734,41584000.0
2018-11-16,53.26150131225586,53.62200164794922,52.744998931884766,53.41350173950195,52.97565841674805,35366000.0
2018-11-19,53.16949844360352,53.400001525878906,51.14350128173828,51.37099838256836,50.94989776611328,45684000.0
2018-11-20,50.364498138427734,51.86750030517578,50.11050033569336,51.522499084472656,51.10015869140625,54458000.0
2018-11-21,52.265499114990234,52.73550033569336,51.972999572753906,52.17150115966797,51.74383544921875,29698000.0
2018-11-23,51.67499923706055,52.150001525878906,51.42599868774414,51.505001068115234,51.082801818847656,14178000.0
2018-11-26,52.20000076293945,52.849998474121094,51.98849868774414,52.797000885009766,52.36421203613281,31558000.0
2018-11-27,52.56700134277344,53.3380012512207,52.275001525878906,52.61399841308594,52.182708740234375,33048000.0
2018-11-28,52.87300109863281,54.64300155639648,52.147499084472656,54.589500427246094,54.14201736450195,46042000.0
2018-11-29,54.17649841308594,55.00749969482422,54.099998474121094,54.729000091552734,54.28036880493164,31004000.0
2018-11-30,54.78150177001953,55.48249816894531,54.15900039672851,55.48249816894531,55.02769470214844,59668000.0
2018-12-03,56.608001708984375,56.75,55.58649826049805,55.81800079345703,55.36044692993164,57532000.0
2018-12-04,55.64950180053711,55.71200180053711,53.03900146484375,53.12350082397461,52.68803405761719,45630000.0
2018-12-06,52.25,53.97100067138672,52.124000549316406,53.90399932861328,53.462127685546875,47436000.0
2018-12-07,53.61149978637695,54.25149917602539,51.96849822998047,52.32899856567383,51.900047302246094,42682000.0
2018-12-10,52.14699935913086,52.97999954223633,51.650001525878906,52.65900039672851,52.22734069824219,33652000.0
2018-12-11,53.34700012207031,53.52000045776367,52.505001068115234,53.08250045776367,52.64737319946289,33852000.0
2018-12-12,53.854000091552734,54.58649826049805,53.5984992980957,53.686500549316406,53.24641799926758,28960000.0
2018-12-13,53.78350067138672,54.42100143432617,53.2495002746582,53.676998138427734,53.23699569702149,24986000.0
2018-12-14,53.000999450683594,53.58599853515625,52.46849822998047,52.58549880981445,52.154441833496094,36358000.0
2018-12-17,52.35049819946289,53.11899948120117,50.83150100708008,51.282501220703125,50.86212158203125,49932000.0
2018-12-18,51.70000076293945,52.984500885009766,51.52399826049805,52.170501708984375,51.74285125732422,43640000.0
2018-12-19,52.364498138427734,53.785499572753906,50.97150039672851,51.77299880981445,51.34859848022461,58264000.0
2018-12-20,51.29999923706055,52.37200164794922,50.39300155639648,51.17900085449219,50.75947570800781,53674000.0
2018-12-21,51.60200119018555,51.88349914550781,49.05950164794922,49.5625,49.156227111816406,104656000.0
2018-12-24,49.21599960327149,50.60599899291992,48.882999420166016,49.23350143432617,48.82992172241211,36360000.0
2018-12-26,49.89950180053711,52.42250061035156,49.63249969482422,52.39250183105469,51.9630241394043,46318000.0
2018-12-27,51.310001373291016,52.66699981689453,50.349998474121094,52.64500045776367,52.21345138549805,45996000.0
2018-12-28,52.974998474121094,53.21149826049805,52.099998474121094,52.33399963378906,51.90501022338867,34398000.0
2018-12-31,52.89149856567383,53.14950180053711,51.652000427246094,52.24800109863281,51.8197135925293,33110000.0
2019-01-02,51.36000061035156,53.03950119018555,51.26399993896485,52.73400115966797,52.301727294921875,31868000.0
2019-01-03,52.53350067138672,53.3129997253418,51.118499755859375,51.27349853515625,50.85320281982422,41960000.0
2019-01-04,52.12799835205078,54.0,51.84299850463867,53.90349960327149,53.461639404296875,46022000.0
2019-01-07,54.04850006103515,54.1349983215332,53.13199996948242,53.79600143432617,53.35502243041992,47446000.0
2019-01-08,54.29999923706055,54.66749954223633,53.41749954223633,54.26850128173828,53.82364654541016,35414000.0
2019-01-09,54.39950180053711,54.582000732421875,53.71849822998047,54.08250045776367,53.6391716003418,26998000.0
2019-01-10,53.74700164794922,53.990501403808594,53.23400115966797,53.94150161743164,53.49932861328125,26598000.0
2019-01-11,53.494998931884766,53.66849899291992,52.82149887084961,53.2234992980957,52.7872200012207,30864000.0
2019-01-14,52.66699981689453,52.92250061035156,52.4275016784668,52.57550048828125,52.14452362060547,28490000.0
2019-01-15,52.9005012512207,54.41350173950195,52.72200012207031,54.32550048828125,53.88017654418945,37518000.0
2019-01-16,54.5,55.11800003051758,54.4005012512207,54.47549819946289,54.02894592285156,38280000.0
2019-01-17,54.39950180053711,55.03499984741211,54.16299819946289,54.95600128173828,54.505516052246094,24896000.0
2019-01-18,55.429500579833984,55.900001525878906,54.9640007019043,55.3650016784668,54.91115951538086,44892000.0
2019-01-22,54.79999923706055,54.94850158691406,53.54449844360352,53.93149948120117,53.489410400390625,39632000.0
2019-01-23,54.34299850463867,54.647499084472656,53.37850189208984,54.22050094604492,53.77604293823242,25194000.0
2019-01-24,54.1254997253418,54.400001525878906,53.500999450683594,54.20000076293945,53.75571060180664,29114000.0
2019-01-25,54.71149826049805,55.167999267578125,54.59000015258789,55.07550048828125,54.6240348815918,23260000.0
2019-01-28,54.50350189208984,54.66849899291992,53.730499267578125,53.99300003051758,53.55040740966797,29334000.0
2019-01-29,54.051998138427734,54.23649978637695,53.30099868774414,53.50299835205078,53.064422607421875,19704000.0
2019-01-30,53.86800003051758,54.97600173950195,53.832000732421875,54.89950180053711,54.44947814941406,29452000.0
2019-01-31,55.61199951171875,56.38349914550781,55.26250076293945,56.29449844360352,55.833038330078125,40232000.0
2019-02-01,56.114498138427734,56.720001220703125,55.712501525878906,55.930999755859375,55.47251892089844,33116000.0
2019-02-04,55.95050048828125,57.117000579833984,55.8754997253418,57.07099914550781,56.60317611694336,78408000.0
2019-02-05,56.48149871826172,57.63850021362305,56.18000030517578,57.59349822998047,57.12139129638672,82296000.0
2019-02-06,57.4635009765625,57.70000076293945,55.917999267578125,56.144500732421875,55.684268951416016,48256000.0
2019-02-07,55.59099960327149,55.5994987487793,54.679500579833984,55.295501708984375,54.84223556518555,38298000.0
2019-02-08,54.74399948120117,55.255001068115234,54.71200180053711,55.11899948120117,54.667179107666016,21766000.0
2019-02-11,55.1875,55.67150115966797,55.0,55.10599899291992,54.65428161621094,18498000.0
2019-02-12,55.550498962402344,56.64300155639648,55.550498962402344,56.37900161743164,55.91685104370117,35036000.0
2019-02-13,56.652000427246094,57.14250183105469,56.29999923706055,56.43149948120117,55.96891784667969,28042000.0
2019-02-14,56.25,56.80649948120117,55.85449981689453,56.459999084472656,55.99718475341797,21106000.0
2019-02-15,56.96500015258789,56.96500015258789,55.83599853515625,55.98149871826172,55.52260208129883,27826000.0
2019-02-19,55.832000732421875,56.48199844360352,55.832000732421875,56.32550048828125,55.86378860473633,21980000.0
2019-02-20,56.444000244140625,56.54650115966797,55.587501525878906,56.02949905395508,55.57020950317383,24090000.0
2019-02-21,55.93899917602539,55.95750045776367,54.89899826049805,55.21049880981445,54.7579231262207,33272000.0
2019-02-22,55.48500061035156,55.86249923706055,55.025001525878906,55.827999114990234,55.37036895751953,29436000.0
2019-02-25,56.09650039672851,56.27000045776367,55.70550155639648,55.86650085449219,55.40855026245117,26208000.0
2019-02-26,55.71849822998047,56.321998596191406,55.334999084472656,56.10049819946289,55.640628814697266,35026000.0
2019-02-27,55.70050048828125,56.2864990234375,55.428001403808594,56.144500732421875,55.684268951416016,22092000.0
2019-02-28,55.95000076293945,56.699501037597656,55.920501708984375,56.32749938964844,55.86577606201172,27422000.0
2019-03-01,56.54999923706055,57.5,56.54999923706055,57.42599868774414,56.955265045166016,34086000.0
2019-03-04,57.72800064086914,58.2760009765625,56.912498474121094,57.67100143432617,57.19826126098633,35490000.0
2019-03-05,57.79999923706055,58.824501037597656,57.6510009765625,58.45949935913086,57.98029327392578,40094000.0
2019-03-06,58.5880012512207,58.73699951171875,58.15250015258789,58.24700164794922,57.76953887939453,23602000.0
2019-03-07,58.025001525878906,58.17900085449219,57.08549880981445,57.54249954223633,57.07080841064453,30086000.0
2019-03-08,56.69499969482422,57.67250061035156,56.5099983215332,57.49850082397461,57.02716827392578,23694000.0
2019-03-11,57.599998474121094,58.99549865722656,57.57849884033203,58.9630012512207,58.47966384887695,30032000.0
2019-03-12,59.1150016784668,60.285499572753906,59.1150016784668,59.86249923706055,59.37179183959961,42220000.0
2019-03-13,60.29650115966797,60.35599899291992,59.89550018310547,59.952999114990234,59.461544036865234,25888000.0
2019-03-14,59.95100021362305,60.23500061035156,59.561500549316406,59.62649917602539,59.137725830078125,27302000.0
2019-03-15,59.900001525878906,60.08599853515625,59.35049819946289,59.51499938964844,59.027137756347656,51886000.0
2019-03-18,59.484500885009766,59.747501373291016,59.07400131225586,59.4275016784668,58.94036102294922,24442000.0
2019-03-19,59.58599853515625,60.170501708984375,59.472999572753906,60.12300109863281,59.630157470703125,29788000.0
2019-03-20,60.06999969482422,61.4995002746582,59.97949981689453,61.32149887084961,60.81883239746094,41508000.0
2019-03-21,61.0,61.821998596191406,60.82899856567383,61.80649948120117,61.29985809326172,28150000.0
2019-03-22,61.442501068115234,61.68149948120117,60.29999923706055,60.38249969482422,59.88753509521485,34422000.0
2019-03-25,59.97800064086914,60.47200012207031,59.5,59.86899948120117,59.37823867797851,27576000.0
2019-03-26,60.259498596191406,60.38249969482422,59.0880012512207,59.492000579833984,59.00432968139648,30752000.0
2019-03-27,59.59600067138672,59.59600067138672,58.21149826049805,58.9005012512207,58.41767883300781,29428000.0
2019-03-28,58.775001525878906,58.86249923706055,58.17150115966797,58.61349868774414,58.133033752441406,22402000.0
2019-03-29,59.00899887084961,59.19850158691406,58.319000244140625,58.84450149536133,58.36213684082031,30890000.0
2019-04-01,59.37699890136719,60.0099983215332,59.31800079345703,59.94900131225586,59.45758819580078,27706000.0
2019-04-02,60.002498626708984,60.29050064086914,59.5620002746582,60.277000427246094,59.78289794921875,18288000.0
2019-04-03,60.6349983215332,61.029998779296875,60.25400161743164,60.54050064086914,60.04423904418945,22180000.0
2019-04-04,60.56449890136719,61.02750015258789,60.45199966430664,60.97249984741211,60.47269821166992,21022000.0
2019-04-05,60.96500015258789,61.019500732421875,60.50149917602539,60.5724983215332,60.07597351074219,20012000.0
2019-04-08,60.55550003051758,60.6974983215332,60.23500061035156,60.41400146484375,59.91878128051758,21750000.0
2019-04-09,60.09450149536133,60.35749816894531,59.91899871826172,60.134498596191406,59.64155960083008,19668000.0
2019-04-10,60.25450134277344,60.446998596191406,60.03300094604492,60.3224983215332,59.82802200317383,15510000.0
2019-04-11,60.44499969482422,60.637001037597656,60.22700119018555,60.47949981689453,59.983734130859375,16998000.0
2019-04-12,60.78099822998047,61.15250015258789,60.66450119018555,61.13650131225586,60.635353088378906,24312000.0
2019-04-15,61.204498291015625,61.46500015258789,60.72800064086914,61.32649993896485,60.82379150390625,23796000.0
2019-04-16,61.5,61.79899978637695,61.25199890136719,61.59550094604492,61.09059143066406,22622000.0
2019-04-17,61.849998474121094,62.255001068115234,61.64500045776367,62.00699996948242,61.49871063232422,30366000.0
2019-04-18,62.25,62.297000885009766,61.97050094604492,62.07350158691406,61.564666748046875,24750000.0
2019-04-22,61.833499908447266,62.71699905395508,61.66849899291992,62.6879997253418,62.174129486083984,19084000.0
2019-04-23,62.832000732421875,63.72150039672851,62.5984992980957,63.52949905395508,63.008731842041016,31868000.0
2019-04-24,63.52949905395508,63.70000076293945,62.990501403808594,63.002498626708984,62.486053466796875,23396000.0
2019-04-25,63.51499938964844,63.63999938964844,62.900001525878906,63.367000579833984,62.847564697265625,31344000.0
2019-04-26,63.66899871826172,63.945499420166016,63.25,63.87099838256836,63.34743118286133,27228000.0
2019-04-29,64.02549743652344,64.84850311279297,63.58549880981445,64.80999755859375,64.27873229980469,72368000.0
2019-04-30,59.53150177001953,60.04899978637695,59.150001525878906,59.948001861572266,59.45659637451172,133178000.0
2019-05-01,59.875,59.962501525878906,58.58399963378906,58.66600036621094,58.18510055541992,74340000.0
2019-05-02,58.630001068115234,58.96900177001953,57.916500091552734,58.32550048828125,57.84739303588867,45098000.0
2019-05-03,58.87049865722656,59.56999969482422,58.6775016784668,59.477500915527344,58.98994827270508,41588000.0
2019-05-06,58.599998474121094,59.77149963378906,58.55799865722656,59.67300033569336,59.183841705322266,31774000.0
2019-05-07,59.29050064086914,59.73849868774414,58.25,58.94300079345703,58.45983123779297,36604000.0
2019-05-08,58.864498138427734,59.2135009765625,58.381500244140625,58.53900146484375,58.05914306640625,25520000.0
2019-05-09,58.130001068115234,58.70349884033203,57.73199844360352,58.39849853515625,57.9197883605957,29556000.0
2019-05-10,58.44200134277344,58.81399917602539,57.31850051879883,58.38199996948242,57.90342330932617,31650000.0
2019-05-13,57.262001037597656,57.5984992980957,56.275001525878906,56.829498291015625,56.36365509033203,45626000.0
2019-05-14,57.11600112915039,57.243499755859375,56.17649841308594,56.24300003051758,55.78196334838867,40392000.0
2019-05-15,56.127498626708984,58.915000915527344,56.06999969482422,58.540000915527344,58.06013488769531,59302000.0
2019-05-16,58.59199905395508,59.70800018310547,58.42250061035156,59.224998474121094,58.7395133972168,35308000.0
2019-05-17,58.791500091552734,59.31449890136719,58.32099914550781,58.43899917602539,57.95995330810547,25362000.0
2019-05-20,57.650001525878906,57.650001525878906,56.90700149536133,57.233001708984375,56.76385116577149,30602000.0
2019-05-21,57.7239990234375,57.900001525878906,57.16550064086914,57.72200012207031,57.24884414672851,20562000.0
2019-05-22,57.5625,58.18899917602539,57.54999923706055,57.79249954223633,57.31876754760742,18826000.0
2019-05-23,57.30350112915039,57.502498626708984,56.65800094604492,57.266998291015625,56.79756546020508,25214000.0
2019-05-24,57.599998474121094,57.71799850463867,56.83549880981445,56.93050003051758,56.46382522583008,18554000.0
2019-05-28,57.07400131225586,57.824501037597656,56.93349838256836,56.97800064086914,56.51093673706055,20948000.0
2019-05-29,56.6349983215332,56.75,55.59749984741211,55.99700164794922,55.5379753112793,36230000.0
2019-05-30,56.00749969482422,56.34000015258789,55.79499816894531,56.070499420166016,55.610877990722656,18088000.0
2019-05-31,55.28200149536133,55.66999816894531,55.16749954223633,55.32500076293945,54.87148666381836,31582000.0
2019-06-03,53.34650039672851,53.349998474121094,51.35150146484375,51.9370002746582,51.51125717163086,96890000.0
2019-06-04,52.2244987487793,52.922000885009766,51.80149841308594,52.7244987487793,52.29229736328125,60512000.0
2019-06-05,52.75,52.84049987792969,51.650001525878906,52.23199844360352,51.803836822509766,46988000.0
2019-06-06,52.31050109863281,52.5,51.7755012512207,52.38800048828125,51.95856857299805,29020000.0
2019-06-07,52.7140007019043,53.67150115966797,52.557498931884766,53.41849899291992,52.980613708496094,43828000.0
2019-06-10,53.849998474121094,54.742000579833984,53.76399993896485,54.13800048828125,53.694217681884766,28510000.0
2019-06-11,54.8494987487793,55.20050048828125,53.97850036621094,54.051998138427734,53.608924865722656,33508000.0
2019-06-12,53.997501373291016,54.125999450683594,53.47999954223633,53.95500183105469,53.51272201538086,23670000.0
2019-06-13,54.23550033569336,54.829498291015625,54.12850189208984,54.550498962402344,54.10333633422851,20814000.0
2019-06-14,54.48699951171875,54.737998962402344,54.07400131225586,54.314998626708984,53.86975860595703,24582000.0
2019-06-17,54.45500183105469,55.06399917602539,54.400001525878906,54.69449996948242,54.24615478515625,19770000.0
2019-06-18,55.57500076293945,55.93899917602539,55.03950119018555,55.262001037597656,54.80900192260742,34526000.0
2019-06-19,55.36199951171875,55.47150039672851,54.80149841308594,55.22549819946289,54.77280044555664,26714000.0
2019-06-20,56.084999084472656,56.13600158691406,55.349998474121094,55.65999984741211,55.203739166259766,24018000.0
2019-06-21,55.49300003051758,56.32849884033203,55.48600006103515,56.26850128173828,55.807254791259766,50774000.0
2019-06-24,56.0,56.17850112915039,55.66550064086914,55.834999084472656,55.37731170654297,24236000.0
2019-06-25,55.75400161743164,55.78499984741211,54.22999954223633,54.37900161743164,53.9332389831543,31644000.0
2019-06-26,54.54999923706055,54.75600051879883,53.68450164794922,54.01599884033203,53.57321548461914,34698000.0
2019-06-27,54.337501525878906,54.42300033569336,53.79249954223633,53.83150100708008,53.390228271484375,24078000.0
2019-06-28,53.86149978637695,54.13999938964844,53.689998626708984,54.13999938964844,53.69620513916016,33672000.0
2019-07-01,55.051998138427734,55.429500579833984,54.76649856567383,55.0,54.54915618896485,29196000.0
2019-07-02,55.24150085449219,55.644500732421875,54.98350143432617,55.630001068115234,55.17398834228515,20630000.0
2019-07-03,55.92499923706055,56.39950180053711,55.74250030517578,56.14950180053711,55.68922805786133,20154000.0
2019-07-05,55.96849822998047,56.73249816894531,55.875,56.63349914550781,56.16925811767578,29794000.0
2019-07-08,56.29349899291992,56.36050033569336,55.5880012512207,55.839500427246094,55.38177108764648,29888000.0
2019-07-09,55.51599884033203,56.39300155639648,55.35749816894531,56.214500427246094,55.75369644165039,29472000.0
2019-07-10,56.61600112915039,57.117000579833984,56.53300094604492,57.045501708984375,56.577884674072266,30710000.0
2019-07-11,57.30799865722656,57.6619987487793,56.97650146484375,57.20399856567383,56.735084533691406,26004000.0
2019-07-12,57.14649963378906,57.375,56.928001403808594,57.266998291015625,56.79756546020508,21878000.0
2019-07-15,57.266998291015625,57.53400039672851,57.0,57.5255012512207,57.05394744873047,21164000.0
2019-07-16,57.33649826049805,57.92900085449219,57.33649826049805,57.67300033569336,57.200233459472656,25352000.0
2019-07-17,57.54600143432617,57.922000885009766,57.33100128173828,57.33700180053711,56.86699676513672,19538000.0
2019-07-18,57.099998474121094,57.40850067138672,56.64300155639648,57.36199951171875,56.891788482666016,25450000.0
2019-07-19,57.46599960327149,57.57899856567383,56.5625,56.57749938964844,56.11372375488281,23184000.0
2019-07-22,56.77349853515625,57.000999450683594,56.260501861572266,56.96049880981445,56.49357986450195,28914000.0
2019-07-23,57.17250061035156,57.44300079345703,56.64250183105469,57.40250015258789,56.93195343017578,20648000.0
2019-07-24,56.63100051879883,57.27299880981445,56.425498962402344,56.98649978637695,56.51937103271485,27192000.0
2019-07-25,56.9474983215332,57.179500579833984,56.18550109863281,56.797000885009766,56.3314208984375,54762000.0
2019-07-26,61.400001525878906,63.41949844360352,61.400001525878906,62.26100158691406,61.750640869140625,121216000.0
2019-07-29,62.125,62.449501037597656,61.5099983215332,62.09199905395508,61.58301544189453,41382000.0
2019-07-30,61.349998474121094,61.84550094604492,61.26599884033203,61.400001525878906,60.89668655395508,28616000.0
2019-07-31,61.243499755859375,61.74549865722656,60.40900039672851,60.90999984741211,60.41070556640625,39960000.0
2019-08-01,60.881500244140625,61.814998626708984,60.349998474121094,60.5890007019043,60.09233856201172,35426000.0
2019-08-02,60.150001525878906,60.474998474121094,59.5,59.81600189208984,59.3256721496582,34910000.0
2019-08-05,58.64849853515625,58.84400177001953,57.13750076293945,57.73749923706055,57.26420974731445,47840000.0
2019-08-06,58.2760009765625,59.06999969482422,58.07649993896485,58.55400085449219,58.07402420043945,36014000.0
2019-08-07,57.88999938964844,58.993499755859375,57.54199981689453,58.795501708984375,58.31354141235352,30686000.0
2019-08-08,59.32149887084961,60.31399917602539,58.70000076293945,60.30950164794922,59.81513214111328,30116000.0
2019-08-09,59.9995002746582,60.222999572753906,59.24449920654297,59.44499969482422,58.95771408081055,20418000.0
2019-08-12,59.0,59.28049850463867,58.43600082397461,58.724998474121094,58.24361801147461,22064000.0
2019-08-13,58.717498779296875,60.27149963378906,58.64950180053711,59.83649826049805,59.34600067138672,28434000.0
2019-08-14,58.80350112915039,59.13949966430664,58.05350112915039,58.212501525878906,57.735321044921875,35430000.0
2019-08-15,58.42150115966797,58.82099914550781,58.150001525878906,58.46599960327149,57.98674011230469,28506000.0
2019-08-16,59.03950119018555,59.19200134277344,58.650001525878906,58.96049880981445,58.47718048095703,24916000.0
2019-08-19,59.59149932861328,60.46950149536133,59.52000045776367,60.02199935913086,59.52998352050781,24450000.0
2019-08-20,59.76750183105469,59.900001525878906,59.15250015258789,59.17649841308594,58.6914176940918,20206000.0
2019-08-21,59.79100036621094,60.02799987792969,59.395999908447266,59.57899856567383,59.09061813354492,14152000.0
2019-08-22,59.689998626708984,59.93899917602539,58.945499420166016,59.57600021362305,59.08763885498047,17352000.0
2019-08-23,59.25849914550781,59.78350067138672,57.5,57.67900085449219,57.20619583129883,36254000.0
2019-08-26,57.97249984741211,58.59299850463867,57.74250030517578,58.55899810791016,58.07897186279297,21166000.0
2019-08-27,59.150001525878906,59.25,58.22800064086914,58.54100036621094,58.061126708984375,23460000.0
2019-08-28,58.243499755859375,58.92499923706055,58.01250076293945,58.6875,58.2064208984375,16810000.0
2019-08-29,59.32099914550781,59.95949935913086,59.26399993896485,59.71200180053711,59.222530364990234,19636000.0
2019-08-30,60.01750183105469,60.01750183105469,59.2859992980957,59.5265007019043,59.03854751586914,18064000.0
2019-09-03,59.092498779296875,59.45399856567383,58.18550109863281,58.477500915527344,57.99814987182617,25908000.0
2019-09-04,58.97249984741211,59.24399948120117,58.57649993896485,59.11349868774414,58.628929138183594,21312000.0
2019-09-05,59.68299865722656,60.70000076293945,59.634498596191406,60.609500885009766,60.112667083740234,26394000.0
2019-09-06,60.457000732421875,60.647499084472656,60.16299819946289,60.31600189208984,59.82157897949219,18972000.0
2019-09-09,60.354000091552734,61.02750015258789,59.65850067138672,60.26350021362305,59.769508361816406,31854000.0
2019-09-10,59.804500579833984,60.5,59.800498962402344,60.28499984741211,59.79082489013672,27922000.0
2019-09-11,60.19449996948242,61.12350082397461,60.11399841308594,61.0,60.499969482421875,23522000.0
2019-09-12,61.17350006103515,62.12099838256836,61.12799835205078,61.74850082397461,61.242340087890625,31644000.0
2019-09-13,61.605499267578125,62.0525016784668,61.354000091552734,62.00149917602539,61.49325942993164,23676000.0
2019-09-16,61.52199935913086,61.95100021362305,61.259498596191406,61.58150100708008,61.076698303222656,28218000.0
2019-09-17,61.58150100708008,61.75,61.16749954223633,61.49399948120117,60.98991775512695,20806000.0
2019-09-18,61.512001037597656,61.8120002746582,60.82350158691406,61.63249969482422,61.12728118896485,17440000.0
2019-09-19,61.61600112915039,62.21699905395508,61.615501403808594,61.9375,61.42978286743164,16554000.0
2019-09-20,61.68199920654297,62.13999938964844,61.17900085449219,61.492000579833984,60.98794174194336,37692000.0
2019-09-23,61.32849884033203,61.98400115966797,61.18899917602539,61.734500885009766,61.22845077514648,20798000.0
2019-09-24,62.0,62.355499267578125,60.53200149536133,60.916500091552734,60.41715621948242,35804000.0
2019-09-25,60.800498962402344,62.4010009765625,60.459999084472656,62.297000885009766,61.78633499145508,26798000.0
2019-09-26,62.10699844360352,62.23350143432617,61.59099960327149,62.114498138427734,61.6053352355957,23166000.0
2019-09-27,62.14149856567383,62.2495002746582,60.7599983215332,61.29750061035156,60.79502868652344,34122000.0
2019-09-30,61.029998779296875,61.37049865722656,60.67100143432617,61.05699920654297,60.55649948120117,24470000.0
2019-10-01,61.1245002746582,61.64300155639648,60.27750015258789,60.29999923706055,59.80570983886719,24504000.0
2019-10-02,59.82500076293945,59.9379997253418,58.631500244140625,58.895999908447266,58.4132194519043,33030000.0
2019-10-03,59.16699981689453,59.54999923706055,58.15700149536133,59.47150039672851,58.9839973449707,28368000.0
2019-10-04,59.714500427246094,60.62300109863281,59.54850006103515,60.54800033569336,60.05167388916016,24282000.0
2019-10-07,60.349998474121094,60.945499420166016,60.21799850463867,60.412498474121094,59.91728210449219,17040000.0
2019-10-08,59.938499450683594,60.34349822998047,59.4739990234375,59.506500244140625,59.01871109008789,20086000.0
2019-10-09,60.06650161743164,60.42300033569336,59.90599822998047,60.119998931884766,59.6271858215332,15948000.0
2019-10-10,59.93000030517578,60.78099822998047,59.89300155639648,60.4734992980957,59.977783203125,12842000.0
2019-10-11,61.20149993896485,61.4375,60.68199920654297,60.785499572753906,60.28722381591797,22330000.0
2019-10-14,60.69449996948242,61.29399871826172,60.59400177001953,60.88850021362305,60.38938522338867,13296000.0
2019-10-15,61.07500076293945,62.35649871826172,61.04600143432617,62.11199951171875,61.60285186767578,27584000.0
2019-10-16,62.09049987792969,62.70949935913086,61.92649841308594,62.150001525878906,61.64054107666016,22986000.0
2019-10-17,62.56999969482422,63.1875,62.493499755859375,62.63999938964844,62.12652969360352,20958000.0
2019-10-18,62.734500885009766,62.90549850463867,62.00699996948242,62.22050094604492,61.7104606628418,31624000.0
2019-10-21,62.435001373291016,62.675498962402344,61.9995002746582,62.2140007019043,61.70401763916016,18094000.0
2019-10-22,62.2239990234375,62.436500549316406,61.99250030517578,62.060001373291016,61.5512809753418,22862000.0
2019-10-23,62.010501861572266,62.902000427246094,62.010501861572266,62.881500244140625,62.36604309082031,21282000.0
2019-10-24,62.95550155639648,63.14500045776367,62.61750030517578,62.95550155639648,62.43944549560547,20224000.0
2019-10-25,62.599998474121094,63.400001525878906,62.45750045776367,63.21500015258789,62.696815490722656,27104000.0
2019-10-28,63.75,64.96199798583984,63.615501403808594,64.4489974975586,63.92068862915039,65428000.0
2019-10-29,63.79999923706055,64.04000091552734,62.78049850463867,63.03300094604492,62.516300201416016,52654000.0
2019-10-30,62.75749969482422,63.4010009765625,62.532501220703125,63.03499984741211,62.51829147338867,29204000.0
2019-10-31,63.0,63.32600021362305,62.4739990234375,62.939998626708984,62.424068450927734,31904000.0
2019-11-01,63.290000915527344,63.650001525878906,62.98550033569336,63.61249923706055,63.09104919433594,28812000.0
2019-11-04,63.80550003051758,64.625,63.80550003051758,64.48049926757812,63.951934814453125,30632000.0
2019-11-05,64.55999755859375,64.86199951171875,64.46900177001953,64.5719985961914,64.04269409179688,25148000.0
2019-11-06,64.50450134277344,64.64949798583984,64.1135025024414,64.55049896240234,64.0213623046875,24626000.0
2019-11-07,64.71399688720703,66.13249969482422,64.6875,65.34700012207031,64.81133270263672,45140000.0
2019-11-08,65.07599639892578,65.85549926757812,65.07599639892578,65.44999694824219,64.91349792480469,30392000.0
2019-11-11,65.19999694824219,65.24500274658203,64.79350280761719,64.91400146484375,64.38188171386719,17234000.0
2019-11-12,64.92849731445312,65.46749877929688,64.71199798583984,64.8604965209961,64.32881927490234,28852000.0
2019-11-13,64.65899658203125,65.1259994506836,64.60749816894531,64.80899810791016,64.27774047851562,20538000.0
2019-11-14,64.75,65.78600311279297,64.6969985961914,65.4574966430664,64.92093658447266,28948000.0
2019-11-15,65.75250244140625,66.677001953125,65.59449768066406,66.677001953125,66.13043212890625,39286000.0
2019-11-18,66.61699676513672,66.69599914550781,65.80799865722656,65.99199676513672,65.45104217529297,27984000.0
2019-11-19,66.33149719238281,66.33149719238281,65.5885009765625,65.62950134277344,65.0915298461914,21864000.0
2019-11-20,65.56800079345703,65.6604995727539,64.46050262451172,65.09300231933594,64.55940246582031,28892000.0
2019-11-21,64.9625015258789,65.55599975585938,64.5374984741211,65.00700378417969,64.47411346435547,25546000.0
2019-11-22,65.1500015258789,65.34500122070312,64.46800231933594,64.68350219726562,64.15327453613281,27776000.0
2019-11-25,64.81300354003906,65.52050018310547,64.78050231933594,65.28199768066406,64.74687194824219,23590000.0
2019-11-26,65.49549865722656,65.70050048828125,65.2020034790039,65.6500015258789,65.11185455322266,21910000.0
2019-11-27,65.77100372314453,65.88200378417969,65.47350311279297,65.60649871826172,65.0687026977539,18808000.0
2019-11-29,65.33000183105469,65.49749755859375,65.1614990234375,65.20449829101562,64.67000579833984,12802000.0
2019-12-02,65.12799835205078,65.27200317382812,64.01899719238281,64.44300079345703,63.914737701416016,26538000.0
2019-12-03,63.93299865722656,64.86150360107422,63.852500915527344,64.73699951171875,64.20633697509766,25270000.0
2019-12-04,65.30500030517578,66.2135009765625,65.15249633789062,65.9469985961914,65.40641784667969,35506000.0
2019-12-05,66.3499984741211,66.39900207519531,65.71600341796875,66.3479995727539,65.80413055419922,24408000.0
2019-12-06,66.63749694824219,67.12349700927734,66.5615005493164,66.96949768066406,66.42053985595703,32968000.0
2019-12-09,66.94300079345703,67.87750244140625,66.80349731445312,67.14949798583984,66.59905242919922,30842000.0
2019-12-10,66.99700164794922,67.4000015258789,66.69999694824219,67.14450073242188,66.5940933227539,17606000.0
2019-12-11,67.41500091552734,67.49449920654297,67.05500030517578,67.2125015258789,66.66153717041016,20480000.0
2019-12-12,67.1604995727539,67.72899627685547,66.91000366210938,67.42449951171875,66.87181091308594,29114000.0
2019-12-13,67.3949966430664,67.56749725341797,67.08300018310547,67.34349822998047,66.7914810180664,33170000.0
2019-12-16,67.75,68.17649841308594,67.53050231933594,68.03500366210938,67.477294921875,28128000.0
2019-12-17,68.12049865722656,68.21649932861328,67.53849792480469,67.74449920654297,67.1891860961914,32948000.0
2019-12-18,67.8499984741211,67.97149658203125,67.52300262451172,67.59549713134766,67.04139709472656,23330000.0
2019-12-19,67.59549713134766,67.87650299072266,67.4375,67.8219985961914,67.26603698730469,28922000.0
2019-12-20,68.15499877929688,68.19999694824219,67.5364990234375,67.56099700927734,67.00717163085938,50090000.0
2019-12-23,67.9365005493164,68.09249877929688,67.4000015258789,67.53150177001953,66.97793579101562,19936000.0
2019-12-24,67.510498046875,67.60050201416016,67.20850372314453,67.22149658203125,66.67046356201172,13468000.0
2019-12-26,67.32749938964844,68.16000366210938,67.27549743652344,68.12349700927734,67.56507110595703,23662000.0
2019-12-27,68.19999694824219,68.35250091552734,67.6500015258789,67.73200225830078,67.17679595947266,23212000.0
2019-12-30,67.84049987792969,67.8499984741211,66.89199829101562,66.9854965209961,66.43639373779297,19994000.0
2019-12-31,66.78949737548828,67.03299713134766,66.60649871826172,66.96949768066406,66.42053985595703,19514000.0
2020-01-02,67.42050170898438,68.43399810791016,67.32450103759766,68.43399810791016,67.8730239868164,27278000.0
2020-01-03,67.4000015258789,68.6875,67.36599731445312,68.07599639892578,67.51795196533203,23408000.0
2020-01-06,67.58149719238281,69.91600036621094,67.55000305175781,69.8905029296875,69.31759643554688,46768000.0
2020-01-07,70.02300262451172,70.17500305175781,69.5780029296875,69.75550079345703,69.18370056152344,34330000.0
2020-01-08,69.74099731445312,70.59249877929688,69.63150024414062,70.25199890136719,69.6761245727539,35314000.0
2020-01-09,71.09649658203125,71.43399810791016,70.510498046875,70.989501953125,70.40758514404297,33200000.0
2020-01-10,71.47350311279297,71.74700164794922,70.9800033569336,71.447998046875,70.8623275756836,26258000.0
2020-01-13,71.76249694824219,72.0739974975586,71.26850128173828,72.00150299072266,71.41129302978516,30730000.0
2020-01-14,72.0,72.13150024414062,71.38849639892578,71.52950286865234,70.94315338134766,26076000.0
2020-01-15,71.6510009765625,72.03900146484375,71.58300018310547,71.95999908447266,71.3701171875,21550000.0
2020-01-16,72.27249908447266,72.53500366210938,72.0,72.50800323486328,71.91363525390625,26080000.0
2020-01-17,73.12699890136719,74.02749633789062,72.82749938964844,73.97599792480469,73.3696060180664,52424000.0
2020-01-21,73.94999694824219,74.49400329589844,73.510498046875,74.11250305175781,73.50498962402344,48930000.0
2020-01-22,74.48650360107422,75.02899932861328,74.13300323486328,74.19349670410156,73.58531188964844,28458000.0
2020-01-23,74.37750244140625,74.67500305175781,74.01599884033203,74.2344970703125,73.62598419189453,26650000.0
2020-01-24,74.64099884033203,74.70999908447266,73.15899658203125,73.30850219726562,72.70757293701172,29786000.0
2020-01-27,71.5770034790039,71.8290023803711,70.9749984741211,71.58650207519531,70.99969482421875,34132000.0
2020-01-28,72.08699798583984,72.73999786376953,71.51799774169922,72.5250015258789,71.93049621582031,29724000.0
2020-01-29,72.9229965209961,73.20700073242188,72.26950073242188,72.83499908447266,72.23795318603516,21566000.0
2020-01-30,71.90499877929688,72.76249694824219,71.75,72.7125015258789,72.11646270751953,27110000.0
2020-01-31,73.39299774169922,73.4834976196289,71.35299682617188,71.63899993896484,71.0517578125,43822000.0
2020-02-03,73.0824966430664,74.31500244140625,72.83049774169922,74.12999725341797,73.52233123779297,71636000.0
2020-02-04,72.72450256347656,73.36699676513672,71.10150146484375,72.27050018310547,71.6780776977539,95880000.0
2020-02-05,73.18049621582031,73.22899627685547,71.48400115966797,72.30249786376953,71.7098159790039,36376000.0
2020-02-06,72.5989990234375,74.0780029296875,72.52400207519531,73.79850006103516,73.19355010986328,37822000.0
2020-02-07,73.36949920654297,74.26249694824219,73.27050018310547,73.95549774169922,73.3492660522461,28360000.0
2020-02-10,73.86150360107422,75.44400024414062,73.76000213623047,75.43299865722656,74.81465148925781,38302000.0
2020-02-11,75.66349792480469,76.49400329589844,75.27249908447266,75.50299835205078,74.88408660888672,34852000.0
2020-02-12,75.79299926757812,76.01499938964844,75.43350219726562,75.93150329589844,75.30907440185547,31042000.0
2020-02-13,75.5,76.29750061035156,75.19999694824219,75.66950225830078,75.04922485351562,22914000.0
2020-02-14,75.72650146484375,76.00250244140625,75.27749633789062,75.9365005493164,75.31403350830078,23198000.0
2020-02-18,75.71700286865234,76.52799987792969,75.55049896240234,75.97200012207031,75.34925079345703,25642000.0
2020-02-19,76.36000061035156,76.53700256347656,76.04900360107422,76.24349975585938,75.61851501464844,22746000.0
2020-02-20,75.95050048828125,76.35350036621094,75.21299743652344,75.84950256347656,75.22774505615234,25962000.0
2020-02-21,75.22899627685547,75.54750061035156,73.92449951171875,74.1729965209961,73.56498718261719,42520000.0
2020-02-24,71.15249633789062,71.81900024414062,70.3395004272461,70.99299621582031,70.41105651855469,49560000.0
2020-02-25,71.55000305175781,71.84249877929688,69.02100372314453,69.31600189208984,68.74781036376953,51580000.0
2020-02-26,69.7490005493164,70.68350219726562,68.82749938964844,69.52349853515625,68.95360565185547,49776000.0
2020-02-27,67.95700073242188,68.47000122070312,65.71199798583984,65.74749755859375,65.20854187011719,62290000.0
2020-02-28,63.71549987792969,67.12249755859375,63.410499572753906,66.9625015258789,66.41358947753906,80198000.0
2020-03-02,67.56950378417969,69.37349700927734,66.26000213623047,69.31600189208984,68.74781036376953,55430000.0
2020-03-03,69.88400268554688,70.40950012207031,66.46199798583984,66.88600158691406,66.33772277832031,56602000.0
2020-03-04,67.947998046875,69.13899993896484,66.8499984741211,69.08000183105469,68.51373291015625,47598000.0
2020-03-05,67.27749633789062,67.68150329589844,65.08200073242188,65.73799896240234,65.1991195678711,54380000.0
2020-03-06,63.497501373291016,65.13749694824219,62.86050033569336,64.78700256347656,64.25592803955078,64640000.0
2020-03-09,60.24800109863281,62.63650131225586,59.902000427246094,60.78950119018555,60.29119491577149,69252000.0
2020-03-10,62.71950149536133,63.79249954223633,60.72549819946289,63.75849914550781,63.23585510253906,54872000.0
2020-03-11,62.41350173950195,62.84650039672851,59.55699920654297,60.54499816894531,60.0486946105957,54732000.0
2020-03-12,56.13100051879883,59.4375,55.42350006103515,55.57749938964844,55.12191390991211,94326000.0
2020-03-13,58.7495002746582,60.720001220703125,55.614498138427734,60.7135009765625,60.215816497802734,79400000.0
2020-03-16,54.480499267578125,57.27349853515625,53.354000091552734,53.650001525878906,53.21022033691406,96520000.0
2020-03-17,54.53200149536133,56.29999923706055,52.45500183105469,55.90299987792969,55.44474792480469,83194000.0
2020-03-18,52.99700164794922,55.2495002746582,51.849998474121094,54.55950164794922,54.11226272583008,93044000.0
2020-03-19,54.4109992980957,57.63050079345703,52.77750015258789,55.583499908447266,55.12786483764648,74064000.0
2020-03-20,56.54499816894531,56.92399978637695,53.10499954223633,53.410499572753906,52.972679138183594,82878000.0
2020-03-23,52.81850051879883,53.34550094604492,50.44350051879883,52.70650100708008,52.27444839477539,83672000.0
2020-03-24,55.19900131225586,56.666500091552734,54.32149887084961,56.5004997253418,56.037349700927734,72468000.0
2020-03-25,56.229000091552734,57.30849838256836,54.1505012512207,55.08100128173828,54.62948989868164,90324000.0
2020-03-26,55.73600006103515,58.57400131225586,54.60150146484375,58.145999908447266,57.66936111450195,76562000.0
2020-03-27,56.37350082397461,57.5525016784668,55.20000076293945,55.51300048828125,55.05794525146485,62794000.0
2020-03-30,56.63199996948242,57.54999923706055,54.92449951171875,57.31549835205078,56.845672607421875,58736000.0
2020-03-31,57.436500549316406,58.66999816894531,56.83599853515625,58.09749984741211,57.62126159667969,65228000.0
2020-04-01,56.20000076293945,56.47100067138672,54.67449951171875,55.10499954223633,54.65328598022461,51970000.0
2020-04-02,55.0,56.13850021362305,54.65650177001953,55.85150146484375,55.393672943115234,56410000.0
2020-04-03,55.73550033569336,55.93949890136719,53.75400161743164,54.6349983215332,54.18714141845703,51374000.0
2020-04-06,56.650001525878906,59.537498474121094,56.25,59.15950012207031,58.674556732177734,63320000.0
2020-04-07,60.85049819946289,61.03900146484375,58.86249923706055,59.12799835205078,58.643310546875,61620000.0
2020-04-08,60.154998779296875,60.744998931884766,59.1974983215332,60.349998474121094,59.85529708862305,40334000.0
2020-04-09,60.90900039672851,61.0994987487793,59.62099838256836,60.32849884033203,59.83396530151367,54028000.0
2020-04-13,60.07500076293945,60.72600173950195,59.11650085449219,60.52050018310547,60.02439880371094,38702000.0
2020-04-14,61.99850082397461,63.787498474121094,61.426998138427734,63.26150131225586,62.74293518066406,63358000.0
2020-04-15,62.32550048828125,63.75550079345703,61.70000076293945,62.8650016784668,62.34968185424805,42236000.0
2020-04-16,63.35699844360352,63.667999267578125,61.90999984741211,62.87149810791016,62.35612487792969,57896000.0
2020-04-17,64.08499908447266,64.5,63.29999923706055,63.95000076293945,63.425785064697266,51050000.0
2020-04-20,63.49449920654297,63.84099960327149,62.821998596191406,63.057498931884766,62.54059982299805,35292000.0
2020-04-21,62.135501861572266,62.5,60.25,60.608001708984375,60.11117935180664,49648000.0
2020-04-22,62.05550003051758,63.99399948120117,61.86000061035156,62.920501708984375,62.40472412109375,46296000.0
2020-04-23,63.2869987487793,64.40750122070312,63.0265007019043,63.55849838256836,63.03749084472656,34202000.0
2020-04-24,62.75,63.885501861572266,62.20000076293945,63.83000183105469,63.30677032470703,37402000.0
2020-04-27,64.5999984741211,64.70500183105469,63.25299835205078,63.542999267578125,63.02212142944336,44186000.0
2020-04-28,64.16000366210938,64.23799896240234,61.51900100708008,61.62950134277344,61.124305725097656,80700000.0
2020-04-29,67.25,68.00749969482422,66.33650207519531,67.10900115966797,66.55889892578125,108358000.0
2020-04-30,66.56800079345703,67.5,66.07499694824219,67.33499908447266,66.78304290771484,55842000.0
2020-05-01,66.20449829101562,67.57150268554688,65.48300170898438,65.86599731445312,65.3260726928711,48872000.0
2020-05-04,65.40650177001953,66.22350311279297,64.80049896240234,66.1449966430664,65.60279083251953,30806000.0
2020-05-05,66.875,68.55049896240234,66.75150299072266,67.45099639892578,66.89808654785156,39666000.0
2020-05-06,67.9000015258789,68.43450164794922,67.25650024414062,67.27149963378906,66.72005462646484,31732000.0
2020-05-07,68.06549835205078,68.80000305175781,67.62699890136719,68.46399688720703,67.90277862548828,30652000.0
2020-05-08,69.09100341796875,69.83200073242188,68.60050201416016,69.21700286865234,68.64962005615234,33326000.0
2020-05-11,68.8395004272461,70.77649688720703,68.7750015258789,70.17949676513672,69.6042251586914,32718000.0
2020-05-12,70.41100311279297,70.71649932861328,68.72550201416016,68.75900268554688,68.19536590576172,33918000.0
2020-05-13,68.80799865722656,69.2665023803711,66.40049743652344,67.41649627685547,66.86387634277344,40368000.0
2020-05-14,66.6760025024414,67.86849975585938,66.16500091552734,67.84300231933594,67.28687286376953,36660000.0
2020-05-15,67.41300201416016,68.72899627685547,66.94999694824219,68.65299987792969,68.09022521972656,41544000.0
2020-05-18,68.0790023803711,69.63800048828125,67.70999908447266,69.25900268554688,68.69126892089844,47094000.0
2020-05-19,69.27400207519531,69.62449645996094,68.68800354003906,68.72000122070312,68.15667724609375,31586000.0
2020-05-20,69.45800018310547,70.60150146484375,69.37100219726562,70.45800018310547,69.88043212890625,38262000.0
2020-05-21,70.54949951171875,70.822998046875,69.71949768066406,70.3375015258789,69.76091766357422,30894000.0
2020-05-22,70.19499969482422,70.8499984741211,69.79750061035156,70.66200256347656,70.08277130126953,28544000.0
2020-05-26,72.0979995727539,72.25550079345703,70.97000122070312,71.06849670410156,70.48592376708984,44590000.0
2020-05-27,71.0,71.26750183105469,69.7300033569336,71.01399993896484,70.43187713623047,31684000.0
2020-05-28,70.0,72.2229995727539,69.9540023803711,70.91200256347656,70.3307113647461,35170000.0
2020-05-29,71.02149963378906,71.83650207519531,70.79900360107422,71.6760025024414,71.08845520019531,37044000.0
2020-06-01,71.28500366210938,72.0790023803711,71.11399841308594,71.74349975585938,71.15541076660156,25162000.0
2020-06-02,71.75,72.1500015258789,71.08049774169922,72.1155014038086,71.52435302734375,23442000.0
2020-06-03,72.13500213623047,72.45050048828125,71.58100128173828,71.9625015258789,71.37261199951172,27732000.0
2020-06-04,71.83899688720703,72.06600189208984,70.30049896240234,70.71499633789062,70.13533782958984,26982000.0
2020-06-05,70.78199768066406,72.31500244140625,70.38099670410156,72.0009994506836,71.4107894897461,42642000.0
2020-06-08,71.31400299072266,72.44999694824219,71.2239990234375,72.4020004272461,71.80850219726562,33878000.0
2020-06-09,72.26200103759766,73.38999938964844,72.11799621582031,72.60399627685547,72.00884246826172,33624000.0
2020-06-10,73.07550048828125,73.63849639892578,72.71800231933594,73.23500061035156,72.63467407226562,31762000.0
2020-06-11,72.05149841308594,72.58000183105469,69.92050170898438,70.09500122070312,69.5204086303711,47144000.0
2020-06-12,71.29299926757812,71.72550201416016,69.29000091552734,70.64600372314453,70.06689453125,36676000.0
2020-06-15,69.47450256347656,71.25,69.36000061035156,71.03700256347656,70.45469665527344,30468000.0
2020-06-16,72.44999694824219,72.8584976196289,71.44950103759766,72.32350158691406,71.73064422607422,30648000.0
2020-06-17,72.64700317382812,73.11000061035156,71.75650024414062,72.62699890136719,72.03166198730469,30610000.0
2020-06-18,72.49250030517578,72.64849853515625,71.31199645996094,71.70600128173828,71.11820983886719,34862000.0
2020-06-19,72.0,72.2249984741211,70.94999694824219,71.23200225830078,70.6480941772461,52784000.0
2020-06-22,71.25050354003906,72.54750061035156,70.95950317382812,72.53299713134766,71.93842315673828,29442000.0
2020-06-23,72.5999984741211,73.76000213623047,72.25,73.1989974975586,72.59896087646484,37752000.0
2020-06-24,73.16400146484375,73.78949737548828,71.5,71.63500213623047,71.04779052734375,31592000.0
2020-06-25,71.56099700927734,72.11599731445312,70.97699737548828,72.05500030517578,71.46434783935547,23958000.0
2020-06-26,71.63150024414062,71.85099792480469,67.75,68.12699890136719,67.56855010986328,97640000.0
2020-06-29,68.01699829101562,69.9000015258789,67.5824966430664,69.8584976196289,69.28585052490234,45074000.0
2020-06-30,69.84400177001953,71.19999694824219,69.34649658203125,70.90249633789062,70.3212890625,40286000.0
2020-07-01,70.95850372314453,72.42400360107422,70.70899963378906,72.0999984741211,71.50897979736328,42182000.0
2020-07-02,72.59200286865234,74.4260025024414,72.55349731445312,73.49649810791016,72.89404296875,57218000.0
2020-07-06,74.40750122070312,75.5,73.8489990234375,74.98249816894531,74.36785125732422,44712000.0
2020-07-07,74.80650329589844,76.06600189208984,74.48500061035156,74.49600219726562,73.88533782958984,42364000.0
2020-07-08,75.04000091552734,75.55850219726562,74.61499786376953,75.18000030517578,74.56373596191406,31766000.0
2020-07-09,75.49649810791016,76.45700073242188,74.77950286865234,75.93299865722656,75.310546875,41836000.0
2020-07-10,75.6624984741211,77.06700134277344,75.03600311279297,76.95050048828125,76.31973266601562,35918000.0
2020-07-13,77.49700164794922,78.81800079345703,75.3280029296875,75.61150360107422,74.99169921875,42954000.0
2020-07-14,74.6395034790039,76.13999938964844,74.29650115966797,76.04299926757812,75.4196548461914,38108000.0
2020-07-15,76.1614990234375,76.81649780273438,74.8915023803711,75.84400177001953,75.22229766845703,31026000.0
2020-07-16,75.07499694824219,75.79550170898438,74.41349792480469,75.74600219726562,75.12509155273438,26484000.0
2020-07-17,75.84549713134766,76.17150115966797,74.90499877929688,75.84249877929688,75.2208023071289,34264000.0
2020-07-20,75.75,78.45050048828125,75.13500213623047,78.19200134277344,77.5510482788086,30166000.0
2020-07-21,79.25150299072266,79.35250091552734,77.63099670410156,77.7959976196289,77.15828704833984,27486000.0
2020-07-22,77.7854995727539,78.3489990234375,77.1614990234375,78.24250030517578,77.60111999511719,24482000.0
2020-07-23,78.29650115966797,78.51750183105469,75.42949676513672,75.8375015258789,75.2158432006836,33910000.0
2020-07-24,74.95950317382812,75.77149963378906,74.37950134277344,75.4104995727539,74.79235076904297,29902000.0
2020-07-27,75.66300201416016,76.87799835205078,75.61650085449219,76.47149658203125,75.84464263916016,27124000.0
2020-07-28,76.25,76.30049896240234,75.0260009765625,75.18250274658203,74.56620788574219,30910000.0
2020-07-29,75.25,76.66649627685547,75.15049743652344,76.17549896240234,75.55107116699219,22676000.0
2020-07-30,74.89849853515625,77.04450225830078,74.75849914550781,76.91850280761719,76.28797149658203,36042000.0
2020-07-31,74.85250091552734,75.2509994506836,72.69999694824219,74.39749908447266,73.78764343261719,91468000.0
2020-08-03,74.55000305175781,74.8864974975586,73.58599853515625,74.13800048828125,73.5302734375,45482000.0
2020-08-04,74.33550262451172,74.65550231933594,73.20149993896484,73.66500091552734,73.06114959716797,37212000.0
2020-08-05,73.84100341796875,74.5,73.56099700927734,73.95449829101562,73.3482666015625,29134000.0
2020-08-06,73.80750274658203,75.3134994506836,73.59500122070312,75.24749755859375,74.63067626953125,33306000.0
2020-08-07,75.4520034790039,76.00450134277344,74.3134994506836,74.91850280761719,74.30438232421875,27718000.0
2020-08-10,74.54000091552734,75.35749816894531,73.87449645996094,74.84100341796875,74.22750854492188,20546000.0
2020-08-11,74.69999694824219,75.52200317382812,73.90950012207031,74.0270004272461,73.4201889038086,31098000.0
2020-08-12,74.35600280761719,75.58350372314453,74.25,75.36199951171875,74.7442398071289,22512000.0
2020-08-13,75.4104995727539,76.84850311279297,75.4104995727539,75.8324966430664,75.21087646484375,22388000.0
2020-08-14,75.68049621582031,75.989501953125,74.94999694824219,75.23149871826172,74.61480712890625,21942000.0
2020-08-17,75.79850006103516,76.18900299072266,75.25,75.81199645996094,75.1905517578125,19990000.0
2020-08-18,76.30599975585938,77.86849975585938,76.08350372314453,77.78900146484375,77.1513442993164,28378000.0
2020-08-19,77.62449645996094,78.44300079345703,77.0,77.23049926757812,76.59741973876953,30472000.0
2020-08-20,76.99849700927734,79.00849914550781,76.7229995727539,78.8125,78.16645812988281,26382000.0
2020-08-21,78.58999633789062,79.59400177001953,78.1155014038086,78.77850341796875,78.13273620605469,34838000.0
2020-08-24,79.62349700927734,80.43900299072266,78.75199890136719,79.25749969482422,78.60780334472656,25638000.0
2020-08-25,79.00499725341797,80.44400024414062,78.89399719238281,80.2925033569336,79.63432312011719,25150000.0
2020-08-26,80.31500244140625,82.6395034790039,80.04900360107422,82.20649719238281,81.53262329101562,52188000.0
2020-08-27,82.33049774169922,82.39949798583984,80.94049835205078,81.4260025024414,80.758544921875,31350000.0
2020-08-28,81.47350311279297,82.06749725341797,81.28050231933594,81.97149658203125,81.299560546875,22418000.0
2020-08-31,82.17849731445312,82.2249984741211,81.2665023803711,81.47650146484375,80.80863189697266,26422000.0
2020-09-01,81.60800170898438,82.96099853515625,81.47650146484375,82.75399780273438,82.0756607055664,22652000.0
2020-09-02,83.40049743652344,86.30500030517578,83.0094985961914,85.86949920654297,85.16560363769531,49522000.0
2020-09-03,84.97599792480469,85.0,80.385498046875,81.47550201416016,80.80763244628906,63726000.0
2020-09-04,80.44999694824219,81.74949645996094,76.89849853515625,79.06050109863281,78.41242980957031,55850000.0
2020-09-08,76.25,77.77749633789062,75.82499694824219,76.18000030517578,75.55552673339844,54032000.0
2020-09-09,77.44499969482422,77.93599700927734,76.25849914550781,77.36150360107422,76.72736358642578,39242000.0
2020-09-10,77.50900268554688,78.68299865722656,76.0,76.30249786376953,75.6770248413086,33024000.0
2020-09-11,76.40750122070312,76.93499755859375,74.6510009765625,75.78800201416016,75.16675567626953,30706000.0
2020-09-14,76.5824966430664,77.8499984741211,75.25550079345703,75.44149780273438,74.82308197021484,42660000.0
2020-09-15,76.39450073242188,77.54949951171875,76.1050033569336,76.75599670410156,76.12680053710938,23042000.0
2020-09-16,77.1240005493164,77.71849822998047,75.57949829101562,75.60449981689453,74.9847412109375,22128000.0
2020-09-17,74.29049682617188,74.93299865722656,73.12300109863281,74.35199737548828,73.74251556396484,40008000.0
2020-09-18,74.41500091552734,74.76000213623047,71.58100128173828,72.55449676513672,71.95974731445312,63056000.0
2020-09-21,71.58100128173828,72.00299835205078,70.13400268554688,71.50700378417969,70.92083740234375,56908000.0
2020-09-22,72.51599884033203,73.19850158691406,71.4749984741211,72.99099731445312,72.39266967773438,33950000.0
2020-09-23,72.60449981689453,72.65399932861328,70.13400268554688,70.46949768066406,69.89183807373047,37726000.0
2020-09-24,70.13400268554688,71.89949798583984,70.10749816894531,71.14299774169922,70.55982208251953,34552000.0
2020-09-25,71.25250244140625,72.2969970703125,70.38400268554688,71.9530029296875,71.36317443847656,30326000.0
2020-09-28,73.59950256347656,73.64949798583984,72.31400299072266,72.93299865722656,72.33515167236328,30784000.0
2020-09-29,73.19550323486328,73.5999984741211,72.69999694824219,73.3010025024414,72.70013427734375,31816000.0
2020-09-30,73.0469970703125,74.30999755859375,72.78800201416016,73.27999877929688,72.67930603027344,40924000.0
2020-10-01,74.18299865722656,74.75350189208984,73.83999633789062,74.3949966430664,73.78515625,32884000.0
2020-10-02,72.98149871826172,73.95149993896484,72.36750030517578,72.77999877929688,72.18340301513672,31222000.0
2020-10-05,73.13249969482422,74.23500061035156,73.00450134277344,74.1415023803711,73.53375244140625,21602000.0
2020-10-06,73.7750015258789,74.22599792480469,72.25050354003906,72.5510025024414,71.95629119873047,26096000.0
2020-10-07,72.96549987792969,73.44850158691406,71.6614990234375,72.95700073242188,72.35895538330078,36108000.0
2020-10-08,73.27249908447266,74.40149688720703,73.27249908447266,74.17150115966797,73.5634994506836,26076000.0
2020-10-09,74.64299774169922,75.59249877929688,74.3499984741211,75.52249908447266,74.90342712402344,32966000.0
2020-10-12,76.9000015258789,79.4209976196289,76.46499633789062,78.22949981689453,77.58822631835938,55344000.0
2020-10-13,78.85050201416016,79.25800323486328,77.93150329589844,78.35350036621094,77.71121978759766,39072000.0
2020-10-14,78.7300033569336,79.19249725341797,77.29499816894531,78.1719970703125,77.53120422363281,33174000.0
2020-10-15,77.2249984741211,78.56999969482422,77.05650329589844,77.77349853515625,77.13597106933594,31210000.0
2020-10-16,78.09149932861328,78.885498046875,77.88300323486328,78.38500213623047,77.74246978759766,34194000.0
2020-10-19,78.79650115966797,79.19650268554688,76.14600372314453,76.49749755859375,75.87042999267578,29734000.0
2020-10-20,76.15550231933594,78.69200134277344,76.0250015258789,77.55400085449219,76.91828155517578,41670000.0
2020-10-21,78.49250030517578,80.75700378417969,78.35700225830078,79.29949951171875,78.64945983886719,60322000.0
2020-10-22,79.25,80.6709976196289,78.8740005493164,80.33300018310547,79.67448425292969,30512000.0
2020-10-23,80.75250244140625,81.70600128173828,80.59549713134766,81.64900207519531,80.9797134399414,30548000.0
2020-10-26,80.75,81.47899627685547,78.38899993896484,79.2145004272461,78.5651626586914,35826000.0
2020-10-27,79.44650268554688,80.0999984741211,78.84950256347656,79.94400024414062,79.28868103027344,25902000.0
2020-10-28,77.50050354003906,77.69049835205078,75.42400360107422,75.54000091552734,74.92079162597656,45174000.0
2020-10-29,75.85099792480469,79.43699645996094,75.82749938964844,77.84400177001953,77.20588684082031,55406000.0
2020-10-30,83.37200164794922,84.06600189208984,80.07849884033203,80.80549621582031,80.14311218261719,99878000.0
2020-11-02,81.177001953125,82.91200256347656,80.71199798583984,81.21600341796875,80.55025482177734,44228000.0
2020-11-03,81.53800201416016,82.94999694824219,80.60549926757812,82.28299713134766,81.60848999023438,31432000.0
2020-11-04,85.27899932861328,88.50150299072266,85.1500015258789,87.2925033569336,86.57695007324219,71342000.0
2020-11-05,88.52249908447266,89.59100341796875,87.05149841308594,88.125,87.40263366699219,39758000.0
2020-11-06,87.56700134277344,88.42500305175781,86.83399963378906,87.98650360107422,87.26525115966797,28622000.0
2020-11-09,89.79900360107422,90.84449768066406,87.87750244140625,88.07099914550781,87.34905242919922,53440000.0
2020-11-10,86.4885025024414,87.96900177001953,85.80599975585938,86.88600158691406,86.17378234863281,43022000.0
2020-11-11,87.41999816894531,88.1449966430664,87.15299987792969,87.36150360107422,86.64537811279297,31838000.0
2020-11-12,87.0999984741211,88.2490005493164,86.89849853515625,87.14099884033203,86.42668151855469,26474000.0
2020-11-13,87.4000015258789,88.85649871826172,86.79900360107422,88.61299896240234,87.88661193847656,29744000.0
2020-11-16,88.20700073242188,89.71700286865234,88.06649780273438,88.70149993896484,87.97439575195312,25468000.0
2020-11-17,88.39299774169922,88.85700225830078,87.97450256347656,88.08300018310547,87.36095428466797,21314000.0
2020-11-18,87.83200073242188,88.25,86.92849731445312,87.03199768066406,86.3185806274414,20108000.0
2020-11-19,86.6614990234375,88.17449951171875,86.5009994506836,87.92849731445312,87.20772552490234,20106000.0
2020-11-20,88.0999984741211,88.41799926757812,86.75,86.81900024414062,86.10733032226562,27694000.0
2020-11-23,87.01100158691406,87.29949951171875,85.50900268554688,86.37799835205078,85.6699447631836,22530000.0
2020-11-24,86.375,88.3239974975586,86.0364990234375,88.19499969482422,87.4720458984375,27984000.0
2020-11-25,88.3905029296875,88.51899719238281,87.41799926757812,88.20649719238281,87.48344421386719,19600000.0
2020-11-27,88.22699737548828,89.85050201416016,88.22699737548828,89.35099792480469,88.61856079101562,14790000.0
2020-11-30,88.78250122070312,89.01699829101562,87.39199829101562,87.72000122070312,87.00094604492188,32418000.0
2020-12-01,88.33300018310547,91.08599853515624,88.15149688720703,89.76799774169922,89.03214263916016,37350000.0
2020-12-02,89.76799774169922,91.63700103759766,89.25849914550781,91.24849700927734,90.50050354003906,29424000.0
2020-12-03,91.0270004272461,92.19149780273438,90.8499984741211,91.09200286865234,90.34529113769533,24728000.0
2020-12-04,91.01100158691406,91.4749984741211,90.67949676513672,91.18800354003906,90.44049835205078,20544000.0
2020-12-07,90.77749633789062,91.4645004272461,90.1520004272461,90.85150146484376,90.10677337646484,22288000.0
2020-12-08,90.4260025024414,90.79850006103516,89.56400299072266,90.56649780273438,89.82410430908203,19936000.0
2020-12-09,90.51799774169922,91.4185028076172,88.0999984741211,88.89299774169922,88.16431427001953,31728000.0
2020-12-10,88.12999725341797,88.74949645996094,86.67649841308594,88.38249969482422,87.65802001953125,28688000.0
2020-12-11,88.0,88.8655014038086,87.63700103759766,88.73999786376953,88.01256561279297,18628000.0
2020-12-14,88.53600311279297,89.48999786376953,87.45649719238281,87.61299896240234,86.89481353759766,33050000.0
2020-12-15,87.99299621582031,88.19999694824219,87.08350372314453,88.05400085449219,87.33219909667969,21352000.0
2020-12-16,88.45549774169922,88.45549774169922,87.4530029296875,87.8594970703125,87.13928985595703,24676000.0
2020-12-17,88.19650268554688,88.33550262451172,86.55750274658203,87.02549743652344,86.31212615966797,34880000.0
2020-12-18,87.30850219726562,87.41799926757812,85.75,86.31099700927734,85.6034927368164,85256000.0
2020-12-21,85.45649719238281,86.8499984741211,84.69999694824219,86.72799682617188,86.01705932617188,33974000.0
2020-12-22,86.46649932861328,86.63050079345703,85.28900146484375,86.01100158691406,85.30595397949219,20370000.0
2020-12-23,86.19650268554688,87.20549774169922,86.05999755859375,86.4114990234375,85.70317077636719,22974000.0
2020-12-24,86.44999694824219,87.12049865722656,86.21749877929688,86.70800018310547,85.99722290039062,9312000.0
2020-12-28,87.24549865722656,89.3499984741211,87.09100341796875,88.697998046875,87.97091674804688,27650000.0
2020-12-29,89.36150360107422,89.42350006103516,87.75550079345703,87.88800048828125,87.16755676269531,19726000.0
2020-12-30,88.25,88.38800048828125,86.4000015258789,86.8125,86.10087585449219,21026000.0
2020-12-31,86.8635025024414,87.875,86.80449676513672,87.63200378417969,86.9136734008789,21070000.0
2021-01-04,88.0,88.12449645996094,85.35700225830078,86.30650329589844,85.59902954101562,37324000.0
2021-01-05,86.25450134277344,87.34149932861328,85.84500122070312,87.00250244140625,86.28931427001953,20360000.0
2021-01-06,85.01300048828125,87.19850158691406,84.80500030517578,86.14399719238281,85.43785095214844,46588000.0
2021-01-07,86.33799743652344,88.89099884033203,86.33799743652344,88.71700286865234,87.9897689819336,41936000.0
2021-01-08,88.85800170898438,89.96800231933594,88.06099700927734,89.8915023803711,89.1546401977539,35484000.0
2021-01-11,88.85099792480469,89.21900177001953,87.60700225830078,87.81449890136719,87.09466552734375,34796000.0
2021-01-12,87.26799774169922,88.3949966430664,85.81900024414062,86.87149810791016,86.15938568115234,29528000.0
2021-01-13,86.36599731445312,87.81950378417969,86.36599731445312,87.36250305175781,86.6463623046875,23432000.0
2021-01-14,87.44349670410156,88.37750244140625,86.30349731445312,86.5459976196289,85.83655548095703,29212000.0
2021-01-15,86.45099639892578,87.38099670410156,85.58550262451172,86.38099670410156,85.67290496826172,31444000.0
2021-01-19,87.1500015258789,90.19200134277344,86.6415023803711,89.22350311279297,88.49211120605469,41660000.0
2021-01-20,91.31849670410156,94.98600006103516,90.97550201416016,94.00350189208984,93.23292541503906,64152000.0
2021-01-21,94.68250274658205,96.60399627685548,93.97049713134766,94.2074966430664,93.43526458740234,58634000.0
2021-01-22,94.572998046875,95.21949768066406,93.8249969482422,94.62799835205078,93.85230255126952,32744000.0
2021-01-25,95.63700103759766,96.09100341796876,92.95800018310548,94.71399688720705,93.93760681152344,50586000.0
2021-01-26,94.29949951171876,95.7874984741211,93.80650329589844,95.39749908447266,94.6155014038086,31462000.0
2021-01-27,93.74549865722656,94.02349853515624,89.86399841308594,90.9469985961914,90.20148468017578,82512000.0
2021-01-28,91.5500030517578,94.39949798583984,91.5500030517578,92.66000366210938,91.90045928955078,55278000.0
2021-01-29,91.70099639892578,92.3769989013672,90.0780029296875,91.36799621582033,90.61903381347656,44530000.0
2021-02-01,92.22949981689452,95.7770004272461,92.22949981689452,94.65350341796876,93.87760162353516,40252000.0
2021-02-02,95.65650177001952,97.46849822998048,95.31849670410156,95.95600128173828,95.16942596435548,66332000.0
2021-02-03,103.28050231933594,105.33100128173828,100.67749786376952,102.94400024414062,102.1001434326172,97882000.0
2021-02-04,103.03099822998048,103.46499633789062,101.75499725341795,102.68150329589844,101.83979034423828,48596000.0
2021-02-05,102.97799682617188,104.7969970703125,102.5,104.44149780273438,103.58536529541016,29866000.0
2021-02-08,105.0,105.75,103.1675033569336,104.22599792480467,103.3716278076172,28828000.0
2021-02-09,103.73999786376952,104.92549896240234,103.5,103.76950073242188,102.91886901855467,21892000.0
2021-02-10,104.15699768066406,104.94400024414062,102.61199951171876,104.3239974975586,103.46882629394533,25102000.0
2021-02-11,104.5500030517578,104.6999969482422,103.44300079345705,104.4375,103.5813980102539,20480000.0
2021-02-12,103.9885025024414,104.9749984741211,103.67849731445312,104.75150299072266,103.89282989501952,18990000.0
2021-02-16,104.5875015258789,107.25700378417967,104.5875015258789,105.53500366210938,104.66991424560548,31004000.0
2021-02-17,104.6989974975586,106.12200164794922,104.4175033569336,105.93099975585938,105.06266021728516,20294000.0
2021-02-18,105.25,106.09950256347656,104.66649627685548,105.29049682617188,104.42739868164062,22546000.0
2021-02-19,105.3895034790039,105.9290008544922,104.17150115966795,104.44049835205078,103.58436584472656,37938000.0
2021-02-22,102.68000030517578,104.0165023803711,102.4000015258789,102.71299743652344,101.87104034423828,29466000.0
2021-02-23,100.69950103759766,103.625,99.5114974975586,103.00599670410156,102.16162872314452,34658000.0
2021-02-24,101.5019989013672,104.41600036621094,101.37650299072266,104.19049835205078,103.33641052246094,22608000.0
2021-02-25,102.79650115966795,104.1500015258789,100.32450103759766,100.79750061035156,99.97124481201172,41548000.0
2021-02-26,101.49749755859376,102.82599639892578,100.05049896240234,101.09549713134766,100.26679229736328,40042000.0
2021-03-01,102.4000015258789,103.8115005493164,101.72100067138672,103.48300170898438,102.63473510742188,26060000.0
2021-03-02,103.24199676513672,104.73699951171876,102.83350372314452,103.2239990234375,102.37785339355467,25564000.0
2021-03-03,102.59750366210938,103.79949951171876,99.6999969482422,100.57050323486328,99.74610900878906,33892000.0
2021-03-04,100.74349975585938,103.72949981689452,100.27149963378906,101.69650268554688,100.86287689208984,49216000.0
2021-03-05,103.05750274658205,105.30999755859376,101.38899993896484,104.85350036621094,103.9939956665039,53100000.0
2021-03-08,104.2030029296875,105.68699645996094,100.2594985961914,100.375,99.55221557617188,36868000.0
2021-03-09,102.4875030517578,103.1959991455078,101.77999877929688,102.01799774169922,101.18173217773438,33920000.0
2021-03-10,103.06999969482422,103.06999969482422,100.96649932861328,101.80950164794922,100.97493743896484,27100000.0
2021-03-11,102.91100311279295,105.5634994506836,102.82250213623048,105.0270004272461,104.16606903076172,27702000.0
2021-03-12,103.82050323486328,103.88050079345705,101.62100219726562,102.5,101.6597900390625,33818000.0
2021-03-15,102.2490005493164,102.74949645996094,101.3895034790039,102.72200012207033,101.87996673583984,26168000.0
2021-03-16,103.29949951171876,105.68399810791016,102.9645004272461,104.19450378417967,103.34040069580078,31900000.0
2021-03-17,103.42350006103516,104.9499969482422,102.20600128173828,104.11100006103516,103.25758361816406,26382000.0
2021-03-18,102.40899658203124,103.4375,100.95899963378906,101.06700134277344,100.238525390625,31700000.0
2021-03-19,101.48650360107422,101.85199737548828,100.14649963378906,101.3479995727539,100.51722717285156,46072000.0
2021-03-22,101.38150024414062,102.41699981689452,100.6999969482422,101.53450012207033,100.70218658447266,33536000.0
2021-03-23,101.99749755859376,103.20549774169922,101.4000015258789,102.06649780273438,101.2298355102539,28510000.0
2021-03-24,102.58799743652344,103.37999725341795,101.4499969482422,101.62650299072266,100.79344940185548,25218000.0
2021-03-25,101.45249938964844,102.28199768066406,99.80449676513672,101.6230010986328,100.78996276855467,35616000.0
2021-03-26,101.5895004272461,101.96949768066406,100.19249725341795,101.23650360107422,100.4066390991211,27978000.0
2021-03-29,101.10800170898438,102.46050262451172,100.27249908447266,102.28949737548828,101.45101165771484,26492000.0
2021-03-30,102.64900207519533,103.1334991455078,101.80750274658205,102.32350158691406,101.48473358154295,27312000.0
2021-03-31,102.72000122070312,104.31300354003906,102.3499984741211,103.1259994506836,102.28064727783205,42570000.0
2021-04-01,104.6125030517578,106.7874984741211,104.57150268554688,106.48899841308594,105.61608123779295,39880000.0
2021-04-05,107.35749816894533,111.44950103759766,107.260498046875,110.947998046875,110.0385284423828,48510000.0
2021-04-06,110.5459976196289,111.4000015258789,110.0895004272461,110.46299743652344,109.55751037597656,35240000.0
2021-04-07,110.65499877929688,112.2249984741211,110.65499877929688,111.95149993896484,111.03379821777344,24134000.0
2021-04-08,113.1999969482422,113.5895004272461,112.15049743652344,112.52149963378906,111.59913635253906,28664000.0
2021-04-09,112.27200317382812,113.69850158691406,111.86299896240234,113.53350067138672,112.60283660888672,26146000.0
2021-04-12,112.70600128173828,112.84449768066406,111.39099884033205,112.2310028076172,111.31101989746094,25024000.0
2021-04-13,112.54949951171876,113.17350006103516,112.15249633789062,112.72149658203124,111.79749298095705,25682000.0
2021-04-14,113.37149810791016,113.37149810791016,111.8010025024414,112.09549713134766,111.17662048339844,21002000.0
2021-04-15,113.09750366210938,114.8000030517578,112.55850219726562,114.2624969482422,113.32585144042967,29174000.0
2021-04-16,114.46199798583984,114.71199798583984,113.5459976196289,114.1374969482422,113.20188903808594,26282000.0
2021-04-19,113.50900268554688,115.20449829101562,113.50900268554688,114.48799896240234,113.54950714111328,30290000.0
2021-04-20,114.87449645996094,114.9499969482422,112.8560028076172,113.95050048828124,113.01641845703124,22288000.0
2021-04-21,113.60250091552734,114.0,112.24099731445312,113.9175033569336,112.98369598388672,23204000.0
2021-04-22,113.7699966430664,114.44400024414062,112.01599884033205,112.6259994506836,111.7027816772461,24146000.0
2021-04-23,113.3499984741211,115.30599975585938,113.0625,114.99649810791016,114.05384826660156,29066000.0
2021-04-26,115.22599792480467,116.22650146484376,114.86599731445312,115.49649810791016,114.54975128173828,32038000.0
2021-04-27,115.88150024414062,115.92250061035156,114.30799865722656,114.54900360107422,113.6100082397461,44386000.0
2021-04-28,119.625,121.56900024414062,117.66100311279295,117.9520034790039,116.98512268066406,81106000.0
2021-04-29,119.46150207519533,120.20800018310548,118.69249725341795,119.63800048828124,118.65730285644533,41234000.0
2021-04-30,118.4010009765625,119.09249877929688,117.3280029296875,117.6750030517578,116.71038055419922,44856000.0
2021-05-03,118.24549865722656,119.07749938964844,116.7750015258789,117.15399932861328,116.19367218017578,28242000.0
2021-05-04,115.67749786376952,116.24949645996094,112.83399963378906,115.34149932861328,114.3960189819336,44818000.0
2021-05-05,116.43150329589844,116.75,115.41400146484376,115.7385025024414,114.7897720336914,26636000.0
2021-05-06,115.31649780273438,116.86750030517578,114.6520004272461,116.86750030517578,115.90950775146484,25190000.0
2021-05-07,118.19450378417967,118.5625,117.30799865722656,117.59649658203124,116.63253784179688,28898000.0
2021-05-10,116.40699768066406,116.5500030517578,114.22699737548828,114.5875015258789,113.64820098876952,30914000.0
2021-05-11,112.15350341796876,114.01399993896484,111.6959991455078,113.50299835205078,112.57257843017578,34186000.0
2021-05-12,111.30950164794922,112.39900207519533,109.68099975585938,110.0124969482422,109.11070251464844,46376000.0
2021-05-13,111.30599975585938,111.97200012207033,110.33599853515624,111.4520034790039,110.53839874267578,33204000.0
2021-05-14,112.927001953125,114.23600006103516,112.5,113.91899871826172,112.98518371582033,31996000.0
2021-05-17,113.17849731445312,114.48899841308594,112.77549743652344,114.4459991455078,113.5078582763672,21598000.0
2021-05-18,115.11750030517578,115.38400268554688,113.1094970703125,113.12349700927734,112.19620513916016,22204000.0
2021-05-19,111.42150115966795,113.74949645996094,111.27200317382812,113.5749969482422,112.64398956298828,23684000.0
2021-05-20,114.5500030517578,115.5999984741211,114.1760025024414,115.34750366210938,114.40196990966795,32352000.0
2021-05-21,115.87049865722656,115.94450378417967,114.46499633789062,114.7064971923828,113.76622009277344,40632000.0
2021-05-24,115.74449920654295,118.27749633789062,115.5979995727539,118.052001953125,117.08430480957033,31832000.0
2021-05-25,118.5999984741211,119.1999969482422,117.75,118.14350128173828,117.175048828125,22440000.0
2021-05-26,118.32599639892578,119.44950103759766,118.322998046875,119.0155029296875,118.03990173339844,21572000.0
2021-05-27,119.45249938964844,119.45249938964844,117.81300354003906,118.13400268554688,117.16561889648438,35224000.0
2021-05-28,118.72100067138672,118.80349731445312,117.64250183105467,117.84249877929688,116.87651824951172,21482000.0
2021-06-01,118.72200012207033,119.2854995727539,117.71399688720705,119.05899810791016,118.0830307006836,23354000.0
2021-06-02,119.4574966430664,119.68199920654295,117.61799621582033,118.52950286865234,117.5578842163086,21158000.0
2021-06-03,117.2864990234375,117.85099792480467,116.47599792480467,117.37899780273438,116.41681671142578,18696000.0
2021-06-04,118.4635009765625,119.95149993896484,118.12049865722656,119.67849731445312,118.69744873046876,24458000.0
2021-06-07,119.47200012207033,120.22550201416016,119.0500030517578,120.11499786376952,119.13038635253906,24120000.0
2021-06-08,120.60050201416016,120.97599792480467,119.73899841308594,119.9219970703125,118.93897247314452,24240000.0
2021-06-09,120.57150268554688,120.6439971923828,119.84500122070312,120.39700317382812,119.41007232666016,17942000.0
2021-06-10,120.34600067138672,121.8000030517578,120.18900299072266,121.75650024414062,120.75843048095705,25904000.0
2021-06-11,122.0,122.08599853515624,120.947998046875,121.51000213623048,120.51395416259766,21958000.0
2021-06-14,121.61299896240234,122.4459991455078,120.9000015258789,122.44550323486328,121.4417953491211,22098000.0
2021-06-15,122.4499969482422,122.77549743652344,121.05599975585938,121.41950225830078,120.42420196533205,21562000.0
2021-06-16,121.5719985961914,121.88600158691406,119.47000122070312,120.77249908447266,119.7824935913086,26472000.0
2021-06-17,120.69750213623048,122.52249908447266,120.5,121.74349975585938,120.74553680419922,25842000.0
2021-06-18,121.36699676513672,121.60299682617188,120.01499938964844,120.11100006103516,119.1264190673828,46116000.0
2021-06-21,120.50050354003906,122.0,119.89849853515624,121.8125,120.81398010253906,27414000.0
2021-06-22,121.75,122.4000015258789,121.06400299072266,122.33049774169922,121.32772064208984,22390000.0
2021-06-23,122.09349822998048,123.09549713134766,121.83450317382812,122.1269989013672,121.12588500976562,19148000.0
2021-06-24,122.6999969482422,123.05549621582033,122.3000030517578,122.5,121.49583435058594,21362000.0
2021-06-25,122.0,122.63300323486328,121.56500244140624,122.5084991455078,121.50425720214844,34594000.0
2021-06-28,122.67849731445312,122.78500366210938,121.40550231933594,122.53600311279295,121.53155517578124,28526000.0
2021-06-29,122.67050170898438,123.02100372314452,121.69100189208984,122.27249908447266,121.27021026611328,23108000.0
2021-06-30,121.99449920654295,122.25700378417967,121.35449981689452,122.0895004272461,121.08869934082033,24474000.0
2021-07-01,121.7249984741211,122.58699798583984,121.53150177001952,122.44450378417967,121.44081115722656,18110000.0
2021-07-02,123.1500015258789,125.40399932861328,123.05950164794922,125.25749969482422,124.23072814941406,25982000.0
2021-07-06,125.64849853515624,126.4280014038086,124.5824966430664,126.19000244140624,125.15559387207033,26404000.0
2021-07-07,127.16200256347656,127.28399658203124,126.15299987792967,126.4739990234375,125.437255859375,24060000.0
2021-07-08,124.0260009765625,125.59549713134766,124.02200317382812,125.04399871826172,124.01897430419922,23790000.0
2021-07-09,125.0250015258789,125.7344970703125,124.55149841308594,125.51850128173828,124.4896011352539,18632000.0
2021-07-12,126.1780014038086,127.06950378417967,125.61100006103516,126.97550201416016,125.93464660644533,17668000.0
2021-07-13,127.03849792480467,128.0574951171875,126.67449951171876,127.34149932861328,126.2976531982422,19240000.0
2021-07-14,127.95800018310548,129.32650756835938,127.91449737548828,128.23699951171875,127.18582153320312,23742000.0
2021-07-15,128.6490020751953,128.6999969482422,126.52999877929688,127.00499725341795,125.96392059326172,24218000.0
2021-07-16,127.66300201416016,127.8115005493164,126.15350341796876,126.97000122070312,125.92919921875,20424000.0
2021-07-19,126.0895004272461,126.20500183105467,123.50499725341795,124.5780029296875,123.55681610107422,27968000.0
2021-07-20,125.52749633789062,127.04299926757812,124.35050201416016,126.20950317382812,125.17493438720705,26312000.0
2021-07-21,126.1334991455078,127.59600067138672,126.02349853515624,127.54900360107422,126.5034637451172,20746000.0
2021-07-22,127.84400177001952,128.48300170898438,127.4990005493164,128.42149353027344,127.36878967285156,14302000.0
2021-07-23,130.4304962158203,133.3990020751953,129.80050659179688,133.01499938964844,131.92465209960938,41506000.0
2021-07-26,133.32850646972656,134.23699951171875,132.30149841308594,134.03500366210938,132.936279296875,30572000.0
2021-07-27,134.25050354003906,134.3990020751953,130.10400390625,131.89999389648438,130.8187713623047,54710000.0
2021-07-28,136.31199645996094,138.2969970703125,135.27749633789062,136.093994140625,134.97840881347656,95130000.0
2021-07-29,136.14999389648438,136.66099548339844,135.54299926757812,135.77749633789062,134.66445922851562,31716000.0
2021-07-30,135.03500366210938,135.30450439453125,134.2550048828125,134.72650146484375,133.62210083007812,25576000.0
2021-08-02,135.11700439453125,135.3365020751953,133.79400634765625,134.85450744628906,133.74908447265625,21634000.0
2021-08-03,135.13499450683594,135.73199462890625,133.3195037841797,135.6300048828125,134.51820373535156,20762000.0
2021-08-04,135.34950256347656,135.64950561523438,134.48699951171875,135.12550354003906,134.01783752441406,19676000.0
2021-08-05,135.6804962158203,136.35000610351562,134.8459930419922,136.25149536132812,135.1346435546875,17870000.0
2021-08-06,136.04200744628906,136.47250366210938,135.2100067138672,135.73849487304688,134.62579345703125,20488000.0
2021-08-09,135.9425048828125,137.1840057373047,135.33949279785156,136.91299438476562,135.79067993164062,17760000.0
2021-08-10,137.3419952392578,137.7725067138672,136.364501953125,136.8070068359375,135.68556213378906,19414000.0
2021-08-11,137.18150329589844,137.6824951171875,136.27149963378906,136.2790069580078,135.1619110107422,15352000.0
2021-08-12,135.97549438476562,137.3000030517578,135.42550659179688,137.19400024414062,136.06939697265625,16506000.0
2021-08-13,137.25,137.85650634765625,137.0330047607422,137.7274932861328,136.5985107421875,15948000.0
2021-08-16,137.52499389648438,138.3625030517578,135.2989959716797,138.3094940185547,137.17575073242188,22384000.0
2021-08-17,137.75,138.2655029296875,136.08200073242188,136.6614990234375,135.54127502441406,21716000.0
2021-08-18,136.5,137.10450744628906,135.32150268554688,135.44900512695312,134.33868408203125,19258000.0
2021-08-19,134.4355010986328,136.3524932861328,134.25,135.67999267578125,134.5677947998047,21782000.0
2021-08-20,136.0,137.5540008544922,135.25,137.42950439453125,136.302978515625,31194000.0
2021-08-23,137.96949768066406,140.87449645996094,137.6074981689453,140.04150390625,138.89352416992188,28454000.0
2021-08-24,140.6114959716797,142.0800018310547,140.3385009765625,141.26150512695312,140.10353088378906,19268000.0
2021-08-25,141.625,142.1894989013672,141.37600708007812,142.07899475097656,140.9143524169922,15848000.0
2021-08-26,141.75,142.41749572753906,141.35699462890625,141.4405059814453,140.28109741210938,20610000.0
2021-08-27,141.65249633789062,144.5124969482422,141.4969940185547,144.00399780273438,142.82357788085938,28780000.0
2021-08-30,144.39999389648438,145.9705047607422,144.16299438476562,144.5904998779297,143.40525817871094,24434000.0
2021-08-31,145.14700317382812,145.17149353027344,144.281005859375,144.69749450683594,143.51136779785156,22448000.0
2021-09-01,145.0,146.25399780273438,144.8834991455078,145.2154998779297,144.025146484375,21936000.0
2021-09-02,145.21600341796875,145.51950073242188,143.18499755859375,143.28700256347656,142.11245727539062,32342000.0
2021-09-03,143.08050537109375,144.15499877929688,142.40049743652344,143.739501953125,142.56124877929688,19850000.0
2021-09-07,143.83450317382812,144.56500244140625,143.61900329589844,144.28050231933594,143.0977783203125,20124000.0
2021-09-08,144.10000610351562,144.39999389648438,143.0,143.6909942626953,142.5131378173828,18344000.0
2021-09-09,143.8404998779297,144.3105010986328,143.17750549316406,143.54100036621094,142.36436462402344,15314000.0
2021-09-10,144.21249389648438,144.718505859375,140.73800659179688,140.87600708007812,139.72119140625,36840000.0
2021-09-13,141.94949340820312,142.9499969482422,141.25,142.33250427246094,141.165771484375,22094000.0
2021-09-14,142.99549865722656,143.36300659179688,141.75,142.54449462890625,141.3760223388672,19674000.0
2021-09-15,142.77149963378906,144.45050048828125,141.34750366210938,144.42950439453125,143.24557495117188,27408000.0
2021-09-16,143.95050048828125,144.3000030517578,142.40150451660156,143.61000061035156,142.43280029296875,26190000.0
2021-09-17,143.03050231933594,143.4499969482422,140.47000122070312,140.8000030517578,139.64584350585938,53384000.0
2021-09-20,138.1614990234375,139.0,136.32200622558594,138.71949768066406,137.58238220214844,46518000.0
2021-09-21,139.74949645996094,140.01150512695312,138.2779998779297,139.0330047607422,137.893310546875,25332000.0
2021-09-22,139.3040008544922,140.88699340820312,138.55149841308594,140.2834930419922,139.133544921875,25056000.0
2021-09-23,140.9875030517578,141.69650268554688,140.40150451660156,141.21600341796875,140.05844116210938,20952000.0
2021-09-24,140.5384979248047,142.33050537109375,140.24099731445312,142.21499633789062,141.0492401123047,22984000.0
2021-09-27,140.80450439453125,141.93850708007812,140.0675048828125,141.07200622558594,139.9156036376953,21882000.0
2021-09-28,138.65499877929688,139.09649658203125,135.36000061035156,135.8300018310547,134.716552734375,45772000.0
2021-09-29,136.97999572753906,137.1510009765625,133.86500549316406,134.35350036621094,133.25218200683594,30848000.0
2021-09-30,134.26150512695312,135.54249572753906,133.55599975585938,133.67599487304688,132.58023071289062,37996000.0
2021-10-01,134.44749450683594,136.91050720214844,134.072998046875,136.54299926757812,135.42373657226562,35360000.0
2021-10-04,135.9604949951172,135.9604949951172,131.0500030517578,133.6595001220703,132.56385803222656,51202000.0
2021-10-05,134.04100036621094,137.22450256347656,134.04100036621094,136.0229949951172,134.90798950195312,32404000.0
2021-10-06,134.75,137.75,134.5500030517578,137.56500244140625,136.43736267089844,24364000.0
2021-10-07,138.89199829101562,140.04200744628906,138.6510009765625,139.22500610351562,138.08375549316406,25110000.0
2021-10-08,139.57699584960938,140.33099365234375,139.21749877929688,139.78550720214844,138.63966369628906,26526000.0
2021-10-11,139.29200744628906,140.71200561523438,138.85899353027344,138.91400146484375,137.7753143310547,17954000.0
2021-10-12,139.47999572753906,139.5070037841797,135.75999450683594,136.44900512695312,135.33050537109375,36332000.0
2021-10-13,137.40249633789062,138.0,136.5189971923828,137.58200073242188,136.45420837402344,19654000.0
2021-10-14,139.4739990234375,141.33749389648438,138.8249969482422,141.1510009765625,139.9939422607422,31894000.0
2021-10-15,141.614501953125,141.71800231933594,140.7550048828125,141.3679962158203,140.20916748046875,30274000.0
2021-10-18,141.07650756835938,142.79600524902344,141.0695037841797,142.7779998779297,141.6076202392578,20396000.0
2021-10-19,143.3874969482422,143.66250610351562,142.60000610351562,143.23699951171875,142.06285095214844,20164000.0
2021-10-20,143.33799743652344,143.54600524902344,141.37649536132812,141.7689971923828,140.6068878173828,23288000.0
2021-10-21,141.7689971923828,142.156005859375,140.5,141.88600158691406,140.72293090820312,26292000.0
2021-10-22,139.14999389648438,140.58299255371094,136.05599975585938,137.56649780273438,136.4388427734375,50588000.0
2021-10-25,137.5500030517578,138.0,135.4239959716797,137.44700622558594,136.3203125,34412000.0
2021-10-26,139.2635040283203,140.08299255371094,138.30450439453125,139.30850219726562,138.1665496826172,49236000.0
2021-10-27,139.40499877929688,148.64999389648438,139.40499877929688,146.21749877929688,145.01893615722656,85782000.0
2021-10-28,147.13450622558594,147.1580047607422,144.6269989013672,145.8489990234375,144.6534423828125,36206000.0
2021-10-29,145.0780029296875,148.24200439453125,144.64950561523438,148.04600524902344,146.83242797851562,43320000.0
2021-11-01,148.04600524902344,148.04600524902344,143.22549438476562,143.4969940185547,142.32070922851562,46924000.0
2021-11-02,144.57949829101562,146.60899353027344,144.3354949951172,145.4324951171875,144.24034118652344,33482000.0
2021-11-03,145.90049743652344,146.66900634765625,144.59100341796875,146.59800720214844,145.3963165283203,27494000.0
2021-11-04,147.12449645996094,149.73350524902344,146.30799865722656,148.2675018310547,147.05210876464844,38412000.0
2021-11-05,149.16949462890625,150.32749938964844,148.19700622558594,148.8520050048828,147.6318359375,38354000.0
2021-11-08,149.8249969482422,150.61500549316406,148.4304962158203,149.031005859375,147.80935668945312,23052000.0
2021-11-09,149.23300170898438,149.83450317382812,147.2449951171875,148.9185028076172,147.69778442382812,19530000.0
2021-11-10,147.5,148.07000732421875,144.53750610351562,145.89349365234375,144.69760131835938,29970000.0
2021-11-11,146.489501953125,147.53550720214844,145.60049438476562,145.76649475097656,144.5716094970703,16518000.0
2021-11-12,146.61549377441406,148.85000610351562,145.41099548339844,148.67799377441406,147.45924377441406,22360000.0
2021-11-15,148.90049743652344,149.54949951171875,147.5749969482422,148.45199584960938,147.235107421875,23508000.0
2021-11-16,148.14950561523438,148.7624969482422,147.3125,147.87600708007812,146.663818359375,18904000.0
2021-11-17,148.02749633789062,148.5594940185547,147.24000549316406,148.0469970703125,146.83340454101562,19594000.0
2021-11-18,148.2415008544922,150.58050537109375,147.88450622558594,149.8385009765625,148.61026000976562,35608000.0
2021-11-19,149.97549438476562,150.9665069580078,148.8990020751953,148.92649841308594,147.70571899414062,33682000.0
2021-11-22,149.33250427246094,149.82949829101562,146.1475067138672,146.302001953125,145.10272216796875,30594000.0
2021-11-23,146.1529998779297,146.66000366210938,144.11500549316406,145.78199768066406,144.5869903564453,27218000.0
2021-11-24,145.47349548339844,146.24949645996094,144.3730010986328,146.1199951171875,144.92221069335938,18040000.0
2021-11-26,144.34849548339844,144.5574951171875,141.84249877929688,142.18299865722656,141.01747131347656,30470000.0
2021-11-29,144.0,146.29750061035156,143.89349365234375,145.53050231933594,144.33753967285156,32596000.0
2021-11-30,145.0084991455078,146.0,141.60150146484375,141.8975067138672,140.73434448242188,42068000.0
2021-12-01,144.0,145.95050048828125,140.91200256347656,141.05149841308594,139.89524841308594,34020000.0
2021-12-02,141.25,143.864501953125,140.21449279785156,142.96600341796875,141.7940673828125,29194000.0
2021-12-03,143.68099975585938,144.39999389648438,140.30099487304688,142.00149536132812,140.83749389648438,41230000.0
2021-12-06,143.04049682617188,143.8524932861328,140.14999389648438,143.15499877929688,141.98153686523438,30618000.0
2021-12-07,145.59649658203125,147.531005859375,145.2274932861328,147.26950073242188,146.06231689453125,32240000.0
2021-12-08,147.59649658203125,148.39300537109375,146.406005859375,148.18649291992188,146.9717559814453,24270000.0
2021-12-09,147.59100341796875,149.10000610351562,147.11500549316406,147.6385040283203,146.42828369140625,23270000.0
2021-12-10,148.6999969482422,148.9774932861328,146.70399475097656,148.00149536132812,146.7882843017578,24458000.0
2021-12-13,147.781494140625,147.97000122070312,145.5175018310547,145.82650756835938,144.63113403320312,27070000.0
2021-12-14,143.96800231933594,144.47999572753906,141.21499633789062,143.90699768066406,142.7273406982422,38446000.0
2021-12-15,143.40899658203125,146.7209930419922,141.67799377441406,146.4409942626953,145.24057006835938,36370000.0
2021-12-16,147.17050170898438,147.677001953125,143.60699462890625,144.44500732421875,143.26097106933594,33650000.0
2021-12-17,142.5,143.83450317382812,141.3000030517578,141.72500610351562,140.56326293945312,50416000.0
2021-12-20,140.0,141.77450561523438,139.3209991455078,141.60699462890625,140.4462127685547,27192000.0
2021-12-21,142.05349731445312,143.86900329589844,140.50250244140625,143.47250366210938,142.29641723632812,28756000.0
2021-12-22,143.0675048828125,146.5,143.0675048828125,146.4149932861328,145.2147979736328,26322000.0
2021-12-23,146.5,148.24349975585938,146.45199584960938,146.91650390625,145.71218872070312,26384000.0
2021-12-27,147.25599670410156,148.343994140625,147.16949462890625,147.906494140625,146.6940460205078,15976000.0
2021-12-28,148.23599243164062,148.2989959716797,146.05450439453125,146.68699645996094,145.4845733642578,18200000.0
2021-12-29,146.64450073242188,147.41700744628906,145.6475067138672,146.65499877929688,145.45281982421875,17788000.0
2021-12-30,146.69400024414062,147.3000030517578,145.9945068359375,146.20050048828125,145.00204467773438,15688000.0
2021-12-31,146.0500030517578,146.69850158691406,144.8520050048828,144.8520050048828,143.66461181640625,18136000.0
2022-01-03,145.05499267578125,145.8509979248047,143.71299743652344,144.9915008544922,143.80296325683594,28646000.0
2022-01-04,145.39599609375,146.48500061035156,143.7165069580078,144.39950561523438,143.21585083007812,28400000.0
2022-01-05,144.4199981689453,144.49949645996094,137.68800354003906,137.77499389648438,136.64561462402344,54618000.0
2022-01-06,136.99850463867188,139.94000244140625,136.55850219726562,137.74749755859375,136.6183319091797,37348000.0
2022-01-07,138.14549255371094,138.44850158691406,135.76649475097656,137.01699829101562,135.89382934570312,29760000.0
2022-01-10,135.0780029296875,138.8195037841797,133.1645050048828,138.66949462890625,137.53280639648438,44408000.0
2022-01-11,138.0070037841797,140.21600341796875,136.6925048828125,139.73599243164062,138.5905303955078,28730000.0
2022-01-12,141.14999389648438,142.60800170898438,140.6945037841797,141.4304962158203,140.27114868164062,26108000.0
2022-01-13,141.5399932861328,142.85000610351562,138.40899658203125,138.58700561523438,137.45098876953125,31436000.0
2022-01-14,137.07899475097656,140.74200439453125,136.99850463867188,139.48049926757812,138.337158203125,29662000.0
2022-01-18,136.1750030517578,137.13150024414062,135.43850708007812,135.9980010986328,134.88319396972656,34872000.0
2022-01-19,136.52349853515625,137.95950317382812,135.0155029296875,135.1165008544922,134.0089569091797,28648000.0
2022-01-20,136.25,137.62600708007812,132.96449279785156,133.3074951171875,132.21475219726562,29908000.0
2022-01-21,132.593505859375,134.86549377441406,130.0865020751953,130.35150146484375,129.28298950195312,55652000.0
2022-01-24,125.97799682617188,131.2030029296875,124.5,130.8040008544922,129.7317657470703,76622000.0
2022-01-25,128.74000549316406,129.3990020751953,126.50050354003906,126.93499755859376,125.8944854736328,46960000.0
2022-01-26,131.11900329589844,133.0,127.14199829101562,129.23300170898438,128.17364501953125,49130000.0
2022-01-27,131.3040008544922,132.65249633789062,128.9324951171875,129.0050048828125,127.94751739501952,31950000.0
2022-01-28,129.65899658203125,133.35650634765625,128.48500061035156,133.3509979248047,132.25787353515625,34362000.0
2022-01-31,134.16200256347656,135.47300720214844,132.20950317382812,135.30349731445312,134.19439697265625,39986000.0
2022-02-01,137.59449768066406,137.79299926757812,134.36849975585938,137.6439971923828,136.51571655273438,68644000.0
2022-02-02,151.25,151.54649353027344,145.5225067138672,148.0,146.78680419921875,123200000.0
2022-02-03,145.70550537109375,149.6750030517578,142.66549682617188,143.08999633789062,141.9170684814453,71518000.0
2022-02-04,143.4445037841797,144.875,140.51499938964844,143.29299926757812,142.11839294433594,57998000.0
2022-02-07,144.25,144.25,138.89999389648438,139.2010040283203,138.05995178222656,54974000.0
2022-02-08,139.02650451660156,140.0,137.01400756835938,139.3990020751953,138.25631713867188,54284000.0
2022-02-09,140.9635009765625,142.52450561523438,140.18699645996094,141.5919952392578,140.4313201904297,40144000.0
2022-02-10,139.70350646972656,141.4844970703125,137.95700073242188,138.6199951171875,137.48370361328125,39330000.0
2022-02-11,138.60000610351562,139.156494140625,133.39999389648438,134.28250122070312,133.18177795410156,39958000.0
2022-02-14,133.25650024414062,136.3000030517578,133.25650024414062,135.5260009765625,134.41505432128906,34302000.0
2022-02-15,137.57049560546875,138.10850524902344,135.82150268554688,136.60850524902344,135.48870849609375,26680000.0
2022-02-16,136.64649963378906,138.08599853515625,134.9239959716797,137.73800659179688,136.60894775390625,25022000.0
2022-02-17,136.2429962158203,137.11349487304688,132.47850036621094,132.53900146484375,131.45252990722656,38950000.0
2022-02-18,133.4669952392578,134.07000732421875,130.19650268554688,130.4029998779297,129.33404541015625,45620000.0
2022-02-22,129.83799743652344,132.1804962158203,128.22349548339844,129.81350708007812,128.7493896484375,44990000.0
2022-02-23,131.64849853515625,132.05099487304688,127.52749633789062,127.58799743652344,126.54212951660156,32786000.0
2022-02-24,124.95349884033205,133.0,124.95349884033205,132.6909942626953,131.60330200195312,54456000.0
2022-02-25,133.552001953125,135.27149963378906,131.75149536132812,134.45950317382812,133.35733032226562,36406000.0
2022-02-28,133.0500030517578,135.75149536132812,132.59249877929688,135.0570068359375,133.9499053955078,38864000.0
2022-03-01,134.8784942626953,136.2554931640625,133.218505859375,134.06149291992188,132.96255493164062,26496000.0
2022-03-02,134.6280059814453,135.2624969482422,133.07150268554688,134.57150268554688,133.46839904785156,23520000.0
2022-03-03,136.00999450683594,136.4394989013672,133.02549743652344,133.89950561523438,132.80189514160156,24604000.0
2022-03-04,132.92750549316406,133.85150146484375,130.33749389648438,131.906494140625,130.82522583007812,30430000.0
2022-03-07,131.48800659179688,131.73500061035156,126.29499816894533,126.37850189208984,125.3425521850586,45112000.0
2022-03-08,126.25,131.25,125.67449951171876,127.10449981689452,126.06258392333984,40428000.0
2022-03-09,131.25,133.73550415039062,129.90049743652344,133.4199981689453,132.32630920410156,37026000.0
2022-03-10,131.26600646972656,133.27200317382812,130.91250610351562,132.42950439453125,131.34396362304688,27102000.0
2022-03-11,133.48849487304688,133.79550170898438,129.63150024414062,129.87049865722656,128.80592346191406,31526000.0
2022-03-14,130.25,130.40899658203125,125.2750015258789,125.95099639892578,124.91856384277344,38812000.0
2022-03-15,126.97599792480467,129.85450744628906,125.72049713134766,129.197998046875,128.13893127441406,30920000.0
2022-03-16,130.73300170898438,133.33299255371094,128.7344970703125,133.28050231933594,132.18797302246094,35576000.0
2022-03-17,133.1490020751953,134.08050537109375,132.18499755859375,133.83900451660156,132.7418975830078,28264000.0
2022-03-18,133.42449951171875,136.24400329589844,132.2584991455078,136.12550354003906,135.00962829589844,44566000.0
2022-03-21,136.1634979248047,137.0500030517578,134.09249877929688,136.10150146484375,134.98585510253906,26832000.0
2022-03-22,136.10150146484375,141.0500030517578,136.10150146484375,139.8679962158203,138.72145080566406,35496000.0
2022-03-23,138.70249938964844,139.5885009765625,137.8350067138672,138.27549743652344,137.14202880859375,25154000.0
2022-03-24,139.1999969482422,141.61900329589844,137.75050354003906,141.57200622558594,140.4114990234375,26396000.0
2022-03-25,141.91600036621094,142.03500366210938,139.7375030517578,141.67300415039062,140.51165771484375,24126000.0
2022-03-28,140.90049743652344,142.00250244140625,139.81149291992188,141.45550537109375,140.2959747314453,35050000.0
2022-03-29,142.6475067138672,143.7935028076172,142.0384979248047,142.5054931640625,141.33734130859375,34318000.0
2022-03-30,142.4600067138672,142.7205047607422,141.60000610351562,141.93850708007812,140.77499389648438,19884000.0
2022-03-31,142.05299377441406,142.10800170898438,139.02450561523438,139.0675048828125,137.9275360107422,37524000.0
2022-04-01,139.5,140.4709930419922,138.3074951171875,140.15049743652344,139.0016632080078,25942000.0
2022-04-04,140.35850524902344,143.71200561523438,140.3105010986328,142.97149658203125,141.79954528808594,25942000.0
2022-04-05,142.86900329589844,142.99049377441406,140.38250732421875,140.59100341796875,139.4385528564453,21418000.0
2022-04-06,138.75,139.36050415039062,135.51699829101562,136.54800415039062,135.4286651611328,32468000.0
2022-04-07,136.00999450683594,137.1645050048828,134.2274932861328,135.8885040283203,134.7746124267578,26234000.0
2022-04-08,135.58349609375,135.6699981689453,132.9654998779297,133.28750610351562,132.1949005126953,25142000.0
2022-04-11,131.82350158691406,132.09249877929688,128.6685028076172,128.82350158691406,127.76750183105467,36884000.0
2022-04-12,131.60000610351562,131.60000610351562,126.78900146484376,127.7145004272461,126.66759490966795,32710000.0
2022-04-13,128.0,130.33399963378906,127.74099731445312,129.8939971923828,128.8292236328125,27928000.0
2022-04-14,130.47950744628906,130.47950744628906,126.60099792480467,126.7300033569336,125.691162109375,31598000.0
2022-04-18,127.0,128.21249389648438,126.18199920654295,127.67649841308594,126.62992095947266,20808000.0
2022-04-19,127.69149780273438,130.33299255371094,126.99949645996094,130.00900268554688,128.9432830810547,26490000.0
2022-04-20,130.89199829101562,131.3990020751953,127.5,128.0399932861328,126.99041748046876,31696000.0
2022-04-21,129.25,130.09849548339844,124.52649688720705,124.8144989013672,123.79137420654295,36446000.0
2022-04-22,125.0,125.4020004272461,118.9250030517578,119.635498046875,118.65481567382812,56884000.0
2022-04-25,119.10099792480467,123.27749633789062,118.51100158691406,123.0739974975586,122.06512451171876,46128000.0
2022-04-26,122.29450225830078,122.51000213623048,118.51100158691406,118.6500015258789,117.6773910522461,73054000.0
2022-04-27,114.46949768066406,117.24199676513672,112.73650360107422,114.29450225830078,113.35761260986328,91820000.0
2022-04-28,116.41500091552734,119.64949798583984,114.11499786376952,118.52249908447266,117.55094146728516,48884000.0
2022-04-29,116.7344970703125,117.91999816894533,113.8144989013672,114.1094970703125,113.1741180419922,42676000.0
2022-05-02,113.40499877929688,116.74549865722656,112.5999984741211,116.58300018310548,115.62733459472656,35534000.0
2022-05-03,116.43049621582033,118.44200134277344,116.03450012207033,117.33399963378906,116.37220001220705,24968000.0
2022-05-04,117.03150177001952,122.85449981689452,115.11599731445312,122.26100158691406,121.2587890625,49916000.0
2022-05-05,120.2040023803711,121.03900146484376,115.00550079345705,116.50550079345705,115.55047607421876,45840000.0
2022-05-06,115.18450164794922,117.57150268554688,114.0155029296875,115.74649810791016,114.79769897460938,39710000.0
2022-05-09,113.25,115.0770034790039,112.00050354003906,112.51100158691406,111.5887222290039,40802000.0
2022-05-10,115.50749969482422,116.25,112.90049743652344,114.3949966430664,113.45726776123048,39900000.0
2022-05-11,113.23650360107422,116.364501953125,113.23650360107422,113.60250091552734,112.67127227783205,37534000.0
2022-05-12,111.37750244140624,114.29499816894533,109.82450103759766,112.84400177001952,111.91898345947266,53836000.0
2022-05-13,114.53299713134766,117.875,113.6050033569336,116.05049896240234,115.09920501708984,35038000.0
2022-05-16,114.95549774169922,116.16999816894533,113.8895034790039,114.44499969482422,113.50687408447266,25990000.0
2022-05-17,116.84049987792967,116.9000015258789,114.87000274658205,116.4729995727539,115.51823425292967,23054000.0
2022-05-18,115.0,115.4000015258789,111.55549621582033,111.89949798583984,110.9822235107422,35126000.0
2022-05-19,111.43150329589844,113.01000213623048,110.0,110.38400268554688,109.47915649414062,34144000.0
2022-05-20,111.95099639892578,112.18350219726562,105.79650115966795,108.90799713134766,108.01525115966795,48962000.0
2022-05-23,109.5875015258789,112.14749908447266,108.74099731445312,111.48799896240234,110.57410430908205,37184000.0
2022-05-24,105.77200317382812,106.45850372314452,101.8844985961914,105.97000122070312,105.1013412475586,76780000.0
2022-05-25,104.9854965209961,106.5,103.85649871826172,105.80500030517578,104.9376983642578,40258000.0
2022-05-26,105.677001953125,108.64949798583984,105.2249984741211,107.7925033569336,106.90890502929688,37948000.0
2022-05-27,109.48300170898438,112.31800079345705,109.13849639892578,112.31649780273438,111.39580535888672,37914000.0
2022-05-31,112.74649810791016,115.73500061035156,112.07849884033205,113.76200103759766,112.82946014404295,50012000.0
2022-06-01,114.8550033569336,117.10150146484376,113.25,113.89199829101562,112.95840454101562,36606000.0
2022-06-02,114.0,117.89949798583984,112.94650268554688,117.62249755859376,116.65831756591795,37992000.0
2022-06-03,116.0625,116.32150268554688,113.51850128173828,114.54100036621094,113.60208129882812,26136000.0
2022-06-06,116.70449829101562,119.34700012207033,116.16400146484376,116.82050323486328,115.86289978027344,33542000.0
2022-06-07,115.48049926757812,117.69100189208984,115.052001953125,117.14949798583984,116.1891860961914,31590000.0
2022-06-08,116.7614974975586,118.57050323486328,116.5999984741211,117.19400024414062,116.23332977294922,26108000.0
2022-06-09,116.32749938964844,118.29900360107422,114.7760009765625,114.83550262451172,113.89417266845705,25798000.0
2022-06-10,112.44499969482422,113.27899932861328,110.36599731445312,111.1614990234375,110.25027465820312,41452000.0
2022-06-13,106.7864990234375,108.79149627685548,106.11900329589844,106.39250183105467,105.52037811279295,47252000.0
2022-06-14,106.53500366210938,107.92449951171876,105.8000030517578,106.71549987792967,105.84072875976562,33706000.0
2022-06-15,108.54499816894533,111.42350006103516,107.66950225830078,109.7645034790039,108.86473846435548,39698000.0
2022-06-16,107.22100067138672,108.64849853515624,105.13800048828124,106.03350067138672,105.16432189941406,51684000.0
2022-06-17,106.03350067138672,108.69950103759766,105.0459976196289,107.14350128173828,106.26522064208984,51376000.0
2022-06-21,108.92949676513672,112.489501953125,108.5999984741211,111.54399871826172,110.62965393066406,47416000.0
2022-06-22,110.55650329589844,113.34649658203124,110.38249969482422,111.4875030517578,110.57361602783205,30774000.0
2022-06-23,112.23149871826172,112.74250030517578,110.50050354003906,112.24199676513672,111.3219223022461,28362000.0
2022-06-24,112.99500274658205,118.0790023803711,112.95249938964844,117.9749984741211,117.0079345703125,41164000.0
2022-06-27,118.27300262451172,118.57949829101562,115.17949676513672,115.83350372314452,114.8839874267578,36420000.0
2022-06-28,115.80249786376952,117.30950164794922,111.8479995727539,112.00749969482422,111.08934783935548,35792000.0
2022-06-29,111.552001953125,113.1604995727539,110.87249755859376,111.70149993896484,110.78585815429688,24716000.0
2022-06-30,110.0,110.88800048828124,106.75,108.96299743652344,108.0698013305664,43170000.0
2022-07-01,107.93299865722656,109.25,106.73049926757812,108.7375030517578,107.8461456298828,35476000.0
2022-07-05,107.10050201416016,113.3769989013672,105.73149871826172,113.26300048828124,112.33456420898438,39342000.0
2022-07-06,113.302001953125,115.5895004272461,111.47599792480467,114.5719985961914,113.63282012939452,37432000.0
2022-07-07,115.08000183105467,119.1894989013672,114.83350372314452,118.78299713134766,117.8093032836914,40936000.0
2022-07-08,117.25,119.68499755859376,116.90149688720705,119.35350036621094,118.37512969970705,38238000.0
2022-07-11,117.9980010986328,117.9980010986328,115.33049774169922,115.67649841308594,114.728271484375,31196000.0
2022-07-12,116.21499633789062,116.9739990234375,113.69000244140624,114.02050018310548,113.08585357666016,29960000.0
2022-07-13,111.70099639892578,114.1959991455078,111.20149993896484,111.35350036621094,110.44071197509766,43722000.0
2022-07-14,110.21050262451172,111.09300231933594,108.3730010986328,110.36750030517578,109.46279907226562,37004000.0
2022-07-15,112.00050354003906,113.1405029296875,110.9000015258789,111.77749633789062,110.86123657226562,46770000.0
2022-07-18,112.63999938964844,113.68000030517578,108.37000274658205,109.02999877929688,108.13624572753906,43164600.0
2022-07-19,110.8499984741211,114.0199966430664,109.55999755859376,113.80999755859376,112.87705993652344,36530900.0
2022-07-20,113.16999816894533,115.4000015258789,112.4800033569336,113.9000015258789,112.96634674072266,35600400.0
2022-07-21,114.27999877929688,114.5500030517578,111.11000061035156,114.33999633789062,113.40272521972656,32676200.0
2022-07-22,111.0,112.33999633789062,106.5,107.9000015258789,107.01551818847656,48901200.0
2022-07-25,108.41000366210938,109.87000274658205,106.3000030517578,107.51000213623048,106.62871551513672,34690900.0
2022-07-26,106.5999984741211,107.1999969482422,104.06999969482422,105.0199966430664,104.15911865234376,47991000.0
2022-07-27,109.26000213623048,113.91000366210938,108.01000213623048,113.05999755859376,112.13321685791016,59858500.0
2022-07-28,112.37000274658205,114.33999633789062,111.45999908447266,114.22000122070312,113.28372192382812,32816600.0
2022-07-29,113.08000183105467,116.70999908447266,113.05999755859376,116.31999969482422,115.36649322509766,37223400.0
2022-08-01,115.3000030517578,116.72000122070312,114.33999633789062,114.86000061035156,113.91846466064452,26034300.0
2022-08-02,114.0,116.3499984741211,113.72000122070312,115.12999725341795,114.18624877929688,20236000.0
2022-08-03,115.70999908447266,118.62000274658205,115.4800033569336,118.08000183105467,117.11207580566406,28499000.0
2022-08-04,117.4800033569336,118.77999877929688,116.88999938964844,118.19000244140624,117.22118377685548,21602900.0
2022-08-05,116.2300033569336,118.11000061035156,116.0,117.47000122070312,116.50707244873048,19159500.0
2022-08-08,118.38999938964844,120.1500015258789,116.87999725341795,117.3000030517578,116.33846282958984,19138300.0
2022-08-09,117.13999938964844,117.31999969482422,115.70999908447266,116.62999725341795,115.6739501953125,19086500.0
2022-08-10,118.77999877929688,120.91999816894533,118.41000366210938,119.6999969482422,118.71878814697266,30930400.0
2022-08-11,121.27999877929688,121.48999786376952,118.55999755859376,118.83999633789062,117.86583709716795,24293700.0
2022-08-12,120.26000213623048,121.68000030517578,119.45999908447266,121.68000030517578,120.68256378173828,19096300.0
2022-08-15,121.12999725341795,122.3000030517578,120.61000061035156,122.08000183105467,121.07929229736328,19494800.0
2022-08-16,121.5199966430664,122.43000030517578,120.63999938964844,121.6999969482422,120.702392578125,19041200.0
2022-08-17,120.12000274658205,121.29000091552734,119.37999725341795,119.5500030517578,118.57003784179688,22847000.0
2022-08-18,119.43000030517578,120.81999969482422,118.72000122070312,120.16999816894533,119.18494415283205,17987700.0
2022-08-19,119.05999755859376,119.1500015258789,116.76000213623048,117.20999908447266,116.24920654296876,21809500.0
2022-08-22,115.1999969482422,115.62999725341795,113.8499984741211,114.23999786376952,113.30354309082033,21456600.0
2022-08-23,113.4800033569336,115.01000213623048,113.43000030517578,113.86000061035156,112.9266586303711,15870400.0
2022-08-24,113.5,114.77999877929688,112.87000274658205,113.69000244140624,112.75804901123048,17734600.0
2022-08-25,114.23999786376952,116.72000122070312,114.11000061035156,116.6500015258789,115.69379425048828,16956800.0
2022-08-26,114.72000122070312,115.12000274658205,110.19000244140624,110.33999633789062,109.4355239868164,37245700.0
2022-08-29,109.98999786376952,110.9499969482422,108.8000030517578,109.41999816894533,108.5230484008789,21191200.0
2022-08-30,110.16999816894533,110.5,107.8000030517578,108.94000244140624,108.0469970703125,27513300.0
2022-08-31,110.6500015258789,110.8499984741211,108.12999725341795,108.22000122070312,107.33290100097656,28627000.0
2022-09-01,108.27999877929688,110.4499969482422,107.36000061035156,109.73999786376952,108.84044647216795,28360900.0
2022-09-02,110.58999633789062,110.73999786376952,107.26000213623048,107.8499984741211,106.96592712402344,24160700.0
2022-09-06,107.3000030517578,108.02999877929688,105.77999877929688,106.80999755859376,105.93446350097656,25068300.0
2022-09-07,107.05999755859376,109.9800033569336,106.9000015258789,109.4499969482422,108.55281066894533,23167000.0
2022-09-08,108.04000091552734,109.5999984741211,107.16000366210938,108.37999725341795,107.49158477783205,24238300.0
2022-09-09,109.06999969482422,110.98999786376952,109.0199966430664,110.6500015258789,109.74297332763672,23197700.0
2022-09-12,110.98999786376952,111.62000274658205,109.93000030517578,110.86000061035156,109.95125579833984,22966800.0
2022-09-13,107.8000030517578,108.3000030517578,104.08999633789062,104.31999969482422,103.4648666381836,38172900.0
2022-09-14,104.56999969482422,105.27999877929688,103.66000366210938,105.0,104.1392822265625,26395100.0
2022-09-15,104.02999877929688,105.2699966430664,102.3499984741211,102.91000366210938,102.06643676757812,34188300.0
2022-09-16,102.06999969482422,103.12999725341795,100.94000244140624,102.8000030517578,101.9573211669922,42797200.0
2022-09-19,101.75,103.33000183105467,101.5500030517578,103.06999969482422,102.2251205444336,23036800.0
2022-09-20,102.08000183105467,102.37000274658205,100.5199966430664,101.13999938964844,100.31092834472656,26517100.0
2022-09-21,101.66999816894533,102.87999725341795,99.2699966430664,99.27999877929688,98.4661865234375,31487300.0
2022-09-22,98.81999969482422,101.23999786376952,98.79000091552734,100.13999938964844,99.31912994384766,34298600.0
2022-09-23,99.62999725341795,99.66000366210938,97.47000122070312,98.73999786376952,97.93060302734376,31625400.0
2022-09-26,98.0999984741211,99.87999725341795,97.8000030517578,98.16999816894533,97.36527252197266,27072700.0
2022-09-27,99.43000030517578,100.0,96.87000274658205,97.5,96.70077514648438,30072800.0
2022-09-28,97.6500015258789,100.6999969482422,97.11000061035156,100.0500030517578,99.22987365722656,32466300.0
2022-09-29,98.63999938964844,98.63999938964844,95.95999908447266,97.41999816894533,96.62142944335938,31047200.0
2022-09-30,97.0500030517578,98.9000015258789,95.55999755859376,95.6500015258789,94.86593627929688,32941500.0
2022-10-03,96.76000213623048,99.29000091552734,96.5199966430664,98.63999938964844,97.8314208984375,27982000.0
2022-10-04,100.44000244140624,101.83999633789062,100.37999725341795,101.63999938964844,100.8068389892578,28850800.0
2022-10-05,99.83000183105467,101.93000030517578,98.8000030517578,101.43000030517578,100.59855651855467,22176900.0
2022-10-06,100.68000030517578,102.93000030517578,100.58999633789062,101.41999816894533,100.58863830566406,22324000.0
2022-10-07,99.8499984741211,100.52999877929688,98.3000030517578,98.68000030517578,97.87110137939452,27502800.0
2022-10-10,99.0,99.0999984741211,97.01000213623048,97.86000061035156,97.0578155517578,18225100.0
2022-10-11,97.43000030517578,99.25,96.30999755859376,97.18000030517578,96.3833999633789,26507100.0
2022-10-12,97.3000030517578,98.75,96.73999786376952,97.55999755859376,96.76028442382812,21876400.0
2022-10-13,95.1500015258789,99.77999877929688,94.37999725341795,99.05999755859376,98.24797821044922,34574500.0
2022-10-14,99.98999786376952,100.69000244140624,96.37000274658205,96.55999755859376,95.76847076416016,25410700.0
2022-10-17,98.86000061035156,100.93000030517578,98.83000183105467,99.97000122070312,99.15052795410156,28419200.0
2022-10-18,103.12999725341795,103.47000122070312,99.97000122070312,100.7699966430664,99.94395446777344,24060700.0
2022-10-19,100.01000213623048,101.0199966430664,98.91999816894533,99.62999725341795,98.81330108642578,23811100.0
2022-10-20,100.0,102.31999969482422,99.38999938964844,99.97000122070312,99.15052795410156,25323200.0
2022-10-21,97.8499984741211,101.30999755859376,97.72000122070312,101.12999725341795,100.30099487304688,32458700.0
2022-10-24,101.8000030517578,102.75,99.9800033569336,102.5199966430664,101.67961883544922,27176400.0
2022-10-25,102.9000015258789,104.81999969482422,102.72000122070312,104.4800033569336,103.6235580444336,40611400.0
2022-10-26,96.43000030517578,98.30999755859376,94.69000244140624,94.93000030517578,94.15184020996094,88114100.0
2022-10-27,94.5199966430664,95.43000030517578,91.8000030517578,92.22000122070312,91.46405029296876,60710900.0
2022-10-28,92.2699966430664,96.5500030517578,92.12999725341795,96.29000091552734,95.50069427490234,43697300.0
2022-10-31,95.41999816894533,96.02999877929688,93.9800033569336,94.51000213623048,93.73528289794922,31675000.0
2022-11-01,95.4499969482422,96.02999877929688,90.37000274658205,90.47000122070312,89.72840118408203,47161400.0
2022-11-02,90.94000244140624,91.18000030517578,86.87999725341797,86.97000122070312,86.25708770751953,57038300.0
2022-11-03,86.31999969482422,86.5199966430664,83.33999633789062,83.43000030517578,82.74610137939453,61288000.0
2022-11-04,85.4000015258789,86.63999938964844,83.70999908447266,86.58000183105469,85.87027740478516,51124900.0
2022-11-07,87.27999877929688,88.9000015258789,86.8499984741211,88.48999786376953,87.7646255493164,34078900.0
2022-11-08,88.9000015258789,90.31999969482422,87.58999633789062,88.9000015258789,88.1712646484375,30429000.0
2022-11-09,88.44999694824219,89.44000244140625,87.27999877929688,87.31999969482422,86.60420989990234,31769100.0
2022-11-10,92.25,94.38999938964844,91.61000061035156,93.94000244140624,93.16995239257812,51620100.0
2022-11-11,94.69000244140624,96.93000030517578,93.91999816894533,96.41000366210938,95.61972045898438,33090500.0
2022-11-14,95.08999633789062,96.79000091552734,94.51000213623048,95.6999969482422,94.91551971435548,30179500.0
2022-11-15,98.26000213623048,100.13999938964844,96.70999908447266,98.44000244140624,97.63307189941406,41640800.0
2022-11-16,97.9000015258789,99.63999938964844,97.63999938964844,98.8499984741211,98.03970336914062,29105200.0
2022-11-17,96.97000122070312,99.27999877929688,96.79000091552734,98.36000061035156,97.55372619628906,26052600.0
2022-11-18,98.7699966430664,98.9000015258789,96.37000274658205,97.43000030517578,96.63133239746094,28342300.0
2022-11-21,97.29000091552734,98.4000015258789,95.36000061035156,95.5999984741211,94.81634521484376,21647400.0
2022-11-22,95.9499969482422,97.22000122070312,94.0500030517578,97.0500030517578,96.25444793701172,23438500.0
2022-11-23,97.08999633789062,98.76000213623048,97.08999633789062,98.45999908447266,97.65289306640624,18868100.0
2022-11-25,98.23999786376952,98.63999938964844,97.4000015258789,97.45999908447266,96.66109466552734,9701400.0
2022-11-28,97.04000091552734,97.58000183105467,95.61000061035156,96.0500030517578,95.26266479492188,26237500.0
2022-11-29,95.7300033569336,96.12000274658205,94.11000061035156,95.19000244140624,94.4097137451172,20061700.0
2022-11-30,94.81999969482422,101.04000091552734,94.41999816894533,100.98999786376952,100.16214752197266,43647500.0
2022-12-01,101.0199966430664,102.25,100.25,100.98999786376952,100.16214752197266,28687100.0
2022-12-02,99.0500030517578,100.7699966430664,98.9000015258789,100.44000244140624,99.61666870117188,21480700.0
2022-12-05,99.4000015258789,101.37999725341795,99.0,99.4800033569336,98.6645278930664,24405100.0
2022-12-06,99.3000030517578,99.77999877929688,96.41999816894533,96.9800033569336,96.18502044677734,24910700.0
2022-12-07,96.41000366210938,96.87999725341795,94.72000122070312,94.94000244140624,94.16175842285156,31045400.0
2022-12-08,95.37999725341795,95.58000183105467,93.4499969482422,93.70999908447266,92.94182586669922,32213300.0
2022-12-09,93.7699966430664,94.26000213623048,92.75,92.83000183105467,92.06905364990234,28225400.0
2022-12-12,92.70999908447266,93.55999755859376,91.61000061035156,93.30999755859376,92.54510498046876,29420000.0
2022-12-13,97.76000213623048,99.52999877929688,95.02999877929688,95.62999725341795,94.84608459472656,40593700.0
2022-12-14,95.1999969482422,96.87000274658205,93.5999984741211,95.06999969482422,94.29068756103516,28733600.0
2022-12-15,93.12999725341795,93.63999938964844,90.01000213623047,90.86000061035156,90.11519622802734,40107000.0
2022-12-16,90.76000213623048,91.33000183105467,89.5199966430664,90.26000213623048,89.52011108398438,58011800.0
2022-12-19,90.26000213623048,90.55999755859376,88.20999908447266,88.44000244140625,87.71504211425781,29493000.0
2022-12-20,88.11000061035156,89.18000030517578,87.44000244140625,89.0199966430664,88.29027557373047,23453800.0
2022-12-21,89.08000183105469,90.22000122070312,88.31999969482422,89.58000183105469,88.84568786621094,24745600.0
2022-12-22,88.16000366210938,88.54000091552734,86.31999969482422,87.76000213623047,87.04061126708984,27658300.0
2022-12-23,87.11000061035156,89.55000305175781,87.06999969482422,89.2300033569336,88.49855041503906,23003000.0
2022-12-27,88.80000305175781,88.94000244140625,87.01000213623047,87.38999938964844,86.67363739013672,20097300.0
2022-12-28,86.9800033569336,88.04000091552734,85.94000244140625,86.0199966430664,85.31487274169922,19523200.0
2022-12-29,86.62000274658203,88.8499984741211,86.61000061035156,88.44999694824219,87.72496032714844,23333500.0
2022-12-30,86.9800033569336,88.30000305175781,86.56999969482422,88.2300033569336,87.50676727294922,23986300.0
2023-01-03,88.85560627643153,90.30364497529531,87.79437761826055,88.38946533203125,,28131200.0
2023-01-04,89.60937532240884,89.90691916874918,86.55462109181812,87.35798645019531,,34854800.0
2023-01-05,86.75298665837843,86.85216541875592,85.19585666320351,85.49339294433594,,27194400.0
2023-01-06,86.0785669486724,86.97119099271035,84.16438721912351,86.62405395507812,,41381500.0
2023-01-09,87.6357017109346,89.31185097330206,87.13980027869384,87.2984848022461,,29003900.0
2023-01-10,85.2752044746708,87.94314874861813,85.12643254757823,87.69519805908203,,30467800.0
2023-01-11,88.44896825112974,90.8491290549015,88.28036360214634,90.76978302001952,,26862000.0
2023-01-12,90.73012501545804,91.1169275086837,89.0143028128799,90.38298797607422,,30258100.0
2023-01-13,90.1052744877532,91.4342940509324,89.3911753274604,91.3648681640625,,26329200.0
2023-01-17,91.30535652243567,91.49380146174484,89.3118384915669,90.54167175292967,,32602400.0
2023-01-18,91.38470524390696,92.0392986943226,89.89700111134908,90.3730697631836,,29116700.0
2023-01-19,89.9763445358991,92.84265380940695,89.88707835577257,92.28724670410156,,37000400.0
2023-01-20,94.32044460307483,97.49421809768434,94.24109856316726,97.2165069580078,,63191100.0
2023-01-23,97.14707158711536,99.2199431680557,96.70076339817312,98.97199249267578,,40005100.0
2023-01-24,97.29584675272618,98.79347100071968,96.40322277819844,96.8991241455078,,33078500.0
2023-01-25,94.78659786716852,95.3717654821698,92.9914371339382,94.43946838378906,,42330000.0
2023-01-26,95.70896843494371,96.77019710869844,94.59814659536164,96.7206039428711,,30114000.0
2023-01-27,96.51233145386188,99.4976601059748,96.51233145386188,98.55545043945312,,33879800.0
2023-01-30,96.68093725731848,97.48429507886306,95.60978845068932,96.1453628540039,,27226200.0
2023-01-31,96.07593251835176,98.06945054380512,96.02633935545111,98.02977752685548,,29870700.0
2023-02-01,97.90085604626204,100.36053038415383,96.78012157695186,99.60675811767578,,35531100.0
2023-02-02,104.93274207361436,106.9659333278878,104.74429711518005,106.8568344116211,,69883800.0
2023-02-03,102.0862481346533,106.92624239319603,101.73911871689424,103.92108154296876,,65309300.0
2023-02-06,101.56059433437012,103.5045266483121,101.04485271151285,102.0564956665039,,31999600.0
2023-02-07,102.37387842734272,107.29321903254016,102.27469966826962,106.75764465332033,,49010200.0
2023-02-08,101.21348233996603,102.29454379804132,97.23635085283868,98.55545043945312,,94743500.0
2023-02-09,99.18027975409596,99.21003262732542,92.86249320969232,94.23118591308594,,119455000.0
2023-02-10,94.66757593087634,95.9569226207394,93.47741557627585,93.79479217529295,,54980700.0
2023-02-13,93.96339666886732,94.4196250562035,93.07077262109874,93.83446502685548,,50076100.0
2023-02-14,93.6559494181262,94.07250482572256,91.50373891202256,93.90390014648438,,54726100.0
2023-02-15,93.7154415296958,96.32388765510876,93.37823222030585,96.1453628540039,,50169000.0
2023-02-16,94.58822952133472,96.87929141683016,93.96338895576008,94.72708129882812,,42462600.0
2023-02-17,94.07249288547276,94.77667195660864,92.44593691924388,93.57659149169922,,34284100.0
2023-02-21,92.23765518012942,92.33683394114578,90.96814887866952,91.0375747680664,,33629300.0
2023-02-22,90.94831301648848,91.35495579337405,89.86725160509873,90.8987274169922,,30884000.0
2023-02-23,91.1665064831145,91.18634677544836,89.02421648917793,90.14495086669922,,41206400.0
2023-02-24,88.70683991186095,89.15314812025682,87.85388894602733,88.39937591552734,,36585100.0
2023-02-27,89.13331604003906,89.42093974612138,88.60765422535826,89.13331604003906,,27502300.0
2023-02-28,88.59775024323443,90.48217716813194,88.58783009603324,89.32176208496094,,30142000.0
2023-03-01,89.24241850559551,90.28380689652272,88.93495449477956,89.61930084228516,,31111200.0
2023-03-02,88.92502745736198,91.5235455057447,88.85559400906735,91.24584197998048,,32204400.0
2023-03-03,91.7219244117424,92.9616778865792,91.69216397218835,92.88233184814452,,35160100.0
2023-03-06,93.2492875940104,95.1833074213031,93.22945486919876,94.35018920898438,,32639300.0
2023-03-07,94.20143621358584,94.8857750214838,92.76331756858708,93.09061431884766,,27835500.0
2023-03-08,93.34848534799023,95.17339892826718,93.22946628398542,93.4774169921875,,34103300.0
2023-03-09,93.27905456209557,94.74691844025844,91.14667706997916,91.563232421875,,28813500.0
2023-03-10,91.41445442058324,92.02937482791764,89.65896694454361,89.88707733154297,,35941000.0
2023-03-13,89.35151602505144,91.81119044726069,88.68700992489863,90.3631591796875,,37335600.0
2023-03-14,91.80126150060728,93.58650950422468,91.6822500116025,93.19970703125,,36050200.0
2023-03-15,92.45584959444147,96.13543673086969,91.880602208105,95.32215881347656,,50622100.0
2023-03-16,95.41142015117944,100.36052125064332,94.71716126290512,99.49765014648438,,65492000.0
2023-03-17,99.43814263216196,101.99698789396676,99.27945056518114,100.78699493408205,,61028500.0
2023-03-20,99.29929255271747,100.91592828670724,99.05134186896636,100.39027404785156,,32960400.0
2023-03-21,100.42002246352078,104.23846131049126,100.39026959348747,104.0599365234375,,42110300.0
2023-03-22,103.41526038657392,105.71624226306058,102.48297102840904,102.52264404296876,,43427400.0
2023-03-23,104.19880057571584,105.4286415056372,103.60372040435178,104.734375,,40797800.0
2023-03-24,104.12936781949888,104.62526919076385,102.98879315221856,104.57568359375,,30393300.0
2023-03-27,103.7623993547433,103.9012511249283,101.09444771774577,101.62010192871094,,31120900.0
2023-03-28,101.60028121184264,101.61019379170308,98.92240911282488,100.20183563232422,,32057900.0
2023-03-29,101.44159523579168,101.64987292821644,99.82495929924386,100.55889129638672,,28779600.0
2023-03-30,100.0828209446528,100.33077163663717,98.96207897409658,100.06298065185548,,33086200.0
2023-03-31,100.46961133865508,103.03837656666258,100.2117405312776,102.87969207763672,,36863400.0
2023-04-03,101.5506793026603,103.67313650572234,101.09445096214598,103.50453186035156,,25035400.0
2023-04-04,103.47479264955224,104.71454620597784,103.18716891643886,103.8615951538086,,24420100.0
2023-04-05,104.91290680452715,105.23028342154356,102.8102895543644,103.6136474609375,,28290500.0
2023-04-06,104.39716471996437,108.27510972849136,103.47478781441008,107.53125762939452,,48711500.0
2023-04-10,106.10305636159114,106.70804904814692,104.2583027310059,105.5674819946289,,27067400.0
2023-04-11,105.67658753468932,105.85511233488984,103.82191364187592,104.48641967773438,,26311800.0
2023-04-12,105.70633385627954,105.87493849967196,103.48469035438096,103.78223419189452,,24370300.0
2023-04-13,104.9723919871335,106.6088679220058,104.9723919871335,106.5493621826172,,24843600.0
2023-04-14,106.01380426968532,108.04700310514492,105.96421110126722,107.97757720947266,,26578000.0
2023-04-17,103.80208203407156,105.2897861961485,103.66322268410477,105.1013412475586,,37571200.0
2023-04-18,105.61707218442864,105.66666534841484,103.2169113578442,103.64338684082033,,26596400.0
2023-04-19,102.73093910158752,104.11946457904192,102.22511753880912,103.32601928710938,,20905700.0
2023-04-20,103.05823288579296,105.37904781258688,103.01855986565268,104.42691802978516,,27820800.0
2023-04-21,104.60544233096776,105.13109660328745,103.92109597885472,104.54593658447266,,25800100.0
2023-04-24,104.62527258627792,105.75592714410804,103.8417474862282,105.1013412475586,,23542800.0
2023-04-25,104.96248334111876,105.8154342829649,102.98879048643646,102.99871063232422,,46664100.0
2023-04-26,104.05994371224028,105.47822196102052,101.788714484929,102.85986328125,,53347600.0
2023-04-27,103.59379357823072,107.48166608530138,102.6912570160058,106.7080535888672,,50089200.0
2023-04-28,106.16255438841672,106.47001078222276,104.22853472043866,106.46009063720705,,36139800.0
2023-05-01,105.96419371928604,107.10476830411024,105.94436099528517,106.3212432861328,,26681700.0
2023-05-02,106.26174573640694,106.3212514798493,102.85986201062076,104.4566650390625,,30997200.0
2023-05-03,104.66494807746288,106.60888065380296,104.09962078519486,104.54593658447266,,21795400.0
2023-05-04,104.62527823765616,104.73437715411652,103.11774126807067,103.83184051513672,,23419500.0
2023-05-05,103.9607606927562,105.01206915340022,103.25658167035746,104.7046127319336,,26639300.0
2023-05-08,104.3178158732233,107.07502636899284,104.29798314719712,106.88658142089844,,26511400.0
2023-05-09,107.50149988087897,109.2470748463162,106.31133960304034,106.47002410888672,,36360100.0
2023-05-10,107.08494078998832,112.01420151452292,107.04526777320253,110.83395385742188,,63153400.0
2023-05-11,114.45404112299885,116.95338077292648,113.4721584998331,115.61444854736328,,78900000.0
2023-05-12,115.7235396119098,117.06247174670034,115.15821237424916,116.54673767089844,,41102300.0
2023-05-15,115.15820145454158,117.5087763602692,115.0590227070827,115.55492401123048,,36266800.0
2023-05-16,115.5350937281414,119.76017532413437,115.47558798788296,118.53034210205078,,45035600.0
2023-05-17,118.62952082286564,120.67263195090872,117.91542167256014,119.84943389892578,,33323600.0
2023-05-18,119.95854884860572,122.29920412469264,119.83953735220288,121.8231430053711,,35234200.0
2023-05-19,122.53723296740392,124.93739380984856,121.1487076020142,121.7537078857422,,41353400.0
2023-05-22,121.93223602252743,125.39362560112352,121.73387092669454,124.02494049072266,,35253000.0
2023-05-23,123.14223409458984,123.60837503480263,121.20821417591824,121.55534362792967,,34046300.0
2023-05-24,120.12714097229151,120.91066598216418,118.8774675012544,119.90894317626952,,34182600.0
2023-05-25,123.49927213144792,124.2927173391139,120.9602595738836,122.46780395507812,,42317000.0
2023-05-26,122.16034076709492,124.23321241314244,121.44624158887478,123.58853912353516,,35635900.0
2023-05-30,124.61009496844297,124.62993526057318,120.99993361988648,122.65624237060548,,35076700.0
2023-05-31,121.74378917189809,123.04304837018029,121.49583848112027,121.86280822753906,,37325800.0
2023-06-01,121.8132170497212,123.40009998321425,121.6148595206051,122.70584106445312,,30772700.0
2023-06-02,122.97362222070808,125.11591981661115,122.745511823111,123.6480484008789,,26980100.0
2023-06-05,122.9934605496602,126.385424122163,122.82484833216864,124.97706604003906,,32305500.0
2023-06-06,124.97707174019683,127.23837332481472,124.33239841304952,126.26641082763672,,26638300.0
2023-06-07,125.92919376166726,127.98221754198131,121.11895203748432,121.49583435058594,,52539000.0
2023-06-08,121.22806013248872,122.21986293706264,120.24616990782498,121.1387939453125,,29389200.0
2023-06-09,121.2478829569892,122.74550718830598,120.9106736630639,121.2280502319336,,23778300.0
2023-06-12,121.78346450999771,123.03313813403904,120.66273009040364,122.62649536132812,,28306400.0
2023-06-13,123.95550842884325,124.1340332227792,122.17026048948374,122.81493377685548,,22278300.0
2023-06-14,122.09091511456376,123.03313225253616,120.45443908912068,122.65624237060548,,30592300.0
2023-06-15,122.13059332494936,124.43157546435972,121.39666138886584,124.06460571289062,,35246300.0
2023-06-16,124.89772318191494,125.07624798326508,122.26944432692576,122.51739501953124,,45535600.0
2023-06-20,121.92229960202798,123.5488553364742,121.13877460349477,122.09090423583984,,26097500.0
2023-06-21,121.39665450345422,121.65452532950528,119.11550521954592,119.56182098388672,,30306300.0
2023-06-22,119.01634524190013,122.2297844447119,117.8559376918369,122.1405258178711,,26952200.0
2023-06-23,120.38501322694266,121.78345871511222,120.06763665447824,121.33714294433594,,34913600.0
2023-06-26,119.77010249354858,120.99993578775404,117.30050819204033,117.36993408203124,,33969900.0
2023-06-27,116.1202700370029,118.10387557545452,115.14829999374555,117.36002349853516,,39535900.0
2023-06-28,116.1301803056411,119.4031324056984,115.89214976448288,119.19485473632812,,27091400.0
2023-06-29,118.26256241740738,119.07584040154654,117.33027294139968,118.12371063232422,,24090900.0
2023-06-30,119.1849366580173,120.08748080780242,118.708875567441,118.71878814697266,,29532200.0
2023-07-03,118.26256653867198,119.20478376097655,117.84601116890616,118.91716003417967,,14467900.0
2023-07-05,118.262556645478,121.60493460466256,118.25264406620929,120.75198364257812,,27584800.0
2023-07-06,118.81797842897954,119.31387982882194,117.42945299604987,119.12543487548828,,24745200.0
2023-07-07,119.11551561978511,120.0577328266466,118.4212566815545,118.50060272216795,,21709500.0
2023-07-10,117.33027117785484,117.3401837574584,115.18797355416356,115.49542999267578,,35315200.0
2023-07-11,115.33674061449469,116.74509867791642,114.40444362500358,116.17977142333984,,23078800.0
2023-07-12,117.82616938013048,119.34362637246984,117.4393669141167,117.9551010131836,,30404400.0
2023-07-13,119.938710617678,123.80674297722868,119.4626419533475,123.51911926269533,,44297900.0
2023-07-14,123.7769786548953,125.7407437423268,122.47771198641468,124.3918914794922,,33283100.0
2023-07-17,124.9076384065508,126.05812564014278,123.18189620588134,123.62821197509766,,25716200.0
2023-07-18,123.57862461739118,123.65797065567116,121.95206866692536,122.74551391601562,,26193600.0
2023-07-19,123.57862647852336,124.15387391443448,120.80158319859368,121.02969360351562,,37224000.0
2023-07-20,120.42469622569656,123.07280793107658,117.25093023799634,118.22289276123048,,37906800.0
2023-07-21,119.63125870411923,119.99822090421564,117.7567519823055,119.03617095947266,,72937900.0
2023-07-24,120.66272215495184,121.99173416334048,119.9882960048706,120.53378295898438,,29686100.0
2023-07-25,120.365182977595,122.14051081744287,120.02796610605938,121.20821380615234,,52509600.0
2023-07-26,129.00377226018543,129.90630113026324,127.26811769923354,128.2103271484375,,61682100.0
2023-07-27,130.59067581926217,132.14781351472905,127.73427884774642,128.3392791748047,,44952100.0
2023-07-28,129.7079618698937,132.64370465595107,129.49969176817697,131.4932098388672,,36591200.0
2023-07-31,131.64197739889866,132.43542264148525,130.6997677943249,131.63206481933594,,28055500.0
2023-08-01,129.70795684787504,131.54279790983335,129.60877052366334,130.47164916992188,,23166800.0
2023-08-02,128.38885774863965,129.02361087752263,126.51435123258612,127.32763671875,,26273300.0
2023-08-03,126.9209955105974,128.32935355941024,126.37550098690372,127.39705657958984,,20089500.0
2023-08-04,128.2202600170075,130.43197594152576,126.86149507419762,127.05985260009766,,26147200.0
2023-08-07,128.10124510100812,130.53115877911966,127.962393323222,130.45181274414062,,22746300.0
2023-08-08,129.54927103822243,130.43197488498015,128.4781222465879,130.3228759765625,,23535200.0
2023-08-09,130.58074278541653,130.95761750800182,127.94254405878128,128.59713745117188,,24912900.0
2023-08-10,130.2435353022777,130.96754702179814,128.38885399832523,128.62689208984375,,20857800.0
2023-08-11,127.60535409901688,128.86493278064867,127.11936527043054,128.4979705810547,,19591100.0
2023-08-14,128.3293488553076,130.29311393491162,127.9028809647762,130.25344848632812,,24695600.0
2023-08-15,130.0253428626258,130.3427118640274,128.22025464503122,128.71615600585938,,19770700.0
2023-08-16,127.64502716064452,129.21207752133685,126.8218365240768,127.64502716064452,,25216100.0
2023-08-17,128.73599949955613,130.90804993539842,128.23017041335734,128.85501098632812,,33446300.0
2023-08-18,127.4565647289768,128.19050420505582,125.34402761585469,126.41517639160156,,30504800.0
2023-08-21,126.13748589734028,127.6747757641444,125.52256541050552,127.3177261352539,,25248700.0
2023-08-22,127.4565767415667,129.21207199508038,127.2681469154346,128.02191162109375,,22054900.0
2023-08-23,129.11289189432017,132.31642609894942,128.80543542234216,131.28494262695312,,27819700.0
2023-08-24,132.85197153912117,133.14951538235977,128.50788590918833,128.71615600585938,,28500700.0
2023-08-25,128.47812893761383,129.6881295726403,126.20690716881096,128.8153533935547,,26762900.0
2023-08-28,130.23362480291482,131.4535380240542,129.07321732909296,129.9360809326172,,20543300.0
2023-08-29,131.15600145683445,135.45050919179718,131.15600145683445,133.46690368652344,,43075600.0
2023-08-30,133.67518514236738,135.16288939766932,132.97101360306888,134.76617431640625,,28315800.0
2023-08-31,134.8950799084139,136.8687727314443,134.6768821035077,135.05377197265625,,30053800.0
2023-09-01,136.3332062668677,136.3332062668677,133.74460060567057,134.54795837402344,,21543700.0
2023-09-05,134.32977722585983,135.30173975827023,133.47682618982745,134.65707397460938,,19403100.0
2023-09-06,134.9050132008134,135.41082715108524,132.5742707036897,133.35780334472656,,18684500.0
2023-09-07,132.49492113945962,134.46861399155742,131.8601680068501,134.15122985839844,,18844300.0
2023-09-08,133.80411838628038,135.53977327338907,133.7446126401159,135.26206970214844,,23558300.0
2023-09-11,135.42074803161276,136.35304508761172,134.676895929534,135.79763793945312,,20763400.0
2023-09-12,135.14303224154853,135.74803250189984,134.08181120803886,134.23057556152344,,18405500.0
2023-09-13,133.98265493971294,135.77781583177648,133.05035775884392,135.58938598632812,,20749500.0
2023-09-14,136.47205520158755,137.5630290724014,135.1232029476824,136.96795654296875,,24751000.0
2023-09-15,136.84894433199983,137.3845263119322,135.36124015129133,136.27369689941406,,38919600.0
2023-09-18,135.4901665221767,138.0192664165555,135.4901665221767,137.07705688476562,,21861300.0
2023-09-19,136.29353439301667,137.2754245802509,135.5000891528616,136.908447265625,,20353700.0
2023-09-20,136.94811189062173,136.94811189062173,132.5246654075392,132.64369201660156,,29927500.0
2023-09-21,130.3625454686309,131.14606291971518,129.00378065244968,129.37074279785156,,31503900.0
2023-09-22,129.6881412995922,130.9477352155998,128.53766144126038,129.1823272705078,,26397300.0
2023-09-25,128.76574160428865,130.0947535411447,127.90287812992364,130.03524780273438,,20094600.0
2023-09-26,128.7062506995645,129.29141070631724,126.17715058968768,127.5160903930664,,25718700.0
2023-09-27,127.51608742320651,129.82697452376246,127.51608742320651,129.4699249267578,,22746500.0
2023-09-28,128.77566411264445,132.20730825142687,128.72607094890918,131.2254180908203,,22513100.0
2023-09-29,132.1874685646927,132.9511609153293,129.29140636705122,129.7873077392578,,30859800.0
2023-10-02,130.1344325390662,133.3181105749404,130.09475195813707,133.07015991210938,,22288000.0
2023-10-03,132.8420685488848,133.15943757319482,130.75927662958244,131.3444366455078,,22989400.0
2023-10-04,131.7014648766572,134.45869011730207,131.44360164040873,134.1313934326172,,26752300.0
2023-10-05,133.96282958984375,134.3793850061725,132.35609854547656,133.96282958984375,,19832600.0
2023-10-06,132.91145190927398,137.02744149866268,132.91145190927398,136.4521942138672,,27597600.0
2023-10-09,135.8174905702575,137.80109635598646,134.49839090670235,137.2853546142578,,19278100.0
2023-10-10,137.36467931785276,138.57467986983306,136.20427192955205,136.92828369140625,,27786600.0
2023-10-11,137.44402038931838,139.95328001705715,137.44402038931838,139.3978729248047,,25884300.0
2023-10-12,139.89379277540957,140.06239744116,137.12665439341535,137.83084106445312,,24765500.0
2023-10-13,138.23748528968676,138.85239821040267,135.50009975367846,136.23403930664062,,23420500.0
2023-10-16,137.03740849990476,138.4854474310205,136.85889123736658,137.9597930908203,,28501900.0
2023-10-17,137.49361518669917,138.75319373814438,136.0554891433646,138.57467651367188,,23515800.0
2023-10-18,138.30689326315832,139.56648701861894,136.25386939858822,136.82911682128906,,23375000.0
2023-10-19,137.36470178510663,138.5151967823289,136.25388737880166,136.620849609375,,26066000.0
2023-10-20,136.2042943979111,136.73986130635555,133.9727378675885,134.4884796142578,,26335700.0
2023-10-23,133.93301925405814,136.531552411476,132.85195802947536,135.3810577392578,,26317900.0
2023-10-24,136.70015681131144,138.2176136078902,136.29351410537674,137.672119140625,,44814300.0
2023-10-25,127.10944521580694,127.25820957616192,124.044770755967,124.5803451538086,,84366200.0
2023-10-26,122.25951622711597,123.31083224083282,120.27591081531207,121.2776336669922,,57061100.0
2023-10-27,121.87272000373476,122.29919549173574,119.22460845972752,121.16854095458984,,44566500.0
2023-10-30,122.20002007986204,124.37207059770444,121.74379170735196,123.43977355957033,,28940100.0
2023-10-31,124.03485926262915,124.34232328480618,121.6842914027846,123.06289672851562,,26292300.0
2023-11-01,123.05297186152896,125.45313279745749,122.7058423983748,125.41345977783205,,30082400.0
2023-11-02,127.36730789447058,127.92271501549958,125.88952390924445,126.44493103027344,,27124600.0
2023-11-03,126.9705840713952,128.46820067879287,126.81189200957998,128.04173278808594,,26393100.0
2023-11-06,127.99216682143732,129.2715858991031,127.61527687797567,129.1823272705078,,19052700.0
2023-11-07,129.6385295842965,130.82868972418774,128.81533157799734,129.89639282226562,,29757300.0
2023-11-08,129.89642890979786,131.12626997179123,129.70798393466782,130.75929260253906,,26425800.0
2023-11-09,130.8783111759331,131.46347122727005,129.00380438860708,129.1724090576172,,23747800.0
2023-11-10,129.03354879478132,131.71141329610631,128.34920244954847,131.5031280517578,,26913300.0
2023-11-13,130.69976098599605,131.50311876629735,130.1741067560777,131.00721740722656,,18324800.0
2023-11-14,133.09002359550504,134.58764041410248,132.2271599799759,132.52468872070312,,32395200.0
2023-11-15,133.76443017621472,133.92312224608222,132.4750987262402,133.5164794921875,,23861500.0
2023-11-16,134.0818138246226,136.09517216084916,133.21895029015656,135.8075408935547,,28013200.0
2023-11-17,134.88518254388185,134.94468829125762,132.55443988026462,134.20083618164062,,37240600.0
2023-11-20,132.59413513310187,135.5397910236834,132.5247016643439,135.13314819335938,,27815500.0
2023-11-21,135.17279523893023,136.05549911438757,134.84551363674532,135.84722900390625,,22635300.0
2023-11-22,136.3431389603489,138.27715149054157,136.3431389603489,137.3547821044922,,17813900.0
2023-11-24,136.89851567499682,136.99770199138314,134.87524497059664,135.5695037841797,,12514300.0
2023-11-27,134.91491921563218,137.2853270482676,134.88516634551732,135.29180908203125,,23436500.0
2023-11-28,134.964518417708,136.1249258052487,134.309924978467,136.07533264160156,,18730000.0
2023-11-29,136.44232172928395,137.15640583938017,133.73468912413915,133.8834686279297,,23967200.0
2023-11-30,133.94296597089948,134.43886735166274,130.2038653225059,131.44361877441406,,38988300.0
2023-12-01,130.7790985107422,131.02704917414542,129.59885093154966,130.7790985107422,,31442300.0
2023-12-04,128.8153273436033,128.9640916810593,126.85155485379651,128.2103271484375,,36669900.0
2023-12-05,127.89294345007906,131.0567961953268,127.19868465026924,129.91622924804688,,27384800.0
2023-12-06,130.36255115310777,130.75926618523522,128.81534134061891,128.95419311523438,,23576200.0
2023-12-07,133.9330343345262,137.42418419027493,133.59582503757497,135.8075408935547,,56767100.0
2023-12-08,133.09993592227912,135.28189910781614,132.9313312582846,133.8834686279297,,32260100.0
2023-12-11,131.29485865478858,132.24698086173262,130.28321556791462,132.1973876953125,,31138000.0
2023-12-12,130.72952914922644,131.9097769432704,130.18403456369643,131.4337158203125,,29032800.0
2023-12-13,132.28664939416652,132.4056608757626,130.49148892278734,131.48329162597656,,30104800.0
2023-12-14,132.28665787823817,132.6238671868591,128.62690324736187,130.85845947265625,,38722400.0
2023-12-15,130.54106870618423,132.41557523506742,130.10467308952005,131.51304626464844,,50847100.0
2023-12-18,131.5428154285214,136.0257533662055,131.34444275367903,134.68682861328125,,32258000.0
2023-12-19,135.71827586427287,136.34311639898218,134.96451127135808,135.5298309326172,,25476800.0
2023-12-20,137.83083424971508,140.5384516154751,136.93821779664987,137.20599365234375,,49107200.0
2023-12-21,138.34658204933325,139.53674241725346,138.03911046006232,139.26895141601562,,27488300.0
2023-12-22,139.61607052198642,140.82607102846447,139.5565647812921,140.33016967773438,,26532200.0
2023-12-26,140.42934263685476,141.5104039629761,140.03262760475596,140.35992431640625,,16780300.0
2023-12-27,140.42937642319166,140.91536531809038,138.74331443055428,139.21937561035156,,19628600.0
2023-12-28,139.62599994946305,139.98304957042205,138.60444425438513,139.08050537109375,,16045700.0
2023-12-29,138.48543138650385,139.20944320132398,137.64239294340334,138.54493713378906,,18733000.0
2024-01-02,137.4142586199099,138.3068749412653,135.36121989360225,137.03736877441406,,23711200.0
2024-01-03,136.12494105781897,138.48543668179107,135.95633638949388,137.78125,,24212100.0
2024-01-04,137.28531548543515,138.01925486510476,135.23229195188463,135.27195739746094,,27137700.0
2024-01-05,135.6290289280703,136.03567169625202,134.0421384410589,134.6173858642578,,22513900.0
2024-01-08,135.17277404124002,137.87047841067306,135.14302117297993,137.70187377929688,,21404000.0
2024-01-09,137.36467261696302,140.33016810931971,137.0175356218485,139.79458618164062,,24759600.0
2024-01-10,139.84418693539638,141.82779242384171,139.75492832050645,141.1136932373047,,21320200.0
2024-01-11,142.31377441409103,144.02958884214237,139.48713067468557,140.9153289794922,,24008700.0
2024-01-12,141.50047688636437,142.02613106020752,140.65745374610032,141.4806365966797,,18785500.0
2024-01-16,140.83598692471,143.16672938152487,140.29049239931624,141.3219757080078,,22670500.0
2024-01-17,140.19130652143912,140.67728012012063,137.7613779932037,140.31031799316406,,20968600.0
2024-01-18,140.8855776587382,143.02787513950906,140.8260719176682,142.30384826660156,,25746400.0
2024-01-19,143.5535284040744,145.24950254806373,143.19647882633325,145.18008422851562,,34271900.0
2024-01-22,145.89419084442545,147.17360973542569,144.64450969157377,144.7932891845703,,32200400.0
2024-01-23,144.69411904062358,145.97353807473283,144.30731652950118,145.83468627929688,,21636100.0
2024-01-24,147.32238701526538,148.62166144639895,146.88600647851376,147.4810791015625,,25233500.0
2024-01-25,148.83984348061125,151.7954113890045,148.31417410884393,150.6250762939453,,29149100.0
2024-01-26,149.8613826190151,151.28956568601532,149.7721088811906,150.94244384765625,,26115500.0
2024-01-29,150.8135368633547,152.51943895245324,150.18869623371097,152.25164794921875,,27784300.0
2024-01-30,151.5474722147389,152.3607426484438,149.95066908718712,150.2184600830078,,36331800.0
2024-01-31,142.44271896094438,142.81960888272778,138.7234583129567,138.9515838623047,,71910000.0
2024-02-01,140.9550214666243,141.8873186018574,139.63592181078502,140.00289916992188,,40466500.0
2024-02-02,138.11842568090873,141.45088304766435,135.38105593217287,141.21286010742188,,62499600.0
2024-02-05,141.64926151631406,144.27753248123298,141.60958093549976,142.502197265625,,38505400.0
2024-02-06,143.4642721698212,144.16845883237673,142.0162485243668,142.91879272460938,,29128200.0
2024-02-07,143.57336464859975,144.4263156427516,142.7501665270815,144.3469696044922,,25208900.0
2024-02-08,144.63461269549572,145.13051412482938,143.91060084610757,144.71395874023438,,22563800.0
2024-02-09,145.47763559904774,148.2150211661504,144.9817341712347,147.77862548828125,,26829500.0
2024-02-12,147.20335197335376,148.11580862305635,146.16195613244383,146.32064819335938,,21564100.0
2024-02-13,143.73204328748068,145.46769798615009,142.51213022242555,143.9502410888672,,27837700.0
2024-02-14,144.88253462860962,145.31893022112502,142.90884188380863,144.74368286132812,,22704200.0
2024-02-15,141.96663255261817,142.34352240728126,139.30860868040443,141.59967041015625,,37590700.0
2024-02-16,141.8178876690081,142.01624520205476,138.9912436385364,139.36813354492188,,31468900.0
2024-02-20,138.51518739713623,140.915348438827,138.34658273143967,139.9632110595703,,25144700.0
2024-02-21,140.2905110483264,141.52035203872512,139.52681861125646,141.38150024414062,,23223300.0
2024-02-22,143.74196995787472,143.8114034168082,141.6294403227433,142.9088592529297,,27191900.0
2024-02-23,142.4923064572686,143.49402183711422,142.2542683371376,142.77993774414062,,19493800.0
2024-02-26,140.9748370483321,141.27238088903258,136.26377416065105,136.4423065185547,,53641800.0
2024-02-27,136.88862613854664,138.10853934016288,135.96624166875657,137.7415771484375,,33099200.0
2024-02-28,136.76959905068048,136.87869796321857,134.30001978259713,135.26206970214844,,37328600.0
2024-02-29,136.15467711991738,137.72172724425474,135.2818858775754,137.32501220703125,,42133000.0
2024-03-01,137.29524220433814,137.7316378191588,135.79762555684746,136.0158233642578,,31151100.0
2024-03-04,134.54795880340606,134.54795880340606,130.82869865382304,132.25689697265625,,55999400.0
2024-03-05,130.7989410451295,132.1477932825311,129.5988531548389,131.58245849609375,,40194800.0
2024-03-06,132.0287779261609,132.48501385237356,129.77739656818326,130.3228759765625,,35318600.0
2024-03-07,131.70147977631177,133.83386475709858,130.53115980204433,133.27845764160156,,37738200.0
2024-03-08,133.1098428756074,136.95802694070352,132.90155765626992,134.3000030517578,,39370400.0
2024-03-11,135.01411900561908,137.95977451047298,135.01411900561908,136.54148864746094,,32437800.0
2024-03-12,135.90674885782994,138.2374917037032,135.90674885782994,137.3647003173828,,27563400.0
2024-03-13,137.86058646627538,139.9334506450809,137.85067388660744,138.64410400390625,,23347200.0
2024-03-14,140.03263971476812,142.41296038062768,139.30862790840655,141.92698669433594,,42753400.0
2024-03-15,141.33189197321508,142.00631057950346,138.88213796831596,140.022705078125,,49475400.0
2024-03-18,147.39177509473464,150.9027494041595,145.96357702523787,146.46939086914062,,69273700.0
2024-03-19,146.9455101008083,147.5703355892813,144.88255840993227,145.82476806640625,,24070400.0
2024-03-20,146.78679725990156,147.639748173652,145.53713132595888,147.52073669433594,,21311500.0
2024-03-21,148.24475722928597,149.13737364463717,145.6958169152109,146.3900909423828,,24755600.0
2024-03-22,147.89761979182254,150.3374611918101,147.75876801352786,149.5341033935547,,29211800.0
2024-03-25,148.71088930605433,149.14728488623933,146.60827256557076,148.83982849121094,,19229300.0
2024-03-26,148.98859783249566,151.01186861414138,148.75055974430478,149.43490600585938,,22149100.0
2024-03-27,149.94074197303146,150.39697792574609,147.6794327705728,149.63328552246094,,22879200.0
2024-03-28,149.61344863987313,150.1886809085542,148.93901491049212,149.69277954101562,,24485400.0
2024-04-01,149.454737518167,154.4633437185676,149.37539149343056,154.21539306640625,,31730800.0
2024-04-02,152.24173645140743,153.43189683666333,150.90279655942555,153.2930450439453,,24586000.0
2024-04-03,152.3409287729174,153.80879280126453,151.4780499744034,153.6501007080078,,24705000.0
2024-04-04,152.2417216532487,153.5013153792841,149.21672024838048,149.2960662841797,,34724700.0
2024-04-05,148.80016963270904,152.1623804461379,148.3737017021774,151.2499237060547,,23459200.0
2024-04-08,151.52761905486636,153.99721328727458,151.35901440772807,153.58065795898438,,20702000.0
2024-04-09,154.81047040663094,157.2602241375123,153.91785408433802,155.31629943847656,,31079500.0
2024-04-10,154.9295103592396,155.3262253958283,153.41203826670193,154.86007690429688,,22838600.0
2024-04-11,155.6237647430745,158.3710473161656,155.17745655638203,158.103271484375,,27166400.0
2024-04-12,156.66516776322655,158.90663651169768,155.85188225072014,156.43704223632812,,25353700.0
2024-04-15,157.55775590998456,157.93464572706085,153.32275472460026,153.59054565429688,,27136500.0
2024-04-16,152.92609875258395,154.3741225796933,152.17231882761726,153.13436889648438,,20779500.0
2024-04-17,154.3443515291876,155.792390319514,153.3128832450381,154.19558715820312,,21763100.0
2024-04-18,154.0666189232005,155.65350920539765,153.35251980958253,154.7311248779297,,19883000.0
2024-04-19,154.91959354072858,155.07828562000708,151.0515686940003,152.82688903808594,,32615600.0
2024-04-22,153.04507926507185,156.34778422424392,152.7971285786509,154.99893188476562,,26446200.0
2024-04-23,155.67336083793805,157.66687884737183,154.99892712206798,156.9626922607422,,21151600.0
2024-04-24,156.19902087415394,158.2619724145378,155.8816367293061,157.82557678222656,,22779100.0
2024-04-25,150.08951991120836,155.2072260039545,149.63328396324783,154.7212371826172,,57109700.0
2024-04-26,172.94064243070838,173.27786687075127,168.2593321924788,170.5404815673828,,64665300.0
2024-04-29,167.6741590817137,168.16014784427256,163.85572783432124,164.7880096435547,,45610000.0
2024-04-30,164.2524517529447,166.7220460143007,161.26713096501757,161.44564819335938,,33562900.0
2024-05-01,162.95319556004813,165.7500714576766,161.7531075684998,162.5167999267578,,33493200.0
2024-05-02,163.43917993284745,165.36327982367402,162.54656344896563,165.25418090820312,,24294500.0
2024-05-03,166.18644856631778,166.58317870404446,161.71342409111404,165.86907958984375,,34662400.0
2024-05-06,166.08730795373265,166.76172661144676,164.6690220425713,166.72206115722656,,21871300.0
2024-05-07,167.1187793592467,170.35205118536106,167.00968044096345,169.8462371826172,,28039700.0
2024-05-08,167.61467198559197,168.75523914384442,167.35680870759575,167.99156188964844,,19569100.0
2024-05-09,168.00148335133193,169.29083007689735,166.8013952497484,168.5668182373047,,15346700.0
2024-05-10,166.65260426676096,168.45769242107335,164.82769095498062,167.26751708984375,,29799900.0
2024-05-13,162.9135222794407,167.89237656675422,162.65565899989346,167.75352478027344,,31327600.0
2024-05-14,168.37836010153808,169.8462239602229,167.41631020621995,168.9436798095703,,25127100.0
2024-05-15,169.23132245178067,171.23475328070515,169.11229582074708,171.0959014892578,,26948400.0
2024-05-16,171.8694782348091,173.68447893916473,171.27440571230892,172.75218200683594,,27867900.0
2024-05-17,172.75219674772163,174.8250760090424,172.2662230829347,174.61679077148438,,24479300.0
2024-05-20,174.74573004665857,177.30458297385175,174.63663113812171,175.46974182128906,,22554400.0
2024-05-21,175.44989566739218,176.6896490712989,174.36883433127562,176.39212036132812,,16989400.0
2024-05-22,175.19203685040134,175.69785080388766,173.77376618454468,174.93417358398438,,17880000.0
2024-05-23,175.61851492474267,176.7888348703636,171.53227742671908,172.1273651123047,,21024900.0
2024-05-24,173.5456447964723,174.32917746118142,172.22654529374813,173.55557250976562,,16579400.0
2024-05-28,173.01999755281523,175.8168887472588,172.94065151179802,174.95401000976562,,20572200.0
2024-05-29,173.99195085751208,175.39039638067896,173.28777937305267,174.45809936523438,,23388700.0
2024-05-30,173.7638243254379,173.78366461622676,170.38177359705276,170.69915771484375,,22931500.0
2024-05-31,170.4512148865134,171.6413751155462,168.0510541367466,171.08596801757812,,37638900.0
2024-06-03,171.12563247401937,173.09932530985793,169.75695502874458,171.75047302246094,,27459100.0
2024-06-04,171.85958824102724,172.42492310208857,170.480982952228,172.3654022216797,,26879600.0
2024-06-05,173.76382171770578,175.20193253730815,172.50422811140098,173.97210693359375,,22068500.0
2024-06-06,174.4580976777925,175.6978511153371,174.30933331877074,175.2812957763672,,23251000.0
2024-06-07,175.5986726101232,176.41194296176616,172.87121516107322,173.0299072265625,,19661400.0
2024-06-10,173.7349014501534,175.81014466476933,171.54049500356726,173.7746124267578,,23726700.0
2024-06-11,174.97607487552963,175.59169348463175,172.54337230776866,175.3732452392578,,21540600.0
2024-06-12,176.99173266950717,179.1364888587314,174.86683954251944,176.53497314453125,,27864700.0
2024-06-13,174.8668444097431,175.49240210344783,173.64553119205647,173.92355346679688,,20913300.0
2024-06-14,172.99018739624864,175.8101362841722,172.92067425165644,175.5420379638672,,18063600.0
2024-06-17,174.2214273884837,177.10095011007647,173.57600667428076,175.98886108398438,,19618500.0
2024-06-18,175.88956648496008,176.13780173263285,172.8710325397334,173.85403442382812,,21869900.0
2024-06-20,174.1320532342393,176.0384980804116,173.7547459679952,175.0554962158203,,20160100.0
2024-06-21,175.75057482727152,179.57340412547137,175.36332840403423,178.3620147705078,,57759000.0
2024-06-24,178.8882466857276,179.61308934299385,177.4087592034553,177.9548797607422,,18298000.0
2024-06-25,178.35203828221574,182.98907043257412,178.15345313390893,182.7309112548828,,23130200.0
2024-06-26,181.34080929470304,183.20752796508148,181.1918590625856,182.5819854736328,,19839000.0
2024-06-27,182.87989825318604,184.7367085522993,182.7210391800813,184.10122680664065,,18848900.0
2024-06-28,183.0188920765721,183.8231718610113,180.6755507145743,180.86419677734375,,29156600.0
2024-07-01,181.73796841509468,182.58197422520036,180.02018493158573,181.69825744628903,,16006100.0
2024-07-02,180.7649192250836,184.2600759255339,180.27837266146463,183.93240356445312,,17372500.0
2024-07-03,183.545146815405,184.77638393795385,182.7011409192061,184.50830078125,,10242100.0
2024-07-05,184.54803142014995,189.512736865488,184.48845737897847,189.25457763671875,,20967500.0
2024-07-08,188.55950207105113,188.8276004007438,186.4544718628467,187.69564819335935,,21035900.0
2024-07-09,188.96660951335545,190.0092006499995,187.38783687416537,187.64599609375,,15121400.0
2024-07-10,187.8147905079295,190.3964432565855,187.69564243220248,189.83045959472656,,15952500.0
2024-07-11,188.50987272919215,189.51273777959943,183.77353946919203,184.2600860595703,,25625800.0
2024-07-12,183.77355005575473,185.789219380314,183.1877184128902,183.7636260986328,,22898400.0
2024-07-15,183.61466683145176,186.9112385638258,183.61466683145176,185.2133026123047,,16474000.0
2024-07-16,186.03743905754484,187.34811338839907,182.0755987428797,182.62171936035156,,18290700.0
2024-07-17,181.67841945681636,182.2543270659603,178.63008325599765,179.7421875,,20734100.0
2024-07-18,180.64577548557423,181.2117592115202,175.22432531102865,176.4357147216797,,25315700.0
2024-07-19,177.617288261751,179.0173235359133,175.87964153783852,176.40589904785156,,18881900.0
2024-07-22,179.31519524161143,181.41030116706472,178.95773590808608,180.3875732421875,,24100300.0
2024-07-23,180.76490347036915,182.31388893241848,180.25849388780003,180.50672912597656,,36352700.0
2024-07-24,172.37459212943986,174.94630610791995,170.6071580696205,171.41143798828125,,49585200.0
2024-07-25,171.30219882616154,172.19583973492487,166.0098210682456,166.09918212890625,,44852000.0
2024-07-26,165.97008682721892,166.90345381803442,162.90190268589552,165.82115173339844,,41336900.0
2024-07-29,167.63824201341453,169.22693862858085,166.80417515412134,168.3332977294922,,20293800.0
2024-07-30,169.03828621199597,170.0212881339037,167.25098932978506,169.08792114257812,,18959700.0
2024-07-31,172.01709806342805,173.01996298271357,168.80988784082692,170.32908630371094,,25729100.0
2024-08-01,169.0482167160951,172.82139580223534,167.6878923021726,169.5546112060547,,24531400.0
2024-08-02,165.26511803151652,167.3204982165653,163.50760805366414,165.4835662841797,,29130100.0
2024-08-05,154.40235553543832,163.26931311778455,153.83637178282208,158.12588500976562,,53630700.0
2024-08-06,158.2053051541738,159.43655755600886,155.3059189992834,157.17263793945312,,49004600.0
2024-08-07,160.11173013870962,161.82951376084208,157.3513554761563,157.8180389404297,,25138600.0
2024-08-08,159.37697100848436,162.53453159498838,159.0791007984094,160.88624572753906,,25578800.0
2024-08-09,158.88048081312152,162.63379650679866,157.9371899119943,162.5146484375,,28602300.0
2024-08-12,163.1898806325975,163.73598613275442,160.6975887017958,161.1444091796875,,15895300.0
2024-08-13,162.25648447214553,163.56715864917211,161.81958802944447,163.00119018554688,,18551700.0
2024-08-14,161.25363005478357,162.0678490367502,156.59674898008666,159.2379608154297,,40591100.0
2024-08-15,159.36705153563673,160.49900381900557,158.48333453503372,160.16140747070312,,31524300.0
2024-08-16,160.33018953302678,163.89484419906685,159.9925932186499,161.80967712402344,,24208600.0
2024-08-19,164.1132970310061,165.5133475605536,163.1004929084528,165.4934844970703,,22416200.0
2024-08-20,165.72185564699794,167.44957853320707,165.642433695725,165.9998779296875,,18341500.0
2024-08-21,163.98421986679392,165.6722318912375,163.50761237161458,164.67929077148438,,22902000.0
2024-08-22,166.07930514645545,166.406977492495,162.15719125168386,162.64373779296875,,22493300.0
2024-08-23,163.5572714789503,165.0069571091441,162.67355443967108,164.45091247558594,,13955700.0
2024-08-26,165.20553931092914,166.36727853932712,163.29909428347517,164.98709106445312,,14190400.0
2024-08-27,164.66933228950003,165.26510295168842,163.29908400819048,163.51751708984375,,11821900.0
2024-08-28,163.87498286647468,164.4310425767687,160.38976526426643,161.70045471191406,,16407400.0
2024-08-29,163.15014011129165,164.798425876507,159.11880190681103,160.63800048828125,,19699800.0
2024-08-30,161.472070186267,162.50473737235887,160.54864227379994,162.22671508789062,,22123800.0
2024-09-03,160.57839882785174,160.7074859893918,155.375383210797,156.24917602539062,,38945300.0
2024-09-04,155.554151121504,157.87762958096508,154.8590954051368,155.3456268310547,,19353800.0
2024-09-05,155.19668368087028,158.32444181781332,154.87893528354047,156.1300506591797,,18688700.0
2024-09-06,156.1896446256026,156.71590221863735,149.4872919188711,149.85467529296875,,37912100.0
2024-09-09,151.63437166613713,152.51926120186218,146.37475041538113,147.856201171875,,39260500.0
2024-09-10,149.58618882434916,150.40148807942415,147.4883027750186,147.8064727783203,,31118800.0
2024-09-11,149.05925855823048,150.63018908340467,146.673043809541,150.29214477539062,,29607700.0
2024-09-12,152.91697508053775,153.9311230962661,151.77356859256676,153.80186462402344,,29621500.0
2024-09-13,154.53759521680126,157.47067000170316,154.31887229884703,156.5559539794922,,29591200.0
2024-09-16,156.4068176480649,157.3414231577179,155.7009025392383,157.1525115966797,,18379800.0
2024-09-17,158.1069928496196,159.6282071595107,157.47066800869246,158.4052734375,,20715600.0
2024-09-18,158.9421872798641,159.57851220454893,157.68942685128602,158.89247131347656,,23677300.0
2024-09-19,162.77009990036774,162.8496272464335,160.41369644399956,161.2091064453125,,26587700.0
2024-09-20,162.56130770595448,162.7899829734501,161.12957266023724,162.65078735351562,,40896400.0
2024-09-23,163.40640761812853,164.53986181971814,160.74178667068307,160.92076110839844,,24150900.0
2024-09-24,162.09398745781283,162.28289902982328,159.7674258440889,161.3582305908203,,23332100.0
2024-09-25,160.5429462723237,161.87524922923666,160.37392412147798,160.56283569335938,,18869200.0
2024-09-26,162.7004790534292,163.13795527115403,161.34828673099906,161.7957000732422,,20319300.0
2024-09-27,161.87525844392792,164.74866551423864,161.69629915796872,163.0087127685547,,21101300.0
2024-09-30,162.38232355982177,165.19606207708327,162.32265529939457,164.89779663085938,,20413900.0
2024-10-01,166.72722798963838,168.18878935347016,163.63508311957565,166.03125,,28338100.0
2024-10-02,165.4645431053493,166.5582338236158,163.7842433523693,164.9077606201172,,17760200.0
2024-10-03,163.46608843417303,165.6832812490026,162.97889617400253,164.9077606201172,,15073100.0
2024-10-04,167.09510397311843,167.26412612073125,164.5299148711692,166.10084533691406,,19047400.0
2024-10-07,166.75705707061962,167.51268816069472,161.81559051224986,162.0442657470703,,22463100.0
2024-10-08,162.99875730912473,163.78421492779364,161.93489332497202,163.4362335205078,,23072700.0
2024-10-09,162.5115774919813,163.89359644421285,158.8228863013817,160.9307098388672,,31181800.0
2024-10-10,159.94640007740227,162.13378146188393,159.47909725173434,161.1494598388672,,14144100.0
2024-10-11,161.19915249290503,162.9589793006072,160.3142629412503,162.3027801513672,,15344300.0
2024-10-14,162.7004954092269,165.27562183830673,162.4618678561569,164.01292419433594,,19016100.0
2024-10-15,164.83813228183462,166.7172804935471,163.68480379630955,164.51004028320312,,20247200.0
2024-10-16,163.58538887396847,164.84810171857748,162.79993114663196,164.21177673339844,,16406000.0
2024-10-17,164.77847983302945,165.4148047545223,161.82553046438127,161.9945526123047,,21453400.0
2024-10-18,162.25306000415483,163.7643372928155,162.1436909535705,162.4817352294922,,19757700.0
2024-10-21,162.01445640921125,163.5555604691452,161.6863492090046,163.12803649902344,,20946500.0
2024-10-22,162.0442467450133,164.81823646722327,162.0442467450133,164.1918487548828,,16568100.0
2024-10-23,163.81404098216163,164.867967838788,161.0002873320743,161.8454132080078,,18280500.0
2024-10-24,161.89513565846306,162.39226497688696,160.0855776572324,161.7857666015625,,22412500.0
2024-10-25,162.7303165163636,164.63929136354844,162.48175184608664,164.32113647460938,,19828900.0
2024-10-28,167.78114595500233,167.78114595500233,163.00870143582344,165.76280212402344,,32138600.0
2024-10-29,166.76700909757434,169.4018037804766,166.1306841303376,168.705810546875,,42169000.0
2024-10-30,179.6426331826948,180.9749512117023,173.06064622942904,173.45835876464844,,68890800.0
2024-10-31,172.1360161042455,175.8048331883122,170.01824018748218,170.1276092529297,,44769000.0
2024-11-01,169.09355238654865,171.33063403813247,167.91038233009985,170.30653381347656,,31796500.0
2024-11-04,168.95436679599575,169.7497767581588,167.04539198951443,168.26834106445312,,21492700.0
2024-11-05,168.45722424913848,169.55091475770118,167.87061532690117,168.7654571533203,,18242100.0
2024-11-06,172.80213466578215,175.92410582719182,172.50385407406915,175.49656677246094,,33695500.0
2024-11-07,176.39142952870222,180.0403569286527,176.1726914135067,179.71224975585938,,25352900.0
2024-11-08,179.61283273694843,179.8613974183841,177.0575957008054,177.3260498046875,,22006200.0
2024-11-11,177.5547178158643,179.5134086393181,177.44534875364968,179.31455993652344,,17450400.0
2024-11-12,178.78758666786376,181.44225527864103,178.3600475857902,180.5772399902344,,25134900.0
2024-11-13,179.42392735486908,179.92105669289288,177.5149373462163,177.85299682617188,,23184000.0
2024-11-14,177.25644065886237,177.79334885525918,173.3191846841435,174.5719451904297,,31007500.0
2024-11-15,172.73255057874763,173.1402002652983,170.236966835199,171.4996795654297,,32504600.0
2024-11-18,172.424337422112,174.4327441914951,171.90731866370794,174.29354858398438,,20135300.0
2024-11-19,172.72260407260163,177.8430297605378,172.56351905656155,177.0973358154297,,23434900.0
2024-11-20,176.32181201959514,176.65985629395433,172.7822539205829,174.96961975097656,,18997100.0
2024-11-21,172.90156244724747,173.13025284582125,162.7601278802168,166.66757202148438,,59734400.0
2024-11-22,164.89779453956643,165.5042928911672,162.9589781366054,163.8140411376953,,38604600.0
2024-11-25,165.13641317917185,167.6618386099698,164.65917328191838,166.6874542236328,,33135300.0
2024-11-26,166.66756653684672,168.84499520108912,166.61785057482837,168.1490020751953,,20486700.0
2024-11-27,168.02970184723952,168.50694172289835,167.0553326761747,168.2583770751953,,19266500.0
2024-11-29,167.53256715154302,168.45722032902532,166.20026432388437,167.97998046875,,14257200.0
2024-12-02,167.80101718271035,171.0920105058346,167.60216850996696,170.50540161132812,,23789100.0
2024-12-03,170.50541009739786,171.68856506902026,169.86908521024029,170.35626220703125,,22248700.0
2024-12-04,170.1673670613907,173.9057894087997,170.0778874212496,173.36888122558594,,31615100.0
2024-12-05,174.35318831054713,175.0491662947447,171.34058597302015,171.6488037109375,,21356200.0
2024-12-06,171.0422885111434,174.0747799698448,170.8732663867149,173.7069091796875,,21462400.0
2024-12-09,173.15945800345577,175.44886145410123,172.8508718378986,174.56295776367188,,25389600.0
2024-12-10,182.00855531536865,185.502397306232,180.21683563214248,184.31787109375,,54813000.0
2024-12-11,184.4572297159907,194.7098337526011,183.9993550701832,194.50079345703125,,67894100.0
2024-12-12,194.10263323797517,194.2817976089121,190.8277801088796,191.07662963867188,,34817500.0
2024-12-13,190.1309984875668,191.84308455058388,188.76730785856873,188.9464874267578,,25143500.0
2024-12-16,191.98243736831273,198.08423292115103,191.73358782946704,195.7550048828125,,44934900.0
2024-12-17,196.3422712265007,200.4930793963414,194.082713332717,194.52069091796875,,43504000.0
2024-12-18,194.32161160052223,196.093418942378,186.87603832190536,187.53298950195312,,34166100.0
2024-12-19,190.748138909751,192.1416901461699,187.513095150107,187.6424865722656,,32265200.0
2024-12-20,184.92506321844033,192.00234452424112,184.36764269628745,190.52915954589844,,63462900.0
2024-12-23,191.73356940291157,194.20216752678672,189.27493498031785,193.7343292236328,,25675000.0
2024-12-24,193.9433748674021,195.20753479003903,192.8882552424337,195.20753479003903,,10403300.0
2024-12-26,194.25194880473947,195.84459196860377,193.48550314170072,194.69989013671875,,12046600.0
2024-12-27,194.05284898883724,194.42115659969988,189.77263428806023,191.8729248046875,,18891400.0
2024-12-30,188.9265638700057,191.66390866604783,188.24968525874627,190.3599395751953,,14264700.0
2024-12-31,190.2006709297877,191.07662611886295,187.6424905201336,188.42886352539065,,17466900.0
2025-01-02,189.77266033181004,191.1164539742449,186.63716208422355,188.5582733154297,,20370800.0
2025-01-03,190.48934425629204,192.32088844513345,189.10574139792004,190.90740966796875,,18596200.0
2025-01-06,193.08731986382296,197.30781329054136,192.9579284385956,195.96401977539065,,29563600.0
2025-01-07,196.2029178508013,200.07501580789895,193.70447411630903,194.5903778076172,,26487200.0
2025-01-08,191.68381035591295,195.38667713957392,191.49468229567276,193.0574493408203,,24864800.0
2025-01-10,193.40585949210492,195.61564455345277,189.4342154897214,191.15625,,26665200.0
2025-01-13,189.19532001022137,190.3001972959748,186.49778453538255,190.1309814453125,,21823700.0
2025-01-14,190.35994708125563,191.09653198927745,187.4434226127788,188.78721618652344,,17174900.0
2025-01-15,192.20144484257764,195.4564013795728,190.97710924535943,194.6501312255859,,21776000.0
2025-01-16,193.2465827004133,194.5804124827484,191.92270143099617,192.02224731445312,,17815400.0
2025-01-17,195.6255822249555,196.32235783888785,192.85837679493184,195.0980224609375,,27735100.0
2025-01-21,198.15390588987137,201.3590737795005,196.9594160260543,197.1385955810547,,29971300.0
2025-01-22,198.14394994474472,199.5574134711185,196.62099201618707,197.4571228027344,,26200600.0
2025-01-23,197.2282065725661,199.37827041520416,194.30173331818185,197.0689392089844,,26951400.0
2025-01-24,197.18837511510904,199.9754777209976,197.0888292269401,199.2886657714844,,23877500.0
2025-01-27,191.5245520643281,195.97398278636885,189.85227535828872,190.92730712890625,,41728900.0
2025-01-28,191.86297701391987,194.58040947836048,189.80249572901596,194.4012451171875,,24157900.0
2025-01-29,194.66006109436609,195.8843965743091,192.5398581602494,194.51075744628903,,18218300.0
2025-01-30,197.0888449414686,200.4731927690754,196.76036171060423,199.9456329345703,,24354700.0
2025-01-31,201.0704225036096,204.5344037474068,200.87134591508243,203.0811309814453,,32001100.0
2025-02-03,199.7664315701441,202.81234708889096,199.17915038211245,200.3039398193359,,27838300.0
2025-02-04,202.4540365472158,206.09719755510824,201.8767037764101,205.43028259277344,,43856400.0
2025-02-05,190.1907106446792,191.86297206005932,187.16469209984552,190.4495086669922,,70373900.0
2025-02-06,188.62796513064183,191.21600661155688,187.8515557240817,190.7183074951172,,29297400.0
2025-02-07,190.1708212328695,190.3002126652559,182.39676404459453,184.48709106445312,,49315000.0
2025-02-10,186.4878632560443,187.3339426329122,185.0047144350808,185.6119079589844,,23105600.0
2025-02-11,184.17851963260873,186.0797337562697,183.4319710154344,184.4671936035156,,21239500.0
2025-02-12,182.37685574217417,184.25815769470228,180.9932528796119,182.7650604248047,,22072600.0
2025-02-13,183.47178484763324,185.42275661553663,182.2972071930807,185.2834014892578,,21402500.0
2025-02-14,184.208378132258,185.54220800020585,183.4717932262479,184.37759399414065,,20448400.0
2025-02-18,184.74589678490392,185.10424071494356,180.90365944170068,182.92431640625,,29916700.0
2025-02-19,183.22294469175932,184.60654751219352,182.7451426441692,184.41741943359375,,19549400.0
2025-02-20,183.9495638431953,184.45721138402692,181.87913406344907,183.71066284179688,,20441500.0
2025-02-21,184.29796286054517,184.48709094071828,178.255903940123,178.83323669433594,,35199200.0
2025-02-24,181.15252162389993,182.2773112476267,178.06678116700198,178.4251251220703,,29854200.0
2025-02-25,177.2206855678133,177.91747644578498,173.8861107726199,174.6127471923828,,41913400.0
2025-02-26,174.2643473971189,175.26969397988614,170.79040266509935,171.9351043701172,,35431300.0
2025-02-27,173.18931986196714,173.75668887755327,167.1671583548918,167.72457885742188,,39991000.0
2025-02-28,167.90374066525882,169.82486685567105,166.00254187779413,169.4963836669922,,48130600.0
2025-03-03,171.13879690224084,172.57217267061702,165.1664079930538,166.24143981933594,,40770500.0
2025-03-04,165.4749823837437,172.49252670098738,165.03700479811678,170.13343811035156,,45388000.0
2025-03-05,169.73529012314535,172.98028249678805,168.2820021982634,172.22378540039062,,30954900.0
2025-03-06,169.7452527625135,174.00555581661283,169.71539203178713,171.556884765625,,28302000.0
2025-03-07,170.4718800246714,174.1648138078256,169.48644558654738,173.05992126464844,,27385800.0
2025-03-10,167.6785699397653,167.87789100205225,163.12436954047675,165.2968292236328,,43604000.0
2025-03-11,164.34014854098334,166.17378667553444,160.81237268027317,163.47314453125,,39587400.0
2025-03-12,166.0043948548276,167.06072965689114,162.96493090148982,166.53256225585938,,28372400.0
2025-03-13,165.4662354123983,165.55593597038603,161.54982298434425,162.19757080078125,,31756200.0
2025-03-14,162.70583694230132,165.91471168879448,161.88866309227078,164.9181671142578,,31995900.0
2025-03-17,164.4597537744784,165.72536967150563,163.10445251309577,163.72230529785156,,31184300.0
2025-03-18,163.11441622190455,163.6824539546305,156.1784741770312,160.1148223876953,,42074800.0
2025-03-19,161.20102488744715,165.29682318848322,160.44365657902026,163.32366943359375,,34275600.0
2025-03-20,161.0117117252994,164.32023175461748,160.4038189359583,162.23745727539062,,28138500.0
2025-03-21,160.65294731947398,163.67247597151626,160.33404577702316,163.42333984375,,36625800.0
2025-03-24,166.49272355185173,167.73840437615397,164.5693844519754,167.10060119628906,,30879100.0
2025-03-25,168.3960847024039,170.04039224469534,167.7383768915496,169.9706268310547,,24174400.0
2025-03-26,168.41602720143118,169.0239199788623,164.27039826701778,164.48963928222656,,28901600.0
2025-03-27,164.06113851285755,164.84840203770966,161.44022141043914,161.6793975830078,,24508300.0
2025-03-28,159.9354404969839,161.26084657481337,153.0991442674789,153.79672241210938,,48669300.0
2025-03-31,152.58093987828155,155.00253588696825,150.13940872047658,154.10565185546875,,54603500.0
2025-04-01,153.0891615011919,157.55369181763876,153.0891615011919,156.52725219726562,,30672900.0
2025-04-02,154.61387643325034,157.86262130532444,154.1654344397735,156.49734497070312,,25041700.0
2025-04-03,150.5878246808448,152.2520520017812,149.87031149736717,150.1991729736328,,46883400.0
2025-04-04,147.49855413182192,150.54799324363788,144.8776522919314,145.09689331054688,,62259500.0
2025-04-07,141.06087632952463,152.3218321659185,140.04439668677543,146.24290466308594,,76794100.0
2025-04-08,150.69745588802078,151.7139355045659,142.5357542501846,144.19998168945312,,52200200.0
2025-04-09,143.9209605893895,158.99868434001036,143.41272834835817,158.16159057617188,,70406200.0
2025-04-10,155.99906254121734,157.17499290712513,149.41190307502956,152.29193115234375,,48022000.0
2025-04-11,152.37164602184413,157.1251674838408,152.29193584419684,156.5970001220703,,33636200.0
2025-04-14,159.44710369836886,161.16116127961118,157.015532933999,158.52032470703125,,30333000.0
2025-04-15,158.58016077482426,159.09835306326136,154.67370742979892,155.7698974609375,,27551500.0
2025-04-16,152.57096991980188,155.35132240030543,150.98645259897873,152.8001708984375,,28187400.0
2025-04-17,153.75685420118594,154.14550597318726,147.98686786207978,150.63768005371094,,33046600.0
2025-04-21,148.3655699603778,148.43532017759705,145.59517709463205,147.1597442626953,,26049100.0
2025-04-22,148.3755226432022,151.6641228147109,148.02672595604838,150.9466094970703,,26971800.0
2025-04-23,155.07229801307963,156.98566172409713,153.27851478210604,154.81320190429688,,31128800.0
2025-04-24,155.6104249592094,159.03854063446718,155.2516683139833,158.7296142578125,,45894000.0
2025-04-25,164.49961422965615,165.52605388757996,160.4835257508864,161.40036010742188,,56034000.0
2025-04-28,161.86871096281394,162.58622419769722,158.05195902405725,160.0550079345703,,29745800.0
2025-04-29,159.76601814888411,160.18456500527563,156.97569056687874,159.6065673828125,,26809000.0
2025-04-30,157.43410788690483,158.71965890557,154.86302105563792,158.25128173828125,,34981100.0
2025-05-01,159.8955762805081,161.39039316416392,158.3609043039561,160.74264526367188,,30203200.0
2025-05-02,162.84534306658284,164.39995007912242,161.3106559960053,163.46319580078125,,25715000.0
2025-05-05,162.436752596043,164.81849332954616,162.15772135408076,163.642578125,,21341800.0
2025-05-06,161.6096198520829,164.23053675483612,160.63301049910467,162.66595458984375,,21277200.0
2025-05-07,163.5130310359637,164.42985019413678,147.32914212449143,150.85691833496094,,127490100.0
2025-05-08,154.46440047734652,155.39117958130052,152.37165090458322,153.74688720703125,,57498700.0
2025-05-09,153.6372746936992,154.5142387821615,151.67408067225014,152.22218322753906,,32435300.0
2025-05-12,156.94582603657074,158.5502635684621,155.71010516777588,157.9124755859375,,44138800.0
2025-05-13,158.24129609505388,160.01515931291138,155.62039437316713,158.97874450683594,,42382100.0
2025-05-14,159.4072742222668,166.4229412214118,159.0584775444673,164.79856872558594,,48755900.0
2025-05-15,165.26694125278715,165.6356730691148,161.80893051621783,163.39344787597656,,33146700.0
2025-05-16,167.15039440077075,168.76480673115492,165.04768502743335,165.61572265625,,42846900.0
2025-05-19,163.94152401470697,166.06416858529283,163.65253281131433,165.96450805664062,,30426100.0
2025-05-20,165.8548915457752,167.91774593119885,162.337090725838,163.41336059570312,,46607700.0
2025-05-21,163.1243721968136,172.54171471286378,162.9948165454298,167.9775390625,,73416000.0
2025-05-22,171.25618084668935,176.15917803179707,170.12012070875053,170.27955627441406,,74864400.0
2025-05-23,168.47580548761593,169.3727046333075,167.30985028367255,167.88784790039062,,35211400.0
2025-05-27,169.5720138436325,172.5716072803838,169.41256307598843,172.3025360107422,,37995700.0
2025-05-28,172.56165823831284,174.66436785084326,171.31597754856884,171.76441955566406,,34784000.0
2025-05-29,173.39874848808273,173.81729536660228,170.04039828273065,171.26614379882812,,29317300.0
2025-05-30,170.7579241400477,171.61495310854446,166.86143108525064,171.14657592773438,,52639900.0
2025-06-02,167.2600475640349,169.28303195267003,166.8116055203689,168.44593811035156,,38612300.0
2025-06-03,166.91124474262,167.89781407143477,164.70887469424017,165.6057586669922,,45084900.0
2025-06-04,166.1638436483944,167.63872532387313,165.78515185366567,167.4693145751953,,26900800.0
2025-06-05,169.75139851627495,170.33935616350743,167.01090094696792,167.62876892089844,,36379100.0
2025-06-06,170.239706414102,173.897023068816,170.239706414102,173.07984924316406,,35731800.0
2025-06-09,174.14743750903665,176.07310468622353,173.97782168090652,175.69395446777344,,28935900.0
2025-06-10,175.80372221831115,180.70268325607967,174.5166301339373,178.19833374023438,,61766100.0
2025-06-11,179.3656814209572,179.96432281914957,176.3524694759701,176.9511260986328,,31646800.0
2025-06-12,175.78375628436552,176.32255032681226,174.3569797237004,175.30484008789062,,20941900.0
2025-06-13,172.05218023736916,176.73163473712606,172.00228964381978,174.27716064453125,,27663100.0
2025-06-16,174.33701609632743,176.5420523549515,174.25719419482596,176.3724365234375,,27389200.0
2025-06-17,175.304837776751,176.96110799729416,174.1873615915514,175.5542755126953,,24973000.0
2025-06-18,175.6141436330853,176.16290971424257,172.81046582918458,172.93020629882812,,28707500.0
2025-06-20,173.55876981570484,173.94789206625825,165.08787423262584,166.2652130126953,,75659900.0
2025-06-23,165.89603893694584,166.96362443515676,161.63563852290417,164.81846618652344,,57671000.0
2025-06-24,166.5445998017471,167.84167918331357,165.75638318822968,166.3949432373047,,40524300.0
2025-06-25,167.25299905707695,171.97235685648238,167.17317715297744,170.29612731933594,,35479000.0
2025-06-26,172.0421997468365,173.29937576602373,169.5578094698184,173.1497039794922,,31796700.0
2025-06-27,173.14969619543672,178.27813555923768,171.3437693802371,178.12847900390625,,108140200.0
2025-06-30,180.3734186271616,180.82240351749417,174.1873656755976,175.83364868164062,,63378900.0
2025-07-01,175.3447530851258,175.6939567742825,173.139716841545,175.44451904296875,,35904500.0
2025-07-02,175.1452013282233,178.45774190844105,174.67627237146584,178.2382354736328,,29128900.0
2025-07-03,178.098553649012,179.26592049305205,176.65181774269593,179.12623596191406,,21689700.0
2025-07-07,178.65727862884938,178.89674433224096,175.28487562232132,176.3923797607422,,34175600.0
2025-07-08,177.4500058972594,177.54977185383785,172.42133277200756,173.9678497314453,,40442500.0
2025-07-09,174.85586430994886,179.03644347316074,172.3814460707259,176.2227783203125,,43025600.0
2025-07-10,175.2350053597822,178.02869585837095,173.98781666417247,177.22052001953125,,29252400.0
2025-07-11,176.39238193299045,181.0219456842772,176.08308157759498,179.7847442626953,,34282900.0
2025-07-14,180.60289104600895,183.2569121837853,179.27588047712075,181.1516571044922,,32536600.0
2025-07-15,182.3988435351607,183.80567598843865,181.1915734457722,181.59066772460935,,33448300.0
2025-07-16,182.82788394956327,183.91542879782375,181.620598638336,182.55848693847656,,33104200.0
2025-07-17,181.7303505085708,183.64603043273615,180.07408034072432,183.1671142578125,,31992600.0
2025-07-18,184.98301522964096,186.00072543502688,183.2968289565469,184.6437835693359,,34014500.0
2025-07-21,185.83110772544197,189.86201471908177,185.73132654425748,189.6724548339844,,45803100.0
2025-07-22,191.0693117786785,191.21896833519165,187.03840453704987,190.90966796875,,44660200.0
2025-07-23,191.06931784155387,192.09700016081177,188.7545281975545,189.8021697998047,,58681900.0
2025-07-24,196.5868474168703,197.5047763656739,190.57041105035847,191.73777770996097,,74881700.0
2025-07-25,191.54821586623893,193.8929365997576,190.82983399147875,192.7455139160156,,39785900.0
2025-07-28,193.2144667106556,193.61357622809177,190.41078895772904,192.1468811035156,,38139500.0
2025-07-29,191.99721287217557,195.47936925683575,191.64800916549825,195.30975341796875,,41389200.0
2025-07-30,195.1600963397073,197.155598285003,194.2521393007246,196.08799743652344,,32445400.0
2025-07-31,195.26984291287636,195.54921195775628,190.66022322341527,191.46839904785156,,51329200.0
2025-08-01,188.6048696894468,190.40082452841267,187.39759950913643,188.70465087890625,,34832200.0
2025-08-04,189.86201672672937,194.830827292421,189.69240089649873,194.6013336181641,,31547400.0
2025-08-05,194.27208103659055,197.41499022677857,193.45391800516853,194.2321624755859,,31602300.0
2025-08-06,194.0625664055758,196.18778087351924,193.23443126184415,195.64898681640625,,21562900.0
2025-08-07,196.6167969951023,197.09571318148863,193.8929412029117,196.07801818847656,,26321800.0
2025-08-08,196.77642933858343,202.15430596097147,196.72653874979915,200.96697998046875,,39161800.0
2025-08-11,200.48808049350347,201.02685931355308,198.62229106869012,200.5479431152344,,25832400.0
2025-08-12,200.91710457512625,204.04006993048975,200.1388600495838,202.88267517089844,,30397900.0
2025-08-13,203.6709007567403,204.06999503609887,197.0657792947183,201.5057830810547,,28342900.0
2025-08-14,201.04680257921203,203.9801926061093,200.777405578413,202.4835662841797,,25230400.0
2025-08-15,203.39153088363753,205.97570210941169,200.8273037146201,203.44140625,,34931400.0
2025-08-18,203.7407352225592,204.80833601681928,202.0345896716843,203.0423126220703,,18526600.0
2025-08-19,202.57337657986537,202.98245812812408,199.51028904350812,201.11666870117188,,24240200.0
2025-08-20,200.27853657760335,200.82730262485015,196.1578356580316,198.87171936035156,,28955500.0
2025-08-21,199.30075073242188,202.02460654215824,198.9814631231269,199.30075073242188,,19774600.0
2025-08-22,202.27403645691825,208.07096677186303,200.84725997228375,205.62648010253903,,42827000.0
2025-08-25,205.96572314134983,210.04653613391585,204.81831562838465,208.02110290527344,,29928900.0
2025-08-26,207.0432962842493,207.38254318133843,205.23736948208096,206.67413330078125,,28464100.0
2025-08-27,205.2373711930947,208.4401585010209,205.1874805997711,207.01336669921875,,23022900.0
2025-08-28,206.7838755896793,211.74269881815903,206.43465668224863,211.16400146484375,,32339300.0
2025-08-29,210.0365409975429,214.167229203444,209.72724064780297,212.43115234375,,39728400.0
2025-09-02,207.9712205067108,211.20392399730977,205.73625278986853,210.8746795654297,,47523000.0
2025-09-03,225.7012467158241,230.78976737242823,224.28442698424496,230.1412353515625,,103336100.0
2025-09-04,229.13349303754427,231.84737676203943,225.60146147412655,231.7775421142578,,51684200.0
2025-09-05,231.677760445174,235.2297512824053,231.37843212445287,234.47146606445312,,46588900.0
2025-09-08,235.15054099905157,237.8069358559837,233.3529799966882,233.72247314453125,,32474700.0
2025-09-09,233.8523019486149,240.1437578458556,232.91357479962468,239.30490112304688,,38061000.0
2025-09-10,238.5758820575914,241.33214736167037,237.5273187664355,238.84552001953125,,35141100.0
2025-09-11,239.55457404217233,241.9213539288796,235.9294937696504,240.0438995361328,,30599300.0
2025-09-12,240.04388783032,241.75157459718335,237.67710805902945,240.4733123779297,,26771600.0
2025-09-15,244.32807821701437,252.06756394348793,244.32807821701437,251.2686462402344,,58383800.0
2025-09-16,251.73800966841424,252.696698721273,249.13154999644232,250.8192596435547,,34109700.0
2025-09-17,250.879176939906,251.2586662790108,245.94587648389523,249.19146728515625,,34108000.0
2025-09-18,251.338548569648,253.64542748570952,249.46110945180465,251.6880798339844,,31239500.0
2025-09-19,252.90642848071656,255.6526976942288,251.4683796180924,254.3744354248047,,55571400.0
2025-09-22,254.08482475081848,255.4329993925613,249.96043800377367,252.1874084472656,,32290500.0
2025-09-23,252.69670571321296,254.01492224497756,250.1401811840686,251.3185882568359,,26628000.0
2025-09-24,251.31859024650916,252.00765659919705,246.1056707170572,246.80471801757812,,28201000.0
2025-09-25,244.0684141454478,246.15559020390248,240.413391282528,245.45652770996097,,31020400.0
2025-09-26,246.73481561544992,249.08161830530747,245.63630185383963,246.2055206298828,,18503200.0
2025-09-29,247.51375020937843,250.809260938322,242.4406403715287,243.71890258789065,,32505800.0
2025-09-30,242.48058753408856,242.9599320717839,238.92541967317948,242.77020263671875,,34724300.0
2025-10-01,240.42338523813993,245.96585884887975,238.2862890899911,244.5677490234375,,31658200.0
2025-10-02,244.8174135056227,246.4751651396655,241.9712890736748,245.356689453125,,25483300.0
2025-10-03,244.15830178707057,245.96584369150784,241.33213946713911,245.0171356201172,,30249600.0
2025-10-06,244.44791178946252,250.97904766602093,244.24818617214953,250.0902404785156,,28894700.0
2025-10-07,247.93317917084852,250.1002333278666,245.18691006468788,245.42657470703125,,23181300.0
2025-10-08,244.62768203424935,245.67624536262252,243.48922922331397,244.2881317138672,,21307100.0
2025-10-09,244.13833003954065,244.42792989328805,238.82554034163272,241.2023162841797,,27892100.0
2025-10-10,241.10244578834048,243.75884063652228,235.52003337107624,236.24905395507812,,33180300.0
2025-10-13,239.8841293059291,244.16830263513637,239.38480762364867,243.8187713623047,,24995000.0
2025-10-14,240.9027282868883,246.7847369413055,240.18370386409975,245.11700439453125,,22111600.0
2025-10-15,246.91456723829836,251.76797450819856,245.6562821083569,250.68943786621097,,27007700.0
2025-10-16,251.42842769264908,256.6113736152233,249.76069521164575,251.1188507080078,,27997200.0
2025-10-17,250.41979725844868,253.8751099031292,247.4738024671156,252.95635986328125,,29671600.0
2025-10-20,254.3444728441902,256.98087539491434,253.88509020638816,256.2019348144531,,22350200.0
2025-10-21,254.39440086428343,254.53421031738455,243.81875668908756,250.1202087402344,,47312100.0
2025-10-22,254.02489806023604,256.01218852739623,248.9517881335524,251.3485412597656,,35029400.0
2025-10-23,252.6367781341903,254.6939808970836,251.50832156545113,252.7366485595703,,19901400.0
2025-10-24,256.23191746004557,261.32500504033385,254.97364746401067,259.5674133300781,,28655100.0
2025-10-27,264.4607188078389,269.7735083332291,263.92144290721717,268.9046630859375,,35235200.0
2025-10-28,269.3241367489819,270.3627344019799,266.1384619149823,267.1071472167969,,29738600.0
2025-10-29,267.38675485794886,274.96645416764926,267.3068768000952,274.197509765625,,43580300.0
2025-10-30,291.1944142933695,291.1944142933695,279.6800575475708,281.09814453125,,74876000.0
2025-10-31,282.8257813584811,285.6120049046921,276.6541726227251,280.80853271484375,,39267900.0
2025-11-03,281.797163766903,285.14262497278366,279.42038779718166,283.3350830078125,,29786000.0
2025-11-04,276.3745458896769,280.88840284028174,275.88522040271835,277.1634826660156,,30078400.0
2025-11-05,278.4916636746374,286.03143918614273,276.96374058170124,283.9242858886719,,31010300.0
2025-11-06,284.9429082592804,287.9588308357049,280.7586204462715,284.36370849609375,,37173600.0
2025-11-07,282.82575309004056,283.39498707048995,274.816645004158,278.4516906738281,,34479600.0
2025-11-10,284.03413439651047,290.40545290698407,282.47622284552773,289.7064208984375,,29557300.0
2025-11-11,287.3595968518003,291.5239526379353,286.9301875660949,290.9147644042969,,19842100.0
2025-11-12,291.2842728658537,291.613842224268,283.30512258449664,286.3210144042969,,24829900.0
2025-11-13,281.9569519907634,282.45627365196606,276.8638649512614,278.19207763671875,,29494000.0
2025-11-14,271.04178706348836,278.1820807042813,270.3327588398133,276.0350036621094,,31647200.0
2025-11-17,285.392279437324,293.55120856159544,283.1852862901624,284.63330078125,,52670200.0
2025-11-18,287.52939388700526,288.4081743957296,277.8225797399186,283.8943176269531,,49158700.0
2025-11-19,286.77042153983126,303.39782684502376,286.2411417953812,292.4127502441406,,68198900.0
2025-11-20,304.1268355762142,306.0042898345543,288.2783714658303,289.05731201171875,,62025200.0
2025-11-21,296.0178540164301,303.50767860502685,293.4513334764558,299.2534484863281,,74137700.0
2025-11-24,310.70789188393536,319.0465694557707,309.17996886834777,318.14776611328125,,85165100.0
2025-11-25,325.767421144808,328.3838617048627,317.2190369667809,323.0011901855469,,88632100.0
2025-11-26,320.2449508538883,324.0597758686898,316.36024396458464,319.5159606933594,,51373400.0
2025-11-28,322.9312800436979,326.40656970987055,316.3602205188893,319.74560546875,,26018600.0
2025-12-01,317.26898426885936,319.41606123931075,313.46415578589995,314.4627990722656,,41183000.0
2025-12-02,316.3102616947243,317.948051296999,313.4841146313127,315.38153076171875,,35854700.0
2025-12-03,315.4614642178001,321.14371687287894,313.67388407801036,319.1963806152344,,41838300.0
2025-12-04,321.7928484740126,321.92264650582644,314.27306548179905,317.1890869140625,,31240900.0
2025-12-05,319.05652267664885,322.72155681925386,318.73697999805336,320.8341064453125,,28851700.0
2025-12-08,319.82486263347363,320.21460294317257,311.0010871288888,313.49932861328125,,33909400.0
2025-12-09,312.15025542764414,317.7662971049956,311.6805848338384,316.85693359375,,30194000.0
2025-12-10,315.6078174223929,321.0839735202244,314.45863248382005,319.9847412109375,,33428900.0
2025-12-11,319.85481737290655,320.8940942947929,308.3829128168011,312.210205078125,,42353700.0
2025-12-12,313.47935032153816,314.6485102459599,305.34506149685063,309.07244873046875,,35940200.0
2025-12-15,311.1009991314403,311.2009348824072,304.66552711937686,308.003173828125,,29151900.0
2025-12-16,304.7354841263937,310.5513666605185,302.37712849550337,306.3543395996094,,30585000.0
2025-12-17,307.7933270972379,307.87325739956634,295.9116769824828,296.5112609863281,,43930400.0
2025-12-18,301.50775321966603,303.7461677101471,299.0195145942255,302.2472229003906,,33518000.0
2025-12-19,301.5177661333593,307.03387224107576,300.7582909786616,306.9439392089844,,59943200.0
2025-12-22,309.66200850448513,309.9118326328777,305.0852133945127,309.56207275390625,,26429900.0
2025-12-23,309.41219480947996,314.7184570357758,309.1024153195162,314.1288757324219,,25478700.0
2025-12-24,314.5485634057752,314.8583428959372,311.70059264113144,313.8690490722656,,10097400.0
2025-12-26,314.25877806497726,314.86833429915043,312.0603135401851,313.2894592285156,,10899000.0
2025-12-29,311.15095467052413,313.79908436732376,310.4014822754237,313.33941650390625,,19621800.0
2025-12-30,312.28018544302313,316.72706748217655,312.24020504037514,313.6292419433594,,17380900.0
2025-12-31,312.62992729269524,314.3586907819443,311.22091551782626,312.7798156738281,,16377700.0
2026-01-02,316.67708324131615,322.2731502440002,310.11169732658084,314.9283142089844,,32009400.0
2026-01-05,317.4365596004392,318.79558832967825,314.4086921415047,316.3173522949219,,30195600.0
2026-01-06,316.17741436833177,320.71422913013345,311.5606693028291,314.1188659667969,,31212100.0
2026-01-07,314.13884430323384,325.9205589972494,313.96898096999803,321.7535095214844,,35104400.0
2026-01-08,328.7385750407063,330.0876314322289,321.2738288701313,325.2110595703125,,31896100.0
2026-01-09,326.8598973489763,330.5972566011106,325.5707962902668,328.3388671875,,26214200.0
2026-01-12,325.57079145505844,333.80501545240315,324.77136644379436,331.62652587890625,,33923900.0
2026-01-13,334.7144015630273,340.25048265726696,333.38532003422745,335.7336730957031,,33517600.0
2026-01-14,334.8243096530742,336.2832741209541,330.2475447349911,335.603759765625,,28525600.0
2026-01-15,337.4124676651339,337.4524480652932,330.507324974913,332.5458984375,,28442400.0
2026-01-16,334.1747541117482,334.4145755186536,327.46948297740045,329.7678527832031,,40341600.0
2026-01-20,320.6442885211675,327.49947891315526,320.20459558658575,321.77349853515625,,35361000.0
2026-01-21,320.6942733516965,332.24613943011235,319.12537039479025,328.1490173339844,,35386600.0
2026-01-22,334.2147483456718,334.9142376434696,328.5187457270175,330.3074951171875,,26253600.0
2026-01-23,332.25610013077164,333.45526818914374,327.21966747627397,327.6993103027344,,27280000.0
2026-01-26,327.5793954045391,335.60374537803585,326.7699676491338,333.02557373046875,,26042100.0
2026-01-27,335.1340666902067,337.6722883721735,333.2454121385867,334.31463623046875,,21636200.0
2026-01-28,335.82360375323316,337.30257365930305,331.7065067534381,335.7736511230469,,27434400.0
2026-01-29,340.06060015063264,342.0492210013424,326.3103005061971,338.0120544433594,,39785600.0
2026-01-30,339.76083067041884,339.76083067041884,332.0562627255977,337.7622375488281,,31024000.0
2026-02-02,335.983495554882,344.5874244246442,335.3939142353609,343.4482421875,,32006100.0
2026-02-03,347.09564553860224,348.7544814019383,337.2325938809106,339.47100830078125,,36506700.0
2026-02-04,342.7187296036167,343.0684894885568,328.2888852617291,332.80572509765625,,70618400.0
2026-02-05,312.0003564748562,332.45595718246585,306.24439883874277,331.0169677734375,,88205800.0
2026-02-06,326.94984200428365,330.147603202773,319.694969697787,322.63287353515625,,56380500.0
2026-02-09,320.70422803551696,327.4694850607409,317.03682684844796,324.09185791015625,,39640100.0
2026-02-10,320.7441987510988,321.4437184993816,314.38865715458337,318.3558654785156,,39170000.0
2026-02-11,318.7456164455411,320.8341425405983,309.44216816023624,310.7412414550781,,45406400.0
2026-02-12,311.87044586439265,316.0175203045161,306.9839017615506,308.7826232910156,,47761300.0
2026-02-13,307.5135396808651,308.41290048065196,303.4963480144474,305.50494384765625,,38499700.0
2026-02-17,299.82893803190484,304.22583664461854,296.04159566157676,301.8075256347656,,39247600.0
2026-02-18,301.87748970860525,305.1651838815364,301.0380842700908,303.1166076660156,,28482100.0
2026-02-19,301.6076886754516,305.25511494304027,299.828942056139,302.636962890625,,25834400.0
2026-02-20,304.1059184917761,316.2773425544253,303.68620054308417,314.7584228515625,,53210800.0
2026-02-23,318.82555353627805,319.29522413676915,309.65201848441603,311.2708740234375,,31423000.0
2026-02-24,310.3015673465962,312.05033638585,305.71479964031533,310.6813049316406,,25615600.0
2026-02-25,311.84046520002283,313.4193707572093,309.22231323387047,312.67987060546875,,29963600.0
2026-02-26,312.42009761480955,312.9197459051382,302.1373272609355,307.1637878417969,,36431200.0
2026-02-27,303.92607541564644,312.1502667227519,303.5862877430576,311.54071044921875,,44640600.0
2026-03-02,303.0166882830762,308.27296712894787,301.088022863519,306.3043518066406,,34790200.0
2026-03-03,298.37994467731505,303.72618716624237,296.5012623376298,303.3664245605469,,35497000.0
2026-03-04,302.6769571429086,305.2551289128473,300.5384478137644,302.9167785644531,,29536200.0
2026-03-05,302.82681905445145,303.08661540637286,297.78035344585857,300.6683349609375,,35752300.0
2026-03-06,295.88171424137005,300.31859339921897,294.97235071392555,298.30999755859375,,25576900.0
2026-03-09,294.3599853515625,306.79998779296875,294.0799865722656,306.3599853515625,,29312100.0
2026-03-10,306.1700134277344,309.510009765625,305.57000732421875,307.0400085449219,,23239700.0
2026-03-11,306.75,311.4200134277344,305.9200134277344,308.70001220703125,,24125700.0
2026-03-12,306.82000732421875,308.94000244140625,301.0299987792969,303.54998779296875,,24928300.0
2026-03-13,307.010009765625,307.69000244140625,300.44000244140625,302.2799987792969,,23693100.0
2026-03-16,304.3500061035156,306.489990234375,303.0199890136719,305.55999755859375,,23519700.0
2026-03-17,305.8599853515625,311.4200134277344,305.5,310.9200134277344,,21955200.0
2026-03-18,309.2699890136719,312.4700012207031,306.92999267578125,307.69000244140625,,20009800.0
2026-03-19,304.010009765625,308.05999755859375,302.3500061035156,307.1300048828125,,25075800.0
2026-03-20,305.4599914550781,306.0,298.2699890136719,301.0,,44364100.0
2026-03-23,302.1099853515625,305.9800109863281,300.92999267578125,302.05999755859375,,29326900.0
2026-03-24,299.20001220703125,299.9200134277344,290.3299865722656,290.44000244140625,,36864300.0
2026-03-25,293.44000244140625,296.0,289.239990234375,290.92999267578125,,29460700.0
2026-03-26,287.9100036621094,287.95001220703125,278.5,280.9200134277344,,39080600.0
2026-03-27,277.2799987792969,279.3699951171875,273.95001220703125,274.3399963378906,,35890600.0
2026-03-30,276.4200134277344,277.0899963378906,272.1099853515625,273.5,,35141200.0
2026-03-31,278.0400085449219,288.0799865722656,277.0899963378906,287.55999755859375,,43875400.0
2026-04-01,290.8399963378906,300.5199890136719,290.4100036621094,297.3900146484375,,37684500.0
2026-04-02,290.69000244140625,298.0799865722656,289.45001220703125,295.7699890136719,,21666500.0
2026-04-06,295.8699951171875,300.6199951171875,295.17999267578125,299.989990234375,,16945500.0
2026-04-07,302.7300109863281,305.6300048828125,297.7200012207031,305.4599914550781,,23205400.0
2026-04-08,320.45001220703125,322.0799865722656,315.0199890136719,317.32000732421875,,33547100.0
2026-04-09,315.9100036621094,319.5400085449219,311.05999755859375,318.489990234375,,23739200.0
2026-04-10,320.0199890136719,321.8299865722656,316.32000732421875,317.239990234375,,19152600.0
2026-04-13,317.1400146484375,321.6300048828125,315.4700012207031,321.30999755859375,,18866400.0
2026-04-14,324.7900085449219,333.2900085449219,323.75,332.9100036621094,,27721400.0
2026-04-15,332.8900146484375,337.4800109863281,330.8999938964844,337.1199951171875,,24918800.0
2026-04-16,338.75,339.8800048828125,334.5199890136719,336.0199890136719,,20541500.0
2026-04-17,337.6499938964844,342.32000732421875,336.239990234375,341.67999267578125,,25581900.0
2026-04-20,340.760009765625,341.3999938964844,336.6099853515625,337.4200134277344,,18784200.0
2026-04-21,337.69000244140625,339.3399963378906,331.3500061035156,332.2900085449219,,23123800.0
2026-04-22,337.0199890136719,339.82000732421875,335.1700134277344,339.32000732421875,,20293000.0
2026-04-23,341.17999267578125,341.9599914550781,336.17999267578125,338.8900146484375,,18650300.0
2026-04-24,338.7300109863281,345.2699890136719,335.3900146484375,344.3999938964844,,26426100.0
2026-04-27,345.9800109863281,353.17999267578125,342.7300109863281,350.3399963378906,,28576900.0
2026-04-28,348.54998779296875,352.4200134277344,346.1199951171875,349.7799987792969,,27824100.0
2026-04-29,347.57000732421875,355.7900085449219,344.2099914550781,349.94000244140625,,35376300.0
2026-04-30,374.0700073242187,385.8399963378906,365.8200073242187,384.7999877929687,,72040000.0
2026-05-01,381.6300048828125,386.760009765625,379.0499877929687,385.69000244140625,,30105200.0
2026-05-04,385.6300048828125,387.3800048828125,379.7900085449219,383.25,,26298600.0
2026-05-05,386.2300109863281,392.8200073242187,384.0199890136719,388.4299926757813,,23878600.0
2026-05-06,394.25,399.8500061035156,392.760009765625,398.0400085449219,,31308500.0
2026-05-07,399.9200134277344,400.1000061035156,392.6799926757813,397.989990234375,,24433500.0
2026-05-08,397.0,402.0,396.3599853515625,400.7999877929687,,21461800.0
2026-05-11,393.6499938964844,397.44000244140625,388.4700012207031,388.6400146484375,,30753700.0
2026-05-12,387.3399963378906,388.5199890136719,382.7699890136719,387.3500061035156,,26017500.0
2026-05-13,385.6000061035156,403.7000122070313,385.0,402.6199951171875,,28144600.0
2026-05-14,397.2799987792969,402.9299926757813,395.8399963378906,401.0700073242187,,21136700.0
2026-05-15,396.3200073242187,399.5400085449219,393.1799926757813,396.7799987792969,,20309700.0
2026-05-18,395.69000244140625,408.6099853515625,394.5299987792969,396.94000244140625,,26837200.0
2026-05-19,396.9599914550781,397.1499938964844,386.1099853515625,387.6600036621094,,39545700.0
2026-05-20,387.7000122070313,393.8599853515625,382.8999938964844,388.9100036621094,,31744400.0
2026-05-21,385.7000122070313,392.5,383.0199890136719,387.6600036621094,,24852800.0
2026-05-22,387.3500061035156,388.739990234375,381.7699890136719,382.9700012207031,,20442100.0
2026-05-26,384.510009765625,389.260009765625,382.6000061035156,388.8800048828125,388.8800048828125,27747400.0
2026-05-27,386.6700134277344,393.8800048828125,385.8999938964844,388.8299865722656,388.8299865722656,23087300.0
2026-05-28,388.0,391.8699951171875,385.1600036621094,390.1300048828125,390.1300048828125,24357500.0
2026-05-29,385.239990234375,385.239990234375,378.4599914550781,380.3399963378906,380.3399963378906,44415800.0
2026-06-01,376.5199890136719,378.55999755859375,373.5199890136719,376.3699951171875,376.3699951171875,28672100.0
2026-06-02,366.5899963378906,373.5400085449219,358.44000244140625,361.8500061035156,361.8500061035156,50412300.0
2026-06-03,362.0299987792969,366.45001220703125,358.0799865722656,358.989990234375,358.989990234375,55441600.0
2026-06-04,358.8500061035156,373.2499084472656,358.2099914550781,372.19000244140625,372.19000244140625,42891063.0
