date,open,high,low,close,adj_close,volume
2018-01-02,121.31999969482422,121.45999908447266,120.5,120.75,89.35586547851562,8480600
2018-01-03,120.94000244140625,121.05000305175781,120.69999694824219,120.97000122070312,89.51866912841797,5087600
2018-01-04,120.77999877929688,121.01000213623047,120.7300033569336,120.93000030517578,89.48905181884766,7710100
2018-01-05,121.08999633789062,121.08999633789062,120.76000213623047,120.88999938964844,89.45947265625,5796500
2018-01-08,121.0199966430664,121.02999877929688,120.7699966430664,120.87999725341797,89.45204162597656,3897200
2018-01-09,120.7300033569336,120.7699966430664,120.41999816894531,120.44000244140625,89.12642669677734,7621600
2018-01-10,120.05000305175781,120.6500015258789,119.91000366210938,120.5199966430664,89.18565368652344,6050500
2018-01-11,120.48999786376953,120.94999694824219,120.48999786376953,120.80999755859375,89.40025329589844,5192600
2018-01-12,120.5999984741211,120.91000366210938,120.55000305175781,120.83000183105469,89.41505432128906,4463000
2018-01-16,121.18000030517578,121.18000030517578,120.81999969482422,120.94000244140625,89.49644470214844,7410200
2018-01-17,120.95999908447266,121.0199966430664,120.48999786376953,120.61000061035156,89.25225067138672,11240700
2018-01-18,120.16999816894531,120.41000366210938,120.01000213623047,120.13999938964844,88.90445709228516,6399400
2018-01-19,119.98999786376953,120.11000061035156,119.72000122070312,119.7699966430664,88.6306381225586,6797800
2018-01-22,119.7699966430664,120.0,119.62999725341797,119.66000366210938,88.5492172241211,5096700
2018-01-23,119.97000122070312,120.19000244140625,119.91000366210938,120.18000030517578,88.93404388427734,6144000
2018-01-24,119.94000244140625,120.12000274658203,119.83000183105469,120.0999984741211,88.8748550415039,5679000
2018-01-25,120.0199966430664,120.70999908447266,120.0,120.70999908447266,89.32626342773438,7042100
2018-01-26,120.62000274658203,120.62000274658203,120.33999633789062,120.55000305175781,89.20783233642578,6391300
2018-01-29,120.19999694824219,120.37999725341797,120.0,120.2300033569336,88.9710693359375,5732400
2018-01-30,120.0,120.08000183105469,119.69999694824219,119.81999969482422,88.66764068603516,6662600
2018-01-31,120.16999816894531,120.22000122070312,119.70999908447266,120.06999969482422,88.85264587402344,6751200
2018-02-01,119.91000366210938,119.95999908447266,119.13999938964844,119.22000122070312,88.46014404296875,12272400
2018-02-02,119.0,119.0,118.47000122070312,118.61000061035156,88.00756072998047,8681500
2018-02-05,118.23999786376953,119.33000183105469,118.22000122070312,118.68000030517578,88.05945587158203,14486000
2018-02-06,118.58999633789062,118.81999969482422,118.38999938964844,118.44000244140625,87.88138580322266,10467500
2018-02-07,118.80000305175781,118.8499984741211,118.08000183105469,118.11000061035156,87.63652801513672,8862300
2018-02-08,117.94000244140625,118.0999984741211,117.55999755859375,117.5999984741211,87.25814056396484,10957000
2018-02-09,117.44999694824219,117.47000122070312,117.19999694824219,117.22000122070312,86.97614288330078,8719000
2018-02-12,117.29000091552734,117.62000274658203,117.19999694824219,117.22000122070312,86.97614288330078,7814800
2018-02-13,117.08999633789062,117.20999908447266,116.79000091552734,117.18000030517578,86.94647979736328,8730500
2018-02-14,116.80999755859375,117.0,116.66000366210938,116.75,86.62740325927734,11013300
2018-02-15,117.18000030517578,117.45999908447266,117.05999755859375,117.30000305175781,87.03551483154297,4953400
2018-02-16,117.58000183105469,117.76000213623047,117.45999908447266,117.6500015258789,87.29520416259766,6319800
2018-02-20,117.3499984741211,117.41000366210938,117.12999725341797,117.1500015258789,86.92420196533203,8786200
2018-02-21,117.19999694824219,117.30999755859375,116.44000244140625,116.51000213623047,86.44935607910156,6387200
2018-02-22,116.83999633789062,117.06999969482422,116.63999938964844,116.66999816894531,86.56803894042969,7227100
2018-02-23,117.05000305175781,117.23999786376953,116.87999725341797,117.20999908447266,86.96875,8005600
2018-02-26,117.58999633789062,117.75,117.33000183105469,117.36000061035156,87.08003234863281,5072000
2018-02-27,117.51000213623047,117.5199966430664,116.69999694824219,116.8499984741211,86.70160675048828,7279500
2018-02-28,117.01000213623047,117.16000366210938,116.94999694824219,117.06999969482422,86.86482238769531,7963400
2018-03-01,116.55999755859375,116.80999755859375,116.37000274658203,116.62000274658203,86.77555084228516,11679100
2018-03-02,116.36000061035156,116.48999786376953,116.19000244140625,116.25,86.50023651123047,5335000
2018-03-05,116.51000213623047,116.58000183105469,116.0999984741211,116.20999908447266,86.47051239013672,10168400
2018-03-06,116.63999938964844,116.68000030517578,116.29000091552734,116.30999755859375,86.54490661621094,8363400
2018-03-07,116.5,116.52999877929688,116.2300033569336,116.2699966430664,86.51515197753906,4070400
2018-03-08,116.48999786376953,116.69999694824219,116.33999633789062,116.5,86.68627166748047,6410000
2018-03-09,116.31999969482422,116.37000274658203,116.04000091552734,116.08999633789062,86.38121795654297,7773800
2018-03-12,116.19000244140625,116.27999877929688,116.0999984741211,116.23999786376953,86.49278259277344,8555600
2018-03-13,116.3499984741211,116.4000015258789,116.11000061035156,116.25,86.50023651123047,8625900
2018-03-14,116.2699966430664,116.69999694824219,116.26000213623047,116.51000213623047,86.69369506835938,5765700
2018-03-15,116.4800033569336,116.70999908447266,116.44000244140625,116.62999725341797,86.78303527832031,5268200
2018-03-16,116.41000366210938,116.83000183105469,116.36000061035156,116.76000213623047,86.8797378540039,10754700
2018-03-19,116.5,116.5999984741211,116.36000061035156,116.37000274658203,86.58954620361328,8095300
2018-03-20,116.02999877929688,116.19000244140625,115.91999816894531,115.95999908447266,86.28446960449219,6445000
2018-03-21,115.76000213623047,116.2300033569336,115.5199966430664,115.88999938964844,86.23236846923828,7312600
2018-03-22,116.19000244140625,116.29000091552734,115.98999786376953,116.08999633789062,86.38121795654297,10966600
2018-03-23,115.97000122070312,116.02999877929688,115.70999908447266,115.72000122070312,86.10588836669922,6120800
2018-03-26,116.05999755859375,116.19999694824219,116.0,116.12999725341797,86.41097259521484,5834800
2018-03-27,116.05999755859375,116.62000274658203,116.05999755859375,116.55000305175781,86.7234878540039,5000200
2018-03-28,116.77999877929688,116.9800033569336,116.66000366210938,116.86000061035156,86.95411682128906,4771600
2018-03-29,117.11000061035156,117.47000122070312,116.94999694824219,117.38999938964844,87.34851837158203,5930800
2018-04-02,116.9000015258789,117.06999969482422,116.72000122070312,116.98999786376953,87.30150604248047,4393500
2018-04-03,116.94000244140625,116.94000244140625,116.62999725341797,116.68000030517578,87.0701904296875,3773500
2018-04-04,116.7300033569336,116.86000061035156,116.63999938964844,116.68000030517578,87.0701904296875,5259600
2018-04-05,116.61000061035156,116.75,116.5,116.72000122070312,87.09999084472656,5171000
2018-04-06,116.93000030517578,117.06999969482422,116.80999755859375,117.06999969482422,87.3611831665039,4772500
2018-04-09,116.8499984741211,117.18000030517578,116.8499984741211,117.12999725341797,87.40595245361328,3611300
2018-04-10,117.20999908447266,117.44000244140625,117.01000213623047,117.16000366210938,87.4283676147461,5201300
2018-04-11,117.36000061035156,117.4000015258789,117.11000061035156,117.23999786376953,87.4880599975586,2483800
2018-04-12,117.12000274658203,117.19999694824219,116.9000015258789,116.91999816894531,87.249267578125,2588100
2018-04-13,116.83999633789062,117.05999755859375,116.83999633789062,116.95999908447266,87.27911376953125,4427800
2018-04-16,116.75,116.98999786376953,116.70999908447266,116.97000122070312,87.28654479980469,2323600
2018-04-17,116.9800033569336,117.1500015258789,116.91000366210938,116.9800033569336,87.29405975341797,6702900
2018-04-18,116.94000244140625,116.94999694824219,116.36000061035156,116.37999725341797,86.84630584716797,6888000
2018-04-19,116.04000091552734,116.06999969482422,115.76000213623047,115.94000244140625,86.51795959472656,4058600
2018-04-20,115.79000091552734,115.83000183105469,115.45999908447266,115.47000122070312,86.16727447509766,4679700
2018-04-23,115.44000244140625,115.47000122070312,115.25,115.41999816894531,86.12995147705078,4380000
2018-04-24,115.30999755859375,115.44000244140625,114.98999786376953,115.08000183105469,85.87622833251953,5984700
2018-04-25,114.81999969482422,114.83999633789062,114.55000305175781,114.72000122070312,85.6075668334961,3756100
2018-04-26,115.0199966430664,115.18000030517578,114.91999816894531,115.05999755859375,85.86128234863281,6027200
2018-04-27,115.25,115.37000274658203,115.22000122070312,115.31999969482422,86.05525207519531,3369800
2018-04-30,115.37000274658203,115.45999908447266,115.16999816894531,115.22000122070312,85.9806900024414,6388500
2018-05-01,114.83000183105469,114.87000274658203,114.48999786376953,114.58000183105469,85.74796295166016,6051500
2018-05-02,114.7300033569336,114.75,114.48999786376953,114.48999786376953,85.6805648803711,3608100
2018-05-03,114.7699966430664,114.81999969482422,114.47000122070312,114.51000213623047,85.69557189941406,4122600
2018-05-04,114.86000061035156,114.86000061035156,114.47000122070312,114.66999816894531,85.8152847290039,3733800
2018-05-07,114.70999908447266,114.75,114.5,114.54000091552734,85.718017578125,3870900
2018-05-08,114.43000030517578,114.54000091552734,114.26000213623047,114.5,85.68806457519531,5069300
2018-05-09,114.31999969482422,114.62999725341797,114.27999877929688,114.4800033569336,85.6730728149414,3906600
2018-05-10,114.83999633789062,115.06999969482422,114.72000122070312,115.05999755859375,86.10714721679688,5103000
2018-05-11,115.2300033569336,115.27999877929688,115.08000183105469,115.26000213623047,86.25685119628906,4254000
2018-05-14,115.12999725341797,115.2699966430664,115.05000305175781,115.05000305175781,86.09966278076172,4808300
2018-05-15,114.51000213623047,114.76000213623047,114.0,114.18000030517578,85.4485855102539,5970000
2018-05-16,114.23999786376953,114.3499984741211,113.98999786376953,114.02999877929688,85.3363037109375,4210800
2018-05-17,114.0,114.05999755859375,113.72000122070312,113.80999755859375,85.17164611816406,3272300
2018-05-18,113.98999786376953,114.33000183105469,113.95999908447266,114.27999877929688,85.52340698242188,4154700
2018-05-21,114.1500015258789,114.3499984741211,114.0999984741211,114.3499984741211,85.57579040527344,2593300
2018-05-22,114.26000213623047,114.38999938964844,114.12999725341797,114.2300033569336,85.48603820800781,3230000
2018-05-23,114.41000366210938,114.80000305175781,114.33000183105469,114.72000122070312,85.85269927978516,5771100
2018-05-24,114.9800033569336,115.08000183105469,114.88999938964844,115.04000091552734,86.09217834472656,4436900
2018-05-25,115.37999725341797,115.41999816894531,115.2300033569336,115.37999725341797,86.34666442871094,3997600
2018-05-29,115.43000030517578,116.20999908447266,115.26000213623047,115.98999786376953,86.80314636230469,6831700
2018-05-30,115.61000061035156,115.81999969482422,115.2699966430664,115.54000091552734,86.46635437011719,5083900
2018-05-31,115.66000366210938,115.7699966430664,115.36000061035156,115.48999786376953,86.4289779663086,6303300
2018-06-01,114.87000274658203,115.13999938964844,114.80999755859375,114.91000366210938,86.26303100585938,4479700
2018-06-04,114.9000015258789,114.97000122070312,114.6500015258789,114.6500015258789,86.06787109375,3714900
2018-06-05,114.93000030517578,114.94999694824219,114.69000244140625,114.7300033569336,86.12792205810547,3901500
2018-06-06,114.41000366210938,114.47000122070312,114.16000366210938,114.30999755859375,85.8125991821289,4754900
2018-06-07,114.25,115.05999755859375,114.25,114.69000244140625,86.09789276123047,7185200
2018-06-08,114.5999984741211,114.6500015258789,114.43000030517578,114.5,85.95526885986328,2935600
2018-06-11,114.30000305175781,114.4000015258789,114.2300033569336,114.38999938964844,85.87268829345703,2905100
2018-06-12,114.25,114.5,114.22000122070312,114.4000015258789,85.88020324707031,3396500
2018-06-13,114.44000244140625,114.58000183105469,113.9800033569336,114.29000091552734,85.79759216308594,4906500
2018-06-14,114.68000030517578,114.81999969482422,114.48999786376953,114.80999755859375,86.18797302246094,4915800
2018-06-15,114.9800033569336,115.05999755859375,114.58999633789062,114.6500015258789,86.06787109375,5887100
2018-06-18,114.63999938964844,114.66000366210938,114.41999816894531,114.52999877929688,85.97777557373047,4723200
2018-06-19,114.55999755859375,114.66000366210938,114.47000122070312,114.58999633789062,86.02283477783203,4278700
2018-06-20,114.61000061035156,114.61000061035156,113.9000015258789,113.94999694824219,85.54236602783203,7731500
2018-06-21,113.9000015258789,114.08999633789062,113.86000061035156,113.86000061035156,85.47481536865234,15921600
2018-06-22,113.80000305175781,114.08999633789062,113.75,114.0,85.57991027832031,6728500
2018-06-25,114.04000091552734,114.11000061035156,113.87000274658203,113.88999938964844,85.4973373413086,3243900
2018-06-26,113.9800033569336,114.29000091552734,113.88999938964844,114.2699966430664,85.78260803222656,10345300
2018-06-27,114.58999633789062,114.66000366210938,114.4800033569336,114.66000366210938,86.07535552978516,9776300
2018-06-28,114.56999969482422,114.56999969482422,114.2699966430664,114.51000213623047,85.96273803710938,6241300
2018-06-29,114.63999938964844,114.83999633789062,114.51000213623047,114.56999969482422,86.00780487060547,7855600
2018-07-02,114.41000366210938,114.41000366210938,114.16000366210938,114.23999786376953,86.01911163330078,4806200
2018-07-03,114.30999755859375,114.7300033569336,114.30999755859375,114.66000366210938,86.3353271484375,2518100
2018-07-05,114.7699966430664,115.02999877929688,114.75,115.0199966430664,86.60640716552734,4730600
2018-07-06,115.23999786376953,115.27999877929688,115.08999633789062,115.18000030517578,86.72688293457031,2465600
2018-07-09,115.08999633789062,115.30000305175781,115.02999877929688,115.26000213623047,86.78715515136719,5161600
2018-07-10,115.23999786376953,115.37000274658203,115.11000061035156,115.12999725341797,86.6892318725586,6624000
2018-07-11,115.2699966430664,115.38999938964844,115.12000274658203,115.36000061035156,86.8624038696289,4071400
2018-07-12,115.4000015258789,115.61000061035156,115.31999969482422,115.61000061035156,87.05069732666016,3324800
2018-07-13,115.70999908447266,115.80999755859375,115.62999725341797,115.69999694824219,87.1184310913086,4273800
2018-07-16,115.5,115.62999725341797,115.29000091552734,115.51000213623047,86.97534942626953,2653700
2018-07-17,115.5199966430664,115.58000183105469,115.37999725341797,115.43000030517578,86.9151611328125,6157000
2018-07-18,115.54000091552734,115.54000091552734,115.3499984741211,115.41000366210938,86.90009307861328,3527600
2018-07-19,115.4000015258789,115.73999786376953,115.37000274658203,115.58999633789062,87.03560638427734,5098600
2018-07-20,115.33999633789062,115.38999938964844,115.12000274658203,115.25,86.77962493896484,5139900
2018-07-23,115.05000305175781,115.12000274658203,114.72000122070312,114.79000091552734,86.4332275390625,4716300
2018-07-24,114.80999755859375,115.16999816894531,114.80999755859375,115.1500015258789,86.70429229736328,4446700
2018-07-25,115.4000015258789,115.4000015258789,115.19999694824219,115.30000305175781,86.81725311279297,7376300
2018-07-26,115.41999816894531,115.55000305175781,115.27999877929688,115.41000366210938,86.90009307861328,5860900
2018-07-27,115.75,115.75,115.45999908447266,115.55999755859375,87.01303100585938,5497600
2018-07-30,115.31999969482422,115.48999786376953,115.30999755859375,115.4000015258789,86.89253997802734,6467600
2018-07-31,115.70999908447266,115.86000061035156,115.63999938964844,115.76000213623047,87.16364288330078,6081600
2018-08-01,114.9000015258789,115.1500015258789,114.8499984741211,115.01000213623047,86.85623931884766,7255900
2018-08-02,115.05000305175781,115.16999816894531,114.87999725341797,115.1500015258789,86.96195220947266,6751500
2018-08-03,115.29000091552734,115.55000305175781,115.16000366210938,115.51000213623047,87.23382568359375,2711200
2018-08-06,115.58999633789062,115.76000213623047,115.58999633789062,115.62000274658203,87.31695556640625,3059800
2018-08-07,115.58999633789062,115.58999633789062,115.19999694824219,115.26000213623047,87.04505157470703,5397700
2018-08-08,115.16999816894531,115.2300033569336,115.08000183105469,115.08000183105469,86.9090805053711,7433200
2018-08-09,115.25,115.36000061035156,115.08999633789062,115.16999816894531,86.97708892822266,7273500
2018-08-10,115.0999984741211,115.5,115.02999877929688,115.36000061035156,87.12052917480469,4765900
2018-08-13,115.26000213623047,115.37999725341797,115.22000122070312,115.33000183105469,87.097900390625,3145700
2018-08-14,115.48999786376953,115.52999877929688,115.41000366210938,115.4800033569336,87.2112045288086,7052500
2018-08-15,115.6500015258789,115.76000213623047,115.55000305175781,115.72000122070312,87.39241790771484,5208100
2018-08-16,115.81999969482422,115.88999938964844,115.69999694824219,115.87000274658203,87.50572967529297,5997900
2018-08-17,115.95999908447266,116.06999969482422,115.88999938964844,115.97000122070312,87.58125305175781,3871900
2018-08-20,116.25,116.37000274658203,116.18000030517578,116.2699966430664,87.80782318115234,2686800
2018-08-21,116.22000122070312,116.22000122070312,115.95999908447266,115.9800033569336,87.58879089355469,5480400
2018-08-22,116.22000122070312,116.23999786376953,115.94999694824219,115.97000122070312,87.58125305175781,6877700
2018-08-23,116.13999938964844,116.18000030517578,115.94000244140625,116.01000213623047,87.61143493652344,5693800
2018-08-24,115.88999938964844,116.29000091552734,115.8499984741211,116.23999786376953,87.78515625,5152500
2018-08-27,116.0199966430664,116.16000366210938,116.01000213623047,116.05999755859375,87.64918518066406,3762200
2018-08-28,115.87000274658203,115.9800033569336,115.5999984741211,115.62000274658203,87.31695556640625,4026900
2018-08-29,115.7300033569336,115.75,115.41000366210938,115.5,87.22628021240234,10473500
2018-08-30,115.73999786376953,115.80999755859375,115.5199966430664,115.61000061035156,87.30938720703125,5682300
2018-08-31,115.80999755859375,115.83999633789062,115.43000030517578,115.44000244140625,87.18101501464844,4425800
2018-09-04,114.86000061035156,114.98999786376953,114.68000030517578,114.87999725341797,87.02041625976562,6468700
2018-09-05,114.83999633789062,114.87999725341797,114.77999877929688,114.80999755859375,86.96737670898438,6103200
2018-09-06,114.98999786376953,115.20999908447266,114.94999694824219,115.12999725341797,87.20978546142578,6918100
2018-09-07,114.76000213623047,114.76000213623047,114.62999725341797,114.6500015258789,86.84619140625,4529100
2018-09-10,114.73999786376953,115.02999877929688,114.73999786376953,115.02999877929688,87.13404846191406,5512700
2018-09-11,114.80000305175781,114.88999938964844,114.72000122070312,114.7699966430664,86.93707275390625,5976900
2018-09-12,114.97000122070312,115.12000274658203,114.95999908447266,115.0,87.11129760742188,5543100
2018-09-13,115.25,115.33000183105469,115.12999725341797,115.23999786376953,87.29310607910156,5584100
2018-09-14,115.01000213623047,115.16000366210938,114.94999694824219,115.0999984741211,87.18705749511719,7003500
2018-09-17,114.91000366210938,115.11000061035156,114.88999938964844,115.02999877929688,87.13404846191406,2667100
2018-09-18,114.80999755859375,114.80999755859375,114.5199966430664,114.55999755859375,86.77796173095703,5160900
2018-09-19,114.52999877929688,114.54000091552734,114.2300033569336,114.38999938964844,86.64922332763672,5220700
2018-09-20,114.41000366210938,114.80999755859375,114.38999938964844,114.69000244140625,86.87651062011719,6152400
2018-09-21,114.5999984741211,114.79000091552734,114.5999984741211,114.70999908447266,86.89160919189453,9404300
2018-09-24,114.4800033569336,114.5999984741211,114.37000274658203,114.44999694824219,86.69464111328125,10749400
2018-09-25,114.33000183105469,114.47000122070312,114.2300033569336,114.44999694824219,86.69464111328125,4087100
2018-09-26,114.6500015258789,114.93000030517578,114.52999877929688,114.86000061035156,87.00524139404297,7433600
2018-09-27,114.8499984741211,115.04000091552734,114.7699966430664,115.01000213623047,87.1188735961914,6323400
2018-09-28,115.13999938964844,115.13999938964844,114.9000015258789,114.93000030517578,87.05827331542969,12578500
2018-10-01,114.5,114.63999938964844,114.41999816894531,114.41999816894531,86.93819427490234,7550600
2018-10-02,114.55999755859375,114.75,114.5199966430664,114.5199966430664,87.0141830444336,11207800
2018-10-03,114.41000366210938,114.52999877929688,113.66000366210938,113.8499984741211,86.50511932373047,8400500
2018-10-04,113.55999755859375,113.66000366210938,113.2300033569336,113.37999725341797,86.14799499511719,9843800
2018-10-05,113.1500015258789,113.26000213623047,112.76000213623047,112.94000244140625,85.81373596191406,8785800
2018-10-08,113.0,113.01000213623047,112.80000305175781,112.81999969482422,85.72250366210938,1355200
2018-10-09,113.0,113.16999816894531,112.91000366210938,113.13999938964844,85.9656753540039,8416200
2018-10-10,112.86000061035156,113.01000213623047,112.58999633789062,112.83000183105469,85.73011779785156,12316400
2018-10-11,113.08000183105469,113.48999786376953,113.05000305175781,113.30000305175781,86.08722686767578,18587600
2018-10-12,113.33999633789062,113.52999877929688,113.16000366210938,113.31999969482422,86.10243225097656,8956700
2018-10-15,113.26000213623047,113.36000061035156,113.0999984741211,113.11000061035156,85.94283294677734,6636500
2018-10-16,113.16000366210938,113.4800033569336,113.05999755859375,113.4000015258789,86.16320037841797,9017800
2018-10-17,113.30999755859375,113.4000015258789,112.83999633789062,112.83999633789062,85.73770904541016,6880600
2018-10-18,112.7300033569336,112.9800033569336,112.5999984741211,112.83999633789062,85.73770904541016,10418000
2018-10-19,112.75,112.86000061035156,112.5999984741211,112.69999694824219,85.63133239746094,6355700
2018-10-22,112.83000183105469,112.8499984741211,112.52999877929688,112.55999755859375,85.52497100830078,7282900
2018-10-23,112.80999755859375,112.95999908447266,112.66000366210938,112.72000122070312,85.6465072631836,10277900
2018-10-24,112.94999694824219,113.05000305175781,112.81999969482422,112.87999725341797,85.76810455322266,7262000
2018-10-25,112.7300033569336,112.8499984741211,112.72000122070312,112.73999786376953,85.6617202758789,5653100
2018-10-26,112.97000122070312,113.08000183105469,112.91999816894531,112.93000030517578,85.80609893798828,4955300
2018-10-29,112.86000061035156,112.91999816894531,112.72000122070312,112.80000305175781,85.70734405517578,6573300
2018-10-30,112.58999633789062,112.66999816894531,112.44000244140625,112.55000305175781,85.51739501953125,7669600
2018-10-31,112.38999938964844,112.61000061035156,112.2300033569336,112.2300033569336,85.27424621582031,13156300
2018-11-01,111.70999908447266,112.20999908447266,111.66999816894531,112.19999694824219,85.53266906738281,14262000
2018-11-02,112.06999969482422,112.18000030517578,111.7300033569336,111.75,85.18962097167969,7738400
2018-11-05,111.8499984741211,112.04000091552734,111.8499984741211,111.94999694824219,85.34204864501953,5064000
2018-11-06,112.02999877929688,112.18000030517578,112.01000213623047,112.13999938964844,85.48692321777344,5787100
2018-11-07,112.62999725341797,112.70999908447266,112.37999725341797,112.43000030517578,85.70796966552734,13257500
2018-11-08,112.41000366210938,112.45999908447266,112.0999984741211,112.0999984741211,85.45641326904297,10934400
2018-11-09,112.18000030517578,112.33000183105469,112.08999633789062,112.18000030517578,85.5174331665039,8836800
2018-11-12,112.41000366210938,112.41000366210938,112.08000183105469,112.16999816894531,85.5097885131836,2876500
2018-11-13,112.05999755859375,112.12000274658203,111.95999908447266,112.0199966430664,85.39545440673828,7778400
2018-11-14,111.7300033569336,111.94000244140625,111.68000030517578,111.72000122070312,85.16675567626953,11595100
2018-11-15,111.58999633789062,111.66999816894531,111.31999969482422,111.51000213623047,85.00666046142578,15158300
2018-11-16,111.47000122070312,111.76000213623047,111.41000366210938,111.7300033569336,85.17439270019531,13503700
2018-11-19,111.47000122070312,111.6500015258789,111.41999816894531,111.62000274658203,85.09051513671875,9773700
2018-11-20,111.37999725341797,111.5999984741211,111.33000183105469,111.3499984741211,84.88465881347656,16168200
2018-11-21,111.62000274658203,111.72000122070312,111.44999694824219,111.58999633789062,85.067626953125,10704600
2018-11-23,111.94000244140625,111.9800033569336,111.62999725341797,111.63999938964844,85.1057357788086,2924700
2018-11-26,111.7699966430664,111.81999969482422,111.63999938964844,111.69000244140625,85.14387512207031,5938900
2018-11-27,111.61000061035156,111.66000366210938,111.5199966430664,111.55000305175781,85.03715515136719,8581300
2018-11-28,111.51000213623047,111.94999694824219,111.29000091552734,111.8499984741211,85.26582336425781,13861300
2018-11-29,111.75,111.87000274658203,111.41999816894531,111.52999877929688,85.02188110351562,10939100
2018-11-30,111.55000305175781,111.58000183105469,111.25,111.45999908447266,84.96855926513672,14854800
2018-12-03,111.30999755859375,111.5999984741211,111.25,111.5199966430664,85.28437805175781,12740500
2018-12-04,111.72000122070312,111.9800033569336,111.52999877929688,111.54000091552734,85.29964447021484,13521500
2018-12-06,111.61000061035156,111.98999786376953,111.5999984741211,111.87999725341797,85.5596694946289,12752200
2018-12-07,112.0,112.05999755859375,111.73999786376953,111.88999938964844,85.56733703613281,11791900
2018-12-10,112.19999694824219,112.23999786376953,111.91000366210938,112.2300033569336,85.82735443115234,6886500
2018-12-11,112.37999725341797,112.55999755859375,112.26000213623047,112.43000030517578,85.98028564453125,10241100
2018-12-12,112.44999694824219,112.68000030517578,111.58999633789062,112.55000305175781,86.0720443725586,10001600
2018-12-13,112.73999786376953,112.91000366210938,112.7300033569336,112.8499984741211,86.30143737792969,6911200
2018-12-14,112.91000366210938,113.01000213623047,112.70999908447266,112.7300033569336,86.20972442626953,6037900
2018-12-17,112.7699966430664,112.98999786376953,112.7699966430664,112.8499984741211,86.30143737792969,6480500
2018-12-18,112.69999694824219,112.94000244140625,112.61000061035156,112.9000015258789,86.60986328125,5923200
2018-12-19,113.05000305175781,113.30999755859375,112.80999755859375,112.80999755859375,86.54080963134766,10049200
2018-12-20,113.08000183105469,113.1500015258789,112.2699966430664,112.44000244140625,86.25699615478516,20942200
2018-12-21,112.58000183105469,112.68000030517578,112.13999938964844,112.33000183105469,86.17259979248047,11850700
2018-12-24,112.31999969482422,112.41000366210938,111.98999786376953,112.06999969482422,85.97315216064453,4384800
2018-12-26,112.08000183105469,112.20999908447266,111.79000091552734,111.9800033569336,85.90409088134766,7659300
2018-12-27,112.16000366210938,112.29000091552734,111.9800033569336,111.9800033569336,85.90409088134766,7797300
2018-12-28,112.0999984741211,112.52999877929688,112.0999984741211,112.51000213623047,86.31068420410156,4334500
2018-12-31,112.5199966430664,112.91999816894531,112.43000030517578,112.81999969482422,86.54847717285156,7008400
2019-01-02,112.81999969482422,113.19000244140625,112.77999877929688,113.16999816894531,86.81696319580078,9506500
2019-01-03,113.0,113.30000305175781,112.94999694824219,113.22000122070312,86.85535430908203,11199100
2019-01-04,112.87999725341797,113.19999694824219,112.80999755859375,113.1500015258789,86.80168914794922,12080700
2019-01-07,113.38999938964844,113.45999908447266,113.1500015258789,113.16000366210938,86.80929565429688,16150100
2019-01-08,113.20999908447266,113.44000244140625,113.20999908447266,113.41000366210938,87.00111389160156,7961400
2019-01-09,113.5,113.88999938964844,113.5,113.83999633789062,87.33098602294922,10534900
2019-01-10,113.7300033569336,113.7699966430664,113.43000030517578,113.54000091552734,87.1008071899414,10337000
2019-01-11,113.79000091552734,113.79000091552734,113.58999633789062,113.75,87.26195526123047,6890800
2019-01-14,113.62000274658203,113.79000091552734,113.41999816894531,113.44999694824219,87.03177642822266,4511400
2019-01-15,113.54000091552734,113.68000030517578,113.44999694824219,113.5199966430664,87.08548736572266,10536500
2019-01-16,113.5199966430664,113.9000015258789,113.45999908447266,113.73999786376953,87.25428771972656,17911800
2019-01-17,113.66000366210938,113.9800033569336,113.66000366210938,113.97000122070312,87.43070220947266,8756200
2019-01-18,113.95999908447266,114.27999877929688,113.95999908447266,114.16999816894531,87.58414459228516,12589700
2019-01-22,114.31999969482422,114.58000183105469,114.31999969482422,114.36000061035156,87.72990417480469,9101600
2019-01-23,114.45999908447266,114.73999786376953,114.38999938964844,114.6500015258789,87.95238494873047,11707200
2019-01-24,115.05000305175781,115.11000061035156,114.86000061035156,114.94999694824219,88.18248748779297,8874700
2019-01-25,114.9000015258789,115.05000305175781,114.87999725341797,115.05000305175781,88.25920104980469,8529200
2019-01-28,114.94999694824219,115.12000274658203,114.88999938964844,115.02999877929688,88.24386596679688,7830600
2019-01-29,115.16999816894531,115.27999877929688,115.06999969482422,115.27999877929688,88.4356689453125,9111300
2019-01-30,115.31999969482422,115.80999755859375,115.16999816894531,115.80999755859375,88.84223175048828,17275500
2019-01-31,116.20999908447266,116.69999694824219,116.19000244140625,116.62000274658203,89.46363067626953,12004200
2019-02-01,116.12000274658203,116.30999755859375,115.91999816894531,115.98999786376953,89.25043487548828,15158400
2019-02-04,115.87000274658203,115.88999938964844,115.61000061035156,115.83000183105469,89.12732696533203,7375500
2019-02-05,116.0999984741211,116.4800033569336,116.08999633789062,116.30000305175781,89.489013671875,9298100
2019-02-06,116.37999725341797,116.4000015258789,116.04000091552734,116.08000183105469,89.31976318359375,7083600
2019-02-07,116.0,116.08000183105469,115.77999877929688,116.05999755859375,89.30435943603516,12973200
2019-02-08,116.1500015258789,116.37999725341797,116.11000061035156,116.3499984741211,89.5274887084961,5502500
2019-02-11,116.27999877929688,116.27999877929688,116.0,116.08999633789062,89.32743072509766,5353800
2019-02-12,116.08000183105469,116.25,116.02999877929688,116.25,89.45055389404297,10689100
2019-02-13,116.01000213623047,116.0999984741211,115.88999938964844,115.94999694824219,89.21967315673828,9595200
2019-02-14,116.23999786376953,116.23999786376953,115.94000244140625,116.08000183105469,89.31976318359375,14906100
2019-02-15,116.02999877929688,116.26000213623047,116.02999877929688,116.22000122070312,89.42747497558594,8298000
2019-02-19,116.44000244140625,116.44000244140625,116.16999816894531,116.29000091552734,89.4813003540039,6920300
2019-02-20,116.19000244140625,116.2300033569336,115.98999786376953,116.19000244140625,89.40436553955078,8577400
2019-02-21,115.76000213623047,115.9800033569336,115.73999786376953,115.86000061035156,89.15042877197266,6311000
2019-02-22,115.97000122070312,116.4800033569336,115.97000122070312,116.37999725341797,89.5505599975586,4110600
2019-02-25,116.26000213623047,116.44999694824219,116.25,116.33999633789062,89.51978302001953,6026200
2019-02-26,116.51000213623047,116.58999633789062,116.41000366210938,116.5199966430664,89.65826416015625,6360600
2019-02-27,116.37000274658203,116.37000274658203,116.11000061035156,116.19000244140625,89.40436553955078,7008500
2019-02-28,116.25,116.37000274658203,115.95999908447266,116.02999877929688,89.2812728881836,12468400
2019-03-01,115.73999786376953,115.87999725341797,115.41999816894531,115.47000122070312,89.12532806396484,12714100
2019-03-04,115.80999755859375,115.86000061035156,115.68000030517578,115.7300033569336,89.32600402832031,9453600
2019-03-05,115.69000244140625,115.79000091552734,115.56999969482422,115.7699966430664,89.35687255859375,9090400
2019-03-06,115.80999755859375,115.95999908447266,115.73999786376953,115.87999725341797,89.44178009033203,6278700
2019-03-07,116.0999984741211,116.30000305175781,116.02999877929688,116.26000213623047,89.73509216308594,7355500
2019-03-08,116.11000061035156,116.43000030517578,115.91000366210938,116.41000366210938,89.85090637207031,7386600
2019-03-11,116.38999938964844,116.54000091552734,116.30999755859375,116.54000091552734,89.95123291015625,7813600
2019-03-12,116.56999969482422,116.94000244140625,116.55999755859375,116.86000061035156,90.19821166992188,7994600
2019-03-13,116.54000091552734,116.70999908447266,116.54000091552734,116.66999816894531,90.05158233642578,5834000
2019-03-14,116.62999725341797,116.63999938964844,116.33999633789062,116.44000244140625,89.87403869628906,5395300
2019-03-15,116.76000213623047,117.0199966430664,116.69999694824219,116.86000061035156,90.19821166992188,8537000
2019-03-18,116.77999877929688,116.88999938964844,116.75,116.80000305175781,90.15190887451172,4308300
2019-03-19,116.62999725341797,116.93000030517578,116.62999725341797,116.81999969482422,90.16735076904297,8074700
2019-03-20,116.88999938964844,117.66000366210938,116.77999877929688,117.61000061035156,90.7770767211914,16202600
2019-03-21,117.5199966430664,117.91000366210938,117.5199966430664,117.83000183105469,90.94690704345703,14163200
2019-03-22,118.20999908447266,118.63999938964844,118.20999908447266,118.55000305175781,91.50263214111328,10576900
2019-03-25,118.56999969482422,119.0,118.37000274658203,118.79000091552734,91.68791198730469,7096100
2019-03-26,118.73999786376953,118.93000030517578,118.58999633789062,118.83999633789062,91.72648620605469,7766500
2019-03-27,119.0,119.22000122070312,118.91999816894531,119.0,91.84996032714844,7484100
2019-03-28,119.02999877929688,119.1500015258789,118.91000366210938,119.1500015258789,91.96575927734375,4621200
2019-03-29,118.83000183105469,119.1500015258789,118.79000091552734,119.05999755859375,91.89625549316406,8415100
2019-04-01,118.44999694824219,118.62000274658203,118.19999694824219,118.26000213623047,91.5541000366211,9567400
2019-04-02,118.27999877929688,118.44999694824219,118.19000244140625,118.41999816894531,91.67796325683594,7733300
2019-04-03,118.1500015258789,118.29000091552734,118.11000061035156,118.16999816894531,91.48442840576172,6048400
2019-04-04,118.19999694824219,118.36000061035156,118.11000061035156,118.36000061035156,91.63150787353516,7510600
2019-04-05,118.33999633789062,118.69000244140625,118.26000213623047,118.55000305175781,91.77860260009766,9326200
2019-04-08,118.5199966430664,118.56999969482422,118.3499984741211,118.37999725341797,91.64701843261719,8564800
2019-04-09,118.69000244140625,118.83000183105469,118.58000183105469,118.62999725341797,91.84053039550781,7749000
2019-04-10,118.87000274658203,119.2699966430664,118.86000061035156,119.20999908447266,92.28955078125,5765300
2019-04-11,119.05999755859375,119.20999908447266,119.01000213623047,119.08999633789062,92.1966552734375,7769500
2019-04-12,118.98999786376953,119.12000274658203,118.88999938964844,119.0199966430664,92.14248657226562,11083800
2019-04-15,119.01000213623047,119.08000183105469,118.83000183105469,118.83000183105469,91.99539947509766,12427300
2019-04-16,118.79000091552734,118.79000091552734,118.48999786376953,118.5,91.73989868164062,10302700
2019-04-17,118.62000274658203,118.72000122070312,118.47000122070312,118.4800033569336,91.72444152832031,6062300
2019-04-18,118.75,118.80000305175781,118.55000305175781,118.58000183105469,91.80181884765625,8060000
2019-04-22,118.45999908447266,118.52999877929688,118.33999633789062,118.38999938964844,91.65471649169922,6581900
2019-04-23,118.55999755859375,118.87999725341797,118.54000091552734,118.87999725341797,92.03408813476562,7389700
2019-04-24,119.16000366210938,119.4000015258789,119.12999725341797,119.27999877929688,92.34376525878906,6463200
2019-04-25,119.16999816894531,119.2699966430664,119.02999877929688,119.22000122070312,92.29731750488281,4404000
2019-04-26,119.62000274658203,119.70999908447266,119.5,119.63999938964844,92.62244415283203,3406100
2019-04-29,119.37999725341797,119.43000030517578,119.11000061035156,119.16999816894531,92.25858306884766,5847500
2019-04-30,119.1500015258789,119.3499984741211,119.0999984741211,119.22000122070312,92.29731750488281,9753300
2019-05-01,119.0,119.56999969482422,118.83000183105469,118.83000183105469,92.26782989501953,12804300
2019-05-02,118.69999694824219,118.73999786376953,118.29000091552734,118.4000015258789,91.93392181396484,11748200
2019-05-03,118.6500015258789,118.97000122070312,118.6500015258789,118.93000030517578,92.345458984375,7481000
2019-05-06,119.02999877929688,119.2300033569336,118.87999725341797,119.08999633789062,92.46965026855469,8077400
2019-05-07,119.27999877929688,119.29000091552734,119.0,119.08000183105469,92.4619369506836,11575500
2019-05-08,119.1500015258789,119.19999694824219,118.63999938964844,118.68000030517578,92.15132904052734,11843100
2019-05-09,118.93000030517578,118.94999694824219,118.61000061035156,118.79000091552734,92.23675537109375,11586200
2019-05-10,118.75,118.91999816894531,118.70999908447266,118.86000061035156,92.29109191894531,8155600
2019-05-13,118.86000061035156,119.12999725341797,118.77999877929688,118.93000030517578,92.345458984375,16744900
2019-05-14,119.0,119.12000274658203,118.91999816894531,119.0999984741211,92.47742462158203,7993500
2019-05-15,119.41000366210938,119.44999694824219,119.18000030517578,119.43000030517578,92.73368072509766,10804400
2019-05-16,119.33999633789062,119.33999633789062,119.20999908447266,119.23999786376953,92.58614349365234,11716300
2019-05-17,119.37999725341797,119.44000244140625,119.2300033569336,119.25,92.59391784667969,7746100
2019-05-20,119.22000122070312,119.30999755859375,118.95999908447266,118.97000122070312,92.37652587890625,2890900
2019-05-21,119.08999633789062,119.11000061035156,118.93000030517578,119.06999969482422,92.45414733886719,3610100
2019-05-22,119.13999938964844,119.30999755859375,119.04000091552734,119.22000122070312,92.57061767578125,9526200
2019-05-23,119.2699966430664,119.61000061035156,119.19000244140625,119.4800033569336,92.77252197265625,9983400
2019-05-24,119.63999938964844,119.75,119.5199966430664,119.7300033569336,92.96659851074219,5981700
2019-05-28,119.93000030517578,120.0,119.7699966430664,119.80999755859375,93.02872467041016,9039100
2019-05-29,119.87999725341797,120.02999877929688,119.81999969482422,119.86000061035156,93.06756591796875,8778000
2019-05-30,120.0999984741211,120.58999633789062,120.01000213623047,120.55000305175781,93.60332489013672,11946400
2019-05-31,120.62000274658203,120.83999633789062,120.38999938964844,120.83000183105469,93.82075500488281,11611700
2019-06-03,120.75,120.91000366210938,120.41000366210938,120.83000183105469,94.10971069335938,12525200
2019-06-04,120.52999877929688,120.93000030517578,120.52999877929688,120.87000274658203,94.14082336425781,20566100
2019-06-05,120.97000122070312,121.18000030517578,120.68000030517578,120.79000091552734,94.07852935791016,10423100
2019-06-06,120.95999908447266,121.12000274658203,120.81999969482422,121.0199966430664,94.25769805908203,14133600
2019-06-07,121.5,121.8499984741211,121.43000030517578,121.55999755859375,94.67825317382812,11912900
2019-06-10,121.33999633789062,121.47000122070312,121.11000061035156,121.12000274658203,94.33554077148438,13072400
2019-06-11,121.19999694824219,121.31999969482422,121.02999877929688,121.2300033569336,94.42120361328125,17076700
2019-06-12,121.23999786376953,121.43000030517578,121.1500015258789,121.41000366210938,94.56144714355469,11814400
2019-06-13,121.44999694824219,121.75,121.44999694824219,121.72000122070312,94.80289459228516,6665700
2019-06-14,121.55000305175781,121.81999969482422,121.45999908447266,121.7699966430664,94.84182739257812,4652300
2019-06-17,121.69000244140625,121.93000030517578,121.62000274658203,121.83000183105469,94.88854217529297,6213200
2019-06-18,122.45999908447266,122.7699966430664,122.33999633789062,122.63999938964844,95.51942443847656,19575000
2019-06-19,122.3499984741211,123.44999694824219,122.2300033569336,123.41999816894531,96.12693786621094,17597800
2019-06-20,123.9000015258789,124.16000366210938,123.69999694824219,124.08999633789062,96.64878845214844,24937900
2019-06-21,123.68000030517578,123.88999938964844,123.4800033569336,123.63999938964844,96.29830932617188,18566400
2019-06-24,123.94999694824219,124.16999816894531,123.77999877929688,123.94999694824219,96.53972625732422,15241600
2019-06-25,123.94999694824219,123.98999786376953,123.47000122070312,123.58000183105469,96.25155639648438,17843700
2019-06-26,123.83999633789062,123.83999633789062,123.27999877929688,123.33000183105469,96.05680847167969,24436700
2019-06-27,123.63999938964844,124.13999938964844,123.54000091552734,124.05000305175781,96.61762237548828,10314500
2019-06-28,124.11000061035156,124.44000244140625,124.08999633789062,124.37000274658203,96.86688232421875,9512100
2019-07-01,124.20999908447266,124.54000091552734,123.94000244140625,124.25,97.05039978027344,19129900
2019-07-02,124.31999969482422,124.6500015258789,124.19999694824219,124.58999633789062,97.31603240966797,15843800
2019-07-03,124.6500015258789,124.95999908447266,124.58999633789062,124.93000030517578,97.58154296875,6947300
2019-07-05,124.04000091552734,124.1500015258789,123.33999633789062,123.83000183105469,96.72235870361328,7889900
2019-07-08,124.0,124.05000305175781,123.66000366210938,123.66000366210938,96.589599609375,9239200
2019-07-09,123.58999633789062,123.62000274658203,123.33999633789062,123.4000015258789,96.38645935058594,15877100
2019-07-10,123.55000305175781,123.83999633789062,123.4800033569336,123.68000030517578,96.605224609375,9551800
2019-07-11,123.44999694824219,123.63999938964844,122.8499984741211,122.94999694824219,96.03496551513672,7101300
2019-07-12,122.9000015258789,123.13999938964844,122.83999633789062,123.06999969482422,96.12871551513672,6363600
2019-07-15,123.19999694824219,123.33999633789062,123.08999633789062,123.27999877929688,96.2927474975586,7705000
2019-07-16,122.8499984741211,123.04000091552734,122.70999908447266,123.0199966430664,96.08966827392578,9867500
2019-07-17,123.1500015258789,123.68000030517578,123.1500015258789,123.66999816894531,96.59736633300781,6620400
2019-07-18,123.61000061035156,124.08999633789062,123.36000061035156,123.95999908447266,96.82388305664062,10357300
2019-07-19,123.83000183105469,124.05999755859375,123.6500015258789,123.7699966430664,96.67548370361328,8789300
2019-07-22,124.25,124.2699966430664,124.08999633789062,124.1500015258789,96.9722671508789,4464800
2019-07-23,124.23999786376953,124.23999786376953,123.97000122070312,124.22000122070312,97.02698516845703,7013600
2019-07-24,124.38999938964844,124.58000183105469,124.22000122070312,124.56999969482422,97.30038452148438,11851200
2019-07-25,124.41000366210938,124.48999786376953,123.87000274658203,124.16999816894531,96.98790740966797,9943100
2019-07-26,124.43000030517578,124.48999786376953,124.16999816894531,124.33999633789062,97.1207275390625,7285100
2019-07-29,124.48999786376953,124.51000213623047,124.25,124.26000213623047,97.05821990966797,7379600
2019-07-30,124.22000122070312,124.30999755859375,123.91999816894531,124.22000122070312,97.02698516845703,12112000
2019-07-31,124.3499984741211,124.7300033569336,123.80999755859375,124.33000183105469,97.1129150390625,17422700
2019-08-01,124.30999755859375,125.30999755859375,124.22000122070312,124.98999786376953,97.90242767333984,16216800
2019-08-02,124.94999694824219,125.1500015258789,124.83999633789062,125.12000274658203,98.00430297851562,14629500
2019-08-05,125.51000213623047,125.51000213623047,125.12999725341797,125.20999908447266,98.07476043701172,12715500
2019-08-06,125.58000183105469,126.04000091552734,125.33000183105469,125.98999786376953,98.68572998046875,14920200
2019-08-07,126.47000122070312,126.66000366210938,125.86000061035156,125.97000122070312,98.6700668334961,24644100
2019-08-08,125.77999877929688,126.36000061035156,125.52999877929688,126.30999755859375,98.9363784790039,8353800
2019-08-09,126.30999755859375,126.3499984741211,125.88999938964844,125.94000244140625,98.64656066894531,6375900
2019-08-12,126.30000305175781,126.83000183105469,126.26000213623047,126.7300033569336,99.26533508300781,8075100
2019-08-13,126.81999969482422,126.94999694824219,126.44999694824219,126.62999725341797,99.18702697753906,10955000
2019-08-14,127.0999984741211,127.19999694824219,126.83000183105469,127.0,99.47686004638672,9070900
2019-08-15,127.1500015258789,128.0,127.05000305175781,127.62000274658203,99.96246337890625,11378300
2019-08-16,127.31999969482422,127.9000015258789,127.06999969482422,127.8499984741211,100.14258575439453,10842200
2019-08-19,127.16999816894531,127.62000274658203,127.0,127.43000030517578,99.81364440917969,7226200
2019-08-20,127.8499984741211,128.22000122070312,127.72000122070312,128.1699981689453,100.39328002929688,11402300
2019-08-21,127.87000274658203,128.72999572753906,127.87000274658203,128.39999389648438,100.57345581054688,9344000
2019-08-22,128.25,128.5,127.87999725341797,127.93000030517578,100.20526885986328,7054000
2019-08-23,127.79000091552734,128.7100067138672,127.7699966430664,128.39999389648438,100.57345581054688,7998600
2019-08-26,128.47999572753906,128.72000122070312,128.2100067138672,128.41000366210938,100.58129119873047,6305900
2019-08-27,128.75,129.1999969482422,128.75,129.10000610351562,101.12173461914062,12644100
2019-08-28,129.39999389648438,129.4600067138672,129.00999450683594,129.10000610351562,101.12173461914062,8935800
2019-08-29,129.05999755859375,129.10000610351562,128.35000610351562,128.82000732421875,100.90241241455078,17900500
2019-08-30,128.6699981689453,128.83999633789062,128.4199981689453,128.8000030517578,100.88675689697266,8653700
2019-09-03,128.3699951171875,128.72000122070312,127.94000244140625,128.3300018310547,100.79170227050781,22683500
2019-09-04,128.07000732421875,128.7100067138672,128.07000732421875,128.57000732421875,100.98020935058594,8502600
2019-09-05,127.94999694824219,128.24000549316406,127.41999816894531,127.62999725341797,100.24189758300781,19042800
2019-09-06,127.83999633789062,128.19000244140625,127.77999877929688,128.08999633789062,100.60323333740234,8914800
2019-09-09,127.47000122070312,127.55999755859375,127.1500015258789,127.1500015258789,99.86493682861328,7219000
2019-09-10,126.97000122070312,126.98999786376953,126.06999969482422,126.08000183105469,99.0245361328125,9863400
2019-09-11,126.0,126.31999969482422,125.91000366210938,125.9800033569336,98.94602966308594,8165800
2019-09-12,126.66000366210938,126.76000213623047,125.7300033569336,125.80999755859375,98.8125,11506000
2019-09-13,125.36000061035156,125.58999633789062,124.68000030517578,124.68000030517578,97.92495727539062,8984600
2019-09-16,125.12999725341797,125.43000030517578,124.93000030517578,125.30999755859375,98.41979217529297,11464700
2019-09-17,125.26000213623047,125.80999755859375,125.16000366210938,125.62999725341797,98.67106628417969,12480700
2019-09-18,126.06999969482422,126.45999908447266,125.52999877929688,125.94000244140625,98.91459655761719,9162300
2019-09-19,126.41000366210938,126.61000061035156,126.20999908447266,126.30000305175781,99.19733428955078,9042800
2019-09-20,126.69000244140625,127.2300033569336,126.55999755859375,127.16999816894531,99.88064575195312,10406200
2019-09-23,127.38999938964844,127.58000183105469,127.05000305175781,127.08000183105469,99.8099594116211,9526600
2019-09-24,127.41000366210938,127.6500015258789,127.29000091552734,127.4800033569336,100.12409973144531,12638700
2019-09-25,127.27999877929688,127.36000061035156,126.62999725341797,126.76000213623047,99.55862426757812,13852300
2019-09-26,127.19000244140625,127.2699966430664,127.0,127.02999877929688,99.77068328857422,8377600
2019-09-27,127.1500015258789,127.22000122070312,126.93000030517578,127.05999755859375,99.79425048828125,8627800
2019-09-30,126.95999908447266,127.51000213623047,126.86000061035156,127.4800033569336,100.12409973144531,10769500
2019-10-01,126.55999755859375,127.66000366210938,126.55999755859375,127.29000091552734,100.23912811279297,13233900
2019-10-02,127.25,127.3499984741211,126.97000122070312,127.23999786376953,100.1997299194336,11377000
2019-10-03,127.43000030517578,127.91999816894531,127.43000030517578,127.73999786376953,100.59346008300781,13985000
2019-10-04,128.02999877929688,128.27000427246094,127.94999694824219,128.27000427246094,101.01081085205078,9168500
2019-10-07,127.91000366210938,128.0,127.61000061035156,127.62000274658203,100.49897003173828,6989300
2019-10-08,127.91000366210938,127.98999786376953,127.4800033569336,127.51000213623047,100.41234588623047,8635500
2019-10-09,127.77999877929688,127.77999877929688,127.27999877929688,127.55999755859375,100.45172882080078,9929500
2019-10-10,127.13999938964844,127.19999694824219,126.66000366210938,126.80999755859375,99.86113739013672,7962200
2019-10-11,126.48999786376953,126.7699966430664,126.05000305175781,126.58000183105469,99.68000030517578,11061500
2019-10-14,126.9000015258789,127.05000305175781,126.69999694824219,127.0,100.0107192993164,2276500
2019-10-15,127.05000305175781,127.05000305175781,126.56999969482422,126.66000366210938,99.74298095703125,13199100
2019-10-16,126.73999786376953,126.91000366210938,126.51000213623047,126.80000305175781,99.85320281982422,7793500
2019-10-17,126.81999969482422,127.19000244140625,126.70999908447266,126.9800033569336,99.99501037597656,5795300
2019-10-18,127.13999938964844,127.33999633789062,127.05000305175781,127.13999938964844,100.12095642089844,5978200
2019-10-21,126.9000015258789,127.0,126.80000305175781,126.8499984741211,99.89257049560547,6457700
2019-10-22,127.23999786376953,127.26000213623047,126.87999725341797,127.06999969482422,100.06584167480469,5820000
2019-10-23,127.30999755859375,127.37000274658203,127.08999633789062,127.13999938964844,100.12095642089844,4986100
2019-10-24,127.2699966430664,127.55999755859375,127.2699966430664,127.41999816894531,100.34142303466797,9154900
2019-10-25,127.4800033569336,127.4800033569336,127.02999877929688,127.19999694824219,100.16822052001953,6263000
2019-10-28,126.80000305175781,126.94000244140625,126.72000122070312,126.81999969482422,99.86898803710938,9081600
2019-10-29,126.7699966430664,126.87999725341797,126.4800033569336,126.48999786376953,99.60907745361328,9236700
2019-10-30,126.45999908447266,127.01000213623047,126.43000030517578,126.94000244140625,99.96343994140625,12250700
2019-10-31,127.41000366210938,127.79000091552734,127.26000213623047,127.70999908447266,100.56980895996094,18082800
2019-11-01,127.37999725341797,127.83000183105469,127.30000305175781,127.48999786376953,100.66854858398438,11238400
2019-11-04,127.1500015258789,127.18000030517578,126.8499984741211,126.88999938964844,100.19475555419922,10122100
2019-11-05,126.33999633789062,126.55999755859375,126.0199966430664,126.16000366210938,99.61834716796875,10409200
2019-11-06,126.51000213623047,126.9000015258789,126.5,126.87000274658203,100.178955078125,8496500
2019-11-07,126.31999969482422,126.44000244140625,125.73999786376953,125.87999725341797,99.39727020263672,14799000
2019-11-08,125.86000061035156,126.16999816894531,125.70999908447266,125.70999908447266,99.26300048828125,6256300
2019-11-11,125.95999908447266,125.98999786376953,125.66000366210938,125.75,99.29460144042969,3231600
2019-11-12,125.86000061035156,125.97000122070312,125.61000061035156,125.87000274658203,99.3893814086914,9936600
2019-11-13,126.2300033569336,126.33999633789062,126.11000061035156,126.16999816894531,99.62625122070312,10280100
2019-11-14,126.63999938964844,126.91000366210938,126.63999938964844,126.83000183105469,100.14737701416016,10163800
2019-11-15,126.73999786376953,126.98999786376953,126.5999984741211,126.8499984741211,100.16316986083984,5411900
2019-11-18,127.04000091552734,127.16999816894531,126.91000366210938,126.98999786376953,100.27369689941406,9148900
2019-11-19,127.08000183105469,127.27999877929688,127.04000091552734,127.23999786376953,100.47117614746094,3818800
2019-11-20,127.41000366210938,127.55000305175781,127.30999755859375,127.41999816894531,100.61323547363281,5395800
2019-11-21,127.16999816894531,127.30000305175781,127.01000213623047,127.12000274658203,100.37641143798828,8425700
2019-11-22,127.41999816894531,127.51000213623047,127.2300033569336,127.47000122070312,100.65271759033203,5276600
2019-11-25,127.63999938964844,127.9800033569336,127.62999725341797,127.91000366210938,101.00020599365234,6808600
2019-11-26,128.0500030517578,128.3300018310547,128.02999877929688,128.24000549316406,101.26072692871094,8688800
2019-11-27,127.98999786376953,128.27999877929688,127.9800033569336,128.22999572753906,101.25286102294922,7264000
2019-11-29,128.17999267578125,128.25999450683594,127.83999633789062,127.97000122070312,101.04754638671875,5260900
2019-12-02,127.06999969482422,127.1500015258789,126.80000305175781,127.06999969482422,100.60893249511719,14911500
2019-12-03,127.63999938964844,128.1699981689453,127.51000213623047,128.0500030517578,101.38488006591797,9376800
2019-12-04,127.8499984741211,128.02000427246094,127.45999908447266,127.87999725341797,101.25025177001953,11177600
2019-12-05,127.68000030517578,127.8499984741211,127.47000122070312,127.73999786376953,101.13943481445312,5700600
2019-12-06,127.37000274658203,127.86000061035156,127.30000305175781,127.66999816894531,101.08397674560547,6149500
2019-12-09,127.9800033569336,127.98999786376953,127.62000274658203,127.6500015258789,101.06816101074219,4545300
2019-12-10,127.81999969482422,127.93000030517578,127.52999877929688,127.6500015258789,101.06816101074219,6425500
2019-12-11,127.87999725341797,128.2899932861328,127.83000183105469,128.14999389648438,101.46402740478516,4417100
2019-12-12,128.08999633789062,128.1300048828125,127.16999816894531,127.55999755859375,100.99688720703125,10375000
2019-12-13,128.0399932861328,128.4600067138672,127.69999694824219,128.38999938964844,101.65403747558594,12474100
2019-12-16,128.24000549316406,128.30999755859375,127.97000122070312,128.10000610351562,101.42444610595703,8062600
2019-12-17,128.22000122070312,128.35000610351562,127.97000122070312,128.0,101.34525299072266,10886800
2019-12-18,128.00999450683594,128.11000061035156,127.80999755859375,127.91000366210938,101.27401733398438,10205500
2019-12-19,127.56999969482422,127.83999633789062,127.5,127.69999694824219,101.3740463256836,9307000
2019-12-20,127.62999725341797,127.7300033569336,127.4800033569336,127.66000366210938,101.3423080444336,8336900
2019-12-23,127.80000305175781,127.86000061035156,127.47000122070312,127.72000122070312,101.38993072509766,3827500
2019-12-24,127.55999755859375,127.95999908447266,127.5,127.8499984741211,101.49308776855469,2638000
2019-12-26,128.0399932861328,128.10000610351562,127.80000305175781,128.0800018310547,101.67566680908203,3879900
2019-12-27,128.35000610351562,128.39999389648438,128.25999450683594,128.25999450683594,101.81856536865234,8752100
2019-12-30,127.9000015258789,128.5,127.77999877929688,128.49000549316406,102.00118255615234,9993800
2019-12-31,128.00999450683594,128.25,127.88999938964844,127.95999908447266,101.58045196533203,5499400
2020-01-02,128.33999633789062,128.57000732421875,128.05999755859375,128.22999572753906,101.79476165771484,15348700
2020-01-03,128.39999389648438,128.7100067138672,128.27000427246094,128.6699981689453,102.14402770996094,10110900
2020-01-06,128.69000244140625,128.86000061035156,128.13999938964844,128.24000549316406,101.80270385742188,13894300
2020-01-07,128.1699981689453,128.17999267578125,127.83999633789062,127.91000366210938,101.5407485961914,8211700
2020-01-08,128.00999450683594,128.32000732421875,127.66999816894531,127.7300033569336,101.39784240722656,12268500
2020-01-09,127.69999694824219,128.38999938964844,127.66000366210938,128.33999633789062,101.8820571899414,14415100
2020-01-10,128.47000122070312,128.85000610351562,128.41000366210938,128.6999969482422,102.16787719726562,8263500
2020-01-13,128.52000427246094,128.5500030517578,128.3300018310547,128.38999938964844,101.92180633544922,4477400
2020-01-14,128.36000061035156,128.57000732421875,128.32000732421875,128.5500030517578,102.04878234863281,11066300
2020-01-15,128.8000030517578,128.8699951171875,128.63999938964844,128.8300018310547,102.27104949951172,8712400
2020-01-16,128.89999389648438,129.11000061035156,128.75,129.00999450683594,102.41397094726562,13926100
2020-01-17,128.92999267578125,129.08999633789062,128.60000610351562,128.99000549316406,102.39810180664062,13727800
2020-01-21,129.36000061035156,129.6699981689453,129.07000732421875,129.61000061035156,102.8902587890625,16807300
2020-01-22,129.83999633789062,129.8800048828125,129.6699981689453,129.67999267578125,102.94584655761719,9928600
2020-01-23,129.91000366210938,130.0,129.74000549316406,129.85000610351562,103.080810546875,13623200
2020-01-24,130.1300048828125,130.22000122070312,129.9600067138672,130.07000732421875,103.2554931640625,11604500
2020-01-27,130.19000244140625,130.4499969482422,130.13999938964844,130.32000732421875,103.45390319824219,10461200
2020-01-28,130.4499969482422,130.55999755859375,130.1199951171875,130.25,103.3983154296875,12055900
2020-01-29,130.60000610351562,130.8800048828125,130.58999633789062,130.6699981689453,103.73175811767578,11174700
2020-01-30,130.72000122070312,130.9499969482422,130.47000122070312,130.75,103.79524993896484,14619200
2020-01-31,130.9600067138672,131.16000366210938,130.77000427246094,131.08999633789062,104.06513214111328,20194800
2020-02-03,130.5800018310547,130.80999755859375,130.4199981689453,130.64999389648438,103.98318481445312,11216300
2020-02-04,130.4199981689453,130.5,130.1300048828125,130.3300018310547,103.72850036621094,16799300
2020-02-05,130.1699981689453,130.30999755859375,130.08999633789062,130.25,103.66481018066406,9587500
2020-02-06,130.2899932861328,130.44000244140625,130.17999267578125,130.19000244140625,103.6170883178711,11028900
2020-02-07,130.72000122070312,130.88999938964844,130.5800018310547,130.69000244140625,104.01502227783203,11517200
2020-02-10,130.89999389648438,131.05999755859375,130.8000030517578,131.0,104.26173400878906,10405800
2020-02-11,130.88999938964844,131.07000732421875,130.7899932861328,130.80999755859375,104.11051177978516,10052700
2020-02-12,130.6999969482422,130.80999755859375,130.60000610351562,130.75,104.06278991699219,7069100
2020-02-13,130.75,130.91000366210938,130.63999938964844,130.66000366210938,103.99112701416016,5437400
2020-02-14,131.05999755859375,131.13999938964844,130.85000610351562,130.97999572753906,104.24581146240234,8254500
2020-02-18,131.1300048828125,131.35000610351562,131.02999877929688,131.22999572753906,104.44483184814453,9650900
2020-02-19,131.1199951171875,131.2899932861328,131.00999450683594,131.0500030517578,104.30155181884766,10731500
2020-02-20,131.16000366210938,131.49000549316406,131.13999938964844,131.49000549316406,104.65170288085938,13706000
2020-02-21,131.77999877929688,132.0500030517578,131.6699981689453,131.75,104.85870361328125,12192700
2020-02-24,132.02000427246094,132.16000366210938,131.75999450683594,131.77000427246094,104.87458038330078,17894700
2020-02-25,131.89999389648438,132.1999969482422,131.75,131.89999389648438,104.97802734375,19930500
2020-02-26,131.5,132.0399932861328,131.39999389648438,131.41000366210938,104.58807373046875,23073400
2020-02-27,131.6300048828125,131.89999389648438,130.69000244140625,130.7100067138672,104.03092956542969,29687900
2020-02-28,131.00999450683594,132.2899932861328,130.75999450683594,132.17999267578125,105.20089721679688,25073300
2020-03-02,131.8699951171875,132.50999450683594,131.60000610351562,131.6999969482422,105.09638977050781,15922600
2020-03-03,131.8300018310547,133.99000549316406,131.75,133.1999969482422,106.2933349609375,39141000
2020-03-04,133.61000061035156,134.05999755859375,133.25,133.38999938964844,106.44497680664062,23702000
2020-03-05,133.72000122070312,133.8699951171875,133.05999755859375,133.33999633789062,106.40509796142578,22089500
2020-03-06,134.1999969482422,134.52999877929688,133.49000549316406,134.27000427246094,107.14723205566406,30099900
2020-03-09,131.2899932861328,133.22000122070312,130.35000610351562,131.00999450683594,104.54576110839844,27166000
2020-03-10,130.91000366210938,131.36000061035156,128.05999755859375,128.05999755859375,102.191650390625,30024700
2020-03-11,128.0800018310547,128.27000427246094,123.19999694824219,123.8499984741211,98.83207702636719,37310300
2020-03-12,121.43000030517578,125.80000305175781,115.72000122070312,117.94000244140625,94.11589813232422,41021400
2020-03-13,121.48999786376953,124.0,119.23999786376953,123.05000305175781,98.19365692138672,33470600
2020-03-16,116.31999969482422,122.05000305175781,115.20999908447266,121.30000305175781,96.79719543457031,19928900
2020-03-17,119.44999694824219,121.05000305175781,115.38999938964844,116.33000183105469,92.83113098144531,19074000
2020-03-18,112.72000122070312,114.70999908447266,108.31999969482422,110.51000213623047,88.1867904663086,23808700
2020-03-19,109.08000183105469,110.0,104.94999694824219,105.05000305175781,83.82971954345703,29077100
2020-03-20,108.87000274658203,110.63999938964844,105.80000305175781,106.73999786376953,85.17831420898438,29390100
2020-03-23,111.06999969482422,115.13999938964844,110.83000183105469,114.62999725341797,91.47453308105469,36918800
2020-03-24,115.54000091552734,118.72000122070312,114.8499984741211,116.9800033569336,93.34981536865234,43049700
2020-03-25,117.88999938964844,123.5999984741211,117.19000244140625,122.58000183105469,97.8186264038086,45181000
2020-03-26,122.5,123.33000183105469,121.25,122.68000030517578,97.8984375,21893500
2020-03-27,121.58000183105469,122.62000274658203,120.55999755859375,122.43000030517578,97.69889831542969,27730300
2020-03-30,122.83999633789062,125.0,122.83999633789062,123.91999816894531,98.88792419433594,19272700
2020-03-31,124.08999633789062,124.91000366210938,122.98999786376953,123.51000213623047,98.56073760986328,23901400
2020-04-01,122.55000305175781,122.5999984741211,121.31999969482422,121.41000366210938,97.12875366210938,21859400
2020-04-02,121.66000366210938,123.5,121.51000213623047,121.7300033569336,97.38475036621094,22929500
2020-04-03,122.0199966430664,122.23999786376953,120.68000030517578,121.0999984741211,96.8807373046875,10754100
2020-04-06,122.62999725341797,123.5,122.2300033569336,123.48999786376953,98.79273223876953,15631800
2020-04-07,124.30000305175781,124.4800033569336,123.47000122070312,123.68000030517578,98.94476318359375,17457700
2020-04-08,124.33000183105469,126.01000213623047,123.87999725341797,125.91000366210938,100.72876739501953,15484100
2020-04-09,129.41000366210938,132.0,129.10000610351562,131.8300018310547,105.4648208618164,53580000
2020-04-13,131.19000244140625,131.4600067138672,129.80999755859375,130.5500030517578,104.44086456298828,20599800
2020-04-14,131.39999389648438,131.5,129.83999633789062,129.91000366210938,103.9288101196289,14791600
2020-04-15,129.39999389648438,130.8800048828125,129.39999389648438,130.77999877929688,104.62481689453125,13687800
2020-04-16,130.6199951171875,131.07000732421875,130.0399932861328,130.1300048828125,104.10481262207031,12582100
2020-04-17,131.3300018310547,131.47000122070312,129.94000244140625,130.55999755859375,104.44878387451172,11187900
2020-04-20,130.02999877929688,130.1300048828125,129.22999572753906,129.82000732421875,103.85679626464844,12057500
2020-04-21,129.6999969482422,130.1300048828125,128.69000244140625,129.36000061035156,103.48881530761719,16146000
2020-04-22,129.36000061035156,129.60000610351562,128.91000366210938,129.44000244140625,103.55280303955078,19956600
2020-04-23,129.9199981689453,130.24000549316406,129.6999969482422,129.99000549316406,103.99283599853516,5833400
2020-04-24,129.77999877929688,130.1999969482422,129.2100067138672,129.89999389648438,103.9207763671875,14985500
2020-04-27,129.97999572753906,130.10000610351562,128.82000732421875,128.85000610351562,103.0807876586914,11794700
2020-04-28,129.39999389648438,129.55999755859375,129.07000732421875,129.1999969482422,103.36082458496094,9232900
2020-04-29,129.83999633789062,130.22999572753906,129.6999969482422,130.0500030517578,104.04080963134766,7399100
2020-04-30,129.72999572753906,130.14999389648438,129.11000061035156,129.1699981689453,103.3367919921875,14583200
2020-05-01,128.6999969482422,128.94000244140625,127.83000183105469,128.33999633789062,102.92778015136719,15442300
2020-05-04,128.52999877929688,128.9499969482422,128.36000061035156,128.5399932861328,103.08817291259766,9466700
2020-05-05,128.38999938964844,128.72000122070312,128.16000366210938,128.3699951171875,102.95182037353516,7268800
2020-05-06,127.88999938964844,127.94999694824219,126.70999908447266,126.93000030517578,101.79694366455078,10662900
2020-05-07,127.29000091552734,127.5,126.88999938964844,127.2699966430664,102.06968688964844,11194300
2020-05-08,126.81999969482422,127.08000183105469,126.37000274658203,126.66000366210938,101.5804214477539,12286700
2020-05-11,126.37999725341797,126.52999877929688,125.5199966430664,125.55000305175781,100.69023895263672,12334800
2020-05-12,127.16999816894531,127.19999694824219,126.19000244140625,126.76000213623047,101.66065216064453,18760500
2020-05-13,127.29000091552734,127.55999755859375,126.94000244140625,127.05000305175781,101.8932113647461,13404100
2020-05-14,127.5,128.1199951171875,127.0,128.10000610351562,102.73528289794922,16978300
2020-05-15,128.10000610351562,128.61000061035156,127.97000122070312,128.5500030517578,103.09618377685547,17987400
2020-05-18,128.86000061035156,130.0,128.86000061035156,129.27999877929688,103.68161010742188,15299000
2020-05-19,129.3300018310547,129.66000366210938,128.89999389648438,129.3800048828125,103.7618179321289,13529000
2020-05-20,129.75999450683594,130.86000061035156,129.64999389648438,130.8000030517578,104.90070343017578,15068200
2020-05-21,130.99000549316406,131.0,130.5500030517578,130.6999969482422,104.82048797607422,11059200
2020-05-22,130.72000122070312,130.97999572753906,130.52000427246094,130.6999969482422,104.82048797607422,12546900
2020-05-26,130.9199981689453,131.14999389648438,130.47000122070312,130.52000427246094,104.67613220214844,12864900
2020-05-27,130.92999267578125,131.11000061035156,130.6999969482422,131.05999755859375,105.10919952392578,10204500
2020-05-28,130.92999267578125,131.3800048828125,130.60000610351562,131.1699981689453,105.19740295410156,12360900
2020-05-29,131.36000061035156,132.0399932861328,131.16000366210938,132.02000427246094,105.87909698486328,14092500
2020-06-01,131.39999389648438,131.64999389648438,131.25,131.63999938964844,105.83248901367188,15415500
2020-06-02,131.82000732421875,132.30999755859375,131.72999572753906,132.05999755859375,106.17013549804688,11585400
2020-06-03,132.07000732421875,132.27999877929688,131.60000610351562,131.97999572753906,106.10586547851562,15198200
2020-06-04,132.13999938964844,132.3000030517578,131.5,131.5800018310547,105.78427124023438,9777400
2020-06-05,132.08999633789062,132.4499969482422,131.5,132.25999450683594,106.3309326171875,22147400
2020-06-08,132.49000549316406,132.9199981689453,132.30999755859375,132.6999969482422,106.68464660644531,15872100
2020-06-09,132.77000427246094,132.85000610351562,132.35000610351562,132.4199981689453,106.45956420898438,17982200
2020-06-10,132.66000366210938,133.50999450683594,132.10000610351562,133.2899932861328,107.15896606445312,16866200
2020-06-11,132.58999633789062,132.80999755859375,131.1300048828125,131.6999969482422,105.88069152832031,28279600
2020-06-12,132.72999572753906,132.97000122070312,131.7899932861328,132.33999633789062,106.395263671875,16202800
2020-06-15,131.88999938964844,134.8300018310547,131.82000732421875,134.22000122070312,107.90666198730469,24006200
2020-06-16,134.88999938964844,134.89999389648438,133.47999572753906,133.85000610351562,107.60922241210938,16299500
2020-06-17,134.0,134.11000061035156,132.80999755859375,133.58999633789062,107.40019226074219,20132900
2020-06-18,133.6199951171875,133.9199981689453,133.36000061035156,133.88999938964844,107.64136505126953,9306600
2020-06-19,133.9600067138672,134.1999969482422,133.6300048828125,133.99000549316406,107.72176361083984,13741400
2020-06-22,133.99000549316406,134.30999755859375,133.60000610351562,133.86000061035156,107.61725616455078,10134000
2020-06-23,133.6999969482422,134.07000732421875,133.55999755859375,133.61000061035156,107.4162826538086,9381300
2020-06-24,133.33999633789062,133.39999389648438,132.6999969482422,133.24000549316406,107.11882019042969,12357300
2020-06-25,133.3699951171875,133.49000549316406,133.0800018310547,133.3800048828125,107.23135375976562,19115300
2020-06-26,133.39999389648438,133.60000610351562,133.14999389648438,133.5,107.32781219482422,7304900
2020-06-29,133.50999450683594,134.1199951171875,133.17999267578125,134.1199951171875,107.8262939453125,10954600
2020-06-30,134.30999755859375,134.52999877929688,133.82000732421875,134.5,108.13175964355469,11599000
2020-07-01,134.14999389648438,134.94000244140625,133.8800048828125,134.72000122070312,108.558837890625,11872500
2020-07-02,134.9600067138672,135.11000061035156,134.7899932861328,135.0500030517578,108.82477569580078,9733200
2020-07-06,135.16000366210938,135.50999450683594,134.9600067138672,135.39999389648438,109.10680389404297,12706800
2020-07-07,135.39999389648438,135.67999267578125,135.22999572753906,135.5800018310547,109.25186920166016,11645100
2020-07-08,135.6699981689453,135.7100067138672,135.22999572753906,135.36000061035156,109.07459259033203,10033100
2020-07-09,135.63999938964844,136.25,135.4199981689453,136.1199951171875,109.68701171875,9809000
2020-07-10,136.30999755859375,136.4199981689453,135.67999267578125,135.8699951171875,109.48556518554688,9043100
2020-07-13,135.88999938964844,136.0800018310547,135.42999267578125,135.50999450683594,109.19544982910156,22457200
2020-07-14,135.85000610351562,136.44000244140625,135.8000030517578,136.3000030517578,109.8320541381836,12505600
2020-07-15,136.47999572753906,136.5800018310547,136.24000549316406,136.57000732421875,110.04960632324219,8815600
2020-07-16,136.72000122070312,137.02999877929688,136.60000610351562,136.9499969482422,110.35581970214844,7761800
2020-07-17,137.32000732421875,137.41000366210938,136.94000244140625,137.32000732421875,110.65400695800781,6078400
2020-07-20,137.6199951171875,137.6999969482422,137.39999389648438,137.6999969482422,110.96018981933594,7244300
2020-07-21,137.9199981689453,138.10000610351562,137.77999877929688,137.8800048828125,111.10519409179688,7712300
2020-07-22,138.27999877929688,138.33999633789062,138.10000610351562,138.3300018310547,111.46788024902344,6229900
2020-07-23,138.47000122070312,138.52000427246094,138.1699981689453,138.42999267578125,111.54840087890625,9544200
2020-07-24,138.1699981689453,138.38999938964844,137.9499969482422,138.1199951171875,111.29861450195312,9106500
2020-07-27,138.19000244140625,138.2899932861328,137.61000061035156,137.6999969482422,110.96018981933594,6347600
2020-07-28,137.9199981689453,137.99000549316406,137.50999450683594,137.55999755859375,110.84738159179688,12922600
2020-07-29,137.69000244140625,138.30999755859375,137.57000732421875,138.30999755859375,111.45173645019531,7625100
2020-07-30,138.22999572753906,138.30999755859375,137.9600067138672,138.16000366210938,111.33082580566406,8939900
2020-07-31,138.13999938964844,138.4600067138672,137.92999267578125,138.35000610351562,111.48397827148438,11788700
2020-08-03,137.9499969482422,138.33999633789062,137.80999755859375,138.24000549316406,111.63334655761719,10915900
2020-08-04,138.49000549316406,138.75,138.41000366210938,138.75,112.04524230957031,10101900
2020-08-05,138.5399932861328,138.8000030517578,138.42999267578125,138.55999755859375,111.8917465209961,11602000
2020-08-06,138.99000549316406,139.25999450683594,138.92999267578125,139.14999389648438,112.36820220947266,8067800
2020-08-07,139.2899932861328,139.3800048828125,138.72000122070312,138.75999450683594,112.05329895019531,7405300
2020-08-10,138.97999572753906,138.99000549316406,138.41000366210938,138.4600067138672,111.8110122680664,6137100
2020-08-11,138.0,138.08999633789062,137.49000549316406,137.58999633789062,111.10848999023438,12870500
2020-08-12,137.5,137.72999572753906,137.10000610351562,137.25,110.83394622802734,11902600
2020-08-13,137.14999389648438,137.22999572753906,135.75,136.00999450683594,109.83260345458984,20754500
2020-08-14,135.85000610351562,136.1199951171875,135.27999877929688,135.41000366210938,109.34807586669922,12409100
2020-08-17,135.75,135.9199981689453,135.57000732421875,135.69000244140625,109.57416534423828,9522800
2020-08-18,135.86000061035156,136.24000549316406,135.74000549316406,136.0800018310547,109.88916015625,12198000
2020-08-19,136.27999877929688,136.35000610351562,135.60000610351562,135.72000122070312,109.59840393066406,12168600
2020-08-20,136.24000549316406,136.35000610351562,136.02000427246094,136.1999969482422,109.98597717285156,12065300
2020-08-21,136.27999877929688,136.49000549316406,135.97999572753906,136.4499969482422,110.18785858154297,6353900
2020-08-24,136.4600067138672,136.6699981689453,136.1199951171875,136.2100067138672,109.99407196044922,13093400
2020-08-25,135.7100067138672,136.0,135.22999572753906,135.6199951171875,109.51762390136719,12191100
2020-08-26,135.39999389648438,135.67999267578125,135.1300048828125,135.6699981689453,109.55801391601562,6259000
2020-08-27,135.86000061035156,135.88999938964844,134.55999755859375,134.58999633789062,108.68585968017578,12251100
2020-08-28,134.8300018310547,135.07000732421875,134.6199951171875,135.0,109.01697540283203,7907500
2020-08-31,135.1199951171875,135.7899932861328,135.05999755859375,135.60000610351562,109.50150299072266,11874000
2020-09-01,135.25,136.1999969482422,135.10000610351562,136.16000366210938,110.19341278076172,13289900
2020-09-02,136.0500030517578,136.80999755859375,136.0,136.6999969482422,110.63042449951172,14236600
2020-09-03,136.8699951171875,136.89999389648438,136.3300018310547,136.39999389648438,110.38762664794922,16452600
2020-09-04,136.00999450683594,136.1199951171875,134.8699951171875,134.9499969482422,109.21417236328125,13177800
2020-09-08,135.13999938964844,135.42999267578125,134.99000549316406,135.0800018310547,109.31937408447266,13932300
2020-09-09,135.11000061035156,135.69000244140625,135.00999450683594,135.1699981689453,109.3922119140625,11640000
2020-09-10,135.0500030517578,135.4199981689453,134.8800048828125,135.27000427246094,109.47313690185547,12624700
2020-09-11,135.3300018310547,135.60000610351562,135.17999267578125,135.3699951171875,109.55411529541016,9773000
2020-09-14,135.60000610351562,135.97999572753906,135.5800018310547,135.7100067138672,109.8292236328125,13896200
2020-09-15,135.74000549316406,135.99000549316406,135.72999572753906,135.86000061035156,109.95059204101562,9388500
2020-09-16,136.1699981689453,136.27000427246094,135.75999450683594,135.9499969482422,110.02351379394531,8868200
2020-09-17,136.27000427246094,136.3000030517578,135.7899932861328,135.97999572753906,110.04771423339844,12190400
2020-09-18,136.05999755859375,136.1199951171875,135.69000244140625,135.72999572753906,109.84541320800781,9968000
2020-09-21,135.97000122070312,135.97000122070312,135.47000122070312,135.60000610351562,109.74022674560547,12081100
2020-09-22,135.7100067138672,135.8000030517578,135.52000427246094,135.67999267578125,109.80496978759766,8295900
2020-09-23,135.66000366210938,135.72999572753906,134.6199951171875,134.6999969482422,109.01185607910156,17759900
2020-09-24,134.67999267578125,134.80999755859375,134.22999572753906,134.36000061035156,108.73667907714844,20595000
2020-09-25,134.27999877929688,134.4499969482422,134.0399932861328,134.22000122070312,108.62340545654297,9793100
2020-09-28,134.52000427246094,134.9199981689453,134.38999938964844,134.89999389648438,109.17366027832031,8579500
2020-09-29,135.05999755859375,135.17999267578125,134.7100067138672,134.72999572753906,109.0361099243164,8428600
2020-09-30,134.64999389648438,134.7899932861328,134.4199981689453,134.7100067138672,109.01995849609375,11634700
2020-10-01,134.25999450683594,134.92999267578125,134.2100067138672,134.7899932861328,109.32328033447266,12642600
2020-10-02,134.66000366210938,134.88999938964844,134.39999389648438,134.80999755859375,109.33951568603516,10829600
2020-10-05,134.49000549316406,134.75999450683594,134.32000732421875,134.36000061035156,108.97451782226562,10078700
2020-10-06,134.4499969482422,134.9499969482422,133.9499969482422,134.25,108.88529968261719,22370600
2020-10-07,134.25999450683594,134.74000549316406,134.11000061035156,134.2899932861328,108.91777038574219,14745500
2020-10-08,134.66000366210938,134.85000610351562,134.50999450683594,134.6199951171875,109.18537902832031,12101600
2020-10-09,134.52000427246094,134.97999572753906,134.4499969482422,134.92999267578125,109.43682098388672,9979700
2020-10-12,135.11000061035156,135.75,135.10000610351562,135.7100067138672,110.06944274902344,5465400
2020-10-13,135.6699981689453,135.7899932861328,135.38999938964844,135.5800018310547,109.96402740478516,9228200
2020-10-14,135.7899932861328,135.89999389648438,135.5,135.7100067138672,110.06944274902344,12994600
2020-10-15,135.6999969482422,135.75999450683594,135.49000549316406,135.57000732421875,109.95588684082031,13255900
2020-10-16,135.50999450683594,135.8699951171875,135.32000732421875,135.33999633789062,109.76934814453125,8742400
2020-10-19,135.25,135.32000732421875,135.00999450683594,135.0800018310547,109.55848693847656,8634500
2020-10-20,134.97999572753906,135.00999450683594,134.77000427246094,134.8000030517578,109.33137512207031,13413100
2020-10-21,134.58999633789062,134.8800048828125,134.5399932861328,134.5800018310547,109.1529541015625,8890100
2020-10-22,134.5,134.5399932861328,134.16000366210938,134.27999877929688,108.90962982177734,9661800
2020-10-23,134.30999755859375,134.72999572753906,134.2899932861328,134.6199951171875,109.18537902832031,12010800
2020-10-26,134.77999877929688,135.00999450683594,134.72000122070312,134.89999389648438,109.4124526977539,9776600
2020-10-27,135.07000732421875,135.4600067138672,135.00999450683594,135.4499969482422,109.85858917236328,7023800
2020-10-28,135.41000366210938,135.47999572753906,134.74000549316406,134.77999877929688,109.31517791748047,13578300
2020-10-29,134.8000030517578,134.8000030517578,134.0800018310547,134.42999267578125,109.03129577636719,14744600
2020-10-30,134.27000427246094,134.5399932861328,133.72000122070312,133.72999572753906,108.46354675292969,19875600
2020-11-02,133.9600067138672,134.25,133.8800048828125,133.97000122070312,108.88863372802734,18496400
2020-11-03,133.91000366210938,134.13999938964844,133.77999877929688,134.10000610351562,108.99430084228516,11661900
2020-11-04,135.61000061035156,136.22999572753906,135.55999755859375,136.11000061035156,110.62801361083984,20019500
2020-11-05,136.5399932861328,136.82000732421875,136.35000610351562,136.6199951171875,111.04254150390625,14349900
2020-11-06,136.27000427246094,136.3300018310547,135.94000244140625,136.19000244140625,110.69302368164062,12029700
2020-11-09,136.19000244140625,136.3000030517578,135.13999938964844,135.16000366210938,109.85589599609375,21273800
2020-11-10,134.82000732421875,135.3699951171875,134.77000427246094,134.80999755859375,109.57136535644531,18849800
2020-11-11,135.0,135.08999633789062,134.7100067138672,135.05999755859375,109.77458190917969,3763300
2020-11-12,135.17999267578125,135.60000610351562,135.07000732421875,135.60000610351562,110.21350860595703,16891500
2020-11-13,135.77000427246094,135.94000244140625,135.6199951171875,135.75999450683594,110.34349822998047,8256800
2020-11-16,135.8000030517578,136.25,135.72999572753906,136.1999969482422,110.70111083984375,12742500
2020-11-17,136.38999938964844,136.75999450683594,136.25999450683594,136.63999938964844,111.05879211425781,11832300
2020-11-18,136.83999633789062,137.0800018310547,136.77999877929688,136.92999267578125,111.29450225830078,11878400
2020-11-19,137.1999969482422,137.85000610351562,137.11000061035156,137.69000244140625,111.9122085571289,16107800
2020-11-20,137.39999389648438,137.75,137.1699981689453,137.57000732421875,111.81465911865234,18308400
2020-11-23,137.6699981689453,137.80999755859375,137.5500030517578,137.74000549316406,111.95285034179688,8648500
2020-11-24,137.6999969482422,137.77999877929688,137.39999389648438,137.42999267578125,111.70089721679688,11204400
2020-11-25,137.60000610351562,137.6300048828125,137.3800048828125,137.50999450683594,111.76589965820312,6709800
2020-11-27,137.82000732421875,138.07000732421875,137.75,138.0,112.16417694091797,3404800
2020-11-30,138.10000610351562,138.52000427246094,137.9499969482422,138.47999572753906,112.55430603027344,11856200
2020-12-01,138.0500030517578,138.27000427246094,137.47999572753906,137.67999267578125,112.12757110595703,18933600
2020-12-02,137.4600067138672,137.5,136.97999572753906,137.22000122070312,111.75291442871094,15637700
2020-12-03,137.64999389648438,138.02999877929688,137.47999572753906,137.75999450683594,112.19268035888672,18888700
2020-12-04,137.13999938964844,137.33999633789062,136.83999633789062,137.0,111.57372283935547,12521200
2020-12-07,137.33999633789062,137.49000549316406,137.07000732421875,137.1199951171875,111.67144012451172,16697300
2020-12-08,137.3699951171875,137.4499969482422,136.89999389648438,136.9600067138672,111.54119873046875,12797700
2020-12-09,136.60000610351562,136.60000610351562,136.1199951171875,136.4600067138672,111.13396453857422,20824700
2020-12-10,136.57000732421875,137.16000366210938,136.55999755859375,137.13999938964844,111.68778991699219,13527600
2020-12-11,137.13999938964844,137.30999755859375,136.9199981689453,137.27999877929688,111.80181121826172,9023000
2020-12-14,136.97999572753906,137.32000732421875,136.8699951171875,137.17999267578125,111.7203140258789,8004000
2020-12-15,137.1699981689453,137.47999572753906,137.08999633789062,137.4499969482422,111.94024658203125,12254500
2020-12-16,137.1699981689453,137.61000061035156,136.8800048828125,137.33999633789062,111.85065460205078,12326000
2020-12-17,137.52000427246094,137.5800018310547,136.97000122070312,137.25999450683594,112.01383972167969,12338800
2020-12-18,137.47999572753906,137.52000427246094,137.00999450683594,137.16000366210938,111.93226623535156,8781900
2020-12-21,137.1300048828125,137.13999938964844,136.6699981689453,136.88999938964844,111.71194458007812,11925000
2020-12-22,137.19000244140625,137.2899932861328,136.99000549316406,137.27000427246094,112.02201843261719,10226800
2020-12-23,136.9199981689453,137.32000732421875,136.64999389648438,137.3000030517578,112.04652404785156,7553100
2020-12-24,137.47999572753906,137.8300018310547,137.47999572753906,137.77000427246094,112.43006134033203,3397000
2020-12-28,137.57000732421875,137.89999389648438,137.5,137.86000061035156,112.50347900390625,6279200
2020-12-29,137.61000061035156,137.92999267578125,137.60000610351562,137.9199981689453,112.55249786376953,6581800
2020-12-30,137.88999938964844,138.11000061035156,137.7899932861328,138.10000610351562,112.69938659667969,5343100
2020-12-31,138.0399932861328,138.22000122070312,137.9600067138672,138.1300048828125,112.7238540649414,6932300
2021-01-04,137.88999938964844,137.88999938964844,137.3800048828125,137.42999267578125,112.15258026123047,14891400
2021-01-05,137.05999755859375,137.05999755859375,136.5500030517578,136.99000549316406,111.79351043701172,16294400
2021-01-06,135.77999877929688,135.97999572753906,135.39999389648438,135.8800048828125,110.88770294189453,19136500
2021-01-07,135.55999755859375,135.9499969482422,135.5399932861328,135.86000061035156,110.87136840820312,11886100
2021-01-08,135.77999877929688,135.88999938964844,135.4499969482422,135.75999450683594,110.78972625732422,13341400
2021-01-11,135.49000549316406,135.49000549316406,135.1699981689453,135.17999267578125,110.31643676757812,7557700
2021-01-12,135.11000061035156,135.5399932861328,134.74000549316406,135.47000122070312,110.55304718017578,16766200
2021-01-13,135.75999450683594,136.63999938964844,135.72999572753906,136.52000427246094,111.40998077392578,16490700
2021-01-14,136.5500030517578,136.6300048828125,135.83999633789062,135.92999267578125,110.92845153808594,22050500
2021-01-15,136.24000549316406,136.50999450683594,136.0399932861328,136.13999938964844,111.09986114501953,13680700
2021-01-19,136.08999633789062,136.47999572753906,136.0500030517578,136.3800048828125,111.29574584960938,12807500
2021-01-20,136.35000610351562,136.50999450683594,136.27000427246094,136.33999633789062,111.26305389404297,12218400
2021-01-21,135.77000427246094,135.92999267578125,135.60000610351562,135.8000030517578,110.8223876953125,25084300
2021-01-22,135.75999450683594,135.91000366210938,135.60000610351562,135.6999969482422,110.74079895019531,15998800
2021-01-25,135.9499969482422,136.3699951171875,135.92999267578125,136.27999877929688,111.21409606933594,14603700
2021-01-26,136.02000427246094,136.4499969482422,135.9600067138672,136.27000427246094,111.20592498779297,11926900
2021-01-27,136.4199981689453,136.44000244140625,135.97999572753906,136.02999877929688,111.01010131835938,13822700
2021-01-28,136.0399932861328,136.17999267578125,135.75999450683594,135.80999755859375,110.83057403564453,16896900
2021-01-29,135.4199981689453,135.89999389648438,134.9600067138672,135.60000610351562,110.65918731689453,18131600
2021-02-01,135.3699951171875,135.6999969482422,135.30999755859375,135.60000610351562,110.87750244140625,10682300
2021-02-02,135.2100067138672,135.36000061035156,135.0399932861328,135.24000549316406,110.5831527709961,12710600
2021-02-03,135.0,135.0800018310547,134.8699951171875,134.9199981689453,110.32150268554688,13189600
2021-02-04,134.80999755859375,135.22000122070312,134.6300048828125,135.14999389648438,110.50950622558594,10689500
2021-02-05,135.24000549316406,135.3800048828125,134.72000122070312,134.7899932861328,110.21512603759766,12016300
2021-02-08,134.92999267578125,135.41000366210938,134.8699951171875,135.3699951171875,110.689453125,13460300
2021-02-09,135.47000122070312,135.49000549316406,134.8800048828125,135.16000366210938,110.51770782470703,11755100
2021-02-10,135.3800048828125,135.5500030517578,135.2899932861328,135.47999572753906,110.77934265136719,9414500
2021-02-11,135.5399932861328,135.55999755859375,135.0399932861328,135.1199951171875,110.48500061035156,9241100
2021-02-12,134.61000061035156,134.94000244140625,134.57000732421875,134.67999267578125,110.12522888183594,13717100
2021-02-16,134.02000427246094,134.2899932861328,133.7100067138672,133.72999572753906,109.34844207763672,21429200
2021-02-17,134.33999633789062,134.42999267578125,134.02999877929688,134.39999389648438,109.89628601074219,16195400
2021-02-18,134.1300048828125,134.35000610351562,133.83999633789062,134.13999938964844,109.6836929321289,15414100
2021-02-19,133.7899932861328,133.89999389648438,133.14999389648438,133.1699981689453,108.89056396484375,13678500
2021-02-22,132.94000244140625,133.22000122070312,132.25,132.33999633789062,108.21190643310547,17978100
2021-02-23,131.91000366210938,132.47000122070312,131.75999450683594,132.44000244140625,108.29362487792969,23482500
2021-02-24,131.63999938964844,132.6699981689453,131.35000610351562,132.63999938964844,108.45719146728516,18120000
2021-02-25,131.72999572753906,131.91000366210938,129.77999877929688,130.5399932861328,106.74002075195312,35471200
2021-02-26,131.44000244140625,132.32000732421875,130.99000549316406,132.27000427246094,108.15460205078125,23284400
2021-03-01,131.63999938964844,132.1699981689453,131.63999938964844,132.1300048828125,108.26033020019531,23890800
2021-03-02,132.10000610351562,132.11000061035156,131.77000427246094,131.97999572753906,108.13741302490234,13633400
2021-03-03,131.2899932861328,131.85000610351562,130.94000244140625,131.0,107.33447265625,24043300
2021-03-04,131.0500030517578,131.16000366210938,129.80999755859375,129.92999267578125,106.45775604248047,21771800
2021-03-05,129.58999633789062,129.92999267578125,129.27000427246094,129.75999450683594,106.31846618652344,23789400
2021-03-08,129.52999877929688,129.6199951171875,128.52999877929688,128.5500030517578,105.32705688476562,15029200
2021-03-09,129.2100067138672,129.6199951171875,129.16000366210938,129.52000427246094,106.121826171875,21900300
2021-03-10,129.7100067138672,130.2899932861328,129.7100067138672,130.1300048828125,106.62166595458984,19440400
2021-03-11,130.2899932861328,130.5500030517578,130.05999755859375,130.2100067138672,106.68718719482422,20622100
2021-03-12,129.1300048828125,129.2899932861328,128.66000366210938,128.7100067138672,105.45817565917969,14352000
2021-03-15,128.8300018310547,129.27999877929688,128.8300018310547,129.14999389648438,105.81867980957031,10111200
2021-03-16,129.2100067138672,129.38999938964844,128.8699951171875,129.05999755859375,105.74491119384766,11356900
2021-03-17,128.47999572753906,129.4600067138672,128.30999755859375,129.17999267578125,105.8432388305664,19086100
2021-03-18,128.00999450683594,128.6199951171875,127.91000366210938,128.44000244140625,105.23695373535156,21368700
2021-03-19,128.42999267578125,128.72000122070312,128.24000549316406,128.6300048828125,105.39262390136719,19776100
2021-03-22,129.05999755859375,129.4600067138672,128.92999267578125,129.08999633789062,105.76950073242188,16677200
2021-03-23,129.08999633789062,129.58999633789062,129.08999633789062,129.47000122070312,106.08086395263672,32228000
2021-03-24,129.2100067138672,129.9199981689453,129.2100067138672,129.86000061035156,106.400390625,13435400
2021-03-25,129.92999267578125,130.02000427246094,129.4499969482422,129.7100067138672,106.27751159667969,12945900
2021-03-26,129.4499969482422,129.82000732421875,129.3300018310547,129.6199951171875,106.20378112792969,14315000
2021-03-29,129.6699981689453,129.7100067138672,129.11000061035156,129.30999755859375,105.94975280761719,11279900
2021-03-30,129.25999450683594,129.7899932861328,128.97999572753906,129.7100067138672,106.27751159667969,20219000
2021-03-31,129.91000366210938,130.3800048828125,129.8300018310547,130.0500030517578,106.55608367919922,23764600
2021-04-01,130.4600067138672,130.64999389648438,130.14999389648438,130.61000061035156,107.22432708740234,16390900
2021-04-05,130.19000244140625,130.3000030517578,129.9199981689453,129.97000122070312,106.69893646240234,17015500
2021-04-06,130.16000366210938,130.8800048828125,130.16000366210938,130.83999633789062,107.41313171386719,15762000
2021-04-07,130.7899932861328,130.9199981689453,130.41000366210938,130.5800018310547,107.19971466064453,10976500
2021-04-08,130.75,131.0800018310547,130.6699981689453,131.05999755859375,107.59373474121094,7452800
2021-04-09,130.63999938964844,131.10000610351562,130.5399932861328,130.7899932861328,107.3720703125,7568300
2021-04-12,130.6999969482422,130.77000427246094,130.52000427246094,130.75999450683594,107.34750366210938,10579800
2021-04-13,130.61000061035156,131.35000610351562,130.55999755859375,131.33999633789062,107.8236083984375,9582100
2021-04-14,131.16000366210938,131.2899932861328,130.94000244140625,131.16000366210938,107.67587280273438,10219300
2021-04-15,131.66000366210938,132.32000732421875,131.64999389648438,131.97000122070312,108.3408432006836,17234400
2021-04-16,131.27999877929688,131.67999267578125,131.0500030517578,131.07000732421875,107.6019515991211,21100200
2021-04-19,130.77999877929688,130.89999389648438,130.6300048828125,130.72999572753906,107.32284545898438,10868200
2021-04-20,130.69000244140625,131.19000244140625,130.64999389648438,130.97999572753906,107.52808380126953,11996200
2021-04-21,131.05999755859375,131.42999267578125,130.89999389648438,131.42999267578125,107.8974838256836,10473600
2021-04-22,131.5500030517578,131.6699981689453,131.25999450683594,131.55999755859375,108.00423431396484,16487100
2021-04-23,131.72000122070312,131.88999938964844,131.49000549316406,131.6699981689453,108.09453582763672,15170600
2021-04-26,131.6999969482422,131.8800048828125,131.58999633789062,131.61000061035156,108.04528045654297,10915200
2021-04-27,131.60000610351562,131.63999938964844,131.02000427246094,131.02000427246094,107.5609130859375,10418200
2021-04-28,131.00999450683594,131.11000061035156,130.5800018310547,131.0399932861328,107.57733154296875,15731100
2021-04-29,130.6699981689453,130.92999267578125,130.36000061035156,130.8800048828125,107.44597625732422,11697300
2021-04-30,130.9600067138672,131.24000549316406,130.8699951171875,131.14999389648438,107.66761016845703,11860200
2021-05-03,131.1300048828125,131.42999267578125,130.8699951171875,131.2100067138672,107.92672729492188,9029900
2021-05-04,131.47999572753906,131.61000061035156,131.08999633789062,131.2899932861328,107.99253845214844,14006800
2021-05-05,131.1199951171875,131.5,131.1199951171875,131.4499969482422,108.1241455078125,5722300
2021-05-06,131.5,131.75999450683594,131.3699951171875,131.6999969482422,108.32980346679688,9383600
2021-05-07,132.0800018310547,132.33999633789062,131.52999877929688,131.75,108.37092590332031,11267200
2021-05-10,131.52000427246094,131.77000427246094,131.02999877929688,131.0399932861328,107.78691101074219,9705000
2021-05-11,130.5399932861328,130.7899932861328,130.4199981689453,130.55999755859375,107.39208984375,12179400
2021-05-12,130.1300048828125,130.30999755859375,129.77999877929688,129.85000610351562,106.80806732177734,12569900
2021-05-13,130.1300048828125,130.5399932861328,130.1300048828125,130.33999633789062,107.21111297607422,9508200
2021-05-14,130.82000732421875,131.0800018310547,130.6699981689453,131.0500030517578,107.7951431274414,8987200
2021-05-17,131.0500030517578,131.05999755859375,130.82000732421875,130.89999389648438,107.67174530029297,6001600
2021-05-18,130.6699981689453,130.72999572753906,130.4499969482422,130.47000122070312,107.31804656982422,8835300
2021-05-19,130.36000061035156,130.67999267578125,129.97999572753906,130.24000549316406,107.12885284423828,20069600
2021-05-20,130.63999938964844,131.1699981689453,130.63999938964844,131.1300048828125,107.86095428466797,10498100
2021-05-21,131.32000732421875,131.4199981689453,131.08999633789062,131.22000122070312,107.93496704101562,7826100
2021-05-24,131.5,131.64999389648438,131.36000061035156,131.5800018310547,108.2311019897461,5756400
2021-05-25,131.67999267578125,132.11000061035156,131.66000366210938,132.07000732421875,108.63410949707031,11428000
2021-05-26,131.8800048828125,132.1300048828125,131.74000549316406,132.0,108.57656860351562,28568500
2021-05-27,131.80999755859375,131.82000732421875,131.02000427246094,131.60000610351562,108.24755859375,15033000
2021-05-28,131.69000244140625,132.05999755859375,131.66000366210938,131.7100067138672,108.3380355834961,10432400
2021-06-01,131.44000244140625,131.5,131.11000061035156,131.47000122070312,108.35204315185547,6390600
2021-06-02,131.55999755859375,131.75999450683594,131.5500030517578,131.67999267578125,108.52510070800781,8140400
2021-06-03,131.3000030517578,131.38999938964844,131.1300048828125,131.16000366210938,108.0965576171875,10028100
2021-06-04,131.58999633789062,132.10000610351562,131.5399932861328,132.08999633789062,108.8630142211914,11427200
2021-06-07,131.97000122070312,132.0500030517578,131.86000061035156,131.97999572753906,108.7723617553711,5000100
2021-06-08,132.32000732421875,132.52999877929688,132.32000732421875,132.47999572753906,109.1844482421875,10626800
2021-06-09,132.97999572753906,133.16000366210938,132.77999877929688,132.9600067138672,109.58001708984375,12152200
2021-06-10,132.74000549316406,133.57000732421875,132.63999938964844,133.55999755859375,110.07450866699219,16424100
2021-06-11,133.6699981689453,133.8000030517578,133.42999267578125,133.6699981689453,110.1651840209961,12707000
2021-06-14,133.49000549316406,133.50999450683594,133.0,133.17999267578125,109.7613296508789,8327200
2021-06-15,133.05999755859375,133.32000732421875,132.9600067138672,133.27999877929688,109.84375,17848200
2021-06-16,133.44000244140625,133.7100067138672,132.52999877929688,132.89999389648438,109.53060913085938,22698500
2021-06-17,133.22000122070312,134.25999450683594,133.22000122070312,133.63999938964844,110.14044189453125,22735800
2021-06-18,133.88999938964844,134.57000732421875,133.77000427246094,134.33999633789062,110.71736145019531,21169700
2021-06-21,133.75,133.9199981689453,133.47000122070312,133.55999755859375,110.07450866699219,22492000
2021-06-22,133.1300048828125,133.7899932861328,133.11000061035156,133.77999877929688,110.2558364868164,12098400
2021-06-23,133.58999633789062,133.8000030517578,133.4499969482422,133.57000732421875,110.08277130126953,12519100
2021-06-24,133.6999969482422,133.8800048828125,133.63999938964844,133.8300018310547,110.29703521728516,8241300
2021-06-25,133.83999633789062,133.92999267578125,133.13999938964844,133.47999572753906,110.00859069824219,10981600
2021-06-28,133.8000030517578,134.1199951171875,133.75999450683594,134.0500030517578,110.4783935546875,12359900
2021-06-29,133.80999755859375,134.22000122070312,133.77000427246094,134.2100067138672,110.6102294921875,11194400
2021-06-30,134.42999267578125,134.6199951171875,134.27000427246094,134.36000061035156,110.73387908935547,17381500
2021-07-01,134.0500030517578,134.16000366210938,133.74000549316406,133.99000549316406,110.63726043701172,11062700
2021-07-02,134.02999877929688,134.3800048828125,133.9499969482422,134.3699951171875,110.95097351074219,6896200
2021-07-06,134.52999877929688,135.17999267578125,134.52999877929688,134.86000061035156,111.35564422607422,11499900
2021-07-07,135.1300048828125,135.5,134.97999572753906,135.32000732421875,111.73544311523438,16902400
2021-07-08,135.27000427246094,135.60000610351562,135.16000366210938,135.38999938964844,111.79327392578125,17494900
2021-07-09,134.8000030517578,134.8800048828125,134.72000122070312,134.82000732421875,111.32262420654297,13192600
2021-07-12,134.9499969482422,135.00999450683594,134.64999389648438,134.75,111.26478576660156,12577200
2021-07-13,134.89999389648438,134.9600067138672,134.02999877929688,134.25,110.85195922851562,19922400
2021-07-14,134.6300048828125,134.89999389648438,134.6199951171875,134.8699951171875,111.36385345458984,14420100
2021-07-15,135.22000122070312,135.2899932861328,134.77000427246094,135.16000366210938,111.60330963134766,15859100
2021-07-16,134.8000030517578,135.1300048828125,134.8000030517578,134.97000122070312,111.44645690917969,9624600
2021-07-19,135.64999389648438,136.0800018310547,135.58999633789062,135.94000244140625,112.24742126464844,21808500
2021-07-20,136.3699951171875,136.5399932861328,135.57000732421875,135.75,112.09049224853516,24764800
2021-07-21,135.24000549316406,135.44000244140625,135.02999877929688,135.27000427246094,111.69416046142578,22385000
2021-07-22,135.3800048828125,135.89999389648438,135.27000427246094,135.8300018310547,112.15654754638672,6074900
2021-07-23,135.3000030517578,135.77999877929688,135.25,135.77000427246094,112.10704040527344,11455300
2021-07-26,135.88999938964844,135.88999938964844,135.3800048828125,135.47000122070312,111.85929107666016,8684600
2021-07-27,135.94000244140625,136.0500030517578,135.6699981689453,136.0500030517578,112.33824157714844,10506100
2021-07-28,135.75999450683594,136.3000030517578,135.6300048828125,136.2899932861328,112.53638458251953,12225700
2021-07-29,135.8800048828125,136.00999450683594,135.77000427246094,135.89999389648438,112.21437072753906,15828800
2021-07-30,135.9600067138672,136.17999267578125,135.92999267578125,136.00999450683594,112.30519104003906,11148100
2021-08-02,135.9199981689453,136.50999450683594,135.85000610351562,136.16000366210938,112.63025665283203,12042700
2021-08-03,136.19000244140625,136.39999389648438,136.13999938964844,136.3000030517578,112.74607849121094,13121700
2021-08-04,136.6199951171875,136.77999877929688,135.72000122070312,136.3300018310547,112.77093505859375,14426200
2021-08-05,136.11000061035156,136.13999938964844,135.74000549316406,135.77000427246094,112.30769348144531,13960900
2021-08-06,134.99000549316406,135.16000366210938,134.63999938964844,134.66000366210938,111.38951873779297,8641500
2021-08-09,134.69000244140625,134.80999755859375,134.0800018310547,134.0800018310547,110.90972900390625,14166600
2021-08-10,134.24000549316406,134.25,133.77999877929688,133.77999877929688,110.66155242919922,12103500
2021-08-11,133.77999877929688,134.3300018310547,133.57000732421875,133.99000549316406,110.83528900146484,15902200
2021-08-12,134.0,134.2100067138672,133.8699951171875,134.17999267578125,110.99246978759766,14593200
2021-08-13,134.50999450683594,135.1199951171875,134.39999389648438,135.0800018310547,111.73692321777344,17846600
2021-08-16,135.41000366210938,135.66000366210938,135.1300048828125,135.16000366210938,111.8030776977539,15203000
2021-08-17,134.94000244140625,135.1300048828125,134.82000732421875,134.9199981689453,111.60458374023438,15055900
2021-08-18,134.92999267578125,135.11000061035156,134.60000610351562,134.8300018310547,111.5301284790039,9134600
2021-08-19,135.0399932861328,135.25,134.83999633789062,135.13999938964844,111.7865219116211,15681600
2021-08-20,135.2899932861328,135.38999938964844,135.0500030517578,135.22999572753906,111.86102294921875,10782100
2021-08-23,135.3300018310547,135.4600067138672,135.1999969482422,135.3300018310547,111.94373321533203,12064300
2021-08-24,135.1999969482422,135.3000030517578,134.91000366210938,135.02000427246094,111.68727111816406,13782900
2021-08-25,135.02000427246094,135.1300048828125,134.50999450683594,134.6699981689453,111.39778900146484,15533600
2021-08-26,134.8300018310547,134.85000610351562,134.4499969482422,134.6300048828125,111.36463165283203,14673700
2021-08-27,134.77999877929688,135.42999267578125,134.57000732421875,135.3800048828125,111.98507690429688,11670000
2021-08-30,135.25,135.66000366210938,135.22000122070312,135.61000061035156,112.17532348632812,9119900
2021-08-31,135.57000732421875,135.77999877929688,135.1999969482422,135.3000030517578,111.91889190673828,15644700
2021-09-01,135.3300018310547,135.38999938964844,134.8800048828125,135.24000549316406,112.0630874633789,16028100
2021-09-02,135.3699951171875,135.47999572753906,135.1999969482422,135.47999572753906,112.26191711425781,11822200
2021-09-03,134.91000366210938,135.08999633789062,134.82000732421875,134.99000549316406,111.85591888427734,7681300
2021-09-07,134.5,134.5,134.1199951171875,134.35000610351562,111.32562255859375,14271400
2021-09-08,134.5800018310547,134.8800048828125,134.39999389648438,134.77999877929688,111.68189239501953,16045000
2021-09-09,134.9600067138672,135.72999572753906,134.83999633789062,135.66000366210938,112.41108703613281,18014200
2021-09-10,135.52000427246094,135.60000610351562,135.08999633789062,135.27000427246094,112.08794403076172,10776600
2021-09-13,135.57000732421875,135.77999877929688,135.5399932861328,135.60000610351562,112.36137390136719,13159800
2021-09-14,135.77000427246094,136.25999450683594,135.67999267578125,136.00999450683594,112.70111846923828,16550300
2021-09-15,135.9600067138672,136.0,135.63999938964844,135.85000610351562,112.56851196289062,14194400
2021-09-16,135.4499969482422,135.74000549316406,135.3699951171875,135.66000366210938,112.41108703613281,16282400
2021-09-17,135.2899932861328,135.39999389648438,135.10000610351562,135.36000061035156,112.16253662109375,15769600
2021-09-20,135.3800048828125,135.8300018310547,135.3800048828125,135.77999877929688,112.51057434082031,17519900
2021-09-21,135.8000030517578,135.88999938964844,135.6699981689453,135.77000427246094,112.50228881835938,15834600
2021-09-22,135.77999877929688,136.2100067138672,135.6300048828125,136.14999389648438,112.81713104248047,15898200
2021-09-23,135.7100067138672,135.7100067138672,135.0,135.2100067138672,112.03821563720703,14735500
2021-09-24,135.05999755859375,135.14999389648438,134.77999877929688,134.9199981689453,111.79788970947266,10797300
2021-09-27,134.6300048828125,134.9600067138672,134.5399932861328,134.85000610351562,111.73991394042969,13104100
2021-09-28,134.0500030517578,134.0500030517578,133.38999938964844,133.41000366210938,110.54669952392578,19987200
2021-09-29,133.77999877929688,134.07000732421875,133.25,133.3800048828125,110.52183532714844,14956300
2021-09-30,133.30999755859375,133.3800048828125,132.97000122070312,133.02999877929688,110.23178100585938,21397100
2021-10-01,133.22999572753906,133.94000244140625,133.17999267578125,133.74000549316406,111.03298950195312,21381400
2021-10-04,133.42999267578125,133.6699981689453,133.25,133.52000427246094,110.850341796875,12931100
2021-10-05,133.39999389648438,133.50999450683594,132.97000122070312,132.97000122070312,110.39373779296875,14635200
2021-10-06,133.0,133.1300048828125,132.77999877929688,133.00999450683594,110.42692565917969,13855500
2021-10-07,132.72000122070312,132.82000732421875,132.3800048828125,132.4199981689453,109.9371337890625,15805500
2021-10-08,132.27999877929688,132.30999755859375,131.7100067138672,131.80999755859375,109.4306640625,9079400
2021-10-11,131.5800018310547,131.83999633789062,131.5399932861328,131.55999755859375,109.22313690185547,4337000
2021-10-12,132.08999633789062,132.4499969482422,131.83999633789062,132.39999389648438,109.92047882080078,19870400
2021-10-13,132.61000061035156,133.11000061035156,132.55999755859375,133.07000732421875,110.47673034667969,18260300
2021-10-14,133.30999755859375,133.6999969482422,133.22000122070312,133.6999969482422,110.99977111816406,15870000
2021-10-15,133.2100067138672,133.27999877929688,133.0,133.22000122070312,110.60127258300781,13131700
2021-10-18,133.0,133.2899932861328,132.7100067138672,133.11000061035156,110.50996398925781,11530300
2021-10-19,132.77999877929688,132.8300018310547,132.3800048828125,132.3800048828125,109.90388488769531,12213200
2021-10-20,132.30999755859375,132.50999450683594,132.02999877929688,132.05999755859375,109.63822174072266,13810200
2021-10-21,132.0,132.05999755859375,131.66000366210938,131.77999877929688,109.40576171875,13131000
2021-10-22,132.08999633789062,132.44000244140625,131.97999572753906,132.30999755859375,109.8457260131836,13735100
2021-10-25,132.3000030517578,132.63999938964844,132.25999450683594,132.3699951171875,109.8956069946289,8206800
2021-10-26,132.72000122070312,132.9600067138672,132.39999389648438,132.94000244140625,110.36882019042969,10100600
2021-10-27,133.52999877929688,134.05999755859375,133.24000549316406,133.75,111.04126739501953,15928300
2021-10-28,133.7100067138672,133.8800048828125,133.2899932861328,133.5500030517578,110.87523651123047,18514400
2021-10-29,133.00999450683594,133.72000122070312,132.9499969482422,133.47999572753906,110.8171157836914,17367800
2021-11-01,132.61000061035156,133.07000732421875,132.61000061035156,132.97999572753906,110.6191177368164,11894200
2021-11-02,132.97999572753906,133.57000732421875,132.97999572753906,133.49000549316406,111.04340362548828,18047600
2021-11-03,133.6300048828125,133.74000549316406,132.91000366210938,133.14999389648438,110.76054382324219,11847700
2021-11-04,133.3000030517578,134.02999877929688,133.3000030517578,133.85000610351562,111.34286499023438,20135500
2021-11-05,134.33999633789062,135.0,134.22000122070312,134.8300018310547,112.1580581665039,15840400
2021-11-08,134.69000244140625,134.7100067138672,134.33999633789062,134.52000427246094,111.90019989013672,8494200
2021-11-09,135.2100067138672,135.30999755859375,134.86000061035156,134.8800048828125,112.19963836669922,18075300
2021-11-10,134.6699981689453,134.69000244140625,133.25,133.5,111.05167388916016,23397300
2021-11-11,133.5399932861328,133.67999267578125,133.0500030517578,133.1199951171875,110.73561096191406,6168900
2021-11-12,133.3000030517578,133.4199981689453,132.7899932861328,132.97999572753906,110.6191177368164,11897100
2021-11-15,132.85000610351562,132.89999389648438,131.9600067138672,131.97000122070312,109.7789535522461,12353400
2021-11-16,131.88999938964844,132.35000610351562,131.67999267578125,131.75,109.59599304199219,18709500
2021-11-17,131.60000610351562,132.32000732421875,131.49000549316406,132.27999877929688,110.03684997558594,14541100
2021-11-18,132.19000244140625,132.69000244140625,132.19000244140625,132.5800018310547,110.28641510009766,14086100
2021-11-19,132.89999389648438,133.2100067138672,132.88999938964844,133.0800018310547,110.70230865478516,17682900
2021-11-22,132.5500030517578,132.75999450683594,131.8699951171875,131.9199981689453,109.73737335205078,13745400
2021-11-23,131.61000061035156,131.6999969482422,130.97999572753906,130.97999572753906,108.95543670654297,10986900
2021-11-24,130.9600067138672,131.6300048828125,130.80999755859375,131.61000061035156,109.47952270507812,14019900
2021-11-26,132.02000427246094,132.74000549316406,131.80999755859375,132.67999267578125,110.36955261230469,14399300
2021-11-29,132.13999938964844,132.8699951171875,132.0500030517578,132.77000427246094,110.44446563720703,21231700
2021-11-30,133.22999572753906,133.72999572753906,132.77000427246094,133.05999755859375,110.6856918334961,28873400
2021-12-01,132.77000427246094,132.9600067138672,132.35000610351562,132.83999633789062,110.7015380859375,18070800
2021-12-02,132.8699951171875,133.22999572753906,132.60000610351562,133.14999389648438,110.9598617553711,17305900
2021-12-03,133.1199951171875,134.55999755859375,133.07000732421875,134.25999450683594,111.8848648071289,25739900
2021-12-06,134.2100067138672,134.24000549316406,133.50999450683594,133.5800018310547,111.31820678710938,25332000
2021-12-07,133.63999938964844,134.07000732421875,133.47999572753906,133.63999938964844,111.36820220947266,17338200
2021-12-08,133.3000030517578,133.36000061035156,132.5399932861328,132.75,110.62651062011719,17408000
2021-12-09,132.94000244140625,133.16000366210938,132.58999633789062,132.63999938964844,110.53482818603516,12348300
2021-12-10,133.2899932861328,133.3300018310547,132.72999572753906,132.7899932861328,110.65986633300781,12792300
2021-12-13,133.32000732421875,133.6999969482422,133.27999877929688,133.38999938964844,111.15988159179688,10264200
2021-12-14,133.02999877929688,133.1699981689453,132.61000061035156,132.7899932861328,110.65986633300781,17725400
2021-12-15,132.3699951171875,133.02999877929688,132.32000732421875,132.9600067138672,110.80152893066406,20585100
2021-12-16,132.77999877929688,133.10000610351562,132.52000427246094,132.6999969482422,110.79817199707031,9750200
2021-12-17,132.85000610351562,133.13999938964844,132.85000610351562,133.00999450683594,111.05699920654297,8753100
2021-12-20,132.77000427246094,132.91000366210938,132.35000610351562,132.42999267578125,110.57276153564453,12931400
2021-12-21,131.47999572753906,132.6999969482422,131.47999572753906,132.69000244140625,110.78983306884766,12933300
2021-12-22,132.8699951171875,132.91000366210938,132.55999755859375,132.89999389648438,110.96516418457031,7850800
2021-12-23,132.77000427246094,132.82000732421875,132.4199981689453,132.6999969482422,110.79817199707031,8401200
2021-12-27,132.74000549316406,133.1999969482422,132.67999267578125,133.08999633789062,111.1238021850586,8744200
2021-12-28,133.36000061035156,133.41000366210938,132.75,132.9199981689453,110.98188018798828,6864300
2021-12-29,132.3800048828125,132.50999450683594,132.0,132.19000244140625,110.37235260009766,7263000
2021-12-30,132.3800048828125,132.75,132.10000610351562,132.72000122070312,110.81490325927734,5566900
2021-12-31,132.72999572753906,133.02999877929688,132.4499969482422,132.52000427246094,110.64790344238281,8514500
2022-01-03,131.77999877929688,131.7899932861328,131.11000061035156,131.11000061035156,109.47061157226562,18199400
2022-01-04,130.94000244140625,131.24000549316406,130.69000244140625,131.22000122070312,109.56244659423828,18748000
2022-01-05,131.47999572753906,131.47999572753906,130.4199981689453,130.4499969482422,108.91954803466797,16107500
2022-01-06,130.17999267578125,130.47999572753906,130.0,130.27999877929688,108.77759552001953,19336300
2022-01-07,130.11000061035156,130.1999969482422,129.47000122070312,129.72000122070312,108.31002807617188,17750800
2022-01-10,129.39999389648438,129.67999267578125,129.02999877929688,129.60000610351562,108.20980834960938,14253400
2022-01-11,129.61000061035156,130.07000732421875,129.47999572753906,129.99000549316406,108.53548431396484,17231000
2022-01-12,130.22999572753906,130.3800048828125,129.88999938964844,129.89999389648438,108.4603042602539,12733100
2022-01-13,130.11000061035156,130.32000732421875,129.69000244140625,130.30999755859375,108.8026351928711,13468500
2022-01-14,129.7100067138672,129.72999572753906,129.10000610351562,129.16000366210938,107.84245300292969,14308300
2022-01-18,128.4199981689453,128.49000549316406,127.87000274658203,127.93000030517578,106.8154525756836,15266600
2022-01-19,128.27000427246094,128.69000244140625,128.10000610351562,128.1300048828125,106.9824447631836,16057900
2022-01-20,128.2899932861328,128.5,127.93000030517578,128.05999755859375,106.92398071289062,22915800
2022-01-21,128.67999267578125,129.11000061035156,128.6199951171875,128.89999389648438,107.62535858154297,21504700
2022-01-24,128.94000244140625,129.0,128.41000366210938,128.5,107.2913818359375,22567100
2022-01-25,128.47999572753906,128.7899932861328,128.08999633789062,128.13999938964844,106.99079895019531,17247300
2022-01-26,128.47999572753906,128.6199951171875,127.1500015258789,127.2699966430664,106.26439666748047,23220800
2022-01-27,127.70999908447266,128.05999755859375,127.31999969482422,127.55999755859375,106.50653076171875,22292800
2022-01-28,126.86000061035156,127.75,126.8499984741211,127.69999694824219,106.62342071533203,21294200
2022-01-31,127.54000091552734,127.87999725341797,127.26000213623047,127.76000213623047,106.67352294921875,20325100
2022-02-01,127.58999633789062,127.81999969482422,127.05000305175781,127.7300033569336,106.85086059570312,17587300
2022-02-02,127.94000244140625,128.3000030517578,127.61000061035156,127.73999786376953,106.8592529296875,22644800
2022-02-03,126.81999969482422,126.93000030517578,126.45999908447266,126.70999908447266,105.99761199951172,23396800
2022-02-04,125.68000030517578,125.80000305175781,125.11000061035156,125.44999694824219,104.94355773925781,26115800
2022-02-07,125.33000183105469,125.80999755859375,125.19999694824219,125.68000030517578,105.13594055175781,12756600
2022-02-08,125.54000091552734,125.68000030517578,125.20999908447266,125.20999908447266,104.74278259277344,22126100
2022-02-09,125.72000122070312,126.08000183105469,125.5999984741211,125.62999725341797,105.0940933227539,19616400
2022-02-10,124.95999908447266,125.19000244140625,123.9000015258789,123.91999816894531,103.66365814208984,39583900
2022-02-11,124.19000244140625,124.95999908447266,123.69999694824219,124.83999633789062,104.4332504272461,21553500
2022-02-14,124.1500015258789,124.30000305175781,123.66000366210938,123.7300033569336,103.50472259521484,22793600
2022-02-15,123.58999633789062,123.8499984741211,123.11000061035156,123.11000061035156,102.98606872558594,15673700
2022-02-16,123.47000122070312,123.48999786376953,122.62000274658203,123.29000091552734,103.13661193847656,27148800
2022-02-17,123.44000244140625,123.7699966430664,123.08999633789062,123.37999725341797,103.2119140625,24384600
2022-02-18,123.76000213623047,124.13999938964844,123.26000213623047,123.68000030517578,103.46288299560547,19233800
2022-02-22,123.25,123.52999877929688,123.12000274658203,123.5199966430664,103.32903289794922,18011000
2022-02-23,123.2300033569336,123.3499984741211,122.37000274658203,122.4000015258789,102.3921127319336,16579900
2022-02-24,122.47000122070312,123.08000183105469,122.22000122070312,122.9800033569336,102.87731170654297,29245000
2022-02-25,123.31999969482422,124.08000183105469,123.0199966430664,123.4800033569336,103.29559326171875,19073700
2022-02-28,123.94000244140625,125.0,123.94000244140625,124.80000305175781,104.39982604980469,23474500
2022-03-01,124.83999633789062,125.83999633789062,124.80000305175781,124.97000122070312,104.75690460205078,28504600
2022-03-02,124.12999725341797,124.30000305175781,123.04000091552734,123.06999969482422,103.16423797607422,24849900
2022-03-03,123.52999877929688,123.86000061035156,123.23999786376953,123.5199966430664,103.54143524169922,14144600
2022-03-04,124.33000183105469,124.44999694824219,123.56999969482422,123.63999938964844,103.64202117919922,17402800
2022-03-07,122.88999938964844,123.29000091552734,122.0,122.13999938964844,102.38465118408203,16164900
2022-03-08,121.31999969482422,121.83000183105469,120.80999755859375,121.41000366210938,101.77272033691406,20045200
2022-03-09,121.55999755859375,122.0,121.41999816894531,121.62000274658203,101.94876098632812,27652200
2022-03-10,120.87999725341797,120.93000030517578,119.79000091552734,120.2300033569336,100.78356170654297,34185900
2022-03-11,120.30000305175781,120.41999816894531,120.06999969482422,120.18000030517578,100.7416763305664,20701300
2022-03-14,119.11000061035156,119.56999969482422,118.4000015258789,118.44000244140625,99.2830810546875,18624900
2022-03-15,119.01000213623047,119.47000122070312,118.81999969482422,119.37000274658203,100.06267547607422,24022000
2022-03-16,119.9000015258789,120.44999694824219,118.66999816894531,120.38999938964844,100.91768646240234,32561800
2022-03-17,121.01000213623047,121.87999725341797,120.83000183105469,121.56999969482422,101.90682220458984,23878300
2022-03-18,121.1500015258789,121.98999786376953,121.1500015258789,121.80999755859375,102.10802459716797,21675100
2022-03-21,120.88999938964844,121.16000366210938,119.95999908447266,120.12000274658203,100.69135284423828,17919300
2022-03-22,119.73999786376953,119.98999786376953,119.58999633789062,119.83000183105469,100.44827270507812,16780900
2022-03-23,120.05000305175781,120.33000183105469,119.6500015258789,120.16999816894531,100.73328399658203,16949300
2022-03-24,119.4000015258789,120.4000015258789,118.83999633789062,120.22000122070312,100.77520751953125,20466500
2022-03-25,119.77999877929688,119.80999755859375,118.83999633789062,119.2699966430664,99.97884368896484,23247400
2022-03-28,119.4800033569336,120.12000274658203,119.33000183105469,119.93000030517578,100.53209686279297,18691100
2022-03-29,120.55000305175781,121.01000213623047,120.29000091552734,120.94000244140625,101.37873840332031,23812400
2022-03-30,120.48999786376953,121.3499984741211,120.43000030517578,121.22000122070312,101.61344909667969,17696700
2022-03-31,121.2699966430664,121.55999755859375,120.72000122070312,120.94000244140625,101.37873840332031,19905200
2022-04-01,120.05999755859375,121.4000015258789,119.94999694824219,121.08999633789062,101.71896362304688,16506800
2022-04-04,121.16999816894531,121.55000305175781,120.77999877929688,121.51000213623047,102.07176971435547,19647900
2022-04-05,121.13999938964844,121.19000244140625,119.36000061035156,119.37999725341797,100.28248596191406,22750400
2022-04-06,118.11000061035156,119.23999786376953,117.80000305175781,118.68000030517578,99.6944808959961,25447400
2022-04-07,118.52999877929688,118.62000274658203,117.91000366210938,118.12999725341797,99.2324447631836,21292700
2022-04-08,117.25,117.55999755859375,116.8499984741211,117.19999694824219,98.45124053955078,16072800
2022-04-11,116.5,116.58999633789062,115.77999877929688,116.05999755859375,97.49359893798828,20685500
2022-04-12,116.83999633789062,117.16999816894531,116.12999725341797,116.13999938964844,97.56082153320312,25029100
2022-04-13,116.1500015258789,116.80999755859375,116.0999984741211,116.73999786376953,98.0648193359375,21276200
2022-04-14,116.66999816894531,116.69999694824219,115.2699966430664,115.37999725341797,96.92237854003906,19717700
2022-04-18,115.13999938964844,115.33000183105469,114.38999938964844,114.5,96.18317413330078,16576000
2022-04-19,113.93000030517578,114.16999816894531,113.5199966430664,113.58999633789062,95.41873168945312,19775400
2022-04-20,114.33000183105469,115.08999633789062,114.30999755859375,114.7699966430664,96.40998840332031,21119400
2022-04-21,114.5,114.58000183105469,113.22000122070312,113.55000305175781,95.38513946533203,25288700
2022-04-22,113.11000061035156,113.70999908447266,112.80999755859375,113.41999816894531,95.27593231201172,19927300
2022-04-25,114.02999877929688,114.86000061035156,114.0199966430664,114.68000030517578,96.33438873291016,22261500
2022-04-26,115.23999786376953,115.2699966430664,114.4800033569336,114.62000274658203,96.2839584350586,22695300
2022-04-27,114.4000015258789,114.80999755859375,113.47000122070312,113.5199966430664,95.3599624633789,19426200
2022-04-28,113.2699966430664,113.87000274658203,113.0199966430664,113.86000061035156,95.64554595947266,19645500
2022-04-29,112.91000366210938,113.5199966430664,112.37999725341797,112.5999984741211,94.58709716796875,20257300
2022-05-02,111.69000244140625,111.91999816894531,111.30000305175781,111.68000030517578,94.02640533447266,17184100
2022-05-03,112.77999877929688,113.33999633789062,112.29000091552734,112.4000015258789,94.632568359375,20914600
2022-05-04,112.38999938964844,113.86000061035156,111.77999877929688,113.5,95.55868530273438,34240700
2022-05-05,112.44000244140625,112.48999786376953,110.88999938964844,111.76000213623047,94.09375,34356900
2022-05-06,110.8499984741211,111.5199966430664,110.66000366210938,110.80999755859375,93.29389190673828,15550400
2022-05-09,110.41999816894531,111.31999969482422,110.19000244140625,111.19999694824219,93.62224578857422,17185900
2022-05-10,112.08000183105469,112.36000061035156,111.56999969482422,111.66999816894531,94.0179672241211,25650800
2022-05-11,111.19999694824219,112.45999908447266,111.04000091552734,112.19000244140625,94.45575714111328,25053500
2022-05-12,112.45999908447266,112.87999725341797,112.16000366210938,112.23999786376953,94.49787902832031,22156400
2022-05-13,112.06999969482422,112.16000366210938,111.41999816894531,111.6500015258789,94.00115966796875,16107900
2022-05-16,111.8499984741211,112.30999755859375,111.73999786376953,111.80000305175781,94.12740325927734,11980500
2022-05-17,111.16999816894531,111.4000015258789,110.94999694824219,111.16000366210938,93.58859252929688,16562600
2022-05-18,110.88999938964844,111.62000274658203,110.88999938964844,111.56999969482422,93.93379974365234,16146400
2022-05-19,112.2699966430664,112.62000274658203,111.70999908447266,111.87000274658203,94.18636322021484,21212500
2022-05-20,112.18000030517578,112.45999908447266,111.9800033569336,112.41999816894531,94.6493911743164,13906700
2022-05-23,112.06999969482422,112.51000213623047,111.77999877929688,112.0199966430664,94.31265258789062,14892400
2022-05-24,112.48999786376953,113.61000061035156,112.41000366210938,113.48999786376953,95.55029296875,17210400
2022-05-25,114.0199966430664,114.68000030517578,113.91999816894531,114.66000366210938,96.53533172607422,25637000
2022-05-26,114.83000183105469,115.2699966430664,114.43000030517578,114.69000244140625,96.56059265136719,34022300
2022-05-27,115.16999816894531,115.66000366210938,114.87000274658203,115.29000091552734,97.06574249267578,9246100
2022-05-31,114.26000213623047,114.66000366210938,113.70999908447266,114.44000244140625,96.35009765625,20336900
2022-06-01,114.66000366210938,114.9000015258789,113.08999633789062,113.5,95.78804779052734,22403900
2022-06-02,113.66000366210938,113.79000091552734,112.88999938964844,113.55000305175781,95.83023834228516,14823300
2022-06-03,112.73999786376953,113.19999694824219,112.73999786376953,113.19000244140625,95.52641296386719,11440900
2022-06-06,113.11000061035156,113.19000244140625,112.30999755859375,112.38999938964844,94.85123443603516,12213900
2022-06-07,112.69000244140625,113.29000091552734,112.61000061035156,112.98999786376953,95.35765075683594,11291400
2022-06-08,112.76000213623047,113.08999633789062,112.33000183105469,112.33999633789062,94.80906677246094,13730800
2022-06-09,112.05999755859375,112.33999633789062,111.54000091552734,111.5999984741211,94.18453979492188,24846700
2022-06-10,111.01000213623047,111.13999938964844,109.86000061035156,110.5199966430664,93.2730712890625,36297900
2022-06-13,108.37000274658203,108.8499984741211,107.0999984741211,107.97000122070312,91.12101745605469,34771900
2022-06-14,108.45999908447266,108.81999969482422,107.16000366210938,107.41000366210938,90.64839935302734,27320800
2022-06-15,108.66000366210938,109.19000244140625,107.73999786376953,109.08999633789062,92.06622314453125,31581500
2022-06-16,107.58999633789062,109.4800033569336,107.29000091552734,109.20999908447266,92.16748809814453,30588300
2022-06-17,109.5199966430664,109.70999908447266,108.7699966430664,109.43000030517578,92.35315704345703,17319600
2022-06-21,108.94000244140625,109.41999816894531,108.20999908447266,108.33000183105469,91.42483520507812,17031500
2022-06-22,109.45999908447266,109.66999816894531,109.05999755859375,109.12000274658203,92.09156036376953,18943300
2022-06-23,109.63999938964844,110.81999969482422,109.58999633789062,109.95999908447266,92.80047607421875,30742100
2022-06-24,109.87999725341797,110.66999816894531,109.8499984741211,110.08999633789062,92.91020202636719,18668900
2022-06-27,109.4800033569336,109.70999908447266,109.0199966430664,109.08000183105469,92.05779266357422,20847000
2022-06-28,108.9000015258789,109.11000061035156,108.5199966430664,109.05000305175781,92.03247833251953,18998400
2022-06-29,109.0999984741211,109.70999908447266,109.0199966430664,109.69999694824219,92.5810317993164,10747100
2022-06-30,109.7699966430664,110.9000015258789,109.7699966430664,110.02999877929688,92.85955810546875,16570800
2022-07-01,110.66000366210938,111.45999908447266,110.47000122070312,111.12000274658203,94.03327178955078,20179400
2022-07-05,111.19999694824219,111.30000305175781,110.83999633789062,111.08999633789062,94.00786590576172,16728000
2022-07-06,111.41000366210938,111.58000183105469,110.43000030517578,110.54000091552734,93.54244232177734,17291300
2022-07-07,110.95999908447266,111.13999938964844,110.33000183105469,110.52999877929688,93.53400421142578,15165800
2022-07-08,110.12000274658203,110.41000366210938,109.94999694824219,110.3499984741211,93.38168334960938,14384500
2022-07-11,110.81999969482422,111.16000366210938,110.5,110.66000366210938,93.64400482177734,9456900
2022-07-12,111.11000061035156,111.58000183105469,110.77999877929688,110.81999969482422,93.7793960571289,18053600
2022-07-13,109.72000122070312,111.77999877929688,109.70999908447266,111.6500015258789,94.48178100585938,25657200
2022-07-14,110.44000244140625,111.22000122070312,110.08999633789062,110.94000244140625,93.88095092773438,22978600
2022-07-15,110.86000061035156,112.05000305175781,110.86000061035156,111.83000183105469,94.63409423828125,15192500
2022-07-18,111.66000366210938,111.66999816894531,110.97000122070312,111.05000305175781,93.9740219116211,15665500
2022-07-19,111.20999908447266,111.47000122070312,110.81999969482422,111.36000061035156,94.2363510131836,15414500
2022-07-20,111.8499984741211,111.94000244140625,111.16000366210938,111.23999786376953,94.13479614257812,9888100
2022-07-21,111.51000213623047,112.7699966430664,111.51000213623047,112.76000213623047,95.42107391357422,25141900
2022-07-22,113.70999908447266,114.23999786376953,113.13999938964844,113.62999725341797,96.15727996826172,16062400
2022-07-25,112.83999633789062,113.01000213623047,112.4000015258789,112.66999816894531,95.34493255615234,25656700
2022-07-26,113.01000213623047,113.12000274658203,112.5999984741211,112.6500015258789,95.3279800415039,18514600
2022-07-27,113.16000366210938,114.05000305175781,113.12999725341797,113.4000015258789,95.96265411376953,16995200
2022-07-28,114.2300033569336,114.51000213623047,113.98999786376953,114.33999633789062,96.75813293457031,17266700
2022-07-29,114.27999877929688,115.08000183105469,114.13999938964844,114.61000061035156,96.98662567138672,14914000
2022-08-01,114.37999725341797,114.91000366210938,114.26000213623047,114.55999755859375,97.17829132080078,18348900
2022-08-02,114.52999877929688,114.68000030517578,113.06999969482422,113.16000366210938,95.9907455444336,22706500
2022-08-03,113.2300033569336,114.41999816894531,112.87000274658203,114.38999938964844,97.03412628173828,19416500
2022-08-04,114.26000213623047,114.62999725341797,113.91000366210938,114.56999969482422,97.18681335449219,22451000
2022-08-05,112.94999694824219,113.0999984741211,112.30999755859375,113.0199966430664,95.87194061279297,15893400
2022-08-08,113.58000183105469,113.94000244140625,113.41000366210938,113.47000122070312,96.25367736816406,11889800
2022-08-09,113.0199966430664,113.20999908447266,112.83000183105469,112.95999908447266,95.82108306884766,17809000
2022-08-10,113.55999755859375,114.30999755859375,113.54000091552734,114.02999877929688,96.72872161865234,25548100
2022-08-11,114.47000122070312,114.9800033569336,112.87999725341797,112.93000030517578,95.79561614990234,24970100
2022-08-12,113.54000091552734,114.26000213623047,113.2699966430664,114.23999786376953,96.90687561035156,16542900
2022-08-15,114.44000244140625,114.61000061035156,114.13999938964844,114.16000366210938,96.8389892578125,10750200
2022-08-16,113.80999755859375,113.87000274658203,113.12999725341797,113.72000122070312,96.46578216552734,15328900
2022-08-17,112.95999908447266,113.18000030517578,112.4000015258789,112.6500015258789,95.55810546875,20836800
2022-08-18,113.01000213623047,113.31999969482422,112.87999725341797,112.94000244140625,95.80410766601562,13914300
2022-08-19,111.94000244140625,111.94000244140625,111.3499984741211,111.5999984741211,94.66741943359375,17996700
2022-08-22,111.29000091552734,111.30000305175781,110.7300033569336,110.8499984741211,94.0312271118164,10208500
2022-08-23,110.72000122070312,111.48999786376953,110.61000061035156,110.97000122070312,94.13301086425781,14517700
2022-08-24,110.7300033569336,110.80000305175781,110.43000030517578,110.63999938964844,93.85308074951172,14441000
2022-08-25,111.2300033569336,112.04000091552734,110.75,111.77999877929688,94.82013702392578,33579200
2022-08-26,111.44999694824219,111.73999786376953,111.01000213623047,111.11000061035156,94.25178527832031,13942300
2022-08-29,110.62000274658203,110.62000274658203,110.1500015258789,110.29000091552734,93.55615234375,18371900
2022-08-30,110.58000183105469,110.80000305175781,109.8499984741211,110.43000030517578,93.6749496459961,19251300
2022-08-31,110.19999694824219,110.37000274658203,109.20999908447266,109.2699966430664,92.69094848632812,19484300
2022-09-01,108.19000244140625,108.41999816894531,107.3499984741211,108.30999755859375,92.1329116821289,26706500
2022-09-02,108.8499984741211,109.25,108.37999725341797,108.38999938964844,92.20100402832031,14458700
2022-09-06,107.86000061035156,107.94000244140625,106.91999816894531,106.91999816894531,90.95054626464844,16455700
2022-09-07,107.41000366210938,108.48999786376953,107.38999938964844,108.37999725341797,92.19245910644531,21874300
2022-09-08,108.33999633789062,108.66999816894531,108.05000305175781,108.12999725341797,91.97980499267578,16871100
2022-09-09,108.55000305175781,108.98999786376953,108.3499984741211,108.37999725341797,92.19245910644531,11911700
2022-09-12,108.80000305175781,109.0199966430664,107.91999816894531,108.13999938964844,91.98832702636719,11084600
2022-09-13,107.05999755859375,107.5199966430664,106.91000366210938,107.36000061035156,91.32483673095703,19563400
2022-09-14,107.33000183105469,108.05999755859375,107.30000305175781,107.87000274658203,91.75865936279297,19360500
2022-09-15,107.62000274658203,107.76000213623047,107.19999694824219,107.3499984741211,91.3163070678711,12947800
2022-09-16,106.75,108.16000366210938,106.7300033569336,107.0999984741211,91.10362243652344,13980900
2022-09-19,106.62000274658203,107.38999938964844,106.52999877929688,107.27999877929688,91.25678253173828,13679600
2022-09-20,106.33999633789062,106.6500015258789,106.05999755859375,106.20999908447266,90.34658813476562,30310500
2022-09-21,106.62999725341797,106.9000015258789,105.5999984741211,106.61000061035156,90.68683624267578,23883200
2022-09-22,105.62000274658203,105.62999725341797,104.80999755859375,105.11000061035156,89.41087341308594,20982600
2022-09-23,104.87999725341797,105.06999969482422,104.33000183105469,104.80999755859375,89.15567779541016,18671200
2022-09-26,104.38999938964844,104.58999633789062,102.94000244140625,102.98999786376953,87.60750579833984,27606500
2022-09-27,103.05999755859375,103.2699966430664,101.4000015258789,101.44000244140625,86.28902435302734,34683500
2022-09-28,102.48999786376953,103.56999969482422,102.2699966430664,103.4800033569336,88.02433776855469,39921300
2022-09-29,102.5199966430664,102.77999877929688,101.73999786376953,102.70999908447266,87.36934661865234,30873000
2022-09-30,103.05999755859375,103.56999969482422,102.44000244140625,102.44999694824219,87.14818572998047,24058300
2022-10-03,103.61000061035156,104.83999633789062,103.38999938964844,104.0,88.76039123535156,27200900
2022-10-04,104.80999755859375,105.12000274658203,104.36000061035156,104.4800033569336,89.1700439453125,21918800
2022-10-05,103.66999816894531,103.88999938964844,102.94999694824219,103.69000244140625,88.49581146240234,24999500
2022-10-06,103.68000030517578,103.94000244140625,103.19999694824219,103.44999694824219,88.29096221923828,22017200
2022-10-07,102.83999633789062,102.91000366210938,102.37000274658203,102.41999816894531,87.41190338134766,20895500
2022-10-10,102.38999938964844,102.44999694824219,101.08999633789062,101.5,86.62670135498047,6179400
2022-10-11,101.7699966430664,102.16999816894531,101.04000091552734,101.29000091552734,86.44747924804688,30332900
2022-10-12,101.16999816894531,101.4800033569336,100.83000183105469,101.16999816894531,86.34503936767578,18941200
2022-10-13,99.19999694824219,101.63999938964844,99.18000030517578,101.3499984741211,86.49866485595703,20727700
2022-10-14,101.98999786376953,101.98999786376953,100.2699966430664,100.37999725341797,85.67082977294922,20681900
2022-10-17,101.26000213623047,101.66999816894531,100.79000091552734,100.86000061035156,86.08049011230469,16585700
2022-10-18,101.47000122070312,101.61000061035156,100.51000213623047,101.45999908447266,86.59256744384766,23532600
2022-10-19,100.54000091552734,100.83999633789062,99.94000244140625,100.06999969482422,85.40626525878906,16461800
2022-10-20,99.81999969482422,100.37000274658203,99.0999984741211,99.19999694824219,84.66374969482422,21437300
2022-10-21,98.7300033569336,99.63999938964844,98.41000366210938,99.4800033569336,84.9027099609375,18871700
2022-10-24,99.37999725341797,99.9800033569336,98.83000183105469,99.43000030517578,84.86003112792969,16517100
2022-10-25,100.29000091552734,101.19000244140625,100.29000091552734,100.76000213623047,85.99515533447266,23143100
2022-10-26,101.01000213623047,101.72000122070312,100.91000366210938,101.22000122070312,86.3877182006836,22201400
2022-10-27,101.56999969482422,102.08999633789062,101.19999694824219,101.69000244140625,86.78886413574219,21002900
2022-10-28,101.29000091552734,102.05000305175781,101.23999786376953,101.9000015258789,86.96810150146484,19532300
2022-10-31,101.54000091552734,101.68000030517578,100.97000122070312,101.3499984741211,86.49866485595703,21884100
2022-11-01,102.0999984741211,102.19000244140625,101.19000244140625,101.7699966430664,87.12102508544922,26415300
2022-11-02,101.91000366210938,102.91999816894531,101.0199966430664,101.27999877929688,86.70159149169922,23174200
2022-11-03,100.33000183105469,101.18000030517578,100.01000213623047,100.91999816894531,86.39339447021484,52723900
2022-11-04,101.20999908447266,101.55000305175781,100.66000366210938,101.12000274658203,86.56460571289062,16698200
2022-11-07,101.16999816894531,101.2300033569336,100.54000091552734,100.75,86.24785614013672,13428300
2022-11-08,101.0,101.48999786376953,100.8499984741211,101.16999816894531,86.60739135742188,19206000
2022-11-09,100.86000061035156,101.41999816894531,100.6500015258789,100.91000366210938,86.38484191894531,12204000
2022-11-10,103.0999984741211,104.38999938964844,103.06999969482422,104.29000091552734,89.2782974243164,28447600
2022-11-11,104.12000274658203,104.73999786376953,103.9800033569336,104.56999969482422,89.51799011230469,8578600
2022-11-14,104.20999908447266,104.44999694824219,104.01000213623047,104.04000091552734,89.06430053710938,22576600
2022-11-15,105.12000274658203,105.52999877929688,104.81999969482422,105.48999786376953,90.3055648803711,25504400
2022-11-16,105.80000305175781,106.5999984741211,105.58000183105469,106.38999938964844,91.07604217529297,24648800
2022-11-17,105.5199966430664,105.91000366210938,105.22000122070312,105.81999969482422,90.58808135986328,24106600
2022-11-18,106.12999725341797,106.29000091552734,105.61000061035156,105.80999755859375,90.57952117919922,14214100
2022-11-21,106.19999694824219,106.36000061035156,105.63999938964844,105.6500015258789,90.44255065917969,9664100
2022-11-22,106.19000244140625,106.7300033569336,106.05999755859375,106.58999633789062,91.24722290039062,15050400
2022-11-23,106.95999908447266,107.69999694824219,106.91999816894531,107.66000366210938,92.16321563720703,12511500
2022-11-25,107.72000122070312,107.79000091552734,107.5,107.7699966430664,92.25738525390625,4413900
2022-11-28,107.8499984741211,107.87999725341797,106.88999938964844,106.98999786376953,91.58966064453125,18815800
2022-11-29,106.51000213623047,106.80999755859375,106.23999786376953,106.45999908447266,91.13595581054688,23040000
2022-11-30,106.4000015258789,107.77999877929688,105.98999786376953,107.76000213623047,92.24883270263672,20930100
2022-12-01,107.91999816894531,108.80999755859375,107.61000061035156,108.76000213623047,93.4030532836914,30830200
2022-12-02,108.0,109.41999816894531,107.79000091552734,109.41999816894531,93.96986389160156,16908900
2022-12-05,108.70999908447266,108.70999908447266,108.0199966430664,108.48999786376953,93.17118835449219,19612000
2022-12-06,108.87000274658203,108.9800033569336,108.52999877929688,108.81999969482422,93.45458984375,18220800
2022-12-07,109.38999938964844,110.08000183105469,109.27999877929688,110.02999877929688,94.49374389648438,22116700
2022-12-08,109.73999786376953,110.02999877929688,109.41000366210938,109.68000030517578,94.19316864013672,18285600
2022-12-09,109.30000305175781,109.4000015258789,108.81999969482422,108.86000061035156,93.48892974853516,15568800
2022-12-12,109.62000274658203,109.73999786376953,108.6500015258789,108.72000122070312,93.36871337890625,13988400
2022-12-13,110.76000213623047,110.88999938964844,109.4800033569336,109.66999816894531,94.1845703125,19976000
2022-12-14,109.66000366210938,109.93000030517578,108.7699966430664,109.7699966430664,94.27044677734375,19894900
2022-12-15,109.52999877929688,109.72000122070312,109.16000366210938,109.52999877929688,94.34967803955078,16931200
2022-12-16,108.4800033569336,109.19999694824219,108.4800033569336,109.05999755859375,93.94481658935547,16643900
2022-12-19,108.43000030517578,108.44999694824219,107.69999694824219,107.95999908447266,92.99728393554688,14746200
2022-12-20,106.93000030517578,107.0199966430664,106.5199966430664,106.69000244140625,91.90331268310547,18678000
2022-12-21,107.37000274658203,107.5199966430664,107.01000213623047,107.41999816894531,92.5321273803711,15087800
2022-12-22,107.37000274658203,107.54000091552734,107.13999938964844,107.38999938964844,92.50627136230469,13957300
2022-12-23,106.95999908447266,107.30999755859375,106.83000183105469,107.05999755859375,92.22203826904297,5992400
2022-12-27,106.31999969482422,106.54000091552734,105.63999938964844,105.68000030517578,91.03327941894531,10456200
2022-12-28,106.06999969482422,106.2300033569336,105.3499984741211,105.3499984741211,90.74899291992188,10050900
2022-12-29,105.7300033569336,106.13999938964844,105.66000366210938,106.0999984741211,91.39505004882812,14253300
2022-12-30,105.80999755859375,105.94000244140625,105.16999816894531,105.43000030517578,90.81796264648438,8528200
2023-01-03,106.94999694824219,106.98999786376953,105.8499984741211,106.16000366210938,91.44676208496094,15589800
2023-01-04,107.02999877929688,107.0999984741211,106.5199966430664,106.93000030517578,92.11006164550781,13951700
2023-01-05,106.08999633789062,106.95999908447266,106.08999633789062,106.8499984741211,92.04112243652344,9848100
2023-01-06,107.02999877929688,108.7699966430664,106.88999938964844,108.5999984741211,93.54857635498047,20695600
2023-01-09,108.44000244140625,109.29000091552734,108.33999633789062,109.02999877929688,93.91899108886719,20449600
2023-01-10,108.51000213623047,108.83000183105469,108.25,108.66000366210938,93.60027313232422,19225200
2023-01-11,109.31999969482422,109.63999938964844,109.16999816894531,109.58999633789062,94.40138244628906,19541700
2023-01-12,109.87999725341797,110.8499984741211,109.23999786376953,110.83000183105469,95.46952056884766,18372500
2023-01-13,110.44999694824219,110.88999938964844,110.30999755859375,110.47000122070312,95.15943145751953,21077700
2023-01-17,110.01000213623047,110.41000366210938,109.91999816894531,110.06999969482422,94.8148422241211,20745100
2023-01-18,111.68000030517578,111.94999694824219,110.87000274658203,111.36000061035156,95.92607116699219,27794600
2023-01-19,110.87000274658203,111.2300033569336,110.76000213623047,111.12999725341797,95.72793579101562,18085800
2023-01-20,110.58000183105469,110.68000030517578,110.12000274658203,110.55000305175781,95.2282943725586,15440000
2023-01-23,110.1500015258789,110.5199966430664,110.08000183105469,110.2300033569336,94.95269775390625,18814700
2023-01-24,110.29000091552734,110.94000244140625,109.91999816894531,110.80999755859375,95.45227813720703,12419700
2023-01-25,110.70999908447266,110.95999908447266,110.33000183105469,110.86000061035156,95.49537658691406,15450000
2023-01-26,110.93000030517578,111.08000183105469,110.37000274658203,110.81999969482422,95.4609146118164,13250300
2023-01-27,110.37000274658203,110.66000366210938,110.27999877929688,110.5,95.18527221679688,8924900
2023-01-30,110.16000366210938,110.62000274658203,110.01000213623047,110.08000183105469,94.82349395751953,20019800
2023-01-31,110.66999816894531,110.97000122070312,110.08000183105469,110.87000274658203,95.50399780273438,27212200
2023-02-01,110.87000274658203,111.9000015258789,110.27999877929688,111.6500015258789,96.4734878540039,29127300
2023-02-02,112.36000061035156,112.51000213623047,111.69999694824219,111.80999755859375,96.6117172241211,18958900
2023-02-03,110.69999694824219,110.9000015258789,110.29000091552734,110.54000091552734,95.51432800292969,16053900
2023-02-06,109.9800033569336,110.01000213623047,109.62000274658203,109.69000244140625,94.7799072265625,18455400
2023-02-07,109.5,110.12000274658203,109.19000244140625,109.33000183105469,94.46885681152344,25191300
2023-02-08,109.43000030517578,109.63999938964844,108.94999694824219,109.44000244140625,94.56388092041016,16484400
2023-02-09,109.95999908447266,109.97000122070312,108.45999908447266,108.5199966430664,93.76890563964844,21637500
2023-02-10,108.37999725341797,108.44999694824219,107.72000122070312,107.76000213623047,93.11226654052734,16092100
2023-02-13,107.86000061035156,108.16000366210938,107.7699966430664,108.16000366210938,93.45787048339844,32223500
2023-02-14,108.11000061035156,108.3499984741211,107.22000122070312,107.88999938964844,93.22456359863281,31922200
2023-02-15,107.72000122070312,107.79000091552734,107.20999908447266,107.4800033569336,92.87029266357422,24279600
2023-02-16,106.95999908447266,107.18000030517578,106.55999755859375,106.62000274658203,92.12720489501953,27909900
2023-02-17,106.2699966430664,107.04000091552734,106.22000122070312,107.04000091552734,92.4901123046875,18528900
2023-02-21,106.18000030517578,106.25,105.4800033569336,105.5199966430664,91.17671966552734,21136000
2023-02-22,105.94000244140625,106.2699966430664,105.7699966430664,105.81999969482422,91.43592834472656,20971700
2023-02-23,106.12999725341797,106.69000244140625,106.05000305175781,106.6500015258789,92.15312194824219,21144600
2023-02-24,105.8499984741211,106.05000305175781,105.58000183105469,105.8499984741211,91.46185302734375,26721100
2023-02-27,106.12999725341797,106.29000091552734,105.80000305175781,105.87999725341797,91.4877700805664,19660700
2023-02-28,105.44000244140625,106.0,105.2699966430664,105.91999816894531,91.52234649658203,18239100
2023-03-01,105.26000213623047,105.36000061035156,104.76000213623047,104.88999938964844,90.9517822265625,27249600
2023-03-02,104.43000030517578,104.9800033569336,104.33000183105469,104.9800033569336,91.02980041503906,23715100
2023-03-03,105.61000061035156,106.2300033569336,105.44000244140625,106.16999816894531,92.06168365478516,27316900
2023-03-06,106.5,106.54000091552734,105.81999969482422,105.87999725341797,91.81022644042969,14688600
2023-03-07,106.08999633789062,106.19999694824219,105.33999633789062,105.58000183105469,91.55006408691406,22431700
2023-03-08,105.9000015258789,106.16999816894531,105.1500015258789,105.41000366210938,91.40270233154297,29396500
2023-03-09,105.48999786376953,105.83000183105469,105.16000366210938,105.30999755859375,91.31595611572266,24552400
2023-03-10,106.5,107.13999938964844,106.25,106.81999969482422,92.62532043457031,36906000
2023-03-13,107.41000366210938,108.26000213623047,106.4800033569336,106.91000366210938,92.70335388183594,47445400
2023-03-14,106.83999633789062,107.56999969482422,106.43000030517578,106.58999633789062,92.42585754394531,49782100
2023-03-15,107.30000305175781,108.0999984741211,106.98999786376953,107.61000061035156,93.3103256225586,50591500
2023-03-16,108.05999755859375,108.30000305175781,107.12999725341797,107.44999694824219,93.17160034179688,37961900
2023-03-17,107.77999877929688,108.41999816894531,107.61000061035156,107.98999786376953,93.63982391357422,32011600
2023-03-20,108.08000183105469,108.27999877929688,107.55999755859375,107.66999816894531,93.36236572265625,24035100
2023-03-21,108.12000274658203,108.25,107.69999694824219,108.19000244140625,93.81327056884766,29109400
2023-03-22,108.11000061035156,109.58999633789062,107.80999755859375,108.81999969482422,94.35954284667969,31434700
2023-03-23,108.70999908447266,109.22000122070312,108.37999725341797,109.12999725341797,94.62832641601562,28703800
2023-03-24,109.43000030517578,109.69000244140625,109.18000030517578,109.47000122070312,94.9231948852539,26204100
2023-03-27,108.4800033569336,108.98999786376953,108.12999725341797,108.16000366210938,93.78724670410156,16527900
2023-03-28,108.04000091552734,108.20999908447266,107.73999786376953,107.9800033569336,93.63116455078125,14138000
2023-03-29,107.76000213623047,108.5199966430664,107.72000122070312,108.4800033569336,94.06473541259766,17506000
2023-03-30,108.4800033569336,108.8499984741211,108.45999908447266,108.62999725341797,94.19478607177734,18267200
2023-03-31,109.0999984741211,109.69000244140625,108.86000061035156,109.61000061035156,95.04458618164062,19187400
2023-04-03,109.16999816894531,110.0199966430664,109.0,109.93000030517578,95.61862182617188,20093500
2023-04-04,109.41999816894531,110.19999694824219,109.29000091552734,110.06999969482422,95.74042510986328,20317700
2023-04-05,110.22000122070312,110.58000183105469,110.05000305175781,110.43000030517578,96.05355072021484,14674800
2023-04-06,110.48999786376953,110.5999984741211,110.2300033569336,110.33000183105469,95.966552734375,14191300
2023-04-10,109.77999877929688,109.88999938964844,109.3499984741211,109.81999969482422,95.52296447753906,10825500
2023-04-11,109.83999633789062,109.94999694824219,109.55000305175781,109.79000091552734,95.4968490600586,14510100
2023-04-12,110.26000213623047,110.30999755859375,109.38999938964844,109.55999755859375,95.29680633544922,20049200
2023-04-13,109.9000015258789,110.05000305175781,109.55000305175781,109.75,95.46209716796875,18589100
2023-04-14,109.44000244140625,109.56999969482422,109.02999877929688,109.38999938964844,95.1489486694336,16218900
2023-04-17,109.05999755859375,109.16999816894531,108.58000183105469,108.69999694824219,94.54875946044922,11891400
2023-04-18,108.91000366210938,109.2300033569336,108.9000015258789,109.05999755859375,94.86187744140625,10522400
2023-04-19,108.77999877929688,108.80000305175781,108.45999908447266,108.5199966430664,94.39222717285156,14023700
2023-04-20,108.7699966430664,109.0999984741211,108.75,108.93000030517578,94.74882507324219,16076100
2023-04-21,109.3499984741211,109.4000015258789,108.6500015258789,109.0,94.8096923828125,18480700
2023-04-24,109.0999984741211,109.51000213623047,109.0999984741211,109.4800033569336,95.22721862792969,7974300
2023-04-25,109.94999694824219,110.2300033569336,109.91000366210938,109.95999908447266,95.6447525024414,17038800
2023-04-26,110.06999969482422,110.12999725341797,109.37999725341797,109.4800033569336,95.22721862792969,19635200
2023-04-27,109.30000305175781,109.38999938964844,109.02999877929688,109.08000183105469,94.87930297851562,14629500
2023-04-28,109.81999969482422,109.98999786376953,109.51000213623047,109.93000030517578,95.61862182617188,18882100
2023-05-01,108.94000244140625,108.9800033569336,107.61000061035156,107.79000091552734,94.07557678222656,20789900
2023-05-02,108.18000030517578,109.11000061035156,108.05999755859375,109.08999633789062,95.21021270751953,21547100
2023-05-03,109.30000305175781,109.55000305175781,108.83999633789062,109.2699966430664,95.36727905273438,15750800
2023-05-04,108.66000366210938,109.26000213623047,108.55000305175781,108.97000122070312,95.10543823242188,17811700
2023-05-05,108.68000030517578,108.81999969482422,108.33999633789062,108.54000091552734,94.73017120361328,12130800
2023-05-08,107.94000244140625,108.02999877929688,107.62000274658203,107.76000213623047,94.04940032958984,16424800
2023-05-09,107.77999877929688,107.98999786376953,107.69000244140625,107.72000122070312,94.01449584960938,15860300
2023-05-10,108.41999816894531,108.58999633789062,108.25,108.56999969482422,94.75634002685547,15815700
2023-05-11,109.23999786376953,109.25,108.86000061035156,108.98999786376953,95.12291717529297,12261800
2023-05-12,108.98999786376953,109.06999969482422,108.30000305175781,108.31999969482422,94.53816223144531,10797200
2023-05-15,107.7699966430664,107.8499984741211,107.5999984741211,107.73999786376953,94.03193664550781,20334800
2023-05-16,107.27999877929688,107.38999938964844,107.08999633789062,107.19999694824219,93.56067657470703,25934500
2023-05-17,107.4000015258789,107.4800033569336,107.08000183105469,107.19000244140625,93.55194091796875,25387100
2023-05-18,106.93000030517578,106.93000030517578,106.58999633789062,106.73999786376953,93.1591796875,21383500
2023-05-19,106.7300033569336,106.9000015258789,106.5,106.61000061035156,93.04573822021484,22194600
2023-05-22,106.68000030517578,106.93000030517578,106.5,106.56999969482422,93.01079559326172,15526700
2023-05-23,106.44999694824219,106.88999938964844,106.29000091552734,106.79000091552734,93.20283508300781,15529300
2023-05-24,106.8499984741211,106.88999938964844,106.30999755859375,106.37000274658203,92.83627319335938,16688900
2023-05-25,106.48999786376953,106.55999755859375,105.9800033569336,106.0199966430664,92.5307846069336,18743200
2023-05-26,106.04000091552734,106.51000213623047,105.95999908447266,106.47000122070312,92.92354583740234,15848500
2023-05-30,106.94000244140625,107.2699966430664,106.87999725341797,107.2699966430664,93.62176513671875,21581400
2023-05-31,107.23999786376953,107.73999786376953,107.06999969482422,107.62000274658203,93.9272232055664,24052300
2023-06-01,107.61000061035156,107.86000061035156,107.44000244140625,107.5999984741211,94.21529388427734,26084500
2023-06-02,107.69000244140625,107.76000213623047,107.22000122070312,107.30999755859375,93.96136474609375,17086600
2023-06-05,106.97000122070312,107.48999786376953,106.8499984741211,107.08000183105469,93.75996398925781,14211100
2023-06-06,107.11000061035156,107.31999969482422,106.81999969482422,107.29000091552734,93.94386291503906,25228400
2023-06-07,107.20999908447266,107.31999969482422,106.2699966430664,106.33000183105469,93.103271484375,26526700
2023-06-08,106.44000244140625,107.0999984741211,106.41000366210938,107.04000091552734,93.72496032714844,16579800
2023-06-09,106.80999755859375,106.91999816894531,106.58000183105469,106.76000213623047,93.47979736328125,12060000
2023-06-12,106.98999786376953,107.11000061035156,106.41999816894531,107.0999984741211,93.77751159667969,14229300
2023-06-13,107.2699966430664,107.38999938964844,106.44999694824219,106.62000274658203,93.35721588134766,19385200
2023-06-14,106.93000030517578,107.22000122070312,106.43000030517578,106.94999694824219,93.6461410522461,30280100
2023-06-15,107.51000213623047,107.9000015258789,107.2699966430664,107.87999725341797,94.46044921875,23426200
2023-06-16,107.54000091552734,107.79000091552734,107.30000305175781,107.69000244140625,94.29411315917969,13184500
2023-06-20,107.8499984741211,108.19999694824219,107.8499984741211,108.08000183105469,94.63558959960938,22272700
2023-06-21,107.62999725341797,108.08999633789062,107.30999755859375,107.95999908447266,94.53052520751953,17521700
2023-06-22,107.55999755859375,107.80000305175781,107.22000122070312,107.4000015258789,94.0401840209961,16007900
2023-06-23,108.12000274658203,108.12000274658203,107.5,107.69999694824219,94.3028564453125,13102800
2023-06-26,107.9800033569336,108.0199966430664,107.76000213623047,107.81999969482422,94.40792083740234,14642200
2023-06-27,107.93000030517578,108.12999725341797,107.45999908447266,107.69999694824219,94.3028564453125,15749300
2023-06-28,107.8499984741211,108.19000244140625,107.62999725341797,108.16999816894531,94.71439361572266,17806000
2023-06-29,107.37000274658203,107.45999908447266,107.01000213623047,107.3499984741211,93.99641418457031,25554500
2023-06-30,107.62999725341797,108.20999908447266,107.44000244140625,108.13999938964844,94.68814086914062,20938600
2023-07-03,107.87000274658203,108.16000366210938,107.48999786376953,107.48999786376953,94.42283630371094,11810800
2023-07-05,107.30999755859375,107.37999725341797,106.58999633789062,106.72000122070312,93.74642944335938,21463300
2023-07-06,105.87999725341797,105.94000244140625,105.3499984741211,105.63999938964844,92.79773712158203,35240800
2023-07-07,105.66999816894531,105.98999786376953,105.5199966430664,105.54000091552734,92.70988464355469,17148000
2023-07-10,105.68000030517578,106.19000244140625,105.58000183105469,106.08999633789062,93.19303131103516,16360600
2023-07-11,106.33999633789062,106.66000366210938,106.20999908447266,106.58999633789062,93.63223266601562,21693900
2023-07-12,107.12000274658203,107.68000030517578,107.12000274658203,107.52999877929688,94.4579849243164,23217300
2023-07-13,107.98999786376953,108.33000183105469,107.87000274658203,108.29000091552734,95.1255874633789,21637500
2023-07-14,108.12000274658203,108.23999786376953,107.41999816894531,107.44999694824219,94.38770294189453,23784000
2023-07-17,107.43000030517578,107.72000122070312,107.3499984741211,107.62999725341797,94.54581451416016,12260100
2023-07-18,108.06999969482422,108.18000030517578,107.86000061035156,107.9000015258789,94.78299713134766,17403600
2023-07-19,108.26000213623047,108.5199966430664,108.08000183105469,108.51000213623047,95.31884002685547,20871600
2023-07-20,108.06999969482422,108.0999984741211,107.48999786376953,107.77999877929688,94.6776123046875,37868000
2023-07-21,108.18000030517578,108.20999908447266,107.87999725341797,107.97000122070312,94.84449768066406,16517800
2023-07-24,108.16000366210938,108.30000305175781,107.80999755859375,107.83999633789062,94.73025512695312,17999400
2023-07-25,107.55999755859375,107.88999938964844,107.54000091552734,107.66999816894531,94.58097076416016,15029800
2023-07-26,108.05999755859375,108.26000213623047,107.69000244140625,108.16999816894531,95.02017974853516,17816800
2023-07-27,108.04000091552734,108.12999725341797,106.72000122070312,106.8499984741211,93.86063385009766,29142600
2023-07-28,107.33000183105469,107.5999984741211,107.13999938964844,107.55000305175781,94.47555541992188,18719300
2023-07-31,107.58000183105469,108.02999877929688,107.58000183105469,107.8499984741211,94.73907470703125,24906600
2023-08-01,106.80000305175781,106.97000122070312,106.31999969482422,106.41000366210938,93.79505920410156,22977700
2023-08-02,105.80000305175781,105.87999725341797,105.38999938964844,105.76000213623047,93.22209167480469,28516700
2023-08-03,104.91000366210938,104.94999694824219,104.55999755859375,104.80999755859375,92.38473510742188,27632700
2023-08-04,105.19000244140625,106.04000091552734,105.18000030517578,105.9000015258789,93.34550476074219,19998900
2023-08-07,105.80999755859375,105.86000061035156,105.5,105.63999938964844,93.11632537841797,10726300
2023-08-08,106.12999725341797,106.30000305175781,105.91999816894531,106.05999755859375,93.4865493774414,17616200
2023-08-09,106.19999694824219,106.30999755859375,106.05999755859375,106.16000366210938,93.5746841430664,11514100
2023-08-10,106.29000091552734,106.55999755859375,105.37999725341797,105.41000366210938,92.91358184814453,22056400
2023-08-11,105.04000091552734,105.41000366210938,104.9800033569336,105.05000305175781,92.59628295898438,12803100
2023-08-14,105.0199966430664,105.30000305175781,104.70999908447266,105.01000213623047,92.56102752685547,9829300
2023-08-15,104.7699966430664,104.94999694824219,104.45999908447266,104.45999908447266,92.07621002197266,17279900
2023-08-16,104.37000274658203,104.66000366210938,103.86000061035156,103.98999786376953,91.66194152832031,20773700
2023-08-17,103.86000061035156,103.94999694824219,103.4000015258789,103.70999908447266,91.41512298583984,29797400
2023-08-18,103.7300033569336,104.20999908447266,103.62000274658203,104.0999984741211,91.75891876220703,17884100
2023-08-21,103.63999938964844,103.70999908447266,103.26000213623047,103.4800033569336,91.21240234375,19065100
2023-08-22,103.58000183105469,103.87000274658203,103.43000030517578,103.80000305175781,91.49449157714844,18361500
2023-08-23,104.4800033569336,105.27999877929688,104.4800033569336,105.26000213623047,92.78137969970703,22620400
2023-08-24,105.08000183105469,105.22000122070312,104.87999725341797,104.9000015258789,92.46405029296875,20129900
2023-08-25,104.86000061035156,105.29000091552734,104.51000213623047,104.95999908447266,92.51693725585938,18521400
2023-08-28,105.44000244140625,105.44999694824219,105.04000091552734,105.29000091552734,92.80783081054688,15271000
2023-08-29,105.2300033569336,106.16999816894531,105.1500015258789,106.12999725341797,93.54825592041016,21843300
2023-08-30,106.18000030517578,106.26000213623047,105.94000244140625,105.9800033569336,93.4160385131836,21533500
2023-08-31,106.16000366210938,106.4000015258789,106.06999969482422,106.16000366210938,93.5746841430664,20534800
2023-09-01,105.77999877929688,105.80999755859375,104.91000366210938,105.02999877929688,92.9085922241211,16514200
2023-09-05,104.70999908447266,104.75,104.25,104.27999877929688,92.24514770507812,16272800
2023-09-06,104.41999816894531,104.44999694824219,103.94999694824219,104.18000030517578,92.1567153930664,17733800
2023-09-07,104.30999755859375,104.6500015258789,104.20999908447266,104.63999938964844,92.56358337402344,17295600
2023-09-08,104.91000366210938,105.18000030517578,104.72000122070312,104.72000122070312,92.63436889648438,18608800
2023-09-11,104.58999633789062,104.63999938964844,104.38999938964844,104.5199966430664,92.45745849609375,13686300
2023-09-12,104.52999877929688,104.55000305175781,104.30999755859375,104.48999786376953,92.43091583251953,15839800
2023-09-13,104.37999725341797,104.81999969482422,104.31999969482422,104.72000122070312,92.63436889648438,19975200
2023-09-14,104.80000305175781,104.9000015258789,104.47000122070312,104.52999877929688,92.46627044677734,16821000
2023-09-15,104.43000030517578,104.4800033569336,104.1500015258789,104.37000274658203,92.32476043701172,21796400
2023-09-18,104.16999816894531,104.5999984741211,104.16999816894531,104.56999969482422,92.5016860961914,12182200
2023-09-19,104.31999969482422,104.43000030517578,104.18000030517578,104.22000122070312,92.19206237792969,14577800
2023-09-20,104.55999755859375,104.77999877929688,104.23999786376953,104.26000213623047,92.22744750976562,23735800
2023-09-21,103.41000366210938,103.43000030517578,103.12999725341797,103.20999908447266,91.29862213134766,30183800
2023-09-22,103.44999694824219,103.94000244140625,103.31999969482422,103.83999633789062,91.85592651367188,21849000
2023-09-25,103.05999755859375,103.36000061035156,102.80000305175781,102.83000183105469,90.96247863769531,25968600
2023-09-26,103.05000305175781,103.12000274658203,102.4000015258789,102.54000091552734,90.7059326171875,39047500
2023-09-27,103.0199966430664,103.11000061035156,101.69999694824219,102.05999755859375,90.28134155273438,35741200
2023-09-28,101.62000274658203,102.26000213623047,101.30000305175781,102.23999786376953,90.44056701660156,34650100
2023-09-29,102.77999877929688,102.91999816894531,101.77999877929688,102.0199966430664,90.2459716796875,28143000
2023-10-02,101.12999725341797,101.30000305175781,100.5999984741211,100.69000244140625,89.41918182373047,18787800
2023-10-03,100.37000274658203,100.52999877929688,99.38999938964844,99.52999877929688,88.38900756835938,30830200
2023-10-04,100.08999633789062,100.44999694824219,99.66999816894531,100.4000015258789,89.1616439819336,25863600
2023-10-05,100.54000091552734,100.75,100.12000274658203,100.27999877929688,89.05506896972656,21155700
2023-10-06,99.31999969482422,100.19999694824219,99.16999816894531,99.9800033569336,88.78866577148438,21667900
2023-10-09,100.4800033569336,101.25,100.30999755859375,101.22000122070312,89.8898696899414,6398600
2023-10-10,100.76000213623047,101.66000366210938,100.56999969482422,101.26000213623047,89.92536926269531,23168100
2023-10-11,101.86000061035156,101.94000244140625,101.43000030517578,101.87999725341797,90.47598266601562,22655800
2023-10-12,101.7300033569336,101.83999633789062,100.5999984741211,100.81999969482422,89.5346450805664,27899900
2023-10-13,101.6500015258789,101.7300033569336,101.18000030517578,101.37999725341797,90.0319595336914,20716300
2023-10-16,100.81999969482422,100.94999694824219,100.62999725341797,100.68000030517578,89.41028594970703,25991800
2023-10-17,99.80000305175781,100.22000122070312,99.55999755859375,99.87999725341797,88.69987487792969,24273500
2023-10-18,99.51000213623047,99.56999969482422,98.94999694824219,99.08000183105469,87.9893798828125,32144400
2023-10-19,98.91999816894531,99.2300033569336,98.2699966430664,98.27999877929688,87.27894592285156,41211800
2023-10-20,98.36000061035156,98.76000213623047,98.36000061035156,98.66999816894531,87.62527465820312,27130800
2023-10-23,98.37999725341797,99.70999908447266,98.23999786376953,99.44000244140625,88.30909729003906,21103000
2023-10-24,99.58999633789062,100.05999755859375,99.41999816894531,100.0,88.8064193725586,24517600
2023-10-25,99.44000244140625,99.5,98.86000061035156,99.08999633789062,87.99827575683594,20957000
2023-10-26,99.18000030517578,99.87000274658203,99.02999877929688,99.80999755859375,88.63768005371094,28046100
2023-10-27,99.69000244140625,99.81999969482422,99.30999755859375,99.61000061035156,88.46003723144531,21362800
2023-10-30,99.33000183105469,99.52999877929688,99.01000213623047,99.30999755859375,88.19363403320312,20961500
2023-10-31,99.44000244140625,99.9000015258789,99.13999938964844,99.16999816894531,88.06932067871094,28805700
2023-11-01,99.2699966430664,100.26000213623047,99.22000122070312,100.22000122070312,89.3296890258789,32111800
2023-11-02,101.19999694824219,101.48999786376953,101.02999877929688,101.41000366210938,90.39036560058594,31295500
2023-11-03,102.58000183105469,102.9000015258789,101.87999725341797,101.91000366210938,90.83602905273438,38496200
2023-11-06,101.7300033569336,101.7300033569336,101.25,101.37000274658203,90.3547134399414,17827700
2023-11-07,101.75,102.4000015258789,101.68000030517578,102.18000030517578,91.07670593261719,25518200
2023-11-08,102.33999633789062,102.79000091552734,102.33000183105469,102.69999694824219,91.5401840209961,26997000
2023-11-09,102.55999755859375,102.55999755859375,101.4800033569336,101.66000366210938,90.61319732666016,23864100
2023-11-10,102.30999755859375,102.33999633789062,101.97000122070312,102.16999816894531,91.0677490234375,18498900
2023-11-13,101.83000183105469,102.25,101.6500015258789,102.18000030517578,91.07670593261719,21439200
2023-11-14,103.80999755859375,104.05000305175781,103.66000366210938,103.77999877929688,92.50283813476562,28387800
2023-11-15,103.41999816894531,103.44999694824219,102.97000122070312,103.23999786376953,92.02149200439453,23895000
2023-11-16,103.7699966430664,104.13999938964844,103.69000244140625,104.08999633789062,92.77913665771484,21223000
2023-11-17,104.44999694824219,104.58000183105469,104.1500015258789,104.38999938964844,93.04653930664062,25810200
2023-11-20,104.26000213623047,104.87999725341797,104.23999786376953,104.80999755859375,93.42090606689453,18529400
2023-11-21,104.83000183105469,104.97000122070312,104.55000305175781,104.83999633789062,93.44762420654297,20273200
2023-11-22,105.23999786376953,105.37999725341797,104.8499984741211,105.26000213623047,93.8219985961914,18588000
2023-11-24,104.86000061035156,105.0199966430664,104.69999694824219,104.72000122070312,93.34066009521484,6391400
2023-11-27,105.05999755859375,105.58999633789062,104.87999725341797,105.56999969482422,94.09832000732422,17919500
2023-11-28,105.38999938964844,106.02999877929688,105.29000091552734,105.98999786376953,94.47266387939453,21320800
2023-11-29,106.54000091552734,106.91000366210938,106.4000015258789,106.8499984741211,95.23921966552734,20661800
2023-11-30,106.61000061035156,106.63999938964844,106.08000183105469,106.29000091552734,94.7400894165039,41950900
2023-12-01,106.04000091552734,107.22000122070312,105.9000015258789,107.16999816894531,95.88075256347656,27733500
2023-12-04,106.80999755859375,106.94999694824219,106.44999694824219,106.68000030517578,95.4423828125,28914300
2023-12-05,107.16000366210938,107.66999816894531,107.02999877929688,107.52999877929688,96.20284271240234,33315200
2023-12-06,107.8499984741211,108.19000244140625,107.72000122070312,107.93000030517578,96.56069946289062,22544300
2023-12-07,107.79000091552734,108.2300033569336,107.68000030517578,107.94000244140625,96.56967163085938,20253300
2023-12-08,107.33999633789062,107.62999725341797,107.18000030517578,107.36000061035156,96.05075073242188,21624200
2023-12-11,107.22000122070312,107.36000061035156,106.77999877929688,107.33000183105469,96.02391815185547,17714600
2023-12-12,107.31999969482422,107.9800033569336,107.13999938964844,107.94000244140625,96.56967163085938,22111100
2023-12-13,108.3499984741211,109.94999694824219,108.12999725341797,109.75,98.18898010253906,33623500
2023-12-14,110.23999786376953,110.87000274658203,110.12000274658203,110.5199966430664,99.23323059082031,28202300
2023-12-15,110.41999816894531,110.56999969482422,110.13999938964844,110.36000061035156,99.08955383300781,17904100
2023-12-18,110.04000091552734,110.16000366210938,109.83999633789062,109.9000015258789,98.67652893066406,19714500
2023-12-19,110.11000061035156,110.37000274658203,109.95999908447266,110.04000091552734,98.80225372314453,18086800
2023-12-20,110.25,110.41999816894531,109.91000366210938,110.33000183105469,99.06261444091797,23942000
2023-12-21,110.58999633789062,110.70999908447266,110.02999877929688,110.29000091552734,99.02671813964844,24168300
2023-12-22,110.44000244140625,110.5,109.94000244140625,110.0999984741211,98.8561019897461,11037100
2023-12-26,110.13999938964844,110.4000015258789,110.08999633789062,110.33000183105469,99.06261444091797,5816000
2023-12-27,110.88999938964844,111.4000015258789,110.72000122070312,111.36000061035156,99.98745727539062,13646400
2023-12-28,111.20999908447266,111.38999938964844,110.91999816894531,111.06999969482422,99.72704315185547,14288800
2023-12-29,110.69999694824219,111.01000213623047,110.55999755859375,110.66000366210938,99.35894012451172,17956700
2024-01-02,109.94000244140625,110.16999816894531,109.79000091552734,109.91000366210938,98.68553924560547,20622000
2024-01-03,109.0999984741211,109.7699966430664,108.91999816894531,109.66000366210938,98.46104431152344,35384900
2024-01-04,109.0,109.25,108.87000274658203,109.05000305175781,97.9133529663086,43111300
2024-01-05,108.72000122070312,109.56999969482422,108.58000183105469,108.66000366210938,97.56318664550781,24385500
2024-01-08,108.76000213623047,109.55000305175781,108.73999786376953,109.48999786376953,98.30839538574219,29182300
2024-01-09,109.31999969482422,109.79000091552734,109.2699966430664,109.68000030517578,98.47899627685547,55126300
2024-01-10,110.05000305175781,110.16000366210938,109.47000122070312,109.54000091552734,98.35330963134766,32323500
2024-01-11,109.7300033569336,110.33999633789062,109.38999938964844,110.19999694824219,98.94590759277344,50960900
2024-01-12,110.55000305175781,110.8499984741211,110.12999725341797,110.44000244140625,99.1613998413086,30479000
2024-01-16,109.8499984741211,109.98999786376953,109.0999984741211,109.31999969482422,98.15576171875,27124600
2024-01-17,109.06999969482422,109.25,108.69999694824219,109.08999633789062,97.94925689697266,34414000
2024-01-18,109.26000213623047,109.33000183105469,108.76000213623047,108.87999725341797,97.76070404052734,28325100
2024-01-19,108.83999633789062,109.0199966430664,108.44999694824219,108.98999786376953,97.85948944091797,25621500
2024-01-22,109.48999786376953,109.56999969482422,109.16000366210938,109.29000091552734,98.12882232666016,17679900
2024-01-23,109.04000091552734,109.04000091552734,108.66999816894531,108.88999938964844,97.76968383789062,25439500
2024-01-24,109.38999938964844,109.44999694824219,108.58999633789062,108.68000030517578,97.58114624023438,26828300
2024-01-25,109.26000213623047,109.44000244140625,109.05000305175781,109.4000015258789,98.22759246826172,39484000
2024-01-26,109.44000244140625,109.44999694824219,109.05999755859375,109.08999633789062,97.94925689697266,26642300
2024-01-29,109.52999877929688,109.77999877929688,109.31999969482422,109.54000091552734,98.35330963134766,27060700
2024-01-30,109.81999969482422,109.91000366210938,109.33999633789062,109.88999938964844,98.66758728027344,30459200
2024-01-31,110.36000061035156,110.63999938964844,109.87000274658203,110.16999816894531,98.9189682006836,44733000
2024-02-01,110.51000213623047,110.91000366210938,110.0999984741211,110.62999725341797,99.6839599609375,42478500
2024-02-02,109.47000122070312,109.70999908447266,109.22000122070312,109.62000274658203,98.77391052246094,39604900
2024-02-05,108.8499984741211,108.86000061035156,108.31999969482422,108.56999969482422,97.8277816772461,39266800
2024-02-06,108.75,109.36000061035156,108.72000122070312,109.18000030517578,98.3774185180664,26095200
2024-02-07,108.91999816894531,109.30999755859375,108.76000213623047,108.86000061035156,98.089111328125,23574200
2024-02-08,108.54000091552734,108.58000183105469,108.19000244140625,108.30000305175781,97.58451080322266,26063900
2024-02-09,108.0199966430664,108.23999786376953,108.0,108.16000366210938,97.4583511352539,19029200
2024-02-12,108.22000122070312,108.2699966430664,107.86000061035156,108.16999816894531,97.46736907958984,30378900
2024-02-13,107.19999694824219,107.38999938964844,106.87000274658203,106.9800033569336,96.39510345458984,41494100
2024-02-14,107.0999984741211,107.5199966430664,107.08000183105469,107.4800033569336,96.84562683105469,41932200
2024-02-15,108.08000183105469,108.0999984741211,107.62000274658203,107.87000274658203,97.19702911376953,33255200
2024-02-16,107.36000061035156,107.58999633789062,107.23999786376953,107.4800033569336,96.84562683105469,26189800
2024-02-20,107.83999633789062,107.94999694824219,107.62000274658203,107.83999633789062,97.1700210571289,22386600
2024-02-21,107.91999816894531,107.91999816894531,107.41999816894531,107.56999969482422,96.92671966552734,23606200
2024-02-22,107.7300033569336,107.93000030517578,107.5999984741211,107.73999786376953,97.07991790771484,28705900
2024-02-23,107.79000091552734,108.22000122070312,107.7300033569336,108.05999755859375,97.3682632446289,29856300
2024-02-26,108.08999633789062,108.08999633789062,107.4800033569336,107.72000122070312,97.0618896484375,26696200
2024-02-27,107.6500015258789,107.83999633789062,107.51000213623047,107.56999969482422,96.92671966552734,33453800
2024-02-28,107.44000244140625,107.62999725341797,107.4000015258789,107.55999755859375,96.91773986816406,32713500
2024-02-29,107.72000122070312,108.1500015258789,107.5199966430664,107.66000366210938,97.00782012939453,45656400
2024-03-01,107.04000091552734,108.02999877929688,106.75,107.91999816894531,97.59837341308594,42971500
2024-03-04,107.62999725341797,107.87000274658203,107.55000305175781,107.72000122070312,97.4175033569336,31472000
2024-03-05,108.29000091552734,108.5999984741211,108.13999938964844,108.30999755859375,97.9510726928711,33394200
2024-03-06,108.55000305175781,108.95999908447266,108.5199966430664,108.5999984741211,98.21332550048828,33176900
2024-03-07,108.98999786376953,109.02999877929688,108.5999984741211,108.87000274658203,98.45750427246094,22875700
2024-03-08,109.08999633789062,109.30000305175781,108.91999816894531,109.0199966430664,98.5931625366211,29591100
2024-03-11,109.04000091552734,109.29000091552734,108.87000274658203,109.04000091552734,98.61125946044922,25360200
2024-03-12,108.87000274658203,108.95999908447266,108.58999633789062,108.69000244140625,98.29473114013672,30852100
2024-03-13,108.72000122070312,108.94000244140625,108.54000091552734,108.58000183105469,98.19525909423828,31089900
2024-03-14,108.25,108.25,107.69999694824219,107.77999877929688,97.47177124023438,48815400
2024-03-15,107.83000183105469,107.95999908447266,107.62999725341797,107.80999755859375,97.4988784790039,34525600
2024-03-18,107.87000274658203,107.91999816894531,107.61000061035156,107.62999725341797,97.33610534667969,18279900
2024-03-19,107.80999755859375,108.18000030517578,107.75,107.94000244140625,97.6164779663086,22721000
2024-03-20,107.9800033569336,108.33000183105469,107.52999877929688,108.13999938964844,97.79730987548828,41915400
2024-03-21,108.47000122070312,108.55000305175781,108.12999725341797,108.30000305175781,97.94203186035156,26546700
2024-03-22,108.88999938964844,108.91999816894531,108.62000274658203,108.66999816894531,98.2766342163086,20877600
2024-03-25,108.66000366210938,108.66000366210938,108.23999786376953,108.30000305175781,97.94203186035156,23291000
2024-03-26,108.48999786376953,108.48999786376953,108.12999725341797,108.2699966430664,97.91488647460938,27266700
2024-03-27,108.41999816894531,109.0199966430664,108.3499984741211,109.0199966430664,98.5931625366211,30600500
2024-03-28,108.88999938964844,109.19000244140625,108.80000305175781,108.91999816894531,98.5027084350586,23066200
2024-04-01,108.0199966430664,108.02999877929688,107.37999725341797,107.47000122070312,97.55953216552734,20817100
2024-04-02,106.93000030517578,107.36000061035156,106.68000030517578,107.30999755859375,97.4142837524414,32433900
2024-04-03,106.91999816894531,107.55999755859375,106.75,107.37999725341797,97.47785186767578,25198700
2024-04-04,107.77999877929688,107.77999877929688,107.29000091552734,107.5,97.58677673339844,31423800
2024-04-05,107.08000183105469,107.37999725341797,106.9800033569336,107.02999877929688,97.16011810302734,25134900
2024-04-08,106.93000030517578,107.22000122070312,106.86000061035156,107.0199966430664,97.15101623535156,37054400
2024-04-09,107.44999694824219,107.62999725341797,107.38999938964844,107.56999969482422,97.65032958984375,21967300
2024-04-10,106.73999786376953,106.73999786376953,105.87999725341797,106.04000091552734,96.26139068603516,45351600
2024-04-11,106.30999755859375,106.4000015258789,105.61000061035156,105.81999969482422,96.06171417236328,38047900
2024-04-12,106.29000091552734,106.33000183105469,106.0199966430664,106.05999755859375,96.27955627441406,35119700
2024-04-15,105.48999786376953,105.48999786376953,104.75,104.88999938964844,95.21745300292969,27018500
2024-04-16,104.45999908447266,104.66000366210938,104.18000030517578,104.54000091552734,94.89972686767578,34191600
2024-04-17,105.04000091552734,105.27999877929688,104.80999755859375,105.11000061035156,95.41716766357422,26726300
2024-04-18,105.18000030517578,105.20999908447266,104.7300033569336,104.9000015258789,95.22654724121094,25997900
2024-04-19,105.2699966430664,105.29000091552734,104.91000366210938,105.01000213623047,95.32638549804688,20265600
2024-04-22,104.97000122070312,105.30999755859375,104.91999816894531,105.2699966430664,95.56242370605469,26642400
2024-04-23,105.16999816894531,105.87000274658203,105.0199966430664,105.44999694824219,95.7258071899414,26338800
2024-04-24,105.22000122070312,105.27999877929688,104.73999786376953,105.04000091552734,95.3536148071289,24538400
2024-04-25,104.30000305175781,104.77999877929688,104.13999938964844,104.7300033569336,95.07221984863281,29826400
2024-04-26,105.12999725341797,105.31999969482422,105.05999755859375,105.12999725341797,95.43533325195312,11784100
2024-04-29,105.43000030517578,105.66999816894531,105.30000305175781,105.56999969482422,95.83475494384766,18052100
2024-04-30,105.13999938964844,105.4000015258789,104.9000015258789,104.98999786376953,95.3082275390625,26008100
2024-05-01,104.87999725341797,105.55000305175781,104.6500015258789,105.01000213623047,95.7046890258789,30342900
2024-05-02,105.08999633789062,105.72000122070312,104.93000030517578,105.66000366210938,96.2970962524414,28044200
2024-05-03,106.43000030517578,106.79000091552734,106.0,106.4000015258789,96.97151184082031,24166800
2024-05-06,106.5199966430664,106.70999908447266,106.44999694824219,106.69999694824219,97.24492645263672,18519800
2024-05-07,107.0,107.16000366210938,106.6500015258789,106.75,97.29049682617188,28680400
2024-05-08,106.5,106.6500015258789,106.41000366210938,106.4800033569336,97.04442596435547,19916700
2024-05-09,106.4000015258789,106.7699966430664,106.29000091552734,106.6500015258789,97.19934844970703,25583500
2024-05-10,106.44000244140625,106.5199966430664,106.19000244140625,106.30999755859375,96.88949584960938,16291500
2024-05-13,106.55999755859375,106.6500015258789,106.31999969482422,106.3499984741211,96.92594909667969,20464200
2024-05-14,106.62999725341797,106.77999877929688,106.5,106.66000366210938,97.20848083496094,25440400
2024-05-15,107.5,107.77999877929688,107.25,107.61000061035156,98.07429504394531,33780900
2024-05-16,107.76000213623047,107.77999877929688,107.38999938964844,107.44000244140625,97.91938018798828,23586600
2024-05-17,107.25,107.44999694824219,107.16000366210938,107.19000244140625,97.69151306152344,21862800
2024-05-20,107.11000061035156,107.2300033569336,107.05999755859375,107.13999938964844,97.64595031738281,17885200
2024-05-21,107.44000244140625,107.4800033569336,107.26000213623047,107.31999969482422,97.80999755859375,17411900
2024-05-22,107.01000213623047,107.31999969482422,107.0,107.16000366210938,97.6641845703125,26735600
2024-05-23,107.30000305175781,107.33000183105469,106.56999969482422,106.69000244140625,97.23580932617188,24876100
2024-05-24,106.70999908447266,106.98999786376953,106.62000274658203,106.9800033569336,97.50013732910156,11189500
2024-05-28,107.12999725341797,107.12999725341797,106.2699966430664,106.33999633789062,96.91682434082031,15989600
2024-05-29,105.95999908447266,105.97000122070312,105.55000305175781,105.7699966430664,96.39732360839844,30015700
2024-05-30,106.19999694824219,106.44999694824219,106.12999725341797,106.41999816894531,96.9897232055664,21036300
2024-05-31,106.83999633789062,107.0199966430664,106.66999816894531,106.88999938964844,97.41809844970703,19901400
2024-06-03,106.80999755859375,107.23999786376953,106.76000213623047,107.22000122070312,98.09050750732422,20154900
2024-06-04,107.5199966430664,107.80000305175781,107.3499984741211,107.63999938964844,98.47473907470703,24545200
2024-06-05,107.81999969482422,108.02999877929688,107.43000030517578,108.0,98.8041000366211,26584700
2024-06-06,107.83000183105469,108.02999877929688,107.79000091552734,107.93000030517578,98.74006652832031,22687100
2024-06-07,107.02999877929688,107.19999694824219,106.87000274658203,106.95999908447266,97.85265350341797,26228700
2024-06-10,106.75,106.83999633789062,106.6500015258789,106.73999786376953,97.6513900756836,19415700
2024-06-11,106.80000305175781,107.2699966430664,106.7300033569336,107.19999694824219,98.07221984863281,19042600
2024-06-12,108.27999877929688,108.55999755859375,107.81999969482422,107.86000061035156,98.676025390625,27209400
2024-06-13,108.3499984741211,108.55000305175781,108.05999755859375,108.37000274658203,99.1426010131836,26782700
2024-06-14,108.43000030517578,108.58000183105469,108.25,108.45999908447266,99.22492218017578,28561900
2024-06-17,107.81999969482422,108.01000213623047,107.7300033569336,107.94999694824219,98.75834655761719,24678700
2024-06-18,108.18000030517578,108.55000305175781,108.13999938964844,108.44999694824219,99.21575927734375,25576600
2024-06-20,107.83999633789062,108.11000061035156,107.77999877929688,108.08999633789062,98.88642120361328,21206300
2024-06-21,108.19000244140625,108.3499984741211,107.86000061035156,108.12000274658203,98.91387939453125,21091200
2024-06-24,108.2300033569336,108.41999816894531,108.16999816894531,108.2300033569336,99.0145263671875,18597600
2024-06-25,108.1500015258789,108.29000091552734,108.0199966430664,108.19000244140625,98.97793579101562,16251600
2024-06-26,107.5,107.69999694824219,107.38999938964844,107.5999984741211,98.43814849853516,26381300
2024-06-27,107.93000030517578,107.9800033569336,107.77999877929688,107.80999755859375,98.6302719116211,19939400
2024-06-28,108.08000183105469,108.11000061035156,107.08999633789062,107.12000274658203,97.9990463256836,27395800
2024-07-01,106.33999633789062,106.69999694824219,106.05000305175781,106.11000061035156,97.4169692993164,22429100
2024-07-02,106.6500015258789,106.81999969482422,106.41000366210938,106.79000091552734,98.04124450683594,19845700
2024-07-03,107.1500015258789,107.58000183105469,107.04000091552734,107.58000183105469,98.76654815673828,14318900
2024-07-05,107.98999786376953,108.19999694824219,107.69999694824219,108.13999938964844,99.28065490722656,18800300
2024-07-08,108.22000122070312,108.30999755859375,107.9800033569336,108.12999725341797,99.271484375,18136600
2024-07-09,107.94999694824219,108.12000274658203,107.69000244140625,107.93000030517578,99.0878677368164,20384700
2024-07-10,108.05999755859375,108.20999908447266,107.9000015258789,108.19000244140625,99.32657623291016,17263200
2024-07-11,108.86000061035156,109.0199966430664,108.68000030517578,108.7699966430664,99.8590316772461,31411700
2024-07-12,108.83000183105469,109.16999816894531,108.7300033569336,109.16999816894531,100.22627258300781,20301300
2024-07-15,108.80000305175781,108.95999908447266,108.55000305175781,108.56999969482422,99.67544555664062,18291500
2024-07-16,108.83000183105469,109.22000122070312,108.73999786376953,109.19999694824219,100.25381469726562,20090700
2024-07-17,108.9000015258789,109.30000305175781,108.83999633789062,109.25,100.29972076416016,21313500
2024-07-18,108.98999786376953,109.23999786376953,108.73999786376953,108.77999877929688,99.86820983886719,28091700
2024-07-19,108.56999969482422,108.58000183105469,108.30999755859375,108.37999725341797,99.5009994506836,16576600
2024-07-22,108.72000122070312,108.76000213623047,108.19999694824219,108.31999969482422,99.44590759277344,22556800
2024-07-23,108.45999908447266,108.56999969482422,108.23999786376953,108.23999786376953,99.37245178222656,24425700
2024-07-24,108.37000274658203,108.47000122070312,107.58000183105469,107.58000183105469,98.76654815673828,28026100
2024-07-25,107.79000091552734,108.27999877929688,107.7699966430664,108.01000213623047,99.16130828857422,29760400
2024-07-26,108.61000061035156,108.66000366210938,108.3499984741211,108.61000061035156,99.712158203125,21119900
2024-07-29,108.93000030517578,108.97000122070312,108.62000274658203,108.83999633789062,99.9233169555664,24734600
2024-07-30,108.91999816894531,108.98999786376953,108.69000244140625,108.93000030517578,100.00594329833984,14952000
2024-07-31,109.38999938964844,109.58999633789062,109.08999633789062,109.55999755859375,100.58432006835938,29226900
2024-08-01,109.55999755859375,109.83999633789062,109.44999694824219,109.52999877929688,100.91785430908203,34564600
2024-08-02,110.11000061035156,110.69000244140625,110.11000061035156,110.5999984741211,101.9037094116211,46697900
2024-08-05,110.55999755859375,110.66000366210938,110.01000213623047,110.31999969482422,101.64574432373047,56991100
2024-08-06,110.19999694824219,110.23999786376953,109.58000183105469,109.5999984741211,100.98233032226562,47432500
2024-08-07,109.54000091552734,109.7699966430664,108.94000244140625,109.0999984741211,100.52166748046875,46819000
2024-08-08,109.04000091552734,109.22000122070312,108.83999633789062,109.1500015258789,100.56774139404297,23536800
2024-08-09,109.88999938964844,109.91999816894531,109.61000061035156,109.70999908447266,101.08370208740234,23199700
2024-08-12,109.66000366210938,110.05999755859375,109.55000305175781,109.94000244140625,101.29563903808594,24281800
2024-08-13,110.45999908447266,110.70999908447266,110.30000305175781,110.70999908447266,102.00508117675781,31245000
2024-08-14,110.83999633789062,111.33999633789062,110.83000183105469,111.19999694824219,102.45655059814453,28985600
2024-08-15,110.51000213623047,111.01000213623047,110.44000244140625,110.86000061035156,102.1432876586914,29546000
2024-08-16,110.9800033569336,111.26000213623047,110.41999816894531,111.19000244140625,102.44734954833984,21411500
2024-08-19,111.16999816894531,111.56999969482422,111.1500015258789,111.44999694824219,102.6869125366211,16004100
2024-08-20,111.63999938964844,111.80000305175781,111.44999694824219,111.73999786376953,102.95409393310547,27114000
2024-08-21,111.83000183105469,112.27999877929688,111.66999816894531,111.98999786376953,103.18443298339844,23819100
2024-08-22,111.73999786376953,111.81999969482422,111.29000091552734,111.52999877929688,102.76058959960938,17926300
2024-08-23,111.8499984741211,112.30000305175781,111.70999908447266,112.16999816894531,103.35028076171875,22650200
2024-08-26,112.4000015258789,112.4000015258789,111.98999786376953,112.02999877929688,103.2212905883789,15312500
2024-08-27,111.58000183105469,111.98999786376953,111.54000091552734,111.94000244140625,103.13836669921875,15922700
2024-08-28,111.87000274658203,111.95999908447266,111.63999938964844,111.70999908447266,102.92642974853516,22104600
2024-08-29,111.48999786376953,111.63999938964844,111.33999633789062,111.5199966430664,102.75138854980469,20079400
2024-08-30,111.66000366210938,111.80999755859375,111.16999816894531,111.20999908447266,102.46575164794922,25275500
2024-09-03,111.29000091552734,111.5199966430664,110.97000122070312,111.13999938964844,102.77555084228516,27734500
2024-09-04,111.20999908447266,111.87000274658203,111.19000244140625,111.83000183105469,103.41362762451172,31915900
2024-09-05,112.16000366210938,112.41000366210938,111.73999786376953,112.37999725341797,103.9222412109375,35538500
2024-09-06,112.4000015258789,113.05999755859375,112.12999725341797,112.33000183105469,103.87599182128906,42004600
2024-09-09,112.30999755859375,112.69000244140625,112.18000030517578,112.58000183105469,104.10718536376953,35440300
2024-09-10,112.62999725341797,112.91000366210938,112.51000213623047,112.88999938964844,104.39383697509766,30489500
2024-09-11,112.66000366210938,113.11000061035156,112.56999969482422,112.94000244140625,104.44009399414062,36948000
2024-09-12,112.86000061035156,112.94999694824219,112.55999755859375,112.86000061035156,104.36610412597656,30255700
2024-09-13,113.22000122070312,113.37000274658203,113.0999984741211,113.20999908447266,104.68975830078125,25536600
2024-09-16,113.3499984741211,113.79000091552734,113.22000122070312,113.70999908447266,105.15213012695312,25722000
2024-09-17,113.9000015258789,113.91999816894531,113.54000091552734,113.72000122070312,105.16139221191406,31732800
2024-09-18,113.44000244140625,114.06999969482422,113.22000122070312,113.25,104.72675323486328,35015500
2024-09-19,113.30000305175781,113.55999755859375,113.13999938964844,113.3499984741211,104.81922912597656,31216900
2024-09-20,113.18000030517578,113.5,112.98999786376953,113.44999694824219,104.91169738769531,29958900
2024-09-23,113.0999984741211,113.5199966430664,112.95999908447266,113.29000091552734,104.76374816894531,22919400
2024-09-24,113.0,113.56999969482422,112.9000015258789,113.4800033569336,104.93946075439453,24719900
2024-09-25,113.16000366210938,113.19999694824219,112.77999877929688,112.80999755859375,104.31987762451172,32881300
2024-09-26,113.01000213623047,113.08999633789062,112.5199966430664,112.80999755859375,104.31987762451172,20877100
2024-09-27,113.12999725341797,113.3499984741211,113.05000305175781,113.26000213623047,104.73600006103516,25232000
2024-09-30,113.19999694824219,113.31999969482422,112.83000183105469,112.9800033569336,104.4770736694336,22728400
2024-10-01,113.0999984741211,113.29000091552734,112.87000274658203,113.11000061035156,104.97920227050781,36591300
2024-10-02,112.44000244140625,112.87999725341797,112.38999938964844,112.86000061035156,104.74715423583984,29446700
2024-10-03,112.58000183105469,112.62999725341797,112.12999725341797,112.12999725341797,104.06964111328125,24163200
2024-10-04,111.55000305175781,111.63999938964844,111.38999938964844,111.5199966430664,103.50348663330078,33618100
2024-10-07,111.12000274658203,111.33000183105469,110.87999725341797,110.94999694824219,102.97444152832031,27106300
2024-10-08,110.81999969482422,111.16999816894531,110.66999816894531,111.16999816894531,103.17864227294922,27316000
2024-10-09,110.93000030517578,111.06999969482422,110.75,110.94999694824219,102.97444152832031,29951900
2024-10-10,110.7300033569336,110.88999938964844,110.5,110.83000183105469,102.86309051513672,25932500
2024-10-11,110.66999816894531,111.0199966430664,110.56999969482422,110.80999755859375,102.84452056884766,20079000
2024-10-14,110.5,110.83999633789062,110.37000274658203,110.81999969482422,102.85379791259766,4335400
2024-10-15,111.05000305175781,111.47000122070312,111.05000305175781,111.36000061035156,103.35498046875,28673200
2024-10-16,111.66999816894531,111.79000091552734,111.48999786376953,111.70999908447266,103.6798095703125,20474300
2024-10-17,111.27999877929688,111.31999969482422,110.83000183105469,110.87999725341797,102.90949249267578,31476700
2024-10-18,111.05999755859375,111.1500015258789,110.7300033569336,110.75,102.7888412475586,27372400
2024-10-21,110.20999908447266,110.27999877929688,109.58000183105469,109.62000274658203,101.74004364013672,28320400
2024-10-22,109.72000122070312,109.73999786376953,109.3499984741211,109.61000061035156,101.73078155517578,26001200
2024-10-23,109.23999786376953,109.45999908447266,109.08000183105469,109.23999786376953,101.38739013671875,25425800
2024-10-24,109.41000366210938,109.7699966430664,109.2699966430664,109.56999969482422,101.69364166259766,21021100
2024-10-25,109.87999725341797,109.94000244140625,109.25,109.30999755859375,101.45234680175781,16040900
2024-10-28,109.43000030517578,109.48999786376953,108.97000122070312,109.22000122070312,101.36880493164062,20935200
2024-10-29,108.73999786376953,109.37999725341797,108.66000366210938,109.3499984741211,101.48946380615234,24075800
2024-10-30,109.68000030517578,109.94999694824219,109.16000366210938,109.20999908447266,101.35955047607422,25259100
2024-10-31,109.02999877929688,109.31999969482422,108.72000122070312,108.98999786376953,101.15534210205078,29424400
2024-11-01,108.9000015258789,109.06999969482422,107.95999908447266,108.01000213623047,100.60115814208984,25142200
2024-11-04,108.9000015258789,109.08000183105469,108.5199966430664,108.80999755859375,101.34628295898438,24713500
2024-11-05,108.76000213623047,109.3499984741211,108.5,109.33000183105469,101.83061981201172,23732500
2024-11-06,108.06999969482422,108.6500015258789,107.91000366210938,108.19000244140625,100.7688217163086,38097900
2024-11-07,108.83000183105469,109.58999633789062,108.72000122070312,109.47000122070312,101.96102142333984,24596700
2024-11-08,109.70999908447266,110.08000183105469,109.58999633789062,109.8499984741211,102.31493377685547,21113600
2024-11-11,109.6500015258789,109.7300033569336,109.45999908447266,109.63999938964844,102.11933898925781,7971100
2024-11-12,109.16999816894531,109.4000015258789,108.55999755859375,108.6500015258789,101.19725036621094,36203300
2024-11-13,109.23999786376953,109.25,108.16999816894531,108.23999786376953,100.81536865234375,22942500
2024-11-14,108.52999877929688,108.72000122070312,108.0999984741211,108.20999908447266,100.78744506835938,26889100
2024-11-15,107.91000366210938,108.5199966430664,107.5999984741211,108.26000213623047,100.83401489257812,27276300
2024-11-18,108.12999725341797,108.63999938964844,108.04000091552734,108.45999908447266,101.02027893066406,19399100
2024-11-19,108.72000122070312,108.91000366210938,108.61000061035156,108.69000244140625,101.23450469970703,21473200
2024-11-20,108.30999755859375,108.5999984741211,108.2699966430664,108.43000030517578,100.99234771728516,24792000
2024-11-21,108.47000122070312,108.75,108.20999908447266,108.30000305175781,100.87126159667969,22507400
2024-11-22,108.4800033569336,108.58999633789062,108.22000122070312,108.4000015258789,100.96440124511719,13813000
2024-11-25,109.55999755859375,109.80999755859375,109.41999816894531,109.75,102.22178649902344,21678000
2024-11-26,109.48999786376953,109.5199966430664,109.11000061035156,109.47000122070312,101.96102142333984,25005000
2024-11-27,109.79000091552734,109.9800033569336,109.55999755859375,109.87000274658203,102.33357238769531,23584000
2024-11-29,110.33999633789062,110.56999969482422,110.29000091552734,110.55000305175781,102.9669189453125,11838900
2024-12-02,110.3499984741211,110.43000030517578,109.80999755859375,110.33999633789062,103.12862396240234,33409400
2024-12-03,110.45999908447266,110.54000091552734,109.88999938964844,109.94999694824219,102.76411437988281,27394800
2024-12-04,109.75,110.58999633789062,109.69999694824219,110.4800033569336,103.25949096679688,22704100
2024-12-05,110.20999908447266,110.54000091552734,110.16999816894531,110.44999694824219,103.23145294189453,16792500
2024-12-06,110.91999816894531,110.93000030517578,110.44000244140625,110.69999694824219,103.46509552001953,16668800
2024-12-09,110.54000091552734,110.5999984741211,110.33000183105469,110.41999816894531,103.20339965820312,21149300
2024-12-10,110.16999816894531,110.4000015258789,110.11000061035156,110.25,103.04452514648438,19497500
2024-12-11,110.44999694824219,110.58999633789062,109.93000030517578,109.94999694824219,102.76411437988281,24516500
2024-12-12,109.69000244140625,109.72000122070312,109.25,109.33000183105469,102.18462371826172,24747600
2024-12-13,109.18000030517578,109.19000244140625,108.6500015258789,108.72000122070312,101.614501953125,13195000
2024-12-16,109.02999877929688,109.05999755859375,108.69999694824219,108.86000061035156,101.74534606933594,18893000
2024-12-17,108.83999633789062,109.0199966430664,108.75,108.87000274658203,101.75469207763672,29945700
2024-12-18,108.36000061035156,108.58999633789062,107.05000305175781,107.13999938964844,100.4931411743164,36753900
2024-12-19,106.86000061035156,107.0,106.33000183105469,106.55999755859375,99.94912719726562,40479900
2024-12-20,107.08999633789062,107.47000122070312,106.80999755859375,106.9800033569336,100.34307098388672,27608300
2024-12-23,107.01000213623047,107.08000183105469,106.55000305175781,106.66999816894531,100.05228424072266,13091800
2024-12-24,106.45999908447266,107.01000213623047,106.41999816894531,107.0,100.36183166503906,6215300
2024-12-26,106.5,107.13999938964844,106.5,107.0999984741211,100.45561218261719,12454800
2024-12-27,106.91000366210938,107.04000091552734,106.61000061035156,106.6500015258789,100.03355407714844,13908400
2024-12-30,107.02999877929688,107.18000030517578,106.97000122070312,107.11000061035156,100.46499633789062,9141400
2024-12-31,107.29000091552734,107.38999938964844,106.66999816894531,106.83999633789062,100.21176147460938,10768700
2025-01-02,107.12000274658203,107.30999755859375,106.62000274658203,106.8499984741211,100.22112274169922,19098100
2025-01-03,107.0,107.05999755859375,106.54000091552734,106.5999984741211,99.98663330078125,22610500
2025-01-06,106.5199966430664,106.58999633789062,106.2699966430664,106.33000183105469,99.73340606689453,24302200
2025-01-07,106.19000244140625,106.30999755859375,105.66999816894531,105.83999633789062,99.2737808227539,25115700
2025-01-08,105.70999908447266,106.11000061035156,105.62999725341797,106.01000213623047,99.4332504272461,30143800
2025-01-10,105.3499984741211,105.73999786376953,105.22000122070312,105.4000015258789,98.86109924316406,24613500
2025-01-13,105.3499984741211,105.37000274658203,105.02999877929688,105.0999984741211,98.57969665527344,18873300
2025-01-14,105.19999694824219,105.27999877929688,104.94000244140625,105.22000122070312,98.69225311279297,27585200
2025-01-15,106.41999816894531,106.63999938964844,106.22000122070312,106.4800033569336,99.87409210205078,32123600
2025-01-16,106.43000030517578,106.91000366210938,106.20999908447266,106.69000244140625,100.07106018066406,24583300
2025-01-17,106.9800033569336,107.01000213623047,106.70999908447266,106.77999877929688,100.15545654296875,18912000
2025-01-21,107.2300033569336,107.41999816894531,107.12000274658203,107.4000015258789,100.73699951171875,20670600
2025-01-22,107.4000015258789,107.51000213623047,107.05000305175781,107.05999755859375,100.4181137084961,18418900
2025-01-23,106.58999633789062,106.91999816894531,106.56999969482422,106.91000366210938,100.27741241455078,18118300
2025-01-24,106.87000274658203,107.23999786376953,106.76000213623047,107.12000274658203,100.47439575195312,13020200
2025-01-27,107.6500015258789,107.88999938964844,107.51000213623047,107.86000061035156,101.16847229003906,18954300
2025-01-28,107.58000183105469,107.7699966430664,107.4800033569336,107.70999908447266,101.02777862548828,22253100
2025-01-29,107.88999938964844,107.91999816894531,107.2300033569336,107.56999969482422,100.8964614868164,24969100
2025-01-30,107.86000061035156,108.01000213623047,107.66000366210938,107.80999755859375,101.1215591430664,22709300
2025-01-31,107.9000015258789,108.0199966430664,107.23999786376953,107.45999908447266,100.79329681396484,28454600
2025-02-03,107.36000061035156,107.68000030517578,107.0199966430664,107.23999786376953,100.95237731933594,21155000
2025-02-04,106.9800033569336,107.56999969482422,106.94000244140625,107.44999694824219,101.15006256103516,25086200
2025-02-05,108.04000091552734,108.43000030517578,107.7699966430664,108.19999694824219,101.8560791015625,30119200
2025-02-06,108.12999725341797,108.29000091552734,107.88999938964844,108.0,101.66783142089844,22557700
2025-02-07,107.63999938964844,107.72000122070312,107.4000015258789,107.52999877929688,101.22537994384766,23911000
2025-02-10,107.62999725341797,107.8499984741211,107.44999694824219,107.55999755859375,101.25362396240234,15302300
2025-02-11,107.2300033569336,107.4000015258789,107.19999694824219,107.31999969482422,101.02770233154297,19478800
2025-02-12,106.56999969482422,106.87000274658203,106.36000061035156,106.73999786376953,100.481689453125,31480600
2025-02-13,107.31999969482422,107.76000213623047,107.27999877929688,107.56999969482422,101.26304626464844,20735100
2025-02-14,108.12999725341797,108.3499984741211,107.98999786376953,107.98999786376953,101.65841674804688,14409400
2025-02-18,107.8499984741211,107.95999908447266,107.47000122070312,107.55000305175781,101.24422454833984,17640000
2025-02-19,107.51000213623047,107.7699966430664,107.4000015258789,107.61000061035156,101.30068969726562,26007400
2025-02-20,107.77999877929688,107.94999694824219,107.70999908447266,107.87000274658203,101.54544830322266,23814800
2025-02-21,108.0199966430664,108.58000183105469,107.98999786376953,108.25,101.90319061279297,30130700
2025-02-24,108.30999755859375,108.68000030517578,108.18000030517578,108.52999877929688,102.16675567626953,23399500
2025-02-25,109.20999908447266,109.4000015258789,109.05999755859375,109.36000061035156,102.94807434082031,26835200
2025-02-26,109.4000015258789,109.63999938964844,109.19000244140625,109.58999633789062,103.16459655761719,22983100
2025-02-27,109.27999877929688,109.44999694824219,109.06999969482422,109.12999725341797,102.73155975341797,27258200
2025-02-28,109.51000213623047,109.66000366210938,109.1500015258789,109.61000061035156,103.18341827392578,29596100
2025-03-03,108.94000244140625,109.54000091552734,108.87000274658203,109.54000091552734,103.50944519042969,42545300
2025-03-04,109.36000061035156,109.55000305175781,109.05000305175781,109.18000030517578,103.16925048828125,46053300
2025-03-05,109.33000183105469,109.44999694824219,108.7300033569336,108.83000183105469,102.83851623535156,45483500
2025-03-06,108.69000244140625,108.83999633789062,108.29000091552734,108.48999786376953,102.51724243164062,40519900
2025-03-07,109.02999877929688,109.02999877929688,108.19999694824219,108.31999969482422,102.35659790039062,30747100
2025-03-10,108.81999969482422,109.05999755859375,108.55000305175781,108.69000244140625,102.70623016357422,34294800
2025-03-11,108.61000061035156,108.68000030517578,107.94999694824219,107.9800033569336,102.03531646728516,42262600
2025-03-12,108.02999877929688,108.05999755859375,107.62000274658203,107.66000366210938,101.7329330444336,35875600
2025-03-13,107.29000091552734,108.02999877929688,107.18000030517578,108.0,102.05420684814453,43907900
2025-03-14,108.0,108.20999908447266,107.87000274658203,107.94999694824219,102.0069580078125,31358100
2025-03-17,108.3499984741211,108.55999755859375,108.12000274658203,108.16999816894531,102.21485900878906,17561400
2025-03-18,108.13999938964844,108.66000366210938,108.0199966430664,108.43000030517578,102.4605484008789,27948100
2025-03-19,108.44999694824219,109.18000030517578,108.27999877929688,109.06999969482422,103.06532287597656,27469800
2025-03-20,109.63999938964844,109.6500015258789,108.9000015258789,108.91000366210938,102.91411590576172,26937300
2025-03-21,108.9800033569336,109.0999984741211,108.69000244140625,108.76000213623047,102.77237701416016,26447400
2025-03-24,108.63999938964844,108.63999938964844,108.20999908447266,108.29000091552734,102.3282699584961,25243300
2025-03-25,108.29000091552734,108.62000274658203,108.19000244140625,108.4000015258789,102.43218231201172,22744000
2025-03-26,108.22000122070312,108.22000122070312,107.91000366210938,107.95999908447266,102.01643371582031,17115600
2025-03-27,107.7699966430664,107.87000274658203,107.63999938964844,107.83000183105469,101.89359283447266,22028900
2025-03-28,108.30000305175781,108.52999877929688,108.1500015258789,108.4800033569336,102.50778198242188,27257000
2025-03-31,108.75,108.81999969482422,108.30000305175781,108.69000244140625,102.70623016357422,29834300
2025-04-01,108.52999877929688,108.9000015258789,108.4800033569336,108.66000366210938,103.0733413696289,22059200
2025-04-02,109.01000213623047,109.01000213623047,108.3499984741211,108.91000366210938,103.31047821044922,24769000
2025-04-03,109.11000061035156,109.54000091552734,108.75,108.9000015258789,103.30099487304688,41675700
2025-04-04,109.12999725341797,109.47000122070312,108.5,108.77999877929688,103.18716430664062,60793800
2025-04-07,107.7699966430664,108.2699966430664,106.36000061035156,106.66000366210938,101.17616271972656,62583200
2025-04-08,106.83999633789062,106.91000366210938,104.97000122070312,105.30999755859375,99.89556884765625,56747700
2025-04-09,104.08999633789062,107.11000061035156,103.7699966430664,107.06999969482422,101.5650634765625,77380700
2025-04-10,105.95999908447266,106.3499984741211,105.05999755859375,105.25,99.83866119384766,55825000
2025-04-11,104.52999877929688,105.43000030517578,103.44999694824219,105.2300033569336,99.8196792602539,41686900
2025-04-14,105.98999786376953,106.08999633789062,105.4800033569336,105.87999725341797,100.43624877929688,28111900
2025-04-15,105.93000030517578,106.61000061035156,105.87999725341797,106.44999694824219,100.97695922851562,20502600
2025-04-16,106.55000305175781,106.91000366210938,106.27999877929688,106.9000015258789,101.40381622314453,24639800
2025-04-17,106.91000366210938,107.0,106.56999969482422,106.75,101.26152801513672,11483700
2025-04-21,106.20999908447266,106.37999725341797,105.51000213623047,105.5999984741211,100.170654296875,23506700
2025-04-22,106.18000030517578,106.2300033569336,105.81999969482422,105.86000061035156,100.41728210449219,20939300
2025-04-23,107.55000305175781,107.66999816894531,106.30999755859375,106.33000183105469,100.8631362915039,31155900
2025-04-24,107.05999755859375,107.4800033569336,106.87000274658203,107.41999816894531,101.89707946777344,23838700
2025-04-25,107.83000183105469,108.04000091552734,107.6500015258789,107.98999786376953,102.43777465820312,14575300
2025-04-28,107.88999938964844,108.3499984741211,107.87999725341797,108.23999786376953,102.67491149902344,18297900
2025-04-29,108.05999755859375,108.5,108.05000305175781,108.48999786376953,102.91207122802734,19346200
2025-04-30,108.12999725341797,108.29000091552734,107.80999755859375,107.9800033569336,102.42827606201172,35129300
2025-05-01,107.76000213623047,107.76000213623047,107.08999633789062,107.16999816894531,102.06828308105469,28056300
2025-05-02,106.83999633789062,107.04000091552734,106.69999694824219,106.91000366210938,101.82067108154297,20302100
2025-05-05,106.63999938964844,106.80999755859375,106.30000305175781,106.76000213623047,101.67778778076172,20005800
2025-05-06,106.45999908447266,106.9800033569336,106.37000274658203,106.97000122070312,101.87779998779297,29906500
2025-05-07,107.19000244140625,107.30000305175781,107.0,107.19000244140625,102.08733367919922,19892000
2025-05-08,107.3499984741211,107.43000030517578,106.6500015258789,106.6500015258789,101.57304382324219,25149700
2025-05-09,106.93000030517578,107.02999877929688,106.58000183105469,106.61000061035156,101.53495788574219,18254700
2025-05-12,106.58999633789062,106.83000183105469,106.48999786376953,106.58999633789062,101.5158920288086,28270900
2025-05-13,106.69000244140625,106.81999969482422,106.47000122070312,106.68000030517578,101.60162353515625,32005700
2025-05-14,106.58000183105469,106.70999908447266,106.0999984741211,106.13999938964844,101.0873031616211,25340600
2025-05-15,106.38999938964844,106.95999908447266,106.31999969482422,106.9000015258789,101.81112670898438,30008300
2025-05-16,107.38999938964844,107.4000015258789,106.94999694824219,107.0999984741211,102.0016098022461,21888400
2025-05-19,106.16000366210938,107.16999816894531,106.05999755859375,107.11000061035156,102.01114654541016,33615600
2025-05-20,106.80000305175781,106.9800033569336,106.61000061035156,106.8499984741211,101.76351928710938,23036200
2025-05-21,106.36000061035156,106.54000091552734,105.56999969482422,105.66000366210938,100.63018035888672,35452800
2025-05-22,105.54000091552734,106.25,105.38999938964844,106.19999694824219,101.14445495605469,34010700
2025-05-23,106.41000366210938,106.56999969482422,106.08999633789062,106.27999877929688,101.22065734863281,21447200
2025-05-27,106.91999816894531,107.33000183105469,106.5199966430664,107.23999786376953,102.13495635986328,29208400
2025-05-28,107.02999877929688,107.0999984741211,106.66999816894531,106.9800033569336,101.8873291015625,29079800
2025-05-29,107.33000183105469,107.55999755859375,107.19999694824219,107.45999908447266,102.34449005126953,31012800
2025-05-30,107.44999694824219,107.7699966430664,107.3499984741211,107.7699966430664,102.63972473144531,29890800
2025-06-02,106.98999786376953,107.08000183105469,106.69000244140625,107.06999969482422,102.34913635253906,24225900
2025-06-03,107.23999786376953,107.41000366210938,106.98999786376953,107.12000274658203,102.39691925048828,24080000
2025-06-04,107.62999725341797,108.05000305175781,107.5199966430664,107.9000015258789,103.14253234863281,28006400
2025-06-05,107.94000244140625,107.98999786376953,107.51000213623047,107.56999969482422,102.82707977294922,29760700
2025-06-06,107.22000122070312,107.3499984741211,106.91000366210938,106.91999816894531,102.20573425292969,31093100
2025-06-09,106.98999786376953,107.37999725341797,106.94000244140625,107.23999786376953,102.51163482666016,18850000
2025-06-10,107.6500015258789,107.69000244140625,107.26000213623047,107.5,102.7601547241211,20359000
2025-06-11,107.68000030517578,107.97000122070312,107.55999755859375,107.83999633789062,103.08515930175781,20584700
2025-06-12,108.2300033569336,108.44000244140625,108.08000183105469,108.44000244140625,103.65872192382812,26497300
2025-06-13,108.12000274658203,108.19000244140625,107.5,107.79000091552734,103.03736877441406,34794500
2025-06-16,107.80000305175781,108.12000274658203,107.58000183105469,107.5999984741211,102.85575866699219,21286000
2025-06-17,107.87999725341797,108.04000091552734,107.6500015258789,107.97000122070312,103.20944213867188,27241300
2025-06-18,108.22000122070312,108.41999816894531,107.8499984741211,108.05000305175781,103.28591918945312,29762000
2025-06-20,107.86000061035156,108.30999755859375,107.72000122070312,108.13999938964844,103.37195587158203,20437500
2025-06-23,108.38999938964844,108.69999694824219,108.30999755859375,108.41000366210938,103.63005065917969,34072400
2025-06-24,108.27999877929688,109.0199966430664,108.2699966430664,108.91999816894531,104.11756134033203,38185300
2025-06-25,108.70999908447266,108.8499984741211,108.52999877929688,108.79000091552734,103.99329376220703,30675200
2025-06-26,108.91000366210938,109.19999694824219,108.69000244140625,109.19000244140625,104.37566375732422,31026000
2025-06-27,109.0,109.4000015258789,108.87999725341797,109.01000213623047,104.2035903930664,24704800
2025-06-30,109.37000274658203,109.72000122070312,109.23999786376953,109.61000061035156,104.77714538574219,40575000
2025-07-01,109.26000213623047,109.41000366210938,109.02999877929688,109.33999633789062,104.90377807617188,28691300
2025-07-02,108.9800033569336,109.31999969482422,108.9000015258789,109.31999969482422,104.88458251953125,24284500
2025-07-03,109.1500015258789,109.27999877929688,108.9800033569336,109.05999755859375,104.63513946533203,17340500
2025-07-07,108.86000061035156,108.86000061035156,108.29000091552734,108.41000366210938,104.01151275634766,18303300
2025-07-08,108.16000366210938,108.19000244140625,108.01000213623047,108.0999984741211,103.7140884399414,29374900
2025-07-09,108.3499984741211,108.73999786376953,108.25,108.72000122070312,104.30894470214844,33182900
2025-07-10,108.68000030517578,108.83999633789062,108.47000122070312,108.73999786376953,104.32810974121094,29758900
2025-07-11,108.26000213623047,108.29000091552734,108.0,108.08000183105469,103.69490814208984,23776000
2025-07-14,108.0199966430664,108.19000244140625,107.86000061035156,108.05000305175781,103.6661148071289,18216500
2025-07-15,108.27999877929688,108.27999877929688,107.62000274658203,107.66000366210938,103.29193878173828,31329400
2025-07-16,107.91000366210938,108.0999984741211,107.33999633789062,107.83000183105469,103.45504760742188,41794100
2025-07-17,108.04000091552734,108.20999908447266,107.94999694824219,108.08999633789062,103.70448303222656,19396900
2025-07-18,108.38999938964844,108.43000030517578,108.16000366210938,108.29000091552734,103.89639282226562,17446200
2025-07-21,108.86000061035156,108.98999786376953,108.68000030517578,108.70999908447266,104.29933166503906,17147100
2025-07-22,108.76000213623047,109.02999877929688,108.72000122070312,108.97000122070312,104.54878997802734,19568700
2025-07-23,108.76000213623047,108.87999725341797,108.6500015258789,108.80000305175781,104.38569641113281,20810400
2025-07-24,108.44000244140625,108.86000061035156,108.41999816894531,108.63999938964844,104.23218536376953,23064800
2025-07-25,108.69000244140625,109.04000091552734,108.5999984741211,108.98999786376953,104.56797790527344,26008500
2025-07-28,108.86000061035156,108.94000244140625,108.7300033569336,108.7699966430664,104.35689544677734,21887900
2025-07-29,108.94999694824219,109.5,108.93000030517578,109.48999786376953,105.04769134521484,26131300
2025-07-30,109.08999633789062,109.44999694824219,108.9800033569336,109.08000183105469,104.65432739257812,23313300
2025-07-31,109.41000366210938,109.5,109.08999633789062,109.11000061035156,104.68310546875,31745000
2025-08-01,109.31999969482422,109.69999694824219,109.12000274658203,109.62999725341797,105.61177062988281,46073800
2025-08-04,109.77999877929688,109.88999938964844,109.58000183105469,109.81999969482422,105.79480743408203,31779600
2025-08-05,109.62999725341797,109.93000030517578,109.61000061035156,109.9000015258789,105.87188720703125,25922900
2025-08-06,109.6500015258789,109.91999816894531,109.2300033569336,109.87000274658203,105.84297180175781,31825300
2025-08-07,109.91000366210938,110.08000183105469,109.69000244140625,109.76000213623047,105.73701477050781,29018100
2025-08-08,109.63999938964844,109.63999938964844,109.38999938964844,109.41000366210938,105.39984893798828,16946300
2025-08-11,109.56999969482422,109.72000122070312,109.44999694824219,109.58000183105469,105.56359100341797,24444300
2025-08-12,109.38999938964844,109.69999694824219,109.2699966430664,109.68000030517578,105.65995025634766,26380500
2025-08-13,110.05999755859375,110.31999969482422,110.05000305175781,110.26000213623047,106.21868896484375,27701400
2025-08-14,110.0,110.05999755859375,109.75,109.87999725341797,105.85261535644531,18817700
2025-08-15,109.83999633789062,109.93000030517578,109.62999725341797,109.73999786376953,105.71773529052734,20932000
2025-08-18,109.81999969482422,109.83999633789062,109.44000244140625,109.54000091552734,105.52507781982422,19579900
2025-08-19,109.68000030517578,109.77999877929688,109.61000061035156,109.70999908447266,105.68883514404297,26744200
2025-08-20,109.66999816894531,109.87000274658203,109.58999633789062,109.76000213623047,105.73701477050781,25054700
2025-08-21,109.55999755859375,109.56999969482422,109.19000244140625,109.33999633789062,105.33240509033203,25157900
2025-08-22,109.6500015258789,110.30999755859375,109.55999755859375,110.19999694824219,106.16087341308594,34562900
2025-08-25,109.97000122070312,110.13999938964844,109.87999725341797,109.91000366210938,105.88151550292969,18983100
2025-08-26,109.88999938964844,110.01000213623047,109.66000366210938,109.98999786376953,105.95857238769531,23246400
2025-08-27,109.68000030517578,110.05999755859375,109.58999633789062,110.02999877929688,105.99710845947266,25171700
2025-08-28,110.08000183105469,110.30999755859375,110.0,110.19999694824219,106.16087341308594,26892700
2025-08-29,109.98999786376953,110.01000213623047,109.75,109.80000305175781,105.77554321289062,32201100
2025-09-02,108.87999725341797,109.08999633789062,108.80999755859375,109.05000305175781,105.42172241210938,31044800
2025-09-03,109.26000213623047,109.83000183105469,109.23999786376953,109.69999694824219,106.05008697509766,34520600
2025-09-04,110.08000183105469,110.45999908447266,109.97000122070312,110.44999694824219,106.77513122558594,43026600
2025-09-05,111.20999908447266,111.30999755859375,111.05999755859375,111.16999816894531,107.47119140625,36249000
2025-09-08,111.51000213623047,111.62999725341797,111.41999816894531,111.55999755859375,107.84819030761719,28998000
2025-09-09,111.44000244140625,111.55000305175781,111.12000274658203,111.36000061035156,107.65485382080078,24412500
2025-09-10,111.58000183105469,111.98999786376953,111.55000305175781,111.69000244140625,107.97388458251953,30188100
2025-09-11,111.88999938964844,112.33000183105469,111.87000274658203,112.20999908447266,108.47657012939453,28405600
2025-09-12,111.97000122070312,112.04000091552734,111.70999908447266,112.01000213623047,108.2832260131836,26728500
2025-09-15,112.2300033569336,112.41999816894531,112.2300033569336,112.36000061035156,108.62159729003906,21863600
2025-09-16,112.29000091552734,112.4000015258789,112.16000366210938,112.26000213623047,108.52491760253906,28232600
2025-09-17,112.45999908447266,112.63999938964844,111.81999969482422,112.05999755859375,108.33157348632812,34969800
2025-09-18,111.72000122070312,111.87999725341797,111.5199966430664,111.83000183105469,108.1092300415039,37159300
2025-09-19,111.73999786376953,111.83999633789062,111.55999755859375,111.73999786376953,108.022216796875,26845400
2025-09-22,111.63999938964844,111.69999694824219,111.43000030517578,111.48999786376953,107.7805404663086,25908600
2025-09-23,111.6500015258789,111.75,111.48999786376953,111.70999908447266,107.99321746826172,31575400
2025-09-24,111.48999786376953,111.5199966430664,111.16999816894531,111.26000213623047,107.55818939208984,34756700
2025-09-25,111.0,111.08000183105469,110.68000030517578,111.05999755859375,107.36483764648438,36991200
2025-09-26,111.1500015258789,111.38999938964844,110.98999786376953,111.20999908447266,107.50985717773438,31962100
2025-09-29,111.45999908447266,111.69999694824219,111.41999816894531,111.58000183105469,107.86754608154297,31961900
2025-09-30,111.6500015258789,111.86000061035156,111.37999725341797,111.47000122070312,107.76119232177734,34939700
2025-10-01,111.44000244140625,111.51000213623047,111.2300033569336,111.51000213623047,108.19393920898438,30262700
2025-10-02,111.48999786376953,111.7300033569336,111.41000366210938,111.69000244140625,108.36859130859375,18259400
2025-10-03,111.69000244140625,111.7699966430664,111.4800033569336,111.55000305175781,108.23277282714844,19971200
2025-10-06,111.23999786376953,111.47000122070312,111.16000366210938,111.19000244140625,107.88346099853516,19553600
2025-10-07,111.33999633789062,111.48999786376953,111.16999816894531,111.4000015258789,108.08721923828125,29459500
2025-10-08,111.61000061035156,111.62000274658203,111.25,111.26000213623047,107.95138549804688,22462100
2025-10-09,111.16999816894531,111.20999908447266,110.94999694824219,111.04000091552734,107.73790740966797,29660700
2025-10-10,111.4800033569336,111.55000305175781,111.27999877929688,111.3499984741211,108.03870391845703,39146400
2025-10-13,111.4000015258789,111.80000305175781,111.33000183105469,111.7300033569336,108.40740966796875,11235900
2025-10-14,111.5199966430664,112.12999725341797,111.4800033569336,112.0999984741211,108.76639556884766,43975300
2025-10-15,112.26000213623047,112.5,111.91000366210938,112.0999984741211,108.76639556884766,45017200
2025-10-16,112.05000305175781,112.44000244140625,111.9800033569336,112.41999816894531,109.0768814086914,39858400
2025-10-17,112.29000091552734,112.31999969482422,112.11000061035156,112.19999694824219,108.8634262084961,35433500
2025-10-20,112.45999908447266,112.55999755859375,112.41999816894531,112.54000091552734,109.19331359863281,26361100
2025-10-21,112.81999969482422,112.88999938964844,112.55000305175781,112.55999755859375,109.21271514892578,27353800
2025-10-22,112.55000305175781,112.68000030517578,112.41000366210938,112.66999816894531,109.3194351196289,41003600
2025-10-23,112.5199966430664,112.69000244140625,112.45999908447266,112.52999877929688,109.18360900878906,27558500
2025-10-24,112.77999877929688,112.79000091552734,112.55000305175781,112.72000122070312,109.36795806884766,29474600
2025-10-27,112.70999908447266,112.93000030517578,112.55000305175781,112.91000366210938,109.55231475830078,23513400
2025-10-28,112.8499984741211,112.93000030517578,112.69999694824219,112.91999816894531,109.56201171875,34236300
2025-10-29,112.86000061035156,112.88999938964844,112.19000244140625,112.27999877929688,108.94104766845703,36236000
2025-10-30,111.62000274658203,112.01000213623047,111.5199966430664,111.68000030517578,108.35887908935547,46045200
2025-10-31,111.77999877929688,111.77999877929688,111.19000244140625,111.2300033569336,107.92227172851562,57255300
2025-11-03,110.58999633789062,110.62000274658203,110.4000015258789,110.52999877929688,107.63208770751953,53372100
2025-11-04,110.45999908447266,110.95999908447266,110.44999694824219,110.68000030517578,107.77815246582031,62636700
2025-11-05,110.6500015258789,110.72000122070312,110.33000183105469,110.3499984741211,107.45680236816406,43258300
2025-11-06,110.80000305175781,110.93000030517578,110.7300033569336,110.93000030517578,108.02159881591797,37814800
2025-11-07,110.6500015258789,110.83999633789062,110.58999633789062,110.70999908447266,107.80735778808594,42671600
2025-11-10,110.7699966430664,110.9000015258789,110.70999908447266,110.7699966430664,107.86577606201172,45229000
2025-11-11,111.05000305175781,111.29000091552734,110.9800033569336,111.20999908447266,108.29425048828125,11282600
2025-11-12,111.13999938964844,111.19000244140625,111.0,111.0999984741211,108.1871337890625,39067900
2025-11-13,110.79000091552734,110.91000366210938,110.55000305175781,110.55000305175781,107.65155792236328,34125900
2025-11-14,110.63999938964844,110.7300033569336,110.23999786376953,110.25,107.35941314697266,31437600
2025-11-17,110.30999755859375,110.58000183105469,110.25,110.31999969482422,107.42758178710938,34343300
2025-11-18,110.51000213623047,110.58000183105469,110.26000213623047,110.37000274658203,107.47626495361328,30566000
2025-11-19,110.5999984741211,110.66999816894531,110.31999969482422,110.37999725341797,107.48601531982422,29144800
2025-11-20,110.66999816894531,110.80999755859375,110.43000030517578,110.52999877929688,107.63208770751953,49362200
2025-11-21,110.9000015258789,110.95999908447266,110.61000061035156,110.91999816894531,108.01184844970703,41000500
2025-11-24,111.18000030517578,111.36000061035156,111.08999633789062,111.36000061035156,108.44032287597656,28437900
2025-11-25,111.43000030517578,111.9000015258789,111.4000015258789,111.66999816894531,108.7421875,47560900
2025-11-26,111.66999816894531,112.05999755859375,111.54000091552734,112.05000305175781,109.11223602294922,24585400
2025-11-28,111.9800033569336,112.0199966430664,111.68000030517578,111.86000061035156,108.92720794677734,25471200
2025-12-01,110.7699966430664,110.88999938964844,110.66000366210938,110.8499984741211,108.34371185302734,24610100
2025-12-02,110.83999633789062,111.05000305175781,110.75,110.91999816894531,108.41211700439453,34955000
2025-12-03,111.0,111.2699966430664,110.94999694824219,111.16999816894531,108.6564712524414,20997800
2025-12-04,111.04000091552734,111.05999755859375,110.86000061035156,110.97000122070312,108.46099090576172,29846500
2025-12-05,111.0199966430664,111.02999877929688,110.69999694824219,110.86000061035156,108.35347747802734,25470000
2025-12-08,110.87999725341797,110.88999938964844,110.41000366210938,110.62999725341797,108.12866973876953,28815200
2025-12-09,110.86000061035156,110.87999725341797,110.4000015258789,110.48999786376953,107.99183654785156,29239900
2025-12-10,110.45999908447266,111.05999755859375,110.43000030517578,111.0,108.49031829833984,34019300
2025-12-11,111.19000244140625,111.30999755859375,110.79000091552734,110.83999633789062,108.33392333984375,41927200
2025-12-12,110.30000305175781,110.41000366210938,110.0999984741211,110.16999816894531,107.6790771484375,39040100
2025-12-15,110.52999877929688,110.61000061035156,110.22000122070312,110.30000305175781,107.80614471435547,22151200
2025-12-16,110.18000030517578,110.58999633789062,110.12000274658203,110.55000305175781,108.05049133300781,31692600
2025-12-17,110.43000030517578,110.58000183105469,110.3499984741211,110.43000030517578,107.9332046508789,22248000
2025-12-18,110.8499984741211,110.94000244140625,110.63999938964844,110.8499984741211,108.34371185302734,31844300
2025-12-19,110.27999877929688,110.33999633789062,110.0999984741211,110.12999725341797,108.06502532958984,28594900
2025-12-22,110.18000030517578,110.20999908447266,110.01000213623047,110.11000061035156,108.04539489746094,17335000
2025-12-23,109.91000366210938,110.2699966430664,109.8499984741211,110.22000122070312,108.15333557128906,16137300
2025-12-24,110.43000030517578,110.6500015258789,110.33999633789062,110.6500015258789,108.57527923583984,6400600
2025-12-26,110.75,110.80000305175781,110.47000122070312,110.63999938964844,108.56546783447266,10589300
2025-12-29,110.69000244140625,110.79000091552734,110.58999633789062,110.79000091552734,108.71265411376953,18943900
2025-12-30,110.56999969482422,110.76000213623047,110.4800033569336,110.66000366210938,108.58509063720703,21486400
2025-12-31,110.52999877929688,110.62999725341797,110.19000244140625,110.19000244140625,108.1239013671875,19124600
2026-01-02,110.31999969482422,110.4000015258789,110.04000091552734,110.16000366210938,108.09447479248047,25676200
2026-01-05,110.30000305175781,110.51000213623047,110.16999816894531,110.47000122070312,108.3986587524414,27771000
2026-01-06,110.30999755859375,110.4800033569336,110.12999725341797,110.47000122070312,108.3986587524414,31037300
2026-01-07,110.75,110.80000305175781,110.52999877929688,110.55000305175781,108.47715759277344,28107400
2026-01-08,110.19999694824219,110.38999938964844,110.19000244140625,110.23999786376953,108.1729736328125,26395600
2026-01-09,110.31999969482422,110.68000030517578,110.22000122070312,110.63999938964844,108.56546783447266,29660300
2026-01-12,110.37000274658203,110.6500015258789,110.31999969482422,110.51000213623047,108.43790435791016,28990100
2026-01-13,110.70999908447266,110.79000091552734,110.52999877929688,110.75,108.67340850830078,31139200
2026-01-14,110.80000305175781,111.04000091552734,110.7699966430664,111.02999877929688,108.94815826416016,27251900
2026-01-15,111.18000030517578,111.19999694824219,110.83999633789062,110.88999938964844,108.8107681274414,34534800
2026-01-16,110.81999969482422,110.87000274658203,110.55000305175781,110.56999969482422,108.49678039550781,38762100
2026-01-20,109.8499984741211,110.1500015258789,109.80999755859375,109.9000015258789,107.83934020996094,43500200
2026-01-21,110.12999725341797,110.66000366210938,110.02999877929688,110.55999755859375,108.4869613647461,38616500
2026-01-22,110.58000183105469,110.87000274658203,110.4800033569336,110.7699966430664,108.69302368164062,36342900
2026-01-23,110.76000213623047,110.86000061035156,110.51000213623047,110.83999633789062,108.76171875,30615300
2026-01-26,111.05000305175781,111.12000274658203,110.88999938964844,110.93000030517578,108.85003662109375,23629800
2026-01-27,110.83999633789062,111.0,110.73999786376953,110.80999755859375,108.7322769165039,27166000
2026-01-28,110.70999908447266,110.73999786376953,110.45999908447266,110.6500015258789,108.57527923583984,31045900
2026-01-29,110.43000030517578,110.70999908447266,110.31999969482422,110.68000030517578,108.60472106933594,45815500
2026-01-30,110.5999984741211,110.73999786376953,110.5199966430664,110.56999969482422,108.49678039550781,39631400
2026-02-02,110.1500015258789,110.31999969482422,110.02999877929688,110.05999755859375,108.39631652832031,35480300
2026-02-03,110.04000091552734,110.13999938964844,109.9000015258789,110.11000061035156,108.445556640625,32761700
2026-02-04,109.97000122070312,110.05000305175781,109.83000183105469,109.97000122070312,108.30767822265625,31344400
2026-02-05,110.19000244140625,110.54000091552734,110.12000274658203,110.5,108.82967376708984,23929700
2026-02-06,110.47000122070312,110.5999984741211,110.30999755859375,110.55999755859375,108.88875579833984,29022200
2026-02-09,110.37000274658203,110.61000061035156,110.29000091552734,110.55999755859375,108.88875579833984,27356900
2026-02-10,110.9000015258789,111.04000091552734,110.7699966430664,110.81999969482422,109.14483642578125,34509800
2026-02-11,110.62999725341797,110.91000366210938,110.5999984741211,110.69999694824219,109.02664947509766,29955300
2026-02-12,110.98999786376953,111.29000091552734,110.97000122070312,111.22000122070312,109.53878021240234,39724200
2026-02-13,111.55000305175781,111.5999984741211,111.41999816894531,111.58999633789062,109.90319061279297,33609900
2026-02-17,111.56999969482422,111.73999786376953,111.48999786376953,111.69999694824219,110.01153564453125,33132600
2026-02-18,111.56999969482422,111.7300033569336,111.51000213623047,111.58999633789062,109.90319061279297,40087000
2026-02-19,111.41000366210938,111.68000030517578,111.4000015258789,111.68000030517578,109.99182891845703,30394400
2026-02-20,111.62000274658203,111.69000244140625,111.4000015258789,111.58999633789062,109.90319061279297,44837400
2026-02-23,111.62000274658203,111.83000183105469,111.58000183105469,111.70999908447266,110.02137756347656,33323600
2026-02-24,111.62999725341797,111.73999786376953,111.47000122070312,111.68000030517578,109.99182891845703,37797100
2026-02-25,111.5999984741211,111.7699966430664,111.56999969482422,111.6500015258789,109.9622802734375,33682200
2026-02-26,111.63999938964844,111.73999786376953,111.54000091552734,111.72000122070312,110.03123474121094,33031800
2026-02-27,111.69999694824219,111.93000030517578,111.66000366210938,111.68000030517578,109.99182891845703,48343700
2026-03-02,110.83999633789062,110.9800033569336,110.68000030517578,110.91999816894531,109.61924743652344,54854600
2026-03-03,110.16999816894531,111.12999725341797,110.16999816894531,110.87000274658203,109.56983947753906,78775000
2026-03-04,110.93000030517578,111.16999816894531,110.83000183105469,110.97000122070312,109.66866302490234,49023300
2026-03-05,110.41999816894531,110.5999984741211,110.29000091552734,110.52999877929688,109.23382568359375,47318400
2026-03-06,109.95999908447266,110.5199966430664,109.7699966430664,110.16000366210938,108.8681640625,58242900
2026-03-09,109.83999633789062,110.87000274658203,109.83999633789062,110.81999969482422,109.52042388916016,44312100
2026-03-10,110.4000015258789,110.69999694824219,110.05000305175781,110.05999755859375,108.76933288574219,71501200
2026-03-11,109.63999938964844,109.76000213623047,109.01000213623047,109.16000366210938,107.87989807128906,66523500
2026-03-12,108.95999908447266,108.9800033569336,108.3499984741211,108.56999969482422,107.29681396484375,72750200
2026-03-13,108.79000091552734,108.98999786376953,108.0199966430664,108.16999816894531,106.90149688720703,54605100
2026-03-16,108.9000015258789,109.02999877929688,108.55999755859375,108.69000244140625,107.4154052734375,65430000
2026-03-17,109.01000213623047,109.33000183105469,108.98999786376953,109.30000305175781,108.01824951171875,53953900
2026-03-18,109.12999725341797,109.31999969482422,108.70999908447266,108.70999908447266,107.43516540527344,60360000
2026-03-19,108.30999755859375,109.3499984741211,108.30999755859375,109.19000244140625,107.90953826904297,60271200
2026-03-20,108.69000244140625,108.80000305175781,107.75,107.8499984741211,106.58525085449219,66608900
2026-03-23,108.19999694824219,108.91000366210938,108.05000305175781,108.55999755859375,107.28691864013672,54512800
2026-03-24,108.06999969482422,108.62999725341797,107.94999694824219,108.33999633789062,107.06950378417969,46515300
2026-03-25,109.0,109.05000305175781,108.69000244140625,108.7300033569336,107.4549331665039,48616300
2026-03-26,108.27999877929688,108.58000183105469,107.83999633789062,107.87999725341797,106.6148910522461,42072700
2026-03-27,107.47000122070312,107.87000274658203,107.36000061035156,107.62000274658203,106.35794830322266,42578500
2026-03-30,108.44000244140625,108.58999633789062,108.19999694824219,108.30999755859375,107.03985595703125,42677000
2026-03-31,108.72000122070312,109.19999694824219,108.5999984741211,108.98999786376953,107.71187591552734,57883800
2026-04-01,108.48999786376953,108.94999694824219,108.48999786376953,108.66000366210938,107.82699584960938,37445300
2026-04-02,108.41000366210938,109.25,108.37000274658203,109.12000274658203,108.28346252441406,27148600
2026-04-06,108.87000274658203,109.26000213623047,108.87000274658203,108.94999694824219,108.11476135253906,29080500
2026-04-07,108.86000061035156,109.1500015258789,108.2699966430664,109.06999969482422,108.23384857177734,41258900
2026-04-08,109.9800033569336,110.0,109.29000091552734,109.48999786376953,108.65062713623047,63694700
2026-04-09,109.30999755859375,109.79000091552734,109.16000366210938,109.48999786376953,108.65062713623047,39122000
2026-04-10,109.47000122070312,109.55000305175781,109.1500015258789,109.19999694824219,108.36284637451172,22857000
2026-04-13,109.13999938964844,109.68000030517578,109.11000061035156,109.62000274658203,108.77963256835938,19904200
2026-04-14,109.72000122070312,110.08000183105469,109.66999816894531,109.9800033569336,109.13687133789062,29507800
2026-04-15,109.8499984741211,109.95999908447266,109.76000213623047,109.94000244140625,109.09717559814453,30074300
2026-04-16,110.01000213623047,110.0199966430664,109.41000366210938,109.43000030517578,108.59107971191406,25833300
2026-04-17,110.12999725341797,110.29000091552734,109.97000122070312,110.04000091552734,109.1964111328125,44767700
2026-04-20,110.04000091552734,110.12000274658203,109.80000305175781,110.02999877929688,109.18648529052734,19935900
2026-04-21,109.94000244140625,110.02999877929688,109.58000183105469,109.61000061035156,108.76970672607422,26008100
2026-04-22,109.95999908447266,110.11000061035156,109.77999877929688,109.81999969482422,108.97809600830078,17815000
2026-04-23,109.80000305175781,109.94999694824219,109.26000213623047,109.5199966430664,108.68038940429688,25668600
2026-04-24,109.5,109.7300033569336,109.31999969482422,109.5999984741211,108.75978088378906,23212600
2026-04-27,109.5199966430664,109.58999633789062,109.19999694824219,109.29000091552734,108.45216369628906,21833200
2026-04-28,109.06999969482422,109.33999633789062,108.94999694824219,109.33999633789062,108.50177764892578,25603500
2026-04-29,109.04000091552734,109.04000091552734,108.56999969482422,108.7300033569336,107.8964614868164,21800900
2026-04-30,108.88999938964844,109.06999969482422,108.73999786376953,108.8499984741211,108.0155258178711,45530700
2026-05-01,108.55000305175781,109.01000213623047,108.45999908447266,108.5999984741211,108.18987274169922,34755500
2026-05-04,108.45999908447266,108.47000122070312,107.91999816894531,108.25,107.84119415283203,21983900
2026-05-05,108.47000122070312,108.79000091552734,108.41000366210938,108.6500015258789,108.23968505859375,33609700
2026-05-06,109.18000030517578,109.31999969482422,109.0999984741211,109.19000244140625,108.77764892578125,28417400
2026-05-07,109.37000274658203,109.38999938964844,108.68000030517578,108.73999786376953,108.329345703125,24184900
2026-05-08,109.1500015258789,109.29000091552734,109.08999633789062,109.19999694824219,108.78760528564453,17503300
2026-05-11,109.04000091552734,109.18000030517578,108.88999938964844,108.93000030517578,108.51863098144531,23050600
2026-05-12,108.61000061035156,108.66000366210938,108.44999694824219,108.55999755859375,108.1500244140625,26579400
2026-05-13,108.52999877929688,108.62999725341797,108.30000305175781,108.62000274658203,108.20980072021484,19083000
2026-05-14,108.88999938964844,108.94000244140625,108.52999877929688,108.55000305175781,108.14006805419922,18038000
2026-05-15,107.87000274658203,107.94999694824219,107.69000244140625,107.86000061035156,107.45266723632812,49718000
2026-05-18,107.95999908447266,108.11000061035156,107.5,107.66000366210938,107.25342559814453,31145200
2026-05-19,107.22000122070312,107.4000015258789,106.93000030517578,107.12000274658203,106.71546173095703,36965500
2026-05-20,107.16999816894531,108.08000183105469,107.16999816894531,107.94999694824219,107.54232788085938,34281700
2026-05-21,107.6500015258789,108.18000030517578,107.45999908447266,108.16999816894531,107.7614974975586,25440400
2026-05-22,108.52999877929688,108.52999877929688,108.0999984741211,108.37000274658203,107.96074676513672,19668800
2026-05-26,108.97000122070312,109.0,108.68000030517578,108.77999877929688,108.36919403076172,23730300
2026-05-27,108.91000366210938,109.06999969482422,108.81999969482422,108.93000030517578,108.51863098144531,16208400
2026-05-28,108.98999786376953,109.41000366210938,108.87000274658203,109.26000213623047,108.84738159179688,24176800
2026-05-29,109.38999938964844,109.5999984741211,109.29000091552734,109.36000061035156,108.94700622558594,26551200
2026-06-01,108.55999755859375,108.95999908447266,108.43000030517578,108.93000030517578,108.93000030517578,19298000
2026-06-02,109.05999755859375,109.13999938964844,108.88999938964844,108.91999816894531,108.91999816894531,14394700
2026-06-03,108.58999633789062,108.69999694824219,108.47000122070312,108.62000274658203,108.62000274658203,24018700
2026-06-04,108.87999725341797,108.97000122070312,108.80000305175781,108.8499984741211,108.8499984741211,17881600
2026-06-05,108.41000366210938,108.47000122070312,108.13999938964844,108.16999816894531,108.16999816894531,30790300
