date,open,high,low,close,adj_close,volume
2018-01-02,177.67999267578125,181.5800018310547,177.5500030517578,181.4199981689453,180.00738525390625,18151900.0
2018-01-03,181.8800048828125,184.77999877929688,181.3300018310547,184.6699981689453,183.2321014404297,16886600.0
2018-01-04,184.8999938964844,186.2100067138672,184.1000061035156,184.3300018310547,182.8947601318359,13880900.0
2018-01-05,185.58999633789065,186.8999938964844,184.92999267578125,186.8500061035156,185.3951110839844,13574500.0
2018-01-08,187.1999969482422,188.8999938964844,186.3300018310547,188.27999877929688,186.81396484375,17994700.0
2018-01-09,188.6999969482422,188.8000030517578,187.1000061035156,187.8699951171875,186.4071502685547,12393100.0
2018-01-10,186.94000244140625,187.88999938964844,185.6300048828125,187.83999633789065,186.37742614746097,10529900.0
2018-01-11,188.3999938964844,188.3999938964844,187.3800048828125,187.77000427246097,186.30795288085935,9588600.0
2018-01-12,178.05999755859375,181.47999572753903,177.39999389648438,179.3699951171875,177.97332763671875,77551300.0
2018-01-16,181.5,181.75,178.0399932861328,178.38999938964844,177.00100708007812,36183800.0
2018-01-17,179.25999450683594,179.32000732421875,175.8000030517578,177.60000610351562,176.2171630859375,27992400.0
2018-01-18,178.1300048828125,180.97999572753903,177.0800018310547,179.8000030517578,178.40000915527344,23304900.0
2018-01-19,180.8500061035156,182.3699951171875,180.1699981689453,181.2899932861328,179.8783721923828,26826500.0
2018-01-22,180.8000030517578,185.38999938964844,180.41000366210935,185.3699951171875,183.9266357421875,21059500.0
2018-01-23,186.0500030517578,189.5500030517578,185.5500030517578,189.3500061035156,187.87564086914065,25678800.0
2018-01-24,189.88999938964844,190.66000366210935,186.52000427246097,186.5500030517578,185.0974578857422,24334500.0
2018-01-25,187.9499969482422,188.6199951171875,186.6000061035156,187.47999572753903,186.02020263671875,17377700.0
2018-01-26,187.75,190.0,186.80999755859375,190.0,188.5205841064453,17759200.0
2018-01-29,188.75,188.83999633789065,185.6300048828125,185.97999572753903,184.5319061279297,20453200.0
2018-01-30,187.6199951171875,188.17999267578125,181.83999633789065,187.1199951171875,185.66297912597656,20858600.0
2018-01-31,188.3699951171875,189.8300018310547,185.22000122070312,186.88999938964844,185.4347991943359,43275100.0
2018-02-01,188.22000122070312,195.32000732421875,187.88999938964844,193.08999633789065,191.5865173339844,54211300.0
2018-02-02,192.0399932861328,194.2100067138672,189.97999572753903,190.27999877929688,188.7984161376953,26677500.0
2018-02-05,186.92999267578125,190.61000061035156,180.61000061035156,181.2599945068359,179.84864807128906,33128200.0
2018-02-06,178.57000732421875,185.77000427246097,177.74000549316406,185.30999755859375,183.8670959472656,37758500.0
2018-02-07,184.1499938964844,185.0800018310547,179.9499969482422,180.17999267578125,178.7770538330078,27601900.0
2018-02-08,181.0099945068359,181.83999633789065,171.47999572753906,171.5800018310547,170.2440185546875,38478300.0
2018-02-09,174.75999450683594,176.89999389648438,167.17999267578125,176.11000061035156,174.73875427246094,39887600.0
2018-02-12,177.05999755859375,177.5500030517578,171.83999633789062,176.41000366210938,175.03640747070312,32092100.0
2018-02-13,175.6199951171875,175.97000122070312,173.10000610351562,173.14999389648438,171.80177307128906,21809400.0
2018-02-14,173.4499969482422,179.80999755859375,173.2100067138672,179.52000427246094,178.1221923828125,28929700.0
2018-02-15,180.5,180.5,176.83999633789062,179.9600067138672,178.55877685546875,20922100.0
2018-02-16,178.99000549316406,179.8800048828125,176.3000030517578,177.36000061035156,175.97900390625,20645300.0
2018-02-20,175.77000427246094,177.9499969482422,175.11000061035156,176.00999450683594,174.63949584960938,21204900.0
2018-02-21,176.7100067138672,181.27000427246097,176.39999389648438,177.91000366210938,176.5247344970703,23200800.0
2018-02-22,178.6999969482422,180.2100067138672,177.41000366210938,178.99000549316406,177.5963134765625,18464200.0
2018-02-23,179.89999389648438,183.38999938964844,179.50999450683594,183.2899932861328,181.8628387451172,19007300.0
2018-02-26,184.5800018310547,185.66000366210935,183.22000122070312,184.92999267578125,183.4900665283203,17599700.0
2018-02-27,184.4499969482422,184.6999969482422,181.4600067138672,181.4600067138672,180.04710388183594,15849800.0
2018-02-28,182.3000030517578,182.8800048828125,178.13999938964844,178.32000732421875,176.93154907226562,18783000.0
2018-03-01,179.00999450683594,180.1199951171875,174.41000366210938,175.94000244140625,174.57005310058594,23201600.0
2018-03-02,173.2899932861328,177.11000061035156,172.99000549316406,176.6199951171875,175.24476623535156,20025900.0
2018-03-05,176.1999969482422,181.1499938964844,175.88999938964844,180.3999938964844,178.99534606933594,16189300.0
2018-03-06,181.77999877929688,182.3800048828125,179.11000061035156,179.77999877929688,178.38015747070312,15086800.0
2018-03-07,178.74000549316406,183.82000732421875,178.07000732421875,183.7100067138672,182.2795867919922,19097300.0
2018-03-08,183.55999755859375,184.3999938964844,181.4499969482422,182.33999633789065,180.9202117919922,17225900.0
2018-03-09,183.91000366210935,185.5099945068359,183.2100067138672,185.22999572753903,183.78775024414065,18526300.0
2018-03-12,185.22999572753903,186.1000061035156,184.22000122070312,184.7599945068359,183.3213806152344,15301200.0
2018-03-13,185.61000061035156,185.9900054931641,181.11000061035156,181.8800048828125,180.4638214111328,18067500.0
2018-03-14,182.6000061035156,184.25,181.8500061035156,184.19000244140625,182.75584411621097,16821700.0
2018-03-15,183.2400054931641,184.0,182.19000244140625,183.86000061035156,182.4283905029297,15614300.0
2018-03-16,184.4900054931641,185.3300018310547,183.41000366210935,185.08999633789065,183.6488037109375,24403400.0
2018-03-19,177.00999450683594,177.1699981689453,170.05999755859375,172.55999755859375,171.2163848876953,88140100.0
2018-03-20,167.47000122070312,170.1999969482422,161.9499969482422,168.14999389648438,166.84068298339844,129851800.0
2018-03-21,164.8000030517578,173.39999389648438,163.3000030517578,169.38999938964844,168.07106018066406,106598800.0
2018-03-22,166.1300048828125,170.27000427246094,163.72000122070312,164.88999938964844,163.6061248779297,73743000.0
2018-03-23,165.44000244140625,166.60000610351562,159.02000427246094,159.38999938964844,158.14895629882812,53609700.0
2018-03-26,160.82000732421875,161.10000610351562,149.02000427246094,160.05999755859375,158.813720703125,126116600.0
2018-03-27,156.30999755859375,162.85000610351562,150.75,152.22000122070312,151.0347442626953,79117000.0
2018-03-28,151.64999389648438,155.8800048828125,150.8000030517578,153.02999877929688,151.83843994140625,60029200.0
2018-03-29,155.14999389648438,161.4199981689453,154.13999938964844,159.7899932861328,158.54580688476562,59434300.0
2018-04-02,157.80999755859375,159.1999969482422,154.11000061035156,155.38999938964844,154.18006896972656,36796000.0
2018-04-03,156.5500030517578,157.38999938964844,150.80999755859375,156.11000061035156,154.8944549560547,42543900.0
2018-04-04,152.02999877929688,155.55999755859375,150.50999450683594,155.10000610351562,153.89234924316406,49885600.0
2018-04-05,161.55999755859375,161.57000732421875,156.64999389648438,159.33999633789062,158.0992889404297,41449600.0
2018-04-06,157.72999572753906,161.4199981689453,156.80999755859375,157.1999969482422,155.97601318359375,41644800.0
2018-04-09,157.82000732421875,160.52999877929688,156.0399932861328,157.92999267578125,156.70028686523438,34915200.0
2018-04-10,157.92999267578125,165.97999572753906,157.00999450683594,165.0399932861328,163.75491333007812,57889300.0
2018-04-11,165.36000061035156,168.64999389648438,163.25,166.32000732421875,165.02499389648438,56144600.0
2018-04-12,166.97999572753906,167.4499969482422,163.10000610351562,163.8699951171875,162.59402465820312,38263000.0
2018-04-13,164.5800018310547,165.6999969482422,163.77000427246094,164.52000427246094,163.23899841308594,19990600.0
2018-04-16,165.72000122070312,165.77999877929688,163.38999938964844,164.8300018310547,163.5465545654297,18119400.0
2018-04-17,165.8300018310547,169.0,165.66000366210938,168.66000366210938,167.34677124023438,22743000.0
2018-04-18,166.8800048828125,168.1199951171875,165.77000427246094,166.36000061035156,165.0646514892578,20969600.0
2018-04-19,166.1999969482422,168.3300018310547,165.1999969482422,168.10000610351562,166.7910919189453,22235000.0
2018-04-20,167.7899932861328,168.42999267578125,165.80999755859375,166.27999877929688,164.9852752685547,19119400.0
2018-04-23,167.27000427246094,168.4499969482422,165.08999633789062,165.83999633789062,164.5487060546875,23088100.0
2018-04-24,165.42999267578125,166.10000610351562,158.19000244140625,159.69000244140625,158.44659423828125,35079900.0
2018-04-25,160.13999938964844,161.05999755859375,156.19000244140625,159.69000244140625,158.44659423828125,41083600.0
2018-04-26,173.22000122070312,176.27000427246094,170.8000030517578,174.16000366210938,172.80393981933594,77556900.0
2018-04-27,176.80999755859375,177.10000610351562,172.60000610351562,173.58999633789062,172.2383575439453,29804700.0
2018-04-30,173.7899932861328,175.72000122070312,171.7100067138672,172.0,170.66073608398438,20750500.0
2018-05-01,172.0,174.02000427246094,170.22999572753906,173.86000061035156,172.5062713623047,26025900.0
2018-05-02,174.25,178.0800018310547,174.1999969482422,176.07000732421875,174.69906616210938,30424500.0
2018-05-03,175.1300048828125,176.1199951171875,172.1199951171875,174.02000427246094,172.66500854492188,24026100.0
2018-05-04,173.0800018310547,176.97999572753906,173.05999755859375,176.61000061035156,175.23486328125,17677800.0
2018-05-07,177.35000610351562,179.5,177.1699981689453,177.97000122070312,176.58425903320312,18697200.0
2018-05-08,178.25,179.0399932861328,177.11000061035156,178.9199981689453,177.52682495117188,15577200.0
2018-05-09,179.6699981689453,183.0099945068359,178.77999877929688,182.66000366210935,181.2377471923828,23282800.0
2018-05-10,183.1499938964844,186.1300048828125,182.5,185.52999877929688,184.0854034423828,21071400.0
2018-05-11,184.8500061035156,188.32000732421875,184.17999267578125,186.9900054931641,185.53402709960935,21207800.0
2018-05-14,187.7100067138672,187.86000061035156,186.1999969482422,186.63999938964844,185.1867523193359,15646700.0
2018-05-15,184.8800048828125,185.2899932861328,183.1999969482422,184.32000732421875,182.8848114013672,15429400.0
2018-05-16,183.6999969482422,184.32000732421875,182.66000366210935,183.1999969482422,181.7735290527344,16975500.0
2018-05-17,182.67999267578125,184.05999755859375,182.22000122070312,183.7599945068359,182.3291778564453,14840700.0
2018-05-18,183.4900054931641,184.19000244140625,182.61000061035156,182.67999267578125,181.2575836181641,13130500.0
2018-05-21,183.77000427246097,185.3000030517578,183.1300048828125,184.4900054931641,183.0534820556641,13532900.0
2018-05-22,184.92999267578125,185.4199981689453,183.42999267578125,183.8000030517578,182.36886596679688,12731400.0
2018-05-23,182.5,186.91000366210935,182.17999267578125,186.8999938964844,185.44471740722656,16628100.0
2018-05-24,185.8800048828125,186.8000030517578,185.02999877929688,185.92999267578125,184.48228454589844,12354700.0
2018-05-25,186.02000427246097,186.3300018310547,184.4499969482422,184.9199981689453,183.48013305664065,10965100.0
2018-05-29,184.33999633789065,186.80999755859375,183.7100067138672,185.7400054931641,184.2937774658203,16398900.0
2018-05-30,186.5399932861328,188.0,185.25,187.6699981689453,186.2086944580078,13736900.0
2018-05-31,187.8699951171875,192.72000122070312,187.47999572753903,191.77999877929688,190.28672790527344,30782600.0
2018-06-01,193.07000732421875,194.5500030517578,192.07000732421875,193.9900054931641,192.4795379638672,17307200.0
2018-06-04,191.83999633789065,193.97999572753903,191.47000122070312,193.27999877929688,191.7750244140625,18939800.0
2018-06-05,194.3000030517578,195.0,192.6199951171875,192.94000244140625,191.43768310546875,15544300.0
2018-06-06,191.02999877929688,192.52999877929688,189.11000061035156,191.33999633789065,189.8501434326172,22558900.0
2018-06-07,190.75,190.97000122070312,186.77000427246097,188.17999267578125,186.71478271484375,21503200.0
2018-06-08,187.52999877929688,189.47999572753903,186.42999267578125,189.1000061035156,187.62759399414065,12677100.0
2018-06-11,188.80999755859375,192.6000061035156,188.8000030517578,191.5399932861328,190.0485687255859,12928900.0
2018-06-12,192.1699981689453,193.27999877929688,191.55999755859375,192.3999938964844,190.90187072753903,11562700.0
2018-06-13,192.7400054931641,194.5,191.91000366210935,192.41000366210935,190.9118499755859,15853800.0
2018-06-14,193.1000061035156,197.27999877929688,192.91000366210935,196.80999755859375,195.2775421142578,19120900.0
2018-06-15,195.7899932861328,197.07000732421875,194.63999938964844,195.8500061035156,194.3250274658203,21860900.0
2018-06-18,194.8000030517578,199.5800018310547,194.1300048828125,198.30999755859375,196.765869140625,16826000.0
2018-06-19,196.2400054931641,197.9600067138672,193.7899932861328,197.4900054931641,195.95225524902344,19994000.0
2018-06-20,199.1000061035156,203.5500030517578,198.80999755859375,202.0,200.42713928222656,28230900.0
2018-06-21,202.7599945068359,203.38999938964844,200.08999633789065,201.5,199.9310302734375,19045700.0
2018-06-22,201.16000366210935,202.2400054931641,199.30999755859375,201.7400054931641,200.1691741943359,17420200.0
2018-06-25,200.0,200.0,193.11000061035156,196.3500061035156,194.82113647460935,25275100.0
2018-06-26,197.6000061035156,199.1000061035156,196.22999572753903,199.0,197.4505157470703,17897600.0
2018-06-27,199.17999267578125,200.75,195.8000030517578,195.83999633789065,194.3151397705078,18734400.0
2018-06-28,195.17999267578125,197.33999633789065,193.2599945068359,196.22999572753903,194.7020721435547,18172400.0
2018-06-29,197.32000732421875,197.6000061035156,193.9600067138672,194.32000732421875,192.8069610595703,15811600.0
2018-07-02,193.3699951171875,197.4499969482422,192.22000122070312,197.36000061035156,195.8232879638672,13961600.0
2018-07-03,194.5500030517578,195.3999938964844,192.52000427246097,192.72999572753903,191.22933959960935,13489500.0
2018-07-05,194.7400054931641,198.6499938964844,194.02999877929688,198.4499969482422,196.90478515625,19684200.0
2018-07-06,198.4499969482422,203.63999938964844,197.6999969482422,203.22999572753903,201.6475830078125,19740100.0
2018-07-09,204.92999267578125,205.8000030517578,202.1199951171875,204.7400054931641,203.1458282470703,18149400.0
2018-07-10,204.5,204.91000366210935,202.2599945068359,203.5399932861328,201.95513916015625,13190100.0
2018-07-11,202.22000122070312,204.5,201.75,202.5399932861328,200.96295166015625,12927400.0
2018-07-12,203.42999267578125,207.0800018310547,203.19000244140625,206.9199981689453,205.308837890625,15454700.0
2018-07-13,207.80999755859375,208.42999267578125,206.4499969482422,207.32000732421875,205.7057342529297,11486800.0
2018-07-16,207.5,208.72000122070312,206.83999633789065,207.22999572753903,205.6164398193359,11078200.0
2018-07-17,204.8999938964844,210.4600067138672,204.83999633789065,209.9900054931641,208.35496520996097,15349900.0
2018-07-18,209.82000732421875,210.9900054931641,208.44000244140625,209.36000061035156,207.72984313964844,15334900.0
2018-07-19,208.77000427246097,209.9900054931641,207.7599945068359,208.08999633789065,206.46971130371097,11350400.0
2018-07-20,208.8500061035156,211.5,208.5,209.94000244140625,208.30531311035156,16163900.0
2018-07-23,210.5800018310547,211.6199951171875,208.8000030517578,210.91000366210935,209.26776123046875,16732000.0
2018-07-24,215.11000061035156,216.1999969482422,212.6000061035156,214.6699981689453,212.9984893798828,28468700.0
2018-07-25,215.72000122070312,218.6199951171875,214.27000427246097,217.5,215.80645751953125,58954200.0
2018-07-26,174.88999938964844,180.1300048828125,173.75,176.25999450683594,174.88755798339844,169803700.0
2018-07-27,179.8699951171875,179.92999267578125,173.0,174.88999938964844,173.52825927734375,60073700.0
2018-07-30,175.3000030517578,175.3000030517578,166.55999755859375,171.05999755859375,169.7280731201172,65280800.0
2018-07-31,170.6699981689453,174.24000549316406,170.0,172.5800018310547,171.23623657226562,40356500.0
2018-08-01,173.92999267578125,175.0800018310547,170.89999389648438,171.64999389648438,170.31346130371094,34042100.0
2018-08-02,170.67999267578125,176.7899932861328,170.27000427246094,176.3699951171875,174.99668884277344,32400000.0
2018-08-03,177.69000244140625,178.85000610351562,176.14999389648438,177.77999877929688,176.3957061767578,24763400.0
2018-08-06,178.97000122070312,185.7899932861328,178.3800048828125,185.69000244140625,184.24415588378903,49716200.0
2018-08-07,186.5,188.3000030517578,183.72000122070312,183.80999755859375,182.37876892089844,33398600.0
2018-08-08,184.75,186.8500061035156,183.7599945068359,185.17999267578125,183.73809814453125,22205200.0
2018-08-09,185.8500061035156,186.57000732421875,182.47999572753903,183.08999633789065,181.66439819335935,19732100.0
2018-08-10,182.0399932861328,182.1000061035156,179.4199981689453,180.2599945068359,178.85641479492188,21500400.0
2018-08-13,180.10000610351562,182.61000061035156,178.89999389648438,180.0500030517578,178.64805603027344,17423300.0
2018-08-14,180.7100067138672,181.9900054931641,178.6199951171875,181.11000061035156,179.6998291015625,19102000.0
2018-08-15,179.33999633789062,180.8699951171875,174.77999877929688,179.52999877929688,178.13209533691406,33020200.0
2018-08-16,180.4199981689453,180.5,174.00999450683594,174.6999969482422,173.33973693847656,31351800.0
2018-08-17,174.5,176.22000122070312,172.0399932861328,173.8000030517578,172.44676208496094,24893200.0
2018-08-20,174.0399932861328,174.57000732421875,170.91000366210938,172.5,171.15684509277344,21518000.0
2018-08-21,172.80999755859375,174.1699981689453,171.38999938964844,172.6199951171875,171.27590942382812,19578500.0
2018-08-22,172.2100067138672,174.24000549316406,172.1300048828125,173.63999938964844,172.28797912597656,16894100.0
2018-08-23,173.08999633789062,175.5500030517578,172.8300018310547,172.89999389648438,171.55372619628906,18053600.0
2018-08-24,173.6999969482422,174.82000732421875,172.9199981689453,174.64999389648438,173.29010009765625,14631600.0
2018-08-27,175.99000549316406,178.6699981689453,175.7899932861328,177.4600067138672,176.07823181152344,17921900.0
2018-08-28,178.10000610351562,178.24000549316406,175.8300018310547,176.25999450683594,174.88755798339844,15910700.0
2018-08-29,176.3000030517578,176.7899932861328,174.75,175.89999389648438,174.53036499023438,18494100.0
2018-08-30,175.89999389648438,179.7899932861328,175.6999969482422,177.63999938964844,176.25685119628906,24216500.0
2018-08-31,177.14999389648438,177.6199951171875,174.97999572753906,175.72999572753906,174.36170959472656,18065200.0
2018-09-04,173.5,173.88999938964844,168.8000030517578,171.16000366210938,169.82728576660156,29809000.0
2018-09-05,169.49000549316406,171.1300048828125,166.6699981689453,167.17999267578125,165.87828063964844,31226700.0
2018-09-06,166.97999572753906,166.97999572753906,160.0,162.52999877929688,161.2644805908203,41514800.0
2018-09-07,160.30999755859375,164.6300048828125,160.16000366210938,163.0399932861328,161.77047729492188,24300600.0
2018-09-10,163.50999450683594,165.00999450683594,162.16000366210938,164.17999267578125,162.90164184570312,20197700.0
2018-09-11,163.94000244140625,167.19000244140625,163.72000122070312,165.94000244140625,164.64793395996094,20457100.0
2018-09-12,163.25,164.49000549316406,161.8000030517578,162.0,160.73861694335938,24078100.0
2018-09-13,162.0,163.32000732421875,160.86000061035156,161.36000061035156,160.1035919189453,25453800.0
2018-09-14,161.72000122070312,162.83999633789062,160.33999633789062,162.32000732421875,161.05612182617188,21770400.0
2018-09-17,161.9199981689453,162.05999755859375,159.77000427246094,160.5800018310547,159.32965087890625,21005300.0
2018-09-18,159.38999938964844,161.75999450683594,158.8699951171875,160.3000030517578,159.0518341064453,22465200.0
2018-09-19,160.0800018310547,163.44000244140625,159.47999572753906,163.05999755859375,161.79034423828125,19629000.0
2018-09-20,164.5,166.4499969482422,164.47000122070312,166.02000427246094,164.72731018066406,18936000.0
2018-09-21,166.63999938964844,167.25,162.80999755859375,162.92999267578125,161.66134643554688,45994800.0
2018-09-24,161.02999877929688,165.6999969482422,160.8800048828125,165.41000366210938,164.12205505371094,19222800.0
2018-09-25,161.99000549316406,165.58999633789062,161.14999389648438,164.91000366210938,163.62596130371094,27622800.0
2018-09-26,164.3000030517578,169.3000030517578,164.2100067138672,166.9499969482422,165.65005493164062,25252200.0
2018-09-27,167.5500030517578,171.77000427246094,167.2100067138672,168.83999633789062,167.5253448486328,27266900.0
2018-09-28,168.3300018310547,168.7899932861328,162.55999755859375,164.4600067138672,163.1794891357422,34265600.0
2018-10-01,163.02999877929688,165.8800048828125,161.25999450683594,162.44000244140625,161.17518615722656,26407700.0
2018-10-02,161.5800018310547,162.27999877929688,158.6699981689453,159.3300018310547,158.0894012451172,36031000.0
2018-10-03,160.0,163.66000366210938,159.52999877929688,162.42999267578125,161.16525268554688,23109500.0
2018-10-04,161.4600067138672,161.4600067138672,157.35000610351562,158.85000610351562,157.61312866210938,25739600.0
2018-10-05,159.2100067138672,160.89999389648438,156.1999969482422,157.3300018310547,156.10494995117188,25744000.0
2018-10-08,155.5399932861328,158.33999633789062,154.38999938964844,157.25,156.02557373046875,24046000.0
2018-10-09,157.69000244140625,160.58999633789062,157.4199981689453,157.89999389648438,156.67051696777344,18844400.0
2018-10-10,156.82000732421875,157.69000244140625,151.30999755859375,151.3800048828125,150.20130920410156,30610000.0
2018-10-11,150.1300048828125,154.80999755859375,149.16000366210938,153.35000610351562,152.15597534179688,35338900.0
2018-10-12,156.72999572753906,156.88999938964844,151.3000030517578,153.74000549316406,152.54290771484375,25293500.0
2018-10-15,153.32000732421875,155.57000732421875,152.5500030517578,153.52000427246094,152.3246307373047,15433500.0
2018-10-16,155.39999389648438,159.4600067138672,155.00999450683594,158.77999877929688,157.54367065429688,19180100.0
2018-10-17,159.55999755859375,160.49000549316406,157.9499969482422,159.4199981689453,158.17868041992188,17592000.0
2018-10-18,158.50999450683594,158.66000366210938,153.27999877929688,154.9199981689453,153.71371459960938,21675100.0
2018-10-19,155.86000061035156,157.35000610351562,153.5500030517578,154.0500030517578,152.8505401611328,19761300.0
2018-10-22,154.75999450683594,157.33999633789062,154.4600067138672,154.77999877929688,153.57484436035156,15424700.0
2018-10-23,151.22000122070312,154.77000427246094,150.85000610351562,154.38999938964844,153.18788146972656,19095000.0
2018-10-24,154.27999877929688,154.64999389648438,145.60000610351562,146.0399932861328,144.9028778076172,27744600.0
2018-10-25,147.72999572753906,152.2100067138672,147.0,150.9499969482422,149.774658203125,22105700.0
2018-10-26,145.82000732421875,149.0,143.8000030517578,145.3699951171875,144.23809814453125,31303300.0
2018-10-29,148.5,148.8300018310547,139.02999877929688,142.08999633789062,140.98361206054688,31336800.0
2018-10-30,139.94000244140625,146.63999938964844,139.74000549316406,146.22000122070312,145.0814666748047,50528300.0
2018-10-31,155.0,156.39999389648438,148.9600067138672,151.7899932861328,150.60809326171875,60101300.0
2018-11-01,151.52000427246094,152.75,149.35000610351562,151.75,150.5684356689453,25640800.0
2018-11-02,151.8000030517578,154.1300048828125,148.9600067138672,150.35000610351562,149.17930603027344,24708700.0
2018-11-05,150.10000610351562,150.19000244140625,147.44000244140625,148.67999267578125,147.52232360839844,15971200.0
2018-11-06,149.30999755859375,150.97000122070312,148.0,149.94000244140625,148.7725067138672,16667100.0
2018-11-07,151.57000732421875,153.00999450683594,149.8300018310547,151.52999877929688,150.35012817382812,21877400.0
2018-11-08,150.49000549316406,150.94000244140625,146.74000549316406,147.8699951171875,146.7186279296875,24145800.0
2018-11-09,146.75,147.75999450683594,144.07000732421875,144.9600067138672,143.83131408691406,17326900.0
2018-11-12,144.47999572753906,145.0399932861328,140.49000549316406,141.5500030517578,140.44786071777344,18542100.0
2018-11-13,142.0,144.8800048828125,141.6199951171875,142.16000366210938,141.05308532714844,15141700.0
2018-11-14,143.6999969482422,145.5800018310547,141.5500030517578,144.22000122070312,143.09703063964844,22068400.0
2018-11-15,142.3300018310547,144.83999633789062,140.8300018310547,143.85000610351562,142.7299346923828,30320300.0
2018-11-16,141.07000732421875,141.77000427246094,137.77000427246094,139.52999877929688,138.4435272216797,37250600.0
2018-11-19,137.61000061035156,137.75,131.2100067138672,131.5500030517578,130.52569580078125,44362700.0
2018-11-20,127.02999877929688,134.16000366210938,126.8499984741211,132.42999267578125,131.39883422851562,41939500.0
2018-11-21,134.39999389648438,137.19000244140625,134.1300048828125,134.82000732421875,133.770263671875,25469700.0
2018-11-23,133.64999389648438,134.5,131.25999450683594,131.72999572753906,130.7042999267578,11886100.0
2018-11-26,133.0,137.0,132.77999877929688,136.3800048828125,135.31809997558594,24263600.0
2018-11-27,135.75,136.61000061035156,133.7100067138672,135.0,133.9488525390625,20750300.0
2018-11-28,136.27999877929688,136.7899932861328,131.85000610351562,136.75999450683594,135.69512939453125,29847500.0
2018-11-29,135.9199981689453,139.99000549316406,135.66000366210938,138.67999267578125,137.6001739501953,24238700.0
2018-11-30,138.25999450683594,140.97000122070312,137.36000061035156,140.61000061035156,139.51516723632812,25732600.0
2018-12-03,143.0,143.67999267578125,140.75999450683594,141.08999633789062,139.99142456054688,24819200.0
2018-12-04,140.72999572753906,143.38999938964844,137.16000366210938,137.92999267578125,136.85601806640625,30307400.0
2018-12-06,133.82000732421875,139.6999969482422,133.6699981689453,139.6300048828125,138.54278564453125,28218100.0
2018-12-07,139.25,140.8699951171875,136.66000366210938,137.4199981689453,136.34999084472656,21195500.0
2018-12-10,139.60000610351562,143.0500030517578,139.00999450683594,141.85000610351562,140.74551391601562,26422200.0
2018-12-11,143.8800048828125,143.8800048828125,141.10000610351562,142.0800018310547,140.97373962402344,20300300.0
2018-12-12,143.0800018310547,147.19000244140625,142.50999450683594,144.5,143.37486267089844,23696900.0
2018-12-13,145.57000732421875,145.85000610351562,143.19000244140625,145.00999450683594,143.88088989257812,18148600.0
2018-12-14,143.33999633789062,146.00999450683594,142.50999450683594,144.05999755859375,142.9382781982422,21785800.0
2018-12-17,143.0800018310547,144.9199981689453,138.4199981689453,140.19000244140625,139.09841918945312,24334000.0
2018-12-18,141.0800018310547,145.92999267578125,139.8300018310547,143.66000366210938,142.54139709472656,24709100.0
2018-12-19,141.2100067138672,144.91000366210938,132.5,133.24000549316406,132.2025604248047,57404900.0
2018-12-20,130.6999969482422,135.57000732421875,130.0,133.39999389648438,132.36131286621094,40297900.0
2018-12-21,133.38999938964844,134.89999389648438,123.41999816894533,124.9499969482422,123.9770965576172,56901500.0
2018-12-24,123.0999984741211,129.74000549316406,123.0199966430664,124.05999755859376,123.0940170288086,22066000.0
2018-12-26,126.0,134.24000549316406,125.88999938964844,134.17999267578125,133.13522338867188,39723400.0
2018-12-27,132.44000244140625,134.99000549316406,129.6699981689453,134.52000427246094,133.47256469726562,31202500.0
2018-12-28,135.33999633789062,135.9199981689453,132.1999969482422,133.1999969482422,132.162841796875,22627600.0
2018-12-31,134.4499969482422,134.63999938964844,129.9499969482422,131.08999633789062,130.06927490234375,24625300.0
2019-01-02,128.99000549316406,137.50999450683594,128.55999755859375,135.67999267578125,134.62351989746094,28146200.0
2019-01-03,134.69000244140625,137.1699981689453,131.1199951171875,131.74000549316406,130.7142333984375,22717900.0
2019-01-04,134.00999450683594,138.0,133.75,137.9499969482422,136.87588500976562,29002100.0
2019-01-07,137.55999755859375,138.8699951171875,135.91000366210938,138.0500030517578,136.97509765625,20089300.0
2019-01-08,139.88999938964844,143.13999938964844,139.5399932861328,142.52999877929688,141.42022705078125,26263800.0
2019-01-09,142.9499969482422,144.6999969482422,141.27000427246094,144.22999572753906,143.10699462890625,22205900.0
2019-01-10,143.0800018310547,144.55999755859375,140.83999633789062,144.1999969482422,143.0772247314453,16125000.0
2019-01-11,143.14999389648438,145.36000061035156,142.57000732421875,143.8000030517578,142.68035888671875,12908000.0
2019-01-14,142.0,146.57000732421875,141.27000427246094,145.38999938964844,144.25794982910156,20520300.0
2019-01-15,146.00999450683594,150.67999267578125,145.99000549316406,148.9499969482422,147.79022216796875,24069000.0
2019-01-16,149.0,149.64999389648438,147.0,147.5399932861328,146.39120483398438,18025700.0
2019-01-17,146.9499969482422,149.0,146.5,148.3000030517578,147.14529418945312,15787900.0
2019-01-18,149.75,152.42999267578125,148.5500030517578,150.0399932861328,148.87171936035156,31029600.0
2019-01-22,149.1999969482422,151.52999877929688,146.3699951171875,147.57000732421875,146.4209747314453,22378700.0
2019-01-23,148.27999877929688,148.8000030517578,143.05999755859375,144.3000030517578,143.17642211914062,20098400.0
2019-01-24,144.63999938964844,146.44000244140625,142.52000427246094,145.8300018310547,144.69451904296875,20955500.0
2019-01-25,147.47999572753906,149.8300018310547,146.5399932861328,149.00999450683594,147.84974670410156,22237200.0
2019-01-28,148.0500030517578,148.9600067138672,146.2100067138672,147.47000122070312,146.32174682617188,15508500.0
2019-01-29,148.08999633789062,148.10000610351562,143.42999267578125,144.19000244140625,143.0672607421875,17632100.0
2019-01-30,146.22000122070312,150.9499969482422,145.6999969482422,150.4199981689453,149.24879455566406,44613200.0
2019-01-31,165.60000610351562,171.67999267578125,165.0,166.69000244140625,165.39208984375,77233600.0
2019-02-01,165.83999633789062,169.10000610351562,165.66000366210938,165.7100067138672,164.41973876953125,30806500.0
2019-02-04,165.6999969482422,169.3000030517578,163.6199951171875,169.25,167.9321746826172,20036000.0
2019-02-05,169.14999389648438,171.97999572753906,168.69000244140625,171.16000366210938,169.82728576660156,22557000.0
2019-02-06,171.1999969482422,172.47000122070312,169.27000427246094,170.49000549316406,169.1625213623047,13281200.0
2019-02-07,168.1999969482422,169.24000549316406,165.25,166.3800048828125,165.0845184326172,17517600.0
2019-02-08,164.47000122070312,167.3699951171875,164.2100067138672,167.3300018310547,166.02708435058594,12561400.0
2019-02-11,167.89999389648438,168.3000030517578,165.0800018310547,165.7899932861328,164.4990997314453,12811200.0
2019-02-12,166.86000061035156,168.33999633789062,164.5,165.0399932861328,163.75491333007812,16292300.0
2019-02-13,165.3800048828125,166.22000122070312,163.72999572753906,164.07000732421875,162.79251098632812,14205100.0
2019-02-14,163.19000244140625,164.8699951171875,162.25,163.9499969482422,162.6734161376953,12755200.0
2019-02-15,164.50999450683594,164.6999969482422,160.86000061035156,162.5,161.23472595214844,15504400.0
2019-02-19,160.5,164.14999389648438,160.3300018310547,162.2899932861328,161.02635192871094,14345400.0
2019-02-20,162.25,163.72000122070312,161.25,162.55999755859375,161.2942352294922,11770700.0
2019-02-21,161.92999267578125,162.24000549316406,159.58999633789062,160.0399932861328,158.79385375976562,15607800.0
2019-02-22,160.5800018310547,162.41000366210938,160.30999755859375,161.88999938964844,160.62948608398438,15858500.0
2019-02-25,163.07000732421875,166.07000732421875,162.89999389648438,164.6199951171875,163.33819580078125,18737100.0
2019-02-26,164.33999633789062,166.24000549316406,163.8000030517578,164.1300048828125,162.8520050048828,13784100.0
2019-02-27,162.89999389648438,163.92999267578125,160.41000366210938,162.80999755859375,161.54229736328125,12697500.0
2019-02-28,162.3699951171875,163.5,160.86000061035156,161.4499969482422,160.19290161132812,11114200.0
2019-03-01,162.60000610351562,163.1300048828125,161.69000244140625,162.27999877929688,161.0164337158203,11097800.0
2019-03-04,163.89999389648438,167.5,163.8300018310547,167.3699951171875,166.06678771972656,18894700.0
2019-03-05,167.3699951171875,171.8800048828125,166.5500030517578,171.25999450683594,169.92649841308594,28187900.0
2019-03-06,172.89999389648438,173.57000732421875,171.27000427246094,172.50999450683594,171.166748046875,21531700.0
2019-03-07,171.5,171.74000549316406,167.61000061035156,169.1300048828125,167.81309509277344,18306500.0
2019-03-08,166.1999969482422,169.6199951171875,165.97000122070312,169.60000610351562,168.27940368652344,13184800.0
2019-03-11,171.60000610351562,174.3000030517578,171.5800018310547,172.07000732421875,170.73020935058594,18884000.0
2019-03-12,172.08999633789062,173.8000030517578,171.22000122070312,171.9199981689453,170.5813751220703,12155300.0
2019-03-13,172.32000732421875,174.02999877929688,172.1199951171875,173.3699951171875,172.0200958251953,11973300.0
2019-03-14,169.75999450683594,171.14999389648438,168.16000366210938,170.1699981689453,168.84500122070312,18037400.0
2019-03-15,167.16000366210938,167.5800018310547,162.50999450683594,165.97999572753906,164.6876220703125,37135400.0
2019-03-18,163.57000732421875,163.89999389648438,159.27999877929688,160.47000122070312,159.2205352783203,37524200.0
2019-03-19,161.47999572753906,163.82000732421875,160.82000732421875,161.57000732421875,160.3119659423828,25611500.0
2019-03-20,161.5,166.1199951171875,161.24000549316406,165.44000244140625,164.1518096923828,20211500.0
2019-03-21,164.88999938964844,166.38999938964844,163.75,166.0800018310547,164.78684997558594,16223000.0
2019-03-22,165.64999389648438,167.4199981689453,164.08999633789062,164.33999633789062,163.0603790283203,16389200.0
2019-03-25,163.0,166.5399932861328,162.0,166.2899932861328,164.9951629638672,12631200.0
2019-03-26,167.35000610351562,169.4499969482422,166.35000610351562,167.67999267578125,166.3743896484375,15437900.0
2019-03-27,167.85000610351562,168.94000244140625,164.7899932861328,165.8699951171875,164.57847595214844,10620300.0
2019-03-28,164.57000732421875,166.72000122070312,163.3300018310547,165.5500030517578,164.260986328125,10443000.0
2019-03-29,166.38999938964844,167.19000244140625,164.80999755859375,166.69000244140625,165.39208984375,13455500.0
2019-04-01,167.8300018310547,168.89999389648438,167.27999877929688,168.6999969482422,167.3864288330078,10381500.0
2019-04-02,170.13999938964844,174.89999389648438,169.5500030517578,174.1999969482422,172.8436279296875,23946500.0
2019-04-03,174.5,177.9600067138672,172.9499969482422,173.5399932861328,172.1887664794922,27391100.0
2019-04-04,176.02000427246094,178.0,175.52999877929688,176.02000427246094,174.64944458007812,17847700.0
2019-04-05,176.8800048828125,177.0,175.10000610351562,175.72000122070312,174.3517608642578,9594100.0
2019-04-08,175.2100067138672,175.5,174.22999572753906,174.92999267578125,173.5679168701172,7297400.0
2019-04-09,175.6199951171875,179.19000244140625,175.5500030517578,177.5800018310547,176.19729614257812,19751000.0
2019-04-10,178.17999267578125,178.7899932861328,176.5399932861328,177.82000732421875,176.4354248046875,11701500.0
2019-04-11,178.24000549316406,178.39999389648438,177.0,177.50999450683594,176.1278076171875,8071000.0
2019-04-12,178.0,179.6300048828125,177.9499969482422,179.10000610351562,177.70547485351562,12329800.0
2019-04-15,178.5,180.5,176.8699951171875,179.64999389648438,178.2511749267578,10834800.0
2019-04-16,179.0,180.1699981689453,178.3000030517578,178.8699951171875,177.4772491455078,11215200.0
2019-04-17,179.60000610351562,180.7400054931641,178.36000061035156,178.77999877929688,177.387939453125,9973700.0
2019-04-18,178.8000030517578,178.8800048828125,177.33999633789062,178.27999877929688,176.89183044433594,11655600.0
2019-04-22,178.25,181.6699981689453,178.25,181.44000244140625,180.02723693847656,13389900.0
2019-04-23,182.7400054931641,184.22000122070312,181.47999572753903,183.77999877929688,182.3489990234375,19954800.0
2019-04-24,184.4900054931641,185.13999938964844,181.6499938964844,182.5800018310547,181.1583709716797,37289900.0
2019-04-25,196.97999572753903,198.47999572753903,192.1199951171875,193.2599945068359,191.7552032470703,54148800.0
2019-04-26,192.5,192.8999938964844,189.08999633789065,191.4900054931641,189.99899291992188,22075000.0
2019-04-29,190.9499969482422,195.41000366210935,190.6499938964844,194.77999877929688,193.2633819580078,19641300.0
2019-04-30,194.19000244140625,197.38999938964844,192.27999877929688,193.3999938964844,191.89410400390625,23494700.0
2019-05-01,194.77999877929688,196.17999267578125,193.0099945068359,193.02999877929688,191.52700805664065,15996600.0
2019-05-02,193.0,194.0,189.75,192.52999877929688,191.03089904785156,13209500.0
2019-05-03,194.3800048828125,196.16000366210935,193.7100067138672,195.47000122070312,193.9479827880859,14575400.0
2019-05-06,191.2400054931641,194.27999877929688,190.5500030517578,193.8800048828125,192.3703765869141,13994900.0
2019-05-07,192.5399932861328,192.8999938964844,187.8500061035156,189.77000427246097,188.2923583984375,16253000.0
2019-05-08,189.38999938964844,190.72000122070312,188.5500030517578,189.5399932861328,188.0641632080078,12505700.0
2019-05-09,187.1999969482422,189.77000427246097,186.2599945068359,188.6499938964844,187.18109130859375,12967000.0
2019-05-10,188.25,190.0,184.58999633789065,188.33999633789065,186.87353515625,12578500.0
2019-05-13,183.5,185.42999267578125,180.83999633789065,181.5399932861328,180.12646484375,16833300.0
2019-05-14,182.52000427246097,183.4900054931641,178.10000610351562,180.72999572753903,179.32273864746094,17628100.0
2019-05-15,180.4199981689453,187.27999877929688,180.02000427246094,186.27000427246097,184.8196563720703,16746900.0
2019-05-16,185.0500030517578,188.5800018310547,185.0500030517578,186.9900054931641,185.53402709960935,12953100.0
2019-05-17,184.83999633789065,187.5800018310547,184.27999877929688,185.3000030517578,183.8571929931641,10485400.0
2019-05-20,181.8800048828125,184.22999572753903,181.3699951171875,182.72000122070312,181.2972717285156,10352000.0
2019-05-21,184.57000732421875,185.6999969482422,183.88999938964844,184.82000732421875,183.38092041015625,7502800.0
2019-05-22,184.72999572753903,186.7400054931641,183.61000061035156,185.32000732421875,183.8770446777344,9213800.0
2019-05-23,182.4199981689453,183.8999938964844,179.6699981689453,180.8699951171875,179.461669921875,12768800.0
2019-05-24,182.3300018310547,183.6300048828125,180.8300018310547,181.05999755859375,179.65020751953125,8807700.0
2019-05-28,181.5399932861328,184.7100067138672,181.4499969482422,184.30999755859375,182.8749084472656,14843300.0
2019-05-29,183.5,184.55999755859375,181.3500061035156,182.19000244140625,180.7713928222656,12797700.0
2019-05-30,183.0800018310547,183.47999572753903,180.88999938964844,183.0099945068359,181.5850067138672,8581500.0
2019-05-31,180.27999877929688,180.5399932861328,177.16000366210938,177.47000122070312,176.08815002441406,15226500.0
2019-06-03,175.0,175.0500030517578,161.00999450683594,164.14999389648438,162.87185668945312,56059600.0
2019-06-04,163.7100067138672,168.27999877929688,160.83999633789062,167.5,166.19577026367188,46044300.0
2019-06-05,167.47999572753906,168.72000122070312,164.6300048828125,168.1699981689453,166.8605499267578,19758300.0
2019-06-06,168.3000030517578,169.6999969482422,167.22999572753906,168.3300018310547,167.0193328857422,12446400.0
2019-06-07,170.1699981689453,173.8699951171875,168.83999633789062,173.35000610351562,172.000244140625,16917300.0
2019-06-10,174.75,177.86000061035156,173.8000030517578,174.82000732421875,173.4588165283203,14767900.0
2019-06-11,178.47999572753906,179.97999572753906,176.7899932861328,178.10000610351562,176.71322631835938,15266600.0
2019-06-12,178.3800048828125,179.27000427246094,172.8800048828125,175.0399932861328,173.67706298828125,17699800.0
2019-06-13,175.52999877929688,178.02999877929688,174.61000061035156,177.47000122070312,176.08815002441406,12253600.0
2019-06-14,180.5099945068359,181.83999633789065,180.0,181.3300018310547,179.91810607910156,16773700.0
2019-06-17,185.0099945068359,189.5,184.41000366210935,189.0099945068359,187.5382843017578,29459900.0
2019-06-18,194.0,194.52999877929688,187.27999877929688,188.47000122070312,187.00250244140625,37571400.0
2019-06-19,187.0,188.1000061035156,184.5500030517578,187.47999572753903,186.02020263671875,21417100.0
2019-06-20,190.9499969482422,191.16000366210935,187.63999938964844,189.52999877929688,188.05422973632812,14635700.0
2019-06-21,188.75,192.0,188.75,191.13999938964844,189.65171813964844,22751200.0
2019-06-24,192.4199981689453,193.97999572753903,191.57000732421875,192.6000061035156,191.1003570556641,15509000.0
2019-06-25,192.8800048828125,193.13999938964844,188.1300048828125,188.83999633789065,187.36961364746097,16750300.0
2019-06-26,189.5399932861328,190.7599945068359,187.30999755859375,187.66000366210935,186.1988220214844,12808600.0
2019-06-27,189.8800048828125,198.8800048828125,188.27000427246097,189.5,188.02447509765625,11159000.0
2019-06-28,190.5500030517578,193.1999969482422,189.94000244140625,193.0,191.4972381591797,16378900.0
2019-07-01,195.2100067138672,195.27999877929688,191.92999267578125,193.0,191.4972381591797,14181800.0
2019-07-02,193.0,195.0,192.7100067138672,195.0,193.48165893554688,9050000.0
2019-07-03,194.16000366210935,197.3999938964844,194.16000366210935,197.1999969482422,195.66453552246097,10246100.0
2019-07-05,196.17999267578125,197.07000732421875,194.1699981689453,196.3999938964844,194.87075805664065,11164100.0
2019-07-08,195.19000244140625,196.67999267578125,193.63999938964844,195.7599945068359,194.2357177734375,9723900.0
2019-07-09,194.97000122070312,199.4600067138672,194.88999938964844,199.2100067138672,197.65887451171875,14698600.0
2019-07-10,200.0,202.9600067138672,199.6699981689453,202.72999572753903,201.1514892578125,20571700.0
2019-07-11,203.2599945068359,203.8000030517578,200.2100067138672,201.22999572753903,199.6631317138672,13678500.0
2019-07-12,199.67999267578125,205.3000030517578,199.16000366210935,204.8699951171875,203.2748107910156,15366300.0
2019-07-15,204.25,205.3300018310547,201.82000732421875,203.91000366210935,202.32228088378903,16030300.0
2019-07-16,203.88999938964844,205.47000122070312,203.1000061035156,203.83999633789065,202.2528076171875,12132700.0
2019-07-17,204.17999267578125,204.36000061035156,201.58999633789065,201.8000030517578,200.2287139892578,12083700.0
2019-07-18,200.1499938964844,202.47000122070312,199.3800048828125,200.77999877929688,199.2166290283203,11937900.0
2019-07-19,202.17999267578125,202.3300018310547,198.07000732421875,198.36000061035156,196.8155059814453,12098300.0
2019-07-22,199.91000366210935,202.57000732421875,198.80999755859375,202.32000732421875,200.74465942382812,13589000.0
2019-07-23,202.83999633789065,204.2400054931641,200.9600067138672,202.36000061035156,200.7843475341797,14583700.0
2019-07-24,197.6300048828125,204.80999755859375,197.22000122070312,204.66000366210935,203.0664520263672,32532500.0
2019-07-25,206.6999969482422,208.66000366210935,198.2599945068359,200.7100067138672,199.1471710205078,39889900.0
2019-07-26,200.19000244140625,202.8800048828125,196.25,199.75,198.19467163085935,24434000.0
2019-07-29,199.0,199.6300048828125,195.3000030517578,195.94000244140625,194.4143524169922,16530800.0
2019-07-30,195.38999938964844,198.7100067138672,193.5,197.0399932861328,195.50575256347656,11903600.0
2019-07-31,196.9499969482422,198.7599945068359,192.67999267578125,194.22999572753903,192.71766662597656,14593500.0
2019-08-01,194.1699981689453,198.47000122070312,190.8800048828125,192.72999572753903,191.22933959960935,17777000.0
2019-08-02,191.1000061035156,192.6199951171875,188.07000732421875,189.02000427246097,187.54823303222656,15297000.0
2019-08-05,184.69000244140625,185.6699981689453,179.33999633789062,181.72999572753903,180.3149871826172,23086700.0
2019-08-06,183.69000244140625,185.7899932861328,183.08999633789065,184.5099945068359,183.0733337402344,18035700.0
2019-08-07,183.6000061035156,186.3699951171875,181.22000122070312,185.1499938964844,183.70835876464844,15833200.0
2019-08-08,186.6199951171875,190.33999633789065,184.0500030517578,190.16000366210935,188.67935180664065,14828900.0
2019-08-09,190.0,190.97999572753903,187.1199951171875,187.8500061035156,186.38731384277344,11058800.0
2019-08-12,186.8500061035156,187.58999633789065,184.4600067138672,185.3699951171875,183.9266357421875,10930900.0
2019-08-13,185.52000427246097,191.3800048828125,185.3699951171875,188.4499969482422,186.982666015625,13577000.0
2019-08-14,185.8000030517578,185.9900054931641,179.30999755859375,179.7100067138672,178.31069946289062,18903700.0
2019-08-15,180.9499969482422,183.1999969482422,180.02999877929688,182.58999633789065,181.16827392578125,12925900.0
2019-08-16,183.75,185.1000061035156,182.36000061035156,183.6999969482422,182.2696228027344,12654600.0
2019-08-19,186.0099945068359,187.5,184.8500061035156,186.1699981689453,184.7204132080078,9691200.0
2019-08-20,185.4499969482422,186.0,182.38999938964844,183.80999755859375,182.37876892089844,10083400.0
2019-08-21,185.0,185.8999938964844,183.13999938964844,183.5500030517578,182.12081909179688,8398200.0
2019-08-22,183.42999267578125,184.11000061035156,179.91000366210938,182.0399932861328,180.62257385253903,10821400.0
2019-08-23,180.83999633789065,183.1300048828125,176.66000366210938,177.75,176.36598205566406,17323400.0
2019-08-26,179.39999389648438,180.5,178.24000549316406,180.36000061035156,178.9556427001953,8773600.0
2019-08-27,181.92999267578125,184.0399932861328,181.0099945068359,181.3000030517578,179.88836669921875,14399600.0
2019-08-28,180.52999877929688,181.9499969482422,178.9199981689453,181.7599945068359,180.34474182128903,9386100.0
2019-08-29,183.77000427246097,186.0800018310547,183.47000122070312,185.57000732421875,184.1251220703125,10128700.0
2019-08-30,186.77999877929688,186.8000030517578,183.4600067138672,185.6699981689453,184.2242889404297,10774500.0
2019-09-03,184.0,185.6699981689453,182.11000061035156,182.38999938964844,180.96983337402344,9779400.0
2019-09-04,184.6499938964844,187.75,183.88999938964844,187.13999938964844,185.6828460693359,11308000.0
2019-09-05,188.52999877929688,191.36000061035156,187.94000244140625,190.8999938964844,189.41358947753903,13876700.0
2019-09-06,190.2100067138672,190.2100067138672,186.3500061035156,187.4900054931641,186.03013610839844,15226800.0
2019-09-09,187.72999572753903,188.97999572753903,185.8500061035156,188.7599945068359,187.29022216796875,14722400.0
2019-09-10,187.44000244140625,188.1000061035156,184.5500030517578,186.1699981689453,184.7204132080078,15455900.0
2019-09-11,186.4600067138672,189.44000244140625,186.0800018310547,188.4900054931641,187.02232360839844,11761700.0
2019-09-12,189.86000061035156,190.92999267578125,187.22999572753903,187.47000122070312,186.01026916503903,11419800.0
2019-09-13,187.3300018310547,187.97000122070312,186.5399932861328,187.19000244140625,185.73245239257812,11441100.0
2019-09-16,186.92999267578125,187.7899932861328,185.77000427246097,186.22000122070312,184.77003479003903,8444800.0
2019-09-17,186.66000366210935,188.32000732421875,185.5399932861328,188.0800018310547,186.61553955078125,9671100.0
2019-09-18,188.08999633789065,189.0800018310547,186.0099945068359,188.13999938964844,186.6750946044922,9681900.0
2019-09-19,188.66000366210935,191.1000061035156,188.1499938964844,190.13999938964844,188.6595001220703,10392700.0
2019-09-20,190.66000366210935,193.1000061035156,188.1199951171875,189.92999267578125,188.4511260986328,19934200.0
2019-09-23,189.33999633789065,190.1000061035156,185.2100067138672,186.82000732421875,185.3653564453125,13327600.0
2019-09-24,187.97999572753903,188.0399932861328,180.38999938964844,181.27999877929688,179.8684844970703,18546600.0
2019-09-25,181.4499969482422,183.4199981689453,177.8699951171875,182.8000030517578,181.37667846679688,18068300.0
2019-09-26,181.3300018310547,181.3999938964844,177.6699981689453,180.11000061035156,178.70758056640625,16083300.0
2019-09-27,180.4900054931641,180.7599945068359,175.66000366210938,177.10000610351562,175.7210235595703,14656200.0
2019-09-30,177.8699951171875,178.6699981689453,176.85000610351562,178.0800018310547,176.69338989257812,10740000.0
2019-10-01,179.14999389648438,179.83999633789062,174.8800048828125,175.80999755859375,174.44107055664062,17073000.0
2019-10-02,174.83999633789062,176.52999877929688,173.08999633789062,174.60000610351562,173.24049377441406,16151700.0
2019-10-03,175.57000732421875,179.83999633789062,173.6300048828125,179.3800048828125,177.98329162597656,16086300.0
2019-10-04,179.5500030517578,180.97999572753903,178.10000610351562,180.4499969482422,179.04493713378906,10430200.0
2019-10-07,180.0,181.17999267578125,178.08999633789062,179.67999267578125,178.28094482421875,9178300.0
2019-10-08,178.25999450683594,180.3699951171875,177.72000122070312,177.75,176.36598205566406,9466900.0
2019-10-09,179.16000366210938,180.72000122070312,177.94000244140625,179.85000610351562,178.44960021972656,7556900.0
2019-10-10,180.32000732421875,181.61000061035156,179.1699981689453,180.02999877929688,178.62820434570312,8605000.0
2019-10-11,182.1499938964844,186.4900054931641,182.13999938964844,184.19000244140625,182.75584411621097,14930500.0
2019-10-14,184.1999969482422,184.6199951171875,182.57000732421875,183.27999877929688,181.8529052734375,7006000.0
2019-10-15,183.8000030517578,190.3800048828125,183.66000366210935,188.88999938964844,187.4192352294922,15039100.0
2019-10-16,188.32000732421875,189.6999969482422,186.8999938964844,189.5500030517578,188.0740966796875,10516900.0
2019-10-17,190.3000030517578,190.83999633789065,188.77000427246097,190.38999938964844,188.9075469970703,9603000.0
2019-10-18,190.22999572753903,191.4900054931641,183.9199981689453,185.8500061035156,184.4029235839844,16874200.0
2019-10-21,187.0399932861328,189.91000366210935,186.75,189.7599945068359,188.2824554443359,8122600.0
2019-10-22,190.0,190.6499938964844,181.5,182.33999633789065,180.9202117919922,19537600.0
2019-10-23,182.0099945068359,186.3800048828125,182.0,186.1499938964844,184.7005615234375,12300400.0
2019-10-24,184.6199951171875,186.72999572753903,182.8000030517578,186.3800048828125,184.9287567138672,11413500.0
2019-10-25,185.8300018310547,189.0,185.08999633789065,187.88999938964844,186.42703247070312,8061200.0
2019-10-28,187.1999969482422,189.52999877929688,185.0800018310547,189.3999938964844,187.92526245117188,13657900.0
2019-10-29,191.69000244140625,192.52999877929688,188.47000122070312,189.30999755859375,187.83595275878903,13574900.0
2019-10-30,189.55999755859375,190.4499969482422,185.97999572753903,188.25,186.78421020507812,28734600.0
2019-10-31,196.6999969482422,198.08999633789065,188.25,191.6499938964844,190.15774536132812,42286500.0
2019-11-01,192.8500061035156,194.11000061035156,189.91000366210935,193.6199951171875,192.1123809814453,21711800.0
2019-11-04,194.5500030517578,197.3699951171875,193.80999755859375,194.72000122070312,193.2038421630859,16371300.0
2019-11-05,195.3699951171875,195.75,193.6000061035156,194.32000732421875,192.8069610595703,9942000.0
2019-11-06,194.02999877929688,194.3699951171875,191.3500061035156,191.5500030517578,190.0585174560547,10973000.0
2019-11-07,191.91000366210935,193.44000244140625,189.47000122070312,190.4199981689453,188.9373321533203,13473000.0
2019-11-08,190.0,192.33999633789065,189.6999969482422,190.83999633789065,189.3540496826172,10760800.0
2019-11-11,189.92999267578125,190.0800018310547,188.5399932861328,189.61000061035156,188.13365173339844,8631200.0
2019-11-12,190.0,195.05999755859375,189.7400054931641,194.47000122070312,192.9557952880859,17615500.0
2019-11-13,194.6999969482422,195.6999969482422,192.7400054931641,193.19000244140625,191.68576049804688,10860700.0
2019-11-14,192.92999267578125,194.02999877929688,191.4499969482422,193.1499938964844,191.64605712890625,9040500.0
2019-11-15,194.2599945068359,195.3000030517578,193.3800048828125,195.1000061035156,193.58090209960935,11524300.0
2019-11-18,194.55999755859375,198.6300048828125,193.0500030517578,197.3999938964844,195.86294555664065,16167200.0
2019-11-19,197.3999938964844,200.0,196.86000061035156,199.32000732421875,197.76800537109375,19056800.0
2019-11-20,198.5800018310547,199.58999633789065,195.42999267578125,197.5099945068359,195.9720764160156,12355400.0
2019-11-21,197.4199981689453,199.08999633789065,196.86000061035156,197.92999267578125,196.3888397216797,12131000.0
2019-11-22,198.3800048828125,199.3000030517578,197.6199951171875,198.82000732421875,197.27194213867188,9959800.0
2019-11-25,199.52000427246097,200.97000122070312,199.25,199.7899932861328,198.23435974121097,15272300.0
2019-11-26,200.0,200.1499938964844,198.0399932861328,198.97000122070312,197.42076110839844,11735500.0
2019-11-27,199.8999938964844,203.13999938964844,199.4199981689453,202.0,200.42713928222656,12736600.0
2019-11-29,201.6000061035156,203.8000030517578,201.2100067138672,201.63999938964844,200.06996154785156,7985200.0
2019-12-02,202.1300048828125,202.17999267578125,198.0500030517578,199.6999969482422,198.1450653076172,11503400.0
2019-12-03,197.6000061035156,198.92999267578125,195.0800018310547,198.82000732421875,197.27194213867188,11595300.0
2019-12-04,200.0,200.02999877929688,198.0500030517578,198.7100067138672,197.1627655029297,8456300.0
2019-12-05,199.86000061035156,201.2899932861328,198.2100067138672,199.36000061035156,197.8077087402344,9740400.0
2019-12-06,200.5,201.57000732421875,200.05999755859375,201.0500030517578,199.4845733642578,12270600.0
2019-12-09,200.6499938964844,203.13999938964844,200.2100067138672,201.33999633789065,199.7722930908203,11954800.0
2019-12-10,201.66000366210935,202.0500030517578,200.1499938964844,200.8699951171875,199.30593872070312,9475700.0
2019-12-11,200.27999877929688,202.6300048828125,200.27999877929688,202.2599945068359,200.68511962890625,8036800.0
2019-12-12,202.3500061035156,203.66000366210935,194.1000061035156,196.75,195.21804809570312,23734800.0
2019-12-13,196.3999938964844,196.8000030517578,193.1699981689453,194.11000061035156,192.59860229492188,18798000.0
2019-12-16,195.27000427246097,199.1199951171875,194.80999755859375,197.9199981689453,196.37892150878903,14911500.0
2019-12-17,198.83999633789065,199.0,196.1300048828125,198.38999938964844,196.8452606201172,10175700.0
2019-12-18,200.08999633789065,204.3000030517578,200.08999633789065,202.5,200.9232635498047,23274400.0
2019-12-19,202.77999877929688,206.3000030517578,202.5099945068359,206.05999755859375,204.45553588867188,16514600.0
2019-12-20,207.47999572753903,207.7100067138672,203.42999267578125,206.3000030517578,204.6936798095703,27306900.0
2019-12-23,206.6999969482422,208.58999633789065,205.67999267578125,206.17999267578125,204.5746154785156,13348900.0
2019-12-24,206.3000030517578,206.7899932861328,205.0,205.1199951171875,203.52284240722656,6046300.0
2019-12-26,205.57000732421875,207.82000732421875,205.30999755859375,207.7899932861328,206.1720733642578,9350700.0
2019-12-27,208.6699981689453,208.92999267578125,206.58999633789065,208.1000061035156,206.4796600341797,10284200.0
2019-12-30,207.86000061035156,207.8999938964844,203.8999938964844,204.41000366210935,202.818359375,10524300.0
2019-12-31,204.0,205.55999755859375,203.6000061035156,205.25,203.65182495117188,8953500.0
2020-01-02,206.75,209.7899932861328,206.27000427246097,209.77999877929688,208.14654541015625,12077100.0
2020-01-03,207.2100067138672,210.3999938964844,206.9499969482422,208.6699981689453,207.04522705078125,11188400.0
2020-01-06,206.6999969482422,212.77999877929688,206.52000427246097,212.6000061035156,210.9446258544922,17058900.0
2020-01-07,212.82000732421875,214.5800018310547,211.75,213.05999755859375,211.40103149414065,14912400.0
2020-01-08,213.0,216.2400054931641,212.61000061035156,215.22000122070312,213.54421997070312,13475000.0
2020-01-09,217.5399932861328,218.3800048828125,216.27999877929688,218.3000030517578,216.60023498535156,12642800.0
2020-01-10,219.1999969482422,219.8800048828125,217.4199981689453,218.05999755859375,216.3620758056641,12119400.0
2020-01-13,219.6000061035156,221.97000122070312,219.2100067138672,221.91000366210935,220.18214416503903,14463400.0
2020-01-14,221.61000061035156,222.3800048828125,218.6300048828125,219.05999755859375,217.35433959960935,13288900.0
2020-01-15,220.61000061035156,221.67999267578125,220.13999938964844,221.1499938964844,219.42803955078125,10036500.0
2020-01-16,222.57000732421875,222.6300048828125,220.38999938964844,221.77000427246097,220.04324340820312,10015300.0
2020-01-17,222.02999877929688,222.2899932861328,220.52999877929688,222.13999938964844,220.4103546142578,15905900.0
2020-01-21,222.16000366210935,222.3699951171875,219.1199951171875,221.44000244140625,219.71578979492188,14275800.0
2020-01-22,222.30999755859375,222.75,221.27999877929688,221.32000732421875,219.5967254638672,12212800.0
2020-01-23,220.75,221.4900054931641,219.27000427246097,219.7599945068359,218.048828125,11195000.0
2020-01-24,220.8000030517578,221.77999877929688,216.11000061035156,217.94000244140625,216.2430419921875,11905800.0
2020-01-27,213.1000061035156,216.05999755859375,212.5,214.8699951171875,213.19692993164065,13810700.0
2020-01-28,216.13999938964844,218.7400054931641,213.52000427246097,217.7899932861328,216.09420776367188,13413800.0
2020-01-29,221.44000244140625,224.1999969482422,218.4499969482422,223.22999572753903,221.49183654785156,33181300.0
2020-01-30,206.52999877929688,211.42999267578125,204.75,209.52999877929688,207.8985137939453,48775500.0
2020-01-31,208.42999267578125,208.69000244140625,201.05999755859375,201.91000366210935,200.33787536621097,31359900.0
2020-02-03,203.44000244140625,205.13999938964844,202.5,204.19000244140625,202.60009765625,15495600.0
2020-02-04,206.6199951171875,210.6000061035156,205.1999969482422,209.8300018310547,208.1961975097656,19628900.0
2020-02-05,212.5099945068359,212.72999572753903,208.7100067138672,210.11000061035156,208.47401428222656,12538200.0
2020-02-06,210.47000122070312,211.19000244140625,209.33999633789065,210.8500061035156,209.208251953125,10567500.0
2020-02-07,210.3000030517578,212.82000732421875,209.92999267578125,212.3300018310547,210.67672729492188,12242500.0
2020-02-10,211.52000427246097,213.8000030517578,210.66000366210935,213.05999755859375,211.40103149414065,11856400.0
2020-02-11,210.19000244140625,210.86000061035156,206.5099945068359,207.19000244140625,205.5767364501953,25030800.0
2020-02-12,207.8500061035156,211.22000122070312,207.3999938964844,210.7599945068359,209.11892700195312,13813700.0
2020-02-13,209.52000427246097,214.3300018310547,209.17999267578125,213.13999938964844,211.4804229736328,15396600.0
2020-02-14,214.0,214.92999267578125,212.6499938964844,214.17999267578125,212.5122985839844,10741700.0
2020-02-18,213.5500030517578,217.97999572753903,213.3999938964844,217.8000030517578,216.10411071777344,15609200.0
2020-02-19,217.9900054931641,218.32000732421875,216.11000061035156,217.4900054931641,215.79653930664065,12135100.0
2020-02-20,216.52000427246097,218.77000427246097,212.9499969482422,214.5800018310547,212.90919494628903,13109200.0
2020-02-21,213.47999572753903,214.2400054931641,208.8300018310547,210.17999267578125,208.54345703125,14092300.0
2020-02-24,201.8000030517578,203.6499938964844,198.1699981689453,200.72000122070312,199.1571350097656,23080100.0
2020-02-25,202.25,203.5,195.9499969482422,196.77000427246097,195.2378845214844,21433500.0
2020-02-26,197.19000244140625,201.2100067138672,195.4900054931641,197.1999969482422,195.66453552246097,16524500.0
2020-02-27,191.82000732421875,195.8800048828125,189.5,189.75,188.2725524902344,21682600.0
2020-02-28,182.6999969482422,192.7400054931641,181.82000732421875,192.47000122070312,190.9713592529297,32568900.0
2020-03-02,194.02999877929688,196.57000732421875,188.8500061035156,196.44000244140625,194.91043090820312,24949000.0
2020-03-03,196.22000122070312,197.2400054931641,183.97000122070312,185.88999938964844,184.4426116943359,27984100.0
2020-03-04,189.1699981689453,191.8300018310547,186.38999938964844,191.7599945068359,190.26687622070312,23062500.0
2020-03-05,186.77999877929688,188.9900054931641,183.88999938964844,185.1699981689453,183.7281951904297,19333400.0
2020-03-06,178.3300018310547,183.77999877929688,176.25999450683594,181.08999633789065,179.67996215820312,24559600.0
2020-03-09,169.60000610351562,175.0,165.19000244140625,169.5,168.1802215576172,29949000.0
2020-03-10,174.6699981689453,178.2899932861328,169.5,178.19000244140625,176.80255126953125,24517800.0
2020-03-11,174.00999450683594,175.8800048828125,167.66000366210938,170.24000549316406,168.91445922851562,20373900.0
2020-03-12,159.5399932861328,166.60000610351562,154.33999633789062,154.47000122070312,153.26724243164062,43266300.0
2020-03-13,163.52999877929688,170.7899932861328,157.60000610351562,170.27999877929688,168.95411682128906,35028600.0
2020-03-16,152.32000732421875,159.1300048828125,143.10000610351562,146.00999450683594,144.87310791015625,39120400.0
2020-03-17,150.74000549316406,153.94000244140625,140.0,149.4199981689453,148.2565460205078,34255600.0
2020-03-18,139.75,148.17999267578125,137.10000610351562,146.9600067138672,145.8157196044922,37553100.0
2020-03-19,146.6199951171875,159.92999267578125,144.8000030517578,153.1300048828125,151.93768310546875,39862300.0
2020-03-20,156.02000427246094,159.27000427246094,148.0,149.72999572753906,148.5641326904297,32568400.0
2020-03-23,149.66000366210938,152.30999755859375,142.25,148.10000610351562,146.94683837890625,29830800.0
2020-03-24,155.2100067138672,161.30999755859375,152.57000732421875,160.97999572753906,159.72653198242188,30440400.0
2020-03-25,158.9199981689453,162.99000549316406,153.05999755859375,156.2100067138672,154.99371337890625,35184300.0
2020-03-26,158.25,164.0,157.02000427246094,163.33999633789062,162.0681610107422,26556800.0
2020-03-27,158.1999969482422,160.08999633789062,154.75,156.7899932861328,155.56915283203125,24879900.0
2020-03-30,159.17999267578125,166.75,158.05999755859375,165.9499969482422,164.6578369140625,22515200.0
2020-03-31,165.47999572753906,170.92999267578125,164.1999969482422,166.8000030517578,165.50123596191406,23676300.0
2020-04-01,161.6199951171875,164.14999389648438,158.0399932861328,159.60000610351562,158.35728454589844,19507600.0
2020-04-02,159.10000610351562,161.35000610351562,155.9199981689453,158.19000244140625,156.95826721191406,20886300.0
2020-04-03,157.14999389648438,157.91000366210938,150.8300018310547,154.17999267578125,152.9794921875,25983300.0
2020-04-06,160.14999389648438,166.1999969482422,158.50999450683594,165.5500030517578,164.260986328125,28453600.0
2020-04-07,171.7899932861328,173.38999938964844,166.00999450683594,168.8300018310547,167.5154266357422,31411900.0
2020-04-08,171.25,175.0,167.74000549316406,174.27999877929688,172.92298889160156,21664200.0
2020-04-09,175.89999389648438,177.0800018310547,171.57000732421875,175.19000244140625,173.82589721679688,23534300.0
2020-04-13,173.6699981689453,175.0,169.4499969482422,174.7899932861328,173.4290008544922,19355400.0
2020-04-14,178.97999572753906,181.22999572753903,176.6199951171875,178.1699981689453,176.78269958496094,21011800.0
2020-04-15,175.19000244140625,178.19000244140625,172.82000732421875,176.97000122070312,175.592041015625,17423000.0
2020-04-16,177.9499969482422,178.0500030517578,172.50999450683594,176.25,174.87765502929688,23593200.0
2020-04-17,179.1999969482422,180.27999877929688,176.66000366210938,179.24000549316406,177.84437561035156,20974800.0
2020-04-20,177.41000366210938,180.5,176.77000427246094,178.24000549316406,176.85215759277344,16110700.0
2020-04-21,175.25,175.3800048828125,168.33999633789062,170.8000030517578,169.47007751464844,24850500.0
2020-04-22,178.4499969482422,184.77999877929688,178.13999938964844,182.27999877929688,180.8607177734375,33242000.0
2020-04-23,184.0800018310547,187.0500030517578,183.1499938964844,185.1300048828125,183.6885223388672,21426600.0
2020-04-24,183.22999572753903,190.41000366210935,180.8300018310547,190.07000732421875,188.5900726318359,28792000.0
2020-04-27,192.66000366210935,193.75,187.41000366210935,187.5,186.04005432128903,29197800.0
2020-04-28,188.66000366210935,189.1999969482422,182.55999755859375,182.91000366210935,181.48577880859375,21731000.0
2020-04-29,190.92999267578125,196.91000366210935,190.0,194.19000244140625,192.6779632568359,45954500.0
2020-04-30,206.9199981689453,209.69000244140625,201.57000732421875,204.7100067138672,203.11605834960935,46230100.0
2020-05-01,201.6000061035156,207.27999877929688,199.0500030517578,202.27000427246097,200.695068359375,30415600.0
2020-05-04,200.1999969482422,205.91000366210935,198.7599945068359,205.2599945068359,203.66175842285156,19250700.0
2020-05-05,207.02000427246097,210.3800048828125,206.5,207.07000732421875,205.45770263671875,21071200.0
2020-05-06,208.1199951171875,211.6000061035156,206.66000366210935,208.47000122070312,206.8467712402344,21857000.0
2020-05-07,211.16000366210935,211.6000061035156,209.0399932861328,211.2599945068359,209.61505126953125,15152000.0
2020-05-08,212.2400054931641,213.2100067138672,210.8500061035156,212.3500061035156,210.69656372070312,12506000.0
2020-05-11,210.88999938964844,215.0,210.3699951171875,213.17999267578125,211.5200958251953,12911900.0
2020-05-12,213.2899932861328,215.27999877929688,210.0,210.1000061035156,208.4640655517578,14704600.0
2020-05-13,209.42999267578125,210.77999877929688,202.11000061035156,205.1000061035156,203.5030212402344,20684600.0
2020-05-14,202.55999755859375,206.92999267578125,200.69000244140625,206.80999755859375,205.19969177246097,17178900.0
2020-05-15,205.27000427246097,211.33999633789065,204.1199951171875,210.8800048828125,209.23800659179688,19383200.0
2020-05-18,212.1499938964844,214.63999938964844,210.94000244140625,213.19000244140625,211.530029296875,20151900.0
2020-05-19,213.27000427246097,220.4900054931641,212.8300018310547,216.8800048828125,215.1912841796875,31843200.0
2020-05-20,223.5,231.33999633789065,223.19000244140625,229.97000122070312,228.1793670654297,50162900.0
2020-05-21,234.72000122070312,237.1999969482422,231.1999969482422,231.38999938964844,229.5883026123047,47782600.0
2020-05-22,231.5099945068359,235.9900054931641,228.7400054931641,234.91000366210935,233.0809326171875,33925600.0
2020-05-26,239.77000427246097,240.8999938964844,231.6699981689453,232.1999969482422,230.3920135498047,33178300.0
2020-05-27,229.07000732421875,230.55999755859375,221.1300048828125,229.13999938964844,227.3558349609375,34697600.0
2020-05-28,224.3000030517578,231.6300048828125,224.0,225.4600067138672,223.70445251464844,29377200.0
2020-05-29,225.1999969482422,227.4900054931641,222.8800048828125,225.08999633789065,223.33737182617188,23241500.0
2020-06-01,224.58999633789065,232.44000244140625,223.5,231.91000366210935,230.1042633056641,18223800.0
2020-06-02,230.94000244140625,233.0,226.55999755859375,232.72000122070312,230.9079437255859,20919000.0
2020-06-03,232.11000061035156,232.6499938964844,228.52999877929688,230.16000366210935,228.36788940429688,15380300.0
2020-06-04,229.55999755859375,231.6300048828125,224.61000061035156,226.2899932861328,224.5280303955078,17041500.0
2020-06-05,226.7100067138672,231.3500061035156,225.30999755859375,230.77000427246097,228.97314453125,16750400.0
2020-06-08,229.02999877929688,231.5500030517578,227.41000366210935,231.3999938964844,229.5982360839844,15466500.0
2020-06-09,231.52000427246097,239.77000427246097,230.41000366210935,238.6699981689453,236.8116149902344,27462900.0
2020-06-10,240.9600067138672,241.2100067138672,235.27999877929688,236.72999572753903,234.88673400878903,20720700.0
2020-06-11,229.94000244140625,232.88999938964844,223.5500030517578,224.42999267578125,222.6824951171875,26708200.0
2020-06-12,229.8999938964844,231.66000366210935,224.5,228.5800018310547,226.8002014160156,22091400.0
2020-06-15,225.08999633789065,233.77000427246097,224.8000030517578,232.5,230.6896514892578,15340300.0
2020-06-16,237.13999938964844,238.4600067138672,233.0,235.6499938964844,233.81515502929688,15236700.0
2020-06-17,235.0,237.58999633789065,231.72999572753903,235.52999877929688,233.6960601806641,19578100.0
2020-06-18,234.9900054931641,236.13999938964844,232.1499938964844,235.94000244140625,234.10289001464844,15782500.0
2020-06-19,237.7899932861328,240.8300018310547,235.5500030517578,238.7899932861328,236.93069458007812,30081300.0
2020-06-22,238.55999755859375,240.6999969482422,236.91000366210935,239.22000122070312,237.3573760986328,18917800.0
2020-06-23,241.27999877929688,245.19000244140625,239.86000061035156,242.2400054931641,240.35382080078125,24017900.0
2020-06-24,241.1999969482422,243.22000122070312,232.67999267578125,234.02000427246097,232.1978302001953,20834900.0
2020-06-25,234.6199951171875,237.3000030517578,232.7400054931641,235.67999267578125,233.84487915039065,18704300.0
2020-06-26,232.63999938964844,233.08999633789065,215.3999938964844,216.0800018310547,214.3975067138672,76343900.0
2020-06-29,209.75,220.75,207.11000061035156,220.63999938964844,218.92202758789065,58514300.0
2020-06-30,220.58999633789065,227.5,218.47000122070312,227.07000732421875,225.3019866943359,33927100.0
2020-07-01,228.5,239.0,227.55999755859375,237.5500030517578,235.70034790039065,43399700.0
2020-07-02,239.0,240.0,232.61000061035156,233.4199981689453,231.60250854492188,30633600.0
2020-07-06,233.7599945068359,240.3999938964844,232.27000427246097,240.27999877929688,238.4090881347656,26206200.0
2020-07-07,239.41000366210935,247.6499938964844,238.82000732421875,240.86000061035156,238.98458862304688,27887800.0
2020-07-08,238.11000061035156,246.9900054931641,236.58999633789065,243.5800018310547,241.6833953857422,29791300.0
2020-07-09,245.0,246.52999877929688,239.2400054931641,244.5,242.5962371826172,22174900.0
2020-07-10,243.69000244140625,245.4900054931641,239.32000732421875,245.07000732421875,243.16180419921875,22982700.0
2020-07-13,247.0099945068359,250.1499938964844,238.4199981689453,239.0,237.1390686035156,24674900.0
2020-07-14,236.7599945068359,240.3300018310547,232.02999877929688,239.72999572753903,237.8633728027344,23378100.0
2020-07-15,241.5500030517578,244.82000732421875,238.0500030517578,240.27999877929688,238.4090881347656,19133600.0
2020-07-16,238.0,241.7599945068359,236.3300018310547,240.92999267578125,239.0540313720703,18880700.0
2020-07-17,241.0,244.16000366210935,237.86000061035156,242.02999877929688,240.14547729492188,18152400.0
2020-07-20,240.05999755859375,246.0500030517578,235.63999938964844,245.4199981689453,243.5090484619141,20872200.0
2020-07-21,246.22000122070312,246.91000366210935,240.0800018310547,241.75,239.86764526367188,19364200.0
2020-07-22,240.2599945068359,241.8999938964844,238.1199951171875,239.8699951171875,238.0022735595703,15427900.0
2020-07-23,239.6300048828125,242.4199981689453,231.75,232.6000061035156,230.78887939453125,21771800.0
2020-07-24,230.19000244140625,233.4900054931641,226.8999938964844,230.7100067138672,228.91360473632812,18325800.0
2020-07-27,231.4600067138672,234.9499969482422,230.8300018310547,233.5,231.681884765625,13163100.0
2020-07-28,234.6300048828125,234.9600067138672,229.8300018310547,230.1199951171875,228.3282012939453,14170100.0
2020-07-29,231.13999938964844,233.6999969482422,230.30999755859375,233.2899932861328,231.4735107421875,13588300.0
2020-07-30,230.22000122070312,234.88999938964844,229.0,234.5,232.674072265625,20615300.0
2020-07-31,255.82000732421875,255.8500061035156,249.0,253.6699981689453,251.69480895996097,53005100.0
2020-08-03,252.6499938964844,255.3999938964844,250.3300018310547,251.9600067138672,249.9981384277344,23124900.0
2020-08-04,251.55999755859375,252.8000030517578,247.42999267578125,249.8300018310547,247.884765625,17183500.0
2020-08-05,250.19000244140625,252.27000427246097,247.77000427246097,249.1199951171875,247.1802215576172,13050100.0
2020-08-06,249.0399932861328,266.6000061035156,248.6699981689453,265.2799987792969,263.2144775390625,45241600.0
2020-08-07,264.0799865722656,278.8900146484375,263.42999267578125,268.44000244140625,266.349853515625,72766400.0
2020-08-10,268.0400085449219,273.8599853515625,259.69000244140625,263.0,260.9521789550781,30248800.0
2020-08-11,260.19000244140625,265.9200134277344,255.1300048828125,256.1300048828125,254.1356658935547,28238300.0
2020-08-12,258.9700012207031,263.8999938964844,258.1099853515625,259.8900146484375,257.86639404296875,21415700.0
2020-08-13,261.54998779296875,265.1600036621094,259.57000732421875,261.29998779296875,259.265380859375,17374000.0
2020-08-14,262.30999755859375,262.6499938964844,258.67999267578125,261.239990234375,259.20587158203125,14792700.0
2020-08-17,262.5,264.1000061035156,259.3999938964844,261.1600036621094,259.12652587890625,13351100.0
2020-08-18,260.95001220703125,265.1499938964844,259.260009765625,262.3399963378906,260.2973327636719,18690400.0
2020-08-19,261.3900146484375,267.9100036621094,261.3500061035156,262.5899963378906,260.5453796386719,23291500.0
2020-08-20,261.5,269.6300048828125,261.4599914550781,269.010009765625,266.9154052734375,20299700.0
2020-08-21,268.69000244140625,270.489990234375,266.4200134277344,267.010009765625,264.93096923828125,15538600.0
2020-08-24,271.07000732421875,277.25,268.7699890136719,271.3900146484375,269.27685546875,23685600.0
2020-08-25,272.4100036621094,283.0899963378906,270.260009765625,280.82000732421875,278.6334228515625,42127200.0
2020-08-26,284.0,304.6700134277344,284.0,303.9100036621094,301.543701171875,69015200.0
2020-08-27,300.1600036621094,301.2300109863281,292.0199890136719,293.2200012207031,290.9368591308594,30301300.0
2020-08-28,295.0,297.2300109863281,290.9800109863281,293.6600036621094,291.37347412109375,17157400.0
2020-08-31,293.95001220703125,296.8800048828125,291.54998779296875,293.20001220703125,290.91705322265625,17345100.0
2020-09-01,294.7099914550781,301.489990234375,292.7099914550781,295.44000244140625,293.1395568847656,17295900.0
2020-09-02,298.8800048828125,303.6000061035156,293.04998779296875,302.5,300.1446533203125,24341400.0
2020-09-03,295.989990234375,297.6000061035156,283.6300048828125,291.1199951171875,288.85321044921875,32294100.0
2020-09-04,287.25,289.0,271.1400146484375,282.7300109863281,280.52862548828125,30333700.0
2020-09-08,271.2799987792969,279.29998779296875,269.4200134277344,271.1600036621094,269.04864501953125,24864000.0
2020-09-09,275.7699890136719,278.4800109863281,271.3500061035156,273.7200012207031,271.5887451171875,22918800.0
2020-09-10,275.510009765625,279.1600036621094,267.0299987792969,268.0899963378906,266.0025329589844,24814700.0
2020-09-11,270.05999755859375,271.3900146484375,262.6400146484375,266.6099853515625,264.5340270996094,18913900.0
2020-09-14,270.95001220703125,276.6400146484375,265.70001220703125,266.1499938964844,264.0776672363281,24093800.0
2020-09-15,270.6700134277344,274.5199890136719,269.29998779296875,272.4200134277344,270.29888916015625,18478500.0
2020-09-16,267.2900085449219,272.44000244140625,261.7900085449219,263.5199890136719,261.4681396484375,29183400.0
2020-09-17,258.2799987792969,261.5,250.19000244140625,254.82000732421875,252.83590698242188,31281400.0
2020-09-18,258.3999938964844,259.20001220703125,250.0500030517578,252.52999877929688,250.56369018554688,28130800.0
2020-09-21,247.5399932861328,249.9499969482422,244.1300048828125,248.1499938964844,246.21778869628903,24709400.0
2020-09-22,253.30999755859375,255.32000732421875,248.22000122070312,254.75,252.7664337158203,30293100.0
2020-09-23,255.2599945068359,257.989990234375,248.1499938964844,249.02000427246097,247.0810546875,19641300.0
2020-09-24,246.5,252.2400054931641,245.6199951171875,249.52999877929688,247.58706665039065,20006800.0
2020-09-25,249.3999938964844,255.75,246.61000061035156,254.82000732421875,252.83590698242188,18351300.0
2020-09-28,259.3999938964844,259.6000061035156,254.82000732421875,256.82000732421875,254.82034301757812,18826300.0
2020-09-29,257.80999755859375,263.3299865722656,256.8999938964844,261.7900085449219,259.7515869140625,20200200.0
2020-09-30,261.9800109863281,266.0799865722656,260.1000061035156,261.8999938964844,259.8607482910156,20142500.0
2020-10-01,265.3500061035156,268.3299865722656,264.79998779296875,266.6300048828125,264.553955078125,20009800.0
2020-10-02,261.2099914550781,265.1499938964844,259.17999267578125,259.94000244140625,257.9160461425781,16367600.0
2020-10-05,262.20001220703125,264.8699951171875,260.8399963378906,264.6499938964844,262.58935546875,12822300.0
2020-10-06,261.7799987792969,265.69000244140625,258.239990234375,258.6600036621094,256.64593505859375,18696900.0
2020-10-07,259.2099914550781,260.17999267578125,254.82000732421875,258.1199951171875,256.11016845703125,23133400.0
2020-10-08,259.75,264.6199951171875,259.1499938964844,263.760009765625,261.7062683105469,16312800.0
2020-10-09,264.5199890136719,264.75,262.1700134277344,264.45001220703125,262.39093017578125,14107800.0
2020-10-12,270.20001220703125,280.17999267578125,267.8699951171875,275.75,273.60284423828125,31019300.0
2020-10-13,277.5799865722656,279.1000061035156,273.3900146484375,276.1400146484375,273.98992919921875,18063300.0
2020-10-14,277.6199951171875,278.75,271.5,271.82000732421875,269.70355224609375,15577800.0
2020-10-15,267.6000061035156,269.0400085449219,263.6700134277344,266.7200012207031,264.6432189941406,15416100.0
2020-10-16,267.3800048828125,271.3699951171875,265.29998779296875,265.92999267578125,263.8593444824219,16622700.0
2020-10-19,265.5299987792969,268.54998779296875,259.8800048828125,261.3999938964844,259.3646545410156,13587000.0
2020-10-20,263.05999755859375,269.70001220703125,262.8800048828125,267.55999755859375,265.4766845703125,18763200.0
2020-10-21,279.55999755859375,283.04998779296875,276.3699951171875,278.7300109863281,276.5597229003906,28998600.0
2020-10-22,279.8699951171875,282.45001220703125,275.0400085449219,278.1199951171875,275.9544677734375,16720000.0
2020-10-23,278.79998779296875,285.239990234375,276.82000732421875,284.7900085449219,282.572509765625,17535200.0
2020-10-26,283.1600036621094,285.2300109863281,274.260009765625,277.1099853515625,274.9523010253906,21322900.0
2020-10-27,278.760009765625,284.510009765625,276.30999755859375,283.2900085449219,281.0841979980469,16287200.0
2020-10-28,278.7900085449219,278.7900085449219,267.260009765625,267.6700134277344,265.5858154296875,23121800.0
2020-10-29,276.54998779296875,283.6000061035156,273.7799987792969,280.8299865722656,278.64337158203125,32368100.0
2020-10-30,274.5,276.70001220703125,259.1000061035156,263.1099853515625,261.06134033203125,47247800.0
2020-11-02,264.6000061035156,270.4700012207031,257.3399963378906,261.3599853515625,259.324951171875,27165700.0
2020-11-03,263.1600036621094,270.04998779296875,260.8800048828125,265.29998779296875,263.2342224121094,17961900.0
2020-11-04,281.0,288.94000244140625,278.6199951171875,287.3800048828125,285.1423645019531,35364400.0
2020-11-05,291.8999938964844,297.3800048828125,288.95001220703125,294.67999267578125,292.38555908203125,23823600.0
2020-11-06,293.95001220703125,294.6000061035156,288.05999755859375,293.4100036621094,291.1253967285156,13891000.0
2020-11-09,289.8699951171875,292.5799865722656,278.5299987792969,278.7699890136719,276.5993957519531,25117700.0
2020-11-10,273.1000061035156,274.0,264.0,272.42999267578125,270.30877685546875,29067700.0
2020-11-11,273.4700012207031,278.3999938964844,272.4800109863281,276.4800109863281,274.3272399902344,14957000.0
2020-11-12,277.17999267578125,279.75,274.42999267578125,275.0799865722656,272.9381103515625,12899500.0
2020-11-13,277.7200012207031,277.760009765625,273.1000061035156,276.95001220703125,274.7935791015625,10391200.0
2020-11-16,275.04998779296875,279.4100036621094,274.6300048828125,278.9599914550781,276.7879333496094,12970400.0
2020-11-17,277.67999267578125,277.67999267578125,273.2900085449219,275.0,272.8587646484375,15040300.0
2020-11-18,274.5199890136719,277.3900146484375,271.8399963378906,271.9700012207031,269.8522644042969,12152900.0
2020-11-19,271.0199890136719,273.4700012207031,269.19000244140625,272.94000244140625,270.8147888183594,12963700.0
2020-11-20,272.55999755859375,273.0,269.4100036621094,269.70001220703125,267.6000061035156,18114700.0
2020-11-23,270.8900146484375,270.95001220703125,264.5299987792969,268.42999267578125,266.3398742675781,20990800.0
2020-11-24,268.489990234375,277.82000732421875,267.8699951171875,276.9200134277344,274.7638244628906,16930400.0
2020-11-25,278.1400146484375,280.17999267578125,272.6499938964844,275.5899963378906,273.4441223144531,12467000.0
2020-11-27,277.3900146484375,279.1300048828125,274.82000732421875,277.80999755859375,275.6468811035156,7808400.0
2020-11-30,276.0299987792969,277.70001220703125,271.010009765625,276.9700012207031,274.81341552734375,16693300.0
2020-12-01,279.1600036621094,289.29998779296875,278.9599914550781,286.54998779296875,284.31878662109375,20738900.0
2020-12-02,285.3599853515625,291.7799987792969,280.8299865722656,287.5199890136719,285.2812194824219,17361600.0
2020-12-03,286.25,286.6499938964844,281.07000732421875,281.8500061035156,279.6553649902344,12921700.0
2020-12-04,280.29998779296875,283.4599914550781,279.29998779296875,279.70001220703125,277.52215576171875,10880300.0
2020-12-07,279.19000244140625,288.489990234375,278.20001220703125,285.5799865722656,283.35638427734375,13007700.0
2020-12-08,286.010009765625,286.42999267578125,281.54998779296875,283.3999938964844,281.193359375,10747700.0
2020-12-09,283.6600036621094,287.6300048828125,271.75,277.9200134277344,275.75604248046875,25189700.0
2020-12-10,275.5400085449219,278.7300109863281,271.8599853515625,277.1199951171875,274.96221923828125,20065100.0
2020-12-11,274.5299987792969,276.4800109863281,270.25,273.54998779296875,271.41998291015625,14391400.0
2020-12-14,273.3699951171875,277.2200012207031,271.55999755859375,274.19000244140625,272.0550537109375,16376900.0
2020-12-15,274.8299865722656,276.0799865722656,267.4700012207031,275.54998779296875,273.40447998046875,23979500.0
2020-12-16,274.760009765625,277.8599853515625,272.510009765625,275.6700134277344,273.5235290527344,15885000.0
2020-12-17,277.07000732421875,280.44000244140625,273.6099853515625,274.4800109863281,272.3427734375,16377800.0
2020-12-18,275.7699890136719,278.0,271.1400146484375,276.3999938964844,274.2478332519531,26693200.0
2020-12-21,272.9800109863281,274.6700134277344,267.7900085449219,272.7900085449219,270.66595458984375,16553700.0
2020-12-22,271.5,271.5,264.6300048828125,267.0899963378906,265.01031494140625,17312900.0
2020-12-23,266.8900146484375,272.1700134277344,266.2300109863281,268.1099853515625,266.0223388671875,14329000.0
2020-12-24,268.8800048828125,270.3999938964844,266.20001220703125,267.3999938964844,265.3179016113281,6702000.0
2020-12-28,268.739990234375,277.29998779296875,265.6600036621094,277.0,274.8431701660156,23299700.0
2020-12-29,276.95001220703125,280.510009765625,276.2799987792969,276.7799987792969,274.6248474121094,16383000.0
2020-12-30,277.95001220703125,278.0799865722656,271.7099914550781,271.8699951171875,269.75311279296875,11803800.0
2020-12-31,272.0,277.0899963378906,269.80999755859375,273.1600036621094,271.0330505371094,12900400.0
2021-01-04,274.7799987792969,275.0,265.20001220703125,268.94000244140625,266.8459167480469,15106100.0
2021-01-05,268.2900085449219,272.3999938964844,268.2099914550781,270.9700012207031,268.8600769042969,9871600.0
2021-01-06,262.0,267.75,260.010009765625,263.30999755859375,261.2597351074219,24354100.0
2021-01-07,265.8999938964844,271.6099853515625,264.7799987792969,268.739990234375,266.64752197265625,15789800.0
2021-01-08,268.30999755859375,268.95001220703125,263.17999267578125,267.57000732421875,265.4866027832031,18528300.0
2021-01-11,260.4800109863281,263.4700012207031,255.8999938964844,256.8399963378906,254.84014892578125,30412300.0
2021-01-12,256.6300048828125,259.7200012207031,250.3000030517578,251.08999633789065,249.13491821289065,26383500.0
2021-01-13,251.5500030517578,253.9499969482422,249.1999969482422,251.63999938964844,249.6806182861328,19528900.0
2021-01-14,253.3999938964844,255.02999877929688,244.61000061035156,245.63999938964844,243.72735595703125,29739400.0
2021-01-15,247.8999938964844,253.86000061035156,247.16000366210935,251.36000061035156,249.40281677246097,24942900.0
2021-01-19,256.8999938964844,262.20001220703125,252.72000122070312,261.1000061035156,259.06695556640625,28028500.0
2021-01-20,268.92999267578125,270.32000732421875,263.6000061035156,267.4800109863281,265.3973083496094,25199900.0
2021-01-21,269.260009765625,273.6000061035156,267.489990234375,272.8699951171875,270.74530029296875,20838700.0
2021-01-22,272.010009765625,278.4700012207031,272.0,274.5,272.3626403808594,21954000.0
2021-01-25,278.1400146484375,280.1000061035156,271.510009765625,278.010009765625,275.8453674316406,19087000.0
2021-01-26,278.1400146484375,285.3900146484375,277.80999755859375,282.04998779296875,279.8538513183594,19373600.0
2021-01-27,282.5299987792969,283.45001220703125,268.1199951171875,272.1400146484375,270.0210266113281,35346200.0
2021-01-28,277.17999267578125,286.7900085449219,264.70001220703125,265.0,262.9366149902344,37758800.0
2021-01-29,265.29998779296875,266.55999755859375,254.8500061035156,258.3299865722656,256.3185729980469,30389500.0
2021-02-01,259.5199890136719,264.1700134277344,254.91000366210935,262.010009765625,259.9699401855469,22914300.0
2021-02-02,264.0,268.8500061035156,263.2699890136719,267.0799865722656,265.0003967285156,17320800.0
2021-02-03,265.6199951171875,269.20001220703125,263.8399963378906,266.6499938964844,264.57373046875,14223400.0
2021-02-04,267.010009765625,268.1600036621094,264.0,266.489990234375,264.4150390625,16060000.0
2021-02-05,266.79998779296875,269.1700134277344,265.6700134277344,268.1000061035156,266.0125427246094,12454400.0
2021-02-08,268.75,269.8599853515625,265.0,266.5799865722656,264.5043029785156,13755200.0
2021-02-09,266.44000244140625,273.3900146484375,265.75,269.45001220703125,267.35198974609375,14613400.0
2021-02-10,272.45001220703125,273.79998779296875,267.7200012207031,271.8699951171875,269.75311279296875,14687200.0
2021-02-11,271.8900146484375,273.5799865722656,268.489990234375,270.3900146484375,268.2846984863281,12828600.0
2021-02-12,270.5199890136719,271.17999267578125,268.3399963378906,270.5,268.393798828125,9097600.0
2021-02-16,270.79998779296875,276.6000061035156,270.04998779296875,273.9700012207031,271.8367919921875,15417200.0
2021-02-17,271.239990234375,273.9700012207031,269.5799865722656,273.57000732421875,271.43988037109375,12763200.0
2021-02-18,269.57000732421875,271.95001220703125,266.0299987792969,269.3900146484375,267.2924499511719,15249100.0
2021-02-19,269.8599853515625,270.2699890136719,260.1499938964844,261.55999755859375,259.52337646484375,25622600.0
2021-02-22,257.95001220703125,263.07000732421875,257.5299987792969,260.3299865722656,258.3030090332031,17434900.0
2021-02-23,259.5,267.4599914550781,254.9600067138672,265.8599853515625,263.7899169921875,21924600.0
2021-02-24,262.3299865722656,266.3800048828125,258.3900146484375,264.30999755859375,262.2519836425781,15736100.0
2021-02-25,262.29998779296875,266.94000244140625,254.0399932861328,254.69000244140625,252.70687866210935,19053100.0
2021-02-26,256.4700012207031,265.54998779296875,256.4700012207031,257.6199951171875,255.6140899658203,26619500.0
2021-03-01,260.82000732421875,266.6499938964844,257.8999938964844,264.9100036621094,262.847412109375,22157300.0
2021-03-02,265.7799987792969,266.7099914550781,258.6499938964844,259.0,256.9833679199219,15191700.0
2021-03-03,260.2900085449219,260.989990234375,255.1000061035156,255.41000366210935,253.4212951660156,15513500.0
2021-03-04,256.4700012207031,266.489990234375,253.5,257.6400146484375,255.63392639160156,31626500.0
2021-03-05,260.6700134277344,265.45001220703125,255.61000061035156,264.2799987792969,262.2221984863281,26820100.0
2021-03-08,265.54998779296875,265.5799865722656,255.0500030517578,255.30999755859375,253.32205200195312,18391800.0
2021-03-09,261.17999267578125,268.5299987792969,259.80999755859375,265.739990234375,263.6708984375,22039700.0
2021-03-10,268.6400146484375,268.9700012207031,262.8699951171875,264.8999938964844,262.83740234375,14210300.0
2021-03-11,268.1099853515625,277.8999938964844,267.82000732421875,273.8800048828125,271.7474670410156,21834000.0
2021-03-12,269.1400146484375,269.739990234375,264.0199890136719,268.3999938964844,266.3101501464844,20600200.0
2021-03-15,269.0799865722656,275.9599914550781,268.5,273.75,271.6184997558594,16844800.0
2021-03-16,276.0799865722656,282.1400146484375,274.79998779296875,279.2799987792969,277.10540771484375,22437700.0
2021-03-17,275.7099914550781,286.2300109863281,275.4100036621094,284.010009765625,281.79864501953125,21315000.0
2021-03-18,279.8699951171875,285.19000244140625,278.2799987792969,278.6199951171875,276.4505615234375,18728300.0
2021-03-19,281.2200012207031,292.79998779296875,281.20001220703125,290.1099853515625,287.85101318359375,38930500.0
2021-03-22,290.45001220703125,299.7099914550781,286.75,293.5400085449219,291.25439453125,28273100.0
2021-03-23,293.1499938964844,298.0,289.80999755859375,290.6300048828125,288.3670349121094,23000900.0
2021-03-24,291.0,291.7200012207031,281.1600036621094,282.1400146484375,279.94317626953125,18675000.0
2021-03-25,280.9800109863281,288.05999755859375,277.75,278.739990234375,276.5696105957031,24505600.0
2021-03-26,278.29998779296875,284.5,277.7699890136719,283.0199890136719,280.8163146972656,17629200.0
2021-03-29,285.7699890136719,293.17999267578125,284.70001220703125,290.82000732421875,288.5555725097656,21718800.0
2021-03-30,289.8299865722656,292.4700012207031,286.70001220703125,288.0,285.75750732421875,17474500.0
2021-03-31,289.989990234375,296.5,288.6099853515625,294.5299987792969,292.2366943359375,19498200.0
2021-04-01,298.3999938964844,302.3999938964844,296.6000061035156,298.6600036621094,296.33447265625,17616000.0
2021-04-05,300.8900146484375,310.7699890136719,300.67999267578125,308.9100036621094,306.50469970703125,28237000.0
2021-04-06,308.8399963378906,311.3500061035156,305.25,306.260009765625,303.8753662109375,17335200.0
2021-04-07,306.3399963378906,314.25,305.5,313.0899963378906,310.65216064453125,22855200.0
2021-04-08,314.8500061035156,315.8800048828125,310.04998779296875,313.0199890136719,310.58270263671875,20894100.0
2021-04-09,311.3999938964844,314.739990234375,310.3299865722656,312.4599914550781,310.0270690917969,15988600.0
2021-04-12,311.04998779296875,312.1499938964844,307.92999267578125,311.5400085449219,309.1142272949219,10881900.0
2021-04-13,312.2099914550781,314.42999267578125,309.32000732421875,309.760009765625,307.34808349609375,14036900.0
2021-04-14,307.29998779296875,308.0299987792969,301.95001220703125,302.82000732421875,300.462158203125,17421400.0
2021-04-15,306.3399963378906,310.1400146484375,304.1000061035156,307.82000732421875,305.4231872558594,14558300.0
2021-04-16,308.1700134277344,308.95001220703125,304.6099853515625,306.17999267578125,303.79595947265625,13059200.0
2021-04-19,305.010009765625,307.70001220703125,300.55999755859375,302.239990234375,299.88665771484375,14553500.0
2021-04-20,301.989990234375,305.1000061035156,297.2099914550781,302.6499938964844,300.2934265136719,16796400.0
2021-04-21,301.95001220703125,301.9800109863281,297.3900146484375,301.4700012207031,299.1226501464844,14863500.0
2021-04-22,301.3299865722656,302.9200134277344,296.0400085449219,296.5199890136719,294.211181640625,16375400.0
2021-04-23,298.760009765625,302.5899963378906,297.1499938964844,301.1300048828125,298.7853088378906,17536800.0
2021-04-26,303.3399963378906,305.79998779296875,301.55999755859375,303.0400085449219,300.680419921875,16172600.0
2021-04-27,304.2799987792969,305.3399963378906,301.1099853515625,303.57000732421875,301.206298828125,15309300.0
2021-04-28,307.3599853515625,310.9200134277344,305.3699951171875,307.1000061035156,304.7088317871094,33907200.0
2021-04-29,330.1199951171875,331.80999755859375,321.6099853515625,329.510009765625,326.9443359375,56526800.0
2021-04-30,326.1400146484375,329.82000732421875,324.5,325.0799865722656,322.5487976074219,26332400.0
2021-05-03,326.1700134277344,328.54998779296875,321.8399963378906,322.5799865722656,320.0682373046875,18719500.0
2021-05-04,320.0199890136719,322.19000244140625,313.1199951171875,318.3599853515625,315.8811340332031,24032600.0
2021-05-05,318.19000244140625,321.05999755859375,314.489990234375,315.0199890136719,312.5671081542969,15577600.0
2021-05-06,314.5199890136719,320.239990234375,313.2699890136719,320.0199890136719,317.5281982421875,19012200.0
2021-05-07,322.3800048828125,322.94000244140625,318.75,319.0799865722656,316.5955505371094,15916700.0
2021-05-10,314.3500061035156,314.5799865722656,304.8299865722656,305.9700012207031,303.5876159667969,24239200.0
2021-05-11,300.75,306.8399963378906,299.69000244140625,306.5299987792969,304.1432189941406,18920100.0
2021-05-12,301.1300048828125,304.9599914550781,298.19000244140625,302.54998779296875,300.1942138671875,24645500.0
2021-05-13,306.0799865722656,308.8599853515625,302.7699890136719,305.260009765625,302.8831481933594,18079200.0
2021-05-14,309.5400085449219,316.8500061035156,309.0799865722656,315.94000244140625,313.4799499511719,19245700.0
2021-05-17,313.54998779296875,315.67999267578125,311.5799865722656,315.4599914550781,313.0036926269531,15401300.0
2021-05-18,315.5899963378906,316.5,309.80999755859375,309.9599914550781,307.5465393066406,14522400.0
2021-05-19,304.19000244140625,314.6600036621094,303.57000732421875,313.5899963378906,311.1482849121094,19106200.0
2021-05-20,313.5799865722656,319.25,313.1600036621094,318.6099853515625,316.1291809082031,17320200.0
2021-05-21,319.2900085449219,319.92999267578125,315.80999755859375,316.2300109863281,313.7677307128906,13600900.0
2021-05-24,318.2099914550781,325.95001220703125,318.0299987792969,324.6300048828125,322.102294921875,16445400.0
2021-05-25,327.0799865722656,329.17999267578125,324.79998779296875,327.7900085449219,325.2377014160156,16437000.0
2021-05-26,328.3500061035156,329.8299865722656,325.82000732421875,327.6600036621094,325.1086730957031,9686900.0
2021-05-27,328.0,333.7799987792969,326.760009765625,332.75,330.1590881347656,20477700.0
2021-05-28,331.0,332.8699951171875,328.3299865722656,328.7300109863281,326.17041015625,12037400.0
2021-06-01,330.1499938964844,331.4200134277344,326.6400146484375,329.1300048828125,326.5672912597656,11765900.0
2021-06-02,330.3800048828125,331.8699951171875,327.1199951171875,329.1499938964844,326.5870666503906,11654300.0
2021-06-03,325.7799987792969,327.3800048828125,323.4800109863281,326.0400085449219,323.5013122558594,12610800.0
2021-06-04,325.8999938964844,332.4599914550781,325.17999267578125,330.3500061035156,327.77777099609375,13289400.0
2021-06-07,329.4800109863281,337.69000244140625,328.92999267578125,336.5799865722656,333.9592590332031,20136700.0
2021-06-08,336.70001220703125,338.29998779296875,332.239990234375,333.67999267578125,331.0818176269531,14580500.0
2021-06-09,335.739990234375,336.79998779296875,330.0,330.25,327.67852783203125,13727900.0
2021-06-10,330.7900085449219,333.94000244140625,328.54998779296875,332.4599914550781,329.8713684082031,13240200.0
2021-06-11,332.5799865722656,332.8299865722656,328.92999267578125,331.260009765625,328.6806945800781,13587900.0
2021-06-14,331.8999938964844,336.82000732421875,329.80999755859375,336.7699890136719,334.1477966308594,12250800.0
2021-06-15,336.989990234375,339.9200134277344,335.0299987792969,336.75,334.1279602050781,15795200.0
2021-06-16,336.70001220703125,337.54998779296875,328.7200012207031,331.0799865722656,328.5020446777344,17232200.0
2021-06-17,330.489990234375,337.9800109863281,330.1499938964844,336.510009765625,333.8898620605469,17794100.0
2021-06-18,334.5299987792969,336.1499938964844,329.0,329.6600036621094,327.0931091308594,23039500.0
2021-06-21,331.0899963378906,332.9200134277344,327.6499938964844,332.2900085449219,329.7026062011719,11337500.0
2021-06-22,332.69000244140625,339.9200134277344,332.6000061035156,339.0299987792969,336.3901672363281,15345300.0
2021-06-23,339.3500061035156,343.4200134277344,338.20001220703125,340.5899963378906,337.93804931640625,14817800.0
2021-06-24,341.8500061035156,344.8999938964844,341.7900085449219,343.17999267578125,340.5078430175781,12329100.0
2021-06-25,342.5899963378906,344.1199951171875,339.67999267578125,341.3699951171875,338.71197509765625,14594400.0
2021-06-28,342.4599914550781,358.1400146484375,341.7699890136719,355.6400146484375,352.870849609375,29156100.0
2021-06-29,356.2699890136719,356.739990234375,349.04998779296875,351.8900146484375,349.15008544921875,21417300.0
2021-06-30,352.1700134277344,352.9200134277344,347.1700134277344,347.7099914550781,345.00262451171875,15107500.0
2021-07-01,346.82000732421875,354.6700134277344,346.5,354.3900146484375,351.6305847167969,17137000.0
2021-07-02,355.1000061035156,356.44000244140625,352.6199951171875,354.70001220703125,351.93817138671875,11521300.0
2021-07-06,356.5,358.7900085449219,349.17999267578125,352.7799987792969,350.03314208984375,13488500.0
2021-07-07,355.260009765625,356.489990234375,350.0,350.489990234375,347.7609558105469,14218900.0
2021-07-08,345.7300109863281,348.3299865722656,342.55999755859375,345.6499938964844,342.9586486816406,14406500.0
2021-07-09,345.32000732421875,350.7099914550781,345.2699890136719,350.4200134277344,347.6915588378906,13018700.0
2021-07-12,351.2300109863281,354.19000244140625,349.6400146484375,353.1600036621094,350.4101257324219,10018600.0
2021-07-13,351.5,358.489990234375,348.79998779296875,352.0899963378906,349.3484802246094,11456000.0
2021-07-14,354.55999755859375,355.20001220703125,346.7300109863281,347.6300048828125,344.9232482910156,13894200.0
2021-07-15,349.2300109863281,349.2300109863281,340.2200012207031,344.4599914550781,341.77789306640625,14781600.0
2021-07-16,344.9100036621094,345.989990234375,340.1400146484375,341.1600036621094,338.50360107421875,11026100.0
2021-07-19,337.57000732421875,339.7900085449219,334.5400085449219,336.95001220703125,334.3263854980469,14372300.0
2021-07-20,338.79998779296875,343.45001220703125,334.5,341.6600036621094,338.9997253417969,11024300.0
2021-07-21,341.5,346.5199890136719,341.25,346.2300109863281,343.5341491699219,9279700.0
2021-07-22,346.67999267578125,351.5400085449219,345.2099914550781,351.19000244140625,348.45550537109375,12385400.0
2021-07-23,360.9100036621094,375.3299865722656,357.19000244140625,369.7900085449219,366.91070556640625,33694300.0
2021-07-26,369.5799865722656,374.44000244140625,368.2200012207031,372.4599914550781,369.5598754882813,14925200.0
2021-07-27,371.9100036621094,373.1499938964844,364.5499877929687,367.80999755859375,364.9460754394531,15705400.0
2021-07-28,374.55999755859375,377.5499877929687,366.9299926757813,373.2799987792969,370.3735046386719,29676900.0
2021-07-29,361.0,365.5199890136719,356.739990234375,358.32000732421875,355.5299987792969,33413200.0
2021-07-30,354.0,360.7300109863281,352.94000244140625,356.29998779296875,353.52569580078125,15976200.0
2021-08-02,358.1000061035156,359.3999938964844,350.739990234375,351.95001220703125,349.2096252441406,13180400.0
2021-08-03,352.7300109863281,353.7699890136719,347.70001220703125,351.239990234375,348.5050964355469,12406100.0
2021-08-04,352.4200134277344,360.4800109863281,351.510009765625,358.9200134277344,356.1253662109375,14180600.0
2021-08-05,359.6400146484375,363.8999938964844,356.8999938964844,362.9700012207031,360.1437683105469,10247200.0
2021-08-06,361.3999938964844,365.1499938964844,361.3999938964844,363.510009765625,360.6795959472656,8925000.0
2021-08-09,363.760009765625,365.7799987792969,360.75,361.6099853515625,358.79437255859375,7798900.0
2021-08-10,361.8299865722656,364.1000061035156,359.0400085449219,361.1300048828125,358.3181457519531,7469900.0
2021-08-11,362.1000061035156,362.3599853515625,357.80999755859375,359.9599914550781,357.1572265625,8400300.0
2021-08-12,358.45001220703125,363.0,357.1099853515625,362.6499938964844,359.8262023925781,7170700.0
2021-08-13,362.9700012207031,364.6600036621094,361.4800109863281,363.1799926757813,360.3521423339844,7195700.0
2021-08-16,362.5199890136719,366.9500122070313,357.3800048828125,366.55999755859375,363.705810546875,11222100.0
2021-08-17,362.9800109863281,364.6700134277344,355.07000732421875,358.45001220703125,355.6589660644531,12328700.0
2021-08-18,356.25,359.8599853515625,355.1499938964844,355.45001220703125,352.6823425292969,10042400.0
2021-08-19,351.3500061035156,357.57000732421875,351.0,355.1199951171875,352.3548889160156,12004500.0
2021-08-20,354.6000061035156,359.989990234375,353.30999755859375,359.3699951171875,356.5718688964844,8697700.0
2021-08-23,359.44000244140625,365.69000244140625,359.1000061035156,363.3500061035156,360.5208129882813,10942000.0
2021-08-24,363.6600036621094,367.9599914550781,361.8399963378906,365.510009765625,362.66400146484375,9235100.0
2021-08-25,365.6000061035156,370.8599853515625,365.3999938964844,368.3900146484375,365.5216369628906,9684500.0
2021-08-26,368.3800048828125,369.44000244140625,364.1300048828125,364.3800048828125,361.5427856445313,7888700.0
2021-08-27,365.1000061035156,373.739990234375,364.0799865722656,372.6300048828125,369.7285461425781,11219100.0
2021-08-30,372.55999755859375,381.489990234375,370.5199890136719,380.6600036621094,377.6960144042969,13547300.0
2021-08-31,379.9500122070313,382.760009765625,378.7999877929687,379.3800048828125,376.4259643554687,12345400.0
2021-09-01,379.5899963378906,384.3299865722656,378.80999755859375,382.0499877929687,379.0751647949219,11567200.0
2021-09-02,381.5,381.75,374.05999755859375,375.2799987792969,372.35791015625,14832900.0
2021-09-03,374.75,377.1600036621094,373.1099853515625,376.260009765625,373.3302917480469,7509600.0
2021-09-07,375.8800048828125,382.9599914550781,373.1499938964844,382.1799926757813,379.2042236328125,10793800.0
2021-09-08,380.1600036621094,380.8699951171875,374.7900085449219,377.5700073242187,374.6301574707031,11067200.0
2021-09-09,377.6400146484375,379.8299865722656,376.5700073242187,378.0,375.0567626953125,9098900.0
2021-09-10,381.3599853515625,383.7900085449219,378.260009765625,378.69000244140625,375.7414245605469,11549600.0
2021-09-13,381.6799926757813,381.75,374.3500061035156,376.510009765625,373.5783996582031,13026300.0
2021-09-14,377.3999938964844,378.5899963378906,375.1099853515625,376.5299987792969,373.5981750488281,8711600.0
2021-09-15,377.0,377.55999755859375,367.6700134277344,373.9200134277344,371.0085754394531,17940300.0
2021-09-16,372.7900085449219,373.55999755859375,369.7099914550781,373.05999755859375,370.1552429199219,11934200.0
2021-09-17,371.4100036621094,371.4100036621094,361.5899963378906,364.7200012207031,361.8801574707031,26299000.0
2021-09-20,359.29998779296875,361.0299987792969,349.79998779296875,355.70001220703125,352.93035888671875,19822800.0
2021-09-21,358.5,360.0400085449219,355.19000244140625,357.4800109863281,354.6965637207031,11751900.0
2021-09-22,347.2300109863281,349.8399963378906,340.69000244140625,343.2099914550781,340.5376281738281,43692900.0
2021-09-23,345.3599853515625,349.6700134277344,343.0,345.9599914550781,343.2662353515625,21806300.0
2021-09-24,343.239990234375,354.3500061035156,342.3699951171875,352.9599914550781,350.21173095703125,18801900.0
2021-09-27,349.80999755859375,355.1499938964844,347.0799865722656,353.5799865722656,350.8268737792969,15205800.0
2021-09-28,347.9700012207031,349.6000061035156,338.9200134277344,340.6499938964844,337.9975891113281,21710300.0
2021-09-29,343.1499938964844,345.2300109863281,338.8800048828125,339.6099853515625,336.96563720703125,14452200.0
2021-09-30,340.45001220703125,342.79998779296875,338.1499938964844,339.3900146484375,336.7473449707031,16547100.0
2021-10-01,341.6099853515625,345.0199890136719,338.6400146484375,343.010009765625,340.3392028808594,14905300.0
2021-10-04,335.5299987792969,335.94000244140625,322.70001220703125,326.2300109863281,323.6898498535156,42885000.0
2021-10-05,328.5799865722656,335.17999267578125,326.1600036621094,332.9599914550781,330.3674621582031,35377900.0
2021-10-06,329.739990234375,334.3800048828125,325.79998779296875,333.6400146484375,331.04217529296875,26443000.0
2021-10-07,337.0,338.8399963378906,328.9800109863281,329.2200012207031,326.65655517578125,28307500.0
2021-10-08,331.510009765625,333.3999938964844,328.7099914550781,330.04998779296875,327.4800720214844,15946100.0
2021-10-11,327.6300048828125,330.4599914550781,325.30999755859375,325.45001220703125,322.9159851074219,14708200.0
2021-10-12,323.0299987792969,324.3800048828125,317.3699951171875,323.7699890136719,321.2490234375,31658700.0
2021-10-13,326.9700012207031,327.0,322.6600036621094,324.5400085449219,322.0130310058594,14761500.0
2021-10-14,328.3599853515625,330.5199890136719,327.1000061035156,328.5299987792969,325.9719543457031,14302200.0
2021-10-15,328.67999267578125,329.07000732421875,322.510009765625,324.760009765625,322.2312927246094,21596400.0
2021-10-18,328.95001220703125,335.8900146484375,327.5,335.3399963378906,332.7288513183594,21585000.0
2021-10-19,339.6499938964844,342.4599914550781,337.2799987792969,339.989990234375,337.3426818847656,18786300.0
2021-10-20,343.45001220703125,343.9800109863281,339.45001220703125,340.7799987792969,338.1265869140625,13639500.0
2021-10-21,340.2799987792969,342.30999755859375,337.79998779296875,341.8800048828125,339.21795654296875,16354400.0
2021-10-22,326.3500061035156,329.6300048828125,321.1099853515625,324.6099853515625,322.0824279785156,35224500.0
2021-10-25,320.29998779296875,329.55999755859375,319.7200012207031,328.69000244140625,326.1307373046875,38409000.0
2021-10-26,328.260009765625,330.2099914550781,309.6000061035156,315.80999755859375,313.35101318359375,65654000.0
2021-10-27,314.19000244140625,319.25,312.05999755859375,312.2200012207031,309.7889099121094,29971800.0
2021-10-28,312.989990234375,325.5199890136719,308.1099853515625,316.9200134277344,314.452392578125,50806800.0
2021-10-29,320.19000244140625,326.0,319.6000061035156,323.57000732421875,321.0505065917969,37059400.0
2021-11-01,326.0400085449219,333.45001220703125,326.0,329.9800109863281,327.41064453125,31518900.0
2021-11-02,331.3800048828125,334.7900085449219,323.79998779296875,328.0799865722656,325.52545166015625,28353000.0
2021-11-03,327.489990234375,332.1499938964844,323.20001220703125,331.6199951171875,329.037841796875,20786500.0
2021-11-04,334.010009765625,337.2699890136719,332.6499938964844,335.8500061035156,333.23492431640625,22495300.0
2021-11-05,340.30999755859375,346.7900085449219,339.6400146484375,341.1300048828125,338.4738464355469,26872800.0
2021-11-08,344.4200134277344,344.7900085449219,338.3399963378906,338.6199951171875,335.9833984375,18342500.0
2021-11-09,340.0,341.30999755859375,334.4700012207031,335.3699951171875,332.7586364746094,17556700.0
2021-11-10,332.489990234375,333.19000244140625,325.510009765625,327.6400146484375,325.0888671875,21872600.0
2021-11-11,329.82000732421875,332.4599914550781,327.0,327.739990234375,325.18804931640625,12376600.0
2021-11-12,330.17999267578125,341.8599853515625,329.7799987792969,340.8900146484375,338.2357177734375,25414300.0
2021-11-15,344.3399963378906,353.6499938964844,343.20001220703125,347.55999755859375,344.853759765625,25076600.0
2021-11-16,343.8299865722656,346.6499938964844,340.8699951171875,342.9599914550781,340.28961181640625,18181100.0
2021-11-17,344.239990234375,347.29998779296875,340.1000061035156,340.7699890136719,338.11663818359375,13602800.0
2021-11-18,339.7200012207031,342.4599914550781,335.29998779296875,338.69000244140625,336.0528869628906,17487200.0
2021-11-19,342.20001220703125,352.1000061035156,339.8999938964844,345.29998779296875,342.6113586425781,26488500.0
2021-11-22,349.04998779296875,353.8299865722656,340.510009765625,341.010009765625,338.35479736328125,27116800.0
2021-11-23,338.92999267578125,341.3999938964844,333.5,337.25,334.6240234375,17225000.0
2021-11-24,336.0,341.7799987792969,332.80999755859375,341.05999755859375,338.40435791015625,13566200.0
2021-11-26,335.79998779296875,337.75,331.8999938964844,333.1199951171875,330.5262451171875,14750700.0
2021-11-29,336.8900146484375,340.6700134277344,335.30999755859375,338.0299987792969,335.3979187011719,16650900.0
2021-11-30,335.0,335.80999755859375,323.42999267578125,324.4599914550781,321.9336242675781,25390000.0
2021-12-01,330.2900085449219,330.5,310.2900085449219,310.6000061035156,308.1815490722656,30329600.0
2021-12-02,311.3999938964844,314.6000061035156,307.20001220703125,310.3900146484375,307.97320556640625,24396200.0
2021-12-03,313.7300109863281,313.75,299.5,306.8399963378906,304.4508056640625,27471000.0
2021-12-06,308.1300048828125,320.1000061035156,306.3399963378906,317.8699951171875,315.3949890136719,21758300.0
2021-12-07,321.57000732421875,326.5400085449219,321.0,322.80999755859375,320.29644775390625,18794000.0
2021-12-08,325.0,332.75,323.07000732421875,330.55999755859375,327.9861145019531,19937700.0
2021-12-09,329.5400085449219,336.1300048828125,328.0,329.82000732421875,327.2519226074219,16879200.0
2021-12-10,332.55999755859375,335.0299987792969,326.3699951171875,329.75,327.1824645996094,14528000.0
2021-12-13,330.95001220703125,341.0899963378906,329.5899963378906,334.489990234375,331.88555908203125,22948700.0
2021-12-14,328.04998779296875,335.70001220703125,327.6499938964844,333.739990234375,331.141357421875,20461000.0
2021-12-15,332.489990234375,342.1099853515625,323.9800109863281,341.6600036621094,338.9997253417969,24681300.0
2021-12-16,338.9800109863281,344.4599914550781,333.739990234375,334.8999938964844,332.2923583984375,22635000.0
2021-12-17,332.79998779296875,337.1099853515625,330.75,333.7900085449219,331.19097900390625,40012600.0
2021-12-20,329.7799987792969,329.8999938964844,322.5299987792969,325.45001220703125,322.9159851074219,17901800.0
2021-12-21,326.4100036621094,336.0,323.75,334.20001220703125,331.5977478027344,16116800.0
2021-12-22,333.79998779296875,334.510009765625,328.260009765625,330.45001220703125,327.8769836425781,16764600.0
2021-12-23,330.1000061035156,336.6700134277344,328.3599853515625,335.239990234375,332.629638671875,13987700.0
2021-12-27,338.8500061035156,347.8699951171875,338.010009765625,346.17999267578125,343.4844970703125,17795000.0
2021-12-28,346.6300048828125,352.7099914550781,345.20001220703125,346.2200012207031,343.52423095703125,16637600.0
2021-12-29,346.9100036621094,349.69000244140625,341.6400146484375,342.94000244140625,340.2697448730469,10747000.0
2021-12-30,344.0,347.2300109863281,343.2200012207031,344.3599853515625,341.6786804199219,10593300.0
2021-12-31,343.0199890136719,343.44000244140625,336.2699890136719,336.3500061035156,333.7310791015625,12870500.0
2022-01-03,338.29998779296875,341.0799865722656,337.19000244140625,338.5400085449219,335.9040222167969,14537900.0
2022-01-04,339.95001220703125,343.0899963378906,331.8699951171875,336.5299987792969,333.9096374511719,15998000.0
2022-01-05,333.0199890136719,335.760009765625,323.8399963378906,324.1700134277344,321.6458740234375,20564500.0
2022-01-06,322.82000732421875,339.1700134277344,322.7200012207031,332.4599914550781,329.8713684082031,27962800.0
2022-01-07,332.739990234375,337.0,328.8800048828125,331.7900085449219,329.20654296875,14722000.0
2022-01-10,325.30999755859375,328.3399963378906,315.42999267578125,328.07000732421875,325.5155029296875,24942400.0
2022-01-11,326.7799987792969,334.6300048828125,325.2799987792969,334.3699951171875,331.7664794921875,16226800.0
2022-01-12,335.17999267578125,336.3699951171875,330.0299987792969,333.260009765625,330.66510009765625,14104900.0
2022-01-13,334.9800109863281,335.6300048828125,325.760009765625,326.4800109863281,323.93792724609375,14797100.0
2022-01-14,321.7900085449219,332.7300109863281,321.2099914550781,331.8999938964844,329.315673828125,16868500.0
2022-01-18,323.2900085449219,324.2099914550781,317.6400146484375,318.1499938964844,315.67279052734375,22645600.0
2022-01-19,319.5799865722656,327.1000061035156,319.3299865722656,319.5899963378906,317.1015625,20814700.0
2022-01-20,323.8999938964844,327.82000732421875,315.9800109863281,316.55999755859375,314.09515380859375,16925000.0
2022-01-21,314.80999755859375,318.30999755859375,303.0400085449219,303.1700134277344,300.8094177246094,28710700.0
2022-01-24,297.8399963378906,309.5299987792969,289.010009765625,308.7099914550781,306.3062438964844,38878100.0
2022-01-25,299.95001220703125,306.2300109863281,297.5799865722656,300.1499938964844,297.8128967285156,25108500.0
2022-01-26,307.010009765625,307.510009765625,290.8500061035156,294.6300048828125,292.33587646484375,28348800.0
2022-01-27,297.75,301.7099914550781,294.260009765625,294.6400146484375,292.3458557128906,21629900.0
2022-01-28,295.6199951171875,301.8999938964844,293.0299987792969,301.7099914550781,299.3607482910156,21871600.0
2022-01-31,300.67999267578125,313.7900085449219,299.32000732421875,313.260009765625,310.8208312988281,21579500.0
2022-02-01,314.55999755859375,319.6600036621094,312.1199951171875,319.0,316.5161437988281,18023800.0
2022-02-02,327.82000732421875,328.0,316.8699951171875,323.0,320.4849853515625,58458300.0
2022-02-03,244.6499938964844,248.0,235.75,237.7599945068359,235.90869140625,188119900.0
2022-02-04,234.97000122070312,242.61000061035156,230.11000061035156,237.08999633789065,235.24392700195312,89342200.0
2022-02-07,237.6999969482422,238.3000030517578,224.0099945068359,224.91000366210935,223.1587829589844,88613800.0
2022-02-08,220.8500061035156,225.77000427246097,216.1499938964844,220.17999267578125,218.465576171875,94729700.0
2022-02-09,224.1999969482422,233.3699951171875,222.2100067138672,232.0,230.19354248046875,86563300.0
2022-02-10,228.27000427246097,235.0,226.6999969482422,228.07000732421875,226.2941741943359,49310400.0
2022-02-11,228.4600067138672,230.4199981689453,218.77000427246097,219.5500030517578,217.8404998779297,46156900.0
2022-02-14,219.30999755859375,221.0,214.77999877929688,217.6999969482422,216.00491333007812,38184000.0
2022-02-15,220.47000122070312,221.1499938964844,215.05999755859375,221.0,219.2792205810547,42685500.0
2022-02-16,212.41000366210935,217.4600067138672,212.36000061035156,216.5399932861328,214.8539276123047,45817500.0
2022-02-17,214.02000427246097,217.5,207.16000366210935,207.7100067138672,206.0926818847656,38747500.0
2022-02-18,209.38999938964844,210.75,205.17999267578125,206.16000366210935,204.55479431152344,37128400.0
2022-02-22,202.33999633789065,207.47999572753903,200.05999755859375,202.0800018310547,200.50653076171875,39852400.0
2022-02-23,204.16000366210935,206.94000244140625,198.0500030517578,198.4499969482422,196.90478515625,44481400.0
2022-02-24,191.05999755859375,208.3500061035156,190.22000122070312,207.6000061035156,205.98353576660156,49957200.0
2022-02-25,204.94000244140625,211.32000732421875,203.17999267578125,210.47999572753903,208.8411102294922,37627600.0
2022-02-28,207.67999267578125,213.1499938964844,206.8300018310547,211.02999877929688,209.3868408203125,34239800.0
2022-03-01,209.8699951171875,211.75,202.22000122070312,203.4900054931641,201.90554809570312,27094900.0
2022-03-02,204.77999877929688,209.1499938964844,202.02000427246097,208.11000061035156,206.48956298828125,29452100.0
2022-03-03,209.02000427246097,209.0800018310547,201.4199981689453,202.97000122070312,201.38961791992188,27263500.0
2022-03-04,202.3699951171875,205.88999938964844,198.7899932861328,200.05999755859375,198.50225830078125,32130900.0
2022-03-07,200.7899932861328,200.88999938964844,187.27999877929688,187.47000122070312,186.01026916503903,38560600.0
2022-03-08,187.8500061035156,196.6999969482422,186.11000061035156,190.2899932861328,188.80831909179688,37508100.0
2022-03-09,195.7400054931641,199.1000061035156,193.9199981689453,198.5,196.9544219970703,31894700.0
2022-03-10,194.83999633789065,196.27999877929688,191.07000732421875,195.2100067138672,193.69004821777344,24853000.0
2022-03-11,192.63999938964844,193.55999755859375,186.6699981689453,187.61000061035156,186.14920043945312,34694500.0
2022-03-14,187.02999877929688,192.2899932861328,185.82000732421875,186.6300048828125,185.1768341064453,31010500.0
2022-03-15,190.8000030517578,192.27999877929688,185.91000366210935,192.02999877929688,190.53477478027344,31721700.0
2022-03-16,194.6999969482422,203.72999572753903,194.52000427246097,203.6300048828125,202.0444793701172,40640300.0
2022-03-17,201.6999969482422,208.0399932861328,201.11000061035156,207.83999633789065,206.22169494628903,29499700.0
2022-03-18,206.6999969482422,216.8000030517578,206.0,216.4900054931641,214.8043212890625,52128000.0
2022-03-21,214.5,214.7100067138672,207.6300048828125,211.4900054931641,209.84327697753903,30142300.0
2022-03-22,211.3699951171875,219.4600067138672,210.17999267578125,216.6499938964844,214.9630584716797,31998800.0
2022-03-23,213.3300018310547,216.8000030517578,212.16000366210935,213.4600067138672,211.7979431152344,23717300.0
2022-03-24,215.0,220.6699981689453,214.7899932861328,219.57000732421875,217.86036682128903,31502300.0
2022-03-25,220.5099945068359,225.5,218.88999938964844,221.82000732421875,220.09283447265625,40039000.0
2022-03-28,222.1300048828125,224.0399932861328,219.5399932861328,223.58999633789065,221.8490295410156,26224100.0
2022-03-29,226.07000732421875,230.88999938964844,225.2899932861328,229.86000061035156,228.07025146484375,31417900.0
2022-03-30,228.91000366210935,231.1499938964844,226.7100067138672,227.8500061035156,226.07586669921875,25588000.0
2022-03-31,228.4499969482422,228.4900054931641,222.2599945068359,222.36000061035156,220.62863159179688,24192300.0
2022-04-01,224.5500030517578,227.27999877929688,222.6999969482422,224.8500061035156,223.09925842285156,19544800.0
2022-04-04,225.97999572753903,234.3500061035156,225.86000061035156,233.88999938964844,232.06884765625,28054800.0
2022-04-05,234.0800018310547,236.86000061035156,231.02000427246097,231.83999633789065,230.03480529785156,29727200.0
2022-04-06,226.91000366210935,228.9900054931641,221.41000366210935,223.3000030517578,221.56130981445312,28995100.0
2022-04-07,223.92999267578125,225.52000427246097,218.55999755859375,222.9499969482422,221.21401977539065,21037200.0
2022-04-08,222.3800048828125,225.1300048828125,220.02999877929688,222.3300018310547,220.5988616943359,18375700.0
2022-04-11,218.4199981689453,220.61000061035156,215.22000122070312,216.4600067138672,214.77455139160156,20516600.0
2022-04-12,220.2400054931641,222.02999877929688,213.1300048828125,214.13999938964844,212.47265625,20128800.0
2022-04-13,211.82000732421875,216.61000061035156,211.3300018310547,214.9900054931641,213.3160095214844,19231800.0
2022-04-14,214.88999938964844,214.9900054931641,210.0,210.17999267578125,208.54345703125,18379500.0
2022-04-18,210.0,213.3800048828125,208.3000030517578,210.77000427246097,209.12889099121097,16580800.0
2022-04-19,210.52000427246097,218.42999267578125,209.0,217.30999755859375,215.6179351806641,20089900.0
2022-04-20,213.61000061035156,214.16000366210935,198.9199981689453,200.4199981689453,198.8594512939453,43036500.0
2022-04-21,201.6000061035156,202.97000122070312,185.5800018310547,188.07000732421875,186.60560607910156,49954100.0
2022-04-22,190.3699951171875,192.72000122070312,183.27000427246097,184.11000061035156,182.67645263671875,36426800.0
2022-04-25,182.72999572753903,187.17999267578125,181.66000366210935,186.9900054931641,185.53402709960935,29281100.0
2022-04-26,186.6300048828125,187.19000244140625,179.5,180.9499969482422,179.54104614257812,31747400.0
2022-04-27,174.42999267578125,181.2100067138672,169.0,174.9499969482422,173.58778381347656,71062900.0
2022-04-28,202.9199981689453,208.52999877929688,192.8999938964844,205.72999572753903,204.1281280517578,100890600.0
2022-04-29,204.4600067138672,212.47999572753903,199.8999938964844,200.47000122070312,198.90907287597656,49193400.0
2022-05-02,201.1699981689453,211.8800048828125,200.9900054931641,211.1300048828125,209.4860992431641,49915300.0
2022-05-03,210.4499969482422,214.8999938964844,208.08999633789065,212.02999877929688,210.37904357910156,41556300.0
2022-05-04,210.6499938964844,224.3000030517578,206.9600067138672,223.41000366210935,221.6704559326172,41375900.0
2022-05-05,218.7400054931641,220.1699981689453,206.16000366210935,208.27999877929688,206.65821838378903,41129200.0
2022-05-06,207.33999633789065,209.3800048828125,201.02000427246097,203.77000427246097,202.1833648681641,34747200.0
2022-05-09,199.83999633789065,202.57000732421875,195.5800018310547,196.2100067138672,194.68223571777344,36303200.0
2022-05-10,199.5099945068359,202.9600067138672,194.19000244140625,197.6499938964844,196.1110076904297,34452500.0
2022-05-11,196.3300018310547,200.6699981689453,188.27000427246097,188.7400054931641,187.27040100097656,31153400.0
2022-05-12,187.05999755859375,198.0500030517578,184.77999877929688,191.2400054931641,189.7509307861328,38262200.0
2022-05-13,192.5800018310547,199.88999938964844,191.27999877929688,198.6199951171875,197.07345581054688,24549800.0
2022-05-16,197.0500030517578,205.3699951171875,195.92999267578125,200.0399932861328,198.482421875,27112600.0
2022-05-17,202.1199951171875,205.4600067138672,198.36000061035156,202.6199951171875,201.0423126220703,24872700.0
2022-05-18,200.0,201.0,191.6300048828125,192.2400054931641,190.7431640625,23960000.0
2022-05-19,191.1999969482422,195.2899932861328,189.6000061035156,191.2899932861328,189.8005523681641,24446900.0
2022-05-20,194.97000122070312,197.91000366210935,187.8699951171875,193.5399932861328,192.0330352783203,31465600.0
2022-05-23,195.19000244140625,196.9900054931641,191.2400054931641,196.22999572753903,194.7020721435547,25059200.0
2022-05-24,180.5500030517578,183.67999267578125,176.11000061035156,181.27999877929688,179.8684844970703,50406300.0
2022-05-25,180.3999938964844,185.4499969482422,179.32000732421875,183.8300018310547,182.3986358642578,28030200.0
2022-05-26,182.8800048828125,192.8300018310547,182.2599945068359,191.6300048828125,190.1378936767578,23056500.0
2022-05-27,191.36000061035156,195.3300018310547,189.8000030517578,195.1300048828125,193.61065673828125,22562700.0
2022-05-31,194.88999938964844,197.6000061035156,192.0099945068359,193.63999938964844,192.1322479248047,26131100.0
2022-06-01,196.5099945068359,199.52999877929688,185.0,188.63999938964844,187.1711883544922,36623500.0
2022-06-02,188.4499969482422,200.94000244140625,187.72999572753903,198.86000061035156,197.3116149902344,31951600.0
2022-06-03,195.97999572753903,196.61000061035156,189.77999877929688,190.77999877929688,189.29449462890625,19465000.0
2022-06-06,193.9900054931641,196.9199981689453,188.3999938964844,194.25,192.7375030517578,30574200.0
2022-06-07,191.92999267578125,196.52999877929688,191.4900054931641,195.6499938964844,194.12657165527344,18828700.0
2022-06-08,194.6699981689453,202.02999877929688,194.41000366210935,196.63999938964844,195.10890197753903,22267200.0
2022-06-09,194.27999877929688,199.4499969482422,183.67999267578125,184.0,182.5672912597656,23501600.0
2022-06-10,183.0399932861328,183.1000061035156,175.02000427246094,175.57000732421875,174.20297241210938,27450800.0
2022-06-13,170.58999633789062,172.5800018310547,164.02999877929688,164.25999450683594,162.98098754882812,31749300.0
2022-06-14,166.02999877929688,166.75,161.36000061035156,163.72999572753906,162.4551239013672,27244300.0
2022-06-15,167.1999969482422,172.16000366210938,163.97999572753906,169.35000610351562,168.03138732910156,30008300.0
2022-06-16,163.72000122070312,165.0800018310547,159.61000061035156,160.8699951171875,159.61741638183594,26944100.0
2022-06-17,161.67999267578125,165.89999389648438,159.89999389648438,163.74000549316406,162.46505737304688,31374200.0
2022-06-21,165.92999267578125,167.75999450683594,155.97000122070312,157.0500030517578,155.82716369628906,50724900.0
2022-06-22,158.3800048828125,160.7899932861328,155.44000244140625,155.85000610351562,154.63648986816406,47267800.0
2022-06-23,156.27000427246094,159.75,154.25,158.75,157.51393127441406,40499200.0
2022-06-24,161.72999572753906,170.25,161.3000030517578,170.16000366210938,168.83506774902344,68736000.0
2022-06-27,171.32000732421875,171.75,168.00999450683594,169.49000549316406,168.17030334472656,29174600.0
2022-06-28,169.89999389648438,171.3000030517578,160.61000061035156,160.67999267578125,159.4288787841797,27744500.0
2022-06-29,163.57000732421875,166.3300018310547,160.32000732421875,163.94000244140625,162.6634979248047,28595200.0
2022-06-30,162.14999389648438,165.22999572753906,158.49000549316406,161.25,159.99444580078125,35250600.0
2022-07-01,160.30999755859375,160.6199951171875,155.0,160.02999877929688,158.78392028808594,31423900.0
2022-07-05,158.13999938964844,168.25,157.02000427246094,168.19000244140625,166.88040161132812,28618600.0
2022-07-06,168.1999969482422,171.58999633789062,165.4600067138672,169.77000427246094,168.4481201171875,23085900.0
2022-07-07,169.4499969482422,172.72000122070312,167.77999877929688,172.19000244140625,170.8492431640625,24083400.0
2022-07-08,169.97999572753906,172.39999389648438,168.14999389648438,170.8800048828125,169.5494842529297,19249200.0
2022-07-11,167.07000732421875,167.49000549316406,161.91000366210938,162.8800048828125,161.6117706298828,21885600.0
2022-07-12,164.8000030517578,165.91000366210938,162.10000610351562,163.27000427246094,161.9987030029297,16639700.0
2022-07-13,160.16000366210938,164.97999572753906,159.61000061035156,163.49000549316406,162.2169952392578,16555100.0
2022-07-14,161.22000122070312,162.58999633789062,157.27999877929688,158.0500030517578,156.8193817138672,23765200.0
2022-07-15,160.5399932861328,164.97999572753906,159.82000732421875,164.6999969482422,163.41758728027344,23342800.0
2022-07-18,166.75,171.69000244140625,165.63999938964844,167.22999572753906,165.9279022216797,23574300.0
2022-07-19,170.3699951171875,176.49000549316406,169.50999450683594,175.77999877929688,174.41128540039062,25933700.0
2022-07-20,177.49000549316406,183.6000061035156,176.6999969482422,183.08999633789065,181.66439819335935,24784300.0
2022-07-21,180.6300048828125,183.8500061035156,178.8699951171875,183.1699981689453,181.74375915527344,27195800.0
2022-07-22,173.07000732421875,175.60000610351562,168.41000366210938,169.27000427246094,167.95201110839844,42583900.0
2022-07-25,169.0,170.57000732421875,164.80999755859375,166.64999389648438,165.35238647460938,26166300.0
2022-07-26,165.94000244140625,166.0,157.9499969482422,159.14999389648438,157.91079711914062,28468400.0
2022-07-27,162.58999633789062,170.8699951171875,162.02000427246094,169.5800018310547,168.2595672607422,43846600.0
2022-07-28,161.05999755859375,161.50999450683594,154.85000610351562,160.72000122070312,159.46856689453125,73214300.0
2022-07-29,157.69000244140625,160.13999938964844,155.1699981689453,159.10000610351562,157.86117553710938,42065400.0
2022-08-01,157.25,165.19000244140625,155.22999572753906,159.92999267578125,158.68470764160156,40596700.0
2022-08-02,158.30999755859375,162.24000549316406,158.00999450683594,160.19000244140625,158.9427032470703,27374500.0
2022-08-03,162.69000244140625,169.5399932861328,161.57000732421875,168.8000030517578,167.4856719970703,31721900.0
2022-08-04,168.3000030517578,172.14999389648438,166.8000030517578,170.57000732421875,169.2418975830078,23938200.0
2022-08-05,166.99000549316406,171.61000061035156,165.8000030517578,167.11000061035156,165.80882263183594,25832700.0
2022-08-08,168.0,177.50999450683594,167.1300048828125,170.25,168.9243621826172,27299100.0
2022-08-09,168.9499969482422,169.52999877929688,166.60000610351562,168.52999877929688,167.21775817871094,18655100.0
2022-08-10,175.99000549316406,180.47999572753903,173.9499969482422,178.33999633789062,176.95138549804688,30262100.0
2022-08-11,179.7100067138672,183.1000061035156,176.3699951171875,177.49000549316406,176.1079864501953,24079100.0
2022-08-12,180.80999755859375,181.4600067138672,178.91000366210938,180.5,179.0945587158203,21274000.0
2022-08-15,178.9600067138672,181.44000244140625,178.1999969482422,180.88999938964844,179.4815216064453,15878700.0
2022-08-16,179.44000244140625,180.9900054931641,177.0399932861328,179.47000122070312,178.0725860595703,21156700.0
2022-08-17,176.75999450683594,178.13999938964844,174.1699981689453,174.85000610351562,173.48855590820312,20118100.0
2022-08-18,174.33999633789062,175.75999450683594,171.86000061035156,174.66000366210938,173.30006408691406,18844500.0
2022-08-19,170.1999969482422,172.32000732421875,167.0500030517578,167.9600067138672,166.65219116210938,26240800.0
2022-08-22,165.49000549316406,165.49000549316406,162.25999450683594,163.0500030517578,161.78045654296875,19499700.0
2022-08-23,162.47999572753906,165.0500030517578,160.6999969482422,161.11000061035156,159.85556030273438,18111800.0
2022-08-24,160.60000610351562,165.4600067138672,159.77000427246094,163.25999450683594,161.98880004882812,20891500.0
2022-08-25,165.17999267578125,168.8800048828125,164.02000427246094,168.77999877929688,167.46578979492188,15550500.0
2022-08-26,168.47999572753906,170.9199981689453,161.6699981689453,161.77999877929688,160.52032470703125,24023600.0
2022-08-29,160.66000366210938,163.0500030517578,159.00999450683594,159.1699981689453,157.9306182861328,20052700.0
2022-08-30,160.35000610351562,161.66000366210938,155.91000366210938,157.16000366210938,155.93630981445312,19567900.0
2022-08-31,167.07000732421875,167.83999633789062,162.13999938964844,162.92999267578125,161.66134643554688,40953000.0
2022-09-01,163.5800018310547,167.36000061035156,160.35000610351562,165.36000061035156,164.07244873046875,30145700.0
2022-09-02,167.4499969482422,167.92999267578125,159.22000122070312,160.32000732421875,159.0717010498047,22634200.0
2022-09-06,160.10000610351562,161.69000244140625,157.69000244140625,158.5399932861328,157.30555725097656,19339800.0
2022-09-07,157.75999450683594,160.9600067138672,156.80999755859375,160.38999938964844,159.14114379882812,16831200.0
2022-09-08,158.7100067138672,162.22999572753906,157.74000549316406,162.05999755859375,160.79812622070312,22530800.0
2022-09-09,163.25,169.5399932861328,163.02000427246094,169.14999389648438,167.83294677734375,22086800.0
2022-09-12,167.38999938964844,171.38999938964844,167.27999877929688,168.9600067138672,167.64442443847656,23220400.0
2022-09-13,161.5399932861328,161.6300048828125,152.6699981689453,153.1300048828125,151.93768310546875,44444100.0
2022-09-14,153.3300018310547,153.5399932861328,149.0500030517578,151.47000122070312,150.2906036376953,43064200.0
2022-09-15,149.8000030517578,154.1999969482422,148.6999969482422,149.5500030517578,148.38555908203125,34606300.0
2022-09-16,148.0500030517578,148.5800018310547,144.2899932861328,146.2899932861328,145.15093994140625,40122800.0
2022-09-19,145.24000549316406,148.5800018310547,145.10000610351562,148.02000427246094,146.86746215820312,22169500.0
2022-09-20,145.77999877929688,148.83999633789062,145.22000122070312,146.08999633789062,144.95249938964844,23217400.0
2022-09-21,146.38999938964844,149.60000610351562,142.0,142.1199951171875,141.01339721679688,38338600.0
2022-09-22,141.5500030517578,144.5800018310547,140.8699951171875,142.82000732421875,141.7079620361328,34418500.0
2022-09-23,141.4199981689453,142.6199951171875,138.88999938964844,140.41000366210938,139.31671142578125,31710700.0
2022-09-26,140.1199951171875,142.24000549316406,136.19000244140625,136.3699951171875,135.3081817626953,30497000.0
2022-09-27,137.9199981689453,139.4199981689453,134.1199951171875,134.39999389648438,133.35348510742188,30826500.0
2022-09-28,134.6199951171875,142.02999877929688,134.27000427246094,141.61000061035156,140.5073699951172,32658500.0
2022-09-29,139.36000061035156,139.83999633789062,135.1999969482422,136.41000366210938,135.34788513183594,38985400.0
2022-09-30,136.0500030517578,140.99000549316406,135.5,135.67999267578125,134.62351989746094,33166400.0
2022-10-03,137.13999938964844,139.6199951171875,136.10000610351562,138.61000061035156,137.53073120117188,27723100.0
2022-10-04,140.49000549316406,142.38999938964844,139.33999633789062,140.27999877929688,139.18771362304688,34670700.0
2022-10-05,138.24000549316406,140.2100067138672,134.77999877929688,138.97999572753906,137.8978271484375,27979300.0
2022-10-06,137.72000122070312,141.4499969482422,136.60000610351562,139.07000732421875,137.98716735839844,36231100.0
2022-10-07,136.75999450683594,138.2899932861328,132.44000244140625,133.4499969482422,132.410888671875,33214800.0
2022-10-10,133.5500030517578,136.11000061035156,131.8699951171875,133.7899932861328,132.74826049804688,24024000.0
2022-10-11,131.6199951171875,132.66000366210938,126.98999786376952,128.5399932861328,127.53913116455078,38481400.0
2022-10-12,128.32000732421875,129.6699981689453,126.25,127.5,126.50724029541016,34605200.0
2022-10-13,123.52999877929688,131.13999938964844,122.52999877929688,130.2899932861328,129.27549743652344,34325700.0
2022-10-14,131.0,131.7899932861328,126.5199966430664,126.76000213623048,125.77300262451172,23559400.0
2022-10-17,130.3000030517578,134.7899932861328,130.17999267578125,134.0399932861328,132.9962921142578,29612200.0
2022-10-18,137.08999633789062,137.83999633789062,131.39999389648438,132.8000030517578,131.76596069335938,25445000.0
2022-10-19,132.88999938964844,137.0,132.22000122070312,133.22999572753906,132.19259643554688,30691000.0
2022-10-20,132.92999267578125,136.77000427246094,131.30999755859375,131.52999877929688,130.50582885742188,26356300.0
2022-10-21,126.30999755859376,130.1199951171875,125.44000244140624,130.00999450683594,128.99769592285156,46348600.0
2022-10-24,127.25,133.47999572753906,124.56999969482422,129.72000122070312,128.7099609375,63563400.0
2022-10-25,130.8800048828125,138.35000610351562,130.58999633789062,137.50999450683594,136.4392852783203,38433200.0
2022-10-26,131.67999267578125,135.5500030517578,128.52999877929688,129.82000732421875,128.8092041015625,82791500.0
2022-10-27,97.9800033569336,102.5,96.37999725341795,97.94000244140624,97.17739868164062,232316600.0
2022-10-28,99.58000183105467,100.8499984741211,97.51000213623048,99.1999969482422,98.42759704589844,95928300.0
2022-10-31,98.22000122070312,99.31999969482422,92.5999984741211,93.16000366210938,92.43463134765624,121361400.0
2022-11-01,94.33000183105467,97.48999786376952,93.5500030517578,95.1999969482422,94.45874786376952,110189600.0
2022-11-02,94.20999908447266,95.1999969482422,90.4800033569336,90.54000091552734,89.83502960205078,71821100.0
2022-11-03,90.08000183105467,90.45999908447266,88.41000366210938,88.91000366210938,88.21771240234375,60664000.0
2022-11-04,90.3499984741211,91.38999938964844,88.08999633789062,90.79000091552734,90.08307647705078,55638100.0
2022-11-07,94.77999877929688,96.87999725341795,93.0999984741211,96.72000122070312,95.9668960571289,81987300.0
2022-11-08,95.91999816894533,97.8000030517578,94.79000091552734,96.47000122070312,95.71884155273438,52088300.0
2022-11-09,101.72000122070312,104.9000015258789,100.73999786376952,101.47000122070312,100.67992401123048,107677300.0
2022-11-10,107.12000274658205,112.75,104.61000061035156,111.87000274658205,110.99893951416016,80671000.0
2022-11-11,109.2300033569336,114.9000015258789,108.80999755859376,113.0199966430664,112.13997650146484,59961700.0
2022-11-14,110.98999786376952,116.2699966430664,110.8000030517578,114.22000122070312,113.33064270019533,53395000.0
2022-11-15,116.06999969482422,118.73999786376952,114.41000366210938,117.08000183105467,116.16837310791016,50670500.0
2022-11-16,114.5,116.08000183105467,112.66000366210938,113.2300033569336,112.34835052490234,33287800.0
2022-11-17,110.41000366210938,112.33000183105467,109.8000030517578,111.4499969482422,110.58220672607422,35093800.0
2022-11-18,113.8000030517578,114.31999969482422,110.62000274658205,112.0500030517578,111.17754364013672,33357700.0
2022-11-21,111.5199966430664,112.37000274658205,109.19000244140624,109.86000061035156,109.0045928955078,24351100.0
2022-11-22,109.86000061035156,111.62000274658205,108.31999969482422,111.44000244140624,110.5722885131836,29029000.0
2022-11-23,111.72000122070312,112.66999816894533,110.7300033569336,112.23999786376952,111.36605072021484,21343100.0
2022-11-25,111.3000030517578,112.7300033569336,111.0199966430664,111.41000366210938,110.54253387451172,12007600.0
2022-11-28,110.77999877929688,112.04000091552734,108.37999725341795,108.77999877929688,107.93299865722656,23309400.0
2022-11-29,109.54000091552734,110.94000244140624,108.54000091552734,109.45999908447266,108.60770416259766,23899200.0
2022-11-30,109.51000213623048,118.16000366210938,109.37999725341795,118.0999984741211,117.180419921875,43348600.0
2022-12-01,119.1999969482422,121.1999969482422,118.4000015258789,120.44000244140624,119.50221252441406,36551400.0
2022-12-02,117.83000183105467,124.04000091552734,117.61000061035156,123.48999786376952,122.52847290039062,39950500.0
2022-12-05,121.75,124.66999816894533,121.3499984741211,122.43000030517578,121.47672271728516,35474900.0
2022-12-06,119.91000366210938,120.5500030517578,113.73999786376952,114.12000274658205,113.2314224243164,43689200.0
2022-12-07,113.76000213623048,115.87999725341795,112.87999725341795,113.93000030517578,113.04290771484376,29461100.0
2022-12-08,116.38999938964844,117.33999633789062,114.58999633789062,115.33000183105467,114.4320068359375,30619400.0
2022-12-09,115.3000030517578,117.54000091552734,113.87000274658205,115.9000015258789,114.99756622314452,26033400.0
2022-12-12,115.18000030517578,115.72000122070312,113.13999938964844,114.70999908447266,113.81681823730467,24747100.0
2022-12-13,122.12999725341795,123.3000030517578,118.63999938964844,120.1500015258789,119.21446990966795,44701100.0
2022-12-14,119.38999938964844,124.13999938964844,119.38999938964844,121.58999633789062,120.64324188232422,36922000.0
2022-12-15,118.33000183105467,118.62999725341795,114.01000213623048,116.1500015258789,115.24560546875,34531000.0
2022-12-16,120.2300033569336,123.30999755859376,118.81999969482422,119.43000030517578,118.50006866455078,67064000.0
2022-12-19,116.83000183105467,117.8000030517578,114.33000183105467,114.4800033569336,113.58861541748048,29769900.0
2022-12-20,113.26000213623048,117.33000183105467,112.45999908447266,117.08999633789062,116.17829132080078,28742500.0
2022-12-21,116.6999969482422,120.33999633789062,115.62000274658205,119.76000213623048,118.8275146484375,20392800.0
2022-12-22,117.1999969482422,118.62000274658205,114.37999725341795,117.12000274658205,116.20806121826172,23618100.0
2022-12-23,116.02999877929688,118.18000030517578,115.54000091552734,118.04000091552734,117.1208953857422,17796600.0
2022-12-27,117.93000030517578,118.5999984741211,116.0500030517578,116.87999725341795,115.96993255615234,21392300.0
2022-12-28,116.25,118.1500015258789,115.51000213623048,115.62000274658205,114.7197494506836,19612500.0
2022-12-29,116.4000015258789,121.02999877929688,115.7699966430664,120.26000213623048,119.3236083984375,22366200.0
2022-12-30,118.16000366210938,120.41999816894533,117.73999786376952,120.33999633789062,119.40298461914062,19583800.0
2023-01-03,121.86368174801888,125.38604327854202,121.32788546177092,123.76873016357422,,35528500.0
2023-01-04,126.38816680776964,128.0451692882345,124.87008119697514,126.37825012207033,,32397100.0
2023-01-05,125.14790094273113,127.51929845470175,123.57028492333292,125.95159912109376,,25447100.0
2023-01-06,127.96580198249362,129.3152132188516,125.0586155413681,129.00762939453125,,27584500.0
2023-01-09,130.13872678869754,131.91478229886474,128.2733605568084,128.46188354492188,,26649100.0
2023-01-10,126.27902745216674,132.4009914039198,126.15996665938664,131.95449829101562,,28684400.0
2023-01-11,129.94030532233305,132.80780214441828,129.32512256861318,131.8552703857422,,25423000.0
2023-01-12,132.40099536982513,136.6079716671771,130.7340685210791,135.64553833007812,,30757700.0
2023-01-13,133.91907764338632,136.3202328612328,133.79008502400478,135.91342163085938,,22423800.0
2023-01-17,135.11965288431784,135.68522195416884,133.20468773197197,134.30604553222656,,21147600.0
2023-01-18,134.75250654136786,136.18129633514917,131.7659495001832,131.98423767089844,,20215500.0
2023-01-19,131.45839888195158,136.37977036748882,131.1111180301182,135.0898895263672,,28625200.0
2023-01-20,134.831906191301,138.85037431994746,133.56187398797255,138.28480529785156,,28688600.0
2023-01-23,138.20544319256794,142.64063975769045,137.58035884055695,142.1544647216797,,27470100.0
2023-01-24,140.5867600970698,143.87098498713812,140.25932776271534,142.0254669189453,,21970200.0
2023-01-25,140.12039005259123,142.05520332710776,139.2174721444914,140.39820861816406,,26622000.0
2023-01-26,143.2756175369354,146.36140200246518,142.18419181515765,146.15304565429688,,25482100.0
2023-01-27,147.08575448002523,151.99720893784095,146.24236683556117,150.55850219726562,,35771900.0
2023-01-30,148.24664030943237,149.9433171179442,145.80578814738973,145.91493225097656,,28040100.0
2023-01-31,146.79799650042315,148.71297658740454,146.37135192714462,147.81005859375,,29842100.0
2023-02-01,146.87737102434204,152.38415927092325,145.91492266683247,151.927734375,,55661000.0
2023-02-02,181.9521252231124,195.6248266993024,178.757196388301,187.30015563964844,,150475700.0
2023-02-03,182.04143493203435,195.23787916833177,181.46594921292,185.07760620117188,,76809700.0
2023-02-06,185.0776087109676,189.215137765212,184.075478386839,184.61126708984375,,42483800.0
2023-02-07,184.13499687970855,192.27114515851267,182.96417698960028,190.12796020507812,,47080700.0
2023-02-08,188.52059034038672,189.34412947288163,181.49571599932648,182.00173950195312,,36139100.0
2023-02-09,184.6807335265915,185.19667372941453,175.88971988644266,176.53465270996094,,37118800.0
2023-02-10,174.97687310448828,177.4970889680082,172.00023232679908,172.7939910888672,,33433600.0
2023-02-13,176.83229753191048,179.59064994977518,174.45099110237942,178.03286743164062,,31463200.0
2023-02-14,175.78056138196592,180.09668136890622,174.51052921137415,178.08248901367188,,24034600.0
2023-02-15,175.04633504206592,176.80255748917412,173.96482576796248,175.78057861328125,,25308900.0
2023-02-16,171.40490435914325,174.4807726641265,170.45237261399396,171.09732055664062,,25827500.0
2023-02-17,168.89459799541382,171.8315417346345,168.37864269096454,171.5338897705078,,24171300.0
2023-02-21,172.95275977485835,176.78270508862917,170.541687860479,170.74012756347656,,34592600.0
2023-02-22,169.7379685762772,171.41479665259644,168.36870911871492,169.78756713867188,,22433200.0
2023-02-23,170.66074231120285,172.33758574816875,168.06114747660433,170.70042419433594,,20017800.0
2023-02-24,167.3269194643697,169.39072579815928,166.35455426767354,169.06329345703125,,19791300.0
2023-02-27,170.54168584068796,171.77202106868893,167.74363609963024,168.2198944091797,,19277000.0
2023-02-28,170.5615125066298,176.16752845436773,170.53174730970196,173.57785034179688,,46051100.0
2023-03-01,173.23057502664264,176.46520116867393,171.70257268922543,172.06968688964844,,30998400.0
2023-03-02,171.0377826149936,173.64729404817407,170.09516759732804,173.17103576660156,,17352000.0
2023-03-03,177.52684270021945,185.16688384157925,175.6714082467401,183.80755615234375,,45877700.0
2023-03-06,186.5361649817629,188.183243263601,183.20232653393649,183.46029663085935,,33209400.0
2023-03-07,187.5283784457669,188.87778960526148,182.5772269189493,183.0733337402344,,36701500.0
2023-03-08,181.44608489358308,183.81747464438317,179.92799939127048,183.5297393798828,,19432400.0
2023-03-09,184.89901827847535,187.45891615214956,178.89612271521787,180.2752990722656,,26582800.0
2023-03-10,179.60059470599492,183.3313278726715,177.40781092790243,178.11227416992188,,25665000.0
2023-03-13,176.5743594721353,182.3490354235612,173.45880901106162,179.491455078125,,24728000.0
2023-03-14,186.119449159545,192.80697500171783,185.10738693821187,192.50930786132812,,41642600.0
2023-03-15,191.44760738004953,196.24000079192777,189.35403611904243,196.21023559570312,,42123600.0
2023-03-16,196.71627212123457,204.1578744706101,194.563170324946,203.33433532714844,,50447100.0
2023-03-17,198.99836863693588,200.3279313037972,193.90830773144071,194.0869140625,,50141100.0
2023-03-20,196.9345413943134,197.8076941641237,192.13223144031136,196.2697601318359,,25186300.0
2023-03-21,201.61781781226705,201.9650986580919,196.4086959647701,200.58592224121097,,31827000.0
2023-03-22,200.9232686264753,205.75534436543967,198.1153021172683,198.25421142578125,,28477800.0
2023-03-23,201.26061724106796,206.2613826175449,200.5759873861949,202.6894073486328,,27389700.0
2023-03-24,203.58240561249892,205.9637276456596,201.9651075297055,204.40594482421875,,27716400.0
2023-03-27,203.21528228672267,204.25710968337523,199.792148103418,201.2606201171875,,18527200.0
2023-03-28,198.59152917076673,199.46468190963645,196.3590487597739,199.11740112304688,,19127300.0
2023-03-29,201.9749972989551,204.1181823011788,200.962935191242,203.7510681152344,,18851100.0
2023-03-30,201.79640039190457,206.46971782081823,201.24076321598065,206.22166442871097,,22608300.0
2023-03-31,205.62637817550564,210.51798458103676,205.1600365127496,210.2897796630859,,25440300.0
2023-04-03,207.21387546311837,211.827677583878,206.57885939268849,211.41094970703125,,17924600.0
2023-04-04,211.72846502268536,214.5562799124581,210.885077384689,213.0481109619141,,21026400.0
2023-04-05,212.48253674679617,213.51444737094567,208.30532596205177,209.8333282470703,,19396600.0
2023-04-06,207.6206893922116,215.25081416311983,207.02535519459417,214.4173583984375,,26104400.0
2023-04-10,213.0381989750547,213.98079891244384,209.019730673576,213.077880859375,,16106100.0
2023-04-11,213.80218866814147,214.33799250651623,211.74831432764745,212.1848907470703,,16710100.0
2023-04-12,213.16716550452043,215.15159269813535,210.92476822612764,212.33370971679688,,18972200.0
2023-04-13,214.05024012163284,219.42803612820575,214.0105582384014,218.63427734375,,23310400.0
2023-04-14,216.1835194200745,220.38057900800283,215.8560870919412,219.76541137695312,,21591200.0
2023-04-17,218.0786199086563,219.25935651194632,215.4393432459834,217.15586853027344,,15481900.0
2023-04-18,218.19769611867787,218.7235681147785,214.52650883156815,216.19342041015625,,12281000.0
2023-04-19,211.80786023682177,215.63780573322012,211.2720563592022,214.02049255371097,,15898100.0
2023-04-20,211.81774575872953,215.06228832700887,211.11328261214717,211.41094970703125,,16475400.0
2023-04-21,208.57325062324549,211.74833146698396,207.94815114120425,211.2323760986328,,17717200.0
2023-04-24,212.01617181975791,212.2543085083601,209.06931167567848,211.1331024169922,,15750900.0
2023-04-25,209.17845655665695,209.61501777744775,205.51718633292248,205.9339141845703,,19198200.0
2023-04-26,210.84538412144423,212.44284857850465,207.25357583437997,207.76951599121097,,41992700.0
2023-04-27,238.02213009217323,239.8081176766573,234.9264283723866,236.70248413085935,,71196500.0
2023-04-28,237.1489940811513,238.55793573673895,233.9143828273357,238.4488067626953,,39554000.0
2023-05-01,236.76202234544343,242.10013676312872,234.61885231326875,241.28651428222656,,29143900.0
2023-05-02,241.2864907891393,243.01294786638385,237.1291286121732,237.3771820068359,,24350100.0
2023-05-03,237.60540621704425,239.86765214917628,230.93772921497737,235.1844024658203,,34463900.0
2023-05-04,234.22195246681608,236.34528907829275,231.11631888863627,231.7017364501953,,17889400.0
2023-05-05,230.43169483131584,232.85268332838044,228.0603049028967,230.9674835205078,,27000500.0
2023-05-08,229.61804279627216,233.7853364037228,228.4770033449382,231.45364379882812,,16400500.0
2023-05-09,229.6577704607354,234.043352831237,229.2807244414687,231.55288696289065,,16865600.0
2023-05-10,234.33108842458907,234.9065741400188,228.92352723267723,231.26515197753903,,19119000.0
2023-05-11,231.23538492451843,236.35521078761784,230.4912247167416,233.95404052734375,,20449000.0
2023-05-12,234.89666530723997,235.11495352176897,229.64784661240037,231.98947143554688,,16161400.0
2023-05-15,235.07527082306171,238.38926098744537,233.49765465462505,237.0001678466797,,20653200.0
2023-05-16,233.9540734044325,237.7741023971658,233.6861865927716,236.9604949951172,,18163800.0
2023-05-17,236.5933464897594,241.9413775633412,236.2857626745779,240.60189819335935,,21193100.0
2023-05-18,239.42114424198073,245.1660543132084,239.31200014059405,244.9279327392578,,22943300.0
2023-05-19,245.5431087203749,246.753610562604,241.51472379688204,243.72735595703125,,21733600.0
2023-05-22,243.49915972156407,251.5956268801899,243.21140927966368,246.38650512695312,,27738500.0
2023-05-23,244.88823369959792,249.65086195908967,244.72947589162,244.81878662109375,,17748100.0
2023-05-24,243.3701694042358,247.64660792831876,243.04273707413475,247.2695770263672,,17724300.0
2023-05-25,251.4269210658252,253.6296364767489,247.22986176229892,250.7224578857422,,22371400.0
2023-05-26,250.9606119796832,260.26758163108605,250.74233888741432,259.99969482421875,,25727200.0
2023-05-30,263.1846450145921,266.55816503984386,259.255487821885,260.47589111328125,,23816500.0
2023-05-31,257.9755335993669,262.93660155320083,256.43761464566063,262.6587829589844,,25473700.0
2023-06-01,263.82956065505147,271.86649597151376,263.8196591105298,270.4873046875,,25609500.0
2023-06-02,270.53693352991894,273.2059902375829,269.0089162785536,270.4873046875,,19416900.0
2023-06-05,268.1953160303984,273.42430092681104,267.46108767771483,269.27685546875,,20742900.0
2023-06-06,268.0366525332248,274.4165800492298,267.5901442077969,269.0090026855469,,19419000.0
2023-06-07,269.5546870369073,272.11458484922684,260.75372680643784,261.5475158691406,,26163600.0
2023-06-08,258.59073953708463,265.56600090360325,256.8642973226566,262.5198974609375,,20899400.0
2023-06-09,260.43622471709676,265.8636340720592,259.6622993556924,262.8869934082031,,16949800.0
2023-06-12,265.08969023653174,269.63401467681086,263.2639907769064,268.939453125,,15442500.0
2023-06-13,272.73964448722876,273.57310017151735,266.99471999629225,269.2073669433594,,16164000.0
2023-06-14,269.77290407726815,272.84874125896215,266.2306951267963,271.2215270996094,,19175100.0
2023-06-15,270.1797642281489,281.7787441952247,269.3066416531064,279.63555908203125,,25973500.0
2023-06-16,282.53284351172397,285.6087119553762,277.94882118522963,278.8120422363281,,43127700.0
2023-06-20,276.55971674793904,282.5824304857627,274.0692508402336,282.1160888671875,,20701600.0
2023-06-21,281.32235067713356,281.78869232986375,276.1925924971015,279.44708251953125,,20556200.0
2023-06-22,276.90697727173125,283.0388807556065,275.6270434409826,282.6618347167969,,17563100.0
2023-06-23,279.31808843197484,287.41455585917544,276.7780237818679,286.48187255859375,,51092000.0
2023-06-26,286.45208350341085,287.5335927129634,275.4385062924321,276.3017272949219,,24232700.0
2023-06-27,279.8141460043459,287.09698964762225,278.46471986414537,284.81488037109375,,26108300.0
2023-06-28,282.60229241746646,287.29544349247846,281.84820037160534,283.0686340332031,,16722100.0
2023-06-29,282.2847353573238,284.33862453027575,278.5044044169383,279.3378601074219,,15395700.0
2023-06-30,282.542767890268,286.7993426355483,282.20541888378625,284.7454833984375,,19694900.0
2023-07-03,284.46763593933775,287.1465943473465,282.6320348220263,283.79290771484375,,8629300.0
2023-07-05,285.41029444320327,295.798774174223,284.13033015864676,292.0779724121094,,33865500.0
2023-07-06,293.5861187368782,295.79873585225204,289.0417631500449,289.7164611816406,,47600500.0
2023-07-07,289.9049993761313,293.893717936311,286.4124179592206,288.2678527832031,,25586000.0
2023-07-10,293.2487503073784,295.8086786396994,284.8149337600443,291.81005859375,,37058300.0
2023-07-11,291.61160499769574,297.8427059212955,289.6271775662314,295.9674377441406,,27585900.0
2023-07-12,299.4004977875397,307.0405557419897,297.7633511630034,306.931396484375,,36677100.0
2023-07-13,311.17802190329286,313.7776166697492,307.8739639648475,310.96966552734375,,30281000.0
2023-07-14,309.36230405201036,312.4282406131699,304.9667745464392,306.46502685546875,,23054100.0
2023-07-17,305.1453506993027,309.2828640704902,302.3373695151594,308.20135498046875,,25323100.0
2023-07-18,308.45936631199953,311.75352270448207,305.2247403126379,309.6202392578125,,20731900.0
2023-07-19,310.59263096242654,316.1986319082592,308.1021650649504,313.5494384765625,,21763700.0
2023-07-20,311.0589442624439,313.08306835899816,299.86677676142403,300.1644287109375,,23836900.0
2023-07-21,302.19850020228625,303.081554551309,288.9326093562947,291.9687805175781,,42139300.0
2023-07-24,293.4769299160423,295.2033718464492,286.0551614764398,289.3393859863281,,24915700.0
2023-07-25,292.89154957975995,295.97731949491924,289.5874611705835,292.1771545410156,,19585600.0
2023-07-26,298.844834198046,299.42030479674065,289.62716083305537,296.2452392578125,,47256900.0
2023-07-27,322.5885180117678,322.81673806688707,307.4274936654851,309.2829284667969,,64229200.0
2023-07-28,314.41263608382906,323.66007368157807,311.80310958996205,322.9456787109375,,39220300.0
2023-07-31,321.16965734963014,323.12431956427827,315.1171476788954,316.1192932128906,,25799600.0
2023-08-01,315.0675078686695,321.6161235359721,312.2099279207589,320.1972351074219,,22817900.0
2023-08-02,315.5239108250941,315.9108886463333,308.2311351321081,311.8626403808594,,20461100.0
2023-08-03,307.516807733087,313.4899540322173,307.516807733087,310.7514343261719,,15180200.0
2023-08-04,312.5075601458942,315.9307088839671,307.7846444057712,308.3105163574219,,17612800.0
2023-08-07,310.79109564375017,314.60119246481474,308.04264442618995,314.09515380859375,,16236500.0
2023-08-08,311.9519945905932,315.4148411423422,307.69538915681676,310.2057189941406,,15183500.0
2023-08-09,310.44385008974183,311.1880104193689,300.49194715939456,302.83355712890625,,19955800.0
2023-08-10,305.54225702209254,309.90799078632176,301.5039404211993,303.359375,,14358900.0
2023-08-11,300.21410278081095,302.34735615356055,298.021288729232,299.2913513183594,,14046300.0
2023-08-14,298.63648342400137,303.8257415758813,295.9277291848271,303.805908203125,,15641900.0
2023-08-15,303.75631580203975,304.83782509841706,297.6938743664323,299.59893798828125,,11623600.0
2023-08-16,297.862520891398,298.735643383371,291.9886033311289,291.99853515625,,18547700.0
2023-08-17,290.7682215551062,293.7448627460336,282.7313145635703,282.8702087402344,,23950100.0
2023-08-18,276.857352138506,283.46549817008304,272.2435650787886,281.04449462890625,,35347900.0
2023-08-21,281.24291116932517,288.2380037966437,279.65536361221746,287.6426696777344,,20181500.0
2023-08-22,290.2720962228701,290.6193770623764,284.51726906518275,285.36065673828125,,12980200.0
2023-08-23,286.253587402413,295.08428126975525,285.43006354173065,291.9488830566406,,18287000.0
2023-08-24,296.1757836977918,297.12830035290386,284.4081439787186,284.51727294921875,,18360900.0
2023-08-25,283.90210752516674,286.1445201506835,273.8807432156826,283.2770080566406,,23701400.0
2023-08-28,285.7575264634264,289.180675611169,283.57464435762574,287.99993896484375,,14239300.0
2023-08-29,286.3330045979978,296.8207102483981,285.9361251901025,295.66973876953125,,20844500.0
2023-08-30,294.8561048281346,295.9673791248622,291.14520567590415,292.8022155761719,,17717000.0
2023-08-31,293.49676421952233,298.7555143501628,293.3578700641985,293.5860900878906,,17229900.0
2023-09-01,297.03894371355636,299.3904848088491,292.17710373308387,294.0722351074219,,12842300.0
2023-09-05,294.7072634122402,299.04326214464817,293.20904151317234,297.8128967285156,,14956000.0
2023-09-06,299.3607770852688,300.9383931826944,293.35789651003546,296.840576171875,,15418100.0
2023-09-07,295.67965546312854,304.6591765120229,289.9446620146728,296.3444519042969,,33748700.0
2023-09-08,296.8901875518962,302.87323501269304,294.46918367681815,295.570556640625,,17548000.0
2023-09-11,299.06317420320346,306.63377057265205,298.9341815604795,305.165283203125,,19489300.0
2023-09-12,303.94477776656885,306.2566524037513,297.8922990504119,299.3111572265625,,13480400.0
2023-09-13,300.00570342701496,304.78818046723666,298.97382303689284,302.6846923828125,,13210900.0
2023-09-14,304.3516116982113,310.4338863451406,302.65493479949475,309.2928466796875,,19343100.0
2023-09-15,309.18368185356906,309.5706597125895,296.42382881133364,297.9716796875,,28131100.0
2023-09-18,295.8681470090487,301.23602569617873,295.481169208335,300.1941833496094,,14234200.0
2023-09-19,300.1247810021013,303.78605161305194,297.47555736362534,302.6946105957031,,15924400.0
2023-09-20,302.67478484739934,305.6613578506982,297.0985485549638,297.3367004394531,,19379500.0
2023-09-21,293.39757244980257,297.92206402517564,290.98647039875095,293.4273376464844,,21319600.0
2023-09-22,296.9695394393899,303.00221551221176,295.947560570074,296.7512512207031,,25369600.0
2023-09-25,293.3380490350795,298.6067009327977,291.41315219064484,298.48760986328125,,18987000.0
2023-09-26,295.3423364379203,297.9617648857279,293.7051898730457,296.6322021484375,,19417200.0
2023-09-27,298.11058197811235,298.95393929645525,284.55694085285074,295.4216613769531,,36429800.0
2023-09-28,296.6122999183905,303.9447417846952,294.38975141438783,301.59320068359375,,22167100.0
2023-09-29,304.98662136210095,308.22124738927045,297.0290489070334,297.8724365234375,,25373700.0
2023-10-02,300.3826908782959,304.78812102917647,299.2813484805515,304.4309387207031,,16265600.0
2023-10-03,301.89089689380233,304.3813322519074,297.30687525176296,298.59674072265625,,17362300.0
2023-10-04,296.40401336651956,304.51038244443924,296.1757933117586,303.2006530761719,,16880500.0
2023-10-05,302.2580817648284,303.82576617835457,297.1680203445175,302.4168395996094,,19130000.0
2023-10-06,299.09287899662587,313.84709082731973,298.56700698401727,312.97393798828125,,21803900.0
2023-10-09,310.0667763769625,317.8357962026818,309.3920783387563,315.8811340332031,,22503700.0
2023-10-10,316.6352532636189,322.13212602478757,315.6827365233314,319.3340759277344,,19038000.0
2023-10-11,320.4949413299151,326.2795335962298,320.4354109332088,325.2674865722656,,22036300.0
2023-10-12,325.44608318054617,327.9663143762472,320.1774310246236,321.635986328125,,20530500.0
2023-10-13,321.0108805983314,322.5190344437851,309.93777264367094,312.2397155761719,,21341000.0
2023-10-16,316.15894806212225,319.3141799633307,313.0632162730603,318.6493835449219,,16536100.0
2023-10-17,315.7024830350031,321.8740521941541,314.8293303133299,321.4771728515625,,16387800.0
2023-10-18,318.8875816026241,323.4021419109411,313.10295866554907,314.5019836425781,,16851000.0
2023-10-19,317.3892547080628,319.3836135042663,309.3225542230666,310.3742980957031,,18709200.0
2023-10-20,311.6940391657698,312.84498045908896,304.0837464482957,306.24676513671875,,22312300.0
2023-10-23,307.09010941272055,314.88889377974385,304.86756063676694,311.56500244140625,,17796800.0
2023-10-24,314.31340722600686,315.87118976703397,308.21129994817363,310.1163330078125,,19525500.0
2023-10-25,307.5862320515774,308.4593849099364,296.5131240641257,297.19775390625,,42192500.0
2023-10-26,292.70294929869897,292.70294929869897,277.22441439843885,286.104736328125,,66684100.0
2023-10-27,292.18707503953055,296.9794534570117,290.6888227974808,294.4195556640625,,29596300.0
2023-10-30,296.7611955420491,306.9909164922188,296.7214985151733,300.30340576171875,,28435100.0
2023-10-31,300.94834937710914,301.31546361894567,294.548558592787,298.9242248535156,,19434200.0
2023-11-01,299.4996780690973,310.3048683139882,299.4996780690973,309.42181396484375,,20434600.0
2023-11-02,314.82935845841877,316.3375424870294,305.92920138835984,308.4494323730469,,21631800.0
2023-11-03,310.1163953056302,313.0930365542395,308.59830948003787,312.15045166015625,,16764300.0
2023-11-06,313.5196553912785,315.8513330615882,312.0015698372686,313.3410339355469,,12887700.0
2023-11-07,314.59130996169756,318.50063481768234,312.6664127369756,316.3376159667969,,14055600.0
2023-11-08,315.66285499199586,318.8279885761275,312.4282289074521,317.2900695800781,,13609700.0
2023-11-09,316.9329011458724,321.6558175852299,316.3177032404489,318.0540771484375,,16103100.0
2023-11-10,317.4488494738817,326.53753048133314,316.9725760032875,326.2100830078125,,19096200.0
2023-11-13,323.6600612938685,329.74230471672405,323.1639545354659,326.62677001953125,,16908900.0
2023-11-14,331.9351380866725,335.46741599370006,330.7345378585308,333.69134521484375,,17179400.0
2023-11-15,335.29874106904697,335.7650826812692,327.45032770758064,330.119384765625,,14531200.0
2023-11-16,326.80544351950823,331.9748687660425,323.83873404642384,331.5879211425781,,18932600.0
2023-11-17,327.6884943120668,332.88768422104437,326.78557624437,332.4312744140625,,14494400.0
2023-11-20,332.2824138935604,339.2080451684162,331.5878522890542,337.3228454589844,,16960500.0
2023-11-21,335.6956348737611,337.2534175899777,333.28456294277595,334.3561706542969,,12027900.0
2023-11-22,336.56874798187744,340.2498820338723,335.94364860399327,338.83099365234375,,10702700.0
2023-11-24,337.4816661250414,339.1981765257003,334.1478121943514,335.5964660644531,,5467500.0
2023-11-27,333.56235933033327,337.2533951174812,331.59779579004794,332.0939025878906,,15684500.0
2023-11-28,330.8040537479839,336.73750279402384,330.8040537479839,336.35052490234375,,12637200.0
2023-11-29,337.04507424526616,337.2534306439208,328.2044465428384,329.6134033203125,,16024500.0
2023-11-30,329.305804972317,330.9032544248157,319.88967678227107,324.6026916503906,,23146400.0
2023-12-01,322.9457277162317,324.314957194441,318.26247781580844,322.2908630371094,,15276400.0
2023-12-04,314.8195046408047,318.3616846640582,311.21776393585293,317.5282287597656,,19037100.0
2023-12-05,316.4963364172633,319.3737500866392,312.9342928735929,315.81170654296875,,16952100.0
2023-12-06,319.4232769230243,319.74079250239515,314.5713687730627,314.9781799316406,,11294300.0
2023-12-07,315.29566690221316,325.6841432576897,315.29566690221316,324.0469970703125,,15905100.0
2023-12-08,320.5742711238423,330.57580062992184,320.4849755382466,330.1590576171875,,14087400.0
2023-12-11,326.83513788878696,327.3213431195111,317.5083365583756,322.7472229003906,,25802500.0
2023-12-12,322.07255485448627,331.86569867463805,322.0328578303436,331.6176452636719,,18485500.0
2023-12-13,331.32991527829347,335.73534655135336,330.0499814002796,332.13360595703125,,16353300.0
2023-12-14,331.2505341986713,332.0939218599385,326.08110954354635,330.5758361816406,,19607300.0
2023-12-15,329.40498594080213,336.02306402754414,328.64099236363404,332.31219482421875,,31776900.0
2023-12-18,334.85228604462384,344.85378668804714,334.3958459469585,341.9366760253906,,18993900.0
2023-12-19,342.8891779975481,350.8467508068738,342.4327681993937,347.6319580078125,,17729400.0
2023-12-20,345.9352034338863,352.1960677026737,345.0819144255656,346.560302734375,,16369900.0
2023-12-21,350.2315736784916,353.6348591200321,346.49090896056947,351.3329162597656,,15289600.0
2023-12-22,352.8113172583685,354.4187288106996,348.4852802675343,350.6383972167969,,11772800.0
2023-12-26,352.2258964816082,354.2004221377004,350.6979093378439,352.067138671875,,9898600.0
2023-12-27,353.2974869448079,356.20466538676425,352.5433949552393,355.04376220703125,,13207900.0
2023-12-28,356.89922781228415,359.0820794651083,355.0239296591303,355.52996826171875,,11798800.0
2023-12-29,356.1947207179197,357.1968660595051,349.08056675900855,351.2038879394531,,14987100.0
2024-01-02,348.58452264014767,350.4101922055912,337.36258817062776,343.59368896484375,,19042200.0
2024-01-03,342.29391101748917,345.2407870717122,340.50790809616456,341.7878723144531,,15451100.0
2024-01-04,341.81761082843025,345.43918468397345,340.72616973060616,344.4172058105469,,12099900.0
2024-01-05,344.28819338310336,350.7475137214206,343.56389682163444,349.2095947265625,,13920700.0
2024-01-08,351.93818263654276,356.18485571303864,349.3087923232341,355.8673400878906,,13890200.0
2024-01-09,353.62493279017207,357.8319391849978,352.5930221333329,354.64691162109375,,13463900.0
2024-01-10,357.3655998102049,370.0361570840026,356.28406029694395,367.58538818359375,,22117200.0
2024-01-11,369.2324630283158,369.8773958319146,360.10408551905675,366.7916259765625,,17205400.0
2024-01-12,367.27776437721,374.1240316871446,366.6625968326006,371.5740356445313,,19310000.0
2024-01-16,370.740589744383,372.685319838908,364.3705956613117,364.5987854003906,,15306900.0
2024-01-17,363.44784996748376,365.670429146602,355.8177245328264,365.5017395019531,,12724800.0
2024-01-18,368.59743859937487,373.91571950102383,368.06166503074314,373.2013244628906,,16354300.0
2024-01-19,376.0489923907014,381.3672432896038,375.0270134906533,380.46435546875,,21670800.0
2024-01-22,384.92934534950246,387.3106523487237,378.1922053524054,378.807373046875,,17680500.0
2024-01-23,381.6251827598736,385.3559155148058,379.1049517852149,382.20068359375,,15506100.0
2024-01-24,386.96330579643376,393.0654134087709,384.7903555799496,387.6578674316406,,15698500.0
2024-01-25,387.1319879715003,392.41054123350926,382.6570950113814,390.1185302734375,,15091100.0
2024-01-26,391.27943181312344,393.7004353737154,388.5409126393493,391.0710754394531,,13163700.0
2024-01-29,391.9144746495499,399.7926537489581,390.03920652616733,397.89752197265625,,18742400.0
2024-01-30,400.4475204468842,403.19594147380514,396.4588323045723,396.9450073242187,,18614700.0
2024-01-31,385.97109583241945,394.90101835810526,384.0858960218771,387.1022338867187,,20180800.0
2024-02-01,390.8726598643205,397.3815791884309,389.9895751539661,391.70611572265625,,29727100.0
2024-02-02,456.021412191709,482.1761501937465,449.4827276911995,471.29156494140625,,84707600.0
2024-02-05,466.2213016515371,468.2255620956706,455.64430171258823,455.8328247070313,,40832400.0
2024-02-06,460.387092444329,463.48279391079984,449.47274327000224,451.1793518066406,,21655200.0
2024-02-07,454.4338116753669,467.8485281410699,452.6279757242275,465.9335632324219,,23066000.0
2024-02-08,464.67351189027835,466.9258260140374,461.4091204468022,466.3404235839844,,18815100.0
2024-02-09,469.2674591333979,469.9024601255168,463.8301174160843,464.4651184082031,,18413100.0
2024-02-12,464.5445296788117,475.4191832366272,462.9470498932434,465.2489929199219,,19382000.0
2024-02-13,453.3126893582195,464.2469042199542,451.546550101273,456.5373840332031,,20916600.0
2024-02-14,464.2864998480657,470.4183725927847,462.4608304684062,469.5948486328125,,16858400.0
2024-02-15,471.5793000388415,484.8154264310746,468.5431287071876,480.26116943359375,,24212300.0
2024-02-16,474.3872642070569,475.2306518842868,465.556568581848,469.6345825195313,,23324600.0
2024-02-20,466.062559372818,472.4722505574725,462.9271608576115,468.0767517089844,,18015500.0
2024-02-21,463.3587826014267,465.8419486389478,458.68050627412106,464.87847900390625,,12921800.0
2024-02-22,477.0062442785985,486.6905916388559,472.8543980185372,482.8565979003906,,21625800.0
2024-02-23,484.76364134369345,491.0311497339842,479.1020412033738,480.7707214355469,,18374300.0
2024-02-26,480.21451660164433,482.8665512765611,477.3638468302636,478.49615478515625,,12101400.0
2024-02-27,476.74804543866367,483.9889360930162,476.68845187614863,483.7704162597656,,10809600.0
2024-02-28,481.73421522969807,487.7434649649456,479.4993657776015,480.76080322265625,,12715500.0
2024-02-29,485.1509978759403,488.38905573969606,479.360238325875,486.8296203613281,,17732000.0
2024-03-01,488.7963370812394,500.85460630743614,488.538108417028,498.917724609375,,16273600.0
2024-03-04,499.6129354983157,501.0233869437977,493.0772567569457,494.8353271484375,,12324100.0
2024-03-05,491.6668488599236,492.24293001218,484.60473958064495,486.9190368652344,,15325300.0
2024-03-06,494.2791810340301,499.583220160929,490.961674777674,492.7495422363281,,11757900.0
2024-03-07,499.8911121312514,516.3495133273082,498.0039120353607,508.7411193847656,,18586400.0
2024-03-08,510.7275953381572,520.0444379747561,495.9875272534192,502.5430908203125,,18597100.0
2024-03-11,493.6633271933071,493.9712373423791,472.7947911045604,480.3336791992187,,20428300.0
2024-03-12,489.9386285246612,498.92767795025486,481.4660667509396,496.3849182128906,,15448200.0
2024-03-13,492.0542210447472,497.6065761838304,487.723564090034,492.2330017089844,,12090700.0
2024-03-14,496.8914470652399,497.9741037778643,484.8729178506202,488.5181884765625,,12620000.0
2024-03-15,485.7172126645795,488.5182008794358,478.05910688483056,480.84027099609375,,29153600.0
2024-03-18,488.5976468076453,494.0705540169501,483.5319824334074,493.6335144042969,,11755300.0
2024-03-19,484.88286188860536,493.28588697301825,478.039241983051,492.89849853515625,,10903100.0
2024-03-20,496.1365447643778,504.7779741854075,491.835714780714,502.1159973144531,,11711100.0
2024-03-21,511.24415578806696,511.5718900411895,502.6027262330663,504.3409423828125,,9712500.0
2024-03-22,503.5860676514322,506.5360700886192,500.9439753750218,506.148681640625,,8120600.0
2024-03-25,502.38421028695126,503.80457393392254,496.871563696633,499.6328430175781,,8380600.0
2024-03-26,501.7286443250279,506.56584667768334,491.87542863664703,492.5508728027344,,11205400.0
2024-03-27,495.9378868634999,496.5239406969625,484.78352491807254,490.5345153808594,,9989700.0
2024-03-28,489.521395786928,489.5710772928442,481.8831749511718,482.3102722167969,,15212800.0
2024-04-01,483.9193631882776,494.0804582412932,478.5358463970125,488.0414123535156,,9247000.0
2024-04-02,481.83353672480007,494.1798308024733,481.38655471994537,494.0209045410156,,11081000.0
2024-04-03,495.5704114495978,503.8244530380208,495.3916307675297,503.3278198242187,,12099200.0
2024-04-04,512.9426409502,526.4312162585362,507.1419685443488,507.4797058105469,,26476300.0
2024-04-05,513.3795907460255,527.1264226237954,510.94607625503056,523.7890625,,19263300.0
2024-04-08,525.7159681793986,527.9110477017449,515.3959177184777,515.7534790039062,,13260600.0
2024-04-09,518.7135615949388,522.3290663211401,503.3278727144739,513.4194946289062,,10863800.0
2024-04-10,505.8606751200009,519.0413099030587,502.3941546225541,516.3297119140625,,11418500.0
2024-04-11,517.6010230992423,520.3325056145172,513.8067382940332,519.63720703125,,10369500.0
2024-04-12,514.26364759941,516.6872198942802,505.90033167824595,508.4530334472656,,11984500.0
2024-04-15,513.2405552726893,515.0384255513786,493.93148546628265,496.8616333007813,,13512900.0
2024-04-16,494.75592258091154,501.3710805844467,493.7626561595775,496.3948364257813,,9847900.0
2024-04-17,499.712298834283,499.7718923893726,483.85977662669706,490.8424377441406,,12193700.0
2024-04-18,496.4544030177161,508.76098785932845,495.67965646364473,498.4210510253906,,14808700.0
2024-04-19,499.4142847960301,499.4142847960301,472.52658902325265,477.83062744140625,,25215400.0
2024-04-22,486.4224254546389,488.69701401127566,470.2123104372898,478.4862365722656,,17271100.0
2024-04-23,487.94214263107534,495.4015833562038,485.67749634188175,492.7594909667969,,15079200.0
2024-04-24,504.6389278841395,506.56586713703933,481.317021755362,490.1769714355469,,37772700.0
2024-04-25,418.56245488313147,442.7683522003622,411.7089227857851,438.4079284667969,,82890700.0
2024-04-26,438.48735929530994,443.4338366860677,429.05132886461274,440.3050537109375,,32691400.0
2024-04-29,436.60018048581,436.7988458925218,425.67424998253733,429.7069091796875,,21502600.0
2024-04-30,428.147455924362,436.6597559754635,426.8264249918601,427.2734069824219,,18429500.0
2024-05-01,425.71391907338693,446.930071536921,424.2339317547179,436.2326049804687,,20344900.0
2024-05-02,435.88505944497143,440.97057898429546,429.36923374620153,438.7059326171875,,15221300.0
2024-05-03,442.9272916540199,451.1118276457246,440.8613108178751,448.9166870117187,,16489100.0
2024-05-06,452.5122844958483,463.0210597810658,450.2873775023874,462.5442810058594,,15094600.0
2024-05-07,463.1501848954651,468.3548909827228,458.2037074526032,465.0870361328125,,13406800.0
2024-05-08,460.37896403219986,472.3776084845462,459.8823308455416,469.4176940917969,,11683900.0
2024-05-09,466.8352023225762,472.8742486238149,464.4811658331385,472.2187194824219,,9437700.0
2024-05-10,473.87742999258705,474.2846728255521,466.4378748768234,472.9934387207031,,10750000.0
2024-05-13,469.56665421428306,470.1626200705199,459.73332367866385,464.8585815429687,,14668800.0
2024-05-14,460.2498499695703,469.3581162552764,456.9819950045203,468.6727600097656,,10478600.0
2024-05-15,471.78169064027946,479.25104313597546,468.02714482052664,478.2975158691406,,13100500.0
2024-05-16,471.8015582324169,474.4734473766368,469.5667087460528,470.0434875488281,,16608200.0
2024-05-17,467.6596161293241,469.61635219313234,465.265870726958,468.73236083984375,,10807300.0
2024-05-20,466.7855247891009,470.013640367692,463.8951161258971,465.6829833984375,,11745100.0
2024-05-21,463.97456625143184,467.53047671083374,459.1572184570371,461.5013427734375,,11742200.0
2024-05-22,464.7195478096552,470.5301623382244,462.51449517924743,464.6301574707031,,10078600.0
2024-05-23,469.6957511550213,471.1657658115652,458.4321154693875,462.6435546875,,11747900.0
2024-05-24,464.4712476081378,476.6189070760728,463.1601286330432,474.9998779296875,,12024300.0
2024-05-28,473.37090944104057,477.6220886169313,471.64263552507384,476.6884460449219,,10175800.0
2024-05-29,471.4638000883628,476.618854768797,470.5102728984341,471.1658020019531,,9226200.0
2024-05-30,468.4939760428169,468.5535696018269,461.5808200768087,463.9050598144531,,10719600.0
2024-05-31,462.66349074515693,465.9611425660609,451.3998530718608,463.6865539550781,,16919800.0
2024-06-03,467.68938886665507,476.370557560807,465.08703582474993,474.2747497558594,,11279400.0
2024-06-04,473.7880795710405,475.66536764367015,470.0434761018759,473.7781372070313,,7088700.0
2024-06-05,481.1878690647924,493.30569968478346,480.65149677774474,491.7264099121094,,15690500.0
2024-06-06,489.6604950970564,499.4342331212912,487.5845718978277,490.4352416992187,,10667300.0
2024-06-07,492.57074247783544,495.5505416682554,486.8694030600324,489.6405944824219,,9380700.0
2024-06-10,490.53449931508374,499.27526127994463,490.0875476500694,499.2156677246094,,11220900.0
2024-06-11,496.7921422872139,504.18204696656784,494.91485418085466,504.0529174804687,,9673700.0
2024-06-12,510.5289507862748,510.5488355125895,501.0730662457402,505.41363525390625,,11983200.0
2024-06-13,502.3047412736244,505.9301575612256,497.9840263831037,500.7055969238281,,9954600.0
2024-06-14,499.76102858798566,504.2351649770315,497.87195484771325,501.2623596191406,,10243300.0
2024-06-17,498.78668605391897,507.81448578396373,493.1592130256088,503.7181701660156,,11266600.0
2024-06-18,501.66010025060115,503.09182645286137,492.174921746173,496.6192321777344,,13060400.0
2024-06-20,499.1147919555252,500.7752071040244,493.9148400723255,498.8165283203125,,11801200.0
2024-06-21,500.55649337523585,500.55649337523585,489.5600618320149,491.9363098144531,,22359200.0
2024-06-24,496.33091377345426,504.88146192373665,491.44912982983715,496.0425720214844,,13525300.0
2024-06-25,494.1932043482864,507.77469745154934,492.65212507473245,507.6653442382813,,12063200.0
2024-06-26,503.7379923877244,510.85684349537223,501.77931386828664,510.1708068847656,,8882300.0
2024-06-27,511.29425310230135,519.8746554374045,510.9462890657122,516.57373046875,,10121200.0
2024-06-28,514.1777300033583,518.8805251412638,500.94420066099576,501.322021484375,,15855100.0
2024-07-01,502.0478255113692,503.6684316425156,490.335531960126,501.77935791015625,,10328200.0
2024-07-02,497.8818980210312,507.5659077862411,496.5794296566328,506.5716552734375,,7739500.0
2024-07-03,503.45965920114367,508.3414428657344,503.1116647399918,507.0290222167969,,6005600.0
2024-07-05,508.65968477780285,537.7614502342552,508.65968477780285,536.8069458007812,,21354100.0
2024-07-08,539.2329128015355,539.6902908773806,523.6231943865845,526.27783203125,,14917500.0
2024-07-09,530.6823659932838,534.3909090570122,525.1543235402414,526.9539184570312,,8753200.0
2024-07-10,527.7393944025683,535.7829258371156,525.3233675064212,531.6170043945312,,10983300.0
2024-07-11,527.8387522591509,532.3824937070442,505.44816535369097,509.7532958984375,,16458300.0
2024-07-12,494.89920175558495,505.1698181338821,491.3894911645417,496.0028076171875,,19750500.0
2024-07-15,495.7641239558454,503.7678443636743,490.5343461488176,493.3083190917969,,12539200.0
2024-07-16,498.61769595186473,501.0536270420419,482.9979955675087,486.9750061035156,,14075800.0
2024-07-17,476.4159983287152,476.4159983287152,456.4812168894572,459.334716796875,,28076600.0
2024-07-18,472.2699915145934,476.4856128872466,461.8701176709462,473.1151123046875,,19267200.0
2024-07-19,473.3238673312673,483.9126509383544,472.975872869739,474.0496826171875,,15149400.0
2024-07-22,483.78339946267863,489.23191443908513,481.11880987205853,484.59869384765625,,12023100.0
2024-07-23,487.024670998181,492.3737546328562,484.9168604229217,485.88128662109375,,9455500.0
2024-07-24,469.5953914420506,473.562449170336,457.93279880328066,458.6188354492187,,17649700.0
2024-07-25,460.5974713733936,460.88578278239254,440.10590941212183,450.8040771484375,,18240500.0
2024-07-26,461.5320586336811,467.0700224305545,456.7795325266989,463.0234375,,14222400.0
2024-07-29,467.1793714880281,471.2359083542564,462.34728854009927,463.0333251953125,,11339600.0
2024-07-30,464.315962513696,470.0130408141906,454.07517290776104,460.5278625488281,,11390400.0
2024-07-31,468.31279159678667,473.761306103278,464.0673444358971,472.1008911132813,,24285800.0
2024-08-01,518.0055653777843,524.1400864636705,489.2716734818862,494.8792419433594,,43083100.0
2024-08-02,486.1894847459628,498.2696468567978,473.4133337307261,485.3344421386719,,24044700.0
2024-08-05,448.7559059334732,480.7012460328518,448.2090488117456,472.9957885742187,,21396200.0
2024-08-06,476.2469766387254,499.6715645445627,475.8989821739981,491.250244140625,,20955000.0
2024-08-07,500.2382746300819,507.2179163887547,484.06176673048657,486.1099548339844,,20105300.0
2024-08-08,494.6406395475425,507.02901772261134,491.87661869501426,506.700927734375,,16156800.0
2024-08-09,504.7919205071636,515.3608596163658,502.7934936456136,514.7941284179688,,13696600.0
2024-08-12,513.8893622667638,515.0427292166193,506.1739830538234,512.984619140625,,9767400.0
2024-08-13,517.0212549519154,528.4452065274616,515.1719598564413,525.502197265625,,13743800.0
2024-08-14,525.0249990881922,530.9308616621455,520.1233412991648,523.7324829101562,,11444200.0
2024-08-15,528.73350167096,536.6676776843767,523.6727905580083,534.24169921875,,13482100.0
2024-08-16,528.842964640351,530.5927981833395,521.6445250806896,524.388671875,,14776700.0
2024-08-19,523.8417936399916,528.6042411215221,519.7554305554554,526.2379760742188,,9879700.0
2024-08-20,525.3133210272216,528.0376240435813,522.8575463080886,523.70263671875,,7944400.0
2024-08-21,524.1203156585808,536.2999107822917,523.901548516815,532.084228515625,,13423300.0
2024-08-22,533.9136093150988,541.1020356974973,525.551972227874,528.8727416992188,,15708300.0
2024-08-23,533.834047542885,536.7671046219766,522.0422271868836,524.96533203125,,11323900.0
2024-08-26,524.5676767533054,524.9654020892407,511.99041707220374,518.1249389648438,,9584000.0
2024-08-27,515.9972716734421,520.9983921237546,512.3483810803631,516.1165771484375,,6282700.0
2024-08-28,514.6946530207725,518.095040120393,509.5046843177006,513.809814453125,,9106100.0
2024-08-29,516.0667015705181,524.1698829904203,512.7160758016386,515.241455078125,,8317400.0
2024-08-30,518.3534689531028,520.5308841553244,512.2388530507853,518.313720703125,,9157500.0
2024-09-03,516.6534100228187,522.4697631708141,505.69672749483755,508.8186950683594,,12459100.0
2024-09-04,503.161382437288,513.6209384157157,501.17287738796614,509.79302978515625,,8335200.0
2024-09-05,508.77884065529906,518.6318856057995,508.21210950371375,513.8892822265625,,8640900.0
2024-09-06,518.88052782919,521.5650218623427,495.38633511921387,497.3947143554687,,14744500.0
2024-09-09,503.2509151946182,508.3911843036992,499.1943474697526,501.8887939453125,,11047800.0
2024-09-10,505.239420456012,511.2248103696218,497.1561417136968,501.8887939453125,,9899000.0
2024-09-11,504.0959706304443,510.17083885199577,492.7515459442201,508.88824462890625,,10782500.0
2024-09-12,514.07825463183,523.6827679826088,512.2587555239991,522.5791015625,,11970500.0
2024-09-13,517.3494883022121,524.5478683032711,514.1380107433177,521.6048583984375,,10321400.0
2024-09-16,522.0226572862116,531.5367754435251,514.91696903701,530.7207641601562,,9527600.0
2024-09-17,535.0201027147613,539.4985077957741,528.0238703630636,533.7462768554688,,11690800.0
2024-09-18,534.4926873694405,541.5884764077421,531.3379167409221,535.3684692382812,,10323500.0
2024-09-19,547.360625106574,559.3727101138928,543.8973445888765,556.4169311523438,,15647000.0
2024-09-20,557.3125698177632,561.790974396656,553.630313904446,558.6560668945312,,22066800.0
2024-09-23,566.7670778356434,571.2255597303479,559.7110746703224,561.7014770507812,,12830700.0
2024-09-24,563.9605473092387,565.0254197663409,551.5304953936857,560.6266479492188,,12993000.0
2024-09-25,561.3431364723867,574.1115828691105,561.0147031201811,565.5827026367188,,16543400.0
2024-09-26,572.967080344701,574.6291098304922,559.6512854533856,565.114990234375,,14400800.0
2024-09-27,567.3641092966835,568.1006091166316,561.8009692958777,564.6372680664062,,9398400.0
2024-09-30,564.975688534177,571.9221729211617,562.0895809864053,569.6929321289062,,12792300.0
2024-10-01,575.206254439428,580.2419690688359,567.3640657014531,573.7034912109375,,15259300.0
2024-10-02,572.1012461423841,573.2357898880107,566.6077777940206,570.0610961914062,,6524700.0
2024-10-03,567.4138356986169,580.5604011358083,566.0006066407063,579.9732666015625,,11581000.0
2024-10-04,580.9287120013399,593.9857454241755,578.6397616460487,593.0801391601562,,14169500.0
2024-10-07,595.3491999625717,600.0565426843976,581.2372550118221,581.9737548828125,,12014200.0
2024-10-08,586.8601441089934,590.7115675395601,583.1579643993507,590.0447998046875,,7857400.0
2024-10-09,591.1394274753203,591.53753216899,578.8188343358976,587.6761474609375,,9529700.0
2024-10-10,584.7503015704497,587.397509697218,579.7245483018079,581.0282592773438,,7740400.0
2024-10-11,582.023532257207,588.3729207448063,579.9137105818194,587.1189575195312,,8587100.0
2024-10-14,591.3684222975463,597.2202101574127,587.1289162492645,587.586669921875,,8252000.0
2024-10-15,587.3277674752023,587.7756200523332,577.3558952346164,583.4564819335938,,9564200.0
2024-10-16,578.6098955081545,579.2866249105597,571.275268873164,574.02197265625,,11268400.0
2024-10-17,580.5306884411078,582.1627721197076,572.4396984468079,574.161376953125,,8701200.0
2024-10-18,578.3112766994918,581.1674987096003,572.4893751474343,573.7034912109375,,7694300.0
2024-10-21,573.2657221535495,574.4698766165733,566.37888676671,572.3998413085938,,8171900.0
2024-10-22,571.5339961936412,580.7297050326658,569.3744268963089,579.2169799804688,,8544500.0
2024-10-23,577.1867042398765,582.192594507908,559.8005716422192,560.98486328125,,14248400.0
2024-10-24,564.4083928532417,566.1499947416787,558.8253293775932,565.0552978515625,,7184700.0
2024-10-25,571.1756917804064,578.5003564229931,568.9762757450173,570.4989624023438,,11337900.0
2024-10-28,579.2070359341649,580.948637846338,571.3648464645419,575.3854370117188,,10925100.0
2024-10-29,577.365987086118,590.8210656933186,572.6387814957556,590.4329833984375,,13019100.0
2024-10-30,598.0958371766848,598.3148129678752,586.5515306527154,588.9598999023438,,26864900.0
2024-10-31,582.1926485103984,587.0691582392678,560.3081858518195,564.8562622070312,,26838400.0
2024-11-01,564.886023984338,570.9169396034644,559.8602710921074,564.4381713867188,,15303200.0
2024-11-04,561.3929508469568,565.9609509043612,555.2127905097288,557.9893798828125,,12064600.0
2024-11-05,564.5775361837109,570.7278713037589,563.950554670974,569.6829223632812,,9775400.0
2024-11-06,560.0493909181008,570.2502016811582,552.5057499508582,569.3047485351562,,18305400.0
2024-11-07,574.1216675219575,591.9456953018074,572.4497366998719,588.860595703125,,14653700.0
2024-11-08,588.70123463837,590.2537459189086,581.7149642470737,586.5118408203125,,9415700.0
2024-11-11,583.5460928122134,584.1830360838699,573.7433864354757,580.3713989257812,,10209100.0
2024-11-12,585.7155461176076,596.7821758387003,577.5947330801081,582.013427734375,,16287700.0
2024-11-13,579.8140739533536,582.8295623160514,572.409775650482,577.2166137695312,,10757600.0
2024-11-14,574.2309923162492,577.972957894817,570.2601499390961,574.3901977539062,,11053700.0
2024-11-15,568.47872051752,569.8222783942981,548.8533847643662,551.4210205078125,,17712900.0
2024-11-18,554.3667253091998,557.2130462415905,547.4501271758751,551.7394409179688,,14327300.0
2024-11-19,549.2115926112795,558.7356731812587,547.957629670582,558.3973388671875,,9522400.0
2024-11-20,560.2284939812367,563.6320644076252,551.5404086524625,562.8060913085938,,9797300.0
2024-11-21,566.7868914718125,567.2645685130409,546.4150954692434,560.3877563476562,,11154700.0
2024-11-22,560.8455359497274,561.1242213982047,551.9285734744715,556.4567260742188,,9164000.0
2024-11-25,559.4025063006017,569.842216719163,553.7199469729902,562.3980712890625,,13599800.0
2024-11-26,563.2837432513497,574.7285542891422,562.4875946319524,570.7875366210938,,10356600.0
2024-11-27,572.131141178584,572.2206752566353,561.3928830685265,566.4684448242188,,7200200.0
2024-11-29,566.2693661906345,575.6839894711363,564.1794683979023,571.5638427734375,,7130500.0
2024-12-02,574.7286569743601,591.647076313865,572.8079260678282,589.985107421875,,12522400.0
2024-12-03,592.144556388366,611.2524264908596,588.4125528817166,610.705078125,,14907200.0
2024-12-04,610.0184005822902,614.8152764849832,602.1960748947224,610.83447265625,,14697000.0
2024-12-05,614.1186640967649,616.9251382698544,604.136768682784,606.0077514648438,,8081200.0
2024-12-06,607.1721685184903,626.7676806622193,605.609756240286,620.776611328125,,16935500.0
2024-12-09,620.9257943920775,623.3939341906389,603.260976543077,610.62548828125,,11426000.0
2024-12-10,614.5963977457716,622.5878918502519,609.7995210855536,616.3479614257812,,10938900.0
2024-12-11,620.37847939692,635.3363804725623,618.547343463704,629.643798828125,,10837200.0
2024-12-12,628.4694319605399,633.6046423977135,624.2000415346207,627.7628173828125,,7474700.0
2024-12-13,624.2100126233092,628.051535081657,613.9296288656519,617.3729858398438,,8453300.0
2024-12-16,627.4624746323816,628.6278428855253,616.1080674222911,621.7454223632812,,10885600.0
2024-12-17,623.6676857660912,629.842921517428,614.0761642573996,616.964599609375,,12897800.0
2024-12-18,618.5183130507961,624.8528821501137,593.9369484196685,594.803466796875,,17075500.0
2024-12-19,607.9508489044135,609.0763382002494,592.6223339457312,593.1900634765625,,14958100.0
2024-12-20,588.2199724400746,600.699869104885,577.6822346553289,582.9112548828125,,48989400.0
2024-12-23,587.2438414694396,598.6879766892466,583.907252912156,597.452880859375,,10205800.0
2024-12-24,600.3113609374378,605.5603202398497,596.8851663404314,605.3212890625,,4726100.0
2024-12-26,603.0603968908488,603.8771273499036,596.5465535400348,600.9389038085938,,6081400.0
2024-12-27,597.0145990738104,599.4448507288726,587.4430173370732,597.4130249023438,,8084200.0
2024-12-30,586.3971578659622,594.554430315314,583.2398432689357,588.877197265625,,7025900.0
2024-12-31,589.9032845791338,591.5964426773724,581.5168874699713,583.1702880859375,,6019500.0
2025-01-02,587.3634208812482,602.4927233305804,585.4710498488531,596.8453979492188,,12682300.0
2025-01-03,602.3432915147383,607.0643399858958,594.0266229827574,602.2138061523438,,11436800.0
2025-01-06,609.384995443752,628.4684006727375,603.1997902301983,627.6815795898438,,14560800.0
2025-01-07,629.1755858278557,629.5739508561447,605.7993460257709,615.4207763671875,,12071500.0
2025-01-08,610.9487626580363,613.976592361968,600.3811160103171,608.2794189453125,,10085800.0
2025-01-10,607.592146102567,627.3926430727213,594.952857137878,613.3988037109375,,19256600.0
2025-01-13,604.6739217603003,606.5364441234269,596.0585248079975,605.8990478515625,,10785000.0
2025-01-14,602.6519501500198,603.0702546714332,586.1979500070421,591.8751831054688,,13598000.0
2025-01-15,607.7715703651344,619.9726183140101,604.0763739586232,614.6539306640625,,15524300.0
2025-01-16,609.0563296194044,613.7873477153851,607.2735046849263,608.8571166992188,,8355300.0
2025-01-17,621.5562428618572,622.4725494595965,601.2576778233948,610.3213500976562,,17280600.0
2025-01-21,615.3610413311562,619.0163582351468,606.5762805693779,613.9965209960938,,11674000.0
2025-01-22,620.8092099161343,631.1676746458771,616.9546797410454,621.0084228515625,,12274000.0
2025-01-23,624.8529151272735,634.0559803027825,618.6677705767347,633.9066162109375,,9910200.0
2025-01-24,633.8568781379164,649.3945139716581,631.6656574969397,644.9025268554688,,19065300.0
2025-01-27,624.1059156551349,661.2170263231972,622.601940216737,657.2429809570312,,28399200.0
2025-01-28,663.338645861873,679.8524087518784,656.83471073991,671.6353759765625,,20950100.0
2025-01-29,672.3025242132258,678.3283346794067,663.0097923014414,673.7865600585938,,21377800.0
2025-01-30,694.0354036840853,707.9495481611209,673.3981724899843,684.254638671875,,29322900.0
2025-01-31,688.2386987585822,702.4815424501834,682.8403746118678,686.4259643554688,,19303900.0
2025-02-03,673.2088612929582,701.1866331034283,672.551525572571,694.6727905273438,,21415700.0
2025-02-04,699.6926666804768,704.8818683424153,688.846170752285,701.3759155273438,,13826300.0
2025-02-05,700.7384902909668,715.270213081664,696.2166547369433,702.05322265625,,17778200.0
2025-02-06,703.0591459116995,716.0271344480996,700.6886520762018,709.1447143554688,,13080700.0
2025-02-07,713.9354687323457,722.1126813232647,708.9056620031818,711.6646118164062,,16427100.0
2025-02-10,715.688479736199,718.317944327383,708.4873917995161,714.5331420898438,,12904300.0
2025-02-11,710.4694377796111,720.7680830266086,707.2025161364162,716.9235229492188,,12998000.0
2025-02-12,712.4415265910553,724.1943596127884,709.7523040950127,722.4812622070312,,12016500.0
2025-02-13,718.6367143797072,726.0868036941785,715.170579657767,725.6485595703125,,12569100.0
2025-02-14,723.2381862179419,737.9491204423847,722.7202448085826,733.72607421875,,16901200.0
2025-02-18,733.058823348987,734.0548271850589,703.6169523863489,713.5072631835938,,21938700.0
2025-02-19,701.2862180351365,704.1746532347755,692.6110642545813,700.9575805664062,,17535500.0
2025-02-20,694.493483863144,702.8100903787465,690.8680158326665,692.063232421875,,12587400.0
2025-02-21,693.79637977263,701.0572259638877,679.6331733954379,680.8184204101562,,15660400.0
2025-02-24,683.5375152106747,684.5235492434307,659.8027276987779,665.4600219726562,,15677000.0
2025-02-25,663.3086823740839,665.330599453422,639.2950431423949,654.87255859375,,20579700.0
2025-02-26,657.0139704281752,680.2806060030118,655.3705397430182,671.0078125,,14488700.0
2025-02-27,679.7228329637242,685.8980689317682,654.9422525540249,655.6095581054688,,12500000.0
2025-02-28,655.4103519906419,666.9540633677159,640.0320501051021,665.52978515625,,17534200.0
2025-03-03,670.9878686638693,678.5276251290609,648.2391746953033,652.4323120117188,,10843800.0
2025-03-04,642.9304346142569,647.1534810781478,621.1578057314852,637.4424438476562,,21495200.0
2025-03-05,638.4384682626843,656.8645394995948,635.1117886533837,653.8466186523438,,13770000.0
2025-03-06,645.4104577126469,647.9602249904791,621.6159125135576,625.420654296875,,13446500.0
2025-03-07,622.8709097782997,632.2532488274342,598.2098452417057,623.1597290039062,,21375700.0
2025-03-10,605.6400777825496,607.6719037832956,584.5247836759429,595.600341796875,,21999900.0
2025-03-11,592.6720550865267,612.4726156961103,590.9589577128245,603.2894897460938,,17401500.0
2025-03-12,627.3828744482781,630.7991604950519,606.9149458816227,617.0841674804688,,15747000.0
2025-03-13,617.771383307468,618.0203842680918,584.1662233882897,588.2797241210938,,16480300.0
2025-03-14,600.9252068633762,606.9663570960139,592.9301914090029,605.7102661132812,,12364500.0
2025-03-17,605.5707735579393,611.1931864721827,596.1401729971761,603.0187377929688,,15473900.0
2025-03-18,598.1837512328132,598.3831413748485,572.8727029614505,580.5487670898438,,20297700.0
2025-03-19,582.4629387558325,590.4779127315381,572.9825047893515,582.2435913085938,,20537500.0
2025-03-20,580.9475159470894,608.3021747925519,577.707624061599,584.1774291992188,,24336500.0
2025-03-21,581.6055148479699,595.6815960079244,579.1432258888485,594.3956298828125,,25015900.0
2025-03-24,613.0573552722462,620.6038191496141,610.2960116120224,616.92529296875,,15741300.0
2025-03-25,624.81079529283,631.9086473292332,619.2481319746062,624.3621826171875,,15312500.0
2025-03-26,622.9465455616044,624.8007461767364,604.7233689444203,609.0797729492188,,12609800.0
2025-03-27,600.1277194388429,612.3396207064936,598.2336042918504,600.7059326171875,,10436500.0
2025-03-28,598.4429920373162,599.8785159717515,572.1350521556752,574.9462890625,,17602800.0
2025-03-31,561.7475141060938,576.9002542510486,551.5792239532071,574.5675048828125,,21124700.0
2025-04-01,569.0646064376122,588.0752415879734,568.227192224496,584.1774291992188,,12836600.0
2025-04-02,573.121925548239,590.8167206530089,571.5767584264657,582.1138916015625,,13470800.0
2025-04-03,544.5211822460076,550.8414911032017,528.6507117752637,529.9666137695312,,34777500.0
2025-04-04,505.0443845169023,516.3889970810194,492.6630283031205,503.1602783203125,,38589800.0
2025-04-07,483.591294981514,537.6924987241373,480.4012351429563,514.6444091796875,,36606100.0
2025-04-08,541.5604660254379,545.7274587202911,501.29606629091035,508.8624877929687,,28034200.0
2025-04-09,507.68613102008703,586.06164400195,500.54839536763654,583.9482421875,,39216600.0
2025-04-10,573.7002672016247,579.4921961810471,533.6352521175596,544.591064453125,,28173500.0
2025-04-11,533.8445854574395,545.6976224228102,526.9461235413648,541.8795166015625,,17642300.0
2025-04-14,554.4402405149555,556.0353008675298,526.6370273527008,529.8270263671875,,14130900.0
2025-04-15,530.4551018896253,536.2669873917704,515.8905541802854,519.8980712890625,,15558700.0
2025-04-16,506.92850187672303,511.7733722747432,494.0885548667942,500.7477722167969,,18735100.0
2025-04-17,503.67864377215466,505.72225598652767,496.4611703190648,499.9203796386719,,14593500.0
2025-04-21,489.8019182716785,491.9651828161341,478.3077785405203,483.1526794433594,,16166000.0
2025-04-22,490.3402426542842,505.30357016721007,484.84736943102456,498.7240905761719,,17399400.0
2025-04-23,526.8862986388891,533.6751170758674,514.9136400551463,518.6519775390625,,18173900.0
2025-04-24,517.1166859465856,532.2395497601927,515.8905308220942,531.4918823242188,,13910000.0
2025-04-25,545.09942323875,548.1499041120835,534.5822462279478,545.5679931640625,,17098900.0
2025-04-28,553.9119485027396,556.7530605327843,538.9087668679174,548.0302734375,,15179000.0
2025-04-29,544.3019441443117,554.8390788259818,542.427786062415,552.7156982421875,,11835000.0
2025-04-30,536.7255930212515,547.392267199569,527.8532478040685,547.2926025390625,,29244000.0
2025-05-01,590.2385551967027,591.1058444923639,568.7256553511119,570.4303588867188,,31159000.0
2025-05-02,581.6454434907807,602.460510920923,576.5313930797772,595.1632690429688,,24739300.0
2025-05-05,589.3812373579714,601.3339987723356,586.2211133050413,597.40625,,13887700.0
2025-05-06,590.6872568767368,594.1763718529379,584.7557492481277,585.4834594726562,,10600700.0
2025-05-07,588.5239054125428,601.2043765510581,584.8453792561588,594.953857421875,,13139100.0
2025-05-08,604.4043633227255,609.3987915210697,594.7644549027136,596.150146484375,,14622800.0
2025-05-09,601.8424561465808,605.0823489402519,589.8698572714408,590.6473999023438,,10427300.0
2025-05-12,628.9577416253547,638.3983203620691,619.0985470240091,637.4412841796875,,21965100.0
2025-05-13,643.5323193603671,658.8644917290795,640.8307865245315,653.98974609375,,18570800.0
2025-05-14,659.1536090398383,660.6090293889421,652.2750442210183,657.309326171875,,12348200.0
2025-05-15,652.2451822041022,655.2657270968772,636.5939979037247,641.8775024414062,,14341800.0
2025-05-16,635.9759078924747,638.448175394899,624.2026405076157,638.3485107421875,,18519000.0
2025-05-19,626.2961199602966,641.0002469311114,625.8475073073743,638.438232421875,,9592400.0
2025-05-20,634.0320152877193,637.3615937967512,630.2936778074568,635.1185913085938,,6743500.0
2025-05-21,629.8250759728282,644.5989922480402,628.2101191307713,633.5235595703125,,11464600.0
2025-05-22,632.078027946325,641.2494271811771,628.7484497588706,634.5902099609375,,8228400.0
2025-05-23,622.0593214688579,630.4830536161486,620.7135443903518,625.1098022460938,,8454100.0
2025-05-27,633.4337833907804,641.0799727179783,630.7820830337338,640.3223266601562,,9508400.0
2025-05-28,640.6014366817531,648.8557144048555,640.5516043549418,641.5784301757812,,9042900.0
2025-05-29,649.6233948044612,651.288184072806,637.5111569296643,643.0438842773438,,8858800.0
2025-05-30,640.501786260345,647.3902689717587,630.8120452521741,645.4762573242188,,16241000.0
2025-06-02,642.3859148545713,671.166122188044,642.256314296396,668.8134765625,,15766300.0
2025-06-03,669.3617309927172,673.4788911194719,662.9617149147357,664.7760009765625,,11585000.0
2025-06-04,667.238360939457,686.857147039673,666.4906935079915,685.8104248046875,,14031900.0
2025-06-05,689.5088052796527,692.2203773049333,680.1280985848566,682.49072265625,,13083100.0
2025-06-06,694.0048506531133,700.6242144400436,689.7182360915449,695.5401000976562,,11728000.0
2025-06-09,696.2877682898165,702.9968181048444,691.7818062976731,691.9014282226562,,12773200.0
2025-06-10,699.1687320280228,701.0428899746662,689.4092014623567,700.2155151367188,,10850100.0
2025-06-11,701.5214452489874,706.6653705943312,689.8378634515371,691.981201171875,,9582500.0
2025-06-12,691.1438023170118,693.2173504861605,684.8634076906623,691.20361328125,,7322700.0
2025-06-13,685.810495147385,692.4099021517203,678.8920760381308,680.7462768554688,,9274400.0
2025-06-16,697.6914734952734,705.4931583928874,691.8851025594383,700.4749145507812,,13720300.0
2025-06-17,700.3551564610796,704.3158251974513,694.4290719322615,695.5963134765625,,10066100.0
2025-06-18,696.5441581244662,699.9462025997926,693.2718748228809,694.1398315429688,,10068300.0
2025-06-20,699.1081336202601,700.1756339033776,677.079850298128,680.751220703125,,22538600.0
2025-06-23,682.0881149489193,697.4121118139869,677.1596869463602,696.8933715820312,,11080100.0
2025-06-24,703.2384409706419,711.5189816994163,700.4649253469852,710.5313110351562,,13823200.0
2025-06-25,711.6486741856498,714.9010456370576,703.7272754411318,707.01953125,,9320400.0
2025-06-26,712.6862359929024,726.5137473228667,709.3839937767193,724.3887939453125,,13964800.0
2025-06-27,724.8177454897765,733.7068421056694,724.1592578043636,731.9110717773438,,18775700.0
2025-06-30,742.8055433362375,746.1477309842478,732.5296879143714,736.3607177734375,,15402100.0
2025-07-01,735.1535081071979,736.0214648412638,713.6938959127618,717.5348510742188,,13431200.0
2025-07-02,713.6539572494278,718.6122830220947,711.1298559583659,711.8980712890625,,9336700.0
2025-07-03,724.9075473573512,727.3219211703462,712.7461059372963,717.3253784179688,,8601700.0
2025-07-07,715.9186273791692,725.29662738586,711.8382444141125,716.6668701171875,,9457100.0
2025-07-08,719.8792998482032,721.2161260005597,713.1351294314046,718.9813842773438,,7770700.0
2025-07-09,721.0266226856489,735.8019810021477,721.0266226856489,731.0631103515625,,11418000.0
2025-07-10,729.8359096434607,734.0759515650559,717.9138972384281,725.5360107421875,,9913600.0
2025-07-11,720.807217385224,723.4609583411119,708.037219345619,715.8289184570312,,10873900.0
2025-07-14,715.9186065632238,726.2942632522581,714.8710789388857,719.2308349609375,,8939400.0
2025-07-15,722.2039420372861,722.7725529543028,708.1569141283312,708.7255859375,,11529500.0
2025-07-16,711.6985138171127,712.2970836136572,697.6315755690009,701.2630004882812,,13067600.0
2025-07-17,702.7395996705828,704.2460714207873,695.4766277838654,699.7665405273438,,11803300.0
2025-07-18,700.5447529444856,703.0588680042227,690.0294703606638,702.6298828125,,12779800.0
2025-07-21,705.1439122135475,715.3200251684316,704.1063709182977,711.2994384765625,,9404400.0
2025-07-22,714.5119099243975,714.9209224678821,699.7665114607927,703.1585693359375,,8921100.0
2025-07-23,704.7149523459423,712.9556086996904,703.2783238666914,711.9080810546875,,8771600.0
2025-07-24,715.3699724936158,721.9245865914077,712.3271306824367,713.125244140625,,10920800.0
2025-07-25,715.2401874661052,718.9614892126135,710.2319910963464,711.0101318359375,,8271700.0
2025-07-28,713.5243091595448,723.0419351595109,711.0101939967738,715.9486083984375,,8715700.0
2025-07-29,718.3130022321428,722.7724995594365,698.270047363426,698.35986328125,,13267000.0
2025-07-30,706.4309422136296,706.8399547738821,689.5805015781577,693.5811157226562,,27077300.0
2025-07-31,773.3836936232736,782.9113054874113,763.7163951695271,771.6278076171875,,38831100.0
2025-08-01,758.9476005405788,764.2052724882252,743.5637464392476,748.2527465820312,,19028700.0
2025-08-04,758.2193240496142,775.029820232538,756.6330226185955,774.5509643554688,,15801700.0
2025-08-05,774.6307577641016,781.2950989411861,761.212259491104,761.6712036132812,,11640300.0
2025-08-06,768.1958857027562,771.827371776558,758.6782598971715,770.1812133789062,,9733900.0
2025-08-07,771.6776357205837,773.1841074016191,757.7702959207965,760.0449829101562,,9019700.0
2025-08-08,760.9629170758883,768.0961893607639,756.8027042152274,767.49755859375,,7320800.0
2025-08-11,768.2757194135389,771.6478049440495,762.8783609453131,764.0755615234375,,7612000.0
2025-08-12,771.1888187456735,791.8103707559926,770.6201469797736,788.1489868164062,,14563100.0
2025-08-13,789.2963900548351,793.5962894533881,776.4066172801486,778.2523193359375,,8811800.0
2025-08-14,776.0573823379099,785.9641084064921,770.6999694623344,780.2974243164062,,8116200.0
2025-08-15,782.3127720209482,794.3843975355859,778.9905571139482,783.3901977539062,,13375400.0
2025-08-18,773.2739649293972,773.9922487170201,754.7873521125813,765.572021484375,,16513700.0
2025-08-19,765.3226078635242,765.3724785334582,747.604210382002,749.71923828125,,12286700.0
2025-08-20,745.8184665954027,748.4423094323544,729.2872824481717,745.9680786132812,,11898200.0
2025-08-21,742.965126847803,743.7532539146816,731.392269728463,737.3682250976562,,8876300.0
2025-08-22,737.4979443181139,755.1265868650723,732.6693186706706,753.021484375,,10612700.0
2025-08-25,753.0514312038815,757.1019160115399,748.3724176422635,751.5349731445312,,6861200.0
2025-08-26,749.0408739151204,753.1013452690629,746.187589469264,752.3331298828125,,7601800.0
2025-08-27,750.5373617239242,752.3830637406979,741.0995653139147,745.62890625,,8315400.0
2025-08-28,742.2567713506037,751.2855545763716,739.0642569298059,749.35009765625,,7468000.0
2025-08-29,743.5338383928589,745.3894657992533,733.6270507950396,736.96923828125,,9070500.0
2025-09-02,724.3388175548104,734.2755025264773,720.0389186102121,733.3875732421875,,9350900.0
2025-09-03,734.2755314397929,738.5155735710689,732.2702311831985,735.3230590820312,,7699300.0
2025-09-04,746.8161054490425,759.3765729399474,744.0725487076684,746.8959350585938,,11439100.0
2025-09-05,750.8565963566639,756.1741251448537,743.2844139282448,750.68701171875,,9663400.0
2025-09-08,754.2286352813065,764.71401930554,750.2579802053917,750.5372924804688,,13087800.0
2025-09-09,755.715159278882,764.5045146420852,751.6646744655906,763.9059448242188,,10999000.0
2025-09-10,763.3372922969834,763.9059640843684,749.2403942554,750.2180786132812,,12478300.0
2025-09-11,752.8818385469593,755.326049350588,746.6165236987539,749.140625,,7923300.0
2025-09-12,746.9756681630587,755.7949823874058,742.0173423532742,753.8196411132812,,8248600.0
2025-09-15,755.6951631721865,772.2563046936084,750.2280226983954,762.9082641601562,,10533800.0
2025-09-16,765.2028605665566,779.5291993784334,763.3072880544486,777.1747436523438,,11782500.0
2025-09-17,778.16248073438,781.4547366857648,764.5145401578408,773.9024658203125,,9400900.0
2025-09-18,778.9207035004806,786.9319184464317,771.5480036492609,778.421875,,10955000.0
2025-09-19,784.5773532506886,788.9470955167301,767.3877436699294,776.5562133789062,,23696800.0
2025-09-22,780.5445827585347,784.4181095052566,763.1935958899483,763.8824462890625,,11706900.0
2025-09-23,767.9655831903335,769.3133047218867,749.815945650324,754.1387329101562,,10872600.0
2025-09-24,756.2352564498105,759.8392144671293,751.2735837511626,759.3899536132812,,8828200.0
2025-09-25,752.1920046258563,755.5064686568031,743.3068402529434,747.6595458984375,,10591100.0
2025-09-26,748.7477432379202,750.6745134518627,736.1188402620083,742.5081787109375,,9696300.0
2025-09-29,747.4698158948381,749.5264347617783,737.9158487633198,742.1587524414062,,9246800.0
2025-09-30,741.0107248479524,741.7294934738761,725.087343094007,733.1538696289062,,16226800.0
2025-10-01,720.28530706911,720.6446913474787,709.0141800953496,716.1422729492188,,20419600.0
2025-10-02,721.3735522103992,726.5548890984803,716.9409630753169,725.8360595703125,,11415300.0
2025-10-03,728.4117628788885,729.7794705550638,708.9942257916973,709.3735961914062,,16154300.0
2025-10-06,704.0125981338592,715.6830826309072,689.3571155710283,714.465087890625,,21654700.0
2025-10-07,716.5216106896504,717.3003375901077,704.5716259627259,711.889404296875,,12062900.0
2025-10-08,712.2587946669486,718.4484549738279,706.6281969142439,716.6414794921875,,10790600.0
2025-10-09,717.0807271377935,732.2852783203125,711.2504512938121,732.2852783203125,,12717200.0
2025-10-10,729.6995938834806,734.0423674154782,703.333716456913,704.1223754882812,,16980100.0
2025-10-13,711.8194939498104,718.7379155876384,706.4584651360833,714.5050048828125,,9251800.0
2025-10-14,706.598254382022,714.3552394376962,698.1623510959027,707.466796875,,8829800.0
2025-10-15,715.8627565899488,722.6913629779451,708.3253746524584,716.3519287109375,,10246800.0
2025-10-16,716.3519343648386,724.2786798244232,702.7047754671785,710.881103515625,,9017000.0
2025-10-17,705.8994251244851,717.3402516818879,704.9410060739878,715.7229614257812,,12232400.0
2025-10-20,719.9858621042338,732.5448748734839,718.9775387090459,730.947509765625,,8900200.0
2025-10-21,734.7911237948646,737.2669635645257,727.5332426508437,732.0457153320312,,7647300.0
2025-10-22,732.6047674176828,739.3634223567747,722.8211423130082,732.1854248046875,,8734500.0
2025-10-23,733.4733185275871,741.170406509876,731.8759534115667,732.7744750976562,,9856000.0
2025-10-24,735.5598112729552,739.9724753796752,729.9292742962166,737.127197265625,,9151300.0
2025-10-27,748.4781384032651,754.4881061640369,746.7610395763271,749.5663452148438,,11321100.0
2025-10-28,751.3733793283152,757.1337649704751,744.2752651341964,750.1853637695312,,12193800.0
2025-10-29,753.4897913670577,757.8924011644837,741.2702382858599,750.4149169921875,,26818600.0
2025-10-30,668.0328178882455,679.8230975870755,649.08446528138,665.3572387695312,,88440100.0
2025-10-31,673.383812052831,673.7631824593219,644.4921293755289,647.2674560546875,,56953200.0
2025-11-03,654.90470367213,658.2291607688485,635.1177890022415,636.645263671875,,33003600.0
2025-11-04,626.9913515895119,640.6684891460408,624.9647727272926,626.2725830078125,,27356600.0
2025-11-05,631.2542465797685,641.1576663615418,625.4938610947797,634.88818359375,,20219900.0
2025-11-06,634.7882936522686,634.938067569805,616.9681222612256,617.9065551757812,,23628800.0
2025-11-07,615.4606203242017,621.0912176885568,600.1961723842201,620.6719360351562,,29946800.0
2025-11-10,630.0363359130761,633.9397808237388,617.077966360211,630.7052001953125,,19245000.0
2025-11-11,626.9514668906089,628.5088598168925,618.3558571038752,626.0330200195312,,13302200.0
2025-11-12,627.0812350986922,627.939784558569,606.7552442025384,607.9931640625,,24493300.0
2025-11-13,612.0463872625083,616.6187572691151,601.993193452889,608.8717041015625,,20973800.0
2025-11-14,600.7852061056304,612.6553687237855,594.2062431482154,608.4424438476562,,20724100.0
2025-11-17,608.0230519623859,610.6686515784111,594.4058732487083,601.0048217773438,,16501300.0
2025-11-18,590.612218909938,602.6520806612418,582.8053290854997,596.6920776367188,,25500600.0
2025-11-19,592.7286370493186,594.3359951431619,580.2794874440681,589.3343505859375,,24744700.0
2025-11-20,602.4923362369276,605.706930555967,582.375956312388,588.1663208007812,,20603000.0
2025-11-21,587.517412968027,597.1213460929463,580.88848479756,593.2578125,,21052600.0
2025-11-24,597.7203367937327,615.6703584886146,596.6321908004635,612.0264282226562,,23554900.0
2025-11-25,622.9580871825591,635.9862849922763,617.2675924687619,635.1576538085938,,25213000.0
2025-11-26,636.6252677780955,637.2941320349476,630.5753884422047,632.5520629882812,,15209500.0
2025-11-28,635.0179876534709,646.9679727244463,634.4389389877349,646.8681640625,,11033200.0
2025-12-01,638.4821234657416,644.242508725797,636.6951341862962,639.7999267578125,,13029900.0
2025-12-02,641.2675300698932,646.7882651016448,637.0046400682228,646.01953125,,11640900.0
2025-12-03,643.3340098224904,647.7665988470103,636.4854785031988,638.5320434570312,,11134300.0
2025-12-04,674.87134871331,674.9711573797597,658.9479666864565,660.425537109375,,29874600.0
2025-12-05,662.8913386215002,673.5634922785046,661.2840414153883,672.2955932617188,,21207900.0
2025-12-08,668.2224435191038,675.5801331063639,663.9595535520253,665.6866455078125,,13161000.0
2025-12-09,662.6617867420982,663.3705623262879,652.2492080192432,655.8631591796875,,12997100.0
2025-12-10,648.8648024836247,653.4171862971667,642.3257510862366,649.0444946289062,,16910900.0
2025-12-11,642.2158631242634,654.1858943512054,639.730030479328,651.6201782226562,,13056700.0
2025-12-12,648.7150654102267,709.8128965395189,637.543746077992,643.1543579101562,,14016900.0
2025-12-15,645.1476664750544,652.4414097008485,638.1536544261938,646.9561157226562,,15549100.0
2025-12-16,642.9495426008936,661.973233609148,642.6498114209788,656.587890625,,14309100.0
2025-12-17,655.0491556477624,660.664343241777,648.644665798819,648.9443969726562,,15598500.0
2025-12-18,656.4679564970005,669.9863502083882,655.8984367998282,663.881591796875,,20260300.0
2025-12-19,665.8499012351181,670.4260003995075,657.6169598101359,658.2064819335938,,49977100.0
2025-12-22,661.0840391473547,673.0038267300547,656.0883162216827,660.9341430664062,,15659400.0
2025-12-23,659.4853234816244,665.4302455294139,657.6868755551602,664.3711547851562,,8486800.0
2025-12-24,661.9632786179176,667.6084088263418,661.633543835896,666.9789428710938,,5627500.0
2025-12-26,667.4885344385556,668.3777877623371,660.7543096382171,662.7225952148438,,7133800.0
2025-12-29,657.4471149030659,659.6851889371151,653.8302165118,658.1265258789062,,8506500.0
2025-12-30,658.1265110341435,671.6449047754843,657.2772625792347,665.3803100585938,,9187500.0
2025-12-31,664.1813161961976,664.4311023248911,658.8758612620638,659.5253295898438,,7940400.0
2026-01-02,662.1630447721155,663.8216588672108,642.9495146869224,649.8535766601562,,13726500.0
2026-01-05,650.4531272549772,663.9715218041853,647.1959061445123,658.2264404296875,,12213700.0
2026-01-06,659.0057810200069,664.9507033148827,651.3423593634897,660.0548706054688,,11074400.0
2026-01-07,655.0791375151089,658.5861445899717,644.2583851266311,648.1350708007812,,12846300.0
2026-01-08,645.3274855180696,646.5464125947736,635.1761427603,645.50732421875,,11921700.0
2026-01-09,644.8878661181845,654.3897406244424,642.3000548798136,652.5013427734375,,11634900.0
2026-01-12,651.9718010113269,653.4105105723186,640.6814191818085,641.4207763671875,,14797200.0
2026-01-13,641.720599826752,641.720599826752,623.5660991574318,630.5501708984375,,18030400.0
2026-01-14,625.9640568168747,627.9124008742662,614.2940558608916,614.9934692382812,,15527900.0
2026-01-15,617.9508982377323,623.6360331340583,613.7045339245012,620.2689208984375,,13076100.0
2026-01-16,623.6460522405506,628.5418850412981,619.5495838845379,619.7194213867188,,17012500.0
2026-01-20,607.3600037753715,610.8770121629093,599.4867397151437,603.6032104492188,,15169600.0
2026-01-21,606.2209580964126,617.7411240978843,599.5666821865381,612.4356689453125,,14494700.0
2026-01-22,628.811597152667,660.0049216653568,626.0140046136898,647.0759887695312,,21394700.0
2026-01-23,644.2184496993522,665.9198400091174,643.8987161260534,658.1964721679688,,22797700.0
2026-01-26,664.5609947255355,674.7023359243682,660.7242529636108,671.7847900390625,,16327400.0
2026-01-27,674.0129574053085,676.2410302656567,664.0913982323968,672.394287109375,,13297400.0
2026-01-28,673.9229813666298,677.1002536346601,665.5301429727417,668.1578979492188,,25709600.0
2026-01-29,736.7991536844581,743.363540655783,711.9404325537852,737.6784057617188,,59852900.0
2026-01-30,726.8776752394725,731.5436633097714,712.9796010924755,715.8870849609375,,23744600.0
2026-02-02,713.9886602426056,720.6829408229889,702.9181827036907,705.8056640625,,14365200.0
2026-02-03,706.7648539132639,716.3866205151361,685.8227628297016,691.1082763671875,,13760700.0
2026-02-04,687.1416843315144,688.2407799622291,666.8890651090074,668.417724609375,,16882800.0
2026-02-05,663.0123852284637,680.9170392363125,652.9409906690098,669.63671875,,17131800.0
2026-02-06,664.920685797671,671.4151252649915,645.9469408650316,660.8941650390625,,18159300.0
2026-02-09,662.6126578425271,682.7254419812133,658.2164585284562,676.640625,,14837500.0
2026-02-10,677.0202983345941,680.0677378888336,669.216982119095,670.1461791992188,,10455800.0
2026-02-11,673.4234361526849,678.6889475196376,656.5378686274887,668.1179809570312,,14323800.0
2026-02-12,669.3968787035581,675.421749916193,644.7280570616384,649.254150390625,,14960100.0
2026-02-13,644.5481137374378,650.872715705495,634.0271535178357,639.2227172851562,,12336400.0
2026-02-17,638.952945338547,642.0502690775812,628.2620863630333,638.7431030273438,,12674700.0
2026-02-18,633.2578140286595,644.4482453696517,627.6126838179015,642.6697387695312,,14649200.0
2026-02-19,638.0237449576674,646.6363661317032,636.1752909436037,644.2284545898438,,10035700.0
2026-02-20,639.1428111159805,662.7825455010891,638.2336163631846,655.09912109375,,14183500.0
2026-02-23,651.9817939677475,657.1374142434245,635.455964272141,636.7048950195312,,8605900.0
2026-02-24,632.5384628258726,640.5615620292823,628.4419334902003,638.7531127929688,,10135600.0
2026-02-25,641.9803720795121,653.3206382422114,641.5906910720822,653.1307983398438,,11330700.0
2026-02-26,649.9935020296807,660.4345752110744,646.9461232211356,656.447998046875,,10637700.0
2026-02-27,642.8995542116262,648.8844201349368,637.5740968396581,647.62548828125,,15703000.0
2026-03-02,636.6149203669017,659.3754626922687,633.9572226725116,653.0009155273438,,9816100.0
2026-03-03,647.7354225434952,658.4762268569145,638.293554979916,654.5196533203125,,12263800.0
2026-03-04,657.397151925757,672.1944798634893,657.1073609851721,667.1587524414062,,10810100.0
2026-03-05,661.363765843265,670.1262833419206,649.7537106790966,660.0049438476562,,13341400.0
2026-03-06,647.3457881163396,648.9143914185428,635.5658346648192,644.308349609375,,13159400.0
2026-03-09,634.2369839533108,647.195859029807,626.2438278402449,646.836181640625,,13489700.0
2026-03-10,653.0009245574777,659.7351492208539,648.444827744844,653.510498046875,,9859300.0
2026-03-11,654.1999146227295,658.5561703533895,647.8053649208291,654.2998046875,,8977200.0
2026-03-12,648.1950599902964,652.9409968457168,636.355220859953,637.6340942382812,,11617500.0
2026-03-13,623.3562813254467,628.6317326131165,609.0285222575777,613.1849975585938,,18957600.0
2026-03-16,632.0,634.75,623.0999755859375,627.4500122070312,,15134900.0
2026-03-17,627.989990234375,636.5499877929688,621.7000122070312,622.6599731445312,,10348800.0
2026-03-18,616.3400268554688,622.6500244140625,614.6099853515625,615.6799926757812,,11726300.0
2026-03-19,612.1500244140625,613.0,602.260009765625,606.7000122070312,,13247700.0
2026-03-20,603.530029296875,603.9600219726562,587.25,593.6599731445312,,21214900.0
2026-03-23,605.7899780273438,608.6400146484375,599.010009765625,604.0599975585938,,13638000.0
2026-03-24,599.0999755859375,601.0,591.0,592.9199829101562,,10739700.0
2026-03-25,598.739990234375,603.6699829101562,593.4000244140625,594.8900146484375,,12585000.0
2026-03-26,582.489990234375,583.0,543.3499755859375,547.5399780273438,,35780100.0
2026-03-27,540.0999755859375,543.5999755859375,520.260009765625,525.719970703125,,30133000.0
2026-03-30,536.3800048828125,539.5499877929688,528.5399780273438,536.3800048828125,,22795200.0
2026-03-31,549.97998046875,573.6900024414062,546.77001953125,572.1300048828125,,32898300.0
2026-04-01,580.1300048828125,592.5499877929688,573.8200073242188,579.22998046875,,23608100.0
2026-04-02,566.0399780273438,578.5,559.7000122070312,574.4600219726562,,13518500.0
2026-04-06,577.6900024414062,582.7899780273438,572.0,573.02001953125,,9515700.0
2026-04-07,572.47998046875,575.22998046875,564.760009765625,575.0499877929688,,9580800.0
2026-04-08,606.0,629.9500122070312,591.8300170898438,612.4199829101562,,32036600.0
2026-04-09,626.969970703125,637.5,623.0,628.3900146484375,,19012900.0
2026-04-10,634.469970703125,638.5800170898438,624.3300170898438,629.8599853515625,,13294800.0
2026-04-13,629.5,635.0,624.4000244140625,634.530029296875,,9538900.0
2026-04-14,643.219970703125,666.260009765625,639.3699951171875,662.489990234375,,17818000.0
2026-04-15,667.0,678.5,664.219970703125,671.5800170898438,,14952600.0
2026-04-16,675.989990234375,677.5800170898438,667.75,676.8699951171875,,9544800.0
2026-04-17,678.5999755859375,691.52001953125,675.1300048828125,688.5499877929688,,16283500.0
2026-04-20,681.3599853515625,683.3800048828125,668.0,670.9099731445312,,12534000.0
2026-04-21,671.0,676.2000122070312,667.3300170898438,668.8400268554688,,8660100.0
2026-04-22,674.3599853515625,678.3800048828125,669.75,674.719970703125,,9215600.0
2026-04-23,663.7000122070312,669.5599975585938,653.0499877929688,659.1500244140625,,11667000.0
2026-04-24,660.3200073242188,680.6699829101562,653.8400268554688,675.030029296875,,13348300.0
2026-04-27,671.0,682.5,670.8400268554688,678.6199951171875,,12805200.0
2026-04-28,674.239990234375,678.1799926757812,665.6300048828125,671.3400268554688,,10606800.0
2026-04-29,668.9099731445312,674.25,663.8099975585938,669.1199951171875,,18947500.0
2026-04-30,619.3200073242188,620.8499755859375,600.0,611.9099731445312,,52765000.0
2026-05-01,614.6900024414062,618.8800048828125,606.1099853515625,608.75,,21404000.0
2026-05-04,607.9400024414062,614.0,602.75,610.4099731445312,,16203900.0
2026-05-05,613.3099975585938,614.3499755859375,600.3599853515625,604.9600219726562,,17171300.0
2026-05-06,601.0499877929688,619.9500122070312,598.0999755859375,612.8800048828125,,19915500.0
2026-05-07,614.719970703125,624.97998046875,613.5399780273438,616.8099975585938,,12307400.0
2026-05-08,615.2000122070312,616.77001953125,606.0599975585938,609.6300048828125,,13557000.0
2026-05-11,604.5700073242188,604.9099731445312,598.0800170898438,598.8599853515625,,15940600.0
2026-05-12,594.8200073242188,603.75,592.5999755859375,603.0,,11351600.0
2026-05-13,598.8300170898438,619.9000244140625,596.6599731445312,616.6300048828125,,14634400.0
2026-05-14,616.0,623.72998046875,615.0,618.4299926757812,,10651200.0
2026-05-15,613.989990234375,621.2000122070312,609.3099975585938,614.22998046875,,13272600.0
2026-05-18,609.1099853515625,615.5900268554688,603.6900024414062,611.2100219726562,,13772400.0
2026-05-19,608.9199829101562,613.9299926757812,600.5499877929688,602.6099853515625,,11749900.0
2026-05-20,600.760009765625,608.0,597.8099975585938,605.0599975585938,,11329700.0
2026-05-21,600.0,609.5999755859375,594.8099975585938,607.3800048828125,,13476100.0
2026-05-22,607.8800048828125,614.8099975585938,606.9500122070312,610.260009765625,,11688600.0
2026-05-26,608.8900146484375,614.469970703125,605.2999877929688,612.3400268554688,612.3400268554688,12234200.0
2026-05-27,609.4000244140625,638.5,609.0,635.260009765625,635.260009765625,23143600.0
2026-05-28,639.5,643.0,629.3099975585938,635.2899780273438,635.2899780273438,16772400.0
2026-05-29,633.5,634.5,623.3499755859375,632.510009765625,632.510009765625,19806500.0
2026-06-01,630.4000244140625,635.75,599.530029296875,600.469970703125,600.469970703125,29138800.0
2026-06-02,603.239990234375,608.8800048828125,596.6799926757812,597.6300048828125,597.6300048828125,18252000.0
