date,open,high,low,close,adj_close,volume
2018-01-02,41.540000915527344,43.720001220703125,41.189998626708984,43.66999816894531,42.59079360961914,37097000.0
2018-01-03,44.5,45.04999923706055,44.04999923706055,44.97999954223633,43.8684196472168,43376700.0
2018-01-04,45.9900016784668,46.97999954223633,45.0099983215332,46.880001068115234,45.721466064453125,52229500.0
2018-01-05,46.130001068115234,46.65999984741211,45.380001068115234,45.79999923706055,44.66815185546875,47381100.0
2018-01-08,45.310001373291016,46.09000015258789,44.90999984741211,45.54999923706055,44.42433166503906,32217400.0
2018-01-09,45.27000045776367,45.54999923706055,42.77000045776367,42.970001220703125,41.9080924987793,62982900.0
2018-01-10,41.95000076293945,43.369998931884766,41.38999938964844,43.310001373291016,42.23967742919922,53348000.0
2018-01-11,43.52000045776367,44.0,42.619998931884766,42.81999969482422,41.76179504394531,39402200.0
2018-01-12,42.81999969482422,43.349998474121094,42.68000030517578,42.810001373291016,41.75204849243164,28458500.0
2018-01-16,43.13999938964844,43.86000061035156,42.41999816894531,42.91999816894531,41.859317779541016,38174800.0
2018-01-17,43.209999084472656,44.380001068115234,42.97999954223633,44.2599983215332,43.166202545166016,38077100.0
2018-01-18,44.209999084472656,44.650001525878906,43.90999984741211,43.9900016784668,42.90288543701172,25152100.0
2018-01-19,43.95000076293945,44.20000076293945,42.650001525878906,42.75,41.69352722167969,41469200.0
2018-01-22,42.470001220703125,42.880001068115234,41.68000030517578,42.880001068115234,41.820316314697266,37879400.0
2018-01-23,43.25,44.65999984741211,42.72999954223633,43.95000076293945,42.86387634277344,41334100.0
2018-01-24,43.7599983215332,43.95000076293945,42.7400016784668,43.08000183105469,42.01537322998047,31305700.0
2018-01-25,44.22999954223633,44.720001220703125,42.86000061035156,43.0099983215332,41.94709777832031,40519200.0
2018-01-26,43.220001220703125,43.810001373291016,43.029998779296875,43.66999816894531,42.59079360961914,27177500.0
2018-01-29,43.25,43.41999816894531,42.380001068115234,43.290000915527344,42.220184326171875,29455000.0
2018-01-30,41.9900016784668,42.79999923706055,41.470001220703125,41.66999816894531,40.64021301269531,38861900.0
2018-01-31,42.97999954223633,43.959999084472656,42.77000045776367,43.720001220703125,42.639556884765625,45114600.0
2018-02-01,43.040000915527344,44.09000015258789,42.099998474121094,42.4900016784668,41.439945220947266,35713500.0
2018-02-02,42.0,42.209999084472656,40.61000061035156,40.81999969482422,39.81121826171875,40657400.0
2018-02-05,40.13999938964844,41.529998779296875,39.0099983215332,39.400001525878906,38.42631912231445,45796800.0
2018-02-06,40.54999923706055,43.93000030517578,40.54999923706055,43.880001068115234,42.79560089111328,66972800.0
2018-02-07,43.2599983215332,43.560001373291016,41.7400016784668,42.0099983215332,40.9718132019043,51354800.0
2018-02-08,42.52000045776367,43.029998779296875,40.0,40.0,39.0114860534668,53794100.0
2018-02-09,41.04999923706055,41.189998626708984,37.52000045776367,40.40999984741211,39.41135025024414,65189300.0
2018-02-12,41.0099983215332,42.68000030517578,40.880001068115234,42.189998626708984,41.147361755371094,47941100.0
2018-02-13,42.04999923706055,42.91999816894531,41.97999954223633,42.630001068115234,41.57649993896485,30296800.0
2018-02-14,41.93000030517578,43.630001068115234,41.93000030517578,43.45000076293945,42.376224517822266,36765900.0
2018-02-15,43.72999954223633,43.91999816894531,42.2599983215332,43.5,42.42498779296875,35072300.0
2018-02-16,43.290000915527344,45.11000061035156,43.130001068115234,44.209999084472656,43.11745071411133,49404600.0
2018-02-20,44.02000045776367,45.27000045776367,43.900001525878906,44.900001525878906,43.7903938293457,36215900.0
2018-02-21,45.369998931884766,45.54999923706055,44.52000045776367,44.540000915527344,43.43929290771485,31618700.0
2018-02-22,44.779998779296875,44.83000183105469,44.040000915527344,44.25,43.156463623046875,24359600.0
2018-02-23,45.18000030517578,46.79999923706055,45.02000045776367,46.529998779296875,45.3801155090332,48476700.0
2018-02-26,46.970001220703125,48.22999954223633,46.70000076293945,47.97999954223633,46.79426956176758,41966100.0
2018-02-27,47.65999984741211,48.9900016784668,47.41999816894531,48.58000183105469,47.37944412231445,44731100.0
2018-02-28,48.79999923706055,49.459999084472656,48.349998474121094,48.810001373291016,47.603759765625,45031400.0
2018-03-01,48.77000045776367,48.810001373291016,46.77000045776367,47.619998931884766,46.44318008422851,61278800.0
2018-03-02,46.36000061035156,49.25,45.95000076293945,49.11000061035156,47.89634704589844,52492900.0
2018-03-05,48.79999923706055,52.36000061035156,48.720001220703125,52.029998779296875,50.74418640136719,70984100.0
2018-03-06,53.400001525878906,54.63999938964844,53.209999084472656,53.7400016784668,52.41194152832031,73096300.0
2018-03-07,53.34000015258789,55.0,53.130001068115234,53.970001220703125,52.63624954223633,61670000.0
2018-03-08,54.59000015258789,55.470001220703125,54.29999923706055,55.220001220703125,53.85536193847656,51685900.0
2018-03-09,55.7599983215332,55.83000183105469,53.619998931884766,54.59000015258789,53.240928649902344,65504600.0
2018-03-12,56.5,61.16999816894531,56.349998474121094,59.369998931884766,57.90279769897461,138651600.0
2018-03-13,62.16999816894531,63.41999816894531,58.52000045776367,59.43000030517578,57.96131134033203,142315800.0
2018-03-14,59.31999969482422,60.060001373291016,57.560001373291016,59.779998779296875,58.30266571044922,80306900.0
2018-03-15,59.77000045776367,60.150001525878906,58.22999954223633,58.84000015258789,57.38589859008789,50963700.0
2018-03-16,60.0,60.689998626708984,59.209999084472656,60.58000183105469,59.08290481567383,69323100.0
2018-03-19,60.36000061035156,60.9900016784668,58.75,60.13999938964844,58.65376281738281,71373300.0
2018-03-20,60.099998474121094,61.25,59.79999923706055,61.150001525878906,59.63881301879883,53890500.0
2018-03-21,61.349998474121094,61.720001220703125,60.599998474121094,61.06999969482422,59.56078338623047,51220200.0
2018-03-22,60.06999969482422,60.29999923706055,58.11000061035156,58.91999816894531,57.46391296386719,74274700.0
2018-03-23,57.689998626708984,58.79999923706055,53.68000030517578,54.209999084472656,52.87030792236328,118369500.0
2018-03-26,56.2599983215332,56.709999084472656,52.720001220703125,55.560001373291016,54.18695068359375,70260700.0
2018-03-27,55.060001373291016,55.470001220703125,51.68000030517578,52.400001525878906,51.10504531860352,67785100.0
2018-03-28,51.93000030517578,53.349998474121094,50.70000076293945,51.4900016784668,50.217529296875,62987500.0
2018-03-29,52.15999984741211,52.68000030517578,51.13999938964844,52.13999938964844,50.85147476196289,61458800.0
2018-04-02,51.540000915527344,51.720001220703125,49.560001373291016,50.060001373291016,48.82286834716797,59875500.0
2018-04-03,50.79999923706055,51.77000045776367,50.31999969482422,51.54999923706055,50.27605438232422,52436400.0
2018-04-04,49.619998931884766,53.5,49.2599983215332,53.38999938964844,52.07058334350586,60272800.0
2018-04-05,52.060001373291016,52.20000076293945,49.189998626708984,49.84000015258789,48.60831832885742,89203500.0
2018-04-06,47.720001220703125,50.47999954223633,47.2599983215332,48.459999084472656,47.262413024902344,79392200.0
2018-04-09,49.130001068115234,49.83000183105469,47.91999816894531,47.959999084472656,46.7747688293457,50532900.0
2018-04-10,49.25,50.75,48.63999938964844,50.47999954223633,49.23249435424805,50346500.0
2018-04-11,50.279998779296875,51.79999923706055,50.11000061035156,50.47999954223633,49.23249435424805,38942200.0
2018-04-12,51.119998931884766,52.91999816894531,51.099998474121094,52.59000015258789,51.29034805297851,46656300.0
2018-04-13,53.400001525878906,53.4900016784668,51.58000183105469,52.22999954223633,50.939247131347656,43598900.0
2018-04-16,52.25,52.47999954223633,51.31999969482422,51.650001525878906,50.37357711791992,30879500.0
2018-04-17,51.849998474121094,52.70000076293945,51.7400016784668,52.2599983215332,50.968505859375,33325300.0
2018-04-18,51.45000076293945,54.27000045776367,50.68000030517578,54.0099983215332,52.675254821777344,55393600.0
2018-04-19,52.900001525878906,54.099998474121094,50.97999954223633,51.41999816894531,50.149269104003906,52635000.0
2018-04-20,51.5,52.06999969482422,50.150001525878906,50.619998931884766,49.36903762817383,38510800.0
2018-04-23,50.810001373291016,50.880001068115234,48.810001373291016,49.02000045776367,47.80857849121094,43693000.0
2018-04-24,49.65999984741211,50.2599983215332,46.439998626708984,47.11000061035156,45.945777893066406,61915400.0
2018-04-25,47.560001373291016,48.34000015258789,46.08000183105469,47.599998474121094,46.42367172241211,43781200.0
2018-04-26,49.279998779296875,50.18000030517578,48.83000183105469,50.13999938964844,48.90089797973633,39041400.0
2018-04-27,51.11000061035156,51.38999938964844,47.189998626708984,47.52000045776367,46.345645904541016,50049800.0
2018-04-30,47.060001373291016,47.689998626708984,45.31999969482422,45.97999954223633,44.84370040893555,54743800.0
2018-05-01,45.59000015258789,46.869998931884766,45.40999984741211,46.790000915527344,45.63368225097656,34154900.0
2018-05-02,45.90999984741211,46.7400016784668,45.68000030517578,45.88999938964844,44.75592422485352,31640800.0
2018-05-03,45.7400016784668,46.869998931884766,45.33000183105469,46.619998931884766,45.4678840637207,30489600.0
2018-05-04,46.31999969482422,47.70000076293945,46.13999938964844,47.58000183105469,46.40415954589844,28632200.0
2018-05-07,48.2599983215332,49.11000061035156,48.11000061035156,48.47999954223633,47.28191375732422,33996900.0
2018-05-08,48.529998779296875,48.86000061035156,47.880001068115234,48.56999969482422,47.36969757080078,25205500.0
2018-05-09,49.060001373291016,51.029998779296875,48.9900016784668,51.0099983215332,49.749393463134766,36489100.0
2018-05-10,51.79999923706055,52.68000030517578,51.599998474121094,52.65999984741211,51.35862731933594,37146300.0
2018-05-11,52.380001068115234,52.79999923706055,51.68000030517578,51.81999969482422,50.53937530517578,27646400.0
2018-05-14,52.9900016784668,53.709999084472656,52.86000061035156,53.0,51.690223693847656,33376300.0
2018-05-15,53.79999923706055,54.16999816894531,52.689998626708984,54.0099983215332,52.675254821777344,43307300.0
2018-05-16,55.59000015258789,56.90999984741211,55.47999954223633,56.5,55.10371780395508,59011900.0
2018-05-17,56.0099983215332,56.439998626708984,53.93000030517578,54.70000076293945,53.34820556640625,54832200.0
2018-05-18,53.599998474121094,54.650001525878906,52.849998474121094,53.38999938964844,52.07058334350586,46088800.0
2018-05-21,56.18000030517578,56.470001220703125,54.529998779296875,55.47999954223633,54.10894012451172,70858100.0
2018-05-22,59.04999923706055,60.5,58.29999923706055,59.029998779296875,57.57120132446289,111262700.0
2018-05-23,59.04999923706055,60.0,58.150001525878906,59.970001220703125,58.48797225952149,64066800.0
2018-05-24,60.18000030517578,61.9900016784668,59.560001373291016,61.4900016784668,59.97040557861328,74725000.0
2018-05-25,60.849998474121094,62.099998474121094,60.61000061035156,61.349998474121094,59.83386993408203,54715900.0
2018-05-29,61.36000061035156,63.97999954223633,61.349998474121094,62.619998931884766,61.072479248046875,75591900.0
2018-05-30,63.70000076293945,64.66000366210938,60.91999816894531,62.56999969482422,61.02371597290039,84737600.0
2018-05-31,59.22999954223633,60.25,57.16999816894531,57.59000015258789,56.16679382324219,101882200.0
2018-06-01,58.810001373291016,59.34000015258789,56.880001068115234,58.7400016784668,57.28837203979492,74761500.0
2018-06-04,57.43000030517578,59.15999984741211,56.619998931884766,59.099998474121094,57.63947677612305,64350500.0
2018-06-05,59.79999923706055,60.13999938964844,58.83000183105469,59.40999984741211,57.94181442260742,41711300.0
2018-06-06,59.2599983215332,59.59000015258789,58.29999923706055,59.41999816894531,57.951560974121094,36749000.0
2018-06-07,59.849998474121094,60.27000045776367,58.560001373291016,59.630001068115234,58.156375885009766,42264700.0
2018-06-08,58.630001068115234,61.599998474121094,58.220001220703125,61.38999938964844,59.87287521362305,57144900.0
2018-06-11,61.709999084472656,62.54999923706055,61.06999969482422,61.38999938964844,59.87287521362305,42251500.0
2018-06-12,61.84000015258789,61.849998474121094,59.939998626708984,60.54999923706055,59.05363845825195,43633300.0
2018-06-13,60.29999923706055,61.27000045776367,60.02000045776367,60.04999923706055,58.56599807739258,33281400.0
2018-06-14,60.54999923706055,60.56999969482422,58.66999816894531,59.18000030517578,57.717498779296875,43421900.0
2018-06-15,58.529998779296875,59.099998474121094,57.29999923706055,58.22999954223633,56.79096603393555,45854100.0
2018-06-18,57.599998474121094,58.599998474121094,56.869998931884766,58.45000076293945,57.00552749633789,36975600.0
2018-06-19,57.63999938964844,59.459999084472656,57.11000061035156,59.25,57.785762786865234,43486600.0
2018-06-20,60.130001068115234,61.119998931884766,58.79999923706055,58.95000076293945,57.49317169189453,57497600.0
2018-06-21,61.459999084472656,61.83000183105469,59.09000015258789,59.439998626708984,57.9710693359375,70419900.0
2018-06-22,60.20000076293945,60.40999984741211,57.02000045776367,57.099998474121094,55.68889999389648,63497500.0
2018-06-25,55.540000915527344,55.63999938964844,52.40999984741211,53.15999984741211,51.84626770019531,72196300.0
2018-06-26,54.40999984741211,54.77000045776367,53.61000061035156,54.59000015258789,53.240928649902344,42277100.0
2018-06-27,55.0,55.349998474121094,52.15999984741211,52.2599983215332,50.968505859375,53007500.0
2018-06-28,52.0,53.310001373291016,51.790000915527344,53.13999938964844,51.82676696777344,36878900.0
2018-06-29,53.689998626708984,53.849998474121094,52.400001525878906,52.439998626708984,51.14406967163086,32582200.0
2018-07-02,51.52000045776367,54.529998779296875,51.31999969482422,54.47999954223633,53.13364028930664,38934200.0
2018-07-03,54.54999923706055,54.790000915527344,50.099998474121094,51.47999954223633,50.2077751159668,52190200.0
2018-07-05,52.630001068115234,53.310001373291016,51.939998626708984,52.84000015258789,51.5341796875,51136400.0
2018-07-06,52.540000915527344,53.40999984741211,51.97999954223633,53.22999954223633,51.91453170776367,31841000.0
2018-07-09,53.79999923706055,54.5,53.11000061035156,54.310001373291016,52.96784210205078,32579700.0
2018-07-10,54.65999984741211,55.900001525878906,54.349998474121094,55.7400016784668,54.36250305175781,34852800.0
2018-07-11,54.38999938964844,55.0,53.77000045776367,54.18000030517578,52.8410530090332,38699200.0
2018-07-12,54.650001525878906,55.65999984741211,54.349998474121094,55.45000076293945,54.079681396484375,29647700.0
2018-07-13,55.5099983215332,56.59000015258789,55.31999969482422,56.349998474121094,54.95742416381836,28799000.0
2018-07-16,56.599998474121094,57.18000030517578,56.060001373291016,56.150001525878906,54.76237106323242,25735200.0
2018-07-17,55.83000183105469,57.130001068115234,55.5,56.959999084472656,55.5523567199707,24729100.0
2018-07-18,57.25,58.150001525878906,56.91999816894531,57.45000076293945,56.03025817871094,33729700.0
2018-07-19,57.25,57.560001373291016,55.66999816894531,56.220001220703125,54.83064651489258,39392100.0
2018-07-20,56.08000183105469,56.13999938964844,54.83000183105469,55.02000045776367,53.66029739379883,32588100.0
2018-07-23,53.5099983215332,54.58000183105469,52.220001220703125,54.290000915527344,52.94833755493164,42781500.0
2018-07-24,55.0,55.400001525878906,52.939998626708984,53.16999816894531,51.85602188110352,39011500.0
2018-07-25,52.630001068115234,54.220001220703125,52.29999923706055,53.38999938964844,52.07058334350586,39749200.0
2018-07-26,53.599998474121094,54.7400016784668,53.45000076293945,53.7599983215332,52.431434631347656,28862500.0
2018-07-27,54.459999084472656,54.630001068115234,53.11000061035156,53.959999084472656,52.62649154663086,30109700.0
2018-07-30,54.189998626708984,54.25,52.41999816894531,53.0099983215332,51.69996643066406,25747800.0
2018-07-31,53.779998779296875,54.220001220703125,52.77000045776367,52.790000915527344,51.485408782958984,29301700.0
2018-08-01,52.65999984741211,53.58000183105469,52.16999816894531,52.290000915527344,50.99776840209961,28200000.0
2018-08-02,51.70000076293945,53.54999923706055,51.380001068115234,53.400001525878906,52.0803337097168,28708000.0
2018-08-03,53.29999923706055,53.400001525878906,52.2599983215332,52.810001373291016,51.50491714477539,22958900.0
2018-08-06,52.220001220703125,52.810001373291016,51.5,52.66999816894531,51.368385314941406,28776900.0
2018-08-07,52.939998626708984,53.439998626708984,52.70000076293945,53.040000915527344,51.72922897338867,21918600.0
2018-08-08,52.84000015258789,53.529998779296875,52.459999084472656,53.38999938964844,52.07058334350586,18074700.0
2018-08-09,52.650001525878906,52.849998474121094,51.93000030517578,52.2599983215332,50.968505859375,34538400.0
2018-08-10,51.25,51.95000076293945,51.02000045776367,51.369998931884766,50.100494384765625,31340800.0
2018-08-13,51.61000061035156,52.060001373291016,51.279998779296875,51.34000015258789,50.07124710083008,24609500.0
2018-08-14,51.72999954223633,51.77000045776367,50.0099983215332,50.619998931884766,49.36903762817383,32050200.0
2018-08-15,49.83000183105469,49.86000061035156,47.13999938964844,47.4900016784668,46.316383361816406,57746200.0
2018-08-16,48.20000076293945,48.310001373291016,46.959999084472656,47.099998474121094,45.93601989746094,33663000.0
2018-08-17,46.209999084472656,47.36000061035156,45.619998931884766,47.11000061035156,45.945777893066406,34464200.0
2018-08-20,47.400001525878906,48.61000061035156,46.470001220703125,48.06999969482422,46.882057189941406,33022900.0
2018-08-21,48.900001525878906,50.369998931884766,48.869998931884766,49.939998626708984,48.70584487915039,38572900.0
2018-08-22,50.380001068115234,50.650001525878906,49.869998931884766,50.2400016784668,48.9984245300293,26740400.0
2018-08-23,50.04999923706055,50.2400016784668,49.400001525878906,49.70000076293945,48.471771240234375,26832000.0
2018-08-24,49.91999816894531,50.81999969482422,49.91999816894531,50.70000076293945,49.44706344604492,24785500.0
2018-08-27,51.349998474121094,52.45000076293945,51.16999816894531,52.06999969482422,50.783199310302734,29134100.0
2018-08-28,52.41999816894531,52.560001373291016,51.470001220703125,52.34000015258789,51.046531677246094,26198800.0
2018-08-29,52.09000015258789,52.15999984741211,51.29999923706055,51.83000183105469,50.54913330078125,31450800.0
2018-08-30,51.560001373291016,53.68000030517578,51.400001525878906,52.7599983215332,51.45613861083984,32416600.0
2018-08-31,52.70000076293945,53.22999954223633,52.220001220703125,52.52000045776367,51.222068786621094,29937300.0
2018-09-04,52.13999938964844,52.29999923706055,50.709999084472656,51.93000030517578,50.64665985107422,28975100.0
2018-09-05,51.38999938964844,51.599998474121094,49.06999969482422,49.540000915527344,48.31572723388672,39125100.0
2018-09-06,48.20000076293945,48.45000076293945,44.060001373291016,44.650001525878906,43.546573638916016,94413400.0
2018-09-07,45.13999938964844,46.459999084472656,44.650001525878906,44.86000061035156,43.75138092041016,47114300.0
2018-09-10,45.25,45.380001068115234,44.38999938964844,44.900001525878906,43.7903938293457,33078300.0
2018-09-11,43.650001525878906,43.75,42.349998474121094,43.599998474121094,42.52252197265625,48980700.0
2018-09-12,41.2400016784668,42.18000030517578,40.68000030517578,41.7400016784668,40.7084846496582,66916000.0
2018-09-13,42.29999923706055,44.4900016784668,42.29999923706055,43.619998931884766,42.54201889038086,59922100.0
2018-09-14,44.11000061035156,44.560001373291016,43.459999084472656,44.29999923706055,43.20522689819336,40610300.0
2018-09-17,43.59000015258789,44.31999969482422,43.25,43.58000183105469,42.50301742553711,28205300.0
2018-09-18,43.93000030517578,45.869998931884766,43.880001068115234,45.33000183105469,44.20977020263672,36507400.0
2018-09-19,45.779998779296875,46.060001373291016,44.84000015258789,45.060001373291016,43.94644546508789,29264700.0
2018-09-20,46.400001525878906,47.220001220703125,45.90999984741211,46.060001373291016,44.921730041503906,75144100.0
2018-09-21,44.400001525878906,45.599998474121094,43.79999923706055,44.7400016784668,43.63434600830078,97053400.0
2018-09-24,44.20000076293945,45.650001525878906,43.86000061035156,45.15999984741211,44.043968200683594,36918900.0
2018-09-25,45.099998474121094,45.459999084472656,44.02000045776367,44.63999938964844,43.53681564331055,32547500.0
2018-09-26,44.290000915527344,44.7599983215332,43.959999084472656,44.349998474121094,43.25397872924805,30299800.0
2018-09-27,44.22999954223633,45.52000045776367,44.04999923706055,44.9900016784668,43.878170013427734,26952400.0
2018-09-28,44.650001525878906,45.61000061035156,44.4900016784668,45.22999954223633,44.11223983764648,28080400.0
2018-10-01,45.439998626708984,46.08000183105469,45.0099983215332,45.150001525878906,44.034217834472656,26693400.0
2018-10-02,44.900001525878906,46.689998626708984,44.880001068115234,45.7599983215332,44.629146575927734,32397000.0
2018-10-03,46.279998779296875,46.41999816894531,44.709999084472656,45.150001525878906,44.034217834472656,29505100.0
2018-10-04,44.5,44.75,43.5099983215332,44.15999984741211,43.06867599487305,34579600.0
2018-10-05,44.08000183105469,44.630001068115234,42.810001373291016,43.58000183105469,42.50301742553711,35367100.0
2018-10-08,43.279998779296875,43.849998474121094,42.61000061035156,43.06999969482422,42.00562286376953,27426600.0
2018-10-09,42.810001373291016,43.040000915527344,41.97999954223633,42.27000045776367,41.225379943847656,31576400.0
2018-10-10,41.5,42.75,41.31999969482422,41.61000061035156,40.58170318603515,48452000.0
2018-10-11,41.959999084472656,42.91999816894531,41.43000030517578,41.970001220703125,40.932804107666016,48197000.0
2018-10-12,43.58000183105469,43.75,41.91999816894531,42.470001220703125,41.420440673828125,32851100.0
2018-10-15,42.029998779296875,42.54999923706055,41.630001068115234,42.34000015258789,41.29365921020508,27697300.0
2018-10-16,42.70000076293945,43.349998474121094,42.29999923706055,43.209999084472656,42.14215469360352,28827400.0
2018-10-17,43.33000183105469,43.38999938964844,42.11000061035156,42.349998474121094,41.30341339111328,27759000.0
2018-10-18,42.040000915527344,42.209999084472656,41.13999938964844,41.29999923706055,40.27935791015625,33560800.0
2018-10-19,41.66999816894531,41.9900016784668,40.27000045776367,40.45000076293945,39.45035934448242,28641400.0
2018-10-22,40.560001373291016,40.70000076293945,38.63999938964844,39.7599983215332,38.77742004394531,34441200.0
2018-10-23,38.150001525878906,39.11000061035156,37.40999984741211,38.68000030517578,37.7241096496582,46364200.0
2018-10-24,38.0,38.29999923706055,35.400001525878906,35.43000030517578,34.554420471191406,53096500.0
2018-10-25,35.59000015258789,37.15999984741211,35.060001373291016,36.779998779296875,35.87105178833008,39625700.0
2018-10-26,35.279998779296875,35.90999984741211,34.29999923706055,35.400001525878906,34.5251579284668,41257400.0
2018-10-29,36.13999938964844,36.20000076293945,33.81999969482422,34.65999984741211,33.80345153808594,34176400.0
2018-10-30,34.63999938964844,36.04999923706055,34.4900016784668,36.0099983215332,35.120086669921875,35319500.0
2018-10-31,36.58000183105469,38.040000915527344,35.79999923706055,37.720001220703125,36.78782653808594,44055400.0
2018-11-01,37.97999954223633,40.20000076293945,37.52000045776367,40.119998931884766,39.128517150878906,43981400.0
2018-11-02,40.189998626708984,40.939998626708984,39.63999938964844,40.31999969482422,39.32357406616211,33645700.0
2018-11-05,40.099998474121094,40.2400016784668,38.77000045776367,39.91999816894531,38.933467864990234,22904000.0
2018-11-06,39.7400016784668,40.560001373291016,39.560001373291016,39.79999923706055,38.81642150878906,19316600.0
2018-11-07,40.31999969482422,41.04999923706055,39.959999084472656,40.93000030517578,39.91850662231445,22957200.0
2018-11-08,40.66999816894531,41.43000030517578,40.34000015258789,40.439998626708984,39.44061279296875,15609300.0
2018-11-09,39.88999938964844,39.9900016784668,38.40999984741211,39.11000061035156,38.14347839355469,26102800.0
2018-11-12,38.2400016784668,38.529998779296875,36.84000015258789,37.439998626708984,36.514747619628906,24822400.0
2018-11-13,37.65999984741211,38.7400016784668,37.439998626708984,37.849998474121094,36.91461181640625,25870500.0
2018-11-14,38.619998931884766,38.970001220703125,37.61000061035156,38.029998779296875,37.09016418457031,23706400.0
2018-11-15,37.95000076293945,40.16999816894531,37.619998931884766,39.90999984741211,38.923709869384766,30046100.0
2018-11-16,38.45000076293945,39.709999084472656,38.33000183105469,39.439998626708984,38.4653205871582,25445700.0
2018-11-19,39.20000076293945,39.31999969482422,36.66999816894531,36.83000183105469,35.919830322265625,31039100.0
2018-11-20,34.099998474121094,36.9900016784668,34.04999923706055,36.119998931884766,35.22737121582031,38728600.0
2018-11-21,37.0,37.220001220703125,36.369998931884766,36.380001068115234,35.4809455871582,22728400.0
2018-11-23,35.93000030517578,37.5,35.91999816894531,36.400001525878906,35.50044631958008,11257800.0
2018-11-26,37.75,37.790000915527344,35.529998779296875,36.56999969482422,35.6662483215332,26569700.0
2018-11-27,36.09000015258789,37.45000076293945,36.02000045776367,37.0,36.08562469482422,21397300.0
2018-11-28,37.290000915527344,39.0,35.9900016784668,38.709999084472656,37.75336456298828,42293700.0
2018-11-29,38.29999923706055,38.709999084472656,37.72999954223633,37.90999984741211,36.97312927246094,23631300.0
2018-11-30,37.75,38.630001068115234,36.939998626708984,38.560001373291016,37.607078552246094,28176000.0
2018-12-03,40.20000076293945,40.2400016784668,39.150001525878906,40.029998779296875,39.04074478149414,35830000.0
2018-12-04,39.560001373291016,39.869998931884766,36.720001220703125,36.880001068115234,35.96859359741211,36616300.0
2018-12-06,35.65999984741211,37.68000030517578,35.130001068115234,37.66999816894531,36.73906326293945,37494400.0
2018-12-07,37.619998931884766,37.619998931884766,35.209999084472656,35.310001373291016,34.43739700317383,30619800.0
2018-12-10,34.83000183105469,35.720001220703125,34.529998779296875,34.79999923706055,33.93999481201172,33979700.0
2018-12-11,35.59000015258789,36.2599983215332,35.099998474121094,35.209999084472656,34.33985900878906,26238800.0
2018-12-12,35.939998626708984,36.61000061035156,35.400001525878906,36.029998779296875,35.13959884643555,26642500.0
2018-12-13,36.290000915527344,36.369998931884766,34.7599983215332,35.02000045776367,34.15454864501953,23825400.0
2018-12-14,34.439998626708984,35.45000076293945,34.060001373291016,34.20000076293945,33.35480880737305,28922100.0
2018-12-17,34.15999984741211,35.220001220703125,33.599998474121094,33.880001068115234,33.042728424072266,30891000.0
2018-12-18,34.38999938964844,34.939998626708984,33.970001220703125,34.11000061035156,33.26704406738281,46135400.0
2018-12-19,31.65999984741211,33.58000183105469,31.270000457763672,31.40999984741211,30.633764266967773,106669600.0
2018-12-20,31.600000381469727,32.900001525878906,30.86000061035156,31.280000686645508,30.506986618041992,60427600.0
2018-12-21,31.68000030517578,32.04999923706055,30.11000061035156,30.31999969482422,29.570703506469727,54630500.0
2018-12-24,29.86000061035156,30.350000381469727,29.0,29.020000457763672,28.302831649780273,23771800.0
2018-12-26,29.34000015258789,30.90999984741211,28.38999938964844,30.88999938964844,30.126619338989254,45711000.0
2018-12-27,30.40999984741211,32.0099983215332,30.229999542236328,31.93000030517578,31.14092254638672,39858300.0
2018-12-28,32.0,32.279998779296875,31.399999618530273,31.56999969482422,30.789819717407227,29873400.0
2018-12-31,31.989999771118164,32.400001525878906,31.459999084472656,31.729999542236328,30.945859909057617,21392100.0
2019-01-02,31.0,33.08000183105469,30.75,32.75,31.940650939941406,26004300.0
2019-01-03,31.81999969482422,32.150001525878906,30.86000061035156,31.0,30.23390007019043,29145500.0
2019-01-04,31.65999984741211,33.040000915527344,31.549999237060547,32.70000076293945,31.89188003540039,28557300.0
2019-01-07,33.70000076293945,34.45000076293945,33.310001373291016,34.0,33.159767150878906,44841500.0
2019-01-08,34.54999923706055,34.59000015258789,32.810001373291016,33.7400016784668,32.90618896484375,33434100.0
2019-01-09,34.970001220703125,36.290000915527344,34.91999816894531,35.439998626708984,34.56417465209961,54147900.0
2019-01-10,35.2599983215332,35.95000076293945,35.08000183105469,35.90999984741211,35.02256774902344,24437400.0
2019-01-11,35.41999816894531,36.72999954223633,35.0099983215332,36.0099983215332,35.120086669921875,30469800.0
2019-01-14,34.720001220703125,34.91999816894531,34.2599983215332,34.66999816894531,33.813209533691406,34612000.0
2019-01-15,35.02000045776367,35.22999954223633,33.650001525878906,33.9900016784668,33.15000915527344,30633600.0
2019-01-16,34.040000915527344,34.33000183105469,33.529998779296875,33.58000183105469,32.75014114379883,24890900.0
2019-01-17,33.22999954223633,34.20000076293945,32.65999984741211,33.880001068115234,33.042728424072266,29398500.0
2019-01-18,34.22999954223633,36.189998626708984,34.060001373291016,35.7599983215332,34.87626647949219,44872400.0
2019-01-22,35.25,35.25,33.54999923706055,33.869998931884766,33.03297424316406,37021900.0
2019-01-23,34.11000061035156,34.689998626708984,33.439998626708984,34.2400016784668,33.39383316040039,31011600.0
2019-01-24,35.310001373291016,37.439998626708984,35.099998474121094,36.59000015258789,35.68575668334961,65094800.0
2019-01-25,38.09000015258789,39.310001373291016,37.5,38.959999084472656,37.99718475341797,61032300.0
2019-01-28,36.95000076293945,38.959999084472656,36.650001525878906,38.08000183105469,37.13893508911133,44213000.0
2019-01-29,38.279998779296875,38.97999954223633,37.25,37.38999938964844,36.46599197387695,30331000.0
2019-01-30,38.29999923706055,38.7599983215332,37.59000015258789,38.2400016784668,37.294979095458984,32848100.0
2019-01-31,37.630001068115234,38.81999969482422,37.279998779296875,38.220001220703125,37.27547073364258,34130500.0
2019-02-01,38.310001373291016,39.86000061035156,38.22999954223633,39.599998474121094,38.621360778808594,36839900.0
2019-02-04,39.54999923706055,39.61000061035156,38.5099983215332,39.470001220703125,38.49457931518555,30851500.0
2019-02-05,39.2400016784668,40.33000183105469,39.16999816894531,39.369998931884766,38.39705276489258,25094000.0
2019-02-06,40.400001525878906,41.959999084472656,40.369998931884766,41.52000045776367,40.493927001953125,47472600.0
2019-02-07,40.810001373291016,41.04999923706055,38.90999984741211,39.380001068115234,38.40681457519531,40396400.0
2019-02-08,37.79999923706055,38.779998779296875,37.45000076293945,38.58000183105469,37.6265754699707,35573200.0
2019-02-11,38.599998474121094,38.869998931884766,37.36000061035156,38.58000183105469,37.6265754699707,30356500.0
2019-02-12,39.38999938964844,40.77000045776367,39.2400016784668,40.400001525878906,39.40160369873047,43587900.0
2019-02-13,40.849998474121094,42.279998779296875,40.79999923706055,41.68000030517578,40.64996719360352,50101700.0
2019-02-14,41.38999938964844,43.15999984741211,41.310001373291016,42.22999954223633,41.186378479003906,41759200.0
2019-02-15,42.27000045776367,42.400001525878906,41.41999816894531,41.9900016784668,40.95231246948242,28968400.0
2019-02-19,41.70000076293945,42.4900016784668,41.5,41.959999084472656,40.92305374145508,25575900.0
2019-02-20,42.310001373291016,43.2599983215332,42.130001068115234,42.209999084472656,41.166873931884766,28048700.0
2019-02-21,42.470001220703125,42.869998931884766,41.41999816894531,41.529998779296875,40.5036735534668,24048800.0
2019-02-22,42.08000183105469,42.56999969482422,41.83000183105469,42.56999969482422,41.517967224121094,22834300.0
2019-02-25,43.810001373291016,43.9900016784668,42.70000076293945,42.75,41.69352722167969,25233700.0
2019-02-26,42.349998474121094,43.150001525878906,42.290000915527344,42.959999084472656,41.898338317871094,18051500.0
2019-02-27,42.619998931884766,42.7599983215332,41.0099983215332,41.31999969482422,40.29885482788086,29522200.0
2019-02-28,40.20000076293945,41.150001525878906,39.79999923706055,40.880001068115234,39.8697395324707,25777900.0
2019-03-01,41.63999938964844,42.560001373291016,41.11000061035156,41.58000183105469,40.552452087402344,26755800.0
2019-03-04,41.880001068115234,42.150001525878906,40.63999938964844,41.060001373291016,40.045284271240234,27047800.0
2019-03-05,40.25,40.66999816894531,39.5099983215332,39.9900016784668,39.001731872558594,28798800.0
2019-03-06,39.380001068115234,39.45000076293945,37.52000045776367,37.93000030517578,36.992645263671875,44890400.0
2019-03-07,37.540000915527344,38.310001373291016,37.13999938964844,37.83000183105469,36.895111083984375,31567800.0
2019-03-08,36.88999938964844,38.81999969482422,36.56999969482422,38.650001525878906,37.69485092163086,34080900.0
2019-03-11,38.90999984741211,39.54999923706055,38.83000183105469,39.029998779296875,38.06545639038086,25164700.0
2019-03-12,39.16999816894531,39.400001525878906,38.83000183105469,39.25,38.280025482177734,18623500.0
2019-03-13,39.400001525878906,39.720001220703125,38.63999938964844,38.83000183105469,37.87040710449219,22786300.0
2019-03-14,38.7400016784668,39.630001068115234,38.34000015258789,38.40999984741211,37.46078109741211,19757300.0
2019-03-15,38.58000183105469,39.84000015258789,38.43000030517578,39.540000915527344,38.56285858154297,30702000.0
2019-03-18,39.599998474121094,40.40999984741211,39.150001525878906,39.61000061035156,38.631126403808594,22296600.0
2019-03-19,39.93000030517578,41.04999923706055,39.88999938964844,40.369998931884766,39.372337341308594,32407300.0
2019-03-20,40.5,40.75,39.619998931884766,40.130001068115234,39.13827896118164,41714400.0
2019-03-21,41.70000076293945,44.209999084472656,41.650001525878906,43.9900016784668,42.90288543701172,84985400.0
2019-03-22,43.470001220703125,43.47999954223633,41.54999923706055,41.619998931884766,40.5914421081543,46605600.0
2019-03-25,41.34000015258789,41.97999954223633,40.060001373291016,40.54999923706055,39.54789733886719,34516000.0
2019-03-26,41.16999816894531,41.650001525878906,40.099998474121094,40.31999969482422,39.32357406616211,24689600.0
2019-03-27,40.380001068115234,40.849998474121094,39.0099983215332,39.22999954223633,38.26051330566406,26856700.0
2019-03-28,39.400001525878906,39.939998626708984,39.02000045776367,39.34000015258789,38.3677978515625,24584500.0
2019-03-29,40.25,41.52000045776367,40.220001220703125,41.33000183105469,40.30862808227539,35716900.0
2019-04-01,42.27000045776367,42.7599983215332,41.720001220703125,42.25,41.20589065551758,28073000.0
2019-04-02,42.08000183105469,42.790000915527344,41.75,42.439998626708984,41.39118957519531,21438100.0
2019-04-03,43.54999923706055,44.849998474121094,43.54999923706055,43.900001525878906,42.81510925292969,39097200.0
2019-04-04,42.36000061035156,43.33000183105469,42.25,42.88999938964844,41.83006286621094,37038400.0
2019-04-05,43.29999923706055,43.540000915527344,42.720001220703125,43.31999969482422,42.24942779541016,21119400.0
2019-04-08,42.18000030517578,43.13999938964844,42.119998931884766,42.900001525878906,41.83982467651367,24546800.0
2019-04-09,42.540000915527344,42.599998474121094,41.27000045776367,41.720001220703125,40.68898391723633,29055900.0
2019-04-10,41.689998626708984,42.439998626708984,41.5099983215332,42.16999816894531,41.12785720825195,23252200.0
2019-04-11,42.20000076293945,42.72999954223633,42.130001068115234,42.279998779296875,41.235137939453125,18163900.0
2019-04-12,42.849998474121094,43.20000076293945,41.810001373291016,42.0099983215332,40.9718132019043,21740400.0
2019-04-15,42.16999816894531,42.22999954223633,41.20000076293945,41.81999969482422,40.78651428222656,16932300.0
2019-04-16,42.2599983215332,42.93000030517578,42.08000183105469,42.7599983215332,41.703277587890625,19337500.0
2019-04-17,43.36000061035156,44.04999923706055,42.7599983215332,43.150001525878906,42.08363342285156,22092000.0
2019-04-18,43.20000076293945,43.529998779296875,42.790000915527344,43.400001525878906,42.32746887207031,16193600.0
2019-04-22,43.13999938964844,43.56999969482422,42.529998779296875,43.400001525878906,42.32746887207031,19447900.0
2019-04-23,43.369998931884766,43.470001220703125,42.720001220703125,42.77000045776367,41.71303176879883,21489400.0
2019-04-24,42.81999969482422,43.400001525878906,42.380001068115234,43.029998779296875,41.96660232543945,19637000.0
2019-04-25,43.619998931884766,44.650001525878906,42.689998626708984,42.75,41.69352722167969,28346200.0
2019-04-26,41.4900016784668,42.279998779296875,40.77000045776367,42.099998474121094,41.059593200683594,26092400.0
2019-04-29,42.130001068115234,42.61000061035156,41.72999954223633,42.11000061035156,41.069339752197266,13452800.0
2019-04-30,41.86000061035156,42.36000061035156,41.58000183105469,42.060001373291016,41.02058029174805,16342700.0
2019-05-01,42.43000030517578,42.93000030517578,41.88999938964844,41.900001525878906,40.864532470703125,17673300.0
2019-05-02,42.0,43.20000076293945,41.630001068115234,42.560001373291016,41.50822830200195,17046800.0
2019-05-03,42.4900016784668,43.380001068115234,42.40999984741211,43.33000183105469,42.25920104980469,16577000.0
2019-05-06,41.400001525878906,42.290000915527344,41.0,42.130001068115234,41.08885192871094,25776000.0
2019-05-07,41.68000030517578,41.93000030517578,39.72999954223633,40.2599983215332,39.26506423950195,35094100.0
2019-05-08,39.86000061035156,40.4900016784668,39.58000183105469,39.75,38.767669677734375,26190100.0
2019-05-09,39.099998474121094,39.630001068115234,38.20000076293945,39.27000045776367,38.29952621459961,27844400.0
2019-05-10,39.0099983215332,39.290000915527344,37.650001525878906,38.939998626708984,37.97768020629883,30368100.0
2019-05-13,37.36000061035156,37.97999954223633,37.060001373291016,37.380001068115234,36.45623397827149,33092100.0
2019-05-14,38.02000045776367,38.61000061035156,37.400001525878906,38.5099983215332,37.55830764770508,24004000.0
2019-05-15,37.900001525878906,38.70000076293945,37.7599983215332,38.40999984741211,37.46078109741211,17532300.0
2019-05-16,37.68000030517578,37.9900016784668,37.099998474121094,37.310001373291016,36.38796615600586,29479200.0
2019-05-17,36.61000061035156,37.279998779296875,35.79999923706055,36.060001373291016,35.168853759765625,31096300.0
2019-05-20,34.75,35.20000076293945,34.33000183105469,34.619998931884766,33.764442443847656,34489500.0
2019-05-21,35.290000915527344,35.880001068115234,35.150001525878906,35.63999938964844,34.75924301147461,32501300.0
2019-05-22,35.20000076293945,35.45000076293945,34.630001068115234,34.72999954223633,33.87171936035156,20902400.0
2019-05-23,33.88999938964844,33.900001525878906,32.959999084472656,33.81999969482422,32.98421859741211,32186700.0
2019-05-24,34.15999984741211,34.36000061035156,33.59000015258789,34.0,33.159767150878906,19706000.0
2019-05-28,34.150001525878906,34.310001373291016,32.880001068115234,32.939998626708984,32.12596893310547,26758400.0
2019-05-29,32.31999969482422,33.41999816894531,32.16999816894531,33.290000915527344,32.467308044433594,28796100.0
2019-05-30,33.43000030517578,34.31999969482422,33.029998779296875,33.31999969482422,32.4965705871582,20957600.0
2019-05-31,32.599998474121094,33.5,32.52000045776367,32.61000061035156,31.804113388061523,18607300.0
2019-06-03,32.95000076293945,33.220001220703125,32.470001220703125,32.689998626708984,31.882137298583984,21174500.0
2019-06-04,33.36000061035156,34.560001373291016,33.099998474121094,34.4900016784668,33.63765335083008,25076000.0
2019-06-05,35.20000076293945,35.400001525878906,33.040000915527344,33.34000015258789,32.516075134277344,27070300.0
2019-06-06,33.2599983215332,33.81999969482422,32.939998626708984,33.470001220703125,32.642860412597656,21088100.0
2019-06-07,33.54999923706055,34.029998779296875,33.220001220703125,33.9900016784668,33.15000915527344,21430400.0
2019-06-10,34.599998474121094,35.540000915527344,34.52000045776367,34.939998626708984,34.0765380859375,21728000.0
2019-06-11,35.79999923706055,35.9900016784668,34.75,34.84000015258789,33.979000091552734,19208600.0
2019-06-12,34.0099983215332,34.099998474121094,32.72999954223633,32.959999084472656,32.14546585083008,28746500.0
2019-06-13,33.08000183105469,33.63999938964844,33.0099983215332,33.380001068115234,32.555091857910156,16586700.0
2019-06-14,32.45000076293945,32.84000015258789,32.2400016784668,32.65999984741211,31.852876663208008,19715000.0
2019-06-17,32.540000915527344,32.849998474121094,32.13999938964844,32.43000030517578,31.628559112548828,20050000.0
2019-06-18,32.900001525878906,34.88999938964844,32.900001525878906,34.290000915527344,33.44259262084961,33727300.0
2019-06-19,34.689998626708984,34.689998626708984,33.709999084472656,33.939998626708984,33.10123825073242,20436400.0
2019-06-20,34.84000015258789,35.2599983215332,34.02000045776367,34.150001525878906,33.30605697631836,21691500.0
2019-06-21,33.70000076293945,33.88999938964844,32.72999954223633,33.25,32.42829132080078,38858200.0
2019-06-24,33.20000076293945,34.08000183105469,33.02000045776367,33.189998626708984,32.36978530883789,27306000.0
2019-06-25,33.349998474121094,33.880001068115234,32.61000061035156,32.68000030517578,31.872386932373047,39590500.0
2019-06-26,35.869998931884766,37.61000061035156,35.70000076293945,37.040000915527344,36.12464141845703,100271600.0
2019-06-27,36.849998474121094,38.33000183105469,36.5099983215332,38.06999969482422,37.129180908203125,51612400.0
2019-06-28,39.36000061035156,39.400001525878906,38.04999923706055,38.59000015258789,37.63633728027344,61402700.0
2019-07-01,41.15999984741211,41.709999084472656,39.7400016784668,40.11000061035156,39.1187629699707,60928000.0
2019-07-02,39.619998931884766,40.029998779296875,39.029998779296875,39.599998474121094,38.621360778808594,29774500.0
2019-07-03,39.619998931884766,39.77000045776367,39.16999816894531,39.59000015258789,38.61161422729492,13479700.0
2019-07-05,38.95000076293945,39.560001373291016,38.79999923706055,39.41999816894531,38.4458122253418,18408000.0
2019-07-08,39.029998779296875,40.61000061035156,38.939998626708984,40.40999984741211,39.41135025024414,28148500.0
2019-07-09,40.130001068115234,41.40999984741211,40.08000183105469,41.349998474121094,40.328125,28254700.0
2019-07-10,42.22999954223633,44.0,42.040000915527344,42.900001525878906,41.83982467651367,51625500.0
2019-07-11,43.220001220703125,43.540000915527344,42.439998626708984,43.47999954223633,42.40549087524414,30392400.0
2019-07-12,43.75,44.70000076293945,43.36000061035156,44.5099983215332,43.410030364990234,33257800.0
2019-07-15,44.689998626708984,45.27000045776367,43.709999084472656,44.400001525878906,43.3027458190918,26623300.0
2019-07-16,44.04999923706055,44.099998474121094,42.93000030517578,43.060001373291016,41.99586868286133,31238900.0
2019-07-17,43.0,43.75,42.599998474121094,43.369998931884766,42.29819869995117,19539300.0
2019-07-18,43.61000061035156,44.93000030517578,43.5,44.66999816894531,43.56607818603515,26456600.0
2019-07-19,45.130001068115234,46.0,44.630001068115234,45.52000045776367,44.39506530761719,39328400.0
2019-07-22,46.5,47.43000030517578,46.310001373291016,47.189998626708984,46.0238037109375,46042800.0
2019-07-23,46.779998779296875,47.13999938964844,46.22999954223633,46.95000076293945,45.789737701416016,29354400.0
2019-07-24,46.95000076293945,48.22999954223633,46.81999969482422,47.9900016784668,46.80403137207031,33169900.0
2019-07-25,48.400001525878906,48.70000076293945,47.59000015258789,47.77000045776367,46.58946228027344,28127800.0
2019-07-26,47.939998626708984,48.130001068115234,47.09000015258789,47.4900016784668,46.316383361816406,19676200.0
2019-07-29,46.869998931884766,46.970001220703125,45.849998474121094,46.81999969482422,45.66294479370117,21939500.0
2019-07-30,46.880001068115234,47.68000030517578,46.20000076293945,47.459999084472656,46.28712844848633,21301600.0
2019-07-31,46.709999084472656,46.790000915527344,44.439998626708984,44.88999938964844,43.780643463134766,34493900.0
2019-08-01,45.0,45.959999084472656,42.84000015258789,43.599998474121094,42.52252197265625,37906500.0
2019-08-02,42.63999938964844,44.40999984741211,42.220001220703125,44.08000183105469,42.99065017700195,31954100.0
2019-08-05,42.400001525878906,42.5099983215332,41.36000061035156,41.939998626708984,40.90354537963867,35172900.0
2019-08-06,42.66999816894531,43.189998626708984,41.689998626708984,42.619998931884766,41.56673049926758,26857000.0
2019-08-07,42.0099983215332,42.95000076293945,40.70000076293945,41.75,40.71824264526367,35604600.0
2019-08-08,42.09000015258789,42.7599983215332,41.66999816894531,42.630001068115234,41.57649993896485,18567500.0
2019-08-09,42.040000915527344,42.2400016784668,40.869998931884766,41.52000045776367,40.493927001953125,22900300.0
2019-08-12,41.04999923706055,42.400001525878906,40.970001220703125,42.130001068115234,41.08885192871094,23969200.0
2019-08-13,42.619998931884766,45.08000183105469,42.5099983215332,44.16999816894531,43.07843399047851,33040200.0
2019-08-14,42.880001068115234,43.150001525878906,41.65999984741211,42.040000915527344,41.001068115234375,24657200.0
2019-08-15,42.34000015258789,42.560001373291016,41.5,42.2400016784668,41.19613265991211,16104000.0
2019-08-16,42.63999938964844,43.880001068115234,42.54999923706055,43.54999923706055,42.4737548828125,17914100.0
2019-08-19,44.66999816894531,45.369998931884766,44.34000015258789,45.0099983215332,43.89767074584961,22613400.0
2019-08-20,44.849998474121094,44.970001220703125,44.040000915527344,44.22999954223633,43.13694763183594,13191000.0
2019-08-21,44.810001373291016,45.0,43.900001525878906,44.16999816894531,43.07843399047851,14973800.0
2019-08-22,44.5,45.45000076293945,44.04999923706055,44.779998779296875,43.67335891723633,20599000.0
2019-08-23,43.88999938964844,44.970001220703125,42.65999984741211,42.959999084472656,41.898338317871094,27519900.0
2019-08-26,43.7400016784668,43.77000045776367,43.15999984741211,43.43000030517578,42.356719970703125,12282800.0
2019-08-27,43.709999084472656,43.79999923706055,42.349998474121094,42.439998626708984,41.39118957519531,19122100.0
2019-08-28,42.099998474121094,43.2599983215332,41.7599983215332,43.150001525878906,42.08363342285156,11545700.0
2019-08-29,43.9900016784668,45.220001220703125,43.90999984741211,44.66999816894531,43.56607818603515,18674100.0
2019-08-30,45.119998931884766,45.93000030517578,45.04999923706055,45.27000045776367,44.151248931884766,16391500.0
2019-09-03,44.599998474121094,45.33000183105469,44.439998626708984,44.9900016784668,43.878170013427734,17108100.0
2019-09-04,46.45000076293945,47.5,46.400001525878906,46.810001373291016,45.653194427490234,26978100.0
2019-09-05,47.900001525878906,49.63999938964844,47.88999938964844,49.029998779296875,47.81832504272461,33075500.0
2019-09-06,48.86000061035156,49.5,48.70000076293945,48.970001220703125,47.75981521606445,19565700.0
2019-09-09,49.540000915527344,50.0,48.86000061035156,49.130001068115234,47.91585922241211,19474400.0
2019-09-10,49.369998931884766,49.939998626708984,48.5,49.38999938964844,48.1694221496582,23111300.0
2019-09-11,50.02000045776367,51.38999938964844,49.84000015258789,50.47999954223633,49.23249435424805,31012900.0
2019-09-12,50.79999923706055,51.119998931884766,50.099998474121094,50.439998626708984,49.193477630615234,19671300.0
2019-09-13,50.5099983215332,50.95000076293945,50.060001373291016,50.5,49.25199508666992,14733000.0
2019-09-16,49.529998779296875,50.2400016784668,49.02000045776367,50.150001525878906,48.9106559753418,17495300.0
2019-09-17,50.18000030517578,50.90999984741211,49.93000030517578,50.84000015258789,49.58359909057617,13776500.0
2019-09-18,51.0,51.16999816894531,49.689998626708984,50.47999954223633,49.23249435424805,15247100.0
2019-09-19,51.16999816894531,51.29999923706055,49.75,49.81999969482422,48.58880233764648,16633600.0
2019-09-20,50.34000015258789,50.45000076293945,48.77000045776367,49.15999984741211,47.94512176513672,23195000.0
2019-09-23,49.540000915527344,50.189998626708984,49.47999954223633,49.599998474121094,48.374237060546875,16198500.0
2019-09-24,49.7400016784668,49.900001525878906,48.04999923706055,48.5099983215332,47.311180114746094,24959000.0
2019-09-25,48.470001220703125,49.70000076293945,47.86000061035156,49.470001220703125,48.247459411621094,23571800.0
2019-09-26,49.380001068115234,49.7400016784668,48.130001068115234,48.599998474121094,47.398956298828125,33341000.0
2019-09-27,45.900001525878906,45.91999816894531,42.90999984741211,43.209999084472656,42.14215469360352,75941400.0
2019-09-30,43.0,43.470001220703125,42.58000183105469,42.849998474121094,41.79104995727539,31423100.0
2019-10-01,43.099998474121094,43.34000015258789,41.75,42.29999923706055,41.2546501159668,28087300.0
2019-10-02,41.81999969482422,42.66999816894531,41.7599983215332,41.97999954223633,40.94255828857422,26408500.0
2019-10-03,42.0,43.4900016784668,41.7599983215332,43.459999084472656,42.38597869873047,23627100.0
2019-10-04,43.709999084472656,44.619998931884766,43.290000915527344,44.54999923706055,43.44903945922851,21860000.0
2019-10-07,44.29999923706055,44.72999954223633,44.060001373291016,44.15999984741211,43.06867599487305,14911600.0
2019-10-08,43.599998474121094,43.84000015258789,42.619998931884766,42.63999938964844,41.58624267578125,20664600.0
2019-10-09,43.18000030517578,43.380001068115234,42.83000183105469,42.880001068115234,41.820316314697266,12784000.0
2019-10-10,42.869998931884766,43.790000915527344,42.61000061035156,43.279998779296875,42.21043014526367,15572600.0
2019-10-11,44.38999938964844,45.81999969482422,44.279998779296875,45.099998474121094,43.98544692993164,27483700.0
2019-10-14,44.959999084472656,45.33000183105469,44.79999923706055,44.86000061035156,43.75138092041016,12443300.0
2019-10-15,45.209999084472656,46.54999923706055,45.040000915527344,46.459999084472656,45.31184387207031,17767700.0
2019-10-16,45.9900016784668,46.54999923706055,45.08000183105469,45.15999984741211,44.043968200683594,16646900.0
2019-10-17,45.77000045776367,46.119998931884766,45.279998779296875,45.5,44.37556838989258,11718700.0
2019-10-18,44.83000183105469,44.97999954223633,43.22999954223633,43.470001220703125,42.39573669433594,26215300.0
2019-10-21,43.959999084472656,45.29999923706055,43.91999816894531,45.220001220703125,44.10248947143555,15473700.0
2019-10-22,45.29999923706055,45.70000076293945,44.619998931884766,44.65999984741211,43.55632400512695,13802400.0
2019-10-23,44.04999923706055,44.81999969482422,43.95000076293945,44.65999984741211,43.55632400512695,13959200.0
2019-10-24,45.900001525878906,47.15999984741211,45.58000183105469,47.099998474121094,45.93601989746094,25760200.0
2019-10-25,47.279998779296875,48.27000045776367,46.91999816894531,48.029998779296875,46.84304428100586,19855300.0
2019-10-28,48.5,48.75,48.22999954223633,48.689998626708984,47.486724853515625,15240000.0
2019-10-29,48.79999923706055,49.16999816894531,48.060001373291016,48.11000061035156,46.92105865478515,12183600.0
2019-10-30,48.220001220703125,48.34000015258789,47.2599983215332,47.880001068115234,46.69674301147461,12932800.0
2019-10-31,47.279998779296875,47.880001068115234,46.459999084472656,47.54999923706055,46.37490463256836,15445800.0
2019-11-01,47.47999954223633,48.540000915527344,47.25,48.380001068115234,47.18439102172851,18311700.0
2019-11-04,49.38999938964844,49.900001525878906,49.25,49.59000015258789,48.3644905090332,16021500.0
2019-11-05,49.619998931884766,49.720001220703125,48.61000061035156,48.68000030517578,47.47698593139648,13682600.0
2019-11-06,48.150001525878906,48.29999923706055,47.11000061035156,47.68000030517578,46.50169372558594,21803600.0
2019-11-07,48.52000045776367,49.08000183105469,48.0,48.400001525878906,47.20389938354492,19253600.0
2019-11-08,47.560001373291016,48.0099983215332,46.95000076293945,47.189998626708984,46.0238037109375,18518800.0
2019-11-11,46.720001220703125,46.7400016784668,45.849998474121094,46.2599983215332,45.11677551269531,14635900.0
2019-11-12,46.79999923706055,47.68000030517578,46.68000030517578,46.900001525878906,45.740966796875,15170700.0
2019-11-13,46.5,46.54999923706055,45.810001373291016,46.29999923706055,45.155799865722656,15423600.0
2019-11-14,46.119998931884766,46.83000183105469,45.77000045776367,46.79999923706055,45.6434440612793,11797400.0
2019-11-15,47.599998474121094,48.52000045776367,47.34000015258789,47.709999084472656,46.53095245361328,17859200.0
2019-11-18,47.95000076293945,48.40999984741211,47.470001220703125,47.81999969482422,46.63822937011719,12631200.0
2019-11-19,48.11000061035156,48.18000030517578,46.279998779296875,46.58000183105469,45.42887496948242,18384000.0
2019-11-20,46.150001525878906,46.5,45.22999954223633,45.56999969482422,44.44383239746094,24660700.0
2019-11-21,45.29999923706055,46.18000030517578,45.040000915527344,45.54999923706055,44.42433166503906,14192900.0
2019-11-22,45.93000030517578,46.380001068115234,45.75,45.869998931884766,44.736427307128906,11253700.0
2019-11-25,46.099998474121094,47.54999923706055,45.939998626708984,47.52000045776367,46.345645904541016,18803600.0
2019-11-26,47.650001525878906,47.66999816894531,46.540000915527344,46.720001220703125,45.565406799316406,12849300.0
2019-11-27,47.349998474121094,48.27000045776367,47.11000061035156,48.15999984741211,46.96982192993164,15409400.0
2019-11-29,47.939998626708984,47.95000076293945,47.439998626708984,47.5099983215332,46.33588790893555,7343600.0
2019-12-02,47.56999969482422,47.95000076293945,46.349998474121094,46.38999938964844,45.24357604980469,16053800.0
2019-12-03,45.119998931884766,45.400001525878906,44.54999923706055,45.22999954223633,44.11223983764648,20321400.0
2019-12-04,46.18000030517578,46.599998474121094,45.72999954223633,46.29999923706055,45.155799865722656,16921700.0
2019-12-05,46.709999084472656,47.400001525878906,46.25,46.619998931884766,45.4678840637207,13003800.0
2019-12-06,47.439998626708984,48.33000183105469,47.31999969482422,47.93000030517578,46.745506286621094,20468100.0
2019-12-09,47.56999969482422,47.77000045776367,46.43000030517578,46.45000076293945,45.30208587646485,16540500.0
2019-12-10,47.040000915527344,47.91999816894531,46.720001220703125,47.459999084472656,46.28712844848633,19263100.0
2019-12-11,47.75,49.34000015258789,47.689998626708984,49.2599983215332,48.04265213012695,22081300.0
2019-12-12,49.36000061035156,51.33000183105469,49.31999969482422,50.970001220703125,49.71039581298828,36590800.0
2019-12-13,51.02000045776367,52.31999969482422,50.70000076293945,51.20000076293945,49.93470764160156,30039700.0
2019-12-16,52.7599983215332,54.29999923706055,52.689998626708984,52.939998626708984,51.63169860839844,38629600.0
2019-12-17,53.9900016784668,54.0,52.650001525878906,53.0,51.690223693847656,28344800.0
2019-12-18,53.0,53.720001220703125,52.369998931884766,53.040000915527344,51.72922897338867,39099100.0
2019-12-19,55.0099983215332,55.290000915527344,53.900001525878906,54.529998779296875,53.182403564453125,55792900.0
2019-12-20,54.900001525878906,55.93000030517578,54.630001068115234,55.060001373291016,53.699310302734375,44285000.0
2019-12-23,55.22999954223633,56.11000061035156,55.13999938964844,55.400001525878906,54.030906677246094,23693800.0
2019-12-24,55.45000076293945,55.63999938964844,55.040000915527344,55.41999816894531,54.050411224365234,8621900.0
2019-12-26,55.45000076293945,55.650001525878906,54.90999984741211,55.11000061035156,53.748077392578125,13537400.0
2019-12-27,55.2400016784668,55.529998779296875,53.88999938964844,54.029998779296875,52.69475555419922,17176700.0
2019-12-30,53.77000045776367,53.880001068115234,52.65999984741211,53.209999084472656,51.89503479003906,15271500.0
2019-12-31,52.90999984741211,53.900001525878906,52.779998779296875,53.779998779296875,52.45093536376953,13296400.0
2020-01-02,54.849998474121094,55.4900016784668,54.5099983215332,55.38999938964844,54.02115631103515,20173200.0
2020-01-03,54.15999984741211,55.310001373291016,54.0,54.529998779296875,53.182403564453125,16815800.0
2020-01-06,53.75,54.13999938964844,53.15999984741211,53.56999969482422,52.246131896972656,18768700.0
2020-01-07,55.380001068115234,58.400001525878906,55.36000061035156,58.27000045776367,56.829986572265625,49908200.0
2020-01-08,58.09000015258789,58.38999938964844,57.060001373291016,57.52000045776367,56.09851837158203,29730800.0
2020-01-09,58.31999969482422,58.47999954223633,56.47999954223633,57.310001373291016,55.893707275390625,22376100.0
2020-01-10,57.470001220703125,57.5,56.27000045776367,56.66999816894531,55.2695198059082,19122800.0
2020-01-13,57.0099983215332,57.779998779296875,56.86000061035156,57.45000076293945,56.03025817871094,16163000.0
2020-01-14,57.79999923706055,58.29999923706055,56.459999084472656,57.52000045776367,56.09851837158203,26454300.0
2020-01-15,57.029998779296875,57.119998931884766,55.84000015258789,56.16999816894531,54.78187561035156,21638600.0
2020-01-16,56.79999923706055,57.84000015258789,56.7599983215332,57.68000030517578,56.25456619262695,22732700.0
2020-01-17,58.02000045776367,58.119998931884766,57.0099983215332,57.65999984741211,56.235050201416016,20549200.0
2020-01-21,57.369998931884766,59.18000030517578,57.27000045776367,58.970001220703125,57.51268005371094,24821700.0
2020-01-22,59.52000045776367,60.25,58.849998474121094,59.16999816894531,57.70773696899414,22604400.0
2020-01-23,60.33000183105469,60.560001373291016,59.029998779296875,59.20000076293945,57.73699188232422,26146100.0
2020-01-24,60.0,60.02000045776367,57.2400016784668,57.7599983215332,56.33258819580078,28555300.0
2020-01-27,55.150001525878906,55.9900016784668,54.619998931884766,55.40999984741211,54.0406608581543,27310100.0
2020-01-28,56.25,56.779998779296875,55.2400016784668,56.470001220703125,55.074462890625,18544900.0
2020-01-29,55.9900016784668,57.189998626708984,55.290000915527344,55.29999923706055,53.933372497558594,19278300.0
2020-01-30,54.18000030517578,55.06999969482422,53.220001220703125,55.029998779296875,53.67005157470703,30783800.0
2020-01-31,55.150001525878906,55.20000076293945,52.70000076293945,53.09000015258789,51.77799987792969,28550800.0
2020-02-03,53.25,54.11000061035156,53.0,53.779998779296875,52.45093536376953,20471900.0
2020-02-04,55.290000915527344,56.02000045776367,54.939998626708984,55.5,54.1284294128418,19998600.0
2020-02-05,57.02000045776367,57.2599983215332,55.81999969482422,56.77000045776367,55.367042541503906,19795300.0
2020-02-06,58.08000183105469,59.16999816894531,57.40999984741211,58.68000030517578,57.2298583984375,23358700.0
2020-02-07,57.970001220703125,58.0,56.77000045776367,56.880001068115234,55.47433090209961,20891100.0
2020-02-10,56.29999923706055,57.34000015258789,56.20000076293945,57.33000183105469,55.913211822509766,15929000.0
2020-02-11,57.880001068115234,58.84000015258789,56.33000183105469,57.25,55.83518981933594,26776900.0
2020-02-12,59.040000915527344,61.189998626708984,58.900001525878906,59.27000045776367,57.805267333984375,47180800.0
2020-02-13,59.0099983215332,60.630001068115234,58.86000061035156,59.33000183105469,57.86378860473633,23679700.0
2020-02-14,60.15999984741211,60.560001373291016,58.2599983215332,58.5,57.05429458618164,20920200.0
2020-02-18,57.06999969482422,58.040000915527344,56.619998931884766,57.75,56.32283401489258,21513200.0
2020-02-19,58.58000183105469,60.25,58.560001373291016,59.9900016784668,58.507476806640625,23335500.0
2020-02-20,59.880001068115234,59.9900016784668,57.689998626708984,59.0,57.54195022583008,20797100.0
2020-02-21,58.630001068115234,58.72999954223633,55.88999938964844,56.9900016784668,55.58161544799805,27038900.0
2020-02-24,53.310001373291016,55.459999084472656,52.61000061035156,55.0099983215332,53.65054702758789,33321100.0
2020-02-25,54.84000015258789,55.45000076293945,51.54999923706055,52.099998474121094,50.81245040893555,41894200.0
2020-02-26,52.650001525878906,54.27000045776367,51.880001068115234,52.369998931884766,51.07578659057617,28075600.0
2020-02-27,50.630001068115234,52.849998474121094,49.9900016784668,50.58000183105469,49.33002471923828,36349200.0
2020-02-28,48.650001525878906,52.91999816894531,48.38999938964844,52.560001373291016,51.26109313964844,40121300.0
2020-03-02,53.20000076293945,54.689998626708984,52.099998474121094,54.59000015258789,53.240928649902344,33272700.0
2020-03-03,54.599998474121094,55.400001525878906,51.099998474121094,51.79999923706055,50.519874572753906,36893200.0
2020-03-04,53.02000045776367,55.380001068115234,52.209999084472656,55.290000915527344,53.92362594604492,28222000.0
2020-03-05,53.45000076293945,55.61000061035156,53.34000015258789,53.720001220703125,52.39244079589844,26223000.0
2020-03-06,52.20000076293945,53.189998626708984,50.0,51.470001220703125,50.198028564453125,30313700.0
2020-03-09,45.47999954223633,48.599998474121094,44.91999816894531,45.970001220703125,44.833961486816406,31260800.0
2020-03-10,48.150001525878906,48.2599983215332,45.290000915527344,47.86000061035156,46.67723846435547,31652900.0
2020-03-11,46.20000076293945,46.31999969482422,42.849998474121094,43.720001220703125,42.639556884765625,38483800.0
2020-03-12,39.400001525878906,42.540000915527344,38.0,38.810001373291016,37.85090255737305,40117200.0
2020-03-13,41.56999969482422,43.02000045776367,38.349998474121094,42.9900016784668,41.927589416503906,35264800.0
2020-03-16,37.349998474121094,39.13999938964844,34.45000076293945,34.470001220703125,33.61815643310547,36879100.0
2020-03-17,35.4900016784668,39.130001068115234,34.02000045776367,37.380001068115234,36.45623397827149,34869000.0
2020-03-18,34.2599983215332,36.560001373291016,31.1299991607666,34.689998626708984,33.83271408081055,36519000.0
2020-03-19,34.65999984741211,37.29999923706055,33.650001525878906,36.290000915527344,35.39316940307617,31015200.0
2020-03-20,37.77000045776367,38.59000015258789,35.84000015258789,36.11000061035156,35.217628479003906,37667400.0
2020-03-23,36.9900016784668,39.470001220703125,35.689998626708984,38.25,37.30472946166992,45286000.0
2020-03-24,41.81999969482422,44.41999816894531,41.13999938964844,43.27000045776367,42.200679779052734,45588000.0
2020-03-25,43.90999984741211,44.880001068115234,40.029998779296875,42.5,41.44969940185547,54091000.0
2020-03-26,44.900001525878906,45.75,43.33000183105469,44.790000915527344,43.68310546875,62450700.0
2020-03-27,43.25,45.279998779296875,42.310001373291016,43.47999954223633,42.40549087524414,39791500.0
2020-03-30,44.16999816894531,45.56999969482422,43.150001525878906,44.52000045776367,43.41979217529297,33763900.0
2020-03-31,44.400001525878906,45.16999816894531,41.90999984741211,42.060001373291016,41.02058029174805,36723700.0
2020-04-01,40.54999923706055,42.29999923706055,39.33000183105469,39.88999938964844,38.904205322265625,37452800.0
2020-04-02,39.790000915527344,41.59000015258789,39.52000045776367,41.09000015258789,40.07455062866211,31457700.0
2020-04-03,40.970001220703125,41.86000061035156,40.54999923706055,41.220001220703125,40.20133972167969,28522400.0
2020-04-06,43.349998474121094,46.689998626708984,43.34000015258789,46.369998931884766,45.224063873291016,37899100.0
2020-04-07,48.09000015258789,48.369998931884766,46.040000915527344,46.540000915527344,45.38985824584961,34646400.0
2020-04-08,47.08000183105469,48.689998626708984,46.79999923706055,48.290000915527344,47.09661865234375,27694400.0
2020-04-09,49.29999923706055,49.810001373291016,45.349998474121094,46.130001068115234,44.99000549316406,39799400.0
2020-04-13,44.900001525878906,46.38999938964844,44.38999938964844,46.16999816894531,45.02900695800781,30449900.0
2020-04-14,47.0,48.380001068115234,46.619998931884766,47.619998931884766,46.44318008422851,25738000.0
2020-04-15,46.400001525878906,46.65999984741211,45.63999938964844,46.43000030517578,45.282588958740234,22389400.0
2020-04-16,47.02000045776367,47.20000076293945,44.65999984741211,45.529998779296875,44.40483093261719,26589000.0
2020-04-17,46.779998779296875,46.88999938964844,44.849998474121094,45.70000076293945,44.57061767578125,23388300.0
2020-04-20,44.52000045776367,45.08000183105469,43.29999923706055,43.400001525878906,42.32746887207031,30463300.0
2020-04-21,43.0,43.06999969482422,41.189998626708984,41.40999984741211,40.38664245605469,32482200.0
2020-04-22,43.11000061035156,44.20000076293945,42.75,43.90999984741211,42.82485580444336,21346600.0
2020-04-23,43.81999969482422,44.720001220703125,43.41999816894531,43.77000045776367,42.688323974609375,22273100.0
2020-04-24,43.79999923706055,44.31999969482422,42.97999954223633,44.15999984741211,43.06867599487305,16581800.0
2020-04-27,45.0,45.38999938964844,44.58000183105469,45.279998779296875,44.16099548339844,16667200.0
2020-04-28,46.209999084472656,47.689998626708984,45.279998779296875,45.310001373291016,44.19026184082031,25234900.0
2020-04-29,46.58000183105469,50.13999938964844,46.33000183105469,49.83000183105469,48.59855270385742,35743000.0
2020-04-30,49.47999954223633,49.58000183105469,47.369998931884766,47.88999938964844,46.706504821777344,28585400.0
2020-05-01,46.36000061035156,46.91999816894531,44.52000045776367,45.060001373291016,43.94644546508789,28194000.0
2020-05-04,44.189998626708984,44.689998626708984,43.61000061035156,44.459999084472656,43.36126327514648,21377100.0
2020-05-05,45.45000076293945,46.95000076293945,45.11000061035156,45.40999984741211,44.287784576416016,21007500.0
2020-05-06,46.06999969482422,47.119998931884766,45.91999816894531,46.08000183105469,44.94123458862305,22011900.0
2020-05-07,47.119998931884766,47.5,46.34000015258789,46.59000015258789,45.43864059448242,16372100.0
2020-05-08,47.290000915527344,48.459999084472656,47.290000915527344,48.25,47.0576057434082,17437100.0
2020-05-11,47.7400016784668,48.72999954223633,47.439998626708984,48.20000076293945,47.00883865356445,17353500.0
2020-05-12,48.52000045776367,48.560001373291016,45.63999938964844,45.689998626708984,44.56087493896485,26738900.0
2020-05-13,45.869998931884766,45.880001068115234,42.95000076293945,43.529998779296875,42.45425033569336,35117500.0
2020-05-14,43.060001373291016,45.779998779296875,42.5099983215332,45.72999954223633,44.59988021850586,27543500.0
2020-05-15,43.279998779296875,44.779998779296875,43.2400016784668,44.40999984741211,43.31249237060547,28803900.0
2020-05-18,45.83000183105469,46.150001525878906,44.95000076293945,45.91999816894531,44.785186767578125,20307800.0
2020-05-19,45.779998779296875,46.22999954223633,45.02000045776367,45.119998931884766,44.00495910644531,17389500.0
2020-05-20,46.5099983215332,47.040000915527344,46.09000015258789,46.63999938964844,45.48739242553711,17876500.0
2020-05-21,46.5,46.56999969482422,44.7599983215332,45.220001220703125,44.10248947143555,17445300.0
2020-05-22,45.150001525878906,45.310001373291016,44.2400016784668,44.939998626708984,43.82939529418945,13385400.0
2020-05-26,46.220001220703125,46.689998626708984,45.45000076293945,45.79999923706055,44.66815185546875,24303900.0
2020-05-27,45.95000076293945,49.58000183105469,43.900001525878906,49.45000076293945,48.22795104980469,56071500.0
2020-05-28,48.70000076293945,48.790000915527344,46.06999969482422,46.470001220703125,45.32159805297851,38289300.0
2020-05-29,46.619998931884766,48.02000045776367,46.209999084472656,47.90999984741211,46.72600936889648,26337000.0
2020-06-01,47.4900016784668,47.66999816894531,46.31999969482422,46.34000015258789,45.19480895996094,21809100.0
2020-06-02,46.4900016784668,46.849998474121094,45.56999969482422,46.81999969482422,45.66294479370117,23035600.0
2020-06-03,48.040000915527344,49.41999816894531,47.45000076293945,48.91999816894531,47.7110481262207,34662100.0
2020-06-04,48.86000061035156,51.97999954223633,48.599998474121094,51.220001220703125,49.95420455932617,34830800.0
2020-06-05,52.65999984741211,54.81999969482422,52.59000015258789,53.720001220703125,52.39244079589844,34110700.0
2020-06-08,54.5,54.63999938964844,52.22999954223633,53.70000076293945,52.372920989990234,22850600.0
2020-06-09,52.650001525878906,53.5,52.45000076293945,53.150001525878906,51.83650207519531,17840800.0
2020-06-10,52.91999816894531,53.29999923706055,51.56999969482422,52.470001220703125,51.17332458496094,18766700.0
2020-06-11,50.41999816894531,51.09000015258789,48.20000076293945,48.52000045776367,47.32093048095703,29897600.0
2020-06-12,50.290000915527344,50.47999954223633,47.36000061035156,48.689998626708984,47.486724853515625,24293600.0
2020-06-15,47.36000061035156,49.72999954223633,47.099998474121094,49.2400016784668,48.02314758300781,18092300.0
2020-06-16,51.15999984741211,52.150001525878906,49.86000061035156,51.02000045776367,49.7591552734375,20987200.0
2020-06-17,51.29999923706055,51.5099983215332,50.540000915527344,50.959999084472656,49.70063400268555,13905100.0
2020-06-18,50.5,51.040000915527344,50.02000045776367,50.47999954223633,49.23249435424805,13220200.0
2020-06-19,51.15999984741211,52.75,50.75,50.83000183105469,49.573848724365234,28081500.0
2020-06-22,51.099998474121094,51.400001525878906,50.2400016784668,51.150001525878906,49.88593673706055,15952200.0
2020-06-23,50.689998626708984,50.88999938964844,49.56999969482422,49.84000015258789,48.60831832885742,23194200.0
2020-06-24,49.650001525878906,50.099998474121094,48.02000045776367,48.290000915527344,47.09661865234375,19346500.0
2020-06-25,48.2400016784668,49.310001373291016,47.279998779296875,49.189998626708984,47.974365234375,14971900.0
2020-06-26,49.150001525878906,49.349998474121094,48.13999938964844,48.4900016784668,47.29167556762695,16929700.0
2020-06-29,48.689998626708984,49.150001525878906,47.58000183105469,49.150001525878906,47.93537139892578,24666200.0
2020-06-30,51.779998779296875,52.470001220703125,50.970001220703125,51.52000045776367,50.246795654296875,47852100.0
2020-07-01,51.52000045776367,51.560001373291016,49.61000061035156,49.70000076293945,48.471771240234375,25218400.0
2020-07-02,50.5,50.75,49.47999954223633,49.83000183105469,48.59855270385742,18562400.0
2020-07-06,50.75,51.43000030517578,50.47999954223633,50.91999816894531,49.661624908447266,16321000.0
2020-07-07,50.52000045776367,50.59000015258789,49.0099983215332,49.09000015258789,47.87683868408203,19797900.0
2020-07-08,49.560001373291016,49.75,48.959999084472656,49.709999084472656,48.48151397705078,15311900.0
2020-07-09,49.849998474121094,50.38999938964844,48.72999954223633,49.97999954223633,48.74485778808594,18510800.0
2020-07-10,50.0099983215332,50.709999084472656,49.400001525878906,50.70000076293945,49.44706344604492,18128700.0
2020-07-13,51.310001373291016,52.279998779296875,49.380001068115234,49.459999084472656,48.237701416015625,23296400.0
2020-07-14,49.08000183105469,49.790000915527344,47.95000076293945,49.709999084472656,48.48151397705078,17455200.0
2020-07-15,50.209999084472656,50.650001525878906,49.40999984741211,50.5099983215332,49.26175308227539,15911400.0
2020-07-16,49.81999969482422,50.290000915527344,49.22999954223633,50.099998474121094,48.86189651489258,14014000.0
2020-07-17,50.310001373291016,50.43000030517578,49.279998779296875,49.470001220703125,48.247459411621094,15003800.0
2020-07-20,49.65999984741211,51.31999969482422,49.540000915527344,51.209999084472656,49.9444580078125,17604200.0
2020-07-21,51.619998931884766,52.65999984741211,51.22999954223633,51.52000045776367,50.246795654296875,16650200.0
2020-07-22,51.58000183105469,51.77000045776367,51.02000045776367,51.650001525878906,50.37357711791992,11412600.0
2020-07-23,51.7400016784668,54.20000076293945,51.56999969482422,52.63999938964844,51.339115142822266,33399900.0
2020-07-24,51.279998779296875,51.279998779296875,49.650001525878906,50.02000045776367,48.78386306762695,25348000.0
2020-07-27,50.599998474121094,51.709999084472656,50.4900016784668,51.59000015258789,50.315067291259766,15991700.0
2020-07-28,51.2599983215332,51.27000045776367,50.040000915527344,50.09000015258789,48.85213470458984,15614400.0
2020-07-29,50.38999938964844,50.630001068115234,49.779998779296875,50.38999938964844,49.14472198486328,14714800.0
2020-07-30,49.7400016784668,50.75,49.11000061035156,50.7400016784668,49.48606872558594,17644300.0
2020-07-31,50.619998931884766,50.70000076293945,49.2599983215332,50.060001373291016,48.82286834716797,17433200.0
2020-08-03,50.38999938964844,50.619998931884766,50.02000045776367,50.38999938964844,49.14472198486328,15143500.0
2020-08-04,50.349998474121094,51.47999954223633,50.290000915527344,51.29999923706055,50.032222747802734,15753100.0
2020-08-05,51.09000015258789,51.279998779296875,50.630001068115234,51.04999923706055,49.78840637207031,13198600.0
2020-08-06,50.0,50.029998779296875,48.31999969482422,48.70000076293945,47.49648666381836,32204700.0
2020-08-07,48.689998626708984,49.18000030517578,48.04999923706055,48.75,47.54525375366211,13637300.0
2020-08-10,48.849998474121094,49.66999816894531,48.27000045776367,49.150001525878906,47.93537139892578,15881500.0
2020-08-11,49.0099983215332,49.7400016784668,47.630001068115234,47.7599983215332,46.579715728759766,21532800.0
2020-08-12,48.380001068115234,48.72999954223633,47.65999984741211,48.47999954223633,47.28191375732422,17176600.0
2020-08-13,47.15999984741211,47.22999954223633,45.93000030517578,46.13999938964844,44.999752044677734,41051700.0
2020-08-14,45.599998474121094,46.08000183105469,45.29999923706055,45.599998474121094,44.47309494018555,18167300.0
2020-08-17,45.900001525878906,45.939998626708984,44.7400016784668,45.220001220703125,44.10248947143555,17303800.0
2020-08-18,45.060001373291016,45.15999984741211,44.04999923706055,44.400001525878906,43.3027458190918,20118100.0
2020-08-19,44.29999923706055,44.70000076293945,43.849998474121094,44.04999923706055,42.961402893066406,19455500.0
2020-08-20,42.68000030517578,43.65999984741211,42.25,42.9900016784668,41.927589416503906,22445400.0
2020-08-21,42.849998474121094,43.060001373291016,42.400001525878906,42.65999984741211,41.605751037597656,15476700.0
2020-08-24,43.119998931884766,43.81999969482422,42.88999938964844,43.7599983215332,42.678565979003906,14972200.0
2020-08-25,44.880001068115234,45.540000915527344,44.599998474121094,45.099998474121094,43.98544692993164,21524900.0
2020-08-26,45.599998474121094,45.81999969482422,44.689998626708984,44.959999084472656,43.848899841308594,15328900.0
2020-08-27,44.54999923706055,44.83000183105469,43.66999816894531,44.619998931884766,43.51730728149414,13777000.0
2020-08-28,44.619998931884766,45.790000915527344,44.40999984741211,45.689998626708984,44.56087493896485,13459100.0
2020-08-31,45.349998474121094,45.81999969482422,45.13999938964844,45.5099983215332,44.38531875610352,13241800.0
2020-09-01,45.529998779296875,45.790000915527344,45.060001373291016,45.7599983215332,44.629146575927734,14079800.0
2020-09-02,46.43000030517578,48.189998626708984,46.279998779296875,47.83000183105469,46.64799118041992,24636200.0
2020-09-03,47.7599983215332,47.83000183105469,45.849998474121094,46.33000183105469,45.185054779052734,20632800.0
2020-09-04,46.189998626708984,46.95000076293945,44.88999938964844,46.47999954223633,45.331356048583984,20608500.0
2020-09-08,44.9900016784668,46.22999954223633,44.529998779296875,45.029998779296875,43.91718292236328,20893600.0
2020-09-09,45.880001068115234,45.880001068115234,44.45000076293945,45.150001525878906,44.034217834472656,17529100.0
2020-09-10,45.470001220703125,45.95000076293945,44.689998626708984,44.869998931884766,43.76113510131836,13744700.0
2020-09-11,45.22999954223633,46.47999954223633,44.959999084472656,46.09000015258789,44.950984954833984,18365500.0
2020-09-14,48.349998474121094,49.59000015258789,48.29999923706055,49.029998779296875,47.81832504272461,26715400.0
2020-09-15,49.369998931884766,49.65999984741211,48.70000076293945,49.04999923706055,47.837833404541016,14456000.0
2020-09-16,49.11000061035156,51.220001220703125,48.959999084472656,50.209999084472656,48.96917724609375,23542200.0
2020-09-17,49.15999984741211,51.290000915527344,48.810001373291016,50.97999954223633,49.72013473510742,20556900.0
2020-09-18,51.5,52.16999816894531,49.970001220703125,50.7400016784668,49.48606872558594,25549000.0
2020-09-21,49.61000061035156,49.779998779296875,47.88999938964844,49.150001525878906,47.93537139892578,21257500.0
2020-09-22,49.27000045776367,49.779998779296875,48.779998779296875,49.70000076293945,48.471771240234375,10845300.0
2020-09-23,51.0099983215332,51.61000061035156,49.63999938964844,49.849998474121094,48.618064880371094,19160000.0
2020-09-24,49.52000045776367,50.36000061035156,49.09000015258789,49.470001220703125,48.247459411621094,13842300.0
2020-09-25,49.56999969482422,49.599998474121094,47.779998779296875,49.13999938964844,47.92561340332031,17773000.0
2020-09-28,49.63999938964844,49.77000045776367,48.130001068115234,49.720001220703125,48.49127578735352,18904000.0
2020-09-29,49.709999084472656,51.380001068115234,49.59000015258789,50.709999084472656,49.45681381225586,35676600.0
2020-09-30,48.95000076293945,49.27000045776367,46.83000183105469,46.959999084472656,45.79948043823242,55392600.0
2020-10-01,47.099998474121094,48.18000030517578,47.04999923706055,47.91999816894531,46.73575592041016,24460000.0
2020-10-02,46.86000061035156,47.52000045776367,46.5,46.54999923706055,45.39961624145508,20277500.0
2020-10-05,46.9900016784668,47.72999954223633,46.97999954223633,47.599998474121094,46.42367172241211,16933700.0
2020-10-06,47.54999923706055,48.83000183105469,47.220001220703125,47.31999969482422,46.15058517456055,17926200.0
2020-10-07,48.41999816894531,49.0,48.31999969482422,48.40999984741211,47.21364974975586,13889300.0
2020-10-08,48.9900016784668,50.0,48.220001220703125,49.900001525878906,48.66682815551758,14569700.0
2020-10-09,50.2400016784668,50.599998474121094,49.310001373291016,49.88999938964844,48.657073974609375,13933700.0
2020-10-12,50.58000183105469,50.84000015258789,50.08000183105469,50.68000030517578,49.427547454833984,13108800.0
2020-10-13,51.88999938964844,52.75,51.63999938964844,51.849998474121094,50.56863784790039,22179400.0
2020-10-14,52.0099983215332,52.25,51.349998474121094,51.630001068115234,50.35408020019531,15899400.0
2020-10-15,50.7599983215332,51.970001220703125,50.31999969482422,51.939998626708984,50.65641784667969,14000600.0
2020-10-16,52.150001525878906,52.54999923706055,51.58000183105469,51.61000061035156,50.33457565307617,14225400.0
2020-10-19,51.970001220703125,54.0,51.29999923706055,52.630001068115234,51.329368591308594,24176200.0
2020-10-20,53.13999938964844,54.20000076293945,52.75,53.529998779296875,52.207122802734375,17343400.0
2020-10-21,53.29999923706055,53.959999084472656,53.18000030517578,53.310001373291016,51.9925651550293,12922200.0
2020-10-22,53.290000915527344,54.849998474121094,53.08000183105469,54.380001068115234,53.03611755371094,14842600.0
2020-10-23,54.09000015258789,54.119998931884766,52.380001068115234,52.849998474121094,51.54392623901367,16175700.0
2020-10-26,52.400001525878906,52.88999938964844,51.400001525878906,52.13999938964844,50.85147476196289,11678900.0
2020-10-27,52.029998779296875,52.31999969482422,51.540000915527344,51.959999084472656,50.67592239379883,8964800.0
2020-10-28,50.75,50.849998474121094,49.56999969482422,50.0,48.76436233520508,15463700.0
2020-10-29,49.709999084472656,50.90999984741211,49.380001068115234,50.47999954223633,49.23249435424805,12420700.0
2020-10-30,50.0099983215332,50.43000030517578,49.29999923706055,50.34000015258789,49.095951080322266,15955700.0
2020-11-02,50.790000915527344,50.790000915527344,49.439998626708984,49.709999084472656,48.48151397705078,13103200.0
2020-11-03,50.130001068115234,51.59000015258789,50.0099983215332,51.08000183105469,49.81766891479492,11429500.0
2020-11-04,51.72999954223633,52.5,50.93000030517578,51.959999084472656,50.67592239379883,13554400.0
2020-11-05,52.880001068115234,54.779998779296875,52.779998779296875,54.58000183105469,53.23117446899414,16373600.0
2020-11-06,54.459999084472656,55.40999984741211,54.33000183105469,55.15999984741211,53.796836853027344,13922600.0
2020-11-09,56.470001220703125,57.83000183105469,55.869998931884766,55.959999084472656,54.57706069946289,20968500.0
2020-11-10,55.130001068115234,55.939998626708984,54.36000061035156,55.40999984741211,54.0406608581543,14502100.0
2020-11-11,55.970001220703125,56.939998626708984,55.849998474121094,56.36000061035156,54.96718978881836,14765500.0
2020-11-12,56.599998474121094,56.970001220703125,55.88999938964844,56.25,54.859893798828125,13785600.0
2020-11-13,56.790000915527344,58.189998626708984,56.75,57.93000030517578,56.498390197753906,14318800.0
2020-11-16,59.720001220703125,61.90999984741211,59.61000061035156,61.86000061035156,60.33126449584961,31397200.0
2020-11-17,61.0,62.20000076293945,60.29999923706055,61.9900016784668,60.45804977416992,17703600.0
2020-11-18,61.5,62.040000915527344,60.630001068115234,60.7400016784668,59.23893737792969,18734500.0
2020-11-19,60.040000915527344,61.970001220703125,59.650001525878906,61.83000183105469,60.302005767822266,12723600.0
2020-11-20,61.47999954223633,62.63999938964844,61.349998474121094,61.400001525878906,59.88262939453125,14115700.0
2020-11-23,62.61000061035156,64.5,62.29999923706055,64.18000030517578,62.59392929077149,20612600.0
2020-11-24,64.29000091552734,64.29000091552734,62.88999938964844,63.95000076293945,62.36961364746094,22625600.0
2020-11-25,63.65999984741211,64.0,62.61000061035156,63.43000030517578,61.86246109008789,12468500.0
2020-11-27,63.83000183105469,64.80000305175781,63.5099983215332,64.2300033569336,62.64269256591797,7500200.0
2020-11-30,64.55999755859375,65.25,63.58000183105469,64.08999633789062,62.50614929199219,20373500.0
2020-12-01,65.25,68.62999725341797,65.13999938964844,67.08000183105469,65.42227935791016,36160400.0
2020-12-02,67.61000061035156,69.38999938964844,66.76000213623047,69.11000061035156,67.40208435058594,23298900.0
2020-12-03,70.56999969482422,71.12000274658203,69.55000305175781,69.9000015258789,68.17256927490234,20462300.0
2020-12-04,71.11000061035156,74.37999725341797,70.54000091552734,73.33999633789062,71.52754974365234,31860800.0
2020-12-07,73.29000091552734,73.4000015258789,71.4800033569336,72.61000061035156,70.81560516357422,17460600.0
2020-12-08,72.0,73.55000305175781,71.9800033569336,73.19000244140625,71.38126373291016,15431100.0
2020-12-09,73.1500015258789,74.61000061035156,70.77999877929688,71.41000366210938,69.645263671875,18367300.0
2020-12-10,70.13999938964844,71.94999694824219,69.66999816894531,71.27999877929688,69.51848602294922,15610600.0
2020-12-11,70.37999725341797,71.31999969482422,69.4000015258789,70.52999877929688,68.78700256347656,15322000.0
2020-12-14,71.4000015258789,72.19999694824219,71.02999877929688,71.54000091552734,69.77204895019531,13573700.0
2020-12-15,72.80999755859375,73.37000274658203,72.33000183105469,73.1500015258789,71.3422622680664,11538300.0
2020-12-16,74.19000244140625,74.3499984741211,72.62999725341797,72.98999786376953,71.18621826171875,13889300.0
2020-12-17,73.58999633789062,73.73999786376953,71.76000213623047,72.26000213623047,70.4742660522461,11988100.0
2020-12-18,72.69999694824219,73.44999694824219,71.05999755859375,71.45999908447266,69.69403076171875,23912500.0
2020-12-21,70.0,71.69999694824219,69.6500015258789,71.47000122070312,69.70377349853516,13180400.0
2020-12-22,71.51000213623047,71.77999877929688,69.76000213623047,70.44000244140625,68.69922637939453,11154200.0
2020-12-23,70.47000122070312,71.05999755859375,69.88999938964844,69.94999694824219,68.2213363647461,8524000.0
2020-12-24,70.30999755859375,70.63999938964844,69.76000213623047,70.58000183105469,68.83577728271484,4848500.0
2020-12-28,71.79000091552734,72.11000061035156,70.47000122070312,70.66000366210938,68.91378784179688,8345200.0
2020-12-29,71.0,71.4000015258789,69.13999938964844,70.20999908447266,68.47491455078125,9403400.0
2020-12-30,70.41999816894531,72.6500015258789,70.37000274658203,71.91999816894531,70.14264678955078,11620300.0
2020-12-31,72.38999938964844,75.68000030517578,72.37000274658203,75.18000030517578,73.32209014892578,23214500.0
2021-01-04,76.4800033569336,78.61000061035156,73.75,74.05000305175781,72.22003173828125,31155900.0
2021-01-05,76.44000244140625,78.69000244140625,76.02999877929688,77.26000213623047,75.35069274902344,33418200.0
2021-01-06,76.36000061035156,78.44999694824219,76.0999984741211,77.11000061035156,75.20439147949219,22390900.0
2021-01-07,78.05999755859375,80.08000183105469,78.05000305175781,79.11000061035156,77.15496826171875,27945300.0
2021-01-08,82.54000091552734,84.16000366210938,77.06999969482422,77.41999816894531,75.50672912597656,51272100.0
2021-01-11,76.58999633789062,79.79000091552734,76.41999816894531,78.66999816894531,76.72583770751953,19920800.0
2021-01-12,79.19000244140625,79.62000274658203,77.81999969482422,79.45999908447266,77.4963150024414,18231000.0
2021-01-13,78.94999694824219,80.38999938964844,78.55000305175781,79.91000366210938,77.93519592285156,15067700.0
2021-01-14,80.01000213623047,82.20999908447266,79.55000305175781,81.30000305175781,79.29083251953125,17639300.0
2021-01-15,80.91999816894531,81.87999725341797,79.52999877929688,80.72000122070312,78.72518920898438,14322600.0
2021-01-19,81.27999877929688,85.68000030517578,80.95999908447266,85.5,83.38705444335938,26602500.0
2021-01-20,85.93000030517578,87.25,83.2300033569336,83.5,81.43648529052734,21191700.0
2021-01-21,84.0,85.0999984741211,82.51000213623047,85.01000213623047,82.90916442871094,14696200.0
2021-01-22,84.08000183105469,84.94999694824219,82.2300033569336,82.27999877929688,80.24662017822266,14229500.0
2021-01-25,83.19000244140625,83.5,78.88999938964844,81.27999877929688,79.2713394165039,19283400.0
2021-01-26,81.79000091552734,81.9800033569336,79.01000213623047,79.51000213623047,77.54508209228516,13678000.0
2021-01-27,77.33000183105469,77.58999633789062,74.33000183105469,75.08999633789062,73.23430633544922,23513400.0
2021-01-28,77.19999694824219,80.18000030517578,76.72000122070312,78.38999938964844,76.45276641845703,18351400.0
2021-01-29,78.36000061035156,79.37000274658203,76.94999694824219,78.2699966430664,76.3357162475586,17934400.0
2021-02-01,79.58999633789062,81.08999633789062,78.4800033569336,80.43000030517578,78.44232177734375,14900200.0
2021-02-02,81.26000213623047,81.73999786376953,79.91999816894531,81.62000274658203,79.60294342041016,11386200.0
2021-02-03,81.8499984741211,82.52999877929688,78.97000122070312,79.11000061035156,77.15496826171875,17456000.0
2021-02-04,79.1500015258789,81.33999633789062,78.95999908447266,81.25,79.24207305908203,11519700.0
2021-02-05,81.7699966430664,82.0199966430664,80.72000122070312,81.0999984741211,79.09579467773438,10958000.0
2021-02-08,81.75,84.05999755859375,81.63999938964844,84.01000213623047,81.93387603759766,12394800.0
2021-02-09,83.3499984741211,84.0,82.4000015258789,83.31999969482422,81.26091766357422,10362500.0
2021-02-10,84.0,84.44000244140625,81.30000305175781,82.3499984741211,80.31488800048828,9869200.0
2021-02-11,84.4000015258789,86.63999938964844,84.0,86.4800033569336,84.34283447265625,18750400.0
2021-02-12,86.11000061035156,88.31999969482422,85.45999908447266,88.01000213623047,85.83503723144531,14273900.0
2021-02-16,89.22000122070312,89.22000122070312,87.05000305175781,87.73999786376953,85.5716781616211,10312800.0
2021-02-17,86.69000244140625,87.31999969482422,84.9000015258789,86.05000305175781,83.9234619140625,10033500.0
2021-02-18,86.5199966430664,88.7300033569336,85.95999908447266,88.54000091552734,86.3519287109375,19168100.0
2021-02-19,90.25,91.48999786376952,88.80999755859375,90.95999908447266,88.7121353149414,21886500.0
2021-02-22,89.52999877929688,90.5199966430664,85.91999816894531,86.27999877929688,84.14777374267578,16077000.0
2021-02-23,85.23999786376953,89.19999694824219,82.44000244140625,88.2300033569336,86.04956817626953,23203200.0
2021-02-24,88.30000305175781,92.5999984741211,87.7300033569336,92.5199966430664,90.23355102539062,21281700.0
2021-02-25,91.5199966430664,93.0999984741211,87.58000183105469,88.12000274658203,85.94229888916016,22546200.0
2021-02-26,89.73999786376953,92.94000244140624,88.2300033569336,91.52999877929688,89.26803588867188,22787600.0
2021-03-01,94.54000091552734,95.75,92.56999969482422,94.76000213623048,92.41822814941406,19908900.0
2021-03-02,93.56999969482422,94.9000015258789,90.9000015258789,91.08999633789062,88.8388900756836,18679600.0
2021-03-03,90.56999969482422,93.33000183105467,88.38999938964844,89.11000061035156,86.90782928466797,26424100.0
2021-03-04,88.80999755859375,89.75,81.8499984741211,84.33000183105469,82.24596405029297,31971100.0
2021-03-05,87.52999877929688,89.31999969482422,83.30000305175781,88.93000030517578,86.73228454589844,30329100.0
2021-03-08,88.56999969482422,89.72000122070312,84.87000274658203,85.05000305175781,82.94817352294922,22708300.0
2021-03-09,88.0,90.18000030517578,86.30000305175781,89.30000305175781,87.09314727783203,22301400.0
2021-03-10,90.01000213623047,90.01000213623047,85.30999755859375,85.41000366210938,83.29927062988281,23407800.0
2021-03-11,87.58999633789062,90.22000122070312,86.8499984741211,89.30999755859375,87.10289001464844,20716500.0
2021-03-12,87.56999969482422,88.52999877929688,86.43000030517578,87.7699966430664,85.60094451904297,21916400.0
2021-03-15,87.7699966430664,88.91000366210938,86.13999938964844,88.8499984741211,86.65426635742188,16144400.0
2021-03-16,90.75,94.68000030517578,90.11000061035156,91.43000030517578,89.17050170898438,28539000.0
2021-03-17,91.33000183105467,95.48999786376952,90.0999984741211,94.76000213623048,92.41822814941406,24616700.0
2021-03-18,92.97000122070312,93.4800033569336,89.41000366210938,89.81999969482422,87.60027313232422,27081000.0
2021-03-19,90.36000061035156,92.68000030517578,88.88999938964844,90.51000213623048,88.27324676513672,24963400.0
2021-03-22,91.83000183105467,92.41999816894533,89.6500015258789,91.27999877929688,89.02420806884766,19365800.0
2021-03-23,91.0199966430664,91.2699966430664,84.97000122070312,85.4000015258789,83.2895278930664,32043800.0
2021-03-24,87.05999755859375,87.1500015258789,82.91999816894531,83.0,80.9488296508789,24232800.0
2021-03-25,81.13999938964844,84.43000030517578,80.48999786376953,84.08999633789062,82.01189422607422,23630200.0
2021-03-26,84.16000366210938,88.13999938964844,84.02999877929688,87.98999786376953,85.81550598144531,23949100.0
2021-03-29,87.76000213623047,88.25,85.7699966430664,86.58999633789062,84.45012664794922,21772800.0
2021-03-30,86.26000213623047,87.22000122070312,85.25,86.54000091552734,84.40135955810547,13897000.0
2021-03-31,87.44000244140625,89.08000183105469,86.70999908447266,88.20999908447266,86.03009033203125,25372300.0
2021-04-01,93.0,94.37999725341795,91.25,92.41000366210938,90.12629699707033,39700600.0
2021-04-05,93.93000030517578,94.66999816894533,92.47000122070312,93.75,91.43316650390624,19795100.0
2021-04-06,93.83999633789062,96.0999984741211,92.66000366210938,93.48999786376952,91.17961883544922,22847000.0
2021-04-07,94.25,95.06999969482422,92.54000091552734,93.95999908447266,91.63797760009766,17621500.0
2021-04-08,95.0,96.38999938964844,93.77999877929688,95.29000091552734,92.93511199951172,17815600.0
2021-04-09,94.33999633789062,95.37999725341795,93.30999755859376,95.3000030517578,92.94487762451172,14080200.0
2021-04-12,95.19000244140624,96.95999908447266,94.75,95.58999633789062,93.22770690917967,18818300.0
2021-04-13,96.29000091552734,96.81999969482422,91.4000015258789,92.1500015258789,89.87272644042969,27102100.0
2021-04-14,91.66000366210938,92.52999877929688,89.51000213623047,90.66999816894533,88.42929077148438,19117400.0
2021-04-15,91.75,91.95999908447266,89.44999694824219,90.2699966430664,88.03915405273438,16017000.0
2021-04-16,90.44000244140624,91.33000183105467,90.08000183105467,90.66000366210938,88.41954040527344,12358700.0
2021-04-19,90.66999816894533,90.68000030517578,86.5199966430664,88.41000366210938,86.22515106201172,21361600.0
2021-04-20,88.37999725341797,88.94999694824219,86.52999877929688,87.4800033569336,85.31810760498047,17396900.0
2021-04-21,87.05999755859375,89.55999755859375,86.33000183105469,89.48999786376953,87.2784423828125,14781300.0
2021-04-22,88.19999694824219,88.36000061035156,83.9000015258789,84.70999908447266,82.6165542602539,34044100.0
2021-04-23,85.23999786376953,86.45999908447266,84.56999969482422,86.02999877929688,83.90397644042969,18118600.0
2021-04-26,86.47000122070312,88.30000305175781,86.11000061035156,87.83999633789062,85.6692123413086,14757700.0
2021-04-27,89.33000183105469,90.19000244140624,88.02999877929688,89.45999908447266,87.24919128417969,17681000.0
2021-04-28,87.66000366210938,87.76000213623047,85.3499984741211,86.02999877929688,83.90397644042969,19433500.0
2021-04-29,87.72000122070312,88.08999633789062,85.55000305175781,88.05999755859375,85.8837890625,16463300.0
2021-04-30,86.93000030517578,88.4800033569336,85.55999755859375,86.06999969482422,83.94296264648438,14548100.0
2021-05-03,86.97000122070312,87.01000213623047,83.87000274658203,85.0199966430664,82.91891479492188,16300400.0
2021-05-04,84.13999938964844,85.44000244140625,82.02999877929688,84.41000366210938,82.32398986816406,17850500.0
2021-05-05,85.48999786376953,85.94999694824219,84.02999877929688,85.1500015258789,83.04569244384766,13172100.0
2021-05-06,84.87000274658203,85.12000274658203,83.27999877929688,84.80000305175781,82.70435333251953,13716900.0
2021-05-07,85.91000366210938,86.31999969482422,84.98999786376953,85.9800033569336,83.85517883300781,12746100.0
2021-05-10,84.94999694824219,85.0,80.80000305175781,80.8499984741211,78.85196685791016,24862900.0
2021-05-11,77.2699966430664,80.76000213623047,76.81999969482422,80.68000030517578,78.68617248535156,23227800.0
2021-05-12,79.13999938964844,79.97000122070312,76.41000366210938,76.80000305175781,74.90206909179688,23472600.0
2021-05-13,77.97000122070312,78.86000061035156,76.52999877929688,77.19000244140625,75.28241729736328,20153800.0
2021-05-14,78.79000091552734,80.1500015258789,77.08000183105469,79.69999694824219,77.7303695678711,18241100.0
2021-05-17,79.0999984741211,80.41999816894531,77.72000122070312,80.38999938964844,78.40335083007812,15011500.0
2021-05-18,80.55000305175781,80.91999816894531,78.80000305175781,78.87999725341797,76.9306411743164,20893800.0
2021-05-19,77.20999908447266,80.2699966430664,76.16000366210938,79.93000030517578,77.95470428466797,27300000.0
2021-05-20,80.5,81.48999786376953,79.5199966430664,81.12999725341797,79.12503814697266,17123000.0
2021-05-21,81.7699966430664,81.98999786376953,80.37000274658203,80.72000122070312,78.72518920898438,13076900.0
2021-05-24,81.41999816894531,83.62000274658203,81.36000061035156,82.9000015258789,80.8512954711914,15730400.0
2021-05-25,83.56999969482422,83.70999908447266,79.70999908447266,81.2300033569336,79.22258758544922,26272100.0
2021-05-26,81.58000183105469,82.44000244140625,81.0199966430664,82.23999786376953,80.20760345458984,12609800.0
2021-05-27,82.45999908447266,84.75,82.33000183105469,83.93000030517578,81.8558578491211,22286500.0
2021-05-28,84.22000122070312,84.7300033569336,83.22000122070312,84.13999938964844,82.06066131591797,11330300.0
2021-06-01,84.91999816894531,85.76000213623047,83.62000274658203,84.1500015258789,82.07041931152344,11067200.0
2021-06-02,84.38999938964844,84.81999969482422,83.44999694824219,84.33999633789062,82.2557144165039,10314200.0
2021-06-03,83.68000030517578,84.06999969482422,81.88999938964844,82.02999877929688,80.00279998779297,14742100.0
2021-06-04,82.97000122070312,84.37000274658203,82.8499984741211,83.76000213623047,81.69005584716797,12591100.0
2021-06-07,83.19000244140625,84.2300033569336,82.6500015258789,84.04000091552734,81.96314239501953,9006400.0
2021-06-08,84.97000122070312,84.9800033569336,80.01000213623047,80.52999877929688,78.53984832763672,29666500.0
2021-06-09,80.16999816894531,80.55999755859375,78.5199966430664,78.66000366210938,76.7160873413086,21434900.0
2021-06-10,79.4000015258789,80.83999633789062,78.52999877929688,79.27999877929688,77.32076263427734,22683300.0
2021-06-11,80.06999969482422,80.76000213623047,79.20999908447266,79.33999633789062,77.3792724609375,12675700.0
2021-06-14,79.5,80.94000244140625,79.37000274658203,80.48999786376953,78.5008544921875,14303000.0
2021-06-15,80.63999938964844,82.91000366210938,79.91999816894531,82.18000030517578,80.14910125732422,22308600.0
2021-06-16,82.7300033569336,83.11000061035156,80.12000274658203,80.48999786376953,78.5008544921875,18116400.0
2021-06-17,79.69999694824219,81.44000244140625,79.36000061035156,80.63999938964844,78.64714813232422,16003900.0
2021-06-18,78.9000015258789,79.27999877929688,76.12999725341797,76.94999694824219,75.04835510253906,39881500.0
2021-06-21,76.8499984741211,77.29000091552734,75.70999908447266,77.06999969482422,75.16537475585938,19810100.0
2021-06-22,77.61000061035156,78.27999877929688,77.05000305175781,77.66000366210938,75.74081420898438,16771800.0
2021-06-23,78.0999984741211,79.87000274658203,78.06999969482422,79.0199966430664,77.06719970703125,16662200.0
2021-06-24,80.43000030517578,80.9000015258789,79.91999816894531,80.58000183105469,78.58863830566406,15721000.0
2021-06-25,81.56999969482422,82.83999633789062,81.08999633789062,82.02999877929688,80.00279998779297,19603800.0
2021-06-28,82.62999725341797,83.5999984741211,82.16000366210938,83.37999725341797,81.31945037841797,18365500.0
2021-06-29,83.54000091552734,83.83999633789062,81.87000274658203,82.93000030517578,80.88056945800781,18530800.0
2021-06-30,84.8499984741211,85.4000015258789,83.43000030517578,84.9800033569336,82.87989044189453,40670800.0
2021-07-01,82.23999786376953,82.25,79.91000366210938,80.11000061035156,78.13024139404297,53299000.0
2021-07-02,80.61000061035156,80.88999938964844,78.88999938964844,80.33000183105469,78.3448257446289,22685500.0
2021-07-06,80.79000091552734,81.54000091552734,79.76000213623047,81.08000183105469,79.0762939453125,21126500.0
2021-07-07,81.69000244140625,81.80999755859375,77.94999694824219,78.22000122070312,76.28695678710938,23026900.0
2021-07-08,76.25,77.87999725341797,75.95999908447266,77.11000061035156,75.20439147949219,23114500.0
2021-07-09,77.41000366210938,78.94999694824219,76.7300033569336,78.73999786376953,76.79410552978516,15441100.0
2021-07-12,78.75,79.7300033569336,77.70999908447266,79.55999755859375,77.59384155273438,12639300.0
2021-07-13,79.27999877929688,79.5,78.0999984741211,78.44999694824219,76.51128387451172,14263400.0
2021-07-14,79.3499984741211,80.76000213623047,78.31999969482422,78.48999786376953,76.55028533935547,15952300.0
2021-07-15,78.33999633789062,78.45999908447266,76.33999633789062,76.91999816894531,75.01910400390625,16616800.0
2021-07-16,77.16000366210938,77.61000061035156,74.83999633789062,75.01000213623047,73.15629577636719,19132100.0
2021-07-19,73.83999633789062,74.68000030517578,73.19999694824219,74.58000183105469,72.73692321777344,23436900.0
2021-07-20,74.66000366210938,75.91999816894531,73.7699966430664,75.38999938964844,73.52690124511719,14855800.0
2021-07-21,75.3499984741211,77.23999786376953,75.33999633789062,77.19000244140625,75.28241729736328,15945800.0
2021-07-22,76.2300033569336,76.25,74.45999908447266,75.52999877929688,73.66342163085938,19042200.0
2021-07-23,75.93000030517578,76.04000091552734,74.9000015258789,75.94000244140625,74.06330108642578,12345200.0
2021-07-26,75.80999755859375,77.4800033569336,75.51000213623047,76.30000305175781,74.41439819335938,12023900.0
2021-07-27,74.79000091552734,74.79000091552734,72.51000213623047,74.22000122070312,72.38581085205078,23940500.0
2021-07-28,74.55000305175781,76.01000213623047,74.37999725341797,75.55000305175781,73.6829605102539,14348300.0
2021-07-29,76.08000183105469,77.12000274658203,75.94999694824219,77.08000183105469,75.17513275146484,14529400.0
2021-07-30,76.12999725341797,78.11000061035156,76.05999755859375,77.58000183105469,75.66278076171875,12528900.0
2021-08-02,79.04000091552734,79.48999786376953,77.47000122070312,77.63999938964844,75.72130584716797,14904200.0
2021-08-03,78.87000274658203,81.06999969482422,77.94000244140625,80.86000061035156,78.86172485351562,25807600.0
2021-08-04,80.44999694824219,83.08999633789062,79.54000091552734,81.9800033569336,79.95403289794922,29176900.0
2021-08-05,82.13999938964844,83.06999969482422,81.16000366210938,81.48999786376953,79.47615814208984,14821000.0
2021-08-06,81.19999694824219,82.87999725341797,81.05000305175781,82.0,79.97354125976562,14612600.0
2021-08-09,81.7300033569336,82.04000091552734,80.08000183105469,80.20999908447266,78.227783203125,13363300.0
2021-08-10,79.81999969482422,79.81999969482422,75.7699966430664,75.91000366210938,74.03404235839844,40705000.0
2021-08-11,76.04000091552734,76.05000305175781,73.72000122070312,75.02999877929688,73.17578887939453,31624900.0
2021-08-12,72.18000030517578,72.19999694824219,68.80999755859375,70.25,68.513916015625,72492400.0
2021-08-13,70.05000305175781,71.23999786376953,69.87999725341797,70.91999816894531,69.16736602783203,25301400.0
2021-08-16,70.19999694824219,71.76000213623047,69.91999816894531,70.93000030517578,69.1771240234375,18135900.0
2021-08-17,70.16999816894531,71.44999694824219,69.61000061035156,70.77999877929688,69.03083801269531,17545800.0
2021-08-18,71.25,71.87999725341797,70.58000183105469,70.62000274658203,68.87479400634766,14004300.0
2021-08-19,70.13999938964844,70.81999969482422,69.04000091552734,70.27999877929688,68.5431900024414,18022600.0
2021-08-20,70.13999938964844,71.02999877929688,69.58000183105469,70.2300033569336,68.49441528320312,14603100.0
2021-08-23,70.83999633789062,71.87999725341797,68.9000015258789,71.73999786376953,69.96709442138672,22265000.0
2021-08-24,72.13999938964844,72.69000244140625,71.69000244140625,71.9800033569336,70.20117950439453,18092700.0
2021-08-25,72.79000091552734,77.02999877929688,72.18000030517578,74.04000091552734,72.21025085449219,36552100.0
2021-08-26,73.2300033569336,73.23999786376953,71.69999694824219,72.7699966430664,70.97164154052734,20315100.0
2021-08-27,72.45999908447266,74.1500015258789,72.1500015258789,74.0,72.17124938964844,14994200.0
2021-08-30,74.12000274658203,74.75,72.83000183105469,73.16000366210938,71.35202026367188,12810700.0
2021-08-31,73.68000030517578,74.62000274658203,73.31999969482422,73.69999694824219,71.87866973876953,14807400.0
2021-09-01,74.31999969482422,74.31999969482422,73.0199966430664,73.72000122070312,71.8981704711914,14007100.0
2021-09-02,73.20999908447266,74.01000213623047,72.30999755859375,73.98999786376953,72.16149139404297,14803300.0
2021-09-03,74.0,74.72000122070312,73.5999984741211,73.80999755859375,71.98595428466797,9222500.0
2021-09-07,73.76000213623047,74.48999786376953,73.16000366210938,73.63999938964844,71.82012176513672,12028400.0
2021-09-08,73.19999694824219,73.23999786376953,71.11000061035156,72.2699966430664,70.48400115966797,17375500.0
2021-09-09,71.62999725341797,73.2699966430664,71.41999816894531,72.87000274658203,71.06917572021484,14638100.0
2021-09-10,73.7699966430664,75.62999725341797,73.45999908447266,73.5,71.68360900878906,18240600.0
2021-09-13,74.55999755859375,75.22000122070312,73.5199966430664,74.3499984741211,72.51258087158203,15796700.0
2021-09-14,73.79000091552734,74.12000274658203,72.91000366210938,73.48999786376953,71.67384338378906,13945100.0
2021-09-15,72.94999694824219,73.93000030517578,71.76000213623047,73.81999969482422,71.99568939208984,15258800.0
2021-09-16,73.30000305175781,74.95999908447266,72.77999877929688,74.62999725341797,72.78568267822266,12867700.0
2021-09-17,74.41000366210938,74.5,73.31999969482422,74.30000305175781,72.46385192871094,20449600.0
2021-09-20,72.5999984741211,72.76000213623047,71.19000244140625,72.37000274658203,70.58154296875,23228300.0
2021-09-21,72.91999816894531,73.12999725341797,71.66000366210938,72.13999938964844,70.35719299316406,16026800.0
2021-09-22,73.04000091552734,74.58000183105469,72.63999938964844,73.97000122070312,72.1419906616211,16996100.0
2021-09-23,73.61000061035156,74.79000091552734,73.25,74.04000091552734,72.21025085449219,17304500.0
2021-09-24,73.30000305175781,74.5,73.06999969482422,74.05000305175781,72.22003173828125,14804300.0
2021-09-27,73.6500015258789,75.87999725341797,73.51000213623047,75.18000030517578,73.32209014892578,18435200.0
2021-09-28,74.5,74.98999786376953,73.05999755859375,73.0999984741211,71.29349517822266,27311500.0
2021-09-29,71.16000366210938,73.31999969482422,70.22000122070312,71.63999938964844,69.86956787109375,38169200.0
2021-09-30,72.19999694824219,72.5999984741211,70.86000061035156,70.9800033569336,69.3226547241211,16923300.0
2021-10-01,71.33999633789062,71.56999969482422,70.0999984741211,70.98999786376953,69.3324203491211,17813800.0
2021-10-04,70.5999984741211,71.56999969482422,70.36000061035156,70.62000274658203,68.97105407714844,19525700.0
2021-10-05,71.20999908447266,71.20999908447266,69.61000061035156,70.5,68.85386657714844,14512100.0
2021-10-06,69.80000305175781,70.37999725341797,69.02999877929688,69.94000244140625,68.30693054199219,17899300.0
2021-10-07,70.4000015258789,71.66999816894531,70.12000274658203,70.54000091552734,68.8929443359375,15236100.0
2021-10-08,70.93000030517578,70.94000244140625,69.69999694824219,70.12000274658203,68.48274230957031,13666200.0
2021-10-11,69.9000015258789,70.36000061035156,69.18000030517578,69.22000122070312,67.6037368774414,12700200.0
2021-10-12,69.38999938964844,69.43000030517578,65.66999816894531,66.72000122070312,65.16211700439453,36911700.0
2021-10-13,66.73999786376953,67.41999816894531,66.2300033569336,66.37999725341797,64.8300552368164,17532400.0
2021-10-14,67.27999877929688,68.08000183105469,66.80999755859375,67.80000305175781,66.2168960571289,15541600.0
2021-10-15,68.08999633789062,68.45999908447266,67.4800033569336,67.68000030517578,66.09972381591797,11786100.0
2021-10-18,67.01000213623047,67.62999725341797,66.29000091552734,67.26000213623047,65.68952941894531,11849300.0
2021-10-19,67.37000274658203,67.88999938964844,66.63999938964844,67.56999969482422,65.99226379394531,16930300.0
2021-10-20,67.19999694824219,69.19999694824219,67.01000213623047,68.2699966430664,66.6759262084961,19457800.0
2021-10-21,67.94999694824219,68.69999694824219,67.66999816894531,68.63999938964844,67.03727722167969,11140700.0
2021-10-22,68.51000213623047,69.08999633789062,67.08000183105469,67.51000213623047,65.93367767333984,17892100.0
2021-10-25,69.62000274658203,71.12000274658203,68.54000091552734,68.76000213623047,67.15450286865234,23341300.0
2021-10-26,69.37000274658203,69.81999969482422,68.47000122070312,68.94000244140625,67.33029174804688,14267900.0
2021-10-27,68.5199966430664,68.69000244140625,67.44999694824219,68.23999786376953,66.64659881591797,13541900.0
2021-10-28,69.29000091552734,70.3499984741211,69.18000030517578,69.58000183105469,67.95533752441406,16966000.0
2021-10-29,68.38999938964844,69.55000305175781,68.04000091552734,69.0999984741211,67.48656463623047,11440900.0
2021-11-01,68.97000122070312,70.97000122070312,68.94000244140625,70.69999694824219,69.0491714477539,11988400.0
2021-11-02,70.48999786376953,70.8499984741211,70.04000091552734,70.76000213623047,69.10778045654297,9761100.0
2021-11-03,70.72000122070312,71.33000183105469,70.26000213623047,71.25,69.58634185791016,10266900.0
2021-11-04,72.37000274658203,72.4800033569336,71.04000091552734,72.23999786376953,70.55322265625,15936600.0
2021-11-05,73.0,73.73999786376953,72.36000061035156,72.91999816894531,71.21733856201172,13019300.0
2021-11-08,73.31999969482422,75.02999877929688,73.12000274658203,74.55999755859375,72.81906127929688,18742300.0
2021-11-09,75.0999984741211,76.2699966430664,74.55999755859375,75.58999633789062,73.82501983642578,20127300.0
2021-11-10,74.16000366210938,75.1500015258789,73.19999694824219,73.41000366210938,71.69591522216797,15228300.0
2021-11-11,74.0199966430664,74.95999908447266,73.62000274658203,74.55000305175781,72.80929565429688,12192600.0
2021-11-12,75.0199966430664,78.0199966430664,74.94999694824219,77.30000305175781,75.49507904052734,26553200.0
2021-11-15,77.76000213623047,78.27999877929688,76.5999984741211,76.77999877929688,74.98722839355469,12650700.0
2021-11-16,76.55999755859375,77.1500015258789,75.77999877929688,76.80999755859375,75.01651000976562,11807600.0
2021-11-17,76.4800033569336,76.56999969482422,75.19000244140625,75.45999908447266,73.69804382324219,11600500.0
2021-11-18,76.9000015258789,77.5,75.75,77.0199966430664,75.22163391113281,16848200.0
2021-11-19,78.93000030517578,83.86000061035156,78.93000030517578,83.02999877929688,81.09127807617188,47216100.0
2021-11-22,83.66000366210938,87.66999816894531,83.66000366210938,83.86000061035156,81.90190887451172,34775200.0
2021-11-23,85.04000091552734,87.70999908447266,84.33000183105469,85.41000366210938,83.41572570800781,31823300.0
2021-11-24,84.75,87.16000366210938,84.61000061035156,86.20999908447266,84.197021484375,21666100.0
2021-11-26,83.12999725341797,84.05000305175781,81.9800033569336,83.41999816894531,81.47217559814453,16487200.0
2021-11-29,84.37999725341797,86.2699966430664,84.16000366210938,86.13999938964844,84.128662109375,18889800.0
2021-11-30,85.58000183105469,86.91999816894531,83.94999694824219,84.0,82.03863525390625,27301000.0
2021-12-01,86.55000305175781,89.05000305175781,85.0,85.1500015258789,83.16177368164062,31633400.0
2021-12-02,82.62999725341797,83.58999633789062,81.3499984741211,82.87999725341797,80.94479370117188,22994500.0
2021-12-03,83.70999908447266,84.43000030517578,80.63999938964844,81.62000274658203,79.71421813964844,19167200.0
2021-12-06,81.83000183105469,83.2300033569336,80.52999877929688,82.44999694824219,80.52483367919922,15094900.0
2021-12-07,84.41999816894531,87.04000091552734,84.33000183105469,85.83000183105469,83.8259048461914,21716900.0
2021-12-08,85.44000244140625,86.33999633789062,84.02999877929688,86.0199966430664,84.01148223876953,12908500.0
2021-12-09,85.30000305175781,86.54000091552734,84.62999725341797,84.93000030517578,82.94691467285156,11964300.0
2021-12-10,84.33999633789062,85.68000030517578,84.12999725341797,85.54000091552734,83.54268646240234,11955900.0
2021-12-13,86.61000061035156,87.37999725341797,84.19999694824219,84.3499984741211,82.38044738769531,13054400.0
2021-12-14,83.22000122070312,84.7699966430664,82.91000366210938,83.29000091552734,81.34521484375,12082500.0
2021-12-15,83.4800033569336,85.79000091552734,82.05999755859375,85.66000366210938,83.65986633300781,13971500.0
2021-12-16,85.87999725341797,86.31999969482422,82.12999725341797,82.69000244140625,80.75923156738281,16503200.0
2021-12-17,81.62000274658203,83.29000091552734,80.94000244140625,83.0,81.06199645996094,23165900.0
2021-12-20,82.13999938964844,83.25,80.91000366210938,82.02999877929688,80.11463165283203,22346800.0
2021-12-21,88.98999786376953,91.13999938964844,87.3499984741211,90.68000030517578,88.56265258789062,58363600.0
2021-12-22,90.0,90.4800033569336,88.91999816894531,90.33999633789062,88.23059844970703,18593900.0
2021-12-23,90.6999969482422,95.0,90.3499984741211,94.41999816894533,92.21534729003906,36400100.0
2021-12-27,93.72000122070312,94.93000030517578,92.7300033569336,94.43000030517578,92.22510528564452,17110100.0
2021-12-28,93.75,93.88999938964844,92.05999755859376,92.94000244140624,90.76991271972656,13683800.0
2021-12-29,94.0,96.75,93.91000366210938,96.16999816894533,93.9244613647461,32234600.0
2021-12-30,94.4000015258789,95.51000213623048,93.43000030517578,93.88999938964844,91.69770050048828,19327800.0
2021-12-31,94.0,94.41999816894533,93.02999877929688,93.1500015258789,91.07198333740234,13660600.0
2022-01-03,93.91000366210938,95.83999633789062,93.4800033569336,95.75,93.6139907836914,18705500.0
2022-01-04,95.5999984741211,96.58999633789062,93.54000091552734,96.33999633789062,94.19081115722656,19725000.0
2022-01-05,95.37999725341795,98.4499969482422,94.3499984741211,94.4000015258789,92.29410552978516,28613100.0
2022-01-06,95.0999984741211,96.70999908447266,94.12000274658205,95.6500015258789,93.51622772216795,22320300.0
2022-01-07,96.08999633789062,97.19000244140624,93.94000244140624,94.4499969482422,92.3429718017578,14857900.0
2022-01-10,94.26000213623048,95.66999816894533,91.04000091552734,93.88999938964844,91.79547119140624,20290000.0
2022-01-11,92.45999908447266,94.2699966430664,91.6500015258789,94.1999969482422,92.09854888916016,14924900.0
2022-01-12,95.16000366210938,96.2300033569336,93.77999877929688,95.11000061035156,92.9882583618164,13339200.0
2022-01-13,96.5,98.11000061035156,95.3000030517578,95.62000274658205,93.48687744140624,23679800.0
2022-01-14,94.44000244140624,97.43000030517578,94.4000015258789,97.36000061035156,95.18804931640624,18385000.0
2022-01-18,95.52999877929688,95.9499969482422,92.54000091552734,92.87000274658205,90.79822540283205,19900500.0
2022-01-19,93.72000122070312,94.77999877929688,89.7699966430664,90.0,87.99225616455078,19043800.0
2022-01-20,90.27999877929688,90.33000183105467,84.93000030517578,85.06999969482422,83.1722412109375,24701300.0
2022-01-21,84.22000122070312,85.13999938964844,81.5199966430664,81.93000030517578,80.1022720336914,29716300.0
2022-01-24,80.2699966430664,83.04000091552734,77.63999938964844,82.94999694824219,81.09953308105469,29757100.0
2022-01-25,80.91999816894531,82.41999816894531,79.6500015258789,80.72000122070312,78.9192886352539,22128400.0
2022-01-26,83.25,84.79000091552734,80.61000061035156,81.97000122070312,80.14141082763672,21018700.0
2022-01-27,83.51000213623047,83.69999694824219,78.38999938964844,78.72000122070312,76.96388244628906,22694000.0
2022-01-28,77.37000274658203,79.27999877929688,75.5199966430664,79.2699966430664,77.5016098022461,24434600.0
2022-01-31,78.95999908447266,82.30999755859375,78.0199966430664,82.2699966430664,80.43470764160156,21898200.0
2022-02-01,82.19999694824219,82.38999938964844,80.41999816894531,81.44999694824219,79.63301086425781,15237400.0
2022-02-02,82.91999816894531,84.69999694824219,82.54000091552734,84.51000213623047,82.62472534179688,19862800.0
2022-02-03,82.66999816894531,85.18000030517578,81.70999908447266,81.97000122070312,80.14141082763672,19598200.0
2022-02-04,81.22000122070312,82.19000244140625,79.83999633789062,81.16999816894531,79.35922241210938,15657500.0
2022-02-07,81.36000061035156,82.04000091552734,80.4800033569336,80.87000274658203,79.06593322753906,11799800.0
2022-02-08,81.1500015258789,84.4000015258789,81.0,84.12000274658203,82.24344635009766,18315700.0
2022-02-09,84.5999984741211,88.77999877929688,83.55999755859375,88.12000274658203,86.15419006347656,22386900.0
2022-02-10,89.19000244140625,94.63999938964844,88.4800033569336,91.0199966430664,88.98949432373047,33820700.0
2022-02-11,91.27999877929688,94.58000183105467,88.94999694824219,89.76000213623047,87.75760650634766,31000000.0
2022-02-14,91.98999786376952,93.16999816894533,88.70999908447266,89.86000061035156,87.85539245605469,23499100.0
2022-02-15,91.01000213623048,96.5,91.01000213623048,96.0,93.85840606689452,27069700.0
2022-02-16,94.44000244140624,96.48999786376952,93.56999969482422,96.05999755859376,93.91705322265624,15573600.0
2022-02-17,95.04000091552734,96.0,93.48999786376952,93.7300033569336,91.63904571533205,17943300.0
2022-02-18,94.52999877929688,94.68000030517578,88.9000015258789,90.8000030517578,88.7744140625,19530500.0
2022-02-22,89.83999633789062,93.97000122070312,88.66999816894531,90.56999969482422,88.54953002929688,24825700.0
2022-02-23,91.47000122070312,91.87000274658205,87.06999969482422,87.30999755859375,85.36225128173828,19135400.0
2022-02-24,84.12999725341797,88.94000244140625,83.79000091552734,88.83000183105469,86.84835815429688,24472300.0
2022-02-25,87.95999908447266,90.4800033569336,87.27999877929688,90.0999984741211,88.09002685546875,15008700.0
2022-02-28,88.44999694824219,89.75,87.16000366210938,88.86000061035156,86.8777084350586,17269800.0
2022-03-01,88.55999755859375,89.83999633789062,84.66000366210938,86.26000213623047,84.335693359375,20794800.0
2022-03-02,87.16999816894531,94.06999969482422,87.02999877929688,93.3000030517578,91.21864318847656,28398700.0
2022-03-03,91.62000274658205,92.19000244140624,88.38999938964844,89.18000030517578,87.19056701660156,22099800.0
2022-03-04,87.41999816894531,87.41999816894531,80.5199966430664,81.91000366210938,80.08272552490234,28211500.0
2022-03-07,81.76000213623047,82.97000122070312,75.62999725341797,75.69999694824219,74.01126861572266,26715500.0
2022-03-08,76.25,80.25,73.93000030517578,77.16000366210938,75.4386978149414,28343200.0
2022-03-09,79.97000122070312,80.48999786376953,77.54000091552734,79.44000244140625,77.66783142089844,19647900.0
2022-03-10,77.73999786376953,77.73999786376953,73.80999755859375,75.72000122070312,74.03082275390625,21692000.0
2022-03-11,76.66000366210938,76.69999694824219,72.63999938964844,72.81999969482422,71.19550323486328,22786500.0
2022-03-14,71.75,72.4800033569336,68.95999908447266,69.4000015258789,67.851806640625,24893400.0
2022-03-15,70.05000305175781,73.52999877929688,68.33999633789062,73.11000061035156,71.47903442382812,22851000.0
2022-03-16,76.47000122070312,79.70999908447266,76.1500015258789,79.66999816894531,77.89269256591797,35742800.0
2022-03-17,78.19999694824219,80.58000183105469,77.19999694824219,80.5199966430664,78.72373962402344,21612200.0
2022-03-18,79.0999984741211,81.19999694824219,78.05999755859375,79.41000366210938,77.6385269165039,28601200.0
2022-03-21,78.98999786376953,79.88999938964844,75.52999877929688,78.3499984741211,76.6021499633789,30878200.0
2022-03-22,77.69999694824219,79.7300033569336,77.51000213623047,79.12000274658203,77.35496520996094,16768000.0
2022-03-23,77.86000061035156,78.22000122070312,75.08000183105469,75.6500015258789,73.9623794555664,28059800.0
2022-03-24,75.9000015258789,78.54000091552734,75.31999969482422,78.20999908447266,76.46527099609375,23348000.0
2022-03-25,78.2699966430664,78.30000305175781,75.12999725341797,78.0999984741211,76.35771942138672,22491000.0
2022-03-28,78.58999633789062,80.18000030517578,77.2699966430664,79.86000061035156,78.0784683227539,26605300.0
2022-03-29,82.0999984741211,82.55000305175781,79.26000213623047,82.05000305175781,80.2196273803711,41290700.0
2022-03-30,84.30000305175781,86.23999786376953,78.5999984741211,79.16000366210938,77.39408111572266,70087000.0
2022-03-31,77.66999816894531,79.95999908447266,76.83000183105469,77.88999938964844,76.15240478515625,34588600.0
2022-04-01,78.43000030517578,78.91000366210938,74.05999755859375,76.18000030517578,74.48055267333984,33536100.0
2022-04-04,76.9000015258789,78.18000030517578,76.51000213623047,77.66999816894531,75.93731689453125,24305700.0
2022-04-05,76.70999908447266,78.0199966430664,74.30000305175781,74.61000061035156,72.9455795288086,21171400.0
2022-04-06,73.18000030517578,74.88999938964844,71.47000122070312,73.77999877929688,72.13409423828125,28080100.0
2022-04-07,73.66999816894531,74.68000030517578,72.12999725341797,73.27999877929688,71.64525604248047,22658600.0
2022-04-08,72.5,72.8499984741211,70.83000183105469,72.13999938964844,70.62705993652344,20562600.0
2022-04-11,70.55000305175781,72.91000366210938,70.08999633789062,72.02999877929688,70.51936340332031,21127900.0
2022-04-12,72.79000091552734,73.58999633789062,71.56999969482422,71.95999908447266,70.45085906982422,18658500.0
2022-04-13,72.36000061035156,73.75,71.86000061035156,72.37999725341797,70.86203002929688,18892000.0
2022-04-14,72.55999755859375,72.80999755859375,70.08999633789062,70.12999725341797,68.65921020507812,18543500.0
2022-04-18,70.25,72.0999984741211,70.05000305175781,71.1500015258789,69.65782165527344,17476700.0
2022-04-19,70.95999908447266,73.41000366210938,70.7699966430664,72.7300033569336,71.20469665527344,15139000.0
2022-04-20,73.80999755859375,76.2300033569336,72.88999938964844,73.19999694824219,71.66482543945312,19042600.0
2022-04-21,73.97000122070312,74.48999786376953,70.6500015258789,70.91999816894531,69.43266296386719,17645300.0
2022-04-22,70.63999938964844,70.9800033569336,69.30999755859375,69.41000366210938,67.9543228149414,18682400.0
2022-04-25,68.41999816894531,70.16999816894531,67.93000030517578,70.12000274658203,68.64944458007812,20072100.0
2022-04-26,68.69000244140625,69.16000366210938,67.04000091552734,67.08000183105469,65.67317962646484,18628700.0
2022-04-27,66.12999725341797,68.4800033569336,65.86000061035156,66.47000122070312,65.07598876953125,17123600.0
2022-04-28,67.6500015258789,70.80999755859375,67.05999755859375,70.18000030517578,68.70817565917969,21058400.0
2022-04-29,69.0999984741211,71.33000183105469,68.0199966430664,68.19000244140625,66.75990295410156,16843500.0
2022-05-02,68.16000366210938,70.73999786376953,67.58000183105469,70.5999984741211,69.1193618774414,15342800.0
2022-05-03,70.47000122070312,71.95999908447266,70.19999694824219,71.26000213623047,69.76551818847656,13539100.0
2022-05-04,71.7699966430664,73.9000015258789,70.16000366210938,73.62000274658203,72.0760269165039,17201900.0
2022-05-05,72.30999755859375,72.55999755859375,70.36000061035156,71.29000091552734,69.79489135742188,16603600.0
2022-05-06,70.55000305175781,71.91000366210938,68.88999938964844,70.3499984741211,68.8746109008789,15159800.0
2022-05-09,69.19999694824219,71.4000015258789,67.4800033569336,67.93000030517578,66.50536346435547,21770900.0
2022-05-10,69.56999969482422,70.58999633789062,67.61000061035156,68.91000366210938,67.46479797363281,17662700.0
2022-05-11,68.66000366210938,70.87999725341797,66.81999969482422,66.95999908447266,65.5556869506836,17237300.0
2022-05-12,66.0,68.9000015258789,65.87000274658203,67.70999908447266,66.28997039794922,27022900.0
2022-05-13,69.0999984741211,72.62999725341797,68.0199966430664,71.91999816894531,70.41168212890625,22872000.0
2022-05-16,71.51000213623047,72.04000091552734,70.31999969482422,70.47000122070312,68.99208068847656,13394700.0
2022-05-17,72.25,74.7300033569336,72.1500015258789,74.4800033569336,72.91797637939453,17671500.0
2022-05-18,73.18000030517578,74.22000122070312,70.08999633789062,71.05000305175781,69.5599365234375,20635100.0
2022-05-19,70.76000213623047,71.69999694824219,69.05000305175781,69.4000015258789,67.94451904296875,17558000.0
2022-05-20,70.5999984741211,70.69000244140625,66.11000061035156,68.9000015258789,67.45500946044922,20313300.0
2022-05-23,68.7699966430664,70.19999694824219,68.5199966430664,69.58999633789062,68.13053131103516,12356200.0
2022-05-24,68.36000061035156,68.41000366210938,66.01000213623047,66.62000274658203,65.22283935546875,18764500.0
2022-05-25,65.93000030517578,68.8499984741211,65.9000015258789,67.87000274658203,66.44662475585938,16241200.0
2022-05-26,66.38999938964844,71.04000091552734,66.3499984741211,70.5999984741211,69.1193618774414,14902500.0
2022-05-27,71.76000213623047,73.44000244140625,71.63999938964844,73.31999969482422,71.78231811523438,13078700.0
2022-05-31,73.47000122070312,74.4800033569336,71.93000030517578,73.83999633789062,72.29141235351562,15453000.0
2022-06-01,74.5,75.38999938964844,72.55000305175781,73.55000305175781,72.00748443603516,13595400.0
2022-06-02,73.12999725341797,75.41000366210938,73.12999725341797,75.37000274658203,73.78931427001953,11373200.0
2022-06-03,71.69000244140625,71.69000244140625,69.11000061035156,69.94000244140625,68.47320556640625,30306600.0
2022-06-06,70.73999786376953,72.13999938964844,70.01000213623047,70.44999694824219,68.9725112915039,13198700.0
2022-06-07,68.6500015258789,70.87000274658203,68.12000274658203,70.76000213623047,69.27600860595703,14328000.0
2022-06-08,69.83999633789062,70.4000015258789,67.76000213623047,68.5999984741211,67.16130828857422,16363000.0
2022-06-09,67.94000244140625,68.69000244140625,66.0,66.0199966430664,64.63541412353516,15073700.0
2022-06-10,64.83999633789062,65.55999755859375,62.279998779296875,62.619998931884766,61.30671691894531,26626900.0
2022-06-13,60.02000045776367,60.959999084472656,58.58000183105469,58.84000015258789,57.605995178222656,24278600.0
2022-06-14,59.36000061035156,59.869998931884766,57.720001220703125,58.70000076293945,57.46892547607422,17036000.0
2022-06-15,59.33000183105469,60.08000183105469,57.54999923706055,59.119998931884766,57.880126953125,19726200.0
2022-06-16,57.0,57.0,54.25,55.0099983215332,53.856319427490234,22706200.0
2022-06-17,55.900001525878906,56.31999969482422,53.599998474121094,55.75,54.5807991027832,24139800.0
2022-06-21,56.81999969482422,57.91999816894531,56.34000015258789,56.79999923706055,55.60877227783203,15502800.0
2022-06-22,55.959999084472656,57.13999938964844,55.599998474121094,56.34000015258789,55.15842819213867,13513800.0
2022-06-23,56.61000061035156,56.83000183105469,54.959999084472656,56.220001220703125,55.04094696044922,13366600.0
2022-06-24,57.150001525878906,59.0,57.130001068115234,58.439998626708984,57.21437072753906,15647600.0
2022-06-27,59.58000183105469,60.04999923706055,58.369998931884766,58.779998779296875,57.54724884033203,16159900.0
2022-06-28,58.97999954223633,60.59000015258789,57.810001373291016,57.86000061035156,56.64654922485352,19393600.0
2022-06-29,57.22999954223633,57.52000045776367,55.31999969482422,56.02000045776367,54.84513473510742,17351400.0
2022-06-30,54.9900016784668,56.40999984741211,54.220001220703125,55.279998779296875,54.12066650390625,29572400.0
2022-07-01,53.290000915527344,53.959999084472656,51.400001525878906,53.650001525878906,52.52483749389648,43681700.0
2022-07-05,52.18000030517578,56.88999938964844,52.09000015258789,56.72999954223633,55.540245056152344,33745900.0
2022-07-06,56.849998474121094,58.119998931884766,56.459999084472656,57.369998931884766,56.16682815551758,23565000.0
2022-07-07,59.099998474121094,59.310001373291016,57.84000015258789,58.849998474121094,57.615779876708984,22945500.0
2022-07-08,58.220001220703125,60.43000030517578,58.099998474121094,59.13999938964844,58.013065338134766,19283000.0
2022-07-11,58.11000061035156,58.61000061035156,57.709999084472656,57.810001373291016,56.70841598510742,13941800.0
2022-07-12,58.41999816894531,60.08000183105469,58.099998474121094,59.18000030517578,58.05231094360352,21523100.0
2022-07-13,57.380001068115234,59.41999816894531,57.36000061035156,58.86000061035156,57.7384147644043,13987600.0
2022-07-14,57.939998626708984,59.65999984741211,57.31999969482422,59.349998474121094,58.21906661987305,14803800.0
2022-07-15,61.47999954223633,61.70000076293945,59.400001525878906,61.529998779296875,60.35752868652344,20317800.0
2022-07-18,62.09000015258789,62.33000183105469,60.13999938964844,60.45000076293945,59.298099517822266,13233000.0
2022-07-19,61.470001220703125,62.7599983215332,61.380001068115234,62.400001525878906,61.2109489440918,19103700.0
2022-07-20,62.220001220703125,63.52000045776367,61.849998474121094,63.29999923706055,62.09379196166992,15176200.0
2022-07-21,62.599998474121094,63.68000030517578,61.93000030517578,63.63999938964844,62.42731475830078,12924700.0
2022-07-22,61.290000915527344,62.91999816894531,61.0099983215332,61.290000915527344,60.122100830078125,22201700.0
2022-07-25,61.349998474121094,61.83000183105469,59.70000076293945,60.150001525878906,59.00382995605469,14479400.0
2022-07-26,60.310001373291016,60.689998626708984,59.54999923706055,59.65999984741211,58.52315902709961,11044800.0
2022-07-27,60.4900016784668,62.38999938964844,59.61000061035156,61.88999938964844,60.71066665649414,14589800.0
2022-07-28,62.25,62.29999923706055,60.189998626708984,62.06999969482422,60.887237548828125,10120300.0
2022-07-29,61.349998474121094,62.09000015258789,60.77000045776367,61.86000061035156,60.68124008178711,14199700.0
2022-08-01,62.5,63.9900016784668,62.0,62.540000915527344,61.348289489746094,13347200.0
2022-08-02,61.75,63.29999923706055,60.880001068115234,62.470001220703125,61.27961349487305,11535800.0
2022-08-03,62.5,64.52999877929688,62.439998626708984,64.25,63.025691986083984,12290100.0
2022-08-04,64.12000274658203,64.98999786376953,63.650001525878906,64.8499984741211,63.6142692565918,11338400.0
2022-08-05,62.86000061035156,63.220001220703125,61.79999923706055,62.459999084472656,61.26980972290039,15047100.0
2022-08-08,61.9900016784668,62.619998931884766,60.97999954223633,61.45000076293945,60.27904510498047,11454300.0
2022-08-09,59.0,60.540000915527344,57.7400016784668,59.150001525878906,58.02287673950195,33107200.0
2022-08-10,60.0,61.560001373291016,59.38999938964844,61.400001525878906,60.23000717163086,17418400.0
2022-08-11,62.0,64.0999984741211,62.0,62.31999969482422,61.132476806640625,18298500.0
2022-08-12,62.65999984741211,65.41999816894531,62.22999954223633,65.04000091552734,63.8006591796875,16194000.0
2022-08-15,64.69999694824219,65.12000274658203,63.88999938964844,64.69999694824219,63.46711349487305,9689100.0
2022-08-16,64.12000274658203,64.55999755859375,63.220001220703125,63.86000061035156,62.64313125610352,9275400.0
2022-08-17,62.810001373291016,62.810001373291016,60.7599983215332,61.619998931884766,60.4458122253418,14728400.0
2022-08-18,61.75,63.41999816894531,61.25,62.97999954223633,61.7798957824707,11303900.0
2022-08-19,61.84000015258789,62.25,60.279998779296875,60.5099983215332,59.35696029663086,14050300.0
2022-08-22,59.560001373291016,59.61000061035156,57.970001220703125,58.310001373291016,57.19888687133789,13096800.0
2022-08-23,58.349998474121094,59.290000915527344,57.7599983215332,57.86000061035156,56.75746154785156,12769100.0
2022-08-24,57.880001068115234,58.56999969482422,57.36000061035156,58.310001373291016,57.19888687133789,9961300.0
2022-08-25,58.599998474121094,61.27000045776367,58.58000183105469,61.20000076293945,60.03380584716797,12171600.0
2022-08-26,61.06999969482422,61.220001220703125,57.61000061035156,57.630001068115234,56.53184127807617,15754000.0
2022-08-29,57.310001373291016,58.0,56.52000045776367,57.0099983215332,55.92365646362305,11607600.0
2022-08-30,57.47999954223633,57.79999923706055,55.58000183105469,56.29999923706055,55.22718811035156,12743700.0
2022-08-31,55.9900016784668,57.15999984741211,55.810001373291016,56.529998779296875,55.45281219482422,14172200.0
2022-09-01,55.2599983215332,57.400001525878906,54.790000915527344,57.310001373291016,56.21794509887695,17594500.0
2022-09-02,58.29999923706055,58.79999923706055,56.0,56.33000183105469,55.256614685058594,12809700.0
2022-09-06,56.33000183105469,56.689998626708984,55.130001068115234,55.22999954223633,54.17757797241211,12133300.0
2022-09-07,55.310001373291016,55.720001220703125,54.0099983215332,55.0,53.95195388793945,17030600.0
2022-09-08,54.4900016784668,55.91999816894531,53.7400016784668,55.38999938964844,54.33452606201172,18415300.0
2022-09-09,56.16999816894531,57.68000030517578,56.16999816894531,57.439998626708984,56.345462799072266,13925600.0
2022-09-12,57.459999084472656,58.13999938964844,57.029998779296875,57.939998626708984,56.83592987060547,10711500.0
2022-09-13,55.70000076293945,56.2400016784668,53.13999938964844,53.619998931884766,52.59825134277344,22361800.0
2022-09-14,53.88999938964844,54.22999954223633,52.459999084472656,53.11000061035156,52.09796524047851,19984900.0
2022-09-15,52.70000076293945,53.45000076293945,51.97999954223633,52.689998626708984,51.68596649169922,15620800.0
2022-09-16,51.88999938964844,53.0099983215332,51.4900016784668,52.849998474121094,51.84292984008789,24901700.0
2022-09-19,51.970001220703125,52.77000045776367,51.880001068115234,52.099998474121094,51.107215881347656,19251400.0
2022-09-20,51.529998779296875,51.59000015258789,50.59000015258789,50.79999923706055,49.83198928833008,19373800.0
2022-09-21,49.7400016784668,52.5099983215332,49.720001220703125,50.099998474121094,49.14533233642578,31117300.0
2022-09-22,49.79999923706055,50.369998931884766,49.349998474121094,49.65999984741211,48.71371841430664,21317000.0
2022-09-23,49.279998779296875,50.150001525878906,48.45000076293945,50.099998474121094,49.14533233642578,24591700.0
2022-09-26,49.93000030517578,50.459999084472656,48.810001373291016,48.880001068115234,47.94858169555664,19266800.0
2022-09-27,49.81999969482422,50.650001525878906,49.400001525878906,50.58000183105469,49.61618423461914,17297500.0
2022-09-28,50.11000061035156,51.189998626708984,50.099998474121094,51.0,50.02818298339844,17784300.0
2022-09-29,50.040000915527344,50.29999923706055,49.220001220703125,50.0099983215332,49.05703353881836,25582100.0
2022-09-30,50.540000915527344,52.060001373291016,49.810001373291016,50.099998474121094,49.14533233642578,38917700.0
2022-10-03,51.0099983215332,53.09000015258789,50.63999938964844,51.720001220703125,50.73445892333984,24632400.0
2022-10-04,53.560001373291016,54.810001373291016,52.65999984741211,53.959999084472656,52.9317741394043,24275500.0
2022-10-05,52.880001068115234,55.20000076293945,52.16999816894531,54.72999954223633,53.68709564208984,20418300.0
2022-10-06,54.400001525878906,55.11000061035156,53.29999923706055,54.619998931884766,53.57920837402344,17149400.0
2022-10-07,53.560001373291016,54.650001525878906,52.5099983215332,52.90999984741211,52.01129150390625,21977700.0
2022-10-10,53.06999969482422,53.130001068115234,50.77000045776367,51.380001068115234,50.50727844238281,17227400.0
2022-10-11,50.63999938964844,54.779998779296875,50.33000183105469,53.709999084472656,52.79769515991211,32813700.0
2022-10-12,53.599998474121094,53.77000045776367,52.38999938964844,52.75,51.85401153564453,18131900.0
2022-10-13,51.349998474121094,55.91999816894531,50.7400016784668,54.86000061035156,53.928165435791016,27605000.0
2022-10-14,55.2400016784668,55.439998626708984,52.599998474121094,52.720001220703125,51.82452392578125,20403000.0
2022-10-17,54.599998474121094,54.9900016784668,52.849998474121094,53.5,52.59127426147461,18261700.0
2022-10-18,55.0099983215332,55.13999938964844,51.65999984741211,52.54999923706055,51.65740585327149,19774800.0
2022-10-19,52.09000015258789,53.43000030517578,52.060001373291016,53.029998779296875,52.12925338745117,14786100.0
2022-10-20,53.5,55.099998474121094,53.16999816894531,53.70000076293945,52.78787612915039,15711800.0
2022-10-21,53.4900016784668,56.279998779296875,53.34000015258789,56.04999923706055,55.097957611083984,20199200.0
2022-10-24,56.22999954223633,56.810001373291016,55.06999969482422,56.2400016784668,55.284725189208984,15293600.0
2022-10-25,56.68000030517578,57.029998779296875,55.34000015258789,55.869998931884766,54.92101287841797,17313000.0
2022-10-26,56.08000183105469,57.439998626708984,54.959999084472656,55.45000076293945,54.508148193359375,23511300.0
2022-10-27,55.369998931884766,56.22999954223633,52.119998931884766,52.209999084472656,51.32318115234375,27335800.0
2022-10-28,51.83000183105469,54.439998626708984,51.459999084472656,54.040000915527344,53.122093200683594,19171100.0
2022-10-31,53.90999984741211,54.93000030517578,53.16999816894531,54.099998474121094,53.18108367919922,15932500.0
2022-11-01,55.09000015258789,55.439998626708984,54.11000061035156,54.86000061035156,53.928165435791016,11729700.0
2022-11-02,54.7400016784668,56.27000045776367,53.41999816894531,53.45000076293945,52.5421142578125,17302700.0
2022-11-03,52.709999084472656,54.369998931884766,51.90999984741211,53.47999954223633,52.57161331176758,12769200.0
2022-11-04,55.2599983215332,56.90999984741211,54.81999969482422,56.15999984741211,55.20608901977539,18882700.0
2022-11-07,56.43000030517578,56.81999969482422,55.459999084472656,56.560001373291016,55.59929656982422,11411300.0
2022-11-08,57.380001068115234,57.869998931884766,56.47999954223633,57.4900016784668,56.51349639892578,14190100.0
2022-11-09,56.220001220703125,56.650001525878906,55.5099983215332,55.970001220703125,55.01932144165039,19952500.0
2022-11-10,58.599998474121094,60.380001068115234,58.060001373291016,60.27000045776367,59.246280670166016,24982500.0
2022-11-11,60.650001525878906,63.18000030517578,59.880001068115234,62.52000045776367,61.45805740356445,17579400.0
2022-11-14,61.939998626708984,62.75,60.9900016784668,61.779998779296875,60.73062896728515,13988200.0
2022-11-15,63.5,64.44000244140625,62.41999816894531,63.099998474121094,62.02820587158203,16325000.0
2022-11-16,60.529998779296875,61.380001068115234,58.119998931884766,58.869998931884766,57.87005615234375,25901900.0
2022-11-17,57.29999923706055,58.9900016784668,56.5099983215332,58.7400016784668,57.74226379394531,14212300.0
2022-11-18,59.560001373291016,59.65999984741211,58.099998474121094,58.58000183105469,57.584991455078125,9703700.0
2022-11-21,58.02000045776367,58.02000045776367,56.81999969482422,57.15999984741211,56.18910598754883,9968400.0
2022-11-22,57.54999923706055,58.68000030517578,56.97999954223633,58.619998931884766,57.62430191040039,8955700.0
2022-11-23,58.2400016784668,59.060001373291016,57.75,58.93000030517578,57.92903900146485,8996800.0
2022-11-25,58.66999816894531,59.130001068115234,58.38999938964844,58.40999984741211,57.417869567871094,4360500.0
2022-11-28,57.31999969482422,57.7599983215332,55.470001220703125,55.75,54.80305099487305,15512600.0
2022-11-29,55.709999084472656,56.52000045776367,54.77000045776367,55.119998931884766,54.18375015258789,12874200.0
2022-11-30,53.58000183105469,57.68000030517578,52.61000061035156,57.650001525878906,56.6707878112793,31461400.0
2022-12-01,57.83000183105469,57.91999816894531,55.099998474121094,55.4900016784668,54.54746627807617,21764200.0
2022-12-02,54.34000015258789,55.41999816894531,53.380001068115234,54.68000030517578,53.75122833251953,15946500.0
2022-12-05,54.369998931884766,55.27000045776367,53.70000076293945,54.040000915527344,53.122093200683594,13806900.0
2022-12-06,53.86000061035156,54.630001068115234,53.2400016784668,53.68000030517578,52.76821517944336,17988000.0
2022-12-07,53.119998931884766,54.2400016784668,52.439998626708984,53.81999969482422,52.90583038330078,11367300.0
2022-12-08,54.560001373291016,55.70000076293945,54.04999923706055,55.20000076293945,54.26239776611328,13609100.0
2022-12-09,54.68000030517578,55.86000061035156,54.52000045776367,54.869998931884766,53.9379997253418,9932200.0
2022-12-12,53.52000045776367,55.380001068115234,53.34000015258789,55.349998474121094,54.40983963012695,13250600.0
2022-12-13,57.189998626708984,57.88999938964844,54.650001525878906,55.2400016784668,54.30171203613281,14210500.0
2022-12-14,55.2400016784668,56.099998474121094,54.060001373291016,54.59000015258789,53.66275787353515,11235300.0
2022-12-15,53.560001373291016,53.720001220703125,51.849998474121094,52.040000915527344,51.15607452392578,17785000.0
2022-12-16,51.7400016784668,52.540000915527344,51.619998931884766,52.06999969482422,51.1855583190918,22951400.0
2022-12-19,52.16999816894531,52.290000915527344,51.099998474121094,51.720001220703125,50.84150314331055,16470000.0
2022-12-20,51.34000015258789,51.970001220703125,50.45000076293945,50.68000030517578,49.81916809082031,16942000.0
2022-12-21,50.93000030517578,51.75,50.75,51.189998626708984,50.32050704956055,20400800.0
2022-12-22,49.5,49.970001220703125,48.43000030517578,49.43000030517578,48.59040069580078,40959600.0
2022-12-23,49.0,50.54999923706055,48.9900016784668,50.20000076293945,49.34732818603515,17425700.0
2022-12-27,49.61000061035156,50.310001373291016,48.52000045776367,50.02000045776367,49.17038345336914,15159100.0
2022-12-28,49.84000015258789,51.09000015258789,48.83000183105469,49.119998931884766,48.28566360473633,12518700.0
2022-12-29,49.400001525878906,50.93000030517578,49.34000015258789,50.650001525878906,49.78968048095703,13204300.0
2022-12-30,49.45000076293945,50.02000045776367,49.130001068115234,49.97999954223633,49.242862701416016,11989800.0
2023-01-03,49.81430586070334,50.2084041159876,48.81919996735725,49.627105712890625,,12422800.0
2023-01-04,52.26757904463485,53.71589961209557,51.95229893937522,53.40061950683594,,25077300.0
2023-01-05,53.0951932746631,54.57307026137713,53.0951932746631,53.903099060058594,,18030900.0
2023-01-06,54.61248693562743,56.44505519241668,53.23313343353515,55.93272399902344,,21069800.0
2023-01-09,55.98198135060443,56.671658046605096,54.829239076300894,55.52876663208008,,15715900.0
2023-01-10,55.33171682352539,56.43519730625467,55.03614216402737,56.36623001098633,,10571300.0
2023-01-11,56.50416209141874,57.60764628356326,56.080503720198806,57.20369338989258,,12143000.0
2023-01-12,57.25295767511525,57.381041405494614,55.59773507390819,56.42534637451172,,14888100.0
2023-01-13,55.893315318274674,56.129777324262754,55.29231132155623,56.09036636352539,,12520600.0
2023-01-17,56.316961069120346,57.735721510275745,55.71595720773101,56.011531829833984,,10962700.0
2023-01-18,56.66181092766095,57.193847628571746,55.52877398139105,55.67655944824219,,10035300.0
2023-01-19,54.88835175184325,56.24799966585192,54.46469337109008,55.52876663208008,,12034200.0
2023-01-20,56.62239308774318,57.70616800813007,55.92286181235921,57.5977897644043,,13826400.0
2023-01-23,58.051007071693846,60.99691022809511,57.991894396771094,60.90823745727539,,20175400.0
2023-01-24,60.297389851005775,60.80972105907113,59.972255066518976,60.356502532958984,,10183200.0
2023-01-25,59.77519107867079,60.76044232117482,59.52887826804478,60.632362365722656,,10787200.0
2023-01-26,61.657030373519966,62.12009594542282,60.386055248826565,61.873783111572266,,12219500.0
2023-01-27,61.223517053675174,63.39106697323916,61.04617151357477,62.928001403808594,,15895800.0
2023-01-30,61.834378987431776,62.346710189454214,60.780160242758924,60.79986572265625,,16169000.0
2023-01-31,58.22835359724613,59.45006693157997,57.784993494091445,59.4106559753418,,23856300.0
2023-02-01,59.72593025359184,62.297436640301754,59.49932291508957,61.676727294921875,,20902200.0
2023-02-02,62.62257437819263,62.97726169135631,60.947646405883056,62.23832321166992,,15877600.0
2023-02-03,61.08558338432534,62.84918419373605,60.98705975320873,61.48953628540039,,12187100.0
2023-02-06,60.041223199138344,60.27768520553355,58.85892444247057,59.09538269042969,,11484300.0
2023-02-07,59.20375512140117,61.46983252636982,58.81950768749186,61.21366882324219,,12713100.0
2023-02-08,60.54369532935929,61.4107175571216,59.3416874971276,59.36139297485352,,9510500.0
2023-02-09,60.29738389980248,60.908238689790686,58.809652243548214,59.29242706298828,,10094700.0
2023-02-10,59.607711599957504,59.8638753184108,58.37614731070219,58.937740325927734,,11429700.0
2023-02-13,58.937732247544886,59.39094694184571,57.97218642812492,59.233306884765625,,11466200.0
2023-02-14,58.64215855070178,61.39101061364924,58.159383754032376,61.15454864501953,,12496200.0
2023-02-15,60.425467644033546,61.026467815863136,59.56829625573606,60.92794418334961,,10457400.0
2023-02-16,59.88357784605544,60.44517083359693,58.96729375934336,59.164344787597656,,12683400.0
2023-02-17,58.95743935775954,59.29242495813913,57.6470532932514,58.139678955078125,,10874900.0
2023-02-21,57.47956836103377,58.82936176271103,56.64210615204797,56.75048065185547,,12667500.0
2023-02-22,56.87856025057603,57.70617153878517,55.99183628648915,56.13962173461914,,12260300.0
2023-02-23,58.26776181346083,58.86876571330618,56.592833836457906,57.883514404296875,,16094600.0
2023-02-24,56.84900211797554,57.509118700675415,56.50416189968717,57.321922302246094,,9867400.0
2023-02-27,58.297324649300975,58.6815758597386,56.977091356140534,57.04605865478515,,8514000.0
2023-02-28,56.789893815588066,57.87367268165997,56.55343556881912,56.96723937988281,,10493300.0
2023-03-01,57.00664728620552,57.68646940728805,56.37608698402419,56.49431610107422,,9141400.0
2023-03-02,54.681448511456864,55.86375085258088,53.91295368102225,55.59773254394531,,16625500.0
2023-03-03,55.6272896053853,56.031242503365945,54.62233279026467,55.942569732666016,,13769200.0
2023-03-06,56.43519280784354,57.784989784071435,55.70610895642558,55.9918327331543,,14472200.0
2023-03-07,55.66670504707917,55.89331242192223,54.494257214168755,54.740570068359375,,13278300.0
2023-03-08,55.01643592354821,56.080505434689385,54.533661104921165,56.05094909667969,,11515700.0
2023-03-09,55.80463824080455,56.711071475819374,54.72086321299296,54.77997589111328,,10200000.0
2023-03-10,54.839094699022645,55.676556915050995,53.72575952557224,54.1198616027832,,14180700.0
2023-03-13,53.17401642695051,53.74546025411051,51.9818594400717,53.10504913330078,,17365200.0
2023-03-14,54.1592659045193,54.60262598883547,52.9079962853915,53.46958923339844,,14657000.0
2023-03-15,52.54346082811963,53.46959582390373,52.100096930720234,53.331661224365234,,14643600.0
2023-03-16,52.89814688217502,55.87360659320483,52.81932872371352,55.73567199707031,,14791800.0
2023-03-17,55.96227540667709,56.86870859461457,55.39083158339016,55.8243408203125,,26655200.0
2023-03-20,55.86374781819543,57.01649000123315,55.25289308252848,56.78988265991211,,10610200.0
2023-03-21,57.51897646230207,58.64216243113617,56.750477832229464,57.765289306640625,,14613700.0
2023-03-22,57.538680056000544,59.5190336058981,57.23325078598916,57.312068939208984,,16949300.0
2023-03-23,58.30717522631033,60.868827234369874,58.25791341046988,60.43531799316406,,23903100.0
2023-03-24,59.617557833205296,60.49443469618045,59.60770697336766,60.25797271728515,,18735600.0
2023-03-27,60.28752208990141,60.51412942434229,58.29731413186622,58.908172607421875,,15901000.0
2023-03-28,58.918024156587755,58.9869914435982,56.96722712735944,58.40569305419922,,20496300.0
2023-03-29,60.01165886892397,63.46988941284173,59.972247913365194,62.60287094116211,,51939800.0
2023-03-30,63.085646537913206,63.15461383589277,61.55850760510952,62.15951156616211,,23038300.0
2023-03-31,59.45991647241617,60.75059707231768,59.01655637909659,59.45006561279297,,35416500.0
2023-04-03,58.927889814771326,58.927889814771326,57.01649962111341,58.730838775634766,,23610800.0
2023-04-04,58.799802024342505,59.21360579542642,56.110066236989965,56.42534637451172,,21303200.0
2023-04-05,55.98198035408696,56.26770414224104,55.18392542255039,56.17903137207031,,19456200.0
2023-04-06,56.22346236876049,58.395396669889834,56.07537448408046,57.81292343139648,,21496500.0
2023-04-10,60.399492740952894,62.95645080952069,60.221788800586715,62.46282958984375,,43280100.0
2023-04-11,62.82811317514705,63.469822317567015,62.23576917139888,62.75900650024414,,23090200.0
2023-04-12,63.53892771955886,63.53892771955886,61.05107617480068,61.1695442199707,,16694100.0
2023-04-13,60.72528463355399,62.561556289614856,60.01447259310202,62.1962776184082,,23286500.0
2023-04-14,62.373980076870126,62.41347067984745,60.98196833318439,61.830997467041016,,14953000.0
2023-04-17,61.42623583670077,61.969218514021016,61.18929595541706,61.74215316772461,,11546800.0
2023-04-18,62.52207178573824,62.64053983589756,60.69567082946094,61.139930725097656,,12175200.0
2023-04-19,60.20204691523076,60.42911223724019,59.60970292442625,59.876258850097656,,11652600.0
2023-04-20,59.1160812214764,61.1596728698543,59.10620668762133,60.67592239379883,,14382200.0
2023-04-21,60.369877289437845,60.6660492710625,59.95523350233847,60.35013198852539,,9606200.0
2023-04-24,59.33327432761742,60.10332605907687,58.592842432849984,58.75080108642578,,13402600.0
2023-04-25,58.37564899663866,58.58296901394544,57.28968000716429,57.39827728271485,,15987300.0
2023-04-26,58.819903679578374,60.399490004569415,58.58296384781429,60.24153137207031,,25385000.0
2023-04-27,59.974979268753984,61.1695417379961,59.362889999841414,61.11030960083008,,13524600.0
2023-04-28,61.63354692653199,63.61790637519788,61.50520435256094,63.53892517089844,,18094700.0
2023-05-01,63.074911893111064,63.28223187866882,61.51507096925622,61.55455780029297,,12823400.0
2023-05-02,61.43609765333652,61.78163477293977,60.4686004973034,61.11030960083008,,12237600.0
2023-05-03,60.70554467335517,61.386740661562534,60.0440902215903,60.13294219970703,,10818100.0
2023-05-04,59.77753534441567,60.18230463721,59.13582994980737,59.73804473876953,,13357900.0
2023-05-05,59.83677084919707,60.95235597196989,59.34314958004485,60.44886016845703,,12312700.0
2023-05-08,60.46860183540399,60.56732457688605,59.54059526096656,60.093448638916016,,11510400.0
2023-05-09,59.11607943052081,60.60681388481998,58.79028761173553,60.15268325805664,,11895200.0
2023-05-10,61.13004862401326,61.51507632992703,59.02722498834078,59.22467422485352,,14548700.0
2023-05-11,59.817021174260546,61.02145818808527,59.30365463994232,60.82400894165039,,15536600.0
2023-05-12,61.199163753013295,61.39660923864277,59.382637416591024,60.1428108215332,,12131400.0
2023-05-15,61.436088146663714,64.04241099356614,61.011573654518465,63.81534194946289,,22227200.0
2023-05-16,63.72650395374964,64.3879545957901,62.492447109853984,62.916961669921875,,15259000.0
2023-05-17,63.75610760102824,64.48666477181379,62.630648249820375,64.09176635742188,,15947700.0
2023-05-18,65.13826529128039,67.71496135906095,64.2497455099443,66.70797729492188,,30688000.0
2023-05-19,66.7079794569271,67.51751805458986,65.58252354144629,67.30032348632812,,16812100.0
2023-05-22,64.91119868460629,65.89844125015162,63.933830653694045,65.38507843017578,,37491000.0
2023-05-23,65.00991478753963,66.69809849815925,64.87170144506052,65.16787719726562,,15896200.0
2023-05-24,64.12138400493434,65.87868161580104,64.05227734561257,65.68122863769531,,15806600.0
2023-05-25,68.86016769981156,68.98850651946569,66.64874650201385,68.72195434570312,,29021500.0
2023-05-26,68.98849689212757,73.63840773889956,68.90952322370273,72.98683166503906,,33410000.0
2023-05-30,73.44098094364462,73.81613044325316,70.66683147670581,70.77542877197266,,24454700.0
2023-05-31,68.02099970421945,68.95887692779425,67.05349888308992,67.32992553710938,,30403600.0
2023-06-01,68.06049966924333,68.8996542793109,67.23121206099054,68.20858001708984,,18153000.0
2023-06-02,69.09709030960822,69.64995115014706,67.41878131912381,68.28755187988281,,13468200.0
2023-06-05,68.61335899505885,68.61335899505885,66.64874837885425,66.90542602539062,,12441100.0
2023-06-06,66.17487176838961,67.96177850451258,65.96755172155187,66.6783676147461,,12476600.0
2023-06-07,67.53726650117181,67.7939441412396,66.08601874667617,66.20448303222656,,14610800.0
2023-06-08,65.65160998095806,65.67135151195842,63.193378874106685,64.48666381835938,,25856800.0
2023-06-09,65.08890480745269,65.55291003378561,63.64753151777672,64.59528350830078,,14649300.0
2023-06-12,65.00003202841953,66.67834852509365,64.95067443067285,66.58949279785156,,14731100.0
2023-06-13,67.68533487877271,68.00125213776577,66.7375831017935,67.00414276123047,,11911900.0
2023-06-14,66.67835998362689,68.32705316650384,66.65861091548534,68.23820495605469,,11085800.0
2023-06-15,67.71494755238358,68.63308321721799,67.48788603526587,67.9420166015625,,11842600.0
2023-06-16,69.25506086819549,69.60059422673847,65.21723524390096,66.79682922363281,,32259700.0
2023-06-20,66.46115640841634,66.75733213385104,64.93092771377304,66.04651641845703,,13261600.0
2023-06-21,65.89843334216859,66.34268943052689,64.50641787640487,64.96055603027344,,10427200.0
2023-06-22,64.69399986816747,65.80958871452033,64.67425833226024,65.40481567382812,,8639500.0
2023-06-23,64.61501874871432,65.11851453375579,64.01280021987677,64.44718933105469,,12663600.0
2023-06-26,64.79271705874358,65.84906614271488,64.57553005412805,64.6150131225586,,13815900.0
2023-06-27,64.4372995219056,65.98726958147103,62.97618518313681,65.93791198730469,,18305200.0
2023-06-28,64.81246543116085,66.86593144241206,64.55578029673899,66.21434783935547,,27100100.0
2023-06-29,66.97451937372007,67.08311663797134,62.739252430135785,63.50930404663086,,51141900.0
2023-06-30,63.67714088472929,64.26948487491893,62.09755440020277,62.304874420166016,,31549600.0
2023-07-03,62.63066249585984,63.49943694551623,62.45295854556578,63.08479690551758,,12921300.0
2023-07-05,62.689900278799904,62.9367109098188,61.22878179509179,61.268272399902344,,16553000.0
2023-07-06,60.21192406824155,61.00171734567882,59.72817356741856,60.44886016845703,,15607300.0
2023-07-07,60.76042284764685,60.81977021529279,59.96914347795591,59.98892593383789,,15028100.0
2023-07-10,60.166963915119375,62.14516421444612,59.919688877703535,61.79897689819336,,16953100.0
2023-07-11,61.91767614618696,62.976013146115704,61.630839931966406,62.906776428222656,,13454500.0
2023-07-12,63.767288267578735,63.99477707757716,62.44189390755456,63.09469985961914,,13953600.0
2023-07-13,63.48044610536311,63.94532436990705,62.8573119722898,63.826629638671875,,11384700.0
2023-07-14,63.599141627967896,64.82562368105233,62.98589682830809,63.38153839111328,,13860200.0
2023-07-17,63.10459498350037,64.95421138831718,62.64960977557633,64.44977569580078,,11333600.0
2023-07-18,63.66838328666659,64.4102084447762,63.055138439317766,64.23217010498047,,10393100.0
2023-07-19,64.9146407917869,65.04322864219264,64.09369339402924,64.25194549560547,,9463900.0
2023-07-20,63.69805383776324,64.83552056716243,63.54968729980064,63.984893798828125,,12745100.0
2023-07-21,64.57835628936148,65.43887622432347,63.63870652322772,64.93443298339844,,24540200.0
2023-07-24,64.64759400872383,65.91364114218332,64.50912057514147,64.76628875732422,,10272700.0
2023-07-25,64.68714924362001,65.28060780533056,64.37063750762539,64.96409606933594,,8610900.0
2023-07-26,64.29151308518212,67.1401189483115,64.29151308518212,66.64556884765625,,14920600.0
2023-07-27,69.71178364015555,71.55150302274448,69.19744732336837,70.29534912109375,,25068300.0
2023-07-28,70.79979786194185,71.34379847289769,69.88982744103546,70.42393493652344,,11932900.0
2023-07-31,70.34480085028024,70.98770986935065,70.09752582871936,70.61185455322266,,11193800.0
2023-08-01,70.2261056610731,70.30523547854811,69.12820396887022,69.98872375488281,,13141100.0
2023-08-02,68.98972843629976,69.08863693197945,66.60599369537626,67.42694854736328,,14004400.0
2023-08-03,66.8335046935953,68.6336668764537,66.42797750844568,68.42595672607422,,11075200.0
2023-08-04,68.7424678967405,70.15688156682504,68.3764980848179,69.14800262451172,,11255500.0
2023-08-07,69.08863462371222,69.4644974594657,68.07975592751102,68.6237564086914,,10537500.0
2023-08-08,67.9511633315129,68.01051445976407,66.2301315369036,66.91261291503906,,14767800.0
2023-08-09,67.04119114691952,67.22912254588833,65.89383916758224,65.97296142578125,,10043200.0
2023-08-10,66.3290602912704,66.72470190016607,64.22227947728727,64.72672271728516,,12775300.0
2023-08-11,64.19260262064726,64.59812976680013,63.37164766744811,63.66838073730469,,11823100.0
2023-08-14,63.66838119875727,67.73358353558461,63.50022843329425,67.53575897216797,,21954000.0
2023-08-15,66.8532810113214,66.89284592612168,64.60802680661595,64.617919921875,,13808500.0
2023-08-16,64.29150880005855,64.51900515154068,63.391424054664846,63.52001190185547,,9895400.0
2023-08-17,63.78707010756607,64.00467336006399,62.70895450630815,62.867210388183594,,9933300.0
2023-08-18,61.63082659449723,63.163930945251245,61.07692919810312,62.896873474121094,,9576500.0
2023-08-21,62.9858972537297,63.49034043836933,62.174835440306786,63.26284408569336,,11311900.0
2023-08-22,63.59914387238597,64.37064079665294,62.60015058895124,62.718841552734375,,8876000.0
2023-08-23,62.8770864422215,64.90474445246196,62.481444934585056,64.47943115234375,,10747400.0
2023-08-24,65.41908078795119,65.51798928987995,62.67927302560844,62.99578475952149,,12661600.0
2023-08-25,62.7682911517877,63.68815454240675,61.94734003458423,63.02545928955078,,9409000.0
2023-08-28,65.00365628445546,65.38940469901678,63.95521264962053,64.5981216430664,,9904900.0
2023-08-29,64.19260415452341,66.29938485289306,64.16293235607584,65.95320129394531,,9955000.0
2023-08-30,66.45764754697487,67.95118347623283,65.79494465096992,67.34783172607422,,16892200.0
2023-08-31,67.22912982672366,69.7711165861023,67.22912982672366,69.17765808105469,,18420900.0
2023-09-01,69.44473385403408,69.85026861497472,68.7919315547283,69.62277221679688,,10772000.0
2023-09-05,69.1479941521487,70.38436932254557,68.77213127075755,69.52384948730469,,11144300.0
2023-09-06,69.3655856178916,69.88981499704394,68.88092869356478,69.64253997802734,,9192800.0
2023-09-07,68.69300116440569,69.52384919951542,68.3468176273746,69.10842895507812,,12043200.0
2023-09-08,69.00951960550836,69.84036772129123,68.85126749302906,69.41505432128906,,9805000.0
2023-09-11,70.05796866076119,70.08764045922952,68.55453213765774,69.26668548583984,,9310400.0
2023-09-12,69.19745653868358,70.90860338930952,69.02931129767171,69.54364013671875,,11062100.0
2023-09-13,70.27556808635478,71.07673678633736,69.59308657378577,70.07774353027344,,14525500.0
2023-09-14,70.88879734517499,71.44269849346257,70.50304893714015,71.00749206542969,,11170300.0
2023-09-15,70.51294371860472,70.84923411459756,68.88092712110499,69.1183090209961,,16416100.0
2023-09-18,69.87993392904441,70.2755755369175,69.1480018595326,69.7315673828125,,12735700.0
2023-09-19,69.85025462909147,70.28545355941132,69.20733802860836,69.93927001953125,,10399000.0
2023-09-20,70.17664009610381,71.52181666366232,68.89081465838996,68.92048645019531,,15522100.0
2023-09-21,68.24792093385585,68.5347609273871,67.09067538998721,67.159912109375,,14978600.0
2023-09-22,67.8423790916451,68.98973894576783,67.05110345943504,68.12921905517578,,15487200.0
2023-09-25,67.54565666634178,68.43584839648096,66.87306819759617,67.8324966430664,,14900000.0
2023-09-26,67.22914231885021,68.29737235416877,66.85327941036643,67.19947052001953,,12752500.0
2023-09-27,67.37749920366673,68.09953802585999,66.0224293967812,67.46651458740234,,20852300.0
2023-09-28,65.25094553457994,66.35873299915956,63.134271576202586,64.48933410644531,,46749800.0
2023-09-29,65.63667976808323,67.98084959774137,65.63667976808323,67.2884750366211,,24315500.0
2023-10-02,67.49620040863839,68.52486559646177,66.32906178651535,67.21925354003906,,14880500.0
2023-10-03,66.43785797676513,68.89082976925255,66.37851438013769,67.09066772460938,,12481500.0
2023-10-04,67.56542411439383,67.75335554456805,66.38840014951177,67.36760711669922,,12912800.0
2023-10-05,67.86216441369787,68.78202788918523,67.59510313739494,68.29737091064453,,14045000.0
2023-10-06,68.07444374858618,69.67946175636075,67.3710120300373,69.31288146972656,,15113400.0
2023-10-09,68.96612085243503,69.30297228646394,67.94564937322224,68.83732604980469,,8588700.0
2023-10-10,68.84723513141081,69.46150302878125,68.25278647266593,68.43112182617188,,9007600.0
2023-10-11,69.07510428773838,69.6200123556149,68.29241073248848,69.5605697631836,,11165300.0
2023-10-12,69.73891511668141,70.06586453966516,68.65900088533071,69.1048355102539,,11408700.0
2023-10-13,69.22370761076829,69.41194497726683,68.45091623468063,68.56980895996094,,10287900.0
2023-10-16,68.371664947824,69.38222670074167,67.50970965943597,68.4410171508789,,11294100.0
2023-10-17,67.44036502291135,68.98593289801173,66.99453046165519,68.36176300048828,,11843000.0
2023-10-18,67.38093544390459,68.90669193579306,67.3512141419239,68.50048065185547,,11201000.0
2023-10-19,69.035471725056,69.1345452296843,66.55859631522881,66.90535736083984,,18111000.0
2023-10-20,66.93508755627438,67.88620693305339,66.51897424621323,66.59823608398438,,11506100.0
2023-10-23,66.20192520723826,67.52953434858469,65.61738624267726,66.26136779785156,,9762000.0
2023-10-24,66.66758467320471,67.71777751061678,66.50906100629184,67.44036865234375,,8450700.0
2023-10-25,67.8564784587466,68.55991018723165,65.29043909253315,65.8848876953125,,11924300.0
2023-10-26,65.83534392771568,66.81619201087739,63.28912014394701,63.93310546875,,16697900.0
2023-10-27,64.31951166643485,65.65702314294376,64.27988074490843,65.04276275634766,,9980300.0
2023-10-30,65.74618841899125,66.92518365726963,64.56719318071286,65.45886993408203,,10667700.0
2023-10-31,65.46877132301039,66.44961184900045,64.65635650736557,66.25146484375,,8268400.0
2023-11-01,66.38026231704707,69.01566143428775,66.38026231704707,68.75806427001953,,16777500.0
2023-11-02,69.66955177725269,70.37298349215799,69.10482448169076,69.78844451904297,,11926000.0
2023-11-03,70.64049417866714,72.51301150219695,70.4918801329153,71.90865325927734,,14457900.0
2023-11-06,71.90865483045957,72.31485850164403,71.35382955145157,72.2455062866211,,10073900.0
2023-11-07,71.80957767066123,72.45355925224577,71.04669578532624,72.12661743164062,,8248400.0
2023-11-08,71.94828632481818,72.10680243521787,71.05660958249312,71.6114273071289,,9917600.0
2023-11-09,72.86967654310082,75.39608488985832,72.8201360120801,72.88948822021484,,22435900.0
2023-11-10,73.75144500813647,75.10876790218393,72.88948963982521,74.66293334960938,,12306000.0
2023-11-13,73.46414024003333,74.50442357614314,72.71116785473575,74.08831024169922,,9116000.0
2023-11-14,75.297008569401,76.73359320936675,75.20784468748829,76.45618438720703,,12972700.0
2023-11-15,76.78314622821682,76.78314622821682,75.60415098343707,76.42647552490234,,9954000.0
2023-11-16,76.17878168140584,76.76332822545263,75.77257803315048,75.9608154296875,,12989000.0
2023-11-17,75.8914709574912,77.21908028114545,75.76267614053495,76.84259033203125,,9376900.0
2023-11-20,76.62462500745617,78.18011024373207,76.41656835033757,77.89279174804688,,11424100.0
2023-11-21,77.12990480511725,77.20916663857167,75.60414852582969,76.00045013427734,,12016700.0
2023-11-22,76.48591433102763,77.72435211202759,76.13915326411251,76.3868408203125,,8579500.0
2023-11-24,75.97072111882815,76.29767047949562,75.66359099392317,76.15896606445312,,4349600.0
2023-11-27,76.15897312895025,77.56583664563814,75.9509164870872,76.79305267333984,,11005600.0
2023-11-28,74.38553521171117,75.53480164261934,73.30561344143948,75.4159164428711,,19225700.0
2023-11-29,76.7336013196042,78.28907885868081,75.67349888926314,75.98063659667969,,14062900.0
2023-11-30,76.10943863748594,76.28777399593332,74.27655207272527,75.4159164428711,,21701600.0
2023-12-01,75.30693059840831,75.83202703529851,74.39543459974306,75.22766876220703,,14354700.0
2023-12-04,74.72238166457173,74.90071701102659,72.65171728073561,73.60283660888672,,11659300.0
2023-12-05,72.79043366426937,73.28580886812712,72.36441068659869,73.0083999633789,,8800500.0
2023-12-06,74.60350142394438,74.70257494325563,72.25542046626032,72.45356750488281,,8883900.0
2023-12-07,73.33532271755506,73.52356766472577,72.31485127329567,72.96875,,10641300.0
2023-12-08,72.80034101412576,74.65303938111835,72.7508004717549,74.26664733886719,,12007100.0
2023-12-11,76.47600129133252,77.78379109795371,76.25803506375846,77.07044982910156,,18547600.0
2023-12-12,76.70389673211906,77.53613102668218,76.38685689581547,77.43705749511719,,10262100.0
2023-12-13,77.57574804169016,79.52751969592727,77.30824123972026,79.05196380615234,,11629900.0
2023-12-14,80.06251613808378,81.6378127862254,80.04270446122968,81.42975616455078,,17342800.0
2023-12-15,82.12328857604273,82.22236209043385,80.359754319877,80.656982421875,,19547800.0
2023-12-18,80.83530906656823,81.1028158663392,80.06252508291793,80.80558776855469,,12416600.0
2023-12-19,80.91456752386762,81.50901613580538,80.41919242078212,81.40994262695312,,14316400.0
2023-12-20,80.70651792898379,80.86504160403739,77.9026927867784,77.96214294433594,,29085000.0
2023-12-21,84.21376762925142,85.22432951491979,82.34125034196578,84.6893310546875,,53969700.0
2023-12-22,85.3531357251588,86.68073743465891,84.8280393009886,85.68998718261719,,22531800.0
2023-12-26,85.89802907285942,87.05721241332951,85.63052987664217,86.25469970703125,,11203900.0
2023-12-27,86.67082853651404,86.68073059589955,85.42248120096016,85.85841369628906,,9186300.0
2023-12-28,85.94758386390154,85.94758386390154,85.0459975115603,85.20452117919922,,9606200.0
2023-12-29,85.15987971065124,85.45750581608534,84.35629982250396,84.6638412475586,,8549200.0
2024-01-02,83.33445806834915,83.41382603543747,81.10228508437551,81.68760681152344,,13597100.0
2024-01-03,80.556631684237,81.93561780593103,79.94154892341948,81.60823822021484,,12915600.0
2024-01-04,82.8086527379018,83.5923943279319,81.955466073765,82.05467224121094,,19134200.0
2024-01-05,80.83442567863916,82.86817869512666,80.36814834458744,82.78881072998047,,15483700.0
2024-01-08,83.22534017831003,84.83250766734356,83.16581797947629,84.27693939208984,,16219800.0
2024-01-09,82.47134175611444,83.52294831223328,82.24316833045562,82.66976165771484,,12138700.0
2024-01-10,82.30268599268182,82.36220817541763,81.01299076342146,81.72727966308594,,10748600.0
2024-01-11,82.14397207304141,82.78881601642973,81.17173336028293,82.72929382324219,,10579300.0
2024-01-12,82.09436141532076,82.391987505432,81.06260055693325,81.73721313476562,,10187500.0
2024-01-16,81.88602224172317,84.54478844190824,81.67768701624301,83.93962097167969,,13713500.0
2024-01-17,83.02691045872466,83.30469075385022,81.97530389567665,82.62015533447266,,10245400.0
2024-01-18,84.54480442671068,85.14004912190283,83.3741532462891,84.1479721069336,,15077700.0
2024-01-19,85.37814937088812,87.09444601521292,84.94164061132447,86.81666564941406,,18156800.0
2024-01-22,87.5706278858057,89.23731744247904,87.31269333186492,88.53294372558594,,14371200.0
2024-01-23,88.29484101955838,88.4734151580861,86.19163534011469,86.83648681640625,,16850900.0
2024-01-24,87.70950535516414,87.86823369253464,85.92376425384207,87.38211822509766,,19752800.0
2024-01-25,88.44366393718961,89.32661184044366,87.79881238890549,88.4932632446289,,15892400.0
2024-01-26,86.54877624700852,87.7987951102558,85.60630633272508,87.35236358642578,,14934500.0
2024-01-29,87.79879722470601,88.86031910308306,87.32259702806657,88.3642807006836,,12108100.0
2024-01-30,87.38212633718608,88.08649995672434,85.08050846455922,85.47734069824219,,12980400.0
2024-01-31,84.2868455635742,86.23131521891683,84.11819432103196,85.07058715820312,,11396700.0
2024-02-01,85.3880561132323,85.50710806275268,83.94954767568707,84.93170166015625,,10459000.0
2024-02-02,84.3959754732097,85.92377469692916,84.26700821036258,85.79480743408203,,10450000.0
2024-02-05,86.05274388458288,86.52894410311204,84.93169976844882,86.29084777832031,,8409300.0
2024-02-06,86.142037537445,86.49918582071633,83.05667782687357,83.92970275878906,,12990300.0
2024-02-07,83.47334787911294,84.60431491410685,81.81658131000117,84.49518585205078,,16374800.0
2024-02-08,84.83247927988243,85.34835582469016,83.86024080023843,84.20746612548828,,12524500.0
2024-02-09,84.38605689746235,84.9416250965315,83.29477384445778,84.88209533691406,,12161500.0
2024-02-12,84.85232197707658,86.22139271620406,84.71343183962088,85.0209732055664,,10366000.0
2024-02-13,81.81658796603551,82.8880328975991,80.13005259547508,80.884033203125,,21207900.0
2024-02-14,81.52887362870572,82.5209504518494,80.84433819867402,81.18164825439453,,12870900.0
2024-02-15,81.58839038880356,82.0546676756958,80.86417859469243,80.98322296142578,,11527600.0
2024-02-16,80.31853308101513,80.69551952264665,78.62208274025588,78.87010192871094,,15553100.0
2024-02-20,78.70147021742102,80.13005595037151,78.52289605468386,80.0705337524414,,12627200.0
2024-02-21,80.14989428493092,80.8542679811558,79.30663042713755,80.84434509277344,,9913300.0
2024-02-22,84.32653833843854,85.62615668370933,83.21540946139376,85.22933197021484,,17510900.0
2024-02-23,85.8642564531765,86.13211387876072,84.37614114250755,85.31861114501953,,10232800.0
2024-02-26,88.96946359028328,91.61830730203329,88.19564475934028,88.75120544433594,,28920100.0
2024-02-27,91.16193739861312,92.01512406010384,89.77302835184135,91.12225341796876,,21422700.0
2024-02-28,89.74327951029113,90.07066671859293,88.59247419027841,88.99922180175781,,14190700.0
2024-02-29,89.93177382861033,90.11034797600875,88.11627125821744,89.89208984375,,17027000.0
2024-03-01,91.19171383019012,95.29891190589166,91.19171383019012,94.39612579345705,,23446200.0
2024-03-04,96.16202821453668,96.60845985692892,93.87033266408136,95.01121520996094,,20913200.0
2024-03-05,93.50324608645258,94.61437491861344,92.54093030031396,93.72150421142578,,12887500.0
2024-03-06,94.29691031638082,95.66597368370702,93.81078719633985,94.80286407470705,,14232400.0
2024-03-07,98.14617101897204,98.9001516053176,96.69773960898348,98.1957778930664,,24843300.0
2024-03-08,99.08863833874918,101.04303104853138,96.54892388933877,96.84654998779295,,22379000.0
2024-03-11,95.14016315910976,95.69572372475724,92.78893850416014,93.76117706298828,,15673300.0
2024-03-12,94.57469518176173,96.72750029485394,92.89808275458812,96.64813232421876,,14993700.0
2024-03-13,94.56476084761482,94.58459905339936,92.36234912720644,93.41395568847656,,16732600.0
2024-03-14,92.5607757818532,92.70958125845576,89.58454514666751,90.7055892944336,,16718900.0
2024-03-15,91.74725843045296,93.949662391768,91.29089647840992,92.51115417480467,,29579500.0
2024-03-18,96.05287890451406,96.31082100103316,92.9476811344082,93.0369644165039,,23140300.0
2024-03-19,91.8464712768922,93.41395442577158,90.2789881280128,93.25521850585938,,21054700.0
2024-03-20,94.23738482693972,95.9139972494147,92.84847562050132,95.4874038696289,,39807400.0
2024-03-21,112.47175966432276,112.6007269351107,107.9181228066016,108.97964477539062,,89554100.0
2024-03-22,108.4439212867604,110.45783614131236,106.20183298851067,109.3367919921875,,37281400.0
2024-03-25,109.36654887124313,120.44805294153386,109.28718847633372,116.20195770263672,,55766100.0
2024-03-26,118.05713883327036,121.48972364233404,117.23371327528136,117.85872650146484,,44295100.0
2024-03-27,118.35476739092904,119.1583471912832,116.1523556443853,118.30516052246094,,29320700.0
2024-03-28,118.60803884772172,118.79671024409924,116.5325928775556,117.06883239746094,,21047800.0
2024-04-01,118.36970693589434,126.49272928194031,118.1711030704783,123.43418884277344,,44309400.0
2024-04-02,121.85525909626465,122.8185037458804,120.07772648301784,121.89498138427734,,25026400.0
2024-04-03,121.34881157931656,127.38646309342464,120.48487642230322,127.11833953857422,,40130100.0
2024-04-04,129.2732234167256,129.63071644138756,122.7887169462654,123.22564697265624,,36009900.0
2024-04-05,123.53348808676296,124.81450344669491,120.35577327550682,122.71920013427734,,23326500.0
2024-04-08,128.1610232268718,128.79656466646216,121.755954078148,122.09358215332033,,27955800.0
2024-04-09,124.0200701899295,125.26136323577012,120.42528280172448,121.77581024169922,,19212900.0
2024-04-10,119.1641280095059,123.61292545541131,119.0946159045504,121.34880065917967,,22242300.0
2024-04-11,122.04393670315297,126.67147334914593,121.22964874864338,126.621826171875,,21745300.0
2024-04-12,124.37756764284768,125.112411030924,120.98139156622965,121.66658020019533,,24808200.0
2024-04-15,122.76884963047348,123.91084079396144,119.7698888443047,120.52459716796876,,17732600.0
2024-04-16,118.69741120247964,121.69637960055871,117.53556266919324,120.92180633544922,,17452400.0
2024-04-17,121.17006795370558,123.5533523003723,115.39060739057116,115.51970672607422,,25546500.0
2024-04-18,115.19201051824469,116.80072925465728,110.70349757987798,111.15036010742188,,32146900.0
2024-04-19,108.89618325843593,110.10767916630228,104.983624316526,106.02630615234376,,33787500.0
2024-04-22,106.85050767620514,109.46219318647027,105.88726302612648,108.35992431640624,,19820900.0
2024-04-23,108.94580632062043,112.1036561085914,108.151383322995,111.67665100097656,,17887500.0
2024-04-24,111.93484334829968,113.1562714674459,108.46915527221412,111.00138854980467,,20505900.0
2024-04-25,108.60818251517595,112.2724745510061,107.31723467600705,110.80278778076172,,18342800.0
2024-04-26,111.21985545339624,114.25853836549037,110.82264016866957,114.04006958007812,,20630700.0
2024-04-29,113.01723597963397,113.95069068502704,111.32908062961536,113.56340789794922,,14419100.0
2024-04-30,113.3846829655548,115.47005396380288,112.14338980275808,112.17317962646484,,14845600.0
2024-05-01,109.75016287597823,112.9378100925963,107.99249525231876,108.93587493896484,,16686200.0
2024-05-02,110.96166738004862,111.62700621985,108.66776022374184,111.5475616455078,,15439200.0
2024-05-03,114.22875758638088,114.6756276581632,112.65976125445997,113.90105438232422,,15564400.0
2024-05-06,118.94565999301044,120.52458863892495,117.19791731629884,119.29322052001952,,22538700.0
2024-05-07,119.31308581177252,120.56431128904148,118.34984122239688,118.37963104248048,,12508300.0
2024-05-08,117.47597692124435,119.63085983111742,117.39653234798833,118.4888687133789,,10867900.0
2024-05-09,118.48887939795485,118.7967176767666,116.62197721560098,116.98939514160156,,11524800.0
2024-05-10,119.20386181831306,121.001251831813,118.3498515455861,120.39550018310548,,13922400.0
2024-05-13,122.07372977129492,123.24551076882584,120.80264684032956,122.14324188232422,,16643200.0
2024-05-14,122.13330564455543,124.16902931023056,120.82250046544438,123.9406280517578,,13887700.0
2024-05-15,125.3507575309419,127.05877063309838,124.56625930882367,126.91974639892578,,14265100.0
2024-05-16,127.03890594457845,129.2235864256956,126.16503829788282,126.99918365478516,,15874700.0
2024-05-17,127.4659052556586,128.1312365326776,123.99028460846743,124.41728973388672,,13774700.0
2024-05-20,126.2444633332175,130.10737420469812,125.75787858781946,128.1014404296875,,19123200.0
2024-05-21,123.3348834082055,127.92271315914525,122.4212934751082,126.61190032958984,,15717800.0
2024-05-22,126.89986706305802,126.97931163346968,124.36762630900743,125.40038299560548,,11190100.0
2024-05-23,130.85215422571346,131.03089315420382,123.79167865278312,125.39045715332033,,20747400.0
2024-05-24,126.92966983538668,129.49169309446825,125.71816652986064,128.58804321289062,,14048900.0
2024-05-28,130.84221513081224,132.371496686205,128.36956902044213,131.74588012695312,,14143000.0
2024-05-29,129.09445617052643,132.1728684940546,128.9951466817027,130.6634521484375,,11242500.0
2024-05-30,129.39240231346227,130.75285477101278,124.82443741361458,125.41033172607422,,12639700.0
2024-05-31,125.46990564722522,126.4331503097429,120.1671051346562,124.12931060791016,,24153800.0
2024-06-03,127.23751459641392,127.94256060192572,124.27826847001296,127.27722930908205,,16134300.0
2024-06-04,126.4629423815894,126.96939209922884,124.5463854886618,125.75788879394533,,12995500.0
2024-06-05,127.9028380428408,132.93751474050018,126.76084692926604,132.7786407470703,,22301800.0
2024-06-06,132.9077148255596,133.1957032747534,128.2801710811165,129.1639862060547,,15505000.0
2024-06-07,129.3030279061144,131.61678493890972,128.71712603976977,130.02793884277344,,12139500.0
2024-06-10,128.8065134390521,134.72499065529823,128.8065134390521,133.88092041015625,,14652100.0
2024-06-11,134.37743954008843,134.90374662748496,130.86208882718984,134.12918090820312,,14125000.0
2024-06-12,137.54520478248298,140.72292734243035,135.87691407576435,139.7696075439453,,16973600.0
2024-06-13,141.79539145415043,143.21543868714255,139.2830153482839,142.14295959472656,,16312900.0
2024-06-14,140.8122732298026,141.49746935263389,138.6772402953644,140.37533569335938,,14028500.0
2024-06-17,144.5659503017472,147.71386754301915,141.14990952878892,146.80027770996094,,23909000.0
2024-06-18,150.68305360117952,156.44264131605848,150.45464476681116,152.38113403320312,,42192600.0
2024-06-20,155.91631546264594,156.3135382880938,141.91454043251505,143.1856231689453,,41285000.0
2024-06-21,136.69118913395604,141.60672189682367,134.75477494229787,138.56802368164062,,49893500.0
2024-06-24,141.44781803771727,141.8351008357817,136.92950862529753,138.0417022705078,,32410100.0
2024-06-25,139.09434982178308,140.14696396839335,136.79050250636865,140.13702392578125,,31160600.0
2024-06-26,142.04364913552004,143.0664886174674,138.56802836294472,141.36839294433594,,55490300.0
2024-06-27,134.84412934764677,136.43299038783297,130.16694598807055,131.30892944335938,,68172700.0
2024-06-28,131.8948381875337,134.47671857334927,129.83924967662225,130.6138153076172,,38140600.0
2024-07-01,129.59101283805694,131.16000929455012,126.38350780744123,130.60391235351562,,24749000.0
2024-07-02,129.00510269041524,131.78560204414475,128.51851037894926,131.6664276123047,,20776000.0
2024-07-03,131.73596193132823,135.8669891357422,131.50755308388176,135.8669891357422,,14507100.0
2024-07-05,135.86699104439074,136.17482932287757,129.99815336241824,130.683349609375,,30104600.0
2024-07-08,130.48950586194863,132.4574445352647,129.29682540784347,129.89317321777344,,20500700.0
2024-07-09,130.94672027954044,134.385631333249,130.0820295223874,130.34043884277344,,21850900.0
2024-07-10,132.28850668525786,135.66777110809417,131.89093635178693,135.55844116210938,,22460200.0
2024-07-11,135.52860392532028,135.59816924411666,129.27696117852122,129.43597412109375,,25401500.0
2024-07-12,130.94671986314964,133.61037261571752,129.92300098943446,132.73574829101562,,20726900.0
2024-07-15,133.09357178653687,134.5247947203491,129.23722278884927,130.0720977783203,,20416000.0
2024-07-16,129.62483617979663,130.1714858998046,126.46422412338374,126.71269989013672,,21312600.0
2024-07-17,121.8326311301475,122.27988444541865,118.5030576084676,118.77140808105467,,31414100.0
2024-07-18,119.76531692746052,120.8983657921772,113.394394768965,116.7339096069336,,30404900.0
2024-07-19,115.97853120004116,116.49535736877895,113.15584303621657,113.56334686279295,,18038900.0
2024-07-22,114.656654870898,114.87531475213824,112.94714043525066,114.57714080810548,,23837800.0
2024-07-23,114.42806064402144,115.63068247951476,113.1359911697236,113.55342864990234,,14707700.0
2024-07-24,110.79035950908556,113.3446897056383,109.32932100601744,109.60761260986328,,25261000.0
2024-07-25,106.14885278739908,110.02506876268374,104.39958123004062,106.79488372802734,,29068400.0
2024-07-26,109.32931899305665,109.955475090181,107.12285334193638,108.742919921875,,18547900.0
2024-07-29,109.86603769445088,110.35304803754146,106.48676600357348,107.19243621826172,,13517700.0
2024-07-30,108.33542221736872,108.58389795639938,101.54706320716036,101.93468475341795,,23915100.0
2024-07-31,109.1802599121106,110.66117348784609,107.09306480601698,109.15044403076172,,26503600.0
2024-08-01,106.52651828936244,107.20237259744069,99.3405966375471,100.8910903930664,,31643700.0
2024-08-02,96.56762575906797,97.09439317202414,90.51475212981984,92.1348114013672,,36039400.0
2024-08-05,87.09572291571327,91.68755780899176,84.39231294668136,89.86871337890625,,36977600.0
2024-08-06,88.65615215661983,90.30603491764626,86.61865538191849,88.4573745727539,,26460000.0
2024-08-07,92.81066658250738,93.00945174759624,86.05213020993928,86.27079010009766,,29483800.0
2024-08-08,87.94054349296063,92.2838948840853,87.49328257941781,91.50865173339844,,24760700.0
2024-08-09,91.2303535907496,93.95364557741856,90.89242264131832,92.51248931884766,,21627200.0
2024-08-12,92.53236910012998,95.94145674195532,92.0652334702223,94.06298065185548,,18886600.0
2024-08-13,96.03090897566668,97.18383249319076,94.33133578417991,96.84590911865234,,23565500.0
2024-08-14,100.38421260183544,101.3284175089982,97.47207622997198,99.79781341552734,,22459000.0
2024-08-15,102.8788991467075,107.3912195667166,102.1235307619051,106.29792022705078,,29128000.0
2024-08-16,106.17865004997203,108.80255313450928,104.7076704017909,107.33157348632812,,18383300.0
2024-08-19,106.596098452693,108.05713709929114,104.12128206636788,107.96768188476562,,15744600.0
2024-08-20,107.66950441995353,108.5242615320398,105.51273691793756,107.33157348632812,,16075500.0
2024-08-21,107.50055582116302,107.7390904261702,105.56244035470436,107.66951751708984,,13658900.0
2024-08-22,108.28573648647476,110.32324081393767,103.32616228840556,103.62433624267578,,17967000.0
2024-08-23,102.4117596341414,103.77340938893995,99.69840127712928,102.22291564941406,,25465100.0
2024-08-26,100.05621732275378,101.56695419156382,97.01487644365758,98.30695343017578,,26752300.0
2024-08-27,96.49804185841566,97.88950762154067,96.08060440434168,97.26335144042967,,17234600.0
2024-08-28,96.7664044272792,97.0844531094058,92.13481243700213,94.28164672851562,,25564300.0
2024-08-29,95.97126648540868,97.38261443827707,94.41083915624937,94.9873046875,,18984300.0
2024-08-30,96.32907546332495,97.80999637029376,94.41084239941752,95.6532211303711,,18819400.0
2024-09-03,93.05913800467,93.30761376226508,87.77157418636202,88.03993225097656,,28897200.0
2024-09-04,87.82127531618312,90.17682830701578,87.27462559799032,88.74560546875,,16356500.0
2024-09-05,87.56285773880425,90.14700416847133,87.2249343394619,88.8449935913086,,13890700.0
2024-09-06,88.8251156387845,89.10340727116017,84.74017361942315,85.85334014892578,,23587100.0
2024-09-09,87.31438729921071,87.42371724869517,84.49170608712201,85.7440185546875,,20526400.0
2024-09-10,86.43973616536648,86.6583960159669,84.35254159824156,86.32046508789062,,17019000.0
2024-09-11,87.66223848376605,90.27620813487468,85.55516905091372,90.09730529785156,,20879600.0
2024-09-12,86.56894612999547,87.49327618430152,83.6071195614038,86.67827606201172,,30900000.0
2024-09-13,87.5529123495624,90.91230937020556,87.33426005738356,90.66383361816406,,21267200.0
2024-09-16,86.70809977392987,87.70200282181085,85.39614805404213,86.64846801757812,,26494300.0
2024-09-17,87.52309746351354,89.02389314604208,87.0062712298821,88.18901824951172,,17744800.0
2024-09-18,87.45352592462368,88.65614768700324,86.1813312531107,86.81742858886719,,20130600.0
2024-09-19,88.80522984598896,89.8388898562932,87.04602490588292,88.70584106445312,,25208900.0
2024-09-20,87.86103689002374,90.4153675924751,87.79146397528301,90.34579467773438,,28711000.0
2024-09-23,92.11493101949245,94.22200812479574,92.01554223533849,92.99950408935548,,23394100.0
2024-09-24,94.1524323928368,94.42078286028924,92.19444231394718,93.4268798828125,,23043200.0
2024-09-25,93.58591918269212,95.59360010065063,93.3573181340879,95.18609619140624,,54762900.0
2024-09-26,112.41042117536072,114.10006072576186,106.87438209411272,109.21005249023438,,107965900.0
2024-09-27,109.82628301576126,110.2934186454689,106.37743834490172,106.84457397460938,,42960200.0
2024-09-30,105.43322760605268,106.0991407680316,101.63651860975295,103.07767486572266,,39544700.0
2024-10-01,102.7695743252334,103.56469219568945,98.33676774265837,99.69841003417967,,34309800.0
2024-10-02,99.97669701876104,101.4973749462627,98.72438472488147,99.2412109375,,26334900.0
2024-10-03,98.86354040337436,101.90488139619316,98.79396749121442,101.19921112060548,,22176700.0
2024-10-04,103.0180372336326,103.60443630560316,100.78175570576596,101.62657165527344,,21911200.0
2024-10-07,101.65146139122533,104.06935780673564,100.30817548294245,102.3977279663086,,21749300.0
2024-10-08,101.67134774891436,102.42756659068208,100.75592933548866,102.02955627441406,,18858300.0
2024-10-09,101.74101368699915,101.78081548351908,99.82062065555856,101.1937484741211,,18442700.0
2024-10-10,100.8653919027647,106.04945607589208,100.34797616525104,105.16388702392578,,27605600.0
2024-10-11,104.51711761630445,107.11412578836374,104.4673634769652,106.38775634765624,,19133900.0
2024-10-14,107.27332161157985,108.16884294840251,106.26835483659356,107.8006820678711,,15021900.0
2024-10-15,107.3230840938208,108.94496738059398,102.19871877101772,103.80070495605467,,23419100.0
2024-10-16,105.49224037158493,109.08427078270532,105.08428525553109,108.69621276855467,,20450900.0
2024-10-17,110.78576087998805,113.57182589488072,110.45740934487608,111.4922332763672,,26584800.0
2024-10-18,111.19371428847953,112.33799116633092,109.31312321789368,110.5967025756836,,16700400.0
2024-10-21,110.54694368143036,110.58674547276016,107.15392257828212,108.53700256347656,,14829400.0
2024-10-22,107.70119452604597,107.97979951118336,105.84050797898551,107.28328704833984,,13758100.0
2024-10-23,106.02954691720454,106.56685973364634,103.02458367497344,104.52706909179688,,15174700.0
2024-10-24,106.24845636311883,106.99472292224328,105.02458345734767,106.31810760498048,,13206300.0
2024-10-25,107.80069310625696,109.33302808585542,107.18378424882208,107.37284088134766,,12265000.0
2024-10-28,106.24844768119456,107.64147999601396,105.79073847330244,105.86038970947266,,12381000.0
2024-10-29,106.05941312776886,108.2086647332473,105.0743432709664,107.6415023803711,,15164600.0
2024-10-30,105.73105344998704,106.2683663100928,103.12409274164044,103.56190490722656,,14321800.0
2024-10-31,101.69126317111132,101.97982051261192,98.57684649863944,99.15396118164062,,19830300.0
2024-11-01,99.50221128503158,100.10917538118358,98.87535008684574,99.23355865478516,,13623400.0
2024-11-04,100.99475148221214,103.27335319017,100.49724039116676,101.2236099243164,,15765800.0
2024-11-05,101.49224942746994,105.0942319930016,101.28329570726564,104.96487426757812,,12071900.0
2024-11-06,107.8404996596075,111.76088942440724,106.46737180290988,111.27333068847656,,20304500.0
2024-11-07,111.99967656167838,113.29320822909226,110.81560551560352,112.84545135498048,,13569800.0
2024-11-08,111.58177497435646,113.73102630199222,110.0195906189867,111.3429718017578,,13045700.0
2024-11-11,110.3977078361384,110.95492541911042,106.2385148200175,108.10916137695312,,14479700.0
2024-11-12,104.47732380477396,104.56687215272676,101.5619086558984,103.58180236816406,,21859700.0
2024-11-13,102.2882681082476,102.82557332603828,99.32309910738648,99.42259979248048,,18416200.0
2024-11-14,100.78579184448309,101.78081396841942,98.06937810591364,98.68629455566406,,18459700.0
2024-11-15,97.0644113078632,97.7111696158305,95.16391540567298,95.86042785644533,,18518300.0
2024-11-18,96.0693920692516,97.58182240411564,95.05446522030236,97.0246124267578,,14236400.0
2024-11-19,96.51714552767062,97.6912719315608,96.02958681503463,97.24351501464844,,14160300.0
2024-11-20,97.49226731121696,98.03952490358152,96.04948073189352,97.8803253173828,,10490600.0
2024-11-21,99.60170423343828,102.77582695587805,97.57185837008568,102.24846649169922,,18915200.0
2024-11-22,101.85046149737464,103.19373979739528,101.1439967261255,102.12906646728516,,12063700.0
2024-11-25,103.33304636266487,105.87035582288496,103.293244566618,103.9599151611328,,22837900.0
2024-11-26,103.4823043768591,104.198721544864,99.81067018654224,101.2932586669922,,19275700.0
2024-11-27,100.43753237928917,100.53703307018964,96.15893434782323,97.71116638183594,,17046400.0
2024-11-29,96.75595277942264,97.71117314271034,95.62162812355496,97.46241760253906,,13729400.0
2024-12-02,97.11415741434784,99.5917603680776,97.04450616958968,98.05943298339844,,16525600.0
2024-12-03,100.61664470491294,103.16389903444448,99.1340562037064,99.34300994873048,,23479700.0
2024-12-04,100.26836780247856,102.89523297668454,99.30320279881306,102.68627166748048,,16306200.0
2024-12-05,103.36288496750382,103.7310458487495,100.10916629405368,100.3678741455078,,13448900.0
2024-12-06,100.3778169147462,101.6813009006441,99.53204973060554,100.66637420654295,,12381000.0
2024-12-09,100.14897795360486,103.9798115995142,99.870372974472,102.30817413330078,,14141900.0
2024-12-10,104.4375240076362,104.477325804627,96.78580124088212,97.6116714477539,,23548500.0
2024-12-11,99.0047093907787,102.1489832022454,97.81068578142656,101.55196380615234,,15248400.0
2024-12-12,100.89524241152816,101.4723570512006,97.27336257651984,97.75096893310548,,19334900.0
2024-12-13,100.2683698450976,102.6862737593559,99.1738470952072,101.98976135253906,,23926000.0
2024-12-16,105.08428220074748,110.57680072773168,104.019608881594,107.7210922241211,,42741200.0
2024-12-17,109.20367944065718,109.9399936957994,107.1439839225174,108.05940246582033,,35811500.0
2024-12-18,109.7011860293819,111.48227649130509,102.21862321141045,103.38279724121094,,63024300.0
2024-12-19,89.63160069570856,90.5470192885539,84.1888281018688,86.65647888183594,,91396800.0
2024-12-20,84.98484117003596,89.80074448818168,83.12414711088903,89.67139434814453,,49578400.0
2024-12-23,89.5519967210271,90.64651960711184,87.95996274204775,89.27339172363281,,26041500.0
2024-12-24,89.13408095366553,89.25347874637386,87.79080264578411,88.8355712890625,,13021300.0
2024-12-26,88.05945776087039,90.17885214695094,87.66144739395041,89.37288665771484,,14468200.0
2024-12-27,88.55696553068195,89.04452422654651,87.14403599246936,88.18880462646484,,19422600.0
2024-12-30,86.66943004470374,86.72921410689919,84.26831511546213,84.99562072753906,,22022900.0
2024-12-31,85.12513518713166,86.08159644076166,83.78010418547608,83.849853515625,,18691500.0
2025-01-02,84.6668328817196,87.32699150533239,84.42771186291867,87.00817108154297,,18860000.0
2025-01-03,87.62588806926175,89.86759648309904,87.18751470387,89.538818359375,,17484600.0
2025-01-06,95.2178140558587,101.145884630932,95.128149364069,98.89421844482422,,42903300.0
2025-01-07,103.02891894279809,106.3466415086328,100.78721060306384,101.5344467163086,,53570000.0
2025-01-08,102.44109271546368,103.09866416599245,97.93775293176148,99.04366302490234,,33516900.0
2025-01-10,97.75841734914007,100.40861093897112,96.51302376713998,98.97391510009766,,20512600.0
2025-01-13,95.48681063846706,95.64622466151684,92.53771962355712,94.70968627929688,,22699100.0
2025-01-14,96.69235790687571,97.05103185605884,95.02850635322336,97.00121307373048,,18613400.0
2025-01-15,99.07355724072453,103.54700906539657,98.98388494601625,102.80973815917967,,27568100.0
2025-01-16,103.9355636788706,104.41379814605416,101.4945953643385,102.2219009399414,,16243800.0
2025-01-17,104.25438803606876,105.489816354182,102.12227480913168,105.36029815673828,,18908900.0
2025-01-21,105.04147291115513,109.83374481470496,104.84221298551454,108.97691345214844,,23533600.0
2025-01-22,108.76768481524282,110.2621570141924,107.36288490089514,108.82746887207033,,20004300.0
2025-01-23,104.40383261777583,105.7887096322598,102.96913682096068,104.45364379882812,,22677600.0
2025-01-24,105.11122317253862,105.33041366929272,102.34146893452858,102.80973815917967,,19743800.0
2025-01-27,94.51042688785348,95.745855168381,88.03438038966266,90.77424621582033,,50696200.0
2025-01-28,92.2687149699685,93.10561576001108,87.71555660180576,87.9247817993164,,34793600.0
2025-01-29,89.54877297331716,90.11667211468848,87.43659042709055,88.6819839477539,,25342800.0
2025-01-30,90.32590307587304,92.81669006647694,89.9672291411238,92.15911865234376,,22497100.0
2025-01-31,91.31225554565204,93.92259553131404,90.80413285479582,90.9037628173828,,20492100.0
2025-02-03,88.32330662290552,91.06317226342765,87.6956234477131,89.588623046875,,18607900.0
2025-02-04,88.72183738470171,91.1129868615232,88.47275868075958,90.3259048461914,,12827500.0
2025-02-05,90.05689624810617,93.3048846996332,89.88752455249325,93.25506591796876,,15660000.0
2025-02-06,94.53035566350349,96.2539837976105,93.23515084484504,94.19161224365234,,16141100.0
2025-02-07,95.23773085359004,95.57648184810832,91.25247153766982,91.9598617553711,,15602800.0
2025-02-10,92.84658409623766,95.90527040778852,92.8266535423513,95.57648468017578,,16217900.0
2025-02-11,93.9026785921367,95.48681562215916,93.21521888409256,93.73330688476562,,12124000.0
2025-02-12,89.26980361146077,92.2986014834403,87.02809533527369,91.3421401977539,,22874700.0
2025-02-13,91.72074774775784,95.71597264629284,91.68089423939306,95.30748748779295,,16579900.0
2025-02-14,98.0473566894287,100.32891120814185,97.6388639162668,99.15325927734376,,21284500.0
2025-02-18,102.26175342676429,107.48244100166713,101.67393132634687,106.3964614868164,,29641900.0
2025-02-19,105.37026039754416,106.79499093348768,103.23814723204534,103.97541809082033,,17875900.0
2025-02-20,103.59682146114346,104.46361051593848,101.96285811375252,102.79976654052734,,14488000.0
2025-02-21,103.25807599089808,103.27800654568463,97.38978181737065,98.47576141357422,,18650800.0
2025-02-24,99.85067498743317,100.32890185634244,94.92887722046125,95.05840301513672,,14883700.0
2025-02-25,95.14806913792916,95.57648483181605,92.41816854965984,92.87647247314452,,18608200.0
2025-02-26,95.64622471460044,99.35251713849584,95.1480672942119,97.34992218017578,,21335200.0
2025-02-27,97.47944041762904,99.5218888826684,91.15284269605488,91.48162841796876,,22386300.0
2025-02-28,90.66465253252638,94.11190104633486,89.53881947380276,93.2849578857422,,23359100.0
2025-03-03,95.45692842837316,95.84549063245852,89.06058857512858,90.20635223388672,,20281800.0
2025-03-04,89.8675996045459,93.2451064572722,86.48013507588871,90.8639144897461,,23611500.0
2025-03-05,91.81041571697938,94.699730326443,90.096752944417,93.99234008789062,,14010300.0
2025-03-06,90.59490333587026,92.94620682701547,88.70190373180881,88.9410171508789,,18708100.0
2025-03-07,89.95727269776425,92.99602856391114,89.16021774199622,92.617431640625,,19133900.0
2025-03-10,89.25983890269497,91.03328562420536,85.44395901194142,86.75909423828125,,21897900.0
2025-03-11,87.57607631385092,90.76428077435756,85.75281832489914,88.72183990478516,,21962100.0
2025-03-12,92.12924299845174,96.6325831475164,91.90008721947842,95.28755950927734,,23584700.0
2025-03-13,93.90267411572636,97.7584153012888,93.65359540454408,94.53034973144533,,18824700.0
2025-03-14,98.3860883302057,102.401235832692,98.3860883302057,100.41857147216795,,24623600.0
2025-03-17,100.6875777332072,104.06508451439282,100.58794776705336,102.7300262451172,,17095100.0
2025-03-18,101.52447551056098,102.92927536875324,99.92040813970708,101.34513854980467,,18434100.0
2025-03-19,100.4484705457704,103.21822482413522,100.1196847958489,101.68389892578124,,16633100.0
2025-03-20,101.20567224809258,104.30421228342443,100.97651647000453,102.62043762207033,,29204400.0
2025-03-21,97.83812039587316,98.1370179071682,93.35470333412437,94.3709487915039,,63239600.0
2025-03-24,95.74585524797872,98.05730538828034,94.97869616057956,96.582763671875,,35406600.0
2025-03-25,95.82555339829392,96.02481330869595,92.90635086336182,93.83292388916016,,22191700.0
2025-03-26,95.64622265460704,96.2838635308688,90.63476032963796,91.7904815673828,,27107200.0
2025-03-27,90.7543168247767,91.87019220291242,89.27977509070787,90.82406616210938,,15658700.0
2025-03-28,90.13660014108454,90.5550505279908,87.2771739613347,88.11408233642578,,17118000.0
2025-03-31,85.7946438120245,86.88203738837028,83.89917922882586,86.6825180053711,,21089500.0
2025-04-01,88.31859084800271,88.67773178383322,86.04403666185992,88.49816131591797,,15337100.0
2025-04-02,86.92194427891097,89.71526135589649,86.49297074804198,88.38843536376953,,14520400.0
2025-04-03,82.72199724719897,83.15097077405038,74.03279637648919,74.16248321533203,,44839500.0
2025-04-04,70.48129228915906,71.1696394225358,63.7075056106741,64.5654525756836,,50737700.0
2025-04-07,63.78730852924181,72.28696304192796,61.39304206442101,68.20673370361328,,50181800.0
2025-04-08,71.42902614671698,72.7957574887861,63.36832220990868,65.38349914550781,,40822100.0
2025-04-09,66.04191333944567,78.37239863875062,63.54788707011225,77.68405151367188,,63132600.0
2025-04-10,72.32687510469314,72.87556478788883,67.33881475264535,69.88272857666016,,44882300.0
2025-04-11,68.8751420763307,70.00244103842446,66.67042019172567,69.38392639160156,,30807800.0
2025-04-14,74.49168825401945,74.60142618591978,69.80291477004062,70.85040283203125,,32634700.0
2025-04-15,70.95017211923829,72.62616067673765,70.381533552114,70.870361328125,,19132700.0
2025-04-16,67.76778560340858,70.28176457384032,67.00959832834869,69.16444396972656,,28475000.0
2025-04-17,70.2717870018882,70.31169239255249,66.83999951650932,68.63570404052734,,20694100.0
2025-04-21,67.59819601538176,67.83762078112703,65.49323393813212,66.58062744140625,,19826100.0
2025-04-22,67.37872805517615,70.23189952023921,67.27896835866437,70.04235076904297,,20351200.0
2025-04-23,73.51403908303242,75.21995488386074,72.32687823233216,72.75585174560547,,26385500.0
2025-04-24,74.39192987525861,77.4047149015955,73.42424497402789,77.23512268066406,,23875600.0
2025-04-25,77.36482205816903,80.10825535652714,76.71637266541275,79.58949279785156,,19746200.0
2025-04-28,78.58189598871603,79.41989404889648,76.73631526168595,78.37239837646484,,16882400.0
2025-04-29,77.75389280867556,78.00329584425774,76.28740174166411,76.69641876220703,,17098000.0
2025-04-30,73.44420799106982,76.9657776037107,73.32449179505433,76.76625061035156,,19779300.0
2025-05-01,79.21040214247553,79.6992299396071,77.45460271800079,77.58428955078125,,15349200.0
2025-05-02,79.38996745849094,81.47497295529595,78.91111033345813,80.5272445678711,,18899700.0
2025-05-05,79.2203835292946,80.95622651822708,78.86124255073248,80.22796630859375,,12513600.0
2025-05-06,78.85125807851367,81.02605267218232,78.35245204887569,80.3177490234375,,13173800.0
2025-05-07,80.79660912223623,82.67212491024749,80.00849457893872,82.42272186279297,,14889700.0
2025-05-08,84.04881058502984,86.00412918203489,83.16093651830755,84.94666290283203,,17580500.0
2025-05-09,85.36566746750141,86.06399289609811,84.47779330349573,85.65497589111328,,13017600.0
2025-05-12,92.58837314903874,93.97505330797804,91.73042616580172,92.06961822509766,,27765300.0
2025-05-13,92.32900882488032,97.1774045509305,92.32900882488032,96.69854736328124,,28009100.0
2025-05-14,96.07005524563353,97.41683015612472,94.09477979538336,95.09239196777344,,28044400.0
2025-05-15,93.78552009949316,95.3816980129496,91.9499097906358,95.22207641601562,,24196100.0
2025-05-16,95.67099974131656,97.95553231181825,95.47147275913834,97.76598358154295,,22609300.0
2025-05-19,95.4814542963906,98.783547950504,95.47147604414434,98.41443634033205,,14380100.0
2025-05-20,97.68617506188257,98.39447873995154,96.7384466108043,97.8657455444336,,12331300.0
2025-05-21,96.92799263277377,98.58402471557376,95.03252817248917,95.61113739013672,,15764300.0
2025-05-22,95.18217827131984,96.9878538156039,94.14466072866648,94.6035614013672,,13245200.0
2025-05-23,92.039691318904,93.61591259832396,90.71286544475002,93.14704132080078,,16545000.0
2025-05-27,94.95271749383438,96.4690844971744,93.9650836718486,96.14984893798828,,17612600.0
2025-05-28,96.46907991706424,96.9778641817031,95.37170821016096,95.95032501220705,,10500300.0
2025-05-29,98.35456649410835,99.3920839198074,95.8804929192055,96.56884765625,,14628700.0
2025-05-30,95.81066494609244,96.37930352647118,91.9997871101281,94.23443603515624,,23758200.0
2025-06-02,94.35414724008184,99.00301532315058,94.1745767709656,97.94554901123048,,16850300.0
2025-06-03,98.12511871565216,102.68420533422145,96.72846036798532,102.00582885742188,,22757600.0
2025-06-04,102.13551566126355,103.6618684421679,101.45713918458684,103.0034408569336,,14595900.0
2025-06-05,106.046164469939,108.76964111729036,105.27799892548282,106.03618621826172,,28833700.0
2025-06-06,107.82191645055087,110.78482557389876,107.78201105363316,108.30076599121094,,20710100.0
2025-06-09,109.24849482609548,112.261279788189,108.32071533978088,110.68505096435548,,20159700.0
2025-06-10,111.26367119937704,114.64557545459296,110.96439214978967,113.86743927001952,,22949400.0
2025-06-11,115.32395618397275,116.97999590820504,114.45603853605634,115.7529296875,,21614100.0
2025-06-12,113.8375159151288,116.20185930256064,113.24892082568384,115.90257263183594,,17076500.0
2025-06-13,113.52825459379515,116.82036979960958,113.38858951537024,115.3239517211914,,17453000.0
2025-06-16,117.5286816186065,120.67116132410872,117.0398538101166,119.5538330078125,,21374100.0
2025-06-17,119.31440437779624,123.21507130096954,119.06500135542994,120.0526351928711,,20837700.0
2025-06-18,120.17235307052488,122.6863398335253,119.8930228993418,121.52910614013672,,20180000.0
2025-06-20,122.47683546820772,123.86352330421,120.0925431327919,123.30485534667967,,29290400.0
2025-06-23,123.37468219527352,124.21268028730064,119.52389901724584,121.78848266601562,,23399200.0
2025-06-24,124.81125153252144,127.79411721768108,124.66160819397616,127.60456848144533,,26420600.0
2025-06-25,126.3076653558512,127.19553949322354,125.32003153326843,126.94613647460938,,39407000.0
2025-06-26,129.22068892210345,129.5399320880524,123.49439782847416,125.6991195678711,,62678100.0
2025-06-27,124.84117174943576,127.23544219975145,123.09535065604372,124.46208190917967,,36888600.0
2025-06-30,124.60174219413192,124.78131266127664,121.5590225039508,122.95568084716795,,22799700.0
2025-07-01,122.05783873935913,123.69392197214069,118.79565052591124,120.60132598876952,,24825800.0
2025-07-02,120.21225816984146,122.7062884223278,117.77808220783837,121.44929504394533,,29303800.0
2025-07-03,122.03788360569304,123.3347747008261,121.53907758190898,121.99797821044922,,13247900.0
2025-07-07,121.00442285969775,121.33394655179922,118.73771520995392,119.74624633789062,,19148400.0
2025-07-08,122.27257636440952,125.26822959622037,121.7733008257744,124.2397232055664,,26238200.0
2025-07-09,124.63915286616177,125.96722770944324,121.10428091987492,122.0628890991211,,20464000.0
2025-07-10,124.09992831374454,124.16982658534894,121.8432007159822,122.93162536621094,,15378400.0
2025-07-11,121.95303950560672,124.62915667945684,121.06432966227032,124.3495635986328,,15820600.0
2025-07-14,120.20558062208842,120.2654988695302,116.85044826228592,118.43814849853516,,32117700.0
2025-07-15,120.76476568653366,121.21411060895048,118.9474030913783,119.93596649169922,,24958900.0
2025-07-16,118.85753814112032,118.91744877022278,114.64365121186552,116.26130676269533,,30614800.0
2025-07-17,113.76492890832743,114.03453435747744,110.78924323168371,113.0959014892578,,34702400.0
2025-07-18,114.07447423588386,114.63366802600726,113.11586610496688,114.22425842285156,,19349900.0
2025-07-21,113.4254122327799,115.75203805116944,112.50674707801032,113.0659408569336,,22189800.0
2025-07-22,112.69647771248236,112.8362742569618,107.97332765921414,109.06175231933594,,27917600.0
2025-07-23,109.2814336047265,110.13020050660514,108.72223981448322,109.67086791992188,,17810000.0
2025-07-24,110.89908022255209,112.5666663118144,110.090256287695,111.568115234375,,20293100.0
2025-07-25,110.8291875882889,111.33845079681775,108.6723211128652,111.09880065917967,,16372300.0
2025-07-28,111.55813403417766,111.83772713307584,109.70082831339325,111.08881378173828,,12932300.0
2025-07-29,111.88764882509368,113.37548776477294,110.50964349265548,111.79777526855467,,16653300.0
2025-07-30,112.4368470828504,114.72352990920864,112.24712756318624,114.57374572753906,,16378800.0
2025-07-31,112.02744878918814,112.10732708613884,106.78505558708078,108.98186492919922,,29224300.0
2025-08-01,105.3371594177704,106.345698219466,103.23021586705364,104.72804260253906,,24003300.0
2025-08-04,105.86638144679488,107.7236870527334,105.30719528357558,107.61384582519533,,14780600.0
2025-08-05,109.14163528168956,110.47969006216016,106.67521291345182,108.9019775390625,,17836000.0
2025-08-06,107.74366849491209,108.80213025527776,106.5953331712724,108.62239074707033,,13021900.0
2025-08-07,113.97462394447032,115.11297160897792,110.6294792244404,111.70791625976562,,18986500.0
2025-08-08,112.00747092710674,119.15710019618987,111.50819539552296,118.71773529052734,,28962200.0
2025-08-11,124.78892981811298,127.09558037747628,121.47374053375104,123.54074096679688,,35065800.0
2025-08-12,124.5193193513479,128.36374718808057,122.86172848384064,127.56490325927734,,25961200.0
2025-08-13,127.39514444995052,128.41367078452294,123.17127016756936,124.08993530273438,,18438200.0
2025-08-14,123.02149136038292,125.55781204565196,121.22410396763792,125.10846710205078,,12235900.0
2025-08-15,122.99153287410724,123.20122768360156,119.2669416671264,120.6948699951172,,18986700.0
2025-08-18,121.17417002784885,123.50079583412465,120.485174974529,123.37098693847656,,12208800.0
2025-08-19,122.76187116002748,124.0599829818883,121.13422803785156,121.87316131591795,,11491200.0
2025-08-20,118.52801543401137,118.73771787430164,113.29560967462557,117.04017639160156,,25795000.0
2025-08-21,116.83047642303626,117.55942206389922,115.44249103055458,115.62223052978516,,13174900.0
2025-08-22,117.47954328089116,120.5251196904183,116.34119558943844,117.5094985961914,,17038300.0
2025-08-25,117.5094964330878,117.90891840586654,115.931783830699,116.2513198852539,,8674800.0
2025-08-26,115.92179005052456,118.18850524551956,115.6421969698806,116.3311996459961,,12584300.0
2025-08-27,116.68069396999364,118.5579749050218,116.27129198243,117.5793914794922,,15349300.0
2025-08-28,118.70774494006288,122.39240071700492,118.55796837867486,121.82322692871094,,17295500.0
2025-08-29,122.42236503228764,122.5921168932376,117.88894206128386,118.83757019042967,,16774000.0
2025-09-02,115.69213526029203,118.388220280945,114.0844673213942,118.30834197998048,,13771900.0
2025-09-03,119.18706099196004,119.26694690908994,117.13004814507748,118.54798889160156,,14101300.0
2025-09-04,118.67779487425776,124.2297440847877,118.34827118795694,124.030029296875,,18589100.0
2025-09-05,127.58487444055466,131.21960756013587,125.47793856657252,131.17965698242188,,28416000.0
2025-09-08,130.3608461133798,132.06835992203332,128.21395215641957,131.26953125,,19492600.0
2025-09-09,131.56908343176303,137.8000475906312,131.3693762651996,135.04405212402344,,20705000.0
2025-09-10,139.8171249458533,142.03390953793922,138.1395512268812,139.79714965820312,,25791300.0
2025-09-11,147.50596060422927,156.03357976761268,147.3961193805434,150.35183715820312,,52446400.0
2025-09-12,153.32752134686854,158.0506636879363,152.9880176365481,157.00218200683594,,32288300.0
2025-09-15,156.73257321459403,160.1076652670399,156.32316364374103,157.54139709472656,,20101400.0
2025-09-16,157.7510950409448,159.3288075726342,156.94227110560914,158.5898895263672,,16911600.0
2025-09-17,157.18193033564916,160.35731548020104,155.03503635557774,159.75819396972656,,18843600.0
2025-09-18,162.75384881089644,170.20303146314984,162.36441449247226,168.64529418945312,,28212800.0
2025-09-19,162.51419220729974,163.46281270894633,159.14907986190946,162.4942169189453,,37309900.0
2025-09-22,164.14184246148645,167.01765940463704,161.35587622810394,164.38148498535156,,25851200.0
2025-09-23,165.43993103872322,168.74514782079248,164.99058611250447,166.16888427734375,,43316500.0
2025-09-24,164.84082039998248,165.75948560020842,158.0706450383783,161.4757080078125,,57096400.0
2025-09-25,157.1619541121224,158.71969136143622,154.42591866353254,156.60276794433594,,32209200.0
2025-09-26,158.29033372202,158.6897480902688,154.9551612767484,157.04214477539062,,24045000.0
2025-09-29,159.7681781154138,165.5597776194337,159.73822280095163,163.6625213623047,,26506500.0
2025-09-30,163.87221998072343,168.7052035992652,163.72244341190353,167.07757568359375,,20092500.0
2025-10-01,165.360055391913,182.1257203526332,165.26019419500858,181.8860626220703,,41674800.0
2025-10-02,184.6920181837313,185.9102365081407,180.947451558253,183.4837646484375,,25122200.0
2025-10-03,185.05747089388944,191.69200169266892,184.767701195086,187.67530822753903,,29399300.0
2025-10-06,194.8493866472828,200.8344588447796,189.27398043786616,190.802734375,,36392300.0
2025-10-07,194.68953886844125,195.1391652251319,183.08909958546352,185.53707885742188,,27828200.0
2025-10-08,188.834358232664,196.78779404549877,188.6445122723342,196.3781280517578,,26833900.0
2025-10-09,192.81107263294027,196.4580604229229,189.34392927817512,192.17160034179688,,19721500.0
2025-10-10,192.8010839115899,193.2806843123076,179.4620729381871,181.450439453125,,26990300.0
2025-10-13,190.6328714489239,193.2407226378936,187.83518953803323,192.6112518310547,,20928400.0
2025-10-14,186.8060363266709,192.30150681715455,186.09661433683405,186.90594482421875,,15912400.0
2025-10-15,192.32146993643855,192.72114964569585,187.26563977255464,191.78192138671875,,17793100.0
2025-10-16,199.7953143455072,206.17004924075485,195.0392250502533,202.3631896972656,,42041300.0
2025-10-17,199.11588006243252,203.22249584725913,195.3889562042053,202.2133331298828,,23283100.0
2025-10-20,209.4873354801509,214.5731398863498,205.33075784235103,206.59971618652344,,23268400.0
2025-10-21,204.1317522538512,205.7004513559242,200.67459502056,202.12339782714844,,13717300.0
2025-10-22,202.08343479206857,205.41069416355631,192.2415407692192,198.3065490722656,,21949800.0
2025-10-23,196.5379986864972,208.827871696848,195.039234057094,206.53976440429688,,19397900.0
2025-10-24,212.2150853913515,219.6389743353905,209.8070664901897,218.83963012695312,,25821800.0
2025-10-27,224.62485957983637,224.79471775003725,215.56233693310057,219.9187469482422,,23873100.0
2025-10-28,218.74969235438624,222.71642407104707,217.38082549996855,221.7272491455078,,14957500.0
2025-10-29,228.87135078348572,232.20859640302865,225.9137970864112,226.443359375,,23217300.0
2025-10-30,225.91379075712848,227.21270788370788,220.5582046286139,223.82550048828125,,14795100.0
2025-10-31,227.56242644472132,231.05954386538664,218.6397884581818,223.5857086181641,,16320000.0
2025-11-03,233.6873818864157,237.4242918740385,231.60909313974977,234.50669860839844,,21199300.0
2025-11-04,221.95704904031803,228.4816698347356,217.22094732703684,217.85043334960935,,23696200.0
2025-11-05,225.48413881280015,239.68244231968333,224.54491054718136,237.3043975830078,,28617400.0
2025-11-06,237.64411084488728,246.20705989406568,234.68655724464597,238.1337127685547,,32016800.0
2025-11-07,233.8372642631599,242.3502519184799,226.21354304187324,237.72406005859375,,30613800.0
2025-11-10,247.75578657672412,256.858284180447,247.6059009691577,253.0913848876953,,27870600.0
2025-11-11,248.13547955835867,249.78412987267367,238.5933412722345,240.91143798828125,,22622500.0
2025-11-12,244.6982879638672,248.9847631474332,240.6416343236662,244.6982879638672,,17263100.0
2025-11-13,243.39938470933055,249.29451955420765,229.97045103623336,236.75485229492188,,32324600.0
2025-11-14,231.2593713014628,254.9598363777117,231.03955127702469,246.626708984375,,36171100.0
2025-11-17,246.7166560345948,260.3653952429624,239.2628079887017,241.7507476806641,,30304400.0
2025-11-18,235.28606053944208,238.73321616010136,225.33427187377848,228.3118133544922,,33843900.0
2025-11-19,226.72313795433664,234.1570133793064,216.18182307742993,225.73394775390625,,35256600.0
2025-11-20,230.0503804531015,230.410084567933,199.43561608331564,201.2041473388672,,47420700.0
2025-11-21,204.3615461975588,211.8253950640903,192.43137763993107,207.19920349121097,,36679700.0
2025-11-24,213.23424968286807,225.9237875384637,212.18511136196352,223.74557495117188,,33052800.0
2025-11-25,219.03945323120345,226.0037140098839,215.8221039799527,224.34507751464844,,17441600.0
2025-11-26,229.4308859738144,233.63742543404436,225.81387219183372,230.0703582763672,,17817600.0
2025-11-28,235.4259402237654,237.9039086913022,233.27771704642663,236.2852325439453,,12914700.0
2025-12-01,232.0986930589727,242.1604073238936,231.3093503643396,240.2619781494141,,18238200.0
2025-12-02,238.55337433372216,244.1687410308703,234.13701631172935,239.2927703857422,,18166200.0
2025-12-03,236.1953223185405,237.6041647835438,227.90215466713155,233.9671630859375,,19188200.0
2025-12-04,230.0903484714977,233.96715792212248,223.14607529026708,226.4633331298828,,23513900.0
2025-12-05,228.7614492855328,240.3718902104229,226.5033159566295,237.0246429443359,,21161000.0
2025-12-08,243.2894764223214,249.02473941992127,241.4110198397423,246.71664428710935,,20495400.0
2025-12-09,244.28866544088368,255.29957937944292,242.63002880898665,252.21212768554688,,17067100.0
2025-12-10,254.9198778230841,264.53194983734414,250.3736221892886,263.4927978515625,,21960700.0
2025-12-11,261.3146103034218,262.63353050812447,251.34283380916008,258.24713134765625,,18867000.0
2025-12-12,255.45943871062732,255.60932432443445,239.12291305634324,240.94140625,,25936900.0
2025-12-15,246.90648350137337,249.9040127340008,235.80563296669408,237.3043975830078,,27483600.0
2025-12-16,235.60579556160263,239.20282141405823,230.3900935916313,232.31849670410156,,22577300.0
2025-12-17,236.3651754457263,237.25444186461323,221.5074267095709,225.3342742919922,,41957100.0
2025-12-18,256.3187300925832,263.43286144325225,244.79822699687696,248.3453063964844,,65006100.0
2025-12-19,251.5426753455233,268.1589848558779,251.5426753455233,265.7010192871094,,62312100.0
2025-12-22,276.92174951240804,279.7594069968648,268.06906072207244,276.3622131347656,,30961900.0
2025-12-23,275.69279308797223,281.6278734404281,272.0957515922059,276.04248046875,,20767600.0
2025-12-24,277.77103448716355,289.06171541862125,277.021652199878,286.4438781738281,,18592600.0
2025-12-26,290.60045535510085,290.6304294268707,283.1865836745587,284.5554504394531,,17878500.0
2025-12-29,280.212285314488,294.376349223858,278.38306709285047,294.24639892578125,,26642900.0
2025-12-30,294.5762485898116,298.7044885113904,291.8873758546106,292.5071105957031,,23056400.0
2025-12-31,293.0469125010942,293.0469125010942,284.0606666232223,285.2901611328125,,17573800.0
2026-01-02,295.00607846003123,315.4674842347152,294.73617231120267,315.2875671386719,,42604300.0
2026-01-05,324.9934815276042,325.39330746509376,309.42000654760994,312.0189208984375,,34608600.0
2026-01-06,318.14633463899094,344.40529136816224,317.92642580949723,343.2857666015625,,48732400.0
2026-01-07,340.5669262408333,346.15457532139726,337.0384097193049,339.40740966796875,,32781100.0
2026-01-08,342.7559961297741,343.51568673613724,321.225033117604,326.8826599121094,,33897700.0
2026-01-09,332.61028389510386,345.6547922186109,326.0530407686874,344.9450988769531,,33387500.0
2026-01-12,340.40698854579153,348.32367630622775,339.1775245541738,345.7247619628906,,23152600.0
2026-01-13,346.12457232198557,351.0825113246795,335.0792249908501,337.9880065917969,,23881300.0
2026-01-14,334.69938651336355,338.9576073671734,328.0621907202587,333.21002197265625,,20277200.0
2026-01-15,345.18497586053485,347.62395369792637,336.1287827693935,336.4886474609375,,25370200.0
2026-01-16,352.95174475741555,365.65639947953,351.8921922757467,362.5976867675781,,47901900.0
2026-01-20,364.5268677658108,381.3997849298565,361.1982794163825,364.84674072265625,,49744900.0
2026-01-21,372.69344271558526,394.0344837413667,366.5760174445932,388.9465942382813,,56712800.0
2026-01-22,396.4734477148891,397.61295311527766,376.7617278072447,397.41302490234375,,39607600.0
2026-01-23,396.9932330663986,412.2568100921039,390.5759154525779,399.482177734375,,35404200.0
2026-01-26,395.3339171248016,397.8328672962606,384.1386081547605,388.9266052246094,,29193900.0
2026-01-27,404.440077826186,416.2751327092956,399.43220241444334,410.0677185058594,,36212100.0
2026-01-28,422.2626240537506,438.7556958666012,416.8249058156781,435.09722900390625,,42725700.0
2026-01-29,439.1855085220348,444.5232626546009,417.5246245977186,435.6070251464844,,42675700.0
2026-01-30,446.2825104531407,455.30871717161017,406.95903456699176,414.7057800292969,,51022900.0
2026-02-02,412.0069129532501,442.2442105860814,409.8278356846554,437.61614990234375,,37771200.0
2026-02-03,441.9743469105657,442.11427226406215,407.3588826785566,419.2638854980469,,42763300.0
2026-02-04,410.4175985803548,412.8265903346469,363.7472002495992,379.2406921386719,,58074900.0
2026-02-05,369.4648002878339,390.76585027465586,365.8463251223046,382.729248046875,,38899500.0
2026-02-06,377.8112814329328,396.4834298764643,372.7134169593978,394.5242614746094,,37196000.0
2026-02-09,380.53014117002857,391.6454667226209,370.5243348583356,383.3389587402344,,31009600.0
2026-02-10,375.83210135336617,382.6292641429955,365.9062785636795,373.09326171875,,35433800.0
2026-02-11,395.2239899172025,413.9860973904565,386.4076861244115,410.1676940917969,,48475000.0
2026-02-12,422.07269506107974,438.5857472467042,410.9873554694847,413.7961730957031,,45639100.0
2026-02-13,405.0198675621167,420.7032819419831,392.54509679679575,411.4871520996094,,33807600.0
2026-02-17,400.78164369310247,413.486297918331,395.1339918596243,399.6121215820313,,28549500.0
2026-02-18,399.3322490936073,427.6703509687872,394.434312715064,420.7732543945313,,32306600.0
2026-02-19,415.6353818204169,420.14349764725006,407.5687634245411,417.17474365234375,,21651300.0
2026-02-20,415.00563825173424,430.3891898788619,414.97565207039486,427.9902038574219,,29894900.0
2026-02-23,422.13267710547626,431.5187490538549,415.1256107182112,420.7932434082031,,25426600.0
2026-02-24,429.03975664153035,436.08678389659474,411.1072878383078,417.83447265625,,33389200.0
2026-02-25,426.320904533902,436.7065562174714,422.82237425050533,428.8198547363281,,27296300.0
2026-02-26,424.6616000236277,433.81775727083726,401.79120277798825,415.385498046875,,35433500.0
2026-02-27,401.64127502928784,417.7844874423968,401.0115346894632,412.19683837890625,,28653900.0
2026-03-02,401.3014252611373,417.4346322646796,396.8333009795398,412.4967346191406,,30049200.0
2026-03-03,386.3876793226664,389.9262014534376,374.39271800254,379.52056884765625,,39010900.0
2026-03-04,393.4747044571419,407.70871456901386,387.4472074874173,400.6016845703125,,32644900.0
2026-03-05,398.4326377362109,404.36014046423224,380.1403034300277,396.8832702636719,,29960100.0
2026-03-06,379.98039581121793,391.0157382085629,367.2957218365765,370.1445007324219,,34458800.0
2026-03-09,363.807157928399,389.83623179249304,357.51982117907266,389.1565246582031,,35547200.0
2026-03-10,393.8445501809074,415.1355933099149,393.4747104385503,402.9407043457031,,33745400.0
2026-03-11,410.5975029322861,422.572483402254,405.6196136029557,418.5141906738281,,30191400.0
2026-03-12,409.8278201806601,413.5562647459693,396.5034315466379,405.1797790527344,,31720900.0
2026-03-13,413.5762735876892,429.1697295205888,412.8265884996149,425.9510803222656,,39261000.0
2026-03-16,445.9726564891947,454.668984966884,437.566184274094,441.6144714355469,,43067600.0
2026-03-17,452.3499727417273,462.53569608015493,444.95308633575695,461.4961242675781,,43017900.0
2026-03-18,464.56485931012566,471.14208297820466,458.1075498691072,461.5361328125,,58973700.0
2026-03-19,424.7915515471312,457.0280094101424,420.9331565419807,444.08343505859375,,74591900.0
2026-03-20,443.73360503223694,448.9114225546253,415.18556972243744,422.722412109375,,64224900.0
2026-03-23,425.9710395632608,444.08342550130794,401.3513776258061,404.1802062988281,,54807300.0
2026-03-24,401.1115077869816,404.80996641862856,388.74670663101466,395.3639221191406,,44975100.0
2026-03-25,382.8391870019348,388.75671475053633,371.22407085668544,381.9295654296875,,55328700.0
2026-03-26,369.8646136394447,374.0928483986513,349.85303123454366,355.31072998046875,,54515900.0
2026-03-27,359.7088829463018,368.54519794334,353.911330523037,357.07000732421875,,45806700.0
2026-03-30,362.6600036621094,362.80999755859375,318.3999938964844,321.79998779296875,,73833200.0
2026-03-31,321.6700134277344,337.8399963378906,311.489990234375,337.8399963378906,,73551800.0
2026-04-01,348.9100036621094,377.8900146484375,343.0,367.8500061035156,,74429800.0
2026-04-02,341.3399963378906,366.94000244140625,340.20001220703125,366.239990234375,,51498700.0
2026-04-06,373.7999877929687,385.0799865722656,370.6099853515625,377.760009765625,,41414900.0
2026-04-07,374.1300048828125,379.25,364.1000061035156,377.5799865722656,,40224100.0
2026-04-08,415.1300048828125,416.0,398.8800048828125,406.7300109863281,,49216600.0
2026-04-09,407.6099853515625,423.94000244140625,398.44000244140625,421.510009765625,,43101000.0
2026-04-10,420.2900085449219,423.8599853515625,410.0499877929687,420.5899963378906,,36377600.0
2026-04-13,416.4700012207031,426.8800048828125,408.5,426.55999755859375,,37015800.0
2026-04-14,434.3500061035156,465.7799987792969,424.8599853515625,465.6600036621094,,52534900.0
2026-04-15,457.6300048828125,463.9500122070313,439.3200073242187,456.2300109863281,,40370100.0
2026-04-16,452.9599914550781,462.3399963378906,444.3800048828125,457.2300109863281,,33626400.0
2026-04-17,466.8500061035156,470.9700012207031,452.2000122070313,455.0700073242187,,33405000.0
2026-04-20,458.25,464.55999755859375,435.8999938964844,448.4200134277344,,32013600.0
2026-04-21,451.3200073242187,457.8200073242187,441.2999877929687,449.3800048828125,,27734000.0
2026-04-22,462.9299926757813,491.9800109863281,458.55999755859375,487.4800109863281,,45998100.0
2026-04-23,482.2799987792969,493.6199951171875,471.7999877929687,481.7200012207031,,38178000.0
2026-04-24,495.9200134277344,506.989990234375,489.3599853515625,496.7200012207031,,35379600.0
2026-04-27,510.55999755859375,531.3599853515625,510.0199890136719,524.5599975585938,,41298800.0
2026-04-28,503.5400085449219,518.8300170898438,488.2300109863281,504.2900085449219,,44816600.0
2026-04-29,526.0,531.02001953125,508.7999877929687,518.4600219726562,,36248500.0
2026-04-30,529.739990234375,535.5,502.5799865722656,517.1599731445312,,36554400.0
2026-05-01,511.7799987792969,545.9099731445312,510.2099914550781,542.2100219726562,,40215300.0
2026-05-04,560.5999755859375,592.7999877929688,557.760009765625,576.4500122070312,,46043700.0
2026-05-05,609.780029296875,651.739990234375,605.469970703125,640.2000122070312,,64268500.0
2026-05-06,660.3699951171875,667.6699829101562,627.5800170898438,666.5900268554688,,55725800.0
2026-05-07,649.8300170898438,683.0900268554688,635.4199829101562,646.6300048828125,,47527500.0
2026-05-08,676.4500122070312,747.2100219726562,676.2100219726562,746.8099975585938,,65130900.0
2026-05-11,792.97998046875,818.6699829101562,768.0,795.3300170898438,,70972900.0
2026-05-12,774.7000122070312,782.760009765625,706.5999755859375,766.5800170898438,,73743000.0
2026-05-13,813.1599731445312,814.9500122070312,779.469970703125,803.6300048828125,,54875100.0
2026-05-14,787.6199951171875,812.0,775.6300048828125,776.010009765625,,42142700.0
2026-05-15,732.5700073242188,749.5900268554688,719.0,724.6599731445312,,48519000.0
2026-05-18,750.4600219726562,757.0,663.25,681.5399780273438,,60042500.0
2026-05-19,665.5800170898438,725.9500122070312,652.2100219726562,698.739990234375,,61792100.0
2026-05-20,734.9600219726562,735.6799926757812,700.6599731445312,731.989990234375,,48827400.0
2026-05-21,736.3599853515625,764.9000244140625,732.2000122070312,762.0999755859375,,42461500.0
2026-05-22,756.8200073242188,780.2000122070312,747.2000122070312,751.0,,36002900.0
2026-05-26,820.5,916.7999877929688,820.2999877929688,895.8800048828125,895.8800048828125,76560800.0
2026-05-27,955.6599731445312,956.1599731445312,888.1500244140625,928.4099731445312,928.4099731445312,72295700.0
2026-05-28,929.8300170898438,949.489990234375,904.780029296875,923.52001953125,923.52001953125,49694300.0
2026-05-29,957.0,981.0,940.510009765625,971.0,971.0,60498600.0
2026-06-01,1009.719970703125,1046.969970703125,1009.5,1035.5,1035.5,46552100.0
2026-06-02,1050.0,1076.56005859375,1017.2000122070312,1064.0999755859375,1064.0999755859375,47555400.0
2026-06-03,1079.010009765625,1089.2900390625,1038.5,1079.5699462890625,1079.5699462890625,40324200.0
2026-06-04,1007.0999755859375,1036.369873046875,971.6799926757812,996.0,996.0,53659458.0
