date,open,high,low,close,adj_close,volume
2018-01-02,19.61000061035156,20.165000915527344,19.54199981689453,20.10700035095215,20.10700035095215,109669000.0
2018-01-03,20.204999923706055,20.621000289916992,20.149999618530273,20.5049991607666,20.5049991607666,85914000.0
2018-01-04,20.6200008392334,20.704999923706055,20.399999618530273,20.562999725341797,20.562999725341797,60296000.0
2018-01-05,20.725000381469727,21.00200080871582,20.55900001525879,20.999000549316406,20.999000549316406,70332000.0
2018-01-08,21.00200080871582,21.25,20.8439998626709,21.204999923706055,21.204999923706055,55802000.0
2018-01-09,21.211000442504883,21.29800033569336,20.858999252319336,20.930999755859375,20.930999755859375,61259000.0
2018-01-10,20.756999969482425,21.36400032043457,20.69099998474121,21.25200080871582,21.25200080871582,59515000.0
2018-01-11,21.429000854492188,21.774999618530273,21.334999084472656,21.724000930786133,21.724000930786133,76595000.0
2018-01-12,21.718000411987305,22.2549991607666,21.600000381469727,22.12299919128418,22.12299919128418,81994000.0
2018-01-16,22.423999786376953,22.60700035095215,21.719999313354492,22.152999877929688,22.152999877929688,135161000.0
2018-01-17,22.100000381469727,22.114999771118164,21.631999969482425,21.75,21.75,91231000.0
2018-01-18,22.034000396728516,22.058000564575195,21.655000686645508,22.03300094604492,22.03300094604492,82253000.0
2018-01-19,22.274999618530273,22.349000930786133,21.850000381469727,22.04599952697754,22.04599952697754,105486000.0
2018-01-22,22.200000762939453,22.77899932861328,22.1200008392334,22.757999420166016,22.757999420166016,177033000.0
2018-01-23,25.5049991607666,25.770999908447266,24.802000045776367,25.02899932861328,25.02899932861328,277053000.0
2018-01-24,25.08799934387207,26.17099952697754,24.930999755859375,26.1299991607666,26.1299991607666,173524000.0
2018-01-25,26.299999237060547,27.229999542236328,26.02300071716309,26.969999313354492,26.969999313354492,153364000.0
2018-01-26,27.14900016784668,27.459999084472656,26.875999450683594,27.459999084472656,27.459999084472656,110218000.0
2018-01-29,27.420000076293945,28.680999755859375,27.392000198364254,28.458999633789062,28.458999633789062,175297000.0
2018-01-30,27.700000762939453,28.27300071716309,27.270000457763672,27.8799991607666,27.8799991607666,124829000.0
2018-01-31,28.194000244140625,28.229000091552734,26.95800018310547,27.030000686645508,27.030000686645508,116951000.0
2018-02-01,26.641000747680664,27.19499969482422,26.33799934387207,26.506999969482425,26.506999969482425,96690000.0
2018-02-02,26.299999237060547,27.062000274658203,26.270999908447266,26.743000030517575,26.743000030517575,91236000.0
2018-02-05,26.200000762939453,26.790000915527344,25.003000259399418,25.426000595092773,25.426000595092773,118961000.0
2018-02-06,24.770000457763672,26.670000076293945,24.5,26.57200050354004,26.57200050354004,125958000.0
2018-02-07,26.65800094604492,27.2450008392334,26.433000564575195,26.45599937438965,26.45599937438965,89815000.0
2018-02-08,26.70800018310547,26.761999130249023,25.0,25.010000228881836,25.010000228881836,93067000.0
2018-02-09,25.385000228881836,25.579999923706055,23.611000061035156,24.94700050354004,24.94700050354004,169069000.0
2018-02-12,25.214000701904297,25.915000915527344,24.899999618530273,25.795000076293945,25.795000076293945,85349000.0
2018-02-13,25.729000091552734,26.141000747680664,25.469999313354492,25.82699966430664,25.82699966430664,68552000.0
2018-02-14,26.04700088500977,26.988000869750977,26.03300094604492,26.600000381469727,26.600000381469727,109720000.0
2018-02-15,27.003000259399418,28.049999237060547,26.76300048828125,28.027000427246097,28.027000427246097,107597000.0
2018-02-16,27.87299919128418,28.195999145507812,27.569000244140625,27.85199928283691,27.85199928283691,83124000.0
2018-02-20,27.77400016784668,28.58099937438965,27.660999298095703,27.854999542236328,27.854999542236328,77690000.0
2018-02-21,28.207000732421875,28.663999557495117,28.000999450683594,28.104000091552734,28.104000091552734,93711000.0
2018-02-22,28.38800048828125,28.450000762939453,27.44499969482422,27.81399917602539,27.81399917602539,88915000.0
2018-02-23,28.100000381469727,28.600000381469727,27.7810001373291,28.593000411987305,28.593000411987305,73018000.0
2018-02-26,28.875,29.565000534057617,28.701000213623047,29.416000366210938,29.416000366210938,102686000.0
2018-02-27,29.47699928283691,29.736000061035156,29.05900001525879,29.06100082397461,29.06100082397461,94165000.0
2018-02-28,29.309999465942383,29.575000762939453,29.07799911499023,29.13800048828125,29.13800048828125,76535000.0
2018-03-01,29.274999618530273,29.524999618530273,28.382999420166016,29.038999557495117,29.038999557495117,119321000.0
2018-03-02,28.46500015258789,30.118000030517575,28.322999954223633,30.104999542236328,30.104999542236328,133453000.0
2018-03-05,30.28499984741211,31.69099998474121,29.760000228881836,31.5,31.5,189861000.0
2018-03-06,31.988000869750977,32.57899856567383,31.649999618530273,32.52199935913086,32.52199935913086,185258000.0
2018-03-07,32.0,32.374000549316406,31.454999923706055,32.11600112915039,32.11600112915039,171322000.0
2018-03-08,32.220001220703125,32.29199981689453,31.413000106811523,31.700000762939453,31.700000762939453,113401000.0
2018-03-09,32.132999420166016,33.14400100708008,32.02299880981445,33.14400100708008,33.14400100708008,145002000.0
2018-03-12,33.35599899291992,33.39799880981445,31.86000061035156,32.130001068115234,32.130001068115234,203692000.0
2018-03-13,32.387001037597656,32.58399963378906,31.32799911499023,31.58799934387207,31.58799934387207,129172000.0
2018-03-14,31.81599998474121,32.38800048828125,31.770000457763672,32.154998779296875,32.154998779296875,104751000.0
2018-03-15,32.31700134277344,32.34000015258789,31.81399917602539,32.10900115966797,32.10900115966797,56429000.0
2018-03-16,32.141998291015625,32.4109992980957,31.836999893188477,31.844999313354492,31.844999313354492,73337000.0
2018-03-19,31.579999923706055,31.700000762939453,30.733999252319336,31.347999572753903,31.347999572753903,99252000.0
2018-03-20,31.326000213623047,31.950000762939453,31.280000686645508,31.75,31.75,59919000.0
2018-03-21,31.635000228881836,31.940000534057617,31.451000213623047,31.64800071716309,31.64800071716309,52639000.0
2018-03-22,31.30699920654297,31.41200065612793,30.56599998474121,30.670000076293945,30.670000076293945,80633000.0
2018-03-23,30.74099922180176,30.937000274658203,30.035999298095703,30.0939998626709,30.0939998626709,95299000.0
2018-03-26,30.93600082397461,32.10300064086914,30.200000762939453,32.03499984741211,32.03499984741211,119883000.0
2018-03-27,32.249000549316406,32.290000915527344,29.700000762939453,30.069000244140625,30.069000244140625,120686000.0
2018-03-28,29.839000701904297,29.8799991607666,28.160999298095703,28.57699966430664,28.57699966430664,189729000.0
2018-03-29,28.700000762939453,29.53499984741211,27.59000015258789,29.53499984741211,29.53499984741211,191455000.0
2018-04-02,29.194000244140625,29.28700065612793,27.5049991607666,28.02899932861328,28.02899932861328,134058000.0
2018-04-03,28.545000076293945,29.125,27.801000595092773,28.367000579833984,28.367000579833984,126949000.0
2018-04-04,27.363000869750977,29.0310001373291,27.121999740600582,28.893999099731445,28.893999099731445,129140000.0
2018-04-05,29.315000534057617,29.916000366210938,28.910999298095703,29.39699935913086,29.39699935913086,106552000.0
2018-04-06,28.90999984741211,29.885000228881836,28.565000534057617,28.885000228881836,28.885000228881836,114448000.0
2018-04-09,29.177000045776367,29.954999923706055,28.91200065612793,28.993000030517575,28.993000030517575,98536000.0
2018-04-10,29.76799964904785,29.895000457763672,29.16900062561035,29.80699920654297,29.80699920654297,106605000.0
2018-04-11,30.288000106811523,31.163999557495117,30.18199920654297,30.367000579833984,30.367000579833984,148774000.0
2018-04-12,30.972000122070312,31.113000869750977,30.674999237060547,30.924999237060547,30.924999237060547,102494000.0
2018-04-13,31.729000091552734,31.749000549316406,30.822999954223633,31.165000915527344,31.165000915527344,120466000.0
2018-04-16,31.599000930786133,31.61000061035156,30.399999618530273,30.777999877929688,30.777999877929688,203079000.0
2018-04-17,32.965999603271484,33.86199951171875,32.37699890136719,33.60599899291992,33.60599899291992,338665000.0
2018-04-18,33.630001068115234,33.88199996948242,33.11000061035156,33.45199966430664,33.45199966430664,112211000.0
2018-04-19,33.28799819946289,33.53099822998047,32.676998138427734,33.27000045776367,33.27000045776367,84388000.0
2018-04-20,33.22200012207031,33.6510009765625,32.599998474121094,32.777000427246094,32.777000427246094,91587000.0
2018-04-23,32.915000915527344,33.12200164794922,31.70800018310547,31.868999481201172,31.868999481201172,89680000.0
2018-04-24,31.92200088500977,32.025001525878906,30.231000900268555,30.70199966430664,30.70199966430664,138932000.0
2018-04-25,30.636999130249023,30.99799919128418,29.261999130249023,30.576000213623047,30.576000213623047,149197000.0
2018-04-26,31.0,31.663000106811523,30.558000564575195,31.39800071716309,31.39800071716309,92667000.0
2018-04-27,31.625,31.7450008392334,30.649999618530273,31.176000595092773,31.176000595092773,70744000.0
2018-04-30,31.10700035095215,31.788000106811523,31.011999130249023,31.246000289916992,31.246000289916992,60888000.0
2018-05-01,31.035999298095703,31.347999572753903,30.66900062561035,31.329999923706055,31.329999923706055,60366000.0
2018-05-02,31.165000915527344,31.709999084472656,31.040000915527344,31.336000442504883,31.336000442504883,56971000.0
2018-05-03,31.25900077819824,31.25900077819824,30.572999954223633,31.16900062561035,31.16900062561035,61358000.0
2018-05-04,30.871000289916992,32.097999572753906,30.767000198364254,32.00899887084961,32.00899887084961,82095000.0
2018-05-07,32.19900131225586,32.902000427246094,31.93400001525879,32.625999450683594,32.625999450683594,71178000.0
2018-05-08,32.59000015258789,32.73500061035156,32.30500030517578,32.68899917602539,32.68899917602539,47357000.0
2018-05-09,32.87900161743164,33.19499969482422,32.750999450683594,33.029998779296875,33.029998779296875,56334000.0
2018-05-10,33.150001525878906,33.20600128173828,32.73400115966797,32.959999084472656,32.959999084472656,53023000.0
2018-05-11,32.96500015258789,33.125999450683594,32.48699951171875,32.645999908447266,32.645999908447266,45897000.0
2018-05-14,32.724998474121094,33.04999923706055,32.70399856567383,32.85300064086914,32.85300064086914,40898000.0
2018-05-15,32.59400177001953,32.694000244140625,32.24300003051758,32.612998962402344,32.612998962402344,47461000.0
2018-05-16,32.62799835205078,32.97200012207031,32.513999938964844,32.819000244140625,32.819000244140625,36717000.0
2018-05-17,32.75299835205078,33.04499816894531,32.31700134277344,32.52199935913086,32.52199935913086,49357000.0
2018-05-18,32.4900016784668,32.641998291015625,32.279998779296875,32.417999267578125,32.417999267578125,35777000.0
2018-05-21,32.71099853515625,33.1879997253418,32.54499816894531,33.18199920654297,33.18199920654297,66573000.0
2018-05-22,33.404998779296875,33.66299819946289,33.1150016784668,33.1619987487793,33.1619987487793,59644000.0
2018-05-23,32.90399932861328,34.5,32.808998107910156,34.47200012207031,34.47200012207031,100491000.0
2018-05-24,34.433998107910156,35.400001525878906,34.11199951171875,34.92900085449219,34.92900085449219,147586000.0
2018-05-25,34.9900016784668,35.43600082397461,34.882999420166016,35.12900161743164,35.12900161743164,78174000.0
2018-05-29,35.150001525878906,35.61000061035156,34.67100143432617,34.972999572753906,34.972999572753906,97179000.0
2018-05-30,35.23699951171875,35.400001525878906,34.92599868774414,35.354000091552734,35.354000091552734,56855000.0
2018-05-31,35.380001068115234,35.553001403808594,35.020999908447266,35.15999984741211,35.15999984741211,69217000.0
2018-06-01,35.38800048828125,35.999000549316406,35.28200149536133,35.99300003051758,35.99300003051758,71123000.0
2018-06-04,36.26800155639648,36.29999923706055,35.55099868774414,36.180999755859375,36.180999755859375,76820000.0
2018-06-05,36.332000732421875,36.983001708984375,36.14099884033203,36.58000183105469,36.58000183105469,83580000.0
2018-06-06,36.77799987792969,36.96799850463867,36.33300018310547,36.744998931884766,36.744998931884766,77123000.0
2018-06-07,36.854000091552734,36.869998931884766,35.779998779296875,36.13999938964844,36.13999938964844,82780000.0
2018-06-08,35.805999755859375,36.23899841308594,35.625,36.05699920654297,36.05699920654297,52257000.0
2018-06-11,36.1879997253418,36.56700134277344,36.09099960327149,36.14500045776367,36.14500045776367,44324000.0
2018-06-12,36.36000061035156,36.597999572753906,36.20000076293945,36.382999420166016,36.382999420166016,42910000.0
2018-06-13,36.75299835205078,38.42499923706055,36.4109992980957,37.99300003051758,37.99300003051758,182228000.0
2018-06-14,38.426998138427734,39.50299835205078,38.32500076293945,39.2869987487793,39.2869987487793,145983000.0
2018-06-15,39.07099914550781,39.88600158691406,38.750999450683594,39.198001861572266,39.198001861572266,135881000.0
2018-06-18,38.77199935913086,39.31600189208984,38.650001525878906,39.040000915527344,39.040000915527344,68248000.0
2018-06-19,38.95000076293945,40.52899932861328,38.849998474121094,40.49800109863281,40.49800109863281,166971000.0
2018-06-20,41.51499938964844,41.946998596191406,40.959999084472656,41.67599868774414,41.67599868774414,164946000.0
2018-06-21,42.13800048828125,42.32099914550781,40.637001037597656,41.54399871826172,41.54399871826172,183899000.0
2018-06-22,41.99800109863281,42.04999923706055,40.96500015258789,41.10900115966797,41.10900115966797,104286000.0
2018-06-25,40.46900177001953,40.5989990234375,37.875,38.448001861572266,38.448001861572266,224909000.0
2018-06-26,39.327999114990234,40.47800064086914,38.904998779296875,39.93899917602539,39.93899917602539,151912000.0
2018-06-27,40.75600051879883,41.15900039672851,39.0,39.03900146484375,39.03900146484375,165414000.0
2018-06-28,39.5,39.689998626708984,38.709999084472656,39.54199981689453,39.54199981689453,122199000.0
2018-06-29,39.91899871826172,40.132999420166016,39.05500030517578,39.14300155639648,39.14300155639648,92525000.0
2018-07-02,38.54499816894531,39.8380012512207,38.0,39.81800079345703,39.81800079345703,81425000.0
2018-07-03,39.94900131225586,39.99800109863281,38.95000076293945,39.051998138427734,39.051998138427734,52803000.0
2018-07-05,39.380001068115234,39.92399978637695,39.08599853515625,39.8390007019043,39.8390007019043,84489000.0
2018-07-06,39.744998931884766,40.8650016784668,39.551998138427734,40.82500076293945,40.82500076293945,86296000.0
2018-07-09,41.595001220703125,41.9119987487793,41.11000061035156,41.89699935913086,41.89699935913086,111275000.0
2018-07-10,41.7239990234375,41.944000244140625,41.30799865722656,41.5629997253418,41.5629997253418,93829000.0
2018-07-11,41.13399887084961,41.97700119018555,41.060001373291016,41.8650016784668,41.8650016784668,97139000.0
2018-07-12,41.51599884033203,41.67900085449219,40.779998779296875,41.349998474121094,41.349998474121094,127433000.0
2018-07-13,40.91899871826172,41.0,39.507999420166016,39.58000183105469,39.58000183105469,157190000.0
2018-07-16,39.89799880981445,40.33599853515625,39.17499923706055,40.04800033569336,40.04800033569336,229600000.0
2018-07-17,34.69499969482422,38.5,34.400001525878906,37.948001861572266,37.948001861572266,584104000.0
2018-07-18,38.124000549316406,38.3129997253418,37.23600006103515,37.51300048828125,37.51300048828125,217463000.0
2018-07-19,37.10599899291992,37.57500076293945,36.29999923706055,36.42300033569336,36.42300033569336,168787000.0
2018-07-20,36.492000579833984,37.04999923706055,36.013999938964844,36.10499954223633,36.10499954223633,150967000.0
2018-07-23,35.915000915527344,36.38999938964844,35.36000061035156,36.26599884033203,36.26599884033203,115052000.0
2018-07-24,36.694000244140625,36.7400016784668,35.45600128173828,35.731998443603516,35.731998443603516,128515000.0
2018-07-25,35.75699996948242,36.327999114990234,35.564998626708984,36.2869987487793,36.2869987487793,84678000.0
2018-07-26,35.819000244140625,36.55400085449219,35.66299819946289,36.30899810791016,36.30899810791016,69937000.0
2018-07-27,36.685001373291016,36.70000076293945,35.165000915527344,35.520999908447266,35.520999908447266,89495000.0
2018-07-30,35.19300079345703,35.202999114990234,33.402000427246094,33.49599838256836,33.49599838256836,182607000.0
2018-07-31,33.1510009765625,34.25,32.79999923706055,33.744998931884766,33.744998931884766,140854000.0
2018-08-01,33.58700180053711,34.441001892089844,33.402000427246094,33.8380012512207,33.8380012512207,77905000.0
2018-08-02,33.722999572753906,34.5,33.47100067138672,34.45000076293945,34.45000076293945,71313000.0
2018-08-03,34.775001525878906,34.7859992980957,33.847999572753906,34.308998107910156,34.308998107910156,88484000.0
2018-08-06,34.2869987487793,35.198001861572266,34.17399978637695,35.09199905395508,35.09199905395508,81981000.0
2018-08-07,35.323001861572266,35.73099899291992,34.9010009765625,35.18299865722656,35.18299865722656,79709000.0
2018-08-08,35.22100067138672,35.229000091552734,34.6609992980957,34.76100158691406,34.76100158691406,53947000.0
2018-08-09,34.79600143432617,35.24399948120117,34.582000732421875,34.93600082397461,34.93600082397461,48203000.0
2018-08-10,34.691001892089844,34.90999984741211,34.44200134277344,34.58700180053711,34.58700180053711,43284000.0
2018-08-13,33.98899841308594,34.71900177001953,33.90700149536133,34.13100051879883,34.13100051879883,68889000.0
2018-08-14,34.20899963378906,34.24100112915039,33.625,33.749000549316406,33.749000549316406,58052000.0
2018-08-15,33.40299987792969,33.54999923706055,32.099998474121094,32.63999938964844,32.63999938964844,117845000.0
2018-08-16,32.9900016784668,33.117000579833984,32.12099838256836,32.24399948120117,32.24399948120117,66897000.0
2018-08-17,31.900999069213867,32.4370002746582,31.29599952697754,31.67799949645996,31.67799949645996,104079000.0
2018-08-20,31.464000701904297,33.15999984741211,31.093000411987305,32.77299880981445,32.77299880981445,135911000.0
2018-08-21,33.099998474121094,34.150001525878906,32.970001220703125,33.801998138427734,33.801998138427734,147832000.0
2018-08-22,33.8489990234375,34.62099838256836,33.74100112915039,34.444000244140625,34.444000244140625,89307000.0
2018-08-23,34.81100082397461,35.007999420166016,33.76499938964844,33.91699981689453,33.91699981689453,113364000.0
2018-08-24,34.599998474121094,35.915000915527344,34.45399856567383,35.88199996948242,35.88199996948242,147291000.0
2018-08-27,36.71500015258789,37.44900131225586,36.0,36.45800018310547,36.45800018310547,174273000.0
2018-08-28,36.722999572753906,36.999000549316406,36.03799819946289,36.8489990234375,36.8489990234375,92226000.0
2018-08-29,36.720001220703125,36.98600006103515,36.29100036621094,36.80400085449219,36.80400085449219,81187000.0
2018-08-30,36.5,37.680999755859375,36.354000091552734,37.097999572753906,37.097999572753906,109810000.0
2018-08-31,37.06600189208984,37.599998474121094,36.70800018310547,36.76800155639648,36.76800155639648,79434000.0
2018-09-04,36.64699935913086,36.88800048828125,36.125999450683594,36.36000061035156,36.36000061035156,76052000.0
2018-09-05,36.0,36.3390007019043,33.58300018310547,34.11800003051758,34.11800003051758,130928000.0
2018-09-06,34.74399948120117,35.599998474121094,34.19900131225586,34.645999908447266,34.645999908447266,130502000.0
2018-09-07,34.220001220703125,35.57500076293945,34.125,34.86800003051758,34.86800003051758,91058000.0
2018-09-10,35.22700119018555,35.25,34.30799865722656,34.840999603271484,34.840999603271484,57522000.0
2018-09-11,34.46699905395508,35.6150016784668,34.38999938964844,35.59299850463867,35.59299850463867,61981000.0
2018-09-12,35.90800094604492,37.042999267578125,35.624000549316406,36.994998931884766,36.994998931884766,104808000.0
2018-09-13,37.19100189208984,37.40900039672851,36.68399810791016,36.814998626708984,36.814998626708984,83661000.0
2018-09-14,36.85499954223633,37.10900115966797,36.34600067138672,36.45600128173828,36.45600128173828,47564000.0
2018-09-17,36.422000885009766,36.733001708984375,34.957000732421875,35.03499984741211,35.03499984741211,70719000.0
2018-09-18,35.367000579833984,36.814998626708984,35.15599822998047,36.76499938964844,36.76499938964844,104140000.0
2018-09-19,37.39500045776367,37.76100158691406,35.91699981689453,36.69599914550781,36.69599914550781,118768000.0
2018-09-20,37.0260009765625,37.0260009765625,36.31700134277344,36.5359992980957,36.5359992980957,67681000.0
2018-09-21,36.65900039672851,37.22200012207031,36.07400131225586,36.11899948120117,36.11899948120117,119306000.0
2018-09-24,35.900001525878906,37.36399841308594,35.43299865722656,36.96099853515625,36.96099853515625,93225000.0
2018-09-25,37.02299880981445,37.13399887084961,36.44900131225586,36.94300079345703,36.94300079345703,67998000.0
2018-09-26,37.35900115966797,38.20000076293945,37.0880012512207,37.78799819946289,37.78799819946289,137997000.0
2018-09-27,37.98699951171875,38.31999969482422,37.599998474121094,38.07099914550781,38.07099914550781,73262000.0
2018-09-28,37.92399978637695,38.08000183105469,37.37300109863281,37.41299819946289,37.41299819946289,71149000.0
2018-10-01,37.584999084472656,38.61100006103515,37.55899810791016,38.14300155639648,38.14300155639648,83766000.0
2018-10-02,38.4379997253418,38.68000030517578,37.382999420166016,37.7140007019043,37.7140007019043,86387000.0
2018-10-03,37.85300064086914,38.09299850463867,37.487998962402344,37.70500183105469,37.70500183105469,57986000.0
2018-10-04,37.5880012512207,37.59199905395508,36.040000915527344,36.3650016784668,36.3650016784668,90744000.0
2018-10-05,35.97700119018555,36.349998474121094,34.29999923706055,35.1349983215332,35.1349983215332,135230000.0
2018-10-08,34.518001556396484,35.29499816894531,33.81100082397461,34.90999984741211,34.90999984741211,123755000.0
2018-10-09,34.847999572753906,35.87200164794922,34.70899963378906,35.57099914550781,35.57099914550781,87550000.0
2018-10-10,35.35200119018555,35.51499938964844,32.53900146484375,32.5890007019043,32.5890007019043,171831000.0
2018-10-11,32.49399948120117,33.41999816894531,31.58099937438965,32.11000061035156,32.11000061035156,160821000.0
2018-10-12,33.957000732421875,34.130001068115234,32.88999938964844,33.95600128173828,33.95600128173828,148708000.0
2018-10-15,33.76300048828125,33.92100143432617,32.69300079345703,33.3129997253418,33.3129997253418,112150000.0
2018-10-16,33.7239990234375,34.79499816894531,33.055999755859375,34.63999938964844,34.63999938964844,201564000.0
2018-10-17,37.83300018310547,38.0,35.650001525878906,36.470001220703125,36.470001220703125,326109000.0
2018-10-18,36.06700134277344,36.220001220703125,34.60499954223633,34.67100143432617,34.67100143432617,184610000.0
2018-10-19,35.099998474121094,35.58000183105469,33.220001220703125,33.266998291015625,33.266998291015625,167172000.0
2018-10-22,33.310001373291016,33.58000183105469,32.034000396728516,32.95399856567383,32.95399856567383,170972000.0
2018-10-23,31.799999237060547,33.65800094604492,31.677000045776367,33.316001892089844,33.316001892089844,149073000.0
2018-10-24,33.22800064086914,33.29999923706055,30.072999954223633,30.183000564575195,30.183000564575195,190393000.0
2018-10-25,30.711999893188477,31.993999481201172,30.524999618530273,31.28700065612793,31.28700065612793,133469000.0
2018-10-26,30.051000595092773,31.39900016784668,29.229999542236328,29.982999801635746,29.982999801635746,196160000.0
2018-10-29,30.525999069213867,30.788999557495117,27.540000915527344,28.483999252319336,28.483999252319336,216988000.0
2018-10-30,27.55699920654297,29.052000045776367,27.121000289916992,28.58099937438965,28.58099937438965,236857000.0
2018-10-31,29.777000427246097,31.149999618530273,29.5049991607666,30.17799949645996,30.17799949645996,203603000.0
2018-11-01,30.458999633789062,31.844999313354492,29.66699981689453,31.738000869750977,31.738000869750977,151215000.0
2018-11-02,31.799999237060547,32.1879997253418,30.83300018310547,30.90999984741211,30.90999984741211,134046000.0
2018-11-05,31.11000061035156,31.753000259399418,30.374000549316406,31.54400062561035,31.54400062561035,102830000.0
2018-11-06,31.47599983215332,32.02199935913086,30.530000686645508,31.083999633789062,31.083999633789062,97104000.0
2018-11-07,31.290000915527344,32.85599899291992,31.100000381469727,32.75,32.75,133283000.0
2018-11-08,32.79999923706055,33.20500183105469,31.660999298095703,31.79199981689453,31.79199981689453,110239000.0
2018-11-09,31.10700035095215,31.29800033569336,29.801000595092773,30.347000122070312,30.347000122070312,134808000.0
2018-11-12,30.0,30.249000549316406,29.062999725341797,29.406999588012695,29.406999588012695,109248000.0
2018-11-13,29.5,30.354999542236328,28.90999984741211,29.440000534057617,29.440000534057617,122322000.0
2018-11-14,30.040000915527344,30.18400001525879,27.829999923706055,28.67300033569336,28.67300033569336,168536000.0
2018-11-15,28.551000595092773,29.25,28.215999603271484,29.006000518798828,29.006000518798828,99671000.0
2018-11-16,28.714000701904297,29.17200088500977,28.100000381469727,28.621000289916992,28.621000289916992,90995000.0
2018-11-19,28.378999710083008,28.50900077819824,26.915000915527344,27.059999465942383,27.059999465942383,129938000.0
2018-11-20,25.46299934387207,27.63400077819824,25.0,26.697999954223633,26.697999954223633,166938000.0
2018-11-21,27.441999435424805,27.534000396728516,26.150999069213867,26.21299934387207,26.21299934387207,110230000.0
2018-11-23,26.01099967956543,26.549999237060547,25.68400001525879,25.881999969482425,25.881999969482425,52451000.0
2018-11-26,26.05500030517578,26.625,25.3799991607666,26.14299964904785,26.14299964904785,124986000.0
2018-11-27,25.923999786376953,26.90800094604492,25.61400032043457,26.663000106811523,26.663000106811523,111495000.0
2018-11-28,27.197999954223633,28.399999618530273,26.333999633789062,28.26499938964844,28.26499938964844,148013000.0
2018-11-29,28.23200035095215,29.048999786376953,27.549999237060547,28.875,28.875,154315000.0
2018-11-30,28.799999237060547,29.08099937438965,28.305999755859375,28.613000869750977,28.613000869750977,118601000.0
2018-12-03,29.319000244140625,29.871999740600582,28.45800018310547,29.030000686645508,29.030000686645508,141174000.0
2018-12-04,28.812999725341797,29.573999404907227,27.472000122070312,27.53300094604492,27.53300094604492,128006000.0
2018-12-06,26.83300018310547,28.32200050354004,26.714000701904297,28.288000106811523,28.288000106811523,130743000.0
2018-12-07,28.24799919128418,28.42099952697754,26.33799934387207,26.513999938964844,26.513999938964844,124667000.0
2018-12-10,26.41900062561035,27.118000030517575,26.06100082397461,26.969999313354492,26.969999313354492,96056000.0
2018-12-11,27.40800094604492,27.450000762939453,26.275999069213867,26.531999588012695,26.531999588012695,98432000.0
2018-12-12,26.766000747680664,28.177000045776367,26.64800071716309,27.488000869750977,27.488000869750977,114567000.0
2018-12-13,27.763999938964844,27.93199920654297,27.184999465942383,27.60199928283691,27.60199928283691,83793000.0
2018-12-14,27.180999755859375,27.767000198364254,26.5,26.68400001525879,26.68400001525879,99153000.0
2018-12-17,26.650999069213867,27.29800033569336,26.107999801635746,26.280000686645508,26.280000686645508,96347000.0
2018-12-18,26.329999923706055,27.575000762939453,26.32900047302246,27.0939998626709,27.0939998626709,103501000.0
2018-12-19,26.996000289916992,28.086999893188477,26.37700080871582,26.677000045776367,26.677000045776367,137884000.0
2018-12-20,26.464000701904297,26.989999771118164,25.187999725341797,26.058000564575195,26.058000564575195,167929000.0
2018-12-21,26.382999420166016,26.450000762939453,24.128999710083008,24.638999938964844,24.638999938964844,213976000.0
2018-12-24,24.200000762939453,25.065000534057617,23.368000030517575,23.38800048828125,23.38800048828125,95476000.0
2018-12-26,23.392000198364254,25.450000762939453,23.12299919128418,25.367000579833984,25.367000579833984,144027000.0
2018-12-27,25.01099967956543,25.55900001525879,24.010000228881836,25.55699920654297,25.55699920654297,122352000.0
2018-12-28,25.79400062561035,26.19099998474121,24.979999542236328,25.607999801635746,25.607999801635746,109928000.0
2018-12-31,26.016000747680664,27.010000228881836,26.0,26.766000747680664,26.766000747680664,135089000.0
2019-01-02,25.92799949645996,26.975000381469727,25.65800094604492,26.766000747680664,26.766000747680664,116795000.0
2019-01-03,27.020000457763672,27.57900047302246,26.44300079345703,27.1200008392334,27.1200008392334,149696000.0
2019-01-04,28.187999725341797,29.780000686645508,27.854000091552734,29.756999969482425,29.756999969482425,193301000.0
2019-01-07,30.209999084472656,31.68000030517578,30.165000915527344,31.534000396728516,31.534000396728516,186201000.0
2019-01-08,31.99799919128418,32.058998107910156,30.801000595092773,32.027000427246094,32.027000427246094,153592000.0
2019-01-09,31.770999908447266,32.334999084472656,31.350000381469727,31.996000289916992,31.996000289916992,133432000.0
2019-01-10,31.457000732421875,32.5369987487793,31.25,32.465999603271484,32.465999603271484,134725000.0
2019-01-11,33.09600067138672,34.10900115966797,32.85200119018555,33.75899887084961,33.75899887084961,195004000.0
2019-01-14,33.42399978637695,33.54800033569336,32.91299819946289,33.29399871826172,33.29399871826172,104996000.0
2019-01-15,34.959999084472656,35.72200012207031,34.70000076293945,35.4640007019043,35.4640007019043,211812000.0
2019-01-16,35.400001525878906,35.8849983215332,34.81100082397461,35.138999938964844,35.138999938964844,153855000.0
2019-01-17,34.95000076293945,35.57899856567383,34.64099884033203,35.319000244140625,35.319000244140625,188712000.0
2019-01-18,35.196998596191406,35.29999923706055,33.67300033569336,33.90999984741211,33.90999984741211,266210000.0
2019-01-22,33.48899841308594,33.6879997253418,32.10300064086914,32.51599884033203,32.51599884033203,179414000.0
2019-01-23,32.82500076293945,33.17499923706055,31.86000061035156,32.19900131225586,32.19900131225586,134801000.0
2019-01-24,32.060001373291016,33.18000030517578,31.899999618530273,32.66699981689453,32.66699981689453,111316000.0
2019-01-25,32.87200164794922,34.0,32.85100173950195,33.80500030517578,33.80500030517578,111529000.0
2019-01-28,33.470001220703125,33.630001068115234,32.88800048828125,33.566001892089844,33.566001892089844,86521000.0
2019-01-29,33.58700180053711,33.821998596191406,32.814998626708984,32.88999938964844,32.88999938964844,76552000.0
2019-01-30,33.275001525878906,34.178001403808594,33.08000183105469,34.066001892089844,34.066001892089844,92345000.0
2019-01-31,33.96799850463867,34.5989990234375,33.808998107910156,33.95000076293945,33.95000076293945,85355000.0
2019-02-01,33.71799850463867,34.683998107910156,33.650001525878906,33.98500061035156,33.98500061035156,98278000.0
2019-02-04,34.2599983215332,35.20000076293945,34.130001068115234,35.13399887084961,35.13399887084961,90514000.0
2019-02-05,35.31999969482422,36.0,35.290000915527344,35.58100128173828,35.58100128173828,90466000.0
2019-02-06,35.70000076293945,35.70399856567383,34.71900177001953,35.21900177001953,35.21900177001953,67177000.0
2019-02-07,34.790000915527344,34.875,33.902000427246094,34.47100067138672,34.47100067138672,78645000.0
2019-02-08,33.79999923706055,34.79999923706055,33.79999923706055,34.75699996948242,34.75699996948242,75614000.0
2019-02-11,35.0,35.2869987487793,34.48099899291992,34.573001861572266,34.573001861572266,54549000.0
2019-02-12,34.808998107910156,36.0,34.652000427246094,35.99700164794922,35.99700164794922,104294000.0
2019-02-13,35.72999954223633,35.959999084472656,35.02799987792969,35.176998138427734,35.176998138427734,105591000.0
2019-02-14,35.17499923706055,36.04499816894531,34.83300018310547,35.90700149536133,35.90700149536133,92953000.0
2019-02-15,35.84700012207031,36.439998626708984,35.54999923706055,35.6870002746582,35.6870002746582,92300000.0
2019-02-19,35.58000183105469,36.5,35.53200149536133,36.19200134277344,36.19200134277344,73966000.0
2019-02-20,36.48500061035156,36.67100143432617,35.66999816894531,35.99100112915039,35.99100112915039,81107000.0
2019-02-21,36.00299835205078,36.28499984741211,35.38800048828125,35.696998596191406,35.696998596191406,62279000.0
2019-02-22,36.03400039672851,36.612998962402344,36.005001068115234,36.301998138427734,36.301998138427734,70882000.0
2019-02-25,36.70100021362305,37.14899826049805,36.37900161743164,36.39099884033203,36.39099884033203,75693000.0
2019-02-26,36.29800033569336,36.56999969482422,35.93299865722656,36.49700164794922,36.49700164794922,49446000.0
2019-02-27,36.349998474121094,36.803001403808594,35.97999954223633,36.2869987487793,36.2869987487793,56299000.0
2019-02-28,36.24700164794922,36.63899993896485,35.770999908447266,35.810001373291016,35.810001373291016,61868000.0
2019-03-01,36.22600173950195,36.2869987487793,35.46900177001953,35.731998443603516,35.731998443603516,55265000.0
2019-03-04,35.97200012207031,36.224998474121094,34.80400085449219,35.104000091552734,35.104000091552734,74870000.0
2019-03-05,35.145999908447266,35.617000579833984,34.82500076293945,35.43000030517578,35.43000030517578,59378000.0
2019-03-06,35.36000061035156,35.987998962402344,35.16999816894531,35.96099853515625,35.96099853515625,62119000.0
2019-03-07,36.01599884033203,36.2859992980957,35.04999923706055,35.2599983215332,35.2599983215332,61513000.0
2019-03-08,34.57500076293945,34.992000579833984,34.24700164794922,34.959999084472656,34.959999084472656,68988000.0
2019-03-11,35.20000076293945,35.89799880981445,35.00299835205078,35.88600158691406,35.88600158691406,53873000.0
2019-03-12,35.9370002746582,36.01300048828125,35.380001068115234,35.62699890136719,35.62699890136719,51646000.0
2019-03-13,35.58100128173828,36.24800109863281,35.277000427246094,36.12099838256836,36.12099838256836,64441000.0
2019-03-14,36.04999923706055,36.38399887084961,35.810001373291016,35.88199996948242,35.88199996948242,52714000.0
2019-03-15,36.10200119018555,36.400001525878906,35.888999938964844,36.145999908447266,36.145999908447266,84445000.0
2019-03-18,36.24700164794922,37.09700012207031,36.18600082397461,36.34400177001953,36.34400177001953,71947000.0
2019-03-19,36.63999938964844,36.69599914550781,35.68000030517578,35.87799835205078,35.87799835205078,75414000.0
2019-03-20,35.89099884033203,37.59000015258789,35.70100021362305,37.52199935913086,37.52199935913086,109172000.0
2019-03-21,37.400001525878906,37.900001525878906,37.06100082397461,37.7869987487793,37.7869987487793,85440000.0
2019-03-22,37.595001220703125,37.64300155639648,36.00400161743164,36.10100173950195,36.10100173950195,86613000.0
2019-03-25,35.900001525878906,36.70399856567383,35.74399948120117,36.62300109863281,36.62300109863281,84738000.0
2019-03-26,36.7869987487793,36.8380012512207,35.801998138427734,35.99700164794922,35.99700164794922,76665000.0
2019-03-27,36.099998474121094,36.24700164794922,35.0369987487793,35.33700180053711,35.33700180053711,78524000.0
2019-03-28,35.44900131225586,35.59400177001953,34.91999816894531,35.46099853515625,35.46099853515625,43610000.0
2019-03-29,35.715999603271484,35.82500076293945,35.37099838256836,35.65599822998047,35.65599822998047,47056000.0
2019-04-01,35.900001525878906,36.83300018310547,35.85100173950195,36.69599914550781,36.69599914550781,70361000.0
2019-04-02,36.625,36.84199905395508,36.22200012207031,36.77199935913086,36.77199935913086,51587000.0
2019-04-03,36.92599868774414,37.34099960327149,36.61899948120117,36.974998474121094,36.974998474121094,53689000.0
2019-04-04,37.00699996948242,37.20500183105469,36.2400016784668,36.78799819946289,36.78799819946289,46273000.0
2019-04-05,36.900001525878906,36.97999954223633,36.46599960327149,36.54899978637695,36.54899978637695,39055000.0
2019-04-08,36.51100158691406,36.59400177001953,35.99300003051758,36.14099884033203,36.14099884033203,46538000.0
2019-04-09,36.05400085449219,36.67399978637695,35.900001525878906,36.47100067138672,36.47100067138672,54392000.0
2019-04-10,36.57899856567383,36.8849983215332,36.224998474121094,36.391998291015625,36.391998291015625,45456000.0
2019-04-11,36.5,37.012001037597656,36.08100128173828,36.76499938964844,36.76499938964844,65269000.0
2019-04-12,36.069000244140625,36.17499923706055,34.93600082397461,35.11399841308594,35.11399841308594,156462000.0
2019-04-15,35.07099914550781,35.22100067138672,34.22700119018555,34.887001037597656,34.887001037597656,88423000.0
2019-04-16,35.5,36.448001861572266,35.27199935913086,35.94599914550781,35.94599914550781,187402000.0
2019-04-17,36.505001068115234,36.875999450683594,35.060001373291016,35.4739990234375,35.4739990234375,180541000.0
2019-04-18,35.5,36.04100036621094,35.16400146484375,36.03499984741211,36.03499984741211,83532000.0
2019-04-22,35.970001220703125,37.76900100708008,35.900001525878906,37.73400115966797,37.73400115966797,119805000.0
2019-04-23,37.54499816894531,38.47999954223633,37.47100067138672,38.18899917602539,38.18899917602539,100898000.0
2019-04-24,38.10699844360352,38.189998626708984,37.32699966430664,37.42300033569336,37.42300033569336,65419000.0
2019-04-25,37.44900131225586,37.47600173950195,36.56999969482422,36.83300018310547,36.83300018310547,62555000.0
2019-04-26,36.834999084472656,37.51399993896485,36.624000549316406,37.48500061035156,37.48500061035156,56219000.0
2019-04-29,37.36800003051758,37.45800018310547,36.9119987487793,37.18299865722656,37.18299865722656,38217000.0
2019-04-30,36.95600128173828,37.45000076293945,36.834999084472656,37.05400085449219,37.05400085449219,38701000.0
2019-05-01,37.400001525878906,38.5989990234375,37.31700134277344,37.88100051879883,37.88100051879883,92573000.0
2019-05-02,37.79999923706055,38.349998474121094,37.45100021362305,37.90599822998047,37.90599822998047,53982000.0
2019-05-03,38.15299987792969,38.50299835205078,37.82699966430664,38.50299835205078,38.50299835205078,51303000.0
2019-05-06,37.76900100708008,38.1349983215332,37.599998474121094,37.867000579833984,37.867000579833984,57931000.0
2019-05-07,37.70000076293945,37.99100112915039,36.58100128173828,37.04600143432617,37.04600143432617,69749000.0
2019-05-08,36.79199981689453,36.900001525878906,36.13600158691406,36.4370002746582,36.4370002746582,65720000.0
2019-05-09,36.09000015258789,36.41999816894531,35.275001525878906,36.275001525878906,36.275001525878906,58826000.0
2019-05-10,36.1619987487793,36.5260009765625,35.305999755859375,36.104000091552734,36.104000091552734,56571000.0
2019-05-13,35.229000091552734,35.42599868774414,34.310001373291016,34.5260009765625,34.5260009765625,80267000.0
2019-05-14,34.87099838256836,34.994998931884766,34.25,34.56100082397461,34.56100082397461,53530000.0
2019-05-15,34.33399963378906,35.650001525878906,34.138999938964844,35.499000549316406,35.499000549316406,63401000.0
2019-05-16,35.637001037597656,36.400001525878906,35.39400100708008,35.930999755859375,35.930999755859375,64415000.0
2019-05-17,35.638999938964844,35.96200180053711,35.37900161743164,35.44499969482422,35.44499969482422,47254000.0
2019-05-20,35.12300109863281,35.242000579833984,34.540000915527344,34.81100082397461,34.81100082397461,46215000.0
2019-05-21,35.095001220703125,35.643001556396484,34.99300003051758,35.426998138427734,35.426998138427734,40264000.0
2019-05-22,35.80099868774414,37.04600143432617,35.72999954223633,35.972999572753906,35.972999572753906,62294000.0
2019-05-23,35.54999923706055,35.742000579833984,34.77000045776367,35.22100067138672,35.22100067138672,56304000.0
2019-05-24,35.54100036621094,35.944000244140625,35.37900161743164,35.43899917602539,35.43899917602539,38310000.0
2019-05-28,35.43899917602539,36.119998931884766,35.3650016784668,35.50600051879883,35.50600051879883,47171000.0
2019-05-29,35.36000061035156,35.3849983215332,34.59000015258789,34.91899871826172,34.91899871826172,56589000.0
2019-05-30,35.05500030517578,35.42100143432617,34.83000183105469,35.185001373291016,35.185001373291016,40080000.0
2019-05-31,34.72200012207031,34.933998107910156,34.29199981689453,34.327999114990234,34.327999114990234,50234000.0
2019-06-03,34.35599899291992,34.76599884033203,33.26499938964844,33.66299819946289,33.66299819946289,78496000.0
2019-06-04,34.5,35.361000061035156,34.32500076293945,35.34000015258789,35.34000015258789,78916000.0
2019-06-05,35.4379997253418,35.78799819946289,34.87099838256836,35.573001861572266,35.573001861572266,50201000.0
2019-06-06,35.48400115966797,35.82099914550781,35.20899963378906,35.7130012512207,35.7130012512207,37100000.0
2019-06-07,35.73899841308594,36.51499938964844,35.569000244140625,36.08700180053711,36.08700180053711,47773000.0
2019-06-10,36.3650016784668,36.709999084472656,34.92900085449219,35.20100021362305,35.20100021362305,78103000.0
2019-06-11,35.5,35.757999420166016,34.849998474121094,35.12699890136719,35.12699890136719,53967000.0
2019-06-12,35.18199920654297,35.361000061035156,34.323001861572266,34.555999755859375,34.555999755859375,45847000.0
2019-06-13,34.722999572753906,34.849998474121094,33.92499923706055,34.34299850463867,34.34299850463867,62093000.0
2019-06-14,34.16299819946289,34.34000015258789,33.61600112915039,33.972999572753906,33.972999572753906,50190000.0
2019-06-17,34.26900100708008,35.176998138427734,34.20600128173828,35.0620002746582,35.0620002746582,53582000.0
2019-06-18,35.55699920654297,36.150001525878906,35.375,35.71200180053711,35.71200180053711,54285000.0
2019-06-19,36.172000885009766,36.4739990234375,35.61199951171875,36.35200119018555,36.35200119018555,56672000.0
2019-06-20,36.59099960327149,37.012001037597656,36.12200164794922,36.520999908447266,36.520999908447266,58995000.0
2019-06-21,36.5,37.14500045776367,36.5,36.92100143432617,36.92100143432617,74484000.0
2019-06-24,37.027000427246094,37.5,37.02000045776367,37.104000091552734,37.104000091552734,48302000.0
2019-06-25,37.07500076293945,37.099998474121094,35.82899856567383,36.029998779296875,36.029998779296875,57504000.0
2019-06-26,36.15999984741211,36.67900085449219,36.15999984741211,36.220001220703125,36.220001220703125,36697000.0
2019-06-27,36.31999969482422,37.084999084472656,36.31999969482422,37.00199890136719,37.00199890136719,41386000.0
2019-06-28,37.0260009765625,37.15399932861328,36.48699951171875,36.73199844360352,36.73199844360352,45927000.0
2019-07-01,37.349998474121094,37.66600036621094,37.20000076293945,37.459999084472656,37.459999084472656,49926000.0
2019-07-02,37.48899841308594,37.599998474121094,37.03099822998047,37.542999267578125,37.542999267578125,36250000.0
2019-07-03,37.66899871826172,38.19900131225586,37.58399963378906,38.172000885009766,38.172000885009766,37990000.0
2019-07-05,37.82899856567383,38.13999938964844,37.555999755859375,38.05500030517578,38.05500030517578,37322000.0
2019-07-08,37.819000244140625,37.82500076293945,37.5359992980957,37.61600112915039,37.61600112915039,31134000.0
2019-07-09,37.90599822998047,38.47600173950195,37.75,37.99300003051758,37.99300003051758,69328000.0
2019-07-10,38.277000427246094,38.43399810791016,36.26800155639648,38.099998474121094,38.099998474121094,58788000.0
2019-07-11,38.11000061035156,38.45399856567383,37.880001068115234,37.95000076293945,37.95000076293945,43363000.0
2019-07-12,37.86800003051758,37.9739990234375,37.27899932861328,37.32500076293945,37.32500076293945,66369000.0
2019-07-15,37.29399871826172,37.36800003051758,36.22999954223633,36.65999984741211,36.65999984741211,79447000.0
2019-07-16,37.00899887084961,37.13399887084961,36.492000579833984,36.5989990234375,36.5989990234375,58632000.0
2019-07-17,36.625,36.650001525878906,36.17499923706055,36.24399948120117,36.24399948120117,136395000.0
2019-07-18,32.375999450683594,32.98500061035156,32.029998779296875,32.520999908447266,32.520999908447266,312871000.0
2019-07-19,32.34000015258789,32.584999084472656,31.42300033569336,31.510000228881836,31.510000228881836,163025000.0
2019-07-22,31.200000762939453,31.45400047302246,30.58099937438965,31.062000274658203,31.062000274658203,177180000.0
2019-07-23,31.143999099731445,31.350000381469727,30.600000381469727,30.729999542236328,30.729999542236328,91711000.0
2019-07-24,31.051000595092773,31.999000549316406,30.725000381469727,31.79400062561035,31.79400062561035,119618000.0
2019-07-25,31.88599967956543,32.76900100708008,31.6299991607666,32.645999908447266,32.645999908447266,107985000.0
2019-07-26,32.87900161743164,33.599998474121094,32.75,33.577999114990234,33.577999114990234,108475000.0
2019-07-29,33.597999572753906,33.63999938964844,32.87699890136719,33.27000045776367,33.27000045776367,57828000.0
2019-07-30,32.91999816894531,32.96500015258789,32.323001861572266,32.59299850463867,32.59299850463867,60293000.0
2019-07-31,32.51599884033203,33.176998138427734,31.85300064086914,32.29899978637695,32.29899978637695,62595000.0
2019-08-01,32.42499923706055,32.858001708984375,31.874000549316406,31.950000762939453,31.950000762939453,65632000.0
2019-08-02,31.749000549316406,31.94099998474121,31.18000030517578,31.882999420166016,31.882999420166016,62803000.0
2019-08-05,31.09600067138672,31.34199905395508,30.468000411987305,30.76300048828125,30.76300048828125,86925000.0
2019-08-06,31.058000564575195,31.187999725341797,30.530000686645508,31.010000228881836,31.010000228881836,61791000.0
2019-08-07,30.256000518798828,30.5,29.680999755859375,30.429000854492188,30.429000854492188,93224000.0
2019-08-08,31.10300064086914,31.63599967956543,30.663000106811523,31.59000015258789,31.59000015258789,59059000.0
2019-08-09,31.374000549316406,31.663999557495117,30.56800079345703,30.89299964904785,30.89299964904785,53491000.0
2019-08-12,30.54599952697754,31.288999557495117,30.323999404907227,31.08300018310547,31.08300018310547,65317000.0
2019-08-13,30.97699928283691,31.64299964904785,30.81599998474121,31.22800064086914,31.22800064086914,52894000.0
2019-08-14,30.801000595092773,30.840999603271484,29.801000595092773,29.910999298095703,29.910999298095703,73558000.0
2019-08-15,29.950000762939453,30.062999725341797,28.799999237060547,29.576000213623047,29.576000213623047,96292000.0
2019-08-16,29.88599967956543,30.354999542236328,29.62700080871582,30.280000686645508,30.280000686645508,69058000.0
2019-08-19,30.625,31.174999237060547,30.475000381469727,30.937999725341797,30.937999725341797,49422000.0
2019-08-20,30.457000732421875,30.5,29.76799964904785,29.89900016784668,29.89900016784668,73499000.0
2019-08-21,30.160999298095703,30.288000106811523,29.6200008392334,29.7810001373291,29.7810001373291,56854000.0
2019-08-22,29.864999771118164,30.03300094604492,29.315000534057617,29.69300079345703,29.69300079345703,49742000.0
2019-08-23,29.5,29.900999069213867,29.031999588012695,29.143999099731445,29.143999099731445,63249000.0
2019-08-26,29.52400016784668,29.69499969482422,29.25,29.49799919128418,29.49799919128418,46957000.0
2019-08-27,29.45400047302246,29.677000045776367,28.719999313354492,29.10300064086914,29.10300064086914,63094000.0
2019-08-28,28.94700050354004,29.281999588012695,28.774999618530273,29.177000045776367,29.177000045776367,39557000.0
2019-08-29,29.5,29.993000030517575,29.499000549316406,29.67799949645996,29.67799949645996,43885000.0
2019-08-30,29.878000259399418,29.893999099731445,29.084999084472656,29.375,29.375,44464000.0
2019-09-03,29.082000732421875,29.38999938964844,28.805999755859375,28.929000854492188,28.929000854492188,36828000.0
2019-09-04,29.125,29.238000869750977,28.650999069213867,29.152000427246097,29.152000427246097,46525000.0
2019-09-05,28.531999588012695,29.39699935913086,28.27899932861328,29.325000762939453,29.325000762939453,89668000.0
2019-09-06,29.334999084472656,29.334999084472656,28.70299911499023,29.017000198364254,29.017000198364254,51666000.0
2019-09-09,29.481000900268555,30.155000686645508,29.059999465942383,29.43400001525879,29.43400001525879,82327000.0
2019-09-10,29.11599922180176,29.71699905395508,28.266000747680664,28.798999786376953,28.798999786376953,123202000.0
2019-09-11,28.56999969482422,29.26499938964844,28.461000442504883,28.82699966430664,28.82699966430664,74059000.0
2019-09-12,28.809999465942383,29.27300071716309,28.65999984741211,28.88599967956543,28.88599967956543,50109000.0
2019-09-13,29.06100082397461,29.66200065612793,29.003999710083008,29.415000915527344,29.415000915527344,65831000.0
2019-09-16,29.42300033569336,29.743000030517575,28.97800064086914,29.429000854492188,29.429000854492188,53074000.0
2019-09-17,29.450000762939453,29.915000915527344,29.179000854492188,29.86000061035156,29.86000061035156,47771000.0
2019-09-18,29.499000549316406,29.604999542236328,28.7450008392334,29.1560001373291,29.1560001373291,78111000.0
2019-09-19,29.1560001373291,29.381000518798828,28.34000015258789,28.65999984741211,28.65999984741211,84613000.0
2019-09-20,28.025999069213867,28.25,26.600000381469727,27.075000762939453,27.075000762939453,238328000.0
2019-09-23,26.834999084472656,27.339000701904297,26.18899917602539,26.59199905395508,26.59199905395508,134786000.0
2019-09-24,26.25,26.5,25.22800064086914,25.458999633789062,25.458999633789062,163382000.0
2019-09-25,25.570999145507812,26.65999984741211,25.3700008392334,26.475000381469727,26.475000381469727,116438000.0
2019-09-26,26.642000198364254,26.80500030517578,26.020000457763672,26.33099937438965,26.33099937438965,76840000.0
2019-09-27,26.618000030517575,26.743999481201172,26.038999557495117,26.308000564575195,26.308000564575195,73283000.0
2019-09-30,26.399999618530273,26.88800048828125,26.277999877929688,26.761999130249023,26.761999130249023,67272000.0
2019-10-01,26.73500061035156,27.219999313354492,26.402999877929688,26.95800018310547,26.95800018310547,86503000.0
2019-10-02,26.361000061035156,26.934999465942383,26.2189998626709,26.80299949645996,26.80299949645996,76591000.0
2019-10-03,26.777999877929688,26.88400077819824,25.701000213623047,26.815000534057617,26.815000534057617,89510000.0
2019-10-04,26.81999969482422,27.54800033569336,26.64699935913086,27.27899932861328,27.27899932861328,98904000.0
2019-10-07,27.198999404907227,27.667999267578125,27.128000259399418,27.445999145507812,27.445999145507812,65256000.0
2019-10-08,27.30299949645996,27.55299949645996,27.06399917602539,27.07200050354004,27.07200050354004,62764000.0
2019-10-09,27.00200080871582,27.100000381469727,26.457000732421875,26.753000259399418,26.753000259399418,67944000.0
2019-10-10,26.597000122070312,28.05299949645996,26.503000259399418,28.04800033569336,28.04800033569336,108091000.0
2019-10-11,28.479999542236328,28.78700065612793,28.233999252319336,28.292999267578125,28.292999267578125,87861000.0
2019-10-14,28.39299964904785,28.69300079345703,28.200000762939453,28.55299949645996,28.55299949645996,55132000.0
2019-10-15,28.381999969482425,28.586999893188477,27.940000534057617,28.424999237060547,28.424999237060547,76856000.0
2019-10-16,28.312000274658203,28.816999435424805,28.073999404907227,28.628000259399418,28.628000259399418,161759000.0
2019-10-17,30.448999404907227,30.875,28.829999923706055,29.334999084472656,29.334999084472656,382589000.0
2019-10-18,28.93600082397461,29.09000015258789,27.336000442504883,27.530000686645508,27.530000686645508,234299000.0
2019-10-21,27.288999557495117,27.993999481201172,26.899999618530273,27.80500030517578,27.80500030517578,125992000.0
2019-10-22,27.11599922180176,27.541000366210938,26.579999923706055,26.66900062561035,26.66900062561035,118024000.0
2019-10-23,26.805999755859375,27.392000198364254,26.663000106811523,27.12700080871582,27.12700080871582,71335000.0
2019-10-24,27.180999755859375,27.402000427246097,26.8799991607666,27.149999618530273,27.149999618530273,48274000.0
2019-10-25,27.06800079345703,27.777000427246097,27.01799964904785,27.68199920654297,27.68199920654297,47478000.0
2019-10-28,27.80500030517578,28.575000762939453,27.73500061035156,28.18600082397461,28.18600082397461,62484000.0
2019-10-29,28.187000274658203,28.44099998474121,27.7549991607666,28.121000289916992,28.121000289916992,43562000.0
2019-10-30,28.43400001525879,29.349000930786133,28.299999237060547,29.145000457763672,29.145000457763672,93456000.0
2019-10-31,29.100000381469727,29.145000457763672,28.47800064086914,28.74099922180176,28.74099922180176,50900000.0
2019-11-01,28.8700008392334,28.91200065612793,28.302000045776367,28.680999755859375,28.680999755859375,55943000.0
2019-11-04,28.799999237060547,29.538999557495117,28.715999603271484,29.285999298095703,29.285999298095703,55662000.0
2019-11-05,28.999000549316406,29.118999481201172,28.631000518798828,28.80299949645996,28.80299949645996,40624000.0
2019-11-06,28.819000244140625,29.055999755859375,28.583999633789062,28.858999252319336,28.858999252319336,34383000.0
2019-11-07,29.06999969482422,29.819000244140625,28.82699966430664,28.957000732421875,28.957000732421875,59285000.0
2019-11-08,28.87299919128418,29.39900016784668,28.750999450683594,29.156999588012695,29.156999588012695,45090000.0
2019-11-11,28.916000366210938,29.63599967956543,28.850000381469727,29.417999267578125,29.417999267578125,39443000.0
2019-11-12,29.531999588012695,29.53499984741211,28.8700008392334,29.201000213623047,29.201000213623047,57728000.0
2019-11-13,29.10300064086914,29.340999603271484,28.11400032043457,28.31100082397461,28.31100082397461,91589000.0
2019-11-14,28.325000762939453,29.062999725341797,28.32200050354004,28.961999893188477,28.961999893188477,65290000.0
2019-11-15,29.05900001525879,29.582000732421875,28.756999969482425,29.503000259399418,29.503000259399418,63338000.0
2019-11-18,29.600000381469727,30.499000549316406,29.32799911499023,30.256999969482425,30.256999969482425,86166000.0
2019-11-19,30.400999069213867,30.566999435424805,29.85199928283691,30.260000228881836,30.260000228881836,59180000.0
2019-11-20,30.10099983215332,30.825000762939453,30.100000381469727,30.516000747680664,30.516000747680664,51118000.0
2019-11-21,30.600000381469727,31.268999099731445,30.426000595092773,31.16900062561035,31.16900062561035,74884000.0
2019-11-22,30.90999984741211,31.13999938964844,30.44099998474121,31.04800033569336,31.04800033569336,59701000.0
2019-11-25,30.882999420166016,31.572999954223633,30.524999618530273,31.55500030517578,31.55500030517578,78739000.0
2019-11-26,31.5,31.649999618530273,31.16900062561035,31.249000549316406,31.249000549316406,53210000.0
2019-11-27,31.39299964904785,31.68199920654297,31.274999618530273,31.593000411987305,31.593000411987305,40969000.0
2019-11-29,31.57799911499023,31.66200065612793,31.333999633789062,31.465999603271484,31.465999603271484,24117000.0
2019-12-02,31.43899917602539,31.43899917602539,30.375,30.999000549316406,30.999000549316406,62188000.0
2019-12-03,30.222000122070312,30.736000061035156,30.187999725341797,30.61599922180176,30.61599922180176,49928000.0
2019-12-04,30.843000411987305,30.843000411987305,30.32699966430664,30.43199920654297,30.43199920654297,35121000.0
2019-12-05,30.527000427246097,30.64800071716309,29.881000518798828,30.285999298095703,30.285999298095703,46155000.0
2019-12-06,30.469999313354492,30.78499984741211,30.260000228881836,30.73500061035156,30.73500061035156,44578000.0
2019-12-09,30.73500061035156,31.14900016784668,30.243999481201172,30.25,30.25,57484000.0
2019-12-10,29.61199951171875,29.893999099731445,29.20199966430664,29.312000274658203,29.312000274658203,104761000.0
2019-12-11,29.448999404907227,29.94300079345703,29.420000076293945,29.89299964904785,29.89299964904785,55898000.0
2019-12-12,29.566999435424805,29.91699981689453,29.506000518798828,29.8439998626709,29.8439998626709,47666000.0
2019-12-13,29.850000381469727,30.18000030517578,29.725000381469727,29.850000381469727,29.850000381469727,38797000.0
2019-12-16,30.084999084472656,30.570999145507812,29.863000869750977,30.42099952697754,30.42099952697754,46589000.0
2019-12-17,30.736000061035156,31.68000030517578,30.65999984741211,31.54800033569336,31.54800033569336,104271000.0
2019-12-18,31.625999450683594,32.5359992980957,31.559999465942383,32.08000183105469,32.08000183105469,112074000.0
2019-12-19,32.45000076293945,33.28300094604492,32.417999267578125,33.22200012207031,33.22200012207031,98223000.0
2019-12-20,33.5,33.79999923706055,33.060001373291016,33.689998626708984,33.689998626708984,99149000.0
2019-12-23,33.7760009765625,33.79499816894531,33.10200119018555,33.310001373291016,33.310001373291016,57653000.0
2019-12-24,33.4010009765625,33.56999969482422,33.15999984741211,33.31999969482422,33.31999969482422,20193000.0
2019-12-26,33.459999084472656,33.645999908447266,33.20100021362305,33.26300048828125,33.26300048828125,35899000.0
2019-12-27,33.29600143432617,33.38199996948242,32.60100173950195,32.909000396728516,32.909000396728516,50361000.0
2019-12-30,32.90800094604492,32.91899871826172,32.2859992980957,32.33100128173828,32.33100128173828,43115000.0
2019-12-31,32.20000076293945,32.492000579833984,32.10900115966797,32.356998443603516,32.356998443603516,37133000.0
2020-01-02,32.61000061035156,32.99800109863281,32.47800064086914,32.98099899291992,32.98099899291992,44858000.0
2020-01-03,32.678001403808594,32.986000061035156,32.553001403808594,32.59000015258789,32.59000015258789,38069000.0
2020-01-06,32.3120002746582,33.63600158691406,32.119998931884766,33.58300018310547,33.58300018310547,56631000.0
2020-01-07,33.64699935913086,33.66999816894531,33.029998779296875,33.07500076293945,33.07500076293945,47032000.0
2020-01-08,33.14899826049805,34.27000045776367,33.10499954223633,33.92599868774414,33.92599868774414,71045000.0
2020-01-09,34.20000076293945,34.34199905395508,33.46099853515625,33.566001892089844,33.566001892089844,47093000.0
2020-01-10,33.7130012512207,33.849998474121094,32.72700119018555,32.904998779296875,32.904998779296875,47183000.0
2020-01-13,33.18000030517578,34.084999084472656,33.1510009765625,33.891998291015625,33.891998291015625,62900000.0
2020-01-14,34.439998626708984,34.53799819946289,33.551998138427734,33.86899948120117,33.86899948120117,71994000.0
2020-01-15,33.86800003051758,34.31700134277344,33.65999984741211,33.90700149536133,33.90700149536133,51580000.0
2020-01-16,34.349998474121094,34.35599899291992,33.584999084472656,33.86199951171875,33.86199951171875,50160000.0
2020-01-17,34.099998474121094,34.15700149536133,33.737998962402344,33.96699905395508,33.96699905395508,60665000.0
2020-01-21,34.0,34.099998474121094,33.25899887084961,33.81100082397461,33.81100082397461,143503000.0
2020-01-22,33.255001068115234,33.630001068115234,32.36000061035156,32.599998474121094,32.599998474121094,217300000.0
2020-01-23,32.604000091552734,34.987998962402344,32.500999450683594,34.959999084472656,34.959999084472656,182003000.0
2020-01-24,34.84600067138672,35.98500061035156,34.5880012512207,35.316001892089844,35.316001892089844,179397000.0
2020-01-27,34.595001220703125,35.189998626708984,34.10200119018555,34.28799819946289,34.28799819946289,77095000.0
2020-01-28,34.5880012512207,35.2400016784668,34.27799987792969,34.85200119018555,34.85200119018555,68216000.0
2020-01-29,34.900001525878906,34.939998626708984,33.85499954223633,34.316001892089844,34.316001892089844,76435000.0
2020-01-30,34.11000061035156,34.81999969482422,33.92499923706055,34.77399826049805,34.77399826049805,53281000.0
2020-01-31,34.73899841308594,34.73899841308594,34.097999572753906,34.50899887084961,34.50899887084961,52300000.0
2020-02-03,34.7239990234375,35.9630012512207,34.62799835205078,35.79999923706055,35.79999923706055,66706000.0
2020-02-04,36.099998474121094,36.957000732421875,35.61000061035156,36.9010009765625,36.9010009765625,71615000.0
2020-02-05,37.51300048828125,37.525001525878906,36.22999954223633,36.96699905395508,36.96699905395508,64370000.0
2020-02-06,36.959999084472656,37.154998779296875,36.250999450683594,36.69499969482422,36.69499969482422,39204000.0
2020-02-07,36.50400161743164,37.18000030517578,36.35699844360352,36.676998138427734,36.676998138427734,43852000.0
2020-02-10,36.5,37.47999954223633,36.25199890136719,37.10699844360352,37.10699844360352,52941000.0
2020-02-11,37.375,37.81100082397461,36.97200012207031,37.36899948120117,37.36899948120117,47729000.0
2020-02-12,37.71799850463867,38.0620002746582,37.5880012512207,38.000999450683594,38.000999450683594,46248000.0
2020-02-13,37.69599914550781,38.5369987487793,37.6510009765625,38.13999938964844,38.13999938964844,44854000.0
2020-02-14,38.14699935913086,38.51499938964844,37.94300079345703,38.040000915527344,38.040000915527344,37363000.0
2020-02-18,37.93000030517578,38.95399856567383,37.91899871826172,38.77799987792969,38.77799987792969,51739000.0
2020-02-19,38.8120002746582,39.29499816894531,38.4900016784668,38.61899948120117,38.61899948120117,48964000.0
2020-02-20,38.65599822998047,38.970001220703125,37.667999267578125,38.599998474121094,38.599998474121094,40794000.0
2020-02-21,38.53300094604492,38.73199844360352,37.790000915527344,38.00699996948242,38.00699996948242,39301000.0
2020-02-24,36.47600173950195,37.28200149536133,36.099998474121094,36.869998931884766,36.869998931884766,69364000.0
2020-02-25,37.20000076293945,37.564998626708984,35.77199935913086,36.00899887084961,36.00899887084961,64812000.0
2020-02-26,36.63100051879883,38.20000076293945,36.5,37.92399978637695,37.92399978637695,89341000.0
2020-02-27,37.145999908447266,39.15599822998047,37.060001373291016,37.17100143432617,37.17100143432617,109677000.0
2020-02-28,36.42100143432617,37.676998138427734,35.68000030517578,36.90299987792969,36.90299987792969,111686000.0
2020-03-02,37.31100082397461,38.13600158691406,36.45000076293945,38.10499954223633,38.10499954223633,69979000.0
2020-03-03,38.10300064086914,39.35200119018555,36.7400016784668,36.87699890136719,36.87699890136719,83646000.0
2020-03-04,37.777000427246094,38.4010009765625,37.05099868774414,38.37900161743164,38.37900161743164,54873000.0
2020-03-05,38.099998474121094,39.13999938964844,36.86399841308594,37.27799987792969,37.27799987792969,87470000.0
2020-03-06,36.77000045776367,37.13100051879883,35.685001373291016,36.89699935913086,36.89699935913086,81472000.0
2020-03-09,34.38600158691406,35.74700164794922,34.172000885009766,34.64899826049805,34.64899826049805,74055000.0
2020-03-10,35.643001556396484,36.45399856567383,34.78499984741211,36.41299819946289,36.41299819946289,76044000.0
2020-03-11,35.891998291015625,36.29800033569336,34.479000091552734,34.992000579833984,34.992000579833984,60360000.0
2020-03-12,32.650001525878906,33.571998596191406,30.73200035095215,31.524999618530273,31.524999618530273,120716000.0
2020-03-13,33.05099868774414,33.641998291015625,30.73900032043457,33.630001068115234,33.630001068115234,94582000.0
2020-03-16,30.663000106811523,33.435001373291016,29.475000381469727,29.88400077819824,29.88400077819824,105599000.0
2020-03-17,30.618999481201172,32.290000915527344,29.024999618530273,31.975000381469727,31.975000381469727,100139000.0
2020-03-18,30.239999771118164,33.15800094604492,30.0,31.54700088500977,31.54700088500977,125936000.0
2020-03-19,32.43299865722656,34.85100173950195,31.68199920654297,33.202999114990234,33.202999114990234,106160000.0
2020-03-20,34.23099899291992,35.04899978637695,33.20000076293945,33.28300094604492,33.28300094604492,108538000.0
2020-03-23,34.78900146484375,36.61100006103515,34.0880012512207,36.027000427246094,36.027000427246094,134494000.0
2020-03-24,36.999000549316406,37.292999267578125,35.303001403808594,35.731998443603516,35.731998443603516,116387000.0
2020-03-25,36.10200119018555,36.20000076293945,33.91699981689453,34.23899841308594,34.23899841308594,87672000.0
2020-03-26,34.400001525878906,36.38399887084961,34.17300033569336,36.29899978637695,36.29899978637695,72296000.0
2020-03-27,35.909000396728516,36.85599899291992,35.29999923706055,35.71200180053711,35.71200180053711,79488000.0
2020-03-30,36.29999923706055,37.779998779296875,36.117000579833984,37.09600067138672,37.09600067138672,86220000.0
2020-03-31,36.792999267578125,38.30099868774414,36.64400100708008,37.54999923706055,37.54999923706055,93665000.0
2020-04-01,37.60499954223633,38.02299880981445,36.10200119018555,36.40800094604492,36.40800094604492,66725000.0
2020-04-02,36.40800094604492,37.0989990234375,36.00600051879883,37.007999420166016,37.007999420166016,45925000.0
2020-04-03,36.74700164794922,37.09000015258789,35.750999450683594,36.17599868774414,36.17599868774414,48608000.0
2020-04-06,36.52199935913086,38.02899932861328,36.17100143432617,37.99599838256836,37.99599838256836,81839000.0
2020-04-07,38.0,38.132999420166016,36.93399810791016,37.22800064086914,37.22800064086914,70464000.0
2020-04-08,37.4010009765625,37.8390007019043,36.83100128173828,37.11199951171875,37.11199951171875,69089000.0
2020-04-09,37.10599899291992,37.209999084472656,36.303001403808594,37.071998596191406,37.071998596191406,77113000.0
2020-04-13,37.13100051879883,40.05099868774414,36.77000045776367,39.672000885009766,39.672000885009766,116929000.0
2020-04-14,39.75,41.78200149536133,39.48500061035156,41.35499954223633,41.35499954223633,115810000.0
2020-04-15,41.29999923706055,43.49800109863281,41.224998474121094,42.67499923706055,42.67499923706055,135612000.0
2020-04-16,43.70000076293945,44.95199966430664,43.1609992980957,43.91699981689453,43.91699981689453,161287000.0
2020-04-17,43.099998474121094,43.20000076293945,41.470001220703125,42.29600143432617,42.29600143432617,126163000.0
2020-04-20,43.516998291015625,44.44900131225586,43.055999755859375,43.749000549316406,43.749000549316406,126558000.0
2020-04-21,44.47700119018555,44.70000076293945,42.560001373291016,43.382999420166016,43.382999420166016,231776000.0
2020-04-22,42.972999572753906,43.29999923706055,41.29999923706055,42.141998291015625,42.141998291015625,210848000.0
2020-04-23,41.92599868774414,43.84099960327149,41.92599868774414,42.66999816894531,42.66999816894531,139523000.0
2020-04-24,42.5,42.71699905395508,41.5880012512207,42.499000549316406,42.499000549316406,86589000.0
2020-04-27,42.5,42.900001525878906,42.08399963378906,42.13800048828125,42.13800048828125,62775000.0
2020-04-28,41.999000549316406,42.099998474121094,40.29100036621094,40.382999420166016,40.382999420166016,101012000.0
2020-04-29,39.952999114990234,41.58599853515625,39.36000061035156,41.18899917602539,41.18899917602539,96931000.0
2020-04-30,41.03099822998047,42.444000244140625,40.79999923706055,41.98500061035156,41.98500061035156,79540000.0
2020-05-01,41.5099983215332,42.797000885009766,41.17300033569336,41.527000427246094,41.527000427246094,82999000.0
2020-05-04,41.77799987792969,42.854000091552734,41.48699951171875,42.814998626708984,42.814998626708984,77991000.0
2020-05-05,42.75600051879883,43.099998474121094,42.15599822998047,42.46799850463867,42.46799850463867,62863000.0
2020-05-06,42.93000030517578,43.97700119018555,42.63899993896485,43.42599868774414,43.42599868774414,66607000.0
2020-05-07,43.68899917602539,43.88800048828125,43.06600189208984,43.65299987792969,43.65299987792969,56419000.0
2020-05-08,43.41400146484375,44.20000076293945,43.36399841308594,43.55500030517578,43.55500030517578,50493000.0
2020-05-11,43.632999420166016,44.48899841308594,43.555999755859375,44.051998138427734,44.051998138427734,54860000.0
2020-05-12,44.20000076293945,44.41699981689453,43.13600158691406,43.18199920654297,43.18199920654297,45982000.0
2020-05-13,43.569000244140625,44.70000076293945,42.72700119018555,43.82699966430664,43.82699966430664,70146000.0
2020-05-14,44.4900016784668,45.237998962402344,43.28200149536133,44.19499969482422,44.19499969482422,90075000.0
2020-05-15,44.06999969482422,45.5,43.750999450683594,45.41899871826172,45.41899871826172,72440000.0
2020-05-18,45.11600112915039,45.63600158691406,44.334999084472656,45.257999420166016,45.257999420166016,77735000.0
2020-05-19,45.34000015258789,45.89699935913086,45.047000885009766,45.104000091552734,45.104000091552734,48105000.0
2020-05-20,45.42499923706055,45.58100128173828,44.400001525878906,44.766998291015625,44.766998291015625,56073000.0
2020-05-21,44.85599899291992,44.895999908447266,43.025001525878906,43.625,43.625,91173000.0
2020-05-22,43.70000076293945,43.90900039672851,42.71799850463867,42.93199920654297,42.93199920654297,54223000.0
2020-05-26,42.777000427246094,42.849998474121094,41.31399917602539,41.47700119018555,41.47700119018555,78811000.0
2020-05-27,41.03799819946289,42.00199890136719,39.7859992980957,41.98899841308594,41.98899841308594,104463000.0
2020-05-28,41.7239990234375,42.23699951171875,41.150001525878906,41.34400177001953,41.34400177001953,56551000.0
2020-05-29,41.74599838256836,42.029998779296875,41.185001373291016,41.972999572753906,41.972999572753906,52549000.0
2020-06-01,41.882999420166016,42.672000885009766,41.597999572753906,42.59199905395508,42.59199905395508,37437000.0
2020-06-02,42.58700180053711,42.75899887084961,41.94599914550781,42.73099899291992,42.73099899291992,34948000.0
2020-06-03,42.69499969482422,42.709999084472656,41.80500030517578,42.196998596191406,42.196998596191406,43160000.0
2020-06-04,42.23899841308594,42.87099838256836,41.00299835205078,41.43299865722656,41.43299865722656,54105000.0
2020-06-05,40.729000091552734,42.02399826049805,40.42499923706055,41.959999084472656,41.959999084472656,50996000.0
2020-06-08,41.599998474121094,42.08000183105469,40.650001525878906,41.94900131225586,41.94900131225586,58515000.0
2020-06-09,42.165000915527344,43.472999572753906,42.03099822998047,43.404998779296875,43.404998779296875,67970000.0
2020-06-10,43.599998474121094,43.96900177001953,43.05500030517578,43.448001861572266,43.448001861572266,48969000.0
2020-06-11,42.81999969482422,44.55699920654297,42.41600036621094,42.555999755859375,42.555999755859375,74629000.0
2020-06-12,42.900001525878906,43.40599822998047,41.244998931884766,41.80699920654297,41.80699920654297,64611000.0
2020-06-15,42.13999938964844,42.64899826049805,41.54199981689453,42.54999923706055,42.54999923706055,44679000.0
2020-06-16,42.57600021362305,43.79600143432617,42.51800155639648,43.612998962402344,43.612998962402344,55079000.0
2020-06-17,44.18199920654297,45.04600143432617,43.922000885009766,44.777000427246094,44.777000427246094,65296000.0
2020-06-18,44.87300109863281,45.2760009765625,44.279998779296875,44.98699951171875,44.98699951171875,42776000.0
2020-06-19,44.9119987487793,45.39699935913086,44.560001373291016,45.37200164794922,45.37200164794922,59345000.0
2020-06-22,45.500999450683594,46.85900115966797,45.42100143432617,46.80400085449219,46.80400085449219,62721000.0
2020-06-23,46.650001525878906,47.4010009765625,46.45000076293945,46.625999450683594,46.625999450683594,59484000.0
2020-06-24,46.854000091552734,47.23600006103515,45.400001525878906,45.78499984741211,45.78499984741211,48262000.0
2020-06-25,45.88600158691406,46.70100021362305,45.400001525878906,46.59099960327149,46.59099960327149,41345000.0
2020-06-26,46.63899993896485,46.803001403808594,44.2239990234375,44.34000015258789,44.34000015258789,68047000.0
2020-06-29,44.52299880981445,44.766998291015625,43.2140007019043,44.7239990234375,44.7239990234375,48440000.0
2020-06-30,45.00199890136719,45.75899887084961,44.70000076293945,45.50400161743164,45.50400161743164,41985000.0
2020-07-01,45.400001525878906,48.823001861572266,45.400001525878906,48.56399917602539,48.56399917602539,97059000.0
2020-07-02,48.56399917602539,49.22800064086914,47.553001403808594,47.68899917602539,47.68899917602539,63515000.0
2020-07-06,48.07699966430664,49.95000076293945,47.97999954223633,49.38100051879883,49.38100051879883,78390000.0
2020-07-07,49.73099899291992,50.48199844360352,49.08300018310547,49.31600189208984,49.31600189208984,56699000.0
2020-07-08,49.858001708984375,50.5099983215332,49.38100051879883,50.27799987792969,50.27799987792969,56917000.0
2020-07-09,50.84000015258789,51.0,49.577999114990234,50.7760009765625,50.7760009765625,58405000.0
2020-07-10,51.972999572753906,55.5880012512207,51.12799835205078,54.87300109863281,54.87300109863281,216056000.0
2020-07-13,56.79800033569336,57.5369987487793,52.09600067138672,52.54999923706055,52.54999923706055,183990000.0
2020-07-14,51.70800018310547,52.54999923706055,49.04899978637695,52.487998962402344,52.487998962402344,150833000.0
2020-07-15,51.630001068115234,52.900001525878906,51.01800155639648,52.32600021362305,52.32600021362305,100667000.0
2020-07-16,52.64799880981445,53.55400085449219,50.43600082397461,52.73899841308594,52.73899841308594,244990000.0
2020-07-17,49.48699951171875,50.35900115966797,48.41400146484375,49.29899978637695,49.29899978637695,249914000.0
2020-07-20,48.91400146484375,50.45000076293945,48.41999816894531,50.24100112915039,50.24100112915039,119403000.0
2020-07-21,50.599998474121094,50.62200164794922,48.86100006103515,49.0099983215332,49.0099983215332,91137000.0
2020-07-22,49.21900177001953,49.720001220703125,48.720001220703125,48.98199844360352,48.98199844360352,69541000.0
2020-07-23,49.112998962402344,49.189998626708984,47.20199966430664,47.757999420166016,47.757999420166016,77220000.0
2020-07-24,46.87699890136719,48.71699905395508,46.75400161743164,48.04499816894531,48.04499816894531,77462000.0
2020-07-27,48.45100021362305,49.69200134277344,48.23099899291992,49.564998626708984,49.564998626708984,78631000.0
2020-07-28,49.60200119018555,49.77899932861328,48.7760009765625,48.85100173950195,48.85100173950195,59867000.0
2020-07-29,49.224998474121094,49.492000579833984,48.41299819946289,48.448001861572266,48.448001861572266,66118000.0
2020-07-30,48.07099914550781,48.834999084472656,47.750999450683594,48.58000183105469,48.58000183105469,66086000.0
2020-07-31,48.82899856567383,49.47999954223633,48.45000076293945,48.88800048828125,48.88800048828125,59163000.0
2020-08-03,49.08599853515625,50.30899810791016,49.02299880981445,49.86199951171875,49.86199951171875,58731000.0
2020-08-04,49.8650016784668,51.04399871826172,49.8650016784668,50.9640007019043,50.9640007019043,56080000.0
2020-08-05,50.86800003051758,51.0099983215332,50.119998931884766,50.21099853515625,50.21099853515625,43082000.0
2020-08-06,50.4109992980957,51.082000732421875,49.869998931884766,50.90800094604492,50.90800094604492,37259000.0
2020-08-07,50.54499816894531,50.82899856567383,48.667999267578125,49.472999572753906,49.472999572753906,59103000.0
2020-08-10,49.334999084472656,49.74599838256836,47.862998962402344,48.3380012512207,48.3380012512207,46912000.0
2020-08-11,47.974998474121094,48.09199905395508,46.654998779296875,46.69300079345703,46.69300079345703,73292000.0
2020-08-12,47.13399887084961,48.249000549316406,47.01800155639648,47.547000885009766,47.547000885009766,54392000.0
2020-08-13,47.84000015258789,48.44499969482422,47.64500045776367,48.132999420166016,48.132999420166016,30089000.0
2020-08-14,48.28200149536133,48.83300018310547,48.020999908447266,48.26800155639648,48.26800155639648,29435000.0
2020-08-17,48.41899871826172,48.624000549316406,47.90999984741211,48.23500061035156,48.23500061035156,24235000.0
2020-08-18,48.435001373291016,49.529998779296875,48.279998779296875,49.1870002746582,49.1870002746582,35055000.0
2020-08-19,49.39300155639648,49.45000076293945,48.349998474121094,48.452999114990234,48.452999114990234,31562000.0
2020-08-20,48.46900177001953,49.89400100708008,48.38899993896485,49.790000915527344,49.790000915527344,51325000.0
2020-08-21,49.645999908447266,49.8129997253418,49.0,49.23099899291992,49.23099899291992,39213000.0
2020-08-24,49.54399871826172,50.099998474121094,48.31600189208984,48.88100051879883,48.88100051879883,47622000.0
2020-08-25,48.819000244140625,49.24700164794922,48.50899887084961,49.05799865722656,49.05799865722656,57277000.0
2020-08-26,49.25,54.90399932861328,49.20800018310547,54.75299835205078,54.75299835205078,203737000.0
2020-08-27,53.77799987792969,54.099998474121094,52.125,52.62699890136719,52.62699890136719,90629000.0
2020-08-28,53.20000076293945,53.900001525878906,52.20000076293945,52.38899993896485,52.38899993896485,44175000.0
2020-08-31,52.11600112915039,53.19900131225586,51.757999420166016,52.95600128173828,52.95600128173828,49414000.0
2020-09-01,53.2599983215332,55.73899841308594,53.244998931884766,55.654998779296875,55.654998779296875,95727000.0
2020-09-02,55.37799835205078,55.650001525878906,53.73699951171875,55.28400039672851,55.28400039672851,58869000.0
2020-09-03,54.5,55.400001525878906,52.13199996948242,52.57500076293945,52.57500076293945,90711000.0
2020-09-04,52.01800155639648,52.73600006103515,48.597999572753906,51.60499954223633,51.60499954223633,82701000.0
2020-09-08,49.84000015258789,52.20000076293945,49.5,50.70199966430664,50.70199966430664,55727000.0
2020-09-09,51.92100143432617,52.0,49.25699996948242,50.01900100708008,50.01900100708008,68481000.0
2020-09-10,50.334999084472656,50.62900161743164,47.88399887084961,48.06700134277344,48.06700134277344,62402000.0
2020-09-11,48.64899826049805,49.37300109863281,47.680999755859375,48.202999114990234,48.202999114990234,50352000.0
2020-09-14,48.0620002746582,48.89899826049805,47.130001068115234,47.625999450683594,47.625999450683594,73591000.0
2020-09-15,48.400001525878906,49.74700164794922,48.16299819946289,49.5989990234375,49.5989990234375,53370000.0
2020-09-16,49.999000549316406,50.46599960327149,48.33100128173828,48.38600158691406,48.38600158691406,43949000.0
2020-09-17,47.51599884033203,47.84000015258789,46.32699966430664,47.02000045776367,47.02000045776367,53793000.0
2020-09-18,47.250999450683594,47.939998626708984,45.86000061035156,46.99599838256836,46.99599838256836,67177000.0
2020-09-21,46.76900100708008,48.77799987792969,46.63199996948242,48.73500061035156,48.73500061035156,54575000.0
2020-09-22,48.9010009765625,49.18199920654297,47.92599868774414,49.117000579833984,49.117000579833984,34823000.0
2020-09-23,49.104000091552734,49.104000091552734,46.900001525878906,47.06100082397461,47.06100082397461,37264000.0
2020-09-24,47.053001403808594,47.70000076293945,46.78200149536133,47.30799865722656,47.30799865722656,37272000.0
2020-09-25,47.43899917602539,48.48699951171875,46.803001403808594,48.28799819946289,48.28799819946289,37694000.0
2020-09-28,48.9109992980957,49.20000076293945,47.78799819946289,49.064998626708984,49.064998626708984,47735000.0
2020-09-29,48.95000076293945,49.62900161743164,48.65299987792969,49.347999572753906,49.347999572753906,35415000.0
2020-09-30,49.25699996948242,50.4630012512207,48.926998138427734,50.00299835205078,50.00299835205078,46341000.0
2020-10-01,50.60300064086914,52.95500183105469,50.36000061035156,52.750999450683594,52.750999450683594,81537000.0
2020-10-02,51.64300155639648,52.637001037597656,50.27000045776367,50.305999755859375,50.305999755859375,60712000.0
2020-10-05,50.68000030517578,52.0989990234375,50.16999816894531,52.064998626708984,52.064998626708984,40881000.0
2020-10-06,51.87200164794922,52.18199920654297,50.41600036621094,50.58700180053711,50.58700180053711,41990000.0
2020-10-07,51.79999923706055,53.64899826049805,51.582000732421875,53.46599960327149,53.46599960327149,79887000.0
2020-10-08,53.347999572753906,53.5,52.415000915527344,53.17900085449219,53.17900085449219,53865000.0
2020-10-09,53.78300094604492,54.428001403808594,53.5,53.944000244140625,53.944000244140625,47813000.0
2020-10-12,54.88100051879883,55.180999755859375,53.82400131225586,53.98099899291992,53.98099899291992,53911000.0
2020-10-13,54.055999755859375,55.76499938964844,53.720001220703125,55.40900039672851,55.40900039672851,56025000.0
2020-10-14,56.26100158691406,57.249000549316406,54.099998474121094,54.14500045776367,54.14500045776367,94990000.0
2020-10-15,54.551998138427734,55.12200164794922,53.5099983215332,54.194000244140625,54.194000244140625,51131000.0
2020-10-16,54.95000076293945,55.43299865722656,53.00299835205078,53.07899856567383,53.07899856567383,63474000.0
2020-10-19,53.707000732421875,54.18000030517578,52.53799819946289,53.071998596191406,53.071998596191406,75675000.0
2020-10-20,52.81399917602539,53.37799835205078,52.22600173950195,52.54199981689453,52.54199981689453,100472000.0
2020-10-21,50.10300064086914,50.685001373291016,48.82500076293945,48.904998779296875,48.904998779296875,174057000.0
2020-10-22,49.46900177001953,49.51399993896485,48.20000076293945,48.52299880981445,48.52299880981445,69979000.0
2020-10-23,48.81100082397461,49.00600051879883,48.1349983215332,48.827999114990234,48.827999114990234,49279000.0
2020-10-26,48.702999114990234,49.68199920654297,47.88999938964844,48.82400131225586,48.82400131225586,61861000.0
2020-10-27,49.000999450683594,49.04899978637695,48.292999267578125,48.89300155639648,48.89300155639648,36272000.0
2020-10-28,48.63600158691406,49.400001525878906,48.327999114990234,48.624000549316406,48.624000549316406,59927000.0
2020-10-29,48.849998474121094,51.38999938964844,47.93399810791016,50.42100143432617,50.42100143432617,111207000.0
2020-10-30,50.20100021362305,50.5880012512207,47.22100067138672,47.57400131225586,47.57400131225586,78079000.0
2020-11-02,47.887001037597656,48.630001068115234,47.5,48.4119987487793,48.4119987487793,44082000.0
2020-11-03,48.49300003051758,49.53099822998047,47.875999450683594,48.72200012207031,48.72200012207031,36902000.0
2020-11-04,49.5359992980957,50.77299880981445,49.39799880981445,49.69499969482422,49.69499969482422,51373000.0
2020-11-05,50.65599822998047,51.87300109863281,50.345001220703125,51.375999450683594,51.375999450683594,53728000.0
2020-11-06,51.5,51.520999908447266,50.250999450683594,51.472999572753906,51.472999572753906,42363000.0
2020-11-09,48.55400085449219,49.584999084472656,46.72600173950195,47.04999923706055,47.04999923706055,104197000.0
2020-11-10,47.095001220703125,48.459999084472656,46.34099960327149,48.02399826049805,48.02399826049805,83061000.0
2020-11-11,48.29999923706055,49.167999267578125,47.82600021362305,49.07600021362305,49.07600021362305,54605000.0
2020-11-12,49.099998474121094,49.652000427246094,48.042999267578125,48.676998138427734,48.676998138427734,50637000.0
2020-11-13,48.676998138427734,48.89400100708008,47.779998779296875,48.28400039672851,48.28400039672851,30027000.0
2020-11-16,48.0,48.55799865722656,47.72999954223633,47.90999984741211,47.90999984741211,39536000.0
2020-11-17,48.012001037597656,48.750999450683594,47.8849983215332,48.0629997253418,48.0629997253418,36981000.0
2020-11-18,48.19499969482422,48.86100006103515,47.77199935913086,48.17900085449219,48.17900085449219,36292000.0
2020-11-19,48.20000076293945,48.779998779296875,48.047000885009766,48.46699905395508,48.46699905395508,22547000.0
2020-11-20,48.52199935913086,49.47600173950195,48.15700149536133,48.82400131225586,48.82400131225586,42534000.0
2020-11-23,49.04600143432617,49.1150016784668,47.58399963378906,47.6619987487793,47.6619987487793,54166000.0
2020-11-24,47.88399887084961,48.404998779296875,47.5890007019043,48.28799819946289,48.28799819946289,35505000.0
2020-11-25,48.51300048828125,48.689998626708984,47.891998291015625,48.5,48.5,35986000.0
2020-11-27,48.65800094604492,49.32500076293945,48.185001373291016,49.13600158691406,49.13600158691406,28058000.0
2020-11-30,49.007999420166016,49.255001068115234,48.12699890136719,49.06999969482422,49.06999969482422,35309000.0
2020-12-01,49.23400115966797,50.946998596191406,49.198001861572266,50.45800018310547,50.45800018310547,50527000.0
2020-12-02,50.1619987487793,50.68000030517578,49.349998474121094,50.3380012512207,50.3380012512207,30284000.0
2020-12-03,50.29899978637695,50.87699890136719,49.604000091552734,49.75199890136719,49.75199890136719,28261000.0
2020-12-04,49.75,50.45000076293945,49.36399841308594,49.83100128173828,49.83100128173828,36662000.0
2020-12-07,50.000999450683594,51.7760009765625,49.777000427246094,51.577999114990234,51.577999114990234,42893000.0
2020-12-08,51.790000915527344,52.14899826049805,50.55500030517578,51.26599884033203,51.26599884033203,42290000.0
2020-12-09,51.053001403808594,51.45000076293945,49.12900161743164,49.36000061035156,49.36000061035156,41788000.0
2020-12-10,49.45600128173828,50.37699890136719,49.29100036621094,50.10900115966797,50.10900115966797,30182000.0
2020-12-11,49.5,50.33399963378906,49.48500061035156,50.321998596191406,50.321998596191406,32109000.0
2020-12-14,50.54399871826172,52.41600036621094,50.11800003051758,52.242000579833984,52.242000579833984,57704000.0
2020-12-15,51.849998474121094,52.470001220703125,51.35599899291992,51.97800064086914,51.97800064086914,33949000.0
2020-12-16,52.01100158691406,52.737998962402344,51.76900100708008,52.483001708984375,52.483001708984375,36824000.0
2020-12-17,52.900001525878906,53.54899978637695,52.64400100708008,53.290000915527344,53.290000915527344,31934000.0
2020-12-18,53.31999969482422,53.637001037597656,52.60200119018555,53.44499969482422,53.44499969482422,45027000.0
2020-12-21,53.005001068115234,53.262001037597656,52.1150016784668,52.89099884033203,52.89099884033203,38940000.0
2020-12-22,52.76900100708008,53.040000915527344,52.04999923706055,52.733001708984375,52.733001708984375,19066000.0
2020-12-23,52.47600173950195,52.63199996948242,51.41999816894531,51.448001861572266,51.448001861572266,23932000.0
2020-12-24,51.512001037597656,51.935001373291016,51.22100067138672,51.39699935913086,51.39699935913086,11440000.0
2020-12-28,51.64300155639648,52.36600112915039,50.7130012512207,51.9119987487793,51.9119987487793,28919000.0
2020-12-29,51.9900016784668,53.654998779296875,51.54800033569336,53.08700180053711,53.08700180053711,40224000.0
2020-12-30,53.01300048828125,53.32600021362305,52.36899948120117,52.45899963378906,52.45899963378906,18763000.0
2020-12-31,52.553001403808594,54.54999923706055,52.314998626708984,54.073001861572266,54.073001861572266,53923000.0
2021-01-04,53.900001525878906,54.08000183105469,51.50899887084961,52.2859992980957,52.2859992980957,44444000.0
2021-01-05,52.154998779296875,52.678001403808594,51.5890007019043,52.08000183105469,52.08000183105469,31339000.0
2021-01-06,51.196998596191406,51.310001373291016,49.95000076293945,50.04899978637695,50.04899978637695,53462000.0
2021-01-07,50.827999114990234,51.64400100708008,50.641998291015625,50.88899993896485,50.88899993896485,36864000.0
2021-01-08,51.13100051879883,51.32400131225586,50.45100021362305,51.040000915527344,51.040000915527344,29739000.0
2021-01-11,50.78400039672851,51.073001861572266,49.79499816894531,49.90999984741211,49.90999984741211,38062000.0
2021-01-12,50.0,50.10900115966797,48.56700134277344,49.42499923706055,49.42499923706055,59904000.0
2021-01-13,49.54999923706055,51.23500061035156,49.30099868774414,50.77899932861328,50.77899932861328,50321000.0
2021-01-14,50.73500061035156,51.45000076293945,49.95800018310547,50.08599853515625,50.08599853515625,41774000.0
2021-01-15,50.0,50.63199996948242,49.5099983215332,49.79800033569336,49.79800033569336,58958000.0
2021-01-19,50.099998474121094,50.92499923706055,49.354000091552734,50.176998138427734,50.176998138427734,123158000.0
2021-01-20,56.54199981689453,59.32899856567383,55.68600082397461,58.63399887084961,58.63399887084961,326375000.0
2021-01-21,58.244998931884766,58.875,57.040000915527344,57.98400115966797,57.98400115966797,118021000.0
2021-01-22,58.209999084472656,58.39899826049805,56.435001373291016,56.516998291015625,56.516998291015625,75508000.0
2021-01-25,56.70000076293945,56.974998474121094,54.8650016784668,55.678001403808594,55.678001403808594,72073000.0
2021-01-26,55.472999572753906,56.79899978637695,55.40599822998047,56.19300079345703,56.19300079345703,50238000.0
2021-01-27,55.07099914550781,55.641998291015625,51.573001861572266,52.327999114990234,52.327999114990234,86703000.0
2021-01-28,53.5880012512207,55.314998626708984,53.07400131225586,53.86000061035156,53.86000061035156,59690000.0
2021-01-29,53.79999923706055,54.099998474121094,53.01800155639648,53.23899841308594,53.23899841308594,43253000.0
2021-02-01,53.67900085449219,54.50600051879883,53.17300033569336,53.90399932861328,53.90399932861328,35475000.0
2021-02-02,54.20100021362305,55.54800033569336,53.89300155639648,54.81600189208984,54.81600189208984,37676000.0
2021-02-03,55.016998291015625,55.04800033569336,53.82400131225586,53.94499969482422,53.94499969482422,31723000.0
2021-02-04,53.98099899291992,55.948001861572266,53.750999450683594,55.21599960327149,55.21599960327149,51645000.0
2021-02-05,55.22600173950195,55.444000244140625,54.54800033569336,55.07899856567383,55.07899856567383,23762000.0
2021-02-08,55.5,55.5,54.369998931884766,54.79199981689453,54.79199981689453,27917000.0
2021-02-09,54.599998474121094,56.599998474121094,54.29999923706055,55.90700149536133,55.90700149536133,37035000.0
2021-02-10,56.25,56.665000915527344,55.34600067138672,56.35900115966797,56.35900115966797,39913000.0
2021-02-11,56.444000244140625,56.59299850463867,55.422000885009766,55.75899887084961,55.75899887084961,27306000.0
2021-02-12,55.694000244140625,56.125,55.084999084472656,55.652000427246094,55.652000427246094,21971000.0
2021-02-16,55.729000091552734,56.362998962402344,55.27299880981445,55.72800064086914,55.72800064086914,26241000.0
2021-02-17,55.0989990234375,55.525001525878906,54.303001403808594,55.13399887084961,55.13399887084961,20696000.0
2021-02-18,54.900001525878906,55.0,53.823001861572266,54.821998596191406,54.821998596191406,24562000.0
2021-02-19,54.79999923706055,54.89899826049805,53.88100051879883,54.02199935913086,54.02199935913086,28415000.0
2021-02-22,53.499000549316406,54.17900085449219,53.07899856567383,53.37799835205078,53.37799835205078,30786000.0
2021-02-23,52.5,54.854000091552734,51.827999114990234,54.6150016784668,54.6150016784668,41365000.0
2021-02-24,53.97999954223633,55.685001373291016,53.90700149536133,55.34099960327149,55.34099960327149,32450000.0
2021-02-25,55.027000427246094,55.64799880981445,53.57500076293945,54.66999816894531,54.66999816894531,42529000.0
2021-02-26,54.6510009765625,55.30899810791016,53.79999923706055,53.8849983215332,53.8849983215332,37556000.0
2021-03-01,54.55699920654297,55.2140007019043,54.20000076293945,55.06399917602539,55.06399917602539,30414000.0
2021-03-02,55.33399963378906,55.69900131225586,54.60200119018555,54.78200149536133,54.78200149536133,30422000.0
2021-03-03,54.59299850463867,54.80099868774414,51.78099822998047,52.06999969482422,52.06999969482422,53624000.0
2021-03-04,52.150001525878906,53.150001525878906,50.76800155639648,51.12900161743164,51.12900161743164,50348000.0
2021-03-05,51.198001861572266,51.7760009765625,49.87900161743164,51.63899993896485,51.63899993896485,50700000.0
2021-03-08,51.44599914550781,51.88399887084961,49.28499984741211,49.33300018310547,49.33300018310547,39818000.0
2021-03-09,50.73099899291992,51.31100082397461,50.38199996948242,50.64400100708008,50.64400100708008,34700000.0
2021-03-10,51.349998474121094,51.89699935913086,50.42499923706055,50.45399856567383,50.45399856567383,37715000.0
2021-03-11,51.220001220703125,53.02399826049805,51.07099914550781,52.305999755859375,52.305999755859375,47145000.0
2021-03-12,51.25,52.6510009765625,50.65900039672851,51.801998138427734,51.801998138427734,39817000.0
2021-03-15,51.63199996948242,52.073001861572266,50.803001403808594,52.025001525878906,52.025001525878906,34843000.0
2021-03-16,52.446998596191406,53.34199905395508,52.32099914550781,52.40299987792969,52.40299987792969,32389000.0
2021-03-17,52.20000076293945,52.83700180053711,51.43000030517578,52.444000244140625,52.444000244140625,28174000.0
2021-03-18,51.63999938964844,51.790000915527344,50.3849983215332,50.479000091552734,50.479000091552734,40945000.0
2021-03-19,50.49599838256836,51.319000244140625,50.16299819946289,51.21799850463867,51.21799850463867,43864000.0
2021-03-22,50.91299819946289,52.930999755859375,50.91299819946289,52.31100082397461,52.31100082397461,33606000.0
2021-03-23,52.98699951171875,54.3120002746582,52.939998626708984,53.50899887084961,53.50899887084961,55835000.0
2021-03-24,53.37799835205078,53.44200134277344,52.0,52.08100128173828,52.08100128173828,41022000.0
2021-03-25,51.69900131225586,51.85300064086914,49.70000076293945,50.2859992980957,50.2859992980957,49268000.0
2021-03-26,50.28200149536133,50.87200164794922,49.667999267578125,50.80500030517578,50.80500030517578,34678000.0
2021-03-29,50.56600189208984,51.79999923706055,50.439998626708984,51.39500045776367,51.39500045776367,33300000.0
2021-03-30,51.05099868774414,51.44100189208984,50.69100189208984,51.3390007019043,51.3390007019043,24181000.0
2021-03-31,51.56700134277344,52.8129997253418,51.54399871826172,52.16600036621094,52.16600036621094,35031000.0
2021-04-01,52.99300003051758,54.04999923706055,52.702999114990234,53.94200134277344,53.94200134277344,39386000.0
2021-04-05,54.000999450683594,54.28499984741211,52.92300033569336,54.06700134277344,54.06700134277344,33559000.0
2021-04-06,54.48099899291992,55.41699981689453,54.33000183105469,54.452999114990234,54.452999114990234,34742000.0
2021-04-07,54.349998474121094,54.9640007019043,54.14500045776367,54.69900131225586,54.69900131225586,21513000.0
2021-04-08,55.112998962402344,55.689998626708984,54.75699996948242,55.45800018310547,55.45800018310547,43098000.0
2021-04-09,55.26900100708008,55.689998626708984,54.71099853515625,55.53099822998047,55.53099822998047,28940000.0
2021-04-12,55.10499954223633,55.79800033569336,54.95800018310547,55.27799987792969,55.27799987792969,29441000.0
2021-04-13,55.70000076293945,55.974998474121094,55.029998779296875,55.37300109863281,55.37300109863281,27203000.0
2021-04-14,55.48699951171875,55.48699951171875,53.85300064086914,54.00199890136719,54.00199890136719,37403000.0
2021-04-15,54.41699981689453,55.3489990234375,54.26599884033203,54.922000885009766,54.922000885009766,31391000.0
2021-04-16,55.05400085449219,55.198001861572266,53.95100021362305,54.65399932861328,54.65399932861328,32091000.0
2021-04-19,54.689998626708984,55.64400100708008,54.553001403808594,55.444000244140625,55.444000244140625,42887000.0
2021-04-20,55.44200134277344,56.35599899291992,54.630001068115234,54.957000732421875,54.957000732421875,112576000.0
2021-04-21,50.79999923706055,51.54600143432617,50.36000061035156,50.88999938964844,50.88999938964844,228974000.0
2021-04-22,51.38199996948242,51.395999908447266,50.05500030517578,50.87799835205078,50.87799835205078,90611000.0
2021-04-23,50.9010009765625,50.970001220703125,50.06999969482422,50.55500030517578,50.55500030517578,73077000.0
2021-04-26,50.67599868774414,51.04800033569336,50.29999923706055,51.029998779296875,51.029998779296875,43888000.0
2021-04-27,51.262001037597656,51.29899978637695,50.45800018310547,50.55500030517578,50.55500030517578,37613000.0
2021-04-28,50.52000045776367,50.84000015258789,50.33399963378906,50.652000427246094,50.652000427246094,31930000.0
2021-04-29,50.7599983215332,50.92900085449219,49.900001525878906,50.900001525878906,50.900001525878906,51278000.0
2021-04-30,50.5,51.45500183105469,50.5,51.34700012207031,51.34700012207031,44132000.0
2021-05-03,51.26499938964844,51.89500045776367,50.52000045776367,50.9109992980957,50.9109992980957,40919000.0
2021-05-04,51.077999114990234,51.16299819946289,49.67900085449219,50.31800079345703,50.31800079345703,43495000.0
2021-05-05,50.499000549316406,50.77799987792969,49.4630012512207,49.608001708984375,49.608001708984375,31294000.0
2021-05-06,49.5989990234375,49.95500183105469,49.137001037597656,49.95500183105469,49.95500183105469,37837000.0
2021-05-07,50.46200180053711,50.85499954223633,50.11199951171875,50.38399887084961,50.38399887084961,31328000.0
2021-05-10,50.20000076293945,50.314998626708984,48.61100006103515,48.66899871826172,48.66899871826172,51316000.0
2021-05-11,47.974998474121094,49.79899978637695,47.862998962402344,49.507999420166016,49.507999420166016,44010000.0
2021-05-12,48.68299865722656,49.354000091552734,48.27000045776367,48.49800109863281,48.49800109863281,41215000.0
2021-05-13,48.91299819946289,49.077999114990234,48.270999908447266,48.66600036621094,48.66600036621094,27125000.0
2021-05-14,48.7859992980957,49.48500061035156,48.65900039672851,49.33700180053711,49.33700180053711,28825000.0
2021-05-17,48.55899810791016,49.270999908447266,48.28099822998047,48.89400100708008,48.89400100708008,27052000.0
2021-05-18,48.84000015258789,49.347999572753906,48.61899948120117,48.62799835205078,48.62799835205078,23505000.0
2021-05-19,48.16299819946289,48.85699844360352,47.854000091552734,48.77000045776367,48.77000045776367,33499000.0
2021-05-20,48.95500183105469,50.27000045776367,48.89799880981445,50.16699981689453,50.16699981689453,37212000.0
2021-05-21,50.3120002746582,50.540000915527344,49.72600173950195,49.78900146484375,49.78900146484375,33229000.0
2021-05-24,50.10499954223633,50.42499923706055,49.95100021362305,50.290000915527344,50.290000915527344,24126000.0
2021-05-25,50.599998474121094,50.637001037597656,49.922000885009766,50.13399887084961,50.13399887084961,26995000.0
2021-05-26,50.23400115966797,50.41400146484375,50.04999923706055,50.23600006103515,50.23600006103515,24653000.0
2021-05-27,50.18000030517578,50.5099983215332,49.854000091552734,50.38600158691406,50.38600158691406,32538000.0
2021-05-28,50.439998626708984,51.17599868774414,50.25299835205078,50.28099822998047,50.28099822998047,29103000.0
2021-06-01,50.4010009765625,50.54100036621094,49.77399826049805,49.90800094604492,49.90800094604492,24826000.0
2021-06-02,49.98199844360352,50.321998596191406,49.582000732421875,49.92399978637695,49.92399978637695,22690000.0
2021-06-03,49.51900100708008,49.66600036621094,48.724998474121094,48.94300079345703,48.94300079345703,38874000.0
2021-06-04,49.20000076293945,50.18600082397461,49.095001220703125,49.4739990234375,49.4739990234375,31605000.0
2021-06-07,49.29199981689453,49.66999816894531,49.05500030517578,49.46599960327149,49.46599960327149,27919000.0
2021-06-08,49.70000076293945,49.88199996948242,48.9370002746582,49.23899841308594,49.23899841308594,23740000.0
2021-06-09,49.45000076293945,49.60900115966797,48.46500015258789,48.58100128173828,48.58100128173828,30550000.0
2021-06-10,48.71699905395508,49.020999908447266,48.2140007019043,48.72700119018555,48.72700119018555,43829000.0
2021-06-11,49.0,49.14099884033203,48.77799987792969,48.87699890136719,48.87699890136719,31240000.0
2021-06-14,48.96799850463867,50.349998474121094,48.69100189208984,49.98899841308594,49.98899841308594,44002000.0
2021-06-15,50.12300109863281,50.12300109863281,49.040000915527344,49.189998626708984,49.189998626708984,31041000.0
2021-06-16,49.5,49.645999908447266,48.62799835205078,49.24100112915039,49.24100112915039,35332000.0
2021-06-17,49.025001525878906,50.18000030517578,49.01499938964844,49.83399963378906,49.83399963378906,31983000.0
2021-06-18,49.63999938964844,50.44900131225586,49.52399826049805,50.07699966430664,50.07699966430664,51976000.0
2021-06-21,50.16400146484375,50.20500183105469,49.22800064086914,49.70000076293945,49.70000076293945,52773000.0
2021-06-22,49.854000091552734,51.35499954223633,49.58000183105469,50.88199996948242,50.88199996948242,58093000.0
2021-06-23,50.847999572753906,51.66299819946289,50.81999969482422,51.27399826049805,51.27399826049805,39448000.0
2021-06-24,51.79600143432617,52.09600067138672,51.439998626708984,51.805999755859375,51.805999755859375,33612000.0
2021-06-25,52.88399887084961,53.305999755859375,52.5,52.707000732421875,52.707000732421875,52991000.0
2021-06-28,52.8120002746582,53.39400100708008,52.45600128173828,53.303001403808594,53.303001403808594,28202000.0
2021-06-29,53.35499954223633,53.612998962402344,52.85699844360352,53.349998474121094,53.349998474121094,23146000.0
2021-06-30,53.40599822998047,53.4379997253418,52.68199920654297,52.82099914550781,52.82099914550781,27734000.0
2021-07-01,52.571998596191406,53.70399856567383,52.571998596191406,53.354000091552734,53.354000091552734,28054000.0
2021-07-02,53.54999923706055,53.854000091552734,52.93899917602539,53.39799880981445,53.39799880981445,19755000.0
2021-07-06,53.29999923706055,54.2859992980957,53.29999923706055,54.16400146484375,54.16400146484375,27751000.0
2021-07-07,54.42399978637695,54.4640007019043,53.16600036621094,53.59600067138672,53.59600067138672,27225000.0
2021-07-08,53.09299850463867,53.54999923706055,52.90900039672851,53.07600021362305,53.07600021362305,32690000.0
2021-07-09,53.099998474121094,53.82600021362305,52.858001708984375,53.597999572753906,53.597999572753906,27772000.0
2021-07-12,54.029998779296875,54.064998626708984,53.29199981689453,53.73099899291992,53.73099899291992,17807000.0
2021-07-13,53.57600021362305,54.53300094604492,53.57600021362305,54.06800079345703,54.06800079345703,27516000.0
2021-07-14,54.10100173950195,55.40999984741211,54.10100173950195,54.79499816894531,54.79499816894531,46595000.0
2021-07-15,55.39699935913086,55.75400161743164,53.81999969482422,54.29499816894531,54.29499816894531,57139000.0
2021-07-16,54.180999755859375,54.40599822998047,52.70500183105469,53.03099822998047,53.03099822998047,34421000.0
2021-07-19,52.60499954223633,53.49100112915039,52.2239990234375,53.22800064086914,53.22800064086914,38858000.0
2021-07-20,52.60699844360352,53.66400146484375,52.029998779296875,53.10499954223633,53.10499954223633,69304000.0
2021-07-21,52.612998962402344,53.0989990234375,50.56100082397461,51.362998962402344,51.362998962402344,119068000.0
2021-07-22,51.020999908447266,51.36800003051758,50.70000076293945,51.176998138427734,51.176998138427734,43281000.0
2021-07-23,51.21599960327149,51.74100112915039,50.46599960327149,51.54100036621094,51.54100036621094,38205000.0
2021-07-26,51.4379997253418,52.112998962402344,50.9010009765625,51.64899826049805,51.64899826049805,22545000.0
2021-07-27,51.80799865722656,52.19499969482422,51.20500183105469,51.89099884033203,51.89099884033203,27590000.0
2021-07-28,52.18199920654297,52.446998596191406,51.698001861572266,51.93000030517578,51.93000030517578,23905000.0
2021-07-29,51.99599838256836,52.077999114990234,51.37900161743164,51.42499923706055,51.42499923706055,17360000.0
2021-07-30,51.26900100708008,51.979000091552734,51.09600067138672,51.75699996948242,51.75699996948242,25371000.0
2021-08-02,51.900001525878906,51.98500061035156,51.05099868774414,51.51499938964844,51.51499938964844,20966000.0
2021-08-03,51.43899917602539,51.5629997253418,50.5369987487793,51.082000732421875,51.082000732421875,25794000.0
2021-08-04,51.29999923706055,51.79800033569336,51.0369987487793,51.73500061035156,51.73500061035156,20394000.0
2021-08-05,51.7130012512207,52.54100036621094,51.402000427246094,52.48899841308594,52.48899841308594,25567000.0
2021-08-06,52.400001525878906,52.68399810791016,51.93899917602539,52.05500030517578,52.05500030517578,19198000.0
2021-08-09,52.1150016784668,52.266998291015625,51.79899978637695,51.99700164794922,51.99700164794922,13678000.0
2021-08-10,52.0,52.07899856567383,51.297000885009766,51.58399963378906,51.58399963378906,19605000.0
2021-08-11,51.70000076293945,51.957000732421875,50.97700119018555,51.2400016784668,51.2400016784668,16739000.0
2021-08-12,51.18600082397461,51.29999923706055,50.720001220703125,51.071998596191406,51.071998596191406,16857000.0
2021-08-13,51.26399993896485,52.14400100708008,51.1510009765625,51.59199905395508,51.59199905395508,21777000.0
2021-08-16,51.52399826049805,52.3380012512207,51.22999954223633,51.79199981689453,51.79199981689453,20328000.0
2021-08-17,51.547000885009766,52.07899856567383,51.41999816894531,51.89099884033203,51.89099884033203,23098000.0
2021-08-18,52.0,52.63800048828125,51.8650016784668,52.1870002746582,52.1870002746582,25820000.0
2021-08-19,52.27399826049805,54.8390007019043,52.1870002746582,54.37099838256836,54.37099838256836,74973000.0
2021-08-20,54.50899887084961,55.13899993896485,53.90999984741211,54.6879997253418,54.6879997253418,37764000.0
2021-08-23,54.597999572753906,55.55500030517578,54.374000549316406,55.33300018310547,55.33300018310547,26020000.0
2021-08-24,55.14799880981445,55.53099822998047,54.926998138427734,55.34099960327149,55.34099960327149,21095000.0
2021-08-25,55.01599884033203,55.28400039672851,54.54499816894531,54.757999420166016,54.757999420166016,20656000.0
2021-08-26,54.61600112915039,55.2599983215332,54.59000015258789,55.012001037597656,55.012001037597656,15955000.0
2021-08-27,55.15999984741211,56.41699981689453,54.92499923706055,55.891998291015625,55.891998291015625,32526000.0
2021-08-30,55.724998474121094,56.71599960327149,55.64500045776367,56.61800003051758,56.61800003051758,24348000.0
2021-08-31,56.61199951171875,56.948001861572266,56.1609992980957,56.91899871826172,56.91899871826172,24319000.0
2021-09-01,56.900001525878906,59.099998474121094,56.900001525878906,58.207000732421875,58.207000732421875,56262000.0
2021-09-02,58.36800003051758,59.875999450683594,58.36800003051758,58.85499954223633,58.85499954223633,61799000.0
2021-09-03,58.58000183105469,59.1879997253418,58.31399917602539,59.053001403808594,59.053001403808594,26812000.0
2021-09-07,59.46900177001953,61.3849983215332,59.39899826049805,60.67100143432617,60.67100143432617,58214000.0
2021-09-08,60.38399887084961,61.560001373291016,59.57099914550781,60.60499954223633,60.60499954223633,54245000.0
2021-09-09,60.64699935913086,60.944000244140625,59.654998779296875,59.75400161743164,59.75400161743164,29542000.0
2021-09-10,59.81600189208984,60.94499969482422,59.367000579833984,59.87200164794922,59.87200164794922,39508000.0
2021-09-13,59.85699844360352,59.85699844360352,58.27799987792969,58.92900085449219,58.92900085449219,30629000.0
2021-09-14,58.48899841308594,58.72800064086914,57.555999755859375,57.7760009765625,57.7760009765625,34570000.0
2021-09-15,57.81700134277344,58.46200180053711,57.5369987487793,58.2869987487793,58.2869987487793,27556000.0
2021-09-16,58.43000030517578,58.74800109863281,57.77199935913086,58.650001525878906,58.650001525878906,18320000.0
2021-09-17,58.78499984741211,59.02799987792969,58.084999084472656,58.935001373291016,58.935001373291016,41451000.0
2021-09-20,58.67900085449219,59.15299987792969,56.80799865722656,57.542999267578125,57.542999267578125,37322000.0
2021-09-21,57.83100128173828,58.1879997253418,56.9370002746582,57.31399917602539,57.31399917602539,22509000.0
2021-09-22,57.96900177001953,59.564998626708984,57.96900177001953,59.064998626708984,59.064998626708984,40218000.0
2021-09-23,59.07899856567383,59.93199920654297,58.91299819946289,59.32600021362305,59.32600021362305,25262000.0
2021-09-24,59.25,59.29800033569336,58.36399841308594,59.23899841308594,59.23899841308594,21262000.0
2021-09-27,58.79499816894531,59.358001708984375,57.69300079345703,59.26399993896485,59.26399993896485,25047000.0
2021-09-28,58.900001525878906,59.95399856567383,58.01599884033203,58.3849983215332,58.3849983215332,44311000.0
2021-09-29,58.9010009765625,60.987998962402344,58.80099868774414,59.90599822998047,59.90599822998047,62210000.0
2021-09-30,60.80500030517578,61.900001525878906,60.80500030517578,61.03400039672851,61.03400039672851,66126000.0
2021-10-01,60.42399978637695,61.499000549316406,59.750999450683594,61.314998626708984,61.314998626708984,40908000.0
2021-10-04,61.3390007019043,62.612998962402344,59.46799850463867,60.334999084472656,60.334999084472656,49959000.0
2021-10-05,60.694000244140625,64.03900146484375,60.68899917602539,63.48099899291992,63.48099899291992,95343000.0
2021-10-06,62.81800079345703,63.98699951171875,62.63600158691406,63.90999984741211,63.90999984741211,45804000.0
2021-10-07,64.2229995727539,64.68399810791016,63.04499816894531,63.185001373291016,63.185001373291016,35569000.0
2021-10-08,63.41699981689453,64.37999725341797,63.08599853515625,63.26599884033203,63.26599884033203,32721000.0
2021-10-11,63.31999969482422,63.94200134277344,62.678001403808594,62.70399856567383,62.70399856567383,28625000.0
2021-10-12,63.301998138427734,63.76599884033203,62.19900131225586,62.49399948120117,62.49399948120117,32273000.0
2021-10-13,63.21799850463867,63.21799850463867,62.209999084472656,62.97600173950195,62.97600173950195,24203000.0
2021-10-14,63.222999572753906,63.6879997253418,62.67900085449219,63.380001068115234,63.380001068115234,26717000.0
2021-10-15,63.79999923706055,63.94200134277344,62.51599884033203,62.82899856567383,62.82899856567383,41169000.0
2021-10-18,63.209999084472656,63.84099960327149,62.05899810791016,63.797000885009766,63.797000885009766,46691000.0
2021-10-19,63.696998596191406,64.0999984741211,63.22999954223633,63.900001525878906,63.900001525878906,76331000.0
2021-10-20,62.55699920654297,63.7400016784668,61.71500015258789,62.51399993896485,62.51399993896485,106220000.0
2021-10-21,62.88899993896485,65.4010009765625,62.8650016784668,65.31600189208984,65.31600189208984,84371000.0
2021-10-22,65.18099975585938,66.5459976196289,65.18099975585938,66.47799682617188,66.47799682617188,61860000.0
2021-10-25,66.3740005493164,67.58799743652344,65.70700073242188,67.16600036621094,67.16600036621094,38335000.0
2021-10-26,67.3759994506836,67.64900207519531,66.2770004272461,66.85199737548828,66.85199737548828,29048000.0
2021-10-27,66.9000015258789,67.14099884033203,66.18499755859375,66.29199981689453,66.29199981689453,22769000.0
2021-10-28,67.09500122070312,67.68000030517578,66.8030014038086,67.40499877929688,67.40499877929688,28594000.0
2021-10-29,67.30599975585938,69.09700012207031,67.1240005493164,69.03099822998047,69.03099822998047,38253000.0
2021-11-01,68.90599822998047,68.99700164794922,67.65399932861328,68.11699676513672,68.11699676513672,31109000.0
2021-11-02,68.31099700927734,68.76799774169922,67.38200378417969,67.77200317382812,67.77200317382812,38886000.0
2021-11-03,67.72699737548828,68.93900299072266,67.72699737548828,68.8290023803711,68.8290023803711,23349000.0
2021-11-04,68.58899688720703,68.59400177001953,66.55000305175781,66.83999633789062,66.83999633789062,48650000.0
2021-11-05,66.39700317382812,66.56400299072266,64.5009994506836,64.5719985961914,64.5719985961914,52835000.0
2021-11-08,65.02899932861328,65.5999984741211,64.37899780273438,65.1449966430664,65.1449966430664,28875000.0
2021-11-09,65.37000274658203,66.05000305175781,65.052001953125,65.5989990234375,65.5989990234375,24156000.0
2021-11-10,65.3010025024414,66.03299713134766,64.21099853515625,64.69100189208984,64.69100189208984,24058000.0
2021-11-11,65.02400207519531,66.58200073242188,64.97100067138672,65.75800323486328,65.75800323486328,28683000.0
2021-11-12,66.0009994506836,68.33399963378906,65.38200378417969,68.26100158691406,68.26100158691406,41984000.0
2021-11-15,68.1240005493164,68.5260009765625,67.14900207519531,67.93299865722656,67.93299865722656,28722000.0
2021-11-16,67.8270034790039,68.83599853515625,67.69000244140625,68.73999786376953,68.73999786376953,20774000.0
2021-11-17,69.0,70.0989990234375,68.60900115966797,69.16899871826172,69.16899871826172,27328000.0
2021-11-18,69.16100311279297,69.17400360107422,67.9739990234375,68.2020034790039,68.2020034790039,20129000.0
2021-11-19,69.23500061035156,69.41600036621094,67.5,67.87999725341797,67.87999725341797,26137000.0
2021-11-22,67.60199737548828,67.947998046875,65.64700317382812,65.91999816894531,65.91999816894531,27644000.0
2021-11-23,65.81800079345703,66.64299774169922,64.6050033569336,65.40599822998047,65.40599822998047,23202000.0
2021-11-24,65.8010025024414,66.14399719238281,65.11000061035156,65.8290023803711,65.8290023803711,18673000.0
2021-11-26,67.5,67.64099884033203,66.06700134277344,66.56400299072266,66.56400299072266,28725000.0
2021-11-29,66.31999969482422,66.79900360107422,65.8290023803711,66.38400268554688,66.38400268554688,25294000.0
2021-11-30,66.81999969482422,67.53800201416016,64.0009994506836,64.19000244140625,64.19000244140625,56089000.0
2021-12-01,64.947998046875,65.4520034790039,61.707000732421875,61.777000427246094,61.777000427246094,38828000.0
2021-12-02,61.709999084472656,62.5359992980957,61.28799819946289,61.64699935913086,61.64699935913086,33311000.0
2021-12-03,62.275001525878906,62.54999923706055,59.400001525878906,60.2130012512207,60.2130012512207,48293000.0
2021-12-06,60.60100173950195,61.729000091552734,60.099998474121094,61.26900100708008,61.26900100708008,30757000.0
2021-12-07,61.983001708984375,62.88899993896485,61.13999938964844,62.55799865722656,62.55799865722656,31252000.0
2021-12-08,63.0,63.24599838256836,62.31999969482422,62.80799865722656,62.80799865722656,22203000.0
2021-12-09,62.757999420166016,63.02399826049805,61.04399871826172,61.099998474121094,61.099998474121094,23763000.0
2021-12-10,61.678001403808594,61.77399826049805,60.5880012512207,61.16600036621094,61.16600036621094,27488000.0
2021-12-13,61.20000076293945,61.26399993896485,59.95199966430664,60.45600128173828,60.45600128173828,25179000.0
2021-12-14,59.87099838256836,60.229000091552734,58.8129997253418,59.79899978637695,59.79899978637695,29845000.0
2021-12-15,59.81800079345703,60.569000244140625,58.45100021362305,60.50400161743164,60.50400161743164,28662000.0
2021-12-16,59.70899963378906,60.28300094604492,58.79999923706055,59.10599899291992,59.10599899291992,31432000.0
2021-12-17,59.1609992980957,59.32500076293945,58.17399978637695,58.67300033569336,58.67300033569336,43869000.0
2021-12-20,58.64300155639648,60.28799819946289,58.42599868774414,59.374000549316406,59.374000549316406,33584000.0
2021-12-21,59.75400161743164,60.78200149536133,59.38600158691406,60.492000579833984,60.492000579833984,23194000.0
2021-12-22,60.33599853515625,61.48199844360352,60.26300048828125,61.42399978637695,61.42399978637695,23357000.0
2021-12-23,61.63999938964844,61.6879997253418,60.75699996948242,61.40900039672851,61.40900039672851,16211000.0
2021-12-27,61.5,61.5,60.92499923706055,61.3120002746582,61.3120002746582,20615000.0
2021-12-28,61.494998931884766,61.84099960327149,60.96900177001953,61.07099914550781,61.07099914550781,18828000.0
2021-12-29,61.07099914550781,61.39799880981445,60.46799850463867,61.05400085449219,61.05400085449219,12872000.0
2021-12-30,61.29899978637695,62.06100082397461,61.124000549316406,61.20899963378906,61.20899963378906,16251000.0
2021-12-31,61.000999450683594,61.40800094604492,60.20500183105469,60.24399948120117,60.24399948120117,19959000.0
2022-01-03,60.56100082397461,60.999000549316406,59.055999755859375,59.73699951171875,59.73699951171875,30675000.0
2022-01-04,59.99100112915039,60.04100036621094,58.15999984741211,59.1150016784668,59.1150016784668,43931000.0
2022-01-05,59.20000076293945,59.28400039672851,56.6879997253418,56.75199890136719,56.75199890136719,41487000.0
2022-01-06,55.43399810791016,56.33599853515625,54.20100021362305,55.32899856567383,55.32899856567383,57118000.0
2022-01-07,54.94599914550781,55.34299850463867,53.821998596191406,54.10599899291992,54.10599899291992,33829000.0
2022-01-10,53.8489990234375,54.36899948120117,52.63199996948242,53.98500061035156,53.98500061035156,44861000.0
2022-01-11,53.69900131225586,54.39099884033203,53.00699996948242,54.08399963378906,54.08399963378906,30778000.0
2022-01-12,54.426998138427734,54.426998138427734,53.20199966430664,53.72200012207031,53.72200012207031,37874000.0
2022-01-13,53.70600128173828,54.07899856567383,51.82600021362305,51.91999816894531,51.91999816894531,44751000.0
2022-01-14,51.7599983215332,53.83700180053711,51.1879997253418,52.569000244140625,52.569000244140625,78611000.0
2022-01-18,52.007999420166016,52.17499923706055,50.86800003051758,51.08000183105469,51.08000183105469,48391000.0
2022-01-19,51.5,52.32099914550781,51.05099868774414,51.58599853515625,51.58599853515625,43535000.0
2022-01-20,51.775001525878906,52.66400146484375,50.69300079345703,50.82500076293945,50.82500076293945,126590000.0
2022-01-21,40.042999267578125,40.915000915527344,37.999000549316406,39.75,39.75,589043000.0
2022-01-24,38.39099884033203,38.72600173950195,35.145999908447266,38.71500015258789,38.71500015258789,323460000.0
2022-01-25,37.91400146484375,38.770999908447266,36.51300048828125,36.641998291015625,36.641998291015625,151458000.0
2022-01-26,37.82699966430664,38.26599884033203,35.6619987487793,35.970001220703125,35.970001220703125,126840000.0
2022-01-27,38.20600128173828,39.47999954223633,37.810001373291016,38.66999816894531,38.66999816894531,243247000.0
2022-01-28,38.67599868774414,38.70000076293945,37.20800018310547,38.43600082397461,38.43600082397461,119666000.0
2022-01-31,40.196998596191406,42.77000045776367,39.81999969482422,42.7140007019043,42.7140007019043,200475000.0
2022-02-01,43.29600143432617,45.847999572753906,42.55400085449219,45.7130012512207,45.7130012512207,225681000.0
2022-02-02,44.82500076293945,45.198001861572266,42.64799880981445,42.948001861572266,42.948001861572266,143460000.0
2022-02-03,42.14400100708008,42.92599868774414,40.428001403808594,40.560001373291016,40.560001373291016,99052000.0
2022-02-04,40.73099899291992,41.277000427246094,39.66400146484375,41.016998291015625,41.016998291015625,77898000.0
2022-02-07,41.016998291015625,41.23500061035156,39.35499954223633,40.209999084472656,40.209999084472656,82329000.0
2022-02-08,39.81800079345703,40.6609992980957,39.58300018310547,40.35300064086914,40.35300064086914,68185000.0
2022-02-09,40.8650016784668,41.29800033569336,39.87900161743164,41.28900146484375,41.28900146484375,77382000.0
2022-02-10,40.209999084472656,40.79999923706055,39.63600158691406,40.62699890136719,40.62699890136719,84529000.0
2022-02-11,40.53300094604492,41.1609992980957,38.76499938964844,39.13100051879883,39.13100051879883,75589000.0
2022-02-14,38.75899887084961,40.93600082397461,38.68899917602539,39.65700149536133,39.65700149536133,72022000.0
2022-02-15,40.37900161743164,40.91600036621094,40.10100173950195,40.74599838256836,40.74599838256836,53923000.0
2022-02-16,40.15299987792969,40.15599822998047,39.03799819946289,39.80799865722656,39.80799865722656,52777000.0
2022-02-17,39.42399978637695,39.9109992980957,38.56999969482422,38.66699981689453,38.66699981689453,46692000.0
2022-02-18,39.25299835205078,40.2869987487793,38.904998779296875,39.12900161743164,39.12900161743164,68017000.0
2022-02-22,38.89500045776367,39.242000579833984,37.301998138427734,37.737998962402344,37.737998962402344,66975000.0
2022-02-23,38.27199935913086,38.599998474121094,36.66600036621094,36.74599838256836,36.74599838256836,46143000.0
2022-02-24,35.50899887084961,39.073001861572266,35.47200012207031,39.00299835205078,39.00299835205078,70687000.0
2022-02-25,38.6609992980957,39.12900161743164,37.55799865722656,39.08000183105469,39.08000183105469,48416000.0
2022-02-28,38.733001708984375,39.775001525878906,38.2130012512207,39.45199966430664,39.45199966430664,50350000.0
2022-03-01,39.15999984741211,39.5,38.37099838256836,38.624000549316406,38.624000549316406,32904000.0
2022-03-02,38.89300155639648,38.922000885009766,37.520999908447266,38.00299835205078,38.00299835205078,53568000.0
2022-03-03,38.599998474121094,38.61199951171875,36.46500015258789,36.80699920654297,36.80699920654297,60768000.0
2022-03-04,36.79999923706055,37.48199844360352,35.71699905395508,36.17300033569336,36.17300033569336,53255000.0
2022-03-07,36.04100036621094,36.20000076293945,35.02000045776367,35.0260009765625,35.0260009765625,57084000.0
2022-03-08,34.97999954223633,35.88600158691406,34.06700134277344,34.17599868774414,34.17599868774414,64287000.0
2022-03-09,35.76900100708008,36.41400146484375,35.05099868774414,35.87900161743164,35.87900161743164,65202000.0
2022-03-10,35.619998931884766,36.70199966430664,35.33000183105469,35.676998138427734,35.676998138427734,48078000.0
2022-03-11,36.11899948120117,36.33599853515625,34.0,34.03200149536133,34.03200149536133,48199000.0
2022-03-14,33.87200164794922,34.13199996948242,32.981998443603516,33.10100173950195,33.10100173950195,59078000.0
2022-03-15,33.5099983215332,34.5359992980957,33.236000061035156,34.375,34.375,54606000.0
2022-03-16,34.81999969482422,35.999000549316406,34.305999755859375,35.75299835205078,35.75299835205078,69825000.0
2022-03-17,35.970001220703125,37.33100128173828,35.487998962402344,37.13999938964844,37.13999938964844,58183000.0
2022-03-18,37.20000076293945,38.18000030517578,36.84700012207031,38.060001373291016,38.060001373291016,83248000.0
2022-03-21,37.801998138427734,38.18199920654297,36.89400100708008,37.45899963378906,37.45899963378906,48665000.0
2022-03-22,37.11399841308594,38.66600036621094,36.67599868774414,38.29199981689453,38.29199981689453,42428000.0
2022-03-23,37.97700119018555,38.24599838256836,37.44900131225586,37.44900131225586,37.44900131225586,37290000.0
2022-03-24,37.97600173950195,37.97600173950195,36.88999938964844,37.57099914550781,37.57099914550781,38885000.0
2022-03-25,37.707000732421875,37.76399993896485,36.64300155639648,37.3849983215332,37.3849983215332,35745000.0
2022-03-28,37.52299880981445,38.02799987792969,36.67300033569336,37.85100173950195,37.85100173950195,43234000.0
2022-03-29,38.43899917602539,39.650001525878906,38.03300094604492,39.18199920654297,39.18199920654297,58807000.0
2022-03-30,38.95500183105469,39.27000045776367,37.862998962402344,38.14699935913086,38.14699935913086,40233000.0
2022-03-31,38.35900115966797,38.400001525878906,37.36100006103515,37.45899963378906,37.45899963378906,41347000.0
2022-04-01,37.68000030517578,38.08700180053711,36.849998474121094,37.34700012207031,37.34700012207031,46442000.0
2022-04-04,37.35499954223633,39.60200119018555,37.3129997253418,39.150001525878906,39.150001525878906,70018000.0
2022-04-05,38.93000030517578,39.0,37.73099899291992,38.01499938964844,38.01499938964844,42345000.0
2022-04-06,37.415000915527344,37.64699935913086,36.27299880981445,36.834999084472656,36.834999084472656,43549000.0
2022-04-07,36.5,36.854000091552734,35.36899948120117,36.21500015258789,36.21500015258789,49489000.0
2022-04-08,36.19599914550781,36.25,35.48699951171875,35.5880012512207,35.5880012512207,40252000.0
2022-04-11,35.0,35.47800064086914,34.52000045776367,34.79999923706055,34.79999923706055,37771000.0
2022-04-12,35.590999603271484,35.941001892089844,34.224998474121094,34.40999984741211,34.40999984741211,38243000.0
2022-04-13,34.391998291015625,35.20000076293945,34.11600112915039,35.042999267578125,35.042999267578125,32310000.0
2022-04-14,35.095001220703125,35.20000076293945,33.986000061035156,34.112998962402344,34.112998962402344,43438000.0
2022-04-18,34.0,34.236000061035156,33.1619987487793,33.7859992980957,33.7859992980957,51050000.0
2022-04-19,33.321998596191406,35.167999267578125,33.321998596191406,34.861000061035156,34.861000061035156,209069000.0
2022-04-20,24.520000457763672,24.8700008392334,21.250999450683594,22.618999481201172,22.618999481201172,1333875000.0
2022-04-21,22.0,22.76799964904785,21.152000427246097,21.82200050354004,21.82200050354004,535016000.0
2022-04-22,22.01799964904785,22.62700080871582,21.0049991607666,21.552000045776367,21.552000045776367,375151000.0
2022-04-25,21.381000518798828,21.666000366210938,20.451000213623047,20.99099922180176,20.99099922180176,281520000.0
2022-04-26,20.8799991607666,20.915000915527344,19.82799911499023,19.84000015258789,19.84000015258789,203181000.0
2022-04-27,19.400999069213867,20.018999099731445,18.777000427246097,18.854000091552734,18.854000091552734,222984000.0
2022-04-28,19.1560001373291,20.14800071716309,18.559999465942383,19.95199966430664,19.95199966430664,213632000.0
2022-04-29,19.868000030517575,20.47100067138672,19.0,19.035999298095703,19.035999298095703,163919000.0
2022-05-02,19.17099952697754,20.020999908447266,19.000999450683594,19.945999145507812,19.945999145507812,145916000.0
2022-05-03,19.82900047302246,20.31999969482422,19.47699928283691,19.98699951171875,19.98699951171875,118394000.0
2022-05-04,19.76499938964844,20.437999725341797,19.10099983215332,20.400999069213867,20.400999069213867,122188000.0
2022-05-05,20.045000076293945,20.070999145507812,18.600000381469727,18.832000732421875,18.832000732421875,139713000.0
2022-05-06,18.674999237060547,18.72100067138672,17.58099937438965,18.097000122070312,18.097000122070312,171855000.0
2022-05-09,17.766000747680664,18.31999969482422,17.229999542236328,17.309999465942383,17.309999465942383,140313000.0
2022-05-10,17.60099983215332,18.187000274658203,17.05699920654297,17.766000747680664,17.766000747680664,138839000.0
2022-05-11,17.608999252319336,18.09199905395508,16.55500030517578,16.636999130249023,16.636999130249023,126655000.0
2022-05-12,16.395999908447266,17.757999420166016,16.270999908447266,17.430999755859375,17.430999755859375,176621000.0
2022-05-13,17.715999603271484,18.777000427246097,17.60099983215332,18.763999938964844,18.763999938964844,131363000.0
2022-05-16,19.329999923706055,19.589000701904297,18.56999969482422,18.650999069213867,18.650999069213867,161450000.0
2022-05-17,18.91699981689453,19.13999938964844,18.517000198364254,19.055999755859375,19.055999755859375,98767000.0
2022-05-18,18.67200088500977,18.770000457763672,17.62700080871582,17.7189998626709,17.7189998626709,96656000.0
2022-05-19,17.80500030517578,18.6299991607666,17.570999145507812,18.347999572753903,18.347999572753903,104485000.0
2022-05-20,18.586999893188477,19.018999099731445,17.976999282836914,18.635000228881836,18.635000228881836,104294000.0
2022-05-23,18.614999771118164,18.766000747680664,17.788999557495117,18.743999481201172,18.743999481201172,96020000.0
2022-05-24,18.200000762939453,18.399999618530273,17.716999053955078,18.034000396728516,18.034000396728516,77064000.0
2022-05-25,18.027999877929688,18.886999130249023,18.017000198364254,18.78300094604492,18.78300094604492,85221000.0
2022-05-26,18.64900016784668,19.233999252319336,18.30900001525879,19.13999938964844,19.13999938964844,80499000.0
2022-05-27,19.319000244140625,19.524999618530273,19.03700065612793,19.518999099731445,19.518999099731445,85860000.0
2022-05-31,19.618000030517575,19.9950008392334,19.079999923706055,19.743999481201172,19.743999481201172,113985000.0
2022-06-01,19.8700008392334,20.27400016784668,19.166000366210938,19.291000366210938,19.291000366210938,84162000.0
2022-06-02,19.20199966430664,20.54700088500977,19.17200088500977,20.50900077819824,20.50900077819824,96231000.0
2022-06-03,20.013999938964844,20.295000076293945,19.80500030517578,19.89800071716309,19.89800071716309,71918000.0
2022-06-06,20.208999633789062,20.386999130249023,19.538000106811523,19.714000701904297,19.714000701904297,53720000.0
2022-06-07,19.48699951171875,19.959999084472656,19.299999237060547,19.861000061035156,19.861000061035156,48395000.0
2022-06-08,19.795000076293945,20.738000869750977,19.763999938964844,20.28300094604492,20.28300094604492,72441000.0
2022-06-09,20.065000534057617,20.16900062561035,19.253999710083008,19.277000427246097,19.277000427246097,69490000.0
2022-06-10,18.263999938964844,18.586000442504883,18.084999084472656,18.29400062561035,18.29400062561035,130656000.0
2022-06-13,17.707000732421875,17.909000396728516,16.895999908447266,16.9689998626709,16.9689998626709,102224000.0
2022-06-14,16.975000381469727,17.20599937438965,16.42799949645996,16.753999710083008,16.753999710083008,115553000.0
2022-06-15,16.926000595092773,18.385000228881836,16.85300064086914,18.01099967956543,18.01099967956543,123960000.0
2022-06-16,17.399999618530273,17.62700080871582,17.1560001373291,17.334999084472656,17.334999084472656,82013000.0
2022-06-17,17.363000869750977,17.96500015258789,17.333999633789062,17.551000595092773,17.551000595092773,121334000.0
2022-06-21,17.760000228881836,17.86199951171875,16.979999542236328,17.090999603271484,17.090999603271484,121776000.0
2022-06-22,17.075000762939453,18.281999588012695,17.020000457763672,17.888999938964844,17.888999938964844,119924000.0
2022-06-23,18.049999237060547,18.275999069213867,17.586999893188477,18.17099952697754,18.17099952697754,95382000.0
2022-06-24,18.350000381469727,19.118999481201172,18.18400001525879,19.084999084472656,19.084999084472656,124240000.0
2022-06-27,19.177000045776367,19.17799949645996,18.23900032043457,18.913999557495117,18.913999557495117,83639000.0
2022-06-28,18.920000076293945,19.219999313354492,17.937000274658203,17.959999084472656,17.959999084472656,71854000.0
2022-06-29,17.954999923706055,18.066999435424805,17.510000228881836,17.836000442504883,17.836000442504883,57668000.0
2022-06-30,17.707000732421875,17.94499969482422,17.030000686645508,17.48699951171875,17.48699951171875,78947000.0
2022-07-01,17.64900016784668,18.010000228881836,17.427000045776367,17.9950008392334,17.9950008392334,52016000.0
2022-07-05,17.628000259399414,18.59199905395508,17.26799964904785,18.58799934387207,18.58799934387207,73343000.0
2022-07-06,18.520000457763672,18.621999740600582,18.082000732421875,18.4060001373291,18.4060001373291,57534000.0
2022-07-07,18.427000045776367,19.020999908447266,18.350000381469727,18.927000045776367,18.927000045776367,63345000.0
2022-07-08,18.60199928283691,18.99099922180176,18.274999618530273,18.697999954223633,18.697999954223633,58357000.0
2022-07-11,18.472999572753903,18.499000549316406,17.68899917602539,17.733999252319336,17.733999252319336,60388000.0
2022-07-12,17.732999801635742,17.97800064086914,17.341999053955078,17.44499969482422,17.44499969482422,68453000.0
2022-07-13,17.049999237060547,17.917999267578125,16.969999313354492,17.6560001373291,17.6560001373291,127344000.0
2022-07-14,17.555999755859375,17.75200080871582,17.18199920654297,17.47800064086914,17.47800064086914,90395000.0
2022-07-15,17.558000564575195,18.92200088500977,17.45599937438965,18.910999298095703,18.910999298095703,163191000.0
2022-07-18,19.25,19.96699905395508,18.979999542236328,19.09199905395508,19.09199905395508,163228000.0
2022-07-19,19.302000045776367,20.19700050354004,18.84000015258789,20.163000106811523,20.163000106811523,281787000.0
2022-07-20,20.816999435424805,21.69700050354004,20.010000228881836,21.643999099731445,21.643999099731445,539203000.0
2022-07-21,21.43000030517578,22.43199920654297,21.149999618530273,22.38800048828125,22.38800048828125,234301000.0
2022-07-22,22.238000869750977,22.934999465942383,21.8439998626709,22.04400062561035,22.04400062561035,178055000.0
2022-07-25,22.131000518798828,22.52300071716309,21.635000228881836,21.85099983215332,21.85099983215332,109352000.0
2022-07-26,21.666000366210938,21.93899917602539,21.163999557495117,21.391000747680664,21.391000747680664,95085000.0
2022-07-27,21.64800071716309,22.777999877929688,21.45800018310547,22.674999237060547,22.674999237060547,105084000.0
2022-07-28,22.459999084472656,22.809999465942383,21.96699905395508,22.60199928283691,22.60199928283691,89727000.0
2022-07-29,22.32900047302246,23.075000762939453,22.239999771118164,22.489999771118164,22.489999771118164,90649000.0
2022-08-01,22.309999465942383,22.839000701904297,22.100000381469727,22.621000289916992,22.621000289916992,55250000.0
2022-08-02,22.275999069213867,22.81999969482422,22.08799934387207,22.142000198364254,22.142000198364254,63613000.0
2022-08-03,22.479000091552734,22.809999465942383,22.242000579833984,22.67300033569336,22.67300033569336,64007000.0
2022-08-04,22.76799964904785,23.207000732421875,22.5049991607666,22.99099922180176,22.99099922180176,71427000.0
2022-08-05,22.530000686645508,22.86199951171875,22.28700065612793,22.67799949645996,22.67799949645996,55397000.0
2022-08-08,22.749000549316406,24.195999145507812,22.641000747680664,23.349000930786133,23.349000930786133,109821000.0
2022-08-09,23.16200065612793,23.219999313354492,22.46500015258789,22.993999481201172,22.993999481201172,61812000.0
2022-08-10,23.698999404907227,24.45400047302246,23.65999984741211,24.410999298095703,24.410999298095703,92548000.0
2022-08-11,24.468000411987305,25.16200065612793,24.150999069213867,24.270000457763672,24.270000457763672,87801000.0
2022-08-12,24.481000900268555,24.94099998474121,24.375999450683594,24.93000030517578,24.93000030517578,60985000.0
2022-08-15,24.81100082397461,25.198999404907227,24.750999450683594,24.910999298095703,24.910999298095703,65274000.0
2022-08-16,24.715999603271484,24.929000854492188,24.402999877929688,24.569000244140625,24.569000244140625,51368000.0
2022-08-17,24.118000030517575,24.423999786376953,23.756000518798828,24.114999771118164,24.114999771118164,56272000.0
2022-08-18,24.195999145507812,24.64800071716309,23.92799949645996,24.517000198364254,24.517000198364254,52804000.0
2022-08-19,24.094999313354492,24.32900047302246,23.56800079345703,24.11599922180176,24.11599922180176,75047000.0
2022-08-22,23.2549991607666,23.347999572753903,22.458999633789062,22.65399932861328,22.65399932861328,86301000.0
2022-08-23,22.645999908447266,22.989999771118164,22.43000030517578,22.454999923706055,22.454999923706055,52769000.0
2022-08-24,22.56599998474121,23.40999984741211,22.393999099731445,22.961000442504883,22.961000442504883,54263000.0
2022-08-25,23.02400016784668,23.416000366210938,22.899999618530273,23.39800071716309,23.39800071716309,37669000.0
2022-08-26,23.363000869750977,23.69499969482422,22.315000534057617,22.32799911499023,22.32799911499023,53498000.0
2022-08-29,22.19300079345703,22.98699951171875,22.152000427246097,22.457000732421875,22.457000732421875,71094000.0
2022-08-30,22.666000366210938,22.979000091552734,21.874000549316406,22.065000534057617,22.065000534057617,57404000.0
2022-08-31,22.700000762939453,23.38800048828125,22.343000411987305,22.356000900268555,22.356000900268555,86159000.0
2022-09-01,22.07200050354004,23.03700065612793,21.94700050354004,23.003999710083008,23.003999710083008,72929000.0
2022-09-02,23.10300064086914,23.38800048828125,22.503999710083008,22.611000061035156,22.611000061035156,81649000.0
2022-09-06,22.55900001525879,22.684999465942383,21.4689998626709,21.839000701904297,21.839000701904297,74690000.0
2022-09-07,22.020999908447266,22.933000564575195,21.82699966430664,22.895999908447266,22.895999908447266,81493000.0
2022-09-08,22.416000366210938,22.874000549316406,22.1299991607666,22.743999481201172,22.743999481201172,67374000.0
2022-09-09,22.961999893188477,23.47800064086914,22.961999893188477,23.35700035095215,23.35700035095215,66996000.0
2022-09-12,23.361000061035156,23.948999404907227,23.336999893188477,23.652999877929688,23.652999877929688,60474000.0
2022-09-13,22.649999618530273,22.768999099731445,21.77199935913086,21.812999725341797,21.812999725341797,80001000.0
2022-09-14,21.98200035095215,22.799999237060547,21.579999923706055,22.41200065612793,22.41200065612793,82303000.0
2022-09-15,23.04700088500977,24.229000091552734,22.90999984741211,23.538000106811523,23.538000106811523,194541000.0
2022-09-16,23.121999740600582,24.13599967956543,22.78300094604492,24.01300048828125,24.01300048828125,189142000.0
2022-09-19,24.5049991607666,24.524999618530273,23.575000762939453,24.363000869750977,24.363000869750977,179124000.0
2022-09-20,24.03700065612793,25.048999786376953,23.965999603271484,24.28499984741211,24.28499984741211,160374000.0
2022-09-21,24.267000198364254,24.829999923706055,23.667999267578125,23.687000274658203,23.687000274658203,91668000.0
2022-09-22,23.53499984741211,24.049999237060547,23.166000366210938,23.704999923706055,23.704999923706055,100180000.0
2022-09-23,23.513999938964844,23.645000457763672,22.14299964904785,22.641000747680664,22.641000747680664,112072000.0
2022-09-26,22.559999465942383,23.270000457763672,22.301000595092773,22.406999588012695,22.406999588012695,82343000.0
2022-09-27,22.863000869750977,23.06399917602539,22.07200050354004,22.43600082397461,22.43600082397461,77622000.0
2022-09-28,22.9689998626709,24.665000915527344,22.738000869750977,24.520000457763672,24.520000457763672,175797000.0
2022-09-29,24.160999298095703,24.697999954223633,23.56800079345703,23.97100067138672,23.97100067138672,189949000.0
2022-09-30,23.700000762939453,24.243999481201172,23.326000213623047,23.54400062561035,23.54400062561035,118486000.0
2022-10-03,23.78499984741211,24.15399932861328,23.28499984741211,23.90399932861328,23.90399932861328,86574000.0
2022-10-04,24.483999252319336,24.579999923706055,23.325000762939453,24.073999404907227,24.073999404907227,139259000.0
2022-10-05,23.875999450683594,24.159000396728516,22.738000869750977,23.67300033569336,23.67300033569336,108256000.0
2022-10-06,23.667999267578125,24.42799949645996,23.391000747680664,24.00200080871582,24.00200080871582,91889000.0
2022-10-07,23.57699966430664,23.732999801635746,22.42799949645996,22.475000381469727,22.475000381469727,98061000.0
2022-10-10,22.56399917602539,23.382999420166016,22.42300033569336,22.99799919128418,22.99799919128418,99911000.0
2022-10-11,22.604999542236328,23.04400062561035,21.3700008392334,21.429000854492188,21.429000854492188,152824000.0
2022-10-12,21.43000030517578,22.367000579833984,21.263999938964844,22.086999893188477,22.086999893188477,129526000.0
2022-10-13,21.268999099731445,23.44700050354004,21.17300033569336,23.250999450683594,23.250999450683594,175050000.0
2022-10-14,23.780000686645508,23.8799991607666,22.951000213623047,23.0,23.0,152934000.0
2022-10-17,23.44099998474121,24.992000579833984,23.440000534057617,24.510000228881836,24.510000228881836,210578000.0
2022-10-18,24.979999542236328,25.03700065612793,23.77300071716309,24.086000442504883,24.086000442504883,257767000.0
2022-10-19,26.5,27.93000030517578,26.266000747680664,27.238000869750977,27.238000869750977,466853000.0
2022-10-20,27.277999877929688,27.83799934387207,26.63800048828125,26.81599998474121,26.81599998474121,172071000.0
2022-10-21,26.895000457763672,29.075000762939453,26.56800079345703,28.957000732421875,28.957000732421875,248891000.0
2022-10-24,29.02300071716309,29.048999786376953,28.035999298095703,28.2450008392334,28.2450008392334,133264000.0
2022-10-25,28.69499969482422,29.75900077819824,28.55500030517578,29.10199928283691,29.10199928283691,151007000.0
2022-10-26,29.003999710083008,30.562999725341797,28.804000854492188,29.86199951171875,29.86199951171875,157141000.0
2022-10-27,29.83300018310547,30.520999908447266,29.47800064086914,29.694000244140625,29.694000244140625,146126000.0
2022-10-28,29.770000457763672,30.118999481201172,29.229000091552734,29.57200050354004,29.57200050354004,99605000.0
2022-10-31,29.51300048828125,29.761999130249023,28.950000762939453,29.187999725341797,29.187999725341797,75051000.0
2022-11-01,29.617000579833984,29.969999313354492,28.642000198364254,28.674999237060547,28.674999237060547,69164000.0
2022-11-02,28.63999938964844,28.732999801635746,27.284000396728516,27.299999237060547,27.299999237060547,103676000.0
2022-11-03,27.125,27.628999710083008,26.8799991607666,26.9060001373291,26.9060001373291,70574000.0
2022-11-04,27.20199966430664,27.496999740600582,25.531999588012695,26.07900047302246,26.07900047302246,111247000.0
2022-11-07,26.106000900268555,26.114999771118164,25.208999633789062,25.86000061035156,25.86000061035156,79270000.0
2022-11-08,25.992000579833984,26.607999801635746,25.687999725341797,26.34600067138672,26.34600067138672,76838000.0
2022-11-09,25.965999603271484,26.09000015258789,25.42200088500977,25.465999603271484,25.465999603271484,72660000.0
2022-11-10,26.599000930786133,27.535999298095703,26.00900077819824,27.496999740600582,27.496999740600582,96673000.0
2022-11-11,27.44700050354004,29.06599998474121,27.1560001373291,29.01300048828125,29.01300048828125,95738000.0
2022-11-14,29.0,31.100000381469727,28.819000244140625,29.927000045776367,29.927000045776367,179782000.0
2022-11-15,30.920000076293945,31.270999908447266,30.2549991607666,31.020000457763672,31.020000457763672,146269000.0
2022-11-16,30.993999481201172,31.048999786376953,30.361000061035156,30.60199928283691,30.60199928283691,80386000.0
2022-11-17,29.472000122070312,29.98200035095215,29.100000381469727,29.527999877929688,29.527999877929688,98382000.0
2022-11-18,29.732999801635746,29.799999237060547,28.700000762939453,28.79800033569336,28.79800033569336,84001000.0
2022-11-21,29.100000381469727,29.187000274658203,28.266000747680664,28.5049991607666,28.5049991607666,72565000.0
2022-11-22,28.499000549316406,28.697999954223633,27.733999252319336,28.66900062561035,28.66900062561035,62451000.0
2022-11-23,28.590999603271484,29.246999740600582,28.375999450683594,29.149999618530273,29.149999618530273,59190000.0
2022-11-25,28.899999618530273,28.92099952697754,28.41699981689453,28.554000854492188,28.554000854492188,32360000.0
2022-11-28,28.399999618530273,28.954999923706055,28.05299949645996,28.117000579833984,28.117000579833984,47034000.0
2022-11-29,28.25,28.29599952697754,27.5939998626709,28.09600067138672,28.09600067138672,57869000.0
2022-11-30,28.136999130249023,30.826000213623047,28.041000366210938,30.55299949645996,30.55299949645996,160701000.0
2022-12-01,30.39900016784668,31.979999542236328,30.30299949645996,31.69499969482422,31.69499969482422,146649000.0
2022-12-02,31.048999786376953,32.19900131225586,31.0,32.04100036621094,32.04100036621094,126906000.0
2022-12-05,31.645999908447266,32.277000427246094,31.09199905395508,31.25900077819824,31.25900077819824,84230000.0
2022-12-06,31.100000381469727,31.32200050354004,30.312999725341797,30.555999755859375,30.555999755859375,71954000.0
2022-12-07,30.649999618530273,30.961000442504883,30.209999084472656,30.84199905395508,30.84199905395508,78216000.0
2022-12-08,30.910999298095703,31.238000869750977,30.481000900268555,31.025999069213867,31.025999069213867,72053000.0
2022-12-09,32.14500045776367,32.900001525878906,31.95199966430664,32.000999450683594,32.000999450683594,143640000.0
2022-12-12,32.0,32.31800079345703,30.885000228881836,31.51799964904785,31.51799964904785,101486000.0
2022-12-13,32.79999923706055,33.27199935913086,31.719999313354492,32.034000396728516,32.034000396728516,107564000.0
2022-12-14,31.89699935913086,32.47100067138672,31.441999435424805,31.78300094604492,31.78300094604492,75433000.0
2022-12-15,30.211999893188477,30.339000701904297,28.655000686645508,29.041000366210938,29.041000366210938,177246000.0
2022-12-16,28.875999450683594,29.472000122070312,28.8700008392334,29.070999145507812,29.070999145507812,140800000.0
2022-12-19,28.972999572753903,29.225000381469727,28.613000869750977,28.829999923706055,28.829999923706055,61637000.0
2022-12-20,28.124000549316406,28.92799949645996,28.08099937438965,28.819000244140625,28.819000244140625,69181000.0
2022-12-21,28.999000549316406,30.06599998474121,28.649999618530273,29.79599952697754,29.79599952697754,63762000.0
2022-12-22,29.80900001525879,29.88800048828125,29.08099937438965,29.774999618530273,29.774999618530273,78562000.0
2022-12-23,29.618000030517575,29.84600067138672,29.19099998474121,29.496000289916992,29.496000289916992,42511000.0
2022-12-27,29.319000244140625,29.35700035095215,28.21299934387207,28.41699981689453,28.41699981689453,57781000.0
2022-12-28,28.191999435424805,28.518999099731445,27.340999603271484,27.687999725341797,27.687999725341797,59644000.0
2022-12-29,28.31800079345703,29.549999237060547,28.10099983215332,29.11199951171875,29.11199951171875,95885000.0
2022-12-30,28.55299949645996,29.500999450683594,28.32200050354004,29.488000869750977,29.488000869750977,75669000.0
2023-01-03,29.805999755859375,29.839000701904297,28.8700008392334,29.4950008392334,,67640000.0
2023-01-04,29.823999404907227,31.11400032043457,29.551000595092773,30.94099998474121,,93451000.0
2023-01-05,30.700000762939453,31.417999267578125,30.454999923706055,30.969999313354492,,83284000.0
2023-01-06,31.156999588012695,31.677000045776367,30.368999481201172,31.55500030517578,,89598000.0
2023-01-09,31.683000564575195,32.16999816894531,31.32200050354004,31.517000198364254,,67666000.0
2023-01-10,31.10700035095215,32.935001373291016,31.10700035095215,32.75400161743164,,130723000.0
2023-01-11,32.650001525878906,32.88800048828125,32.1349983215332,32.72600173950195,,95797000.0
2023-01-12,33.25,33.29499816894531,32.31399917602539,33.01300048828125,,108562000.0
2023-01-13,32.99700164794922,33.665000915527344,32.888999938964844,33.28200149536133,,82868000.0
2023-01-17,33.108001708984375,33.25,32.36000061035156,32.62200164794922,,92470000.0
2023-01-18,32.67499923706055,33.007999420166016,32.125,32.632999420166016,,78141000.0
2023-01-19,32.25699996948242,32.48899841308594,31.339000701904297,31.57799911499023,,180082000.0
2023-01-20,33.67900085449219,34.400001525878906,33.26300048828125,34.25,,284303000.0
2023-01-23,34.172000885009766,36.224998474121094,34.0629997253418,35.742000579833984,,156469000.0
2023-01-24,35.75299835205078,36.564998626708984,35.513999938964844,36.382999420166016,,117965000.0
2023-01-25,36.05699920654297,36.88999938964844,35.849998474121094,36.79600143432617,,77669000.0
2023-01-26,36.87699890136719,36.902000427246094,36.16999816894531,36.48699951171875,,82568000.0
2023-01-27,36.31999969482422,36.59199905395508,36.05899810791016,36.07699966430664,,67035000.0
2023-01-30,35.84400177001953,36.095001220703125,35.2859992980957,35.31100082397461,,51276000.0
2023-01-31,34.99800109863281,35.595001220703125,34.87099838256836,35.38600158691406,,56607000.0
2023-02-01,35.38600158691406,36.53900146484375,34.99100112915039,36.19900131225586,,80052000.0
2023-02-02,36.51599884033203,36.832000732421875,35.84299850463867,36.68899917602539,,78570000.0
2023-02-03,35.90800094604492,37.94300079345703,35.900001525878906,36.59000015258789,,94020000.0
2023-02-06,36.36399841308594,36.845001220703125,36.06800079345703,36.14799880981445,,49949000.0
2023-02-07,35.85100173950195,36.417999267578125,35.417999267578125,36.29499816894531,,62894000.0
2023-02-08,36.00199890136719,36.819000244140625,35.83100128173828,36.68299865722656,,62532000.0
2023-02-09,37.24100112915039,37.382999420166016,36.17399978637695,36.25,,69011000.0
2023-02-10,35.91600036621094,36.2140007019043,34.7140007019043,34.736000061035156,,72911000.0
2023-02-13,34.95000076293945,35.970001220703125,34.42499923706055,35.856998443603516,,71344000.0
2023-02-14,35.755001068115234,36.375,35.34000015258789,35.99599838256836,,46248000.0
2023-02-15,35.66299819946289,36.28799819946289,35.42399978637695,36.141998291015625,,39660000.0
2023-02-16,35.5,36.150001525878906,35.03099822998047,35.07099914550781,,52157000.0
2023-02-17,34.79100036621094,34.900001525878906,34.24399948120117,34.79600143432617,,52947000.0
2023-02-21,34.28499984741211,34.41299819946289,33.641998291015625,33.75,,57103000.0
2023-02-22,33.75,34.191001892089844,33.28200149536133,33.487998962402344,,45462000.0
2023-02-23,33.12300109863281,33.12799835205078,31.43000030517578,32.3650016784668,,132387000.0
2023-02-24,31.93000030517578,32.150001525878906,31.45199966430664,31.71500015258789,,68307000.0
2023-02-27,32.387001037597656,33.0,32.21200180053711,32.303001403808594,,61426000.0
2023-02-28,32.369998931884766,32.762001037597656,32.117000579833984,32.2130012512207,,36761000.0
2023-03-01,32.154998779296875,32.65999984741211,31.236000061035156,31.347999572753903,,49113000.0
2023-03-02,31.09600067138672,31.55699920654297,31.038000106811523,31.187999725341797,,49110000.0
2023-03-03,31.545000076293945,31.749000549316406,31.082000732421875,31.51799964904785,,59533000.0
2023-03-06,31.700000762939453,32.33000183105469,31.18400001525879,31.20299911499023,,56607000.0
2023-03-07,31.26799964904785,31.43000030517578,30.66200065612793,30.847000122070312,,45531000.0
2023-03-08,30.929000854492188,31.183000564575195,30.575000762939453,31.179000854492188,,34795000.0
2023-03-09,31.20800018310547,31.250999450683594,29.488000869750977,29.777999877929688,,74434000.0
2023-03-10,29.790000915527344,29.878999710083008,28.899999618530273,29.275999069213867,,57593000.0
2023-03-13,28.733999252319336,29.923999786376953,28.53300094604492,29.35099983215332,,62924000.0
2023-03-14,29.597000122070312,29.7450008392334,29.0310001373291,29.493999481201172,,59567000.0
2023-03-15,29.250999450683594,30.631000518798828,29.22800064086914,30.378999710083008,,92153000.0
2023-03-16,30.475000381469727,31.65999984741211,30.17099952697754,31.006000518798828,,79037000.0
2023-03-17,31.006000518798828,31.076000213623047,30.0,30.350000381469727,,69188000.0
2023-03-20,29.979000091552734,30.75,29.600000381469727,30.51300048828125,,51134000.0
2023-03-21,30.631999969482425,30.79199981689453,30.042999267578125,30.57900047302246,,48863000.0
2023-03-22,30.631000518798828,30.645000457763672,29.354000091552734,29.38999938964844,,58080000.0
2023-03-23,30.468000411987305,32.27799987792969,30.413999557495117,32.0369987487793,,156533000.0
2023-03-24,32.0629997253418,33.18299865722656,32.0629997253418,32.8390007019043,,129917000.0
2023-03-27,32.755001068115234,33.64400100708008,32.441001892089844,32.76599884033203,,86258000.0
2023-03-28,32.60599899291992,33.332000732421875,32.12799835205078,32.35200119018555,,64894000.0
2023-03-29,32.62900161743164,33.28499984741211,32.573001861572266,33.202999114990234,,62873000.0
2023-03-30,34.027000427246094,34.32899856567383,33.529998779296875,33.84299850463867,,71315000.0
2023-03-31,34.005001068115234,34.58399963378906,33.720001220703125,34.54800033569336,,56102000.0
2023-04-03,34.18299865722656,34.858001708984375,34.040000915527344,34.827999114990234,,44137000.0
2023-04-04,34.8489990234375,34.97999954223633,34.39500045776367,34.67499923706055,,32981000.0
2023-04-05,34.529998779296875,34.542999267578125,33.625,34.23500061035156,,42055000.0
2023-04-06,33.933998107910156,34.04800033569336,33.26300048828125,33.93299865722656,,46605000.0
2023-04-10,33.527000427246094,33.987998962402344,33.33599853515625,33.89899826049805,,26579000.0
2023-04-11,34.345001220703125,34.7140007019043,33.763999938964844,33.82099914550781,,40448000.0
2023-04-12,34.08100128173828,34.279998779296875,33.00400161743164,33.10300064086914,,39654000.0
2023-04-13,33.999000549316406,34.643001556396484,33.875,34.61899948120117,,74064000.0
2023-04-14,34.29399871826172,34.48500061035156,33.64099884033203,33.862998962402344,,53505000.0
2023-04-17,33.79999923706055,33.8390007019043,32.75,33.27199935913086,,61360000.0
2023-04-18,33.5,33.71900177001953,33.04999923706055,33.369998931884766,,179445000.0
2023-04-19,32.42100143432617,32.57500076293945,31.61000061035156,32.3120002746582,,221283000.0
2023-04-20,32.03900146484375,33.143001556396484,31.83300018310547,32.53499984741211,,99478000.0
2023-04-21,32.29999923706055,32.82899856567383,31.950000762939453,32.79800033569336,,63480000.0
2023-04-24,33.02000045776367,33.465999603271484,32.67499923706055,32.902000427246094,,55866000.0
2023-04-25,32.849998474121094,32.86600112915039,32.11000061035156,32.255001068115234,,54266000.0
2023-04-26,32.13600158691406,32.59000015258789,32.047000885009766,32.1150016784668,,46232000.0
2023-04-27,32.43000030517578,32.744998931884766,31.743999481201172,32.584999084472656,,56188000.0
2023-04-28,32.52399826049805,33.08100128173828,32.400001525878906,32.99300003051758,,42284000.0
2023-05-01,32.944000244140625,33.12300109863281,31.80900001525879,32.4119987487793,,53415000.0
2023-05-02,32.5,32.606998443603516,31.562000274658203,31.7549991607666,,43186000.0
2023-05-03,31.7549991607666,32.46200180053711,31.584999084472656,31.93000030517578,,50641000.0
2023-05-04,31.900999069213867,32.361000061035156,31.795000076293945,32.077999114990234,,38797000.0
2023-05-05,32.361000061035156,32.415000915527344,31.944000244140625,32.2760009765625,,39906000.0
2023-05-08,32.29899978637695,33.25600051879883,32.202999114990234,33.12099838256836,,54886000.0
2023-05-09,33.06700134277344,33.63199996948242,32.9739990234375,33.2140007019043,,55449000.0
2023-05-10,33.520999908447266,33.71099853515625,32.95100021362305,33.54199981689453,,42899000.0
2023-05-11,33.49800109863281,34.547000885009766,33.183998107910156,34.47600173950195,,80335000.0
2023-05-12,34.47600173950195,34.81700134277344,33.736000061035156,33.98899841308594,,60824000.0
2023-05-15,34.0620002746582,34.189998626708984,33.55400085449219,33.5890007019043,,36530000.0
2023-05-16,33.400001525878906,33.516998291015625,33.191001892089844,33.375,,33322000.0
2023-05-17,33.17599868774414,34.13800048828125,32.96200180053711,33.99599838256836,,39588000.0
2023-05-18,34.724998474121094,37.58700180053711,34.637001037597656,37.12900161743164,,209252000.0
2023-05-19,36.98600006103515,36.999000549316406,36.38100051879883,36.5359992980957,,78597000.0
2023-05-22,36.5359992980957,37.20100021362305,36.25,36.30099868774414,,54064000.0
2023-05-23,36.02399826049805,36.41699981689453,35.430999755859375,35.5989990234375,,68661000.0
2023-05-24,35.69300079345703,36.71500015258789,35.66299819946289,36.48500061035156,,79733000.0
2023-05-25,35.96099853515625,36.744998931884766,35.742000579833984,35.900001525878906,,62631000.0
2023-05-26,36.11000061035156,38.375999450683594,35.599998474121094,37.88800048828125,,93604000.0
2023-05-30,39.74800109863281,40.51100158691406,38.57899856567383,39.29800033569336,,108650000.0
2023-05-31,39.18899917602539,39.625999450683594,38.89099884033203,39.52299880981445,,69880000.0
2023-06-01,39.74100112915039,40.75199890136719,39.30799865722656,40.3129997253418,,71601000.0
2023-06-02,40.28900146484375,40.65800094604492,39.59000015258789,40.047000885009766,,59024000.0
2023-06-05,40.047000885009766,41.38600158691406,40.01499938964844,40.354000091552734,,72474000.0
2023-06-06,40.5,40.512001037597656,39.69300079345703,39.92900085449219,,49915000.0
2023-06-07,41.042999267578125,41.89500045776367,39.92300033569336,39.97700119018555,,119324000.0
2023-06-08,39.97700119018555,40.95399856567383,39.63399887084961,40.9370002746582,,59911000.0
2023-06-09,42.45000076293945,42.59000015258789,41.47600173950195,42.00199890136719,,123630000.0
2023-06-12,41.882999420166016,42.470001220703125,41.65700149536133,42.39699935913086,,59595000.0
2023-06-13,43.000999450683594,43.72700119018555,42.84000015258789,43.573001861572266,,78205000.0
2023-06-14,43.499000549316406,44.733001708984375,43.349998474121094,44.08599853515625,,84131000.0
2023-06-15,44.40999984741211,44.8650016784668,43.95000076293945,44.527000427246094,,70999000.0
2023-06-16,44.6150016784668,44.750999450683594,43.09000015258789,43.19599914550781,,87537000.0
2023-06-20,43.01800155639648,44.0,43.0,43.470001220703125,,47560000.0
2023-06-21,43.26499938964844,43.45500183105469,42.25400161743164,42.44499969482422,,51464000.0
2023-06-22,42.292999267578125,42.47100067138672,41.86800003051758,42.24800109863281,,48695000.0
2023-06-23,41.85900115966797,42.582000732421875,41.77299880981445,42.402000427246094,,82986000.0
2023-06-26,42.24399948120117,43.09600067138672,41.4900016784668,41.59400177001953,,46400000.0
2023-06-27,41.73899841308594,42.0880012512207,41.150001525878906,41.70800018310547,,48181000.0
2023-06-28,42.310001373291016,43.729000091552734,42.28900146484375,42.98400115966797,,88113000.0
2023-06-29,43.43299865722656,43.78499984741211,42.6150016784668,42.82400131225586,,49323000.0
2023-06-30,43.11000061035156,44.4119987487793,43.11000061035156,44.04899978637695,,73464000.0
2023-07-03,43.97600173950195,44.154998779296875,43.1619987487793,44.14400100708008,,37332000.0
2023-07-05,44.49100112915039,45.09700012207031,43.96200180053711,44.59000015258789,,68695000.0
2023-07-06,44.0,44.279998779296875,43.071998596191406,43.88399887084961,,49388000.0
2023-07-07,43.86000061035156,44.233001708984375,43.58399963378906,43.810001373291016,,41651000.0
2023-07-10,43.85200119018555,44.44100189208984,43.68199920654297,44.17100143432617,,42517000.0
2023-07-11,43.8650016784668,44.08000183105469,43.104000091552734,44.020999908447266,,45692000.0
2023-07-12,44.45500183105469,44.54100036621094,43.775001525878906,44.404998779296875,,57317000.0
2023-07-13,44.70000076293945,45.16699981689453,44.11800003051758,45.03799819946289,,61575000.0
2023-07-14,45.27899932861328,45.64799880981445,43.970001220703125,44.19100189208984,,71959000.0
2023-07-17,44.55699920654297,45.667999267578125,44.51100158691406,45.005001068115234,,68917000.0
2023-07-18,45.099998474121094,47.814998626708984,44.87799835205078,47.47999954223633,,130418000.0
2023-07-19,47.68600082397461,48.5,47.0,47.75899887084961,,209965000.0
2023-07-20,44.70000076293945,44.849998474121094,43.20000076293945,43.742000579833984,,239897000.0
2023-07-21,43.73699951171875,43.82400131225586,42.319000244140625,42.75,,173400000.0
2023-07-24,42.5,42.86399841308594,41.91899871826172,42.83700180053711,,82644000.0
2023-07-25,42.71799850463867,43.0880012512207,42.612998962402344,42.77000045776367,,48598000.0
2023-07-26,42.41999816894531,42.5260009765625,41.55899810791016,42.266998291015625,,60092000.0
2023-07-27,42.689998626708984,42.75199890136719,41.1879997253418,41.31700134277344,,65945000.0
2023-07-28,41.555999755859375,42.74700164794922,41.375999450683594,42.577999114990234,,64242000.0
2023-07-31,42.6510009765625,43.91299819946289,42.630001068115234,43.89699935913086,,65876000.0
2023-08-01,43.73699951171875,44.525001525878906,43.13999938964844,43.86199951171875,,57115000.0
2023-08-02,43.52299880981445,43.555999755859375,42.65599822998047,42.970001220703125,,49122000.0
2023-08-03,42.779998779296875,44.19300079345703,42.71900177001953,43.099998474121094,,62439000.0
2023-08-04,43.305999755859375,43.650001525878906,42.62699890136719,43.15999984741211,,54418000.0
2023-08-07,43.645999908447266,44.11100006103515,42.89099884033203,44.07600021362305,,47813000.0
2023-08-08,44.0359992980957,44.35699844360352,43.5099983215332,43.83000183105469,,37672000.0
2023-08-09,43.9739990234375,44.0620002746582,42.75899887084961,42.88999938964844,,38466000.0
2023-08-10,43.11199951171875,43.8120002746582,42.86899948120117,42.99800109863281,,54676000.0
2023-08-11,42.89799880981445,43.0629997253418,42.132999420166016,42.16600036621094,,39279000.0
2023-08-14,42.19900131225586,42.8849983215332,41.87799835205078,42.77799987792969,,39660000.0
2023-08-15,42.44100189208984,42.9119987487793,42.104000091552734,42.369998931884766,,33680000.0
2023-08-16,42.37300109863281,42.45100021362305,41.525001525878906,41.54499816894531,,39670000.0
2023-08-17,41.5,41.52399826049805,40.15800094604492,40.29999923706055,,60315000.0
2023-08-18,39.93299865722656,40.652000427246094,39.814998626708984,40.452999114990234,,43122000.0
2023-08-21,40.222999572753906,40.96099853515625,39.95000076293945,40.82899856567383,,38616000.0
2023-08-22,40.900001525878906,41.57400131225586,40.7400016784668,41.31700134277344,,35997000.0
2023-08-23,41.84000015258789,43.70199966430664,41.770999908447266,42.755001068115234,,81747000.0
2023-08-24,42.54100036621094,42.75899887084961,40.617000579833984,40.69300079345703,,56878000.0
2023-08-25,41.20000076293945,41.92499923706055,40.75600051879883,41.60300064086914,,53909000.0
2023-08-28,41.80400085449219,41.983001708984375,41.32699966430664,41.805999755859375,,29286000.0
2023-08-29,41.599998474121094,43.21699905395508,41.45000076293945,42.999000549316406,,44867000.0
2023-08-30,43.084999084472656,43.81600189208984,42.834999084472656,43.46699905395508,,36254000.0
2023-08-31,43.12300109863281,43.71500015258789,43.12300109863281,43.36800003051758,,38030000.0
2023-09-01,43.77299880981445,44.54999923706055,43.59299850463867,43.987998962402344,,47934000.0
2023-09-05,43.8390007019043,45.345001220703125,43.79999923706055,44.86800003051758,,61559000.0
2023-09-06,44.86100006103515,45.13899993896485,44.04899978637695,44.57600021362305,,38623000.0
2023-09-07,44.1150016784668,44.459999084472656,43.66999816894531,44.31399917602539,,29227000.0
2023-09-08,44.35599899291992,44.680999755859375,43.8849983215332,44.279998779296875,,26975000.0
2023-09-11,44.30699920654297,44.98899841308594,44.275001525878906,44.5359992980957,,29138000.0
2023-09-12,44.28499984741211,44.54399871826172,43.4119987487793,43.46900177001953,,31240000.0
2023-09-13,43.54999923706055,43.84000015258789,41.069000244140625,41.2239990234375,,118430000.0
2023-09-14,41.040000915527344,41.13899993896485,40.0,40.04899978637695,,107090000.0
2023-09-15,40.099998474121094,40.470001220703125,39.50299835205078,39.694000244140625,,91167000.0
2023-09-18,39.54999923706055,39.946998596191406,39.2599983215332,39.439998626708984,,47047000.0
2023-09-19,39.28400039672851,39.823001861572266,39.025001525878906,39.619998931884766,,40768000.0
2023-09-20,39.70500183105469,39.79899978637695,38.61199951171875,38.630001068115234,,38666000.0
2023-09-21,38.650001525878906,39.59000015258789,38.34199905395508,38.415000915527344,,55479000.0
2023-09-22,38.5,38.6879997253418,37.83599853515625,37.98099899291992,,36928000.0
2023-09-25,38.290000915527344,38.6619987487793,38.08100128173828,38.47999954223633,,37573000.0
2023-09-26,38.28799819946289,38.45600128173828,37.73600006103515,37.92499923706055,,40894000.0
2023-09-27,38.2400016784668,38.422000885009766,37.625,37.75899887084961,,38435000.0
2023-09-28,37.560001373291016,37.895999908447266,37.11000061035156,37.63600158691406,,43699000.0
2023-09-29,38.0,38.257999420166016,37.53499984741211,37.7599983215332,,42053000.0
2023-10-02,37.74800109863281,38.48099899291992,37.68000030517578,38.03300094604492,,31021000.0
2023-10-03,37.71099853515625,39.4900016784668,37.28499984741211,37.67499923706055,,88781000.0
2023-10-04,37.650001525878906,38.02199935913086,37.358001708984375,37.689998626708984,,43037000.0
2023-10-05,37.80099868774414,37.86000061035156,36.7239990234375,37.25899887084961,,50348000.0
2023-10-06,36.84299850463867,38.25199890136719,36.777000427246094,38.1510009765625,,47781000.0
2023-10-09,37.80500030517578,38.71699905395508,37.7760009765625,38.595001220703125,,32998000.0
2023-10-10,38.55799865722656,38.869998931884766,37.224998474121094,37.332000732421875,,72889000.0
2023-10-11,37.27799987792969,37.78099822998047,36.53400039672851,36.59299850463867,,91514000.0
2023-10-12,36.64799880981445,36.882999420166016,35.904998779296875,36.119998931884766,,73761000.0
2023-10-13,35.56399917602539,35.893001556396484,35.20500183105469,35.56800079345703,,63126000.0
2023-10-16,35.62099838256836,36.30799865722656,35.47700119018555,36.082000732421875,,51289000.0
2023-10-17,36.11000061035156,36.27000045776367,35.388999938964844,35.571998596191406,,59084000.0
2023-10-18,35.099998474121094,35.479000091552734,34.472999572753906,34.61899948120117,,114296000.0
2023-10-19,40.4739990234375,40.89500045776367,39.22600173950195,40.176998138427734,,280744000.0
2023-10-20,40.5629997253418,41.06399917602539,39.80099868774414,40.09600067138672,,127829000.0
2023-10-23,40.332000732421875,40.75400161743164,39.85200119018555,40.68399810791016,,73900000.0
2023-10-24,40.96799850463867,41.66899871826172,40.8390007019043,41.37300109863281,,64592000.0
2023-10-25,41.60200119018555,41.88399887084961,41.01100158691406,41.125,,62996000.0
2023-10-26,41.141998291015625,41.73099899291992,40.15399932861328,40.354000091552734,,68497000.0
2023-10-27,40.641998291015625,41.020999908447266,39.5620002746582,39.7869987487793,,49976000.0
2023-10-30,40.23500061035156,41.28200149536133,39.94100189208984,41.007999420166016,,53171000.0
2023-10-31,40.92399978637695,41.25199890136719,40.4630012512207,41.16899871826172,,38776000.0
2023-11-01,41.47700119018555,42.060001373291016,41.417999267578125,42.01900100708008,,48061000.0
2023-11-02,42.117000579833984,42.66899871826172,41.709999084472656,42.47100067138672,,44760000.0
2023-11-03,42.875999450683594,43.48199844360352,42.553001403808594,43.23600006103515,,36671000.0
2023-11-06,43.4379997253418,43.50299835205078,42.96099853515625,43.4739990234375,,30032000.0
2023-11-07,43.61800003051758,43.76399993896485,43.099998474121094,43.46099853515625,,32911000.0
2023-11-08,43.5,43.80699920654297,43.36800003051758,43.665000915527344,,23568000.0
2023-11-09,43.803001403808594,44.03799819946289,43.435001373291016,43.51499938964844,,27355000.0
2023-11-10,43.74800109863281,44.74800109863281,43.55099868774414,44.7239990234375,,44406000.0
2023-11-13,44.724998474121094,44.84299850463867,44.2599983215332,44.46200180053711,,28961000.0
2023-11-14,44.87799835205078,45.40800094604492,44.56399917602539,44.8650016784668,,40609000.0
2023-11-15,45.28099822998047,46.275001525878906,45.244998931884766,46.194000244140625,,50353000.0
2023-11-16,46.29999923706055,46.72800064086914,45.96500015258789,46.69499969482422,,36560000.0
2023-11-17,46.69499969482422,46.76499938964844,46.2760009765625,46.59099960327149,,27985000.0
2023-11-20,46.540000915527344,47.67599868774414,46.540000915527344,47.446998596191406,,36176000.0
2023-11-21,47.26300048828125,47.70199966430664,47.12099838256836,47.494998931884766,,29977000.0
2023-11-22,47.68000030517578,48.27000045776367,47.65599822998047,47.79999923706055,,28416000.0
2023-11-24,47.71099853515625,48.040000915527344,47.52000045776367,47.95600128173828,,14047000.0
2023-11-27,47.90299987792969,48.20000076293945,47.53499984741211,47.91699981689453,,36259000.0
2023-11-28,47.81100082397461,48.04999923706055,47.595001220703125,47.900001525878906,,28902000.0
2023-11-29,47.900001525878906,48.0989990234375,47.44900131225586,47.71900177001953,,28555000.0
2023-11-30,47.53099822998047,47.85900115966797,47.04199981689453,47.39699935913086,,42873000.0
2023-12-01,47.31700134277344,47.52299880981445,46.459999084472656,46.57400131225586,,43415000.0
2023-12-04,46.0989990234375,46.119998931884766,45.119998931884766,45.38999938964844,,51577000.0
2023-12-05,45.06999969482422,45.63899993896485,44.95800018310547,45.51499938964844,,33807000.0
2023-12-06,46.0,46.04999923706055,44.573001861572266,44.67300033569336,,41788000.0
2023-12-07,45.084999084472656,45.28900146484375,44.832000732421875,45.20000076293945,,35067000.0
2023-12-08,45.07600021362305,45.54999923706055,45.07600021362305,45.375999450683594,,34584000.0
2023-12-11,45.93600082397461,47.064998626708984,45.72100067138672,45.98899841308594,,49297000.0
2023-12-12,46.52299880981445,46.56100082397461,45.91999816894531,46.29999923706055,,33027000.0
2023-12-13,46.198001861572266,48.125,46.198001861572266,47.99800109863281,,58202000.0
2023-12-14,48.0359992980957,48.07600021362305,46.47600173950195,46.983001708984375,,51764000.0
2023-12-15,46.72999954223633,47.29999923706055,46.72999954223633,47.20600128173828,,78410000.0
2023-12-18,47.630001068115234,49.20399856567383,47.5099983215332,48.61199951171875,,64107000.0
2023-12-19,48.84000015258789,49.61399841308594,48.40599822998047,49.50199890136719,,38490000.0
2023-12-20,49.20000076293945,50.0890007019043,48.8390007019043,48.926998138427734,,45637000.0
2023-12-21,49.26599884033203,49.439998626708984,48.676998138427734,49.1609992980957,,27562000.0
2023-12-22,49.400001525878906,49.60200119018555,48.54499816894531,48.67599868774414,,27027000.0
2023-12-26,48.93899917602539,49.14799880981445,48.63800048828125,49.11899948120117,,20345000.0
2023-12-27,49.124000549316406,49.402000427246094,48.92499923706055,49.17900085449219,,25613000.0
2023-12-28,49.20000076293945,49.28900146484375,48.90700149536133,49.05099868774414,,17105000.0
2023-12-29,49.0369987487793,49.222999572753906,48.194000244140625,48.6879997253418,,27406000.0
2024-01-02,48.319000244140625,48.46500015258789,46.18600082397461,46.849998474121094,,50494000.0
2024-01-03,46.73199844360352,47.505001068115234,46.57699966430664,47.0260009765625,,34437000.0
2024-01-04,47.29800033569336,48.07400131225586,46.65299987792969,47.46699905395508,,36365000.0
2024-01-05,47.650001525878906,47.95500183105469,47.18000030517578,47.40599822998047,,26313000.0
2024-01-08,47.38899993896485,48.52399826049805,47.3650016784668,48.50299835205078,,36758000.0
2024-01-09,47.553001403808594,48.50899887084961,47.380001068115234,48.20899963378906,,35268000.0
2024-01-10,48.15999984741211,48.70000076293945,47.29499816894531,47.83300018310547,,43424000.0
2024-01-11,49.25400161743164,50.34099960327149,48.38199996948242,49.222999572753906,,79933000.0
2024-01-12,50.05099868774414,50.07899856567383,49.06100082397461,49.21599960327149,,50037000.0
2024-01-16,49.0,49.415000915527344,47.801998138427734,48.124000549316406,,46790000.0
2024-01-17,48.45000076293945,48.62099838256836,47.5260009765625,48.03300094604492,,48946000.0
2024-01-18,48.00299835205078,48.57699966430664,47.801998138427734,48.53099822998047,,40544000.0
2024-01-19,48.49800109863281,48.56700134277344,47.60599899291992,48.29499816894531,,56724000.0
2024-01-22,48.755001068115234,48.97999954223633,47.9900016784668,48.57099914550781,,52123000.0
2024-01-23,49.20000076293945,49.895999908447266,48.13999938964844,49.21900177001953,,155060000.0
2024-01-24,53.775001525878906,56.25,53.707000732421875,54.48699951171875,,264328000.0
2024-01-25,55.19499969482422,56.34600067138672,54.84600067138672,56.20000076293945,,94519000.0
2024-01-26,56.180999755859375,57.9640007019043,55.84299850463867,57.04199981689453,,127706000.0
2024-01-29,57.1349983215332,57.85499954223633,56.26800155639648,57.57899856567383,,69054000.0
2024-01-30,56.73199844360352,57.0880012512207,56.082000732421875,56.28499984741211,,61818000.0
2024-01-31,56.28499984741211,57.21500015258789,56.20399856567383,56.4109992980957,,48576000.0
2024-02-01,56.70199966430664,57.26599884033203,56.382999420166016,56.750999450683594,,31740000.0
2024-02-02,56.45199966430664,56.779998779296875,56.23699951171875,56.4640007019043,,40328000.0
2024-02-05,56.24700164794922,57.57500076293945,55.720001220703125,56.20600128173828,,41431000.0
2024-02-06,56.4119987487793,56.63399887084961,55.4370002746582,55.5880012512207,,28403000.0
2024-02-07,55.81600189208984,56.779998779296875,55.49800109863281,55.93000030517578,,43736000.0
2024-02-08,56.05500030517578,56.369998931884766,55.57400131225586,55.85300064086914,,31755000.0
2024-02-09,56.5,56.599998474121094,55.810001373291016,56.13199996948242,,30557000.0
2024-02-12,56.0359992980957,56.84400177001953,55.70000076293945,55.78499984741211,,36085000.0
2024-02-13,55.08000183105469,55.91999816894531,54.900001525878906,55.45199966430664,,35115000.0
2024-02-14,56.72600173950195,58.125,56.43399810791016,57.93299865722656,,56342000.0
2024-02-15,58.19100189208984,59.37699890136719,58.03200149536133,59.34600067138672,,52209000.0
2024-02-16,59.69499969482422,59.70000076293945,57.74599838256836,58.39500045776367,,43257000.0
2024-02-20,58.01800155639648,58.599998474121094,56.96599960327149,57.51300048828125,,31242000.0
2024-02-21,57.35100173950195,57.577999114990234,56.73199844360352,57.334999084472656,,22706000.0
2024-02-22,58.275001525878906,59.084999084472656,57.88899993896485,58.84700012207031,,35266000.0
2024-02-23,58.63999938964844,59.24300003051758,57.98199844360352,58.35599899291992,,25689000.0
2024-02-26,58.35599899291992,59.07500076293945,58.32699966430664,58.76499938964844,,23937000.0
2024-02-27,59.5,60.5359992980957,59.233001708984375,60.16699981689453,,44894000.0
2024-02-28,59.57899856567383,59.81700134277344,59.000999450683594,59.64799880981445,,26052000.0
2024-02-29,60.42499923706055,60.45199966430664,59.51599884033203,60.29199981689453,,35721000.0
2024-03-01,59.98099899291992,62.02799987792969,59.95000076293945,61.93399810791016,,42703000.0
2024-03-04,62.15599822998047,62.44200134277344,61.507999420166016,61.58300018310547,,30203000.0
2024-03-05,61.0099983215332,61.09099960327149,59.20000076293945,59.849998474121094,,38496000.0
2024-03-06,60.29899978637695,60.792999267578125,59.35599899291992,59.76900100708008,,24696000.0
2024-03-07,59.93399810791016,61.053001403808594,59.59000015258789,60.85100173950195,,27428000.0
2024-03-08,60.82699966430664,61.60900115966797,60.08399963378906,60.48199844360352,,27772000.0
2024-03-11,60.80799865722656,61.099998474121094,60.0369987487793,60.09299850463867,,25009000.0
2024-03-12,60.020999908447266,61.529998779296875,59.62699890136719,61.108001708984375,,28216000.0
2024-03-13,61.33700180053711,61.48500061035156,60.72100067138672,60.94499969482422,,21921000.0
2024-03-14,61.5,62.08000183105469,60.73500061035156,61.30099868774414,,31205000.0
2024-03-15,62.29199981689453,62.29199981689453,60.38199996948242,60.5880012512207,,66716000.0
2024-03-18,61.35599899291992,62.74100112915039,61.04499816894531,61.8390007019043,,33442000.0
2024-03-19,61.5620002746582,62.12799835205078,60.79999923706055,62.07400131225586,,21426000.0
2024-03-20,61.994998931884766,62.95100021362305,61.83399963378906,62.76900100708008,,26395000.0
2024-03-21,63.064998626708984,63.43600082397461,62.233001708984375,62.270999908447266,,25077000.0
2024-03-22,62.41600036621094,62.904998779296875,62.099998474121094,62.80099868774414,,21357000.0
2024-03-25,62.790000915527344,63.04600143432617,62.31600189208984,62.74599838256836,,18033000.0
2024-03-26,62.52000045776367,63.43899917602539,61.917999267578125,62.92399978637695,,28045000.0
2024-03-27,62.9010009765625,63.1349983215332,61.073001861572266,61.35300064086914,,26283000.0
2024-03-28,61.499000549316406,61.5,60.15900039672851,60.733001708984375,,37088000.0
2024-04-01,60.79999923706055,61.51100158691406,60.55699920654297,61.430999755859375,,21159000.0
2024-04-02,61.099998474121094,61.50299835205078,60.55099868774414,61.42100143432617,,20292000.0
2024-04-03,61.275001525878906,63.04100036621094,61.150001525878906,63.007999420166016,,29312000.0
2024-04-04,63.32099914550781,63.79999923706055,61.65800094604492,61.7140007019043,,30643000.0
2024-04-05,62.492000579833984,63.79100036621094,62.270999908447266,63.61800003051758,,33788000.0
2024-04-08,63.63899993896485,63.900001525878906,62.81100082397461,62.84099960327149,,21457000.0
2024-04-09,63.19900131225586,63.19900131225586,61.5629997253418,61.81999969482422,,21436000.0
2024-04-10,61.09700012207031,62.01399993896485,60.93399810791016,61.858001708984375,,28062000.0
2024-04-11,62.44200134277344,63.16600036621094,61.7239990234375,62.87799835205078,,26627000.0
2024-04-12,62.823001861572266,63.3120002746582,61.891998291015625,62.28300094604492,,29593000.0
2024-04-15,63.016998291015625,63.016998291015625,60.387001037597656,60.71500015258789,,30854000.0
2024-04-16,60.75,62.244998931884766,60.75,61.75199890136719,,35191000.0
2024-04-17,62.09700012207031,62.09700012207031,60.770999908447266,61.36899948120117,,33122000.0
2024-04-18,61.209999084472656,62.132999420166016,60.542999267578125,61.055999755859375,,84684000.0
2024-04-19,56.78799819946289,57.900001525878906,55.21599960327149,55.50400161743164,,164497000.0
2024-04-22,55.06600189208984,55.86100006103515,54.20100021362305,55.459999084472656,,85977000.0
2024-04-23,55.64899826049805,57.92100143432617,55.52799987792969,57.775001525878906,,49755000.0
2024-04-24,57.430999755859375,57.69100189208984,55.130001068115234,55.512001037597656,,53553000.0
2024-04-25,54.94599914550781,56.65399932861328,54.57099914550781,56.47999954223633,,38071000.0
2024-04-26,55.82099914550781,56.29199981689453,55.319000244140625,56.12300109863281,,43326000.0
2024-04-29,55.917999267578125,55.9640007019043,55.42399978637695,55.94900131225586,,25089000.0
2024-04-30,56.0,56.0,54.9379997253418,55.06399917602539,,33615000.0
2024-05-01,54.78400039672851,56.03900146484375,54.42499923706055,55.17100143432617,,34732000.0
2024-05-02,55.60200119018555,56.54600143432617,55.55899810791016,56.51499938964844,,30682000.0
2024-05-03,56.599998474121094,58.0260009765625,56.51599884033203,57.93399810791016,,33075000.0
2024-05-06,58.18199920654297,59.73400115966797,58.025001525878906,59.696998596191406,,36863000.0
2024-05-07,59.62799835205078,60.60499954223633,59.13199996948242,60.599998474121094,,36141000.0
2024-05-08,60.16299819946289,61.821998596191406,60.16299819946289,60.946998596191406,,30939000.0
2024-05-09,61.439998626708984,61.571998596191406,60.57500076293945,61.20899963378906,,20654000.0
2024-05-10,61.900001525878906,62.39799880981445,60.50600051879883,61.08700180053711,,26536000.0
2024-05-13,61.43000030517578,61.821998596191406,60.68299865722656,61.65900039672851,,20862000.0
2024-05-14,61.516998291015625,62.14799880981445,60.84000015258789,61.36600112915039,,27924000.0
2024-05-15,61.85699844360352,62.40999984741211,60.90999984741211,61.35200119018555,,56706000.0
2024-05-16,61.57500076293945,61.83399963378906,60.90900039672851,61.051998138427734,,30564000.0
2024-05-17,61.70000076293945,62.57899856567383,61.47100067138672,62.11000061035156,,37827000.0
2024-05-20,62.040000915527344,64.43699645996094,61.95199966430664,64.08200073242188,,38579000.0
2024-05-21,63.67599868774414,65.08799743652344,63.422000885009766,65.06099700927734,,29202000.0
2024-05-22,64.71399688720703,64.92500305175781,63.8120002746582,64.0469970703125,,21762000.0
2024-05-23,64.23400115966797,64.27100372314453,63.0,63.56700134277344,,23139000.0
2024-05-24,63.939998626708984,65.19999694824219,63.7599983215332,64.67500305175781,,26153000.0
2024-05-28,64.70500183105469,64.9749984741211,64.3030014038086,64.9000015258789,,26095000.0
2024-05-29,64.41300201416016,66.42500305175781,64.38899993896484,65.46199798583984,,36959000.0
2024-05-30,65.35199737548828,65.64900207519531,64.4729995727539,64.76599884033203,,23889000.0
2024-05-31,64.4010009765625,64.85800170898438,62.83000183105469,64.16200256347656,,40710000.0
2024-06-03,64.52200317382812,64.6780014038086,62.72700119018555,63.37900161743164,,23235000.0
2024-06-04,63.37799835205078,63.52299880981445,62.64400100708008,63.1619987487793,,30082000.0
2024-06-05,63.402000427246094,65.125,62.82500076293945,65.0270004272461,,26826000.0
2024-06-06,64.48899841308594,65.79900360107422,64.42400360107422,64.85199737548828,,24667000.0
2024-06-07,64.93800354003906,65.04000091552734,64.02400207519531,64.14700317382812,,18766000.0
2024-06-10,64.10099792480469,64.47899627685547,63.55899810791016,64.44999694824219,,20644000.0
2024-06-11,64.0719985961914,65.01899719238281,64.052001953125,64.8550033569336,,21674000.0
2024-06-12,65.22100067138672,65.5780029296875,64.31099700927734,65.00599670410156,,20944000.0
2024-06-13,64.4000015258789,65.5250015258789,64.23500061035156,65.32599639892578,,18636000.0
2024-06-14,65.50499725341797,67.55799865722656,65.26399993896484,66.93800354003906,,44471000.0
2024-06-17,66.91100311279297,68.27100372314453,66.51100158691406,67.58300018310547,,36312000.0
2024-06-18,67.56300354003906,68.70600128173828,67.46399688720703,68.56700134277344,,29438000.0
2024-06-20,68.18000030517578,68.98799896240234,67.37200164794922,67.90299987792969,,25851000.0
2024-06-21,68.32599639892578,68.69000244140625,67.80999755859375,68.61199951171875,,45064000.0
2024-06-24,68.5,68.55000305175781,66.44999694824219,66.9020004272461,,39163000.0
2024-06-25,67.34400177001953,67.36699676513672,66.2300033569336,67.24099731445312,,22706000.0
2024-06-26,67.24099731445312,68.2959976196289,67.00199890136719,67.76899719238281,,35458000.0
2024-06-27,67.93499755859375,68.85700225830078,67.81400299072266,68.43399810791016,,24048000.0
2024-06-28,67.9000015258789,68.69999694824219,67.30799865722656,67.48799896240234,,34124000.0
2024-07-01,67.48899841308594,67.50199890136719,66.37799835205078,67.36100006103516,,22128000.0
2024-07-02,67.35399627685547,68.17400360107422,67.00700378417969,67.95800018310547,,24114000.0
2024-07-03,67.74800109863281,68.375,67.55000305175781,68.2509994506836,,14035000.0
2024-07-05,68.2509994506836,69.7490005493164,67.7229995727539,69.06500244140625,,26591000.0
2024-07-08,68.69999694824219,68.88600158691406,68.14900207519531,68.5739974975586,,19308000.0
2024-07-09,69.0,69.5270004272461,68.47200012207031,68.5739974975586,,25961000.0
2024-07-10,68.50199890136719,68.72200012207031,67.31600189208984,67.76499938964844,,26519000.0
2024-07-11,67.2490005493164,67.2490005493164,64.74400329589844,65.2750015258789,,51066000.0
2024-07-12,65.2750015258789,65.59200286865234,64.37100219726562,64.76000213623047,,33552000.0
2024-07-15,64.75,66.75399780273438,64.66300201416016,65.6449966430664,,32088000.0
2024-07-16,66.18000030517578,66.36799621582031,64.91300201416016,65.63200378417969,,26857000.0
2024-07-17,65.0,65.04499816894531,63.946998596191406,64.74600219726562,,40173000.0
2024-07-18,65.66000366210938,65.7040023803711,63.91699981689453,64.30400085449219,,75758000.0
2024-07-19,66.06400299072266,67.89700317382812,62.9119987487793,63.33399963378906,,98156000.0
2024-07-22,63.95000076293945,65.62899780273438,63.2599983215332,64.75,,52191000.0
2024-07-23,64.75,64.99099731445312,64.0999984741211,64.2760009765625,,24636000.0
2024-07-24,63.57400131225586,65.24199676513672,63.266998291015625,63.5989990234375,,48882000.0
2024-07-25,64.0999984741211,64.99800109863281,62.16999816894531,63.40900039672851,,45545000.0
2024-07-26,64.5,64.6989974975586,62.97700119018555,63.137001037597656,,31207000.0
2024-07-29,63.46099853515625,63.46099853515625,62.39300155639648,62.69599914550781,,24005000.0
2024-07-30,63.016998291015625,63.46900177001953,61.70000076293945,62.257999420166016,,34966000.0
2024-07-31,62.65700149536133,63.36000061035156,62.257999420166016,62.834999084472656,,31349000.0
2024-08-01,62.92499923706055,64.6709976196289,61.76100158691406,62.48500061035156,,37206000.0
2024-08-02,62.097999572753906,62.527000427246094,60.834999084472656,61.36399841308594,,35230000.0
2024-08-05,58.70399856567383,60.45600128173828,58.70399856567383,59.85499954223633,,40442000.0
2024-08-06,60.0620002746582,62.244998931884766,60.0620002746582,60.957000732421875,,43191000.0
2024-08-07,61.60699844360352,63.20000076293945,61.06399917602539,61.14799880981445,,31878000.0
2024-08-08,62.19900131225586,63.229000091552734,61.60200119018555,63.03499984741211,,32835000.0
2024-08-09,62.29899978637695,63.6619987487793,62.29899978637695,63.39400100708008,,19808000.0
2024-08-12,63.099998474121094,63.900001525878906,62.707000732421875,63.31399917602539,,23317000.0
2024-08-13,63.85599899291992,65.09700012207031,63.54999923706055,64.802001953125,,26396000.0
2024-08-14,64.87000274658203,66.35700225830078,64.87000274658203,66.16799926757812,,40143000.0
2024-08-15,66.8489990234375,67.31900024414062,65.9800033569336,66.3219985961914,,32102000.0
2024-08-16,66.94300079345703,68.02300262451172,66.53600311279297,67.40699768066406,,35110000.0
2024-08-19,67.40699768066406,68.88400268554688,67.29100036621094,68.85299682617188,,30162000.0
2024-08-20,68.88600158691406,71.13300323486328,68.82499694824219,69.85399627685547,,48131000.0
2024-08-21,69.69999694824219,70.0999984741211,69.13800048828125,69.71199798583984,,22353000.0
2024-08-22,69.0999984741211,70.1500015258789,68.6240005493164,68.89600372314453,,27294000.0
2024-08-23,69.41300201416016,69.60700225830078,67.86299896240234,68.6729965209961,,23545000.0
2024-08-26,68.72599792480469,69.05899810791016,68.16400146484375,68.84400177001953,,13542000.0
2024-08-27,68.85299682617188,70.78900146484375,68.69200134277344,69.5719985961914,,31649000.0
2024-08-28,69.58300018310547,69.66699981689453,67.70999908447266,68.38400268554688,,24306000.0
2024-08-29,69.0,69.9800033569336,68.60700225830078,69.24800109863281,,21870000.0
2024-08-30,70.03600311279297,70.18599700927734,68.81600189208984,70.13500213623047,,32667000.0
2024-09-03,70.01000213623047,70.38600158691406,67.10099792480469,67.53199768066406,,31610000.0
2024-09-04,67.33100128173828,68.46499633789062,67.30599975585938,67.96800231933594,,17853000.0
2024-09-05,67.31400299072266,68.73100280761719,67.18599700927734,68.36199951171875,,18101000.0
2024-09-06,68.18599700927734,68.31500244140625,66.23400115966797,66.5770034790039,,29913000.0
2024-09-09,67.4000015258789,68.3499984741211,67.21399688720703,67.54199981689453,,26831000.0
2024-09-10,67.68699645996094,68.05899810791016,66.58100128173828,67.36199951171875,,20792000.0
2024-09-11,67.74600219726562,68.2969970703125,66.08000183105469,68.14700317382812,,23919000.0
2024-09-12,68.49199676513672,69.48799896240234,68.22000122070312,68.68000030517578,,25821000.0
2024-09-13,68.0009994506836,69.96399688720703,68.0,69.70600128173828,,22765000.0
2024-09-16,70.0,70.302001953125,68.86299896240234,69.6500015258789,,18437000.0
2024-09-17,70.08200073242188,70.76300048828125,69.83699798583984,70.69100189208984,,22986000.0
2024-09-18,70.75499725341797,70.75499725341797,68.80000305175781,69.0469970703125,,29844000.0
2024-09-19,70.5,71.56600189208984,69.53700256347656,70.43199920654297,,42285000.0
2024-09-20,70.55500030517578,70.66699981689453,69.63099670410156,70.10299682617188,,39981000.0
2024-09-23,70.23899841308594,71.2249984741211,69.91600036621094,70.53700256347656,,32243000.0
2024-09-24,70.66300201416016,72.24400329589844,70.44499969482422,72.22599792480469,,35657000.0
2024-09-25,72.0999984741211,72.51200103759766,71.62100219726562,72.15599822998047,,22598000.0
2024-09-26,72.4729995727539,72.5260009765625,70.1719970703125,71.14299774169922,,28330000.0
2024-09-27,70.83599853515625,71.07099914550781,70.125,70.73500061035156,,23956000.0
2024-09-30,70.69999694824219,71.12100219726562,70.28199768066406,70.927001953125,,17099000.0
2024-10-01,71.36399841308594,71.7760009765625,69.85900115966797,70.61299896240234,,28135000.0
2024-10-02,70.61299896240234,71.62100219726562,70.46900177001953,71.10900115966797,,17582000.0
2024-10-03,70.4260025024414,70.88099670410156,70.0,70.68000030517578,,22564000.0
2024-10-04,71.33200073242188,72.10099792480469,70.88200378417969,71.97000122070312,,22290000.0
2024-10-07,71.47599792480469,71.58799743652344,69.64299774169922,70.19200134277344,,33605000.0
2024-10-08,70.38800048828125,72.50599670410156,70.3550033569336,72.1760025024414,,31874000.0
2024-10-09,71.92500305175781,72.85900115966797,71.88700103759766,72.74299621582031,,19811000.0
2024-10-10,72.3290023803711,73.38500213623047,72.25,73.02899932861328,,27679000.0
2024-10-11,73.48999786376953,73.5999984741211,72.12200164794922,72.27899932861328,,22995000.0
2024-10-14,72.5,72.66200256347656,71.13099670410156,71.30000305175781,,27971000.0
2024-10-15,71.2509994506836,71.33999633789062,69.97799682617188,70.5979995727539,,29328000.0
2024-10-16,70.34300231933594,70.55899810791016,69.78199768066406,70.19999694824219,,24943000.0
2024-10-17,70.43499755859375,70.44100189208984,67.78800201416016,68.76499938964844,,89267000.0
2024-10-18,73.76399993896484,76.62799835205078,73.62300109863281,76.38899993896484,,159741000.0
2024-10-21,76.57599639892578,77.30000305175781,75.66000366210938,77.20700073242188,,60571000.0
2024-10-22,76.5270004272461,76.97000122070312,76.11199951171875,76.42400360107422,,29873000.0
2024-10-23,76.28299713134766,76.37899780273438,74.4260025024414,74.92900085449219,,37490000.0
2024-10-24,75.1969985961914,75.58200073242188,74.625,75.45500183105469,,26430000.0
2024-10-25,75.61699676513672,76.8499984741211,75.35299682617188,75.46800231933594,,28195000.0
2024-10-28,75.86799621582031,75.86799621582031,74.78800201416016,74.91200256347656,,28624000.0
2024-10-29,75.11299896240234,76.38800048828125,74.8010025024414,75.94400024414062,,36604000.0
2024-10-30,75.80799865722656,75.97899627685547,75.22799682617188,75.3740005493164,,17220000.0
2024-10-31,75.39299774169922,76.0790023803711,75.2229995727539,75.60299682617188,,30577000.0
2024-11-01,75.3479995727539,76.37999725341797,74.7770004272461,75.61000061035156,,29968000.0
2024-11-04,75.31400299072266,76.24800109863281,74.96900177001953,75.5510025024414,,19022000.0
2024-11-05,75.73500061035156,76.75299835205078,75.62699890136719,76.39099884033203,,22006000.0
2024-11-06,77.1500015258789,78.14900207519531,75.73799896240234,78.02100372314453,,36908000.0
2024-11-07,78.13700103759766,79.8219985961914,77.99400329589844,79.65399932861328,,32951000.0
2024-11-08,79.73600006103516,79.90599822998047,78.86499786376953,79.50399780273438,,19106000.0
2024-11-11,79.58999633789062,80.68199920654297,79.55699920654297,80.54399871826172,,23992000.0
2024-11-12,80.75,82.03700256347656,80.375,81.94999694824219,,28141000.0
2024-11-13,82.26200103759766,83.6989974975586,82.05400085449219,83.0469970703125,,27678000.0
2024-11-14,83.36699676513672,84.0999984741211,83.00199890136719,83.72599792480469,,30382000.0
2024-11-15,83.2040023803711,83.2040023803711,81.64900207519531,82.39600372314453,,36737000.0
2024-11-18,81.55000305175781,84.84500122070312,80.93299865722656,84.70500183105469,,40812000.0
2024-11-19,83.9749984741211,87.4489974975586,83.91600036621094,87.13200378417969,,38142000.0
2024-11-20,87.99800109863281,89.05999755859375,86.83999633789062,88.38500213623047,,40938000.0
2024-11-21,88.39299774169922,90.8000030517578,87.7239990234375,89.74800109863281,,45113000.0
2024-11-22,89.5999984741211,90.5999984741211,89.30000305175781,89.77899932861328,,32140000.0
2024-11-25,90.20500183105467,90.20500183105467,86.4219970703125,86.55899810791016,,60142000.0
2024-11-26,86.7490005493164,88.63600158691406,86.7249984741211,87.26000213623047,,31383000.0
2024-11-27,87.20600128173828,88.09500122070312,85.89099884033203,87.73400115966797,,25782000.0
2024-11-29,88.21700286865234,89.24099731445312,87.66799926757812,88.68099975585938,,20272000.0
2024-12-02,88.7509994506836,90.23400115966795,88.41200256347656,89.77400207519531,,23890000.0
2024-12-03,89.43599700927734,90.2689971923828,88.8030014038086,90.21700286865234,,24016000.0
2024-12-04,89.80500030517578,91.59700012207033,89.80500030517578,91.1060028076172,,26896000.0
2024-12-05,91.78500366210938,92.6999969482422,91.11100006103516,91.78700256347656,,28353000.0
2024-12-06,91.52300262451172,93.5270004272461,91.27100372314452,93.4739990234375,,29554000.0
2024-12-09,92.8000030517578,93.02999877929688,90.25900268554688,91.36900329589844,,33501000.0
2024-12-10,91.3759994506836,92.28800201416016,90.95800018310548,91.33499908447266,,23886000.0
2024-12-11,92.47100067138672,94.1750030517578,92.30799865722656,93.65599822998048,,35017000.0
2024-12-12,93.33499908447266,93.40899658203124,92.26000213623048,92.55500030517578,,24862000.0
2024-12-13,91.68099975585938,92.55500030517578,90.96099853515624,91.88700103759766,,24858000.0
2024-12-16,92.3939971923828,92.8939971923828,91.9499969482422,92.10800170898438,,26749000.0
2024-12-17,92.15399932861328,92.84500122070312,91.64199829101562,91.91300201416016,,24595000.0
2024-12-18,91.91300201416016,92.24400329589844,88.65599822998047,88.95500183105469,,29382000.0
2024-12-19,90.81800079345705,91.26200103759766,89.9000015258789,90.2040023803711,,28155000.0
2024-12-20,89.32099914550781,91.99199676513672,89.04900360107422,90.90499877929688,,45305000.0
2024-12-23,91.34200286865234,91.5,89.91000366210938,91.1449966430664,,23394000.0
2024-12-24,91.5,93.58499908447266,91.16999816894533,93.21199798583984,,23203000.0
2024-12-26,92.83999633789062,93.04900360107422,91.52999877929688,92.41400146484376,,23403000.0
2024-12-27,91.60099792480467,91.81300354003906,89.44999694824219,90.75499725341795,,32262000.0
2024-12-30,89.45099639892578,90.822998046875,88.97100067138672,90.04299926757812,,22030000.0
2024-12-31,90.18000030517578,90.26799774169922,88.9469985961914,89.13200378417969,,18759000.0
2025-01-02,89.55000305175781,89.85800170898438,87.69999694824219,88.6729965209961,,23123000.0
2025-01-03,89.31300354003906,89.88300323486328,87.98899841308594,88.1050033569336,,29673000.0
2025-01-06,88.8759994506836,89.28299713134766,87.16899871826172,88.17900085449219,,34577000.0
2025-01-07,87.93800354003906,88.80000305175781,86.91100311279297,87.91899871826172,,26498000.0
2025-01-08,88.0,88.62200164794922,87.30000305175781,87.5,,23479000.0
2025-01-10,86.63999938964844,86.64099884033203,83.44000244140625,83.76899719238281,,48033000.0
2025-01-13,83.15299987792969,84.70700073242188,82.91400146484375,84.02899932861328,,30245000.0
2025-01-14,84.31999969482422,84.48899841308594,82.35199737548828,82.83999633789062,,30377000.0
2025-01-15,83.64399719238281,85.08399963378906,83.04100036621094,84.82599639892578,,31814000.0
2025-01-16,86.09600067138672,86.89800262451172,84.2020034790039,84.23699951171875,,40285000.0
2025-01-17,85.97899627685547,86.5,85.21299743652344,85.80999755859375,,36176000.0
2025-01-21,86.35299682617188,91.63999938964844,85.4749984741211,86.96800231933594,,98514000.0
2025-01-22,99.8030014038086,99.9000015258789,95.07599639892578,95.39900207519533,,142732000.0
2025-01-23,95.78099822998048,98.5,95.38999938964844,98.48600006103516,,77521000.0
2025-01-24,98.44100189208984,98.62799835205078,96.76799774169922,97.75900268554688,,45504000.0
2025-01-27,97.11000061035156,98.22699737548828,96.0260009765625,97.18900299072266,,46342000.0
2025-01-28,96.6709976196289,97.79299926757812,95.7300033569336,97.18299865722656,,34340000.0
2025-01-29,98.0,98.76399993896484,96.822998046875,97.81500244140624,,29307000.0
2025-01-30,98.6750030517578,99.45899963378906,97.0009994506836,97.3239974975586,,38678000.0
2025-01-31,97.4000015258789,99.02899932861328,97.4000015258789,97.6760025024414,,36151000.0
2025-02-03,97.3000030517578,98.7689971923828,96.43800354003906,97.8939971923828,,37242000.0
2025-02-04,98.0469970703125,100.8000030517578,97.85099792480467,99.48699951171876,,60001000.0
2025-02-05,98.77300262451172,101.18299865722656,98.66799926757812,101.11100006103516,,39934000.0
2025-02-06,100.78700256347656,101.63500213623048,100.26100158691406,101.56800079345705,,31343000.0
2025-02-07,101.6999969482422,102.7760009765625,100.56700134277344,101.39299774169922,,32129000.0
2025-02-10,102.30500030517578,103.28500366210938,101.58799743652344,102.76000213623048,,32966000.0
2025-02-11,102.0790023803711,102.2689971923828,100.29499816894533,100.80799865722656,,33318000.0
2025-02-12,100.54900360107422,102.77400207519533,99.83499908447266,102.7310028076172,,33890000.0
2025-02-13,102.66300201416016,104.5989990234375,102.51000213623048,104.36900329589844,,34761000.0
2025-02-14,104.49500274658205,106.4499969482422,104.16899871826172,105.86000061035156,,31454000.0
2025-02-18,106.0,106.1999969482422,102.375,103.58499908447266,,42293000.0
2025-02-19,103.51799774169922,104.5,102.45099639892578,104.33300018310548,,26000000.0
2025-02-20,104.1999969482422,104.5,101.55899810791016,102.4540023803711,,31118000.0
2025-02-21,102.94200134277344,103.23799896240234,99.93900299072266,100.31500244140624,,37387000.0
2025-02-24,100.8000030517578,101.51699829101562,98.447998046875,98.84700012207033,,44262000.0
2025-02-25,98.94000244140624,99.44000244140624,95.5,97.7239990234375,,47383000.0
2025-02-26,97.76000213623048,100.08899688720705,97.69000244140624,99.00599670410156,,33972000.0
2025-02-27,99.5,100.072998046875,96.18299865722656,96.30699920654295,,37666000.0
2025-02-28,96.95600128173828,98.22699737548828,95.81700134277344,98.05599975585938,,47174000.0
2025-03-03,98.3000030517578,99.49299621582033,96.4810028076172,97.37000274658205,,39074000.0
2025-03-04,97.16100311279295,98.63099670410156,94.8209991455078,97.25800323486328,,43928000.0
2025-03-05,97.36199951171876,99.55999755859376,96.947998046875,99.09200286865234,,38079000.0
2025-03-06,97.29900360107422,97.36900329589844,89.9000015258789,90.63600158691406,,78526000.0
2025-03-07,89.76399993896484,90.48899841308594,85.80699920654297,89.11100006103516,,77375000.0
2025-03-10,87.50700378417969,88.12699890136719,85.44999694824219,86.66799926757812,,69953000.0
2025-03-11,86.74099731445312,91.06800079345705,86.5999984741211,89.51000213623047,,73989000.0
2025-03-12,91.45999908447266,92.71800231933594,90.0999984741211,91.96800231933594,,68658000.0
2025-03-13,91.3000030517578,92.18900299072266,88.7509994506836,89.01699829101562,,50017000.0
2025-03-14,90.14600372314452,91.96299743652344,90.0999984741211,91.8000030517578,,52007000.0
2025-03-17,93.99500274658205,96.76300048828124,93.44200134277344,95.0019989013672,,75431000.0
2025-03-18,94.0,94.8249969482422,91.62999725341795,92.9980010986328,,60094000.0
2025-03-19,93.5770034790039,96.8000030517578,92.4000015258789,95.9489974975586,,66624000.0
2025-03-20,95.0009994506836,96.6999969482422,94.5500030517578,95.08399963378906,,44663000.0
2025-03-21,94.16400146484376,96.36499786376952,94.09500122070312,96.02899932861328,,59054000.0
2025-03-24,96.96700286865234,97.6999969482422,95.15499877929688,97.1989974975586,,46779000.0
2025-03-25,97.81800079345705,99.87000274658205,97.71099853515624,99.72799682617188,,37822000.0
2025-03-26,99.38099670410156,99.6790008544922,96.63200378417967,97.06500244140624,,35274000.0
2025-03-27,97.4219970703125,98.9000015258789,96.63700103759766,97.6719970703125,,30472000.0
2025-03-28,97.1999969482422,97.4980010986328,92.9229965209961,93.38500213623048,,44227000.0
2025-03-31,92.0530014038086,93.447998046875,90.05899810791016,93.25299835205078,,46341000.0
2025-04-01,92.75,93.22899627685548,91.1500015258789,92.83799743652344,,35200000.0
2025-04-02,92.3000030517578,94.95500183105467,91.61100006103516,93.552001953125,,32569000.0
2025-04-03,90.18000030517578,94.65899658203124,90.0469970703125,91.70500183105467,,58646000.0
2025-04-04,89.6500015258789,90.66300201416016,85.38700103759766,85.58599853515625,,67988000.0
2025-04-07,82.78500366210938,90.67400360107422,82.11000061035156,86.78299713134766,,66568000.0
2025-04-08,91.24400329589844,92.24199676513672,85.7699966430664,87.04000091552734,,56254000.0
2025-04-09,85.59300231933594,95.14299774169922,85.44000244140625,94.5469970703125,,74980000.0
2025-04-10,93.19400024414062,94.1240005493164,89.4000015258789,92.11699676513672,,51298000.0
2025-04-11,92.0,94.48600006103516,90.66799926757812,91.8290023803711,,40736000.0
2025-04-14,93.2699966430664,94.89800262451172,91.9499969482422,93.12799835205078,,40359000.0
2025-04-15,95.0,99.34500122070312,94.8000030517578,97.62799835205078,,77120000.0
2025-04-16,97.62799835205078,98.12100219726562,94.91699981689452,96.16300201416016,,60661000.0
2025-04-17,96.9000015258789,98.47000122070312,95.5999984741211,97.3030014038086,,88937000.0
2025-04-21,98.44000244140624,101.9000015258789,97.30500030517578,98.79100036621094,,97757000.0
2025-04-22,100.52999877929688,106.49700164794922,100.4520034790039,104.03399658203124,,93689000.0
2025-04-23,104.72200012207033,106.125,103.1999969482422,104.95899963378906,,64719000.0
2025-04-24,104.8000030517578,110.0999984741211,104.7020034790039,109.68699645996094,,63819000.0
2025-04-25,109.7040023803711,110.68000030517578,109.0999984741211,110.15299987792967,,39500000.0
2025-04-28,110.0,111.4000015258789,108.26200103759766,111.03800201416016,,38311000.0
2025-04-29,110.39199829101562,112.78099822998048,109.5479965209961,112.56400299072266,,37773000.0
2025-04-30,111.26499938964844,113.31999969482422,110.11100006103516,113.1719970703125,,42667000.0
2025-05-01,112.2519989013672,114.24199676513672,111.18299865722656,113.34700012207033,,34995000.0
2025-05-02,113.66600036621094,115.94400024414062,113.33200073242188,115.64900207519533,,37743000.0
2025-05-05,111.4800033569336,114.4020004272461,110.70099639892578,113.40599822998048,,56623000.0
2025-05-06,112.94300079345705,114.76599884033205,112.63999938964844,113.7689971923828,,32567000.0
2025-05-07,113.91799926757812,116.4000015258789,113.8000030517578,115.54100036621094,,43497000.0
2025-05-08,116.16200256347656,116.22899627685548,113.91999816894533,114.44300079345705,,37609000.0
2025-05-09,114.70999908447266,115.0999984741211,113.3219985961914,114.02200317382812,,25696000.0
2025-05-12,112.4260025024414,113.0,110.29299926757812,111.0,,64791000.0
2025-05-13,111.4459991455078,114.78800201416016,110.62999725341795,113.84400177001952,,39979000.0
2025-05-14,112.95999908447266,115.29000091552734,112.83999633789062,115.0989990234375,,39101000.0
2025-05-15,114.77400207519533,118.77999877929688,114.76499938964844,117.7979965209961,,44640000.0
2025-05-16,119.31400299072266,119.6500015258789,117.93900299072266,119.15299987792967,,46984000.0
2025-05-19,117.35800170898438,119.16400146484376,117.1709976196289,119.16400146484376,,28534000.0
2025-05-20,118.6790008544922,119.3000030517578,117.9020004272461,119.2020034790039,,21331000.0
2025-05-21,118.6500015258789,121.12200164794922,118.6500015258789,119.46299743652344,,29766000.0
2025-05-22,119.23999786376952,119.875,118.72100067138672,118.7969970703125,,18616000.0
2025-05-23,118.4000015258789,119.1449966430664,117.94400024414062,118.53900146484376,,21865000.0
2025-05-27,119.53299713134766,121.177001953125,119.30899810791016,121.15699768066406,,29205000.0
2025-05-28,121.0270004272461,121.59100341796876,120.60199737548828,120.8550033569336,,18559000.0
2025-05-29,120.8000030517578,120.9000015258789,117.62799835205078,118.48600006103516,,33007000.0
2025-05-30,119.83300018310548,121.18099975585938,118.09300231933594,120.7229995727539,,46968000.0
2025-06-02,120.12000274658205,121.94000244140624,119.625,121.89800262451172,,22942000.0
2025-06-03,121.98699951171876,122.95700073242188,121.11799621582033,121.79399871826172,,23638000.0
2025-06-04,122.072998046875,124.25599670410156,121.98799896240234,123.96600341796876,,23594000.0
2025-06-05,124.05999755859376,126.28099822998048,123.72899627685548,125.052001953125,,28172000.0
2025-06-06,125.94100189208984,126.0,123.55500030517578,124.14700317382812,,25570000.0
2025-06-09,123.88800048828124,123.88800048828124,122.15699768066406,122.4459991455078,,24031000.0
2025-06-10,122.7519989013672,122.7519989013672,118.06099700927734,120.36199951171876,,44544000.0
2025-06-11,120.26000213623048,122.8290023803711,119.60099792480467,121.98799896240234,,23823000.0
2025-06-12,122.25900268554688,123.0,121.1959991455078,121.50299835205078,,20846000.0
2025-06-13,120.65899658203124,122.06199645996094,120.18900299072266,121.21499633789062,,22103000.0
2025-06-16,121.22000122070312,122.625,121.22000122070312,122.53500366210938,,21128000.0
2025-06-17,121.99500274658205,123.23600006103516,121.60900115966795,122.06700134277344,,18921000.0
2025-06-18,122.9990005493164,124.1999969482422,122.0500030517578,122.22899627685548,,22810000.0
2025-06-20,123.44499969482422,124.8499984741211,122.43499755859376,123.14099884033205,,53482000.0
2025-06-23,123.8030014038086,125.48400115966795,121.5009994506836,125.35399627685548,,26673000.0
2025-06-24,126.05500030517578,128.2570037841797,125.5,127.91100311279295,,26633000.0
2025-06-25,128.6840057373047,129.8000030517578,127.38099670410156,127.5250015258789,,21465000.0
2025-06-26,128.0,130.73399353027344,128.0,130.66700744628906,,26059000.0
2025-06-27,130.68800354003906,133.13499450683594,130.10000610351562,132.31199645996094,,40709000.0
2025-06-30,133.10000610351562,134.11500549316406,132.12100219726562,133.91299438476562,,32829000.0
2025-07-01,133.822998046875,133.8769989013672,128.2220001220703,129.36000061035156,,49936000.0
2025-07-02,129.6959991455078,129.9949951171875,127.15899658203124,128.48599243164062,,30488000.0
2025-07-03,129.1999969482422,130.2259979248047,127.97599792480467,129.71800231933594,,20062000.0
2025-07-07,129.5,129.5,127.60199737548828,128.96200561523438,,22737000.0
2025-07-08,129.08999633789062,129.3249969482422,126.0,127.53099822998048,,32925000.0
2025-07-09,127.39900207519533,128.82899475097656,126.6240005493164,128.8280029296875,,23845000.0
2025-07-10,128.5500030517578,128.9600067138672,124.60099792480467,125.05899810791016,,42308000.0
2025-07-11,125.97899627685548,126.0999984741211,123.12999725341795,124.51100158691406,,39572000.0
2025-07-14,124.49099731445312,127.04900360107422,124.0,126.19499969482422,,27810000.0
2025-07-15,126.1999969482422,127.12200164794922,124.3239974975586,126.0270004272461,,28017000.0
2025-07-16,126.1709976196289,127.0999984741211,124.98200225830078,125.03099822998048,,32270000.0
2025-07-17,125.3000030517578,127.75,124.4800033569336,127.41699981689452,,64699000.0
2025-07-18,124.1959991455078,124.6500015258789,120.10099792480467,120.92400360107422,,106933000.0
2025-07-21,120.5999984741211,123.70999908447266,119.8000030517578,123.3270034790039,,56276000.0
2025-07-22,123.03800201416016,123.23699951171876,118.75,119.00800323486328,,50630000.0
2025-07-23,118.9810028076172,119.26200103759766,117.36000061035156,117.6780014038086,,45043000.0
2025-07-24,117.77999877929688,118.3499984741211,116.26599884033205,118.07599639892578,,38456000.0
2025-07-25,117.84200286865234,118.73200225830078,117.43800354003906,118.04900360107422,,26293000.0
2025-07-28,118.12000274658205,119.77899932861328,116.85299682617188,117.45999908447266,,34470000.0
2025-07-29,117.9000015258789,117.95999908447266,116.3290023803711,116.8740005493164,,27525000.0
2025-07-30,116.8550033569336,118.48500061035156,116.61000061035156,118.41999816894533,,29227000.0
2025-07-31,118.4800033569336,119.0,115.77400207519533,115.94000244140624,,37129000.0
2025-08-01,116.3010025024414,117.85099792480467,115.28500366210938,115.86000061035156,,38910000.0
2025-08-04,116.76499938964844,117.6999969482422,116.26200103759766,117.0989990234375,,22447000.0
2025-08-05,117.0999984741211,117.1709976196289,114.47100067138672,114.78700256347656,,26607000.0
2025-08-06,115.35199737548828,118.13800048828124,115.18699645996094,117.8479995727539,,33622000.0
2025-08-07,118.1760025024414,119.12200164794922,116.81999969482422,118.03700256347656,,26283000.0
2025-08-08,118.31900024414062,121.41100311279295,118.03700256347656,121.16400146484376,,38167000.0
2025-08-11,121.4010009765625,122.30699920654295,120.19300079345705,121.83100128173828,,24556000.0
2025-08-12,122.5,123.1989974975586,120.6510009765625,122.52799987792967,,22788000.0
2025-08-13,123.4000015258789,123.71199798583984,120.3000030517578,120.44400024414062,,27624000.0
2025-08-14,120.98899841308594,124.40899658203124,120.7030029296875,123.05599975585938,,39047000.0
2025-08-15,123.40399932861328,124.69400024414062,122.78800201416016,123.8949966430664,,27678000.0
2025-08-18,123.56300354003906,125.11599731445312,123.54499816894533,124.50900268554688,,21111000.0
2025-08-19,124.0199966430664,124.0999984741211,119.27899932861328,121.41500091552734,,37077000.0
2025-08-20,121.8000030517578,122.3000030517578,119.33100128173828,121.38600158691406,,24344000.0
2025-08-21,121.14299774169922,122.13999938964844,119.76399993896484,120.62100219726562,,20472000.0
2025-08-22,120.88800048828124,121.36199951171876,119.822998046875,120.46499633789062,,31281000.0
2025-08-25,120.16500091552734,123.37999725341795,119.9000015258789,121.80699920654295,,28120000.0
2025-08-26,122.02100372314452,123.1500015258789,121.22000122070312,122.60900115966795,,19857000.0
2025-08-27,122.36100006103516,122.9209976196289,121.3000030517578,122.3499984741211,,16645000.0
2025-08-28,122.27899932861328,123.78900146484376,121.427001953125,123.1449966430664,,19503000.0
2025-08-29,122.7969970703125,122.87899780273438,120.11499786376952,120.8249969482422,,32098000.0
2025-09-02,119.6999969482422,121.54000091552734,118.27999877929688,121.41100311279295,,23033000.0
2025-09-03,120.51399993896484,122.6999969482422,120.33799743652344,122.61799621582033,,24715000.0
2025-09-04,122.31999969482422,125.7480010986328,122.30899810791016,125.7480010986328,,30235000.0
2025-09-05,126.0,126.70999908447266,123.9020004272461,124.38200378417967,,23797000.0
2025-09-08,124.85399627685548,125.2040023803711,123.1999969482422,124.47599792480467,,19151000.0
2025-09-09,124.66699981689452,126.5719985961914,124.66699981689452,126.3249969482422,,22197000.0
2025-09-10,126.39700317382812,126.6999969482422,124.63600158691406,124.77100372314452,,27010000.0
2025-09-11,125.0999984741211,125.34500122070312,119.1999969482422,120.3499984741211,,56823000.0
2025-09-12,120.30599975585938,121.1780014038086,118.23999786376952,118.84400177001952,,37849000.0
2025-09-15,118.83999633789062,120.7239990234375,117.3209991455078,120.22599792480467,,29093000.0
2025-09-16,120.56400299072266,120.9000015258789,119.72799682617188,120.0510025024414,,24047000.0
2025-09-17,122.10199737548828,123.39299774169922,120.66100311279295,122.8499984741211,,34598000.0
2025-09-18,122.08200073242188,123.3000030517578,120.5500030517578,120.77799987792967,,31691000.0
2025-09-19,121.86199951171876,122.99500274658205,120.80999755859376,122.6969985961914,,49476000.0
2025-09-22,122.19000244140624,122.97599792480467,121.42400360107422,122.73699951171876,,25468000.0
2025-09-23,122.73300170898438,122.77899932861328,120.84700012207033,121.84700012207033,,24991000.0
2025-09-24,121.86100006103516,122.1500015258789,119.41999816894533,120.3949966430664,,27731000.0
2025-09-25,120.30899810791016,121.68399810791016,119.1510009765625,120.8239974975586,,19978000.0
2025-09-26,120.54199981689452,121.4000015258789,120.0,121.06099700927734,,19450000.0
2025-09-29,120.5,122.4489974975586,118.75399780273438,120.64099884033205,,30332000.0
2025-09-30,120.64099884033205,120.8499984741211,117.8000030517578,119.89199829101562,,38303000.0
2025-10-01,117.54900360107422,117.91400146484376,116.3209991455078,117.08999633789062,,41102000.0
2025-10-02,116.1500015258789,116.33300018310548,113.4000015258789,116.25299835205078,,46855000.0
2025-10-03,116.5,116.8000030517578,114.3219985961914,115.33200073242188,,31374000.0
2025-10-06,116.03700256347656,116.35800170898438,114.54499816894533,116.33100128173828,,29686000.0
2025-10-07,117.77899932861328,120.13700103759766,117.74600219726562,119.1060028076172,,33091000.0
2025-10-08,119.71099853515624,121.73899841308594,119.1999969482422,121.4250030517578,,28514000.0
2025-10-09,121.4250030517578,123.75,121.18199920654295,123.10700225830078,,28241000.0
2025-10-10,122.9000015258789,124.6999969482422,121.91000366210938,122.00800323486328,,42798000.0
2025-10-13,122.13500213623048,123.11199951171876,120.68099975585938,121.90299987792967,,24608000.0
2025-10-14,121.4749984741211,122.4290008544922,120.30999755859376,121.53500366210938,,23624000.0
2025-10-15,121.3010025024414,121.96199798583984,120.16100311279295,120.3290023803711,,20252000.0
2025-10-16,121.21499633789062,121.6709976196289,117.5999984741211,118.35900115966795,,28326000.0
2025-10-17,118.36000061035156,120.31199645996094,117.8949966430664,119.93599700927734,,29571000.0
2025-10-20,120.78800201416016,124.7760009765625,120.69000244140624,123.8560028076172,,39862000.0
2025-10-21,124.28299713134766,124.86000061035156,123.1760025024414,124.13500213623048,,65082000.0
2025-10-22,114.29000091552734,115.76000213623048,111.2509994506836,111.63700103759766,,147890000.0
2025-10-23,112.69000244140624,112.78299713134766,109.9729995727539,111.35900115966795,,68497000.0
2025-10-24,111.0999984741211,111.45099639892578,109.44100189208984,109.46900177001952,,60280000.0
2025-10-27,110.06700134277344,110.22799682617188,108.7300033569336,109.45600128173828,,46911000.0
2025-10-28,109.4000015258789,111.697998046875,109.3010025024414,110.25,,40209000.0
2025-10-29,109.98400115966795,110.8550033569336,109.5999984741211,110.04100036621094,,33995000.0
2025-10-30,109.44000244140624,110.61599731445312,108.81099700927734,108.9000015258789,,41581000.0
2025-10-31,110.53900146484376,113.48799896240234,110.197998046875,111.88600158691406,,68665000.0
2025-11-03,113.3239974975586,113.3499984741211,107.51499938964844,110.00900268554688,,58634000.0
2025-11-04,109.9990005493164,110.45999908447266,108.66799926757812,109.2959976196289,,38718000.0
2025-11-05,108.5,110.08499908447266,107.33699798583984,109.84600067138672,,35539000.0
2025-11-06,109.45800018310548,110.37000274658205,108.51300048828124,109.7020034790039,,36532000.0
2025-11-07,109.41799926757812,110.8219985961914,108.75,110.36599731445312,,44125000.0
2025-11-10,110.6719970703125,112.81999969482422,110.40499877929688,112.00700378417967,,36929000.0
2025-11-11,111.76000213623048,113.9219970703125,111.27999877929688,113.6439971923828,,27966000.0
2025-11-12,113.81700134277344,116.43399810791016,112.82599639892578,115.75,,39221000.0
2025-11-13,115.8499984741211,116.73300170898438,114.56900024414062,115.4229965209961,,40144000.0
2025-11-14,114.27300262451172,114.27300262451172,110.72100067138672,111.21700286865234,,47607000.0
2025-11-17,110.75,111.8499984741211,109.5500030517578,110.29000091552734,,26082700.0
2025-11-18,110.29000091552734,115.25,109.1999969482422,114.08999633789062,,43440600.0
2025-11-19,113.0,113.33999633789062,108.61000061035156,110.0,,31868100.0
2025-11-20,111.0,111.0999984741211,105.38999938964844,105.66999816894533,,36918500.0
2025-11-21,105.12999725341795,106.52999877929688,103.80999755859376,104.30999755859376,,41232700.0
2025-11-24,104.25,108.04000091552734,103.31999969482422,106.97000122070312,,62918300.0
2025-11-25,106.12000274658205,106.3000030517578,103.81999969482422,104.4000015258789,,35122600.0
2025-11-26,105.73999786376952,106.9499969482422,105.22000122070312,106.13999938964844,,27951000.0
2025-11-28,106.44000244140624,107.94000244140624,106.23999786376952,107.58000183105467,,15021600.0
2025-12-01,106.51000213623048,109.33999633789062,106.30999755859376,109.12999725341795,,24873400.0
2025-12-02,109.20999908447266,109.7300033569336,107.5199966430664,109.3499984741211,,25763000.0
2025-12-03,106.58999633789062,106.87000274658205,102.02999877929688,103.95999908447266,,53593400.0
2025-12-04,103.56999969482422,103.8000030517578,101.7699966430664,103.22000122070312,,51779100.0
2025-12-05,98.77999877929688,104.79000091552734,97.73999786376952,100.23999786376952,,133363600.0
2025-12-08,99.87000274658205,99.88999938964844,95.3000030517578,96.79000091552734,,100906300.0
2025-12-09,97.02999877929688,97.23999786376952,95.4499969482422,96.70999908447266,,51745600.0
2025-12-10,96.73999786376952,96.97000122070312,92.3499984741211,92.70999908447266,,74129300.0
2025-12-11,93.9000015258789,94.81999969482422,92.76000213623048,94.08999633789062,,43949000.0
2025-12-12,95.5,96.91999816894533,94.6500015258789,95.19000244140624,,49323100.0
2025-12-15,96.0199966430664,96.37000274658205,93.52999877929688,93.7699966430664,,40016500.0
2025-12-16,93.87999725341795,94.93000030517578,93.31999969482422,94.56999969482422,,34265000.0
2025-12-17,95.9800033569336,97.33000183105467,94.45999908447266,94.79000091552734,,50472800.0
2025-12-18,95.0199966430664,95.80999755859376,93.58999633789062,94.0,,37244700.0
2025-12-19,93.56999969482422,95.54000091552734,93.4499969482422,94.38999938964844,,78990200.0
2025-12-22,94.70999908447266,94.70999908447266,92.91000366210938,93.2300033569336,,39484800.0
2025-12-23,93.4000015258789,93.80999755859376,91.33000183105467,93.5,,25896200.0
2025-12-24,93.11000061035156,93.68000030517578,92.66999816894533,93.63999938964844,,12427900.0
2025-12-26,93.4800033569336,94.69000244140624,93.2699966430664,94.47000122070312,,22068300.0
2025-12-29,93.98999786376952,94.97000122070312,93.62999725341795,94.1500015258789,,24493700.0
2025-12-30,93.5199966430664,93.98999786376952,93.33999633789062,93.77999877929688,,23422000.0
2025-12-31,93.5999984741211,94.30999755859376,93.1999969482422,93.76000213623048,,23495200.0
2026-01-02,94.12999725341795,94.12999725341795,90.80999755859376,90.98999786376952,,41155400.0
2026-01-05,90.91999816894533,92.62999725341795,90.83999633789062,91.45999908447266,,39183300.0
2026-01-06,91.54000091552734,91.63999938964844,89.73999786376953,90.6500015258789,,43331000.0
2026-01-07,91.55999755859376,92.41999816894533,90.05999755859375,90.7300033569336,,36525700.0
2026-01-08,90.4499969482422,91.25,89.58000183105469,90.52999877929688,,40068700.0
2026-01-09,90.02999877929688,90.05000305175781,88.31999969482422,89.45999908447266,,55579500.0
2026-01-12,89.69000244140625,90.33999633789062,89.33000183105469,89.41000366210938,,36290600.0
2026-01-13,89.44000244140625,91.1500015258789,89.06999969482422,90.31999969482422,,45221100.0
2026-01-14,91.23999786376952,91.58000183105467,87.94999694824219,88.55000305175781,,49737700.0
2026-01-15,89.0199966430664,89.88999938964844,87.81999969482422,88.05000305175781,,36945100.0
2026-01-16,88.33999633789062,88.51000213623047,87.77999877929688,88.0,,48130500.0
2026-01-20,88.97000122070312,89.9000015258789,87.0199966430664,87.26000213623047,,109729700.0
2026-01-21,82.5199966430664,86.0,81.93000030517578,85.36000061035156,,127940700.0
2026-01-22,85.0199966430664,85.0999984741211,82.9800033569336,83.54000091552734,,69113300.0
2026-01-23,83.43000030517578,86.30000305175781,83.27999877929688,86.12000274658203,,64520400.0
2026-01-26,86.91999816894531,86.94000244140625,85.3499984741211,85.69999694824219,,40941900.0
2026-01-27,85.27999877929688,85.5999984741211,83.87999725341797,85.58000183105469,,37790800.0
2026-01-28,85.62999725341797,86.47000122070312,84.30000305175781,84.63999938964844,,37762600.0
2026-01-29,84.30999755859375,84.37999725341797,82.3499984741211,83.16000366210938,,42278100.0
2026-01-30,83.0999984741211,84.05999755859375,82.77999877929688,83.48999786376953,,45755000.0
2026-02-02,83.52999877929688,85.2699966430664,82.72000122070312,82.76000213623047,,41445300.0
2026-02-03,82.2300033569336,82.44999694824219,79.62000274658203,79.94000244140625,,49789000.0
2026-02-04,79.98999786376953,81.44000244140625,79.2300033569336,80.16000366210938,,48963200.0
2026-02-05,81.48999786376953,83.30000305175781,80.54000091552734,80.87000274658203,,54805700.0
2026-02-06,81.0199966430664,82.48999786376953,80.6500015258789,82.19999694824219,,46154100.0
2026-02-09,82.18000030517578,82.20999908447266,79.87000274658203,81.47000122070312,,42200200.0
2026-02-10,82.72000122070312,84.66000366210938,82.08999633789062,82.20999908447266,,43595800.0
2026-02-11,81.95999908447266,82.4800033569336,79.44999694824219,79.62000274658203,,40840300.0
2026-02-12,79.11000061035156,79.1500015258789,75.2300033569336,75.86000061035156,,73516100.0
2026-02-13,76.13999938964844,77.18000030517578,75.52999877929688,76.87000274658203,,42292100.0
2026-02-17,76.91999816894531,77.87000274658203,75.30000305175781,77.0,,35961500.0
2026-02-18,77.31999969482422,78.31999969482422,76.27999877929688,77.98999786376953,,29883100.0
2026-02-19,77.75,78.69999694824219,76.58999633789062,77.0,,30139200.0
2026-02-20,76.61000061035156,78.8499984741211,76.4000015258789,78.66999816894531,,32411300.0
2026-02-23,77.79000091552734,77.83000183105469,75.01000213623047,76.0199966430664,,38363000.0
2026-02-24,75.7300033569336,78.12000274658203,75.20999908447266,78.04000091552734,,33079100.0
2026-02-25,79.43000030517578,83.12000274658203,79.25,82.69999694824219,,69319300.0
2026-02-26,83.19999694824219,86.5,82.80000305175781,84.58999633789062,,85642500.0
2026-02-27,94.3000030517578,96.75,90.58000183105467,96.23999786376952,,200767000.0
2026-03-02,95.26000213623048,98.06999969482422,95.1999969482422,97.08999633789062,,79915400.0
2026-03-03,96.01000213623048,98.45999908447266,95.33000183105467,97.6999969482422,,59149000.0
2026-03-04,97.11000061035156,99.75,96.98999786376952,98.66000366210938,,52604300.0
2026-03-05,98.5,100.19000244140624,98.0999984741211,99.16999816894533,,53403000.0
2026-03-06,99.33000183105467,99.87999725341795,97.4000015258789,99.0199966430664,,41196300.0
2026-03-09,97.6999969482422,98.94000244140624,96.58000183105467,98.31999969482422,,48589000.0
2026-03-10,97.80999755859376,98.48999786376952,96.29000091552734,96.94000244140624,,41027200.0
2026-03-11,97.41000366210938,98.0,94.69000244140624,94.88999938964844,,33962900.0
2026-03-12,94.86000061035156,95.4000015258789,93.87000274658205,94.30999755859376,,34206900.0
2026-03-13,94.63999938964844,95.68000030517578,94.23999786376952,95.30999755859376,,29876700.0
2026-03-16,95.58000183105467,96.0999984741211,94.36000061035156,95.1999969482422,,34931800.0
2026-03-17,95.3000030517578,96.33999633789062,94.01000213623048,94.36000061035156,,26434500.0
2026-03-18,94.4499969482422,95.33999633789062,93.61000061035156,94.6999969482422,,27878300.0
2026-03-19,94.30999755859376,95.75,90.77999877929688,91.73999786376952,,40169300.0
2026-03-20,91.30999755859376,91.87999725341795,90.69000244140624,91.81999969482422,,61678000.0
2026-03-23,92.04000091552734,93.9800033569336,91.86000061035156,93.37999725341795,,34315900.0
2026-03-24,92.79000091552734,93.73999786376952,90.81999969482422,90.91999816894533,,28938000.0
2026-03-25,91.70999908447266,92.5199966430664,91.23999786376952,92.27999877929688,,29545600.0
2026-03-26,91.5199966430664,95.86000061035156,91.01000213623048,93.31999969482422,,59522000.0
2026-03-27,94.56999969482422,95.58000183105467,92.73999786376952,93.43000030517578,,44590700.0
2026-03-30,92.75,94.48999786376952,92.22000122070312,92.97000122070312,,32375100.0
2026-03-31,93.02999877929688,96.26000213623048,93.02999877929688,96.1500015258789,,54270000.0
2026-04-01,96.47000122070312,97.1999969482422,94.26000213623048,95.5500030517578,,30439300.0
2026-04-02,95.2699966430664,98.70999908447266,95.16999816894533,98.66000366210938,,37068000.0
2026-04-06,100.95999908447266,102.69000244140624,97.97000122070312,98.93000030517578,,37029300.0
2026-04-07,98.5500030517578,99.87999725341795,98.25,98.81999969482422,,25016700.0
2026-04-08,100.31999969482422,100.4000015258789,97.44000244140624,99.38999938964844,,30957600.0
2026-04-09,99.62999725341795,102.33999633789062,99.08000183105467,102.0500030517578,,35087800.0
2026-04-10,102.47000122070312,103.08000183105467,101.45999908447266,103.01000213623048,,25769900.0
2026-04-13,103.02999877929688,103.66999816894533,102.05999755859376,103.16000366210938,,26042800.0
2026-04-14,103.12000274658205,106.56999969482422,103.04000091552734,106.27999877929688,,40534900.0
2026-04-15,105.9800033569336,107.8499984741211,105.04000091552734,107.70999908447266,,38023700.0
2026-04-16,107.47000122070312,108.9499969482422,106.62000274658205,107.79000091552734,,64928300.0
2026-04-17,96.37000274658205,98.73999786376952,95.0999984741211,97.30999755859376,,125958700.0
2026-04-20,97.13999938964844,97.5999984741211,93.54000091552734,94.83000183105467,,63298300.0
2026-04-21,94.0,94.6500015258789,92.37000274658205,92.58000183105467,,61962300.0
2026-04-22,93.05999755859376,93.8499984741211,92.7699966430664,93.23999786376952,,33694300.0
2026-04-23,94.05999755859376,94.63999938964844,92.06999969482422,92.81999969482422,,36851700.0
2026-04-24,92.56999969482422,93.27999877929688,91.8000030517578,92.44000244140624,,32553200.0
2026-04-27,92.0500030517578,92.83999633789062,91.3000030517578,91.37000274658205,,29707400.0
2026-04-28,91.5,92.33999633789062,90.0199966430664,92.2699966430664,,33418100.0
2026-04-29,91.2300033569336,92.86000061035156,90.86000061035156,92.12000274658205,,26122100.0
2026-04-30,91.3499984741211,94.22000122070312,90.7699966430664,93.61000061035156,,40923000.0
2026-05-01,94.41999816894533,94.6999969482422,91.9000015258789,92.05999755859376,,30406900.0
2026-05-04,92.0999984741211,92.33000183105467,90.88999938964844,91.0199966430664,,25928800.0
2026-05-05,91.18000030517578,91.27999877929688,87.56999969482422,87.88999938964844,,51961300.0
2026-05-06,87.1500015258789,88.55000305175781,86.72000122070312,88.2699966430664,,41932400.0
2026-05-07,88.19999694824219,89.4000015258789,88.12999725341797,88.25,,30627600.0
2026-05-08,87.70999908447266,88.04000091552734,87.20999908447266,87.48999786376953,,36215100.0
2026-05-11,86.52999877929688,87.33999633789062,85.0999984741211,85.44999694824219,,40556500.0
2026-05-12,85.91000366210938,89.16999816894531,85.80999755859375,87.66000366210938,,43556600.0
2026-05-13,86.56999969482422,88.62000274658203,86.27999877929688,87.55999755859375,,30823500.0
2026-05-14,87.62000274658203,88.5,86.6500015258789,86.94000244140625,,29408300.0
2026-05-15,87.69000244140625,89.48999786376953,86.69000244140625,87.0199966430664,,32335700.0
2026-05-18,86.5,89.81999969482422,86.33000183105469,89.6500015258789,,35800500.0
2026-05-19,90.13999938964844,91.4800033569336,88.69000244140625,89.33000183105469,,34545700.0
2026-05-20,88.5199966430664,88.55000305175781,87.5,88.08999633789062,,23463400.0
2026-05-21,88.02999877929688,90.37000274658205,87.5199966430664,89.30000305175781,,28613900.0
2026-05-22,89.0999984741211,89.97000122070312,88.16999816894531,88.5999984741211,,23847200.0
2026-05-26,88.4000015258789,88.7300033569336,87.25,87.68000030517578,87.68000030517578,24014500.0
2026-05-27,87.05000305175781,88.5,86.81999969482422,87.3499984741211,87.3499984741211,22569500.0
2026-05-28,86.9000015258789,87.04000091552734,85.58999633789062,86.36000061035156,86.36000061035156,38803800.0
2026-05-29,86.19999694824219,86.66999816894531,85.66000366210938,86.0199966430664,86.0199966430664,39793600.0
2026-06-01,85.7300033569336,87.2300033569336,85.31999969482422,85.8499984741211,85.8499984741211,32747200.0
2026-06-02,85.61000061035156,85.9800033569336,83.29000091552734,83.33000183105469,83.33000183105469,42947200.0
2026-06-03,82.91000366210938,83.30999755859375,81.0999984741211,81.5199966430664,81.5199966430664,36714700.0
2026-06-04,83.23500061035156,83.69999694824219,81.37000274658203,81.55999755859375,81.55999755859375,39031609.0
