date,open,high,low,close,adj_close,volume
2018-01-02,4.894499778747559,4.987500190734863,4.862500190734863,4.983749866485596,4.9282660484313965,355616000.0
2018-01-03,5.102499961853027,5.34250020980835,5.09375,5.3117499351501465,5.252613544464111,914704000.0
2018-01-04,5.394000053405762,5.451250076293945,5.317249774932861,5.339749813079834,5.280303955078125,583268000.0
2018-01-05,5.354750156402588,5.422749996185303,5.2769999504089355,5.385000228881836,5.325048446655273,580124000.0
2018-01-08,5.510000228881836,5.625,5.4644999504089355,5.550000190734863,5.488211631774902,881216000.0
2018-01-09,5.555500030517578,5.5954999923706055,5.466000080108643,5.548500061035156,5.486729621887207,497000000.0
2018-01-10,5.454999923706055,5.5954999923706055,5.400000095367432,5.5920000076293945,5.5297441482543945,582664000.0
2018-01-11,5.625,5.656750202178955,5.580249786376953,5.6020002365112305,5.539633750915527,406032000.0
2018-01-12,5.590000152587891,5.624750137329102,5.5335001945495605,5.57450008392334,5.512441158294678,359916000.0
2018-01-16,5.601250171661377,5.687749862670898,5.417250156402588,5.502749919891357,5.4414873123168945,702348000.0
2018-01-17,5.517499923706055,5.627999782562256,5.422500133514404,5.618000030517578,5.555455684661865,538408000.0
2018-01-18,5.598499774932861,5.665999889373779,5.566999912261963,5.611000061035156,5.548534393310547,408632000.0
2018-01-19,5.702250003814697,5.777249813079834,5.675000190734863,5.752749919891357,5.688705921173096,609380000.0
2018-01-22,5.760749816894531,5.843999862670898,5.702499866485596,5.842249870300293,5.7772088050842285,550944000.0
2018-01-23,5.896249771118164,5.9957499504089355,5.877500057220459,5.972750186920166,5.906255722045898,475228000.0
2018-01-24,5.97599983215332,6.012249946594238,5.838749885559082,5.894999980926514,5.829372406005859,579972000.0
2018-01-25,5.949999809265137,5.993750095367432,5.893750190734863,5.908750057220459,5.842968940734863,409884000.0
2018-01-26,5.953000068664551,6.083499908447266,5.940000057220459,6.083250045776367,6.015525817871094,516356000.0
2018-01-29,6.06850004196167,6.202750205993652,6.015250205993652,6.171249866485596,6.102546691894531,455116000.0
2018-01-30,6.027750015258789,6.1605000495910645,5.960249900817871,6.067999839782715,6.000445365905762,570832000.0
2018-01-31,6.14424991607666,6.231750011444092,6.111249923706055,6.144999980926514,6.076588153839111,478576000.0
2018-02-01,5.9629998207092285,6.172500133514404,5.951499938964844,6.012499809265137,5.945562839508057,519224000.0
2018-02-02,5.925000190734863,5.949250221252441,5.779250144958496,5.8379998207092285,5.773005962371826,718464000.0
2018-02-05,5.675000190734863,5.830749988555908,5.125,5.34250020980835,5.283023834228516,1165204000.0
2018-02-06,5.110000133514404,5.642499923706055,5.099999904632568,5.639500141143799,5.57671594619751,1114800000.0
2018-02-07,5.739500045776367,5.8742499351501465,5.667500019073486,5.71999979019165,5.656319618225098,802932000.0
2018-02-08,5.8470001220703125,5.880499839782715,5.437749862670898,5.438000202178955,5.37746000289917,1144000000.0
2018-02-09,5.956250190734863,5.972249984741211,5.438000202178955,5.802000045776367,5.737407207489014,1674604000.0
2018-02-12,5.883999824523926,5.88700008392334,5.6257500648498535,5.70074987411499,5.6372833251953125,1093172000.0
2018-02-13,5.664000034332275,5.862500190734863,5.631249904632568,5.8157501220703125,5.751004695892334,625524000.0
2018-02-14,5.775000095367432,6.0647501945495605,5.763750076293945,6.0355000495910645,5.968307018280029,744988000.0
2018-02-15,6.119750022888184,6.209249973297119,6.038000106811523,6.162499904632568,6.093893051147461,698900000.0
2018-02-16,6.135000228881836,6.25,6.086750030517578,6.0960001945495605,6.028135299682617,637656000.0
2018-02-20,6.118750095367432,6.296750068664551,6.114999771118164,6.2270002365112305,6.157674789428711,686240000.0
2018-02-21,6.292250156402588,6.29925012588501,6.033999919891357,6.037749767303467,5.970531463623047,892292000.0
2018-02-22,6.0682501792907715,6.140749931335449,5.987500190734863,6.053750038146973,5.990072250366211,534364000.0
2018-02-23,6.114250183105469,6.148250102996826,6.063000202178955,6.148250102996826,6.083580017089844,415300000.0
2018-02-26,6.195000171661377,6.19950008392334,6.101500034332275,6.1645002365112305,6.099658966064453,469312000.0
2018-02-27,6.137499809265137,6.222750186920166,6.1282501220703125,6.151500225067139,6.08679723739624,455436000.0
2018-02-28,6.162499904632568,6.202499866485596,6.038249969482422,6.050000190734863,5.986364364624023,523116000.0
2018-03-01,6.047749996185303,6.102250099182129,5.703000068664551,5.80525016784668,5.744189262390137,1040120000.0
2018-03-02,5.696499824523926,5.920000076293945,5.546249866485596,5.91349983215332,5.85129976272583,913428000.0
2018-03-05,5.862750053405762,5.931250095367432,5.73799991607666,5.891250133514404,5.829284191131592,620776000.0
2018-03-06,5.977499961853027,6.073500156402588,5.934000015258789,6.053999900817871,5.99031925201416,636808000.0
2018-03-07,5.949999809265137,6.098750114440918,5.948750019073486,6.046000003814697,5.982405662536621,581208000.0
2018-03-08,6.073750019073486,6.073750019073486,5.984749794006348,6.0295000076293945,5.966078758239746,411912000.0
2018-03-09,6.077499866485596,6.146249771118164,6.06125020980835,6.1332502365112305,6.0687384605407715,505524000.0
2018-03-12,6.175000190734863,6.324999809265137,6.166749954223633,6.24399995803833,6.178323745727539,605060000.0
2018-03-13,6.28725004196167,6.362500190734863,6.151000022888184,6.192749977111816,6.127612113952637,619772000.0
2018-03-14,6.236249923706055,6.263750076293945,6.1554999351501465,6.218500137329102,6.1530914306640625,505496000.0
2018-03-15,6.232250213623047,6.315499782562256,6.190999984741211,6.233500003814697,6.16793155670166,401952000.0
2018-03-16,6.25,6.28125,6.211999893188477,6.26200008392334,6.196134090423584,399456000.0
2018-03-19,6.204500198364258,6.233749866485596,5.925000190734863,6.025000095367432,5.961625576019287,713772000.0
2018-03-20,6.0279998779296875,6.278749942779541,6.0279998779296875,6.239500045776367,6.1738715171813965,554696000.0
2018-03-21,6.232999801635742,6.300000190734863,6.1832499504089355,6.214000225067139,6.148640155792236,438688000.0
2018-03-22,6.150000095367432,6.197000026702881,6.008500099182129,6.046249866485596,5.9826531410217285,551196000.0
2018-03-23,6.059999942779541,6.0625,5.813000202178955,5.824250221252441,5.762989044189453,735620000.0
2018-03-26,5.949999809265137,6.113249778747559,5.897500038146973,6.111999988555908,6.047712802886963,611424000.0
2018-03-27,6.193749904632568,6.25,5.496250152587891,5.638000011444092,5.578697204589844,1409000000.0
2018-03-28,5.603250026702881,5.734749794006348,5.425000190734863,5.533750057220459,5.475543975830078,945904000.0
2018-03-29,5.602749824523926,5.887499809265137,5.517499923706055,5.789750099182129,5.728851795196533,916628000.0
2018-04-02,5.718500137329102,5.866250038146973,5.4375,5.526249885559082,5.468122482299805,922092000.0
2018-04-03,5.695000171661377,5.758749961853027,5.533750057220459,5.633749961853027,5.574492454528809,667432000.0
2018-04-04,5.375249862670898,5.666500091552734,5.349999904632568,5.656000137329102,5.596508979797363,789168000.0
2018-04-05,5.715000152587891,5.728250026702881,5.462250232696533,5.5345001220703125,5.476287841796875,701240000.0
2018-04-06,5.430749893188477,5.539999961853027,5.326749801635742,5.356249809265137,5.299911022186279,662988000.0
2018-04-09,5.420000076293945,5.54925012588501,5.364999771118164,5.385250091552734,5.328606128692627,499524000.0
2018-04-10,5.618000030517578,5.724999904632568,5.5602498054504395,5.697750091552734,5.637818336486816,761676000.0
2018-04-11,5.682750225067139,5.7245001792907715,5.623000144958496,5.656000137329102,5.596508979797363,460244000.0
2018-04-12,5.75,5.882999897003174,5.705249786376953,5.864999771118164,5.803310871124268,593920000.0
2018-04-13,5.9292497634887695,5.937749862670898,5.738749980926514,5.787499904632568,5.726624965667725,503036000.0
2018-04-16,5.794250011444092,5.821000099182129,5.691999912261963,5.78725004196167,5.726377964019775,350792000.0
2018-04-17,5.840000152587891,5.960000038146973,5.783750057220459,5.938499927520752,5.876036167144775,447224000.0
2018-04-18,5.887499809265137,5.981249809265137,5.819250106811523,5.909249782562256,5.847095012664795,391364000.0
2018-04-19,5.793749809265137,5.827499866485596,5.670000076293945,5.72599983215332,5.665771007537842,471996000.0
2018-04-20,5.717249870300293,5.802499771118164,5.68625020980835,5.717750072479248,5.657608985900879,386200000.0
2018-04-23,5.735750198364258,5.787499904632568,5.5707502365112305,5.5970001220703125,5.5381293296813965,427508000.0
2018-04-24,5.623000144958496,5.71999979019165,5.464000225067139,5.53000020980835,5.4718337059021,414596000.0
2018-04-25,5.5,5.5395002365112305,5.257500171661377,5.416500091552734,5.359525680541992,588492000.0
2018-04-26,5.579999923706055,5.638750076293945,5.51324987411499,5.630499839782715,5.57127571105957,375824000.0
2018-04-27,5.737500190734863,5.757500171661377,5.615499973297119,5.658249855041504,5.598734378814697,400848000.0
2018-04-30,5.674749851226807,5.724999904632568,5.603000164031982,5.622499942779541,5.563360691070557,327844000.0
2018-05-01,5.614250183105469,5.681250095367432,5.554999828338623,5.678500175476074,5.618772506713867,253788000.0
2018-05-02,5.675000190734863,5.71999979019165,5.631249904632568,5.657750129699707,5.598239898681641,268248000.0
2018-05-03,5.690000057220459,5.851250171661377,5.64424991607666,5.824749946594238,5.763482570648193,443144000.0
2018-05-04,5.795750141143799,5.979750156402588,5.778250217437744,5.976500034332275,5.913635730743408,400660000.0
2018-05-07,6.082250118255615,6.274750232696533,6.072249889373779,6.2170000076293945,6.151605606079102,687616000.0
2018-05-08,6.217249870300293,6.262750148773193,6.167749881744385,6.260000228881836,6.194155693054199,506616000.0
2018-05-09,6.280250072479248,6.396749973297119,6.252749919891357,6.394499778747559,6.327240467071533,596760000.0
2018-05-10,6.447999954223633,6.512499809265137,6.429999828338623,6.5032501220703125,6.434845447540283,994080000.0
2018-05-11,6.319499969482422,6.494750022888184,6.263500213623047,6.363249778747559,6.296318054199219,1214456000.0
2018-05-14,6.401750087738037,6.462250232696533,6.360000133514404,6.383999824523926,6.316850185394287,523140000.0
2018-05-15,6.31974983215332,6.322500228881836,6.037499904632568,6.138999938964844,6.074428558349609,963528000.0
2018-05-16,6.099999904632568,6.2129998207092285,6.062749862670898,6.15024995803833,6.085558891296387,553828000.0
2018-05-17,6.1519999504089355,6.287499904632568,6.135749816894531,6.192749977111816,6.127612113952637,519784000.0
2018-05-18,6.245250225067139,6.3092498779296875,6.143499851226807,6.148499965667725,6.083828449249268,483716000.0
2018-05-21,6.247000217437744,6.2507500648498535,6.012249946594238,6.105999946594238,6.041774272918701,640624000.0
2018-05-22,6.119500160217285,6.144999980926514,6.006249904632568,6.067500114440918,6.003681182861328,518264000.0
2018-05-23,6.006999969482422,6.1897501945495605,6.006249904632568,6.188499927520752,6.127192974090576,442956000.0
2018-05-24,6.184750080108643,6.235000133514404,6.13100004196167,6.192249774932861,6.130906581878662,437372000.0
2018-05-25,6.204999923706055,6.248499870300293,6.169000148773193,6.23199987411499,6.170262336730957,292112000.0
2018-05-29,6.213749885559082,6.2835001945495605,6.167500019073486,6.214749813079834,6.153184413909912,352684000.0
2018-05-30,6.24875020980835,6.333499908447266,6.223750114440918,6.324749946594238,6.262095928192139,390996000.0
2018-05-31,6.292500019073486,6.380000114440918,6.281750202178955,6.304749965667725,6.242292881011963,493868000.0
2018-06-01,6.349999904632568,6.446750164031982,6.341249942779541,6.440499782562256,6.376697063446045,421968000.0
2018-06-04,6.474999904632568,6.643499851226807,6.442500114440918,6.621250152587891,6.555656909942627,642024000.0
2018-06-05,6.624499797821045,6.664750099182129,6.579249858856201,6.6267499923706055,6.561101913452148,391712000.0
2018-06-06,6.535749912261963,6.631999969482422,6.51924991607666,6.628749847412109,6.563083171844482,371356000.0
2018-06-07,6.625,6.63700008392334,6.481249809265137,6.572500228881836,6.50739049911499,369448000.0
2018-06-08,6.499000072479248,6.599999904632568,6.480000019073486,6.557000160217285,6.492043972015381,360456000.0
2018-06-11,6.544250011444092,6.586249828338623,6.502500057220459,6.515500068664551,6.450953960418701,265372000.0
2018-06-12,6.542250156402588,6.576749801635742,6.491499900817871,6.564499855041504,6.49946928024292,319160000.0
2018-06-13,6.565999984741211,6.641749858856201,6.550749778747559,6.559999942779541,6.495014667510986,338208000.0
2018-06-14,6.605500221252441,6.730000019073486,6.5904998779296875,6.672749996185303,6.606646537780762,430016000.0
2018-06-15,6.614999771118164,6.686999797821045,6.583749771118164,6.631499767303467,6.565804481506348,432260000.0
2018-06-18,6.586999893188477,6.644999980926514,6.559500217437744,6.6272501945495605,6.561596870422363,356268000.0
2018-06-19,6.5229997634887695,6.591000080108643,6.375500202178955,6.5042500495910645,6.439815044403076,594932000.0
2018-06-20,6.545750141143799,6.611249923706055,6.506999969482422,6.557750225067139,6.492785930633545,369780000.0
2018-06-21,6.590000152587891,6.608500003814697,6.420000076293945,6.427750110626221,6.364073276519775,359516000.0
2018-06-22,6.448750019073486,6.462250232696533,6.2582502365112305,6.273749828338623,6.211599826812744,434160000.0
2018-06-25,6.166250228881836,6.170000076293945,5.888500213623047,5.978000164031982,5.918778896331787,665816000.0
2018-06-26,6.09250020980835,6.141250133514404,5.9977498054504395,6.049749851226807,5.989818572998047,478884000.0
2018-06-27,6.09375,6.160749912261963,5.887499809265137,5.89300012588501,5.834621429443359,453892000.0
2018-06-28,5.882999897003174,6.0335001945495605,5.875249862670898,6.021500110626221,5.961849212646484,338012000.0
2018-06-29,6.087250232696533,6.099999904632568,5.921249866485596,5.922500133514404,5.863828659057617,392300000.0
2018-07-02,5.852250099182129,6.059750080108643,5.831500053405762,6.056000232696533,5.996007442474365,357572000.0
2018-07-03,6.091000080108643,6.0970001220703125,5.912499904632568,5.921000003814697,5.862344741821289,222732000.0
2018-07-05,5.976749897003174,6.073249816894531,5.9375,6.0682501792907715,6.008133888244629,306216000.0
2018-07-06,6.043499946594238,6.1917500495910645,6.021999835968018,6.1832499504089355,6.121995449066162,296352000.0
2018-07-09,6.2582502365112305,6.26800012588501,6.151750087738037,6.231249809265137,6.169520854949951,303880000.0
2018-07-10,6.243750095367432,6.353499889373779,6.203000068664551,6.331250190734863,6.268529891967773,360016000.0
2018-07-11,6.237500190734863,6.272500038146973,6.177499771118164,6.1882500648498535,6.126946449279785,367508000.0
2018-07-12,6.234000205993652,6.329249858856201,6.223999977111816,6.280749797821045,6.218530178070068,345508000.0
2018-07-13,6.299499988555908,6.299499988555908,6.190499782562256,6.232999801635742,6.171253681182861,246988000.0
2018-07-16,6.204999923706055,6.258500099182129,6.192500114440918,6.204999923706055,6.143531322479248,197036000.0
2018-07-17,6.155250072479248,6.357500076293945,6.129499912261963,6.342249870300293,6.279421329498291,362136000.0
2018-07-18,6.334750175476074,6.348750114440918,6.241000175476074,6.292500019073486,6.23016357421875,277640000.0
2018-07-19,6.273499965667725,6.334750175476074,6.2582502365112305,6.300749778747559,6.2383317947387695,235752000.0
2018-07-20,6.298250198364258,6.337500095367432,6.261250019073486,6.272250175476074,6.210114479064941,222352000.0
2018-07-23,6.245500087738037,6.247250080108643,6.081999778747559,6.235249996185303,6.17348051071167,301584000.0
2018-07-24,6.283750057220459,6.371250152587891,6.199999809265137,6.217750072479248,6.156153678894043,354620000.0
2018-07-25,6.227250099182129,6.309500217437744,6.168749809265137,6.296750068664551,6.234371662139893,319112000.0
2018-07-26,6.276500225067139,6.408249855041504,6.259500026702881,6.370999813079834,6.307886123657227,325124000.0
2018-07-27,6.4079999923706055,6.414999961853027,6.245999813079834,6.30049991607666,6.2380852699279785,295420000.0
2018-07-30,6.3147501945495605,6.3207502365112305,6.067999839782715,6.103250026702881,6.042789459228516,340340000.0
2018-07-31,6.092750072479248,6.197000026702881,6.053500175476074,6.121500015258789,6.060858726501465,283988000.0
2018-08-01,6.153250217437744,6.209000110626221,6.097249984741211,6.161749839782715,6.100709915161133,283556000.0
2018-08-02,6.089749813079834,6.269499778747559,6.030250072479248,6.265500068664551,6.203431606292725,269668000.0
2018-08-03,6.290249824523926,6.326499938964844,6.273250102996826,6.302499771118164,6.2400641441345215,214288000.0
2018-08-06,6.289750099182129,6.354249954223633,6.24275016784668,6.350749969482422,6.28783655166626,207508000.0
2018-08-07,6.400000095367432,6.442500114440918,6.373000144958496,6.423749923706055,6.36011266708374,258132000.0
2018-08-08,6.425000190734863,6.50600004196167,6.389750003814697,6.4604997634887695,6.396500587463379,262100000.0
2018-08-09,6.478499889373779,6.481249809265137,6.403749942779541,6.411499977111816,6.3479838371276855,204280000.0
2018-08-10,6.328750133514404,6.402500152587891,6.317500114440918,6.369750022888184,6.306647300720215,256396000.0
2018-08-13,6.378499984741211,6.525000095367432,6.3767499923706055,6.4029998779296875,6.339568614959717,375208000.0
2018-08-14,6.509500026702881,6.550000190734863,6.42549991607666,6.535749912261963,6.471004009246826,466220000.0
2018-08-15,6.5567498207092285,6.591000080108643,6.397500038146973,6.4770002365112305,6.412837505340576,591136000.0
2018-08-16,6.547500133514404,6.550000190734863,6.375249862670898,6.435999870300293,6.372241973876953,801260000.0
2018-08-17,6.323500156402588,6.324250221252441,6.093249797821045,6.120500087738037,6.059868812561035,1143188000.0
2018-08-20,6.079500198364258,6.329999923706055,5.9679999351501465,6.196000099182129,6.134620666503906,854388000.0
2018-08-21,6.212500095367432,6.337500095367432,6.192500114440918,6.333000183105469,6.270261764526367,673988000.0
2018-08-22,6.300000190734863,6.575500011444092,6.296500205993652,6.570499897003174,6.50540828704834,749856000.0
2018-08-23,6.531499862670898,6.736999988555908,6.517499923706055,6.671000003814697,6.604914665222168,720684000.0
2018-08-24,6.679500102996826,6.820250034332275,6.675000190734863,6.805500030517578,6.7380805015563965,531512000.0
2018-08-27,6.8354997634887695,6.972499847412109,6.803750038146973,6.897500038146973,6.829171657562256,505776000.0
2018-08-28,6.891499996185303,6.9145002365112305,6.738249778747559,6.859499931335449,6.7915472984313965,475384000.0
2018-08-29,6.8480000495910645,6.987500190734863,6.827000141143799,6.962250232696533,6.897050380706787,420108000.0
2018-08-30,6.930749893188477,7.043000221252441,6.9079999923706055,6.945250034332275,6.880207538604736,346608000.0
2018-08-31,6.925000190734863,7.03000020980835,6.914999961853027,7.017000198364258,6.951288223266602,306592000.0
2018-09-04,7.003749847412109,7.130499839782715,6.974999904632568,7.09250020980835,7.026079177856445,391720000.0
2018-09-05,7.074749946594238,7.110499858856201,6.878749847412109,6.9604997634887695,6.8953142166137695,393156000.0
2018-09-06,6.943999767303467,6.946499824523926,6.784749984741211,6.817999839782715,6.754149913787842,322796000.0
2018-09-07,6.724999904632568,6.923250198364258,6.679749965667725,6.796500205993652,6.732851028442383,295420000.0
2018-09-10,6.819250106811523,6.898250102996826,6.775000095367432,6.868249893188477,6.803929805755615,220140000.0
2018-09-11,6.821499824523926,6.909999847412109,6.80049991607666,6.820000171661377,6.756131172180176,243112000.0
2018-09-12,6.779749870300293,6.799499988555908,6.547999858856201,6.704999923706055,6.642207622528076,419092000.0
2018-09-13,6.771500110626221,6.875,6.754000186920166,6.7835001945495605,6.719974040985107,305536000.0
2018-09-14,6.874750137329102,6.977499961853027,6.837500095367432,6.910749912261963,6.846031665802002,386936000.0
2018-09-17,6.885000228881836,6.934500217437744,6.828750133514404,6.848249912261963,6.784117221832275,205528000.0
2018-09-18,6.852250099182129,6.955999851226807,6.768750190734863,6.7754998207092285,6.7120466232299805,299520000.0
2018-09-19,6.756750106811523,6.817500114440918,6.706250190734863,6.799499988555908,6.735824108123779,224860000.0
2018-09-20,6.676249980926514,6.718999862670898,6.602499961853027,6.6570000648498535,6.594655990600586,430584000.0
2018-09-21,6.669000148773193,6.715000152587891,6.552750110626221,6.586249828338623,6.524569511413574,435128000.0
2018-09-24,6.554999828338623,6.645999908447266,6.4670000076293945,6.642499923706055,6.580294609069824,293912000.0
2018-09-25,6.709249973297119,6.735499858856201,6.6227498054504395,6.710249900817871,6.647409439086914,280388000.0
2018-09-26,6.715250015258789,6.75600004196167,6.6570000648498535,6.672999858856201,6.610508441925049,268548000.0
2018-09-27,6.708499908447266,6.730000019073486,6.653250217437744,6.684999942779541,6.6223955154418945,214428000.0
2018-09-28,6.8182501792907715,7.047999858856201,6.789999961853027,7.0254998207092285,6.9597063064575195,709396000.0
2018-10-01,7.104000091552734,7.301499843597412,7.065000057220459,7.234000205993652,7.166254997253418,622060000.0
2018-10-02,7.206250190734863,7.318999767303467,7.139500141143799,7.1620001792907715,7.09492826461792,383964000.0
2018-10-03,7.232999801635742,7.240499973297119,7.0632500648498535,7.16825008392334,7.101120471954346,320552000.0
2018-10-04,7.131750106811523,7.15625,6.9045000076293945,6.982250213623047,6.916861534118652,391220000.0
2018-10-05,6.957250118255615,7.019999980926514,6.688499927520752,6.746500015258789,6.683319091796875,426636000.0
2018-10-08,6.662499904632568,6.7789998054504395,6.501999855041504,6.64424991607666,6.582028388977051,408612000.0
2018-10-09,6.623499870300293,6.718999862670898,6.570000171661377,6.638500213623047,6.576332092285156,273500000.0
2018-10-10,6.531499862670898,6.577750205993652,6.139999866485596,6.142250061035156,6.084728717803955,684940000.0
2018-10-11,6.0542497634887695,6.189000129699707,5.856500148773193,5.8782501220703125,5.823202133178711,725436000.0
2018-10-12,6.137750148773193,6.238500118255615,5.991250038146973,6.16349983215332,6.105779647827148,608236000.0
2018-10-15,6.150000095367432,6.150000095367432,5.883500099182129,5.884500026702881,5.829392433166504,449760000.0
2018-10-16,5.9982500076293945,6.1570000648498535,5.948500156402588,6.145750045776367,6.088194847106934,408712000.0
2018-10-17,6.208499908447266,6.247000217437744,6.0269999504089355,6.076499938964844,6.019594192504883,329668000.0
2018-10-18,6.146500110626221,6.1852498054504395,5.927249908447266,5.988249778747559,5.93217134475708,524020000.0
2018-10-19,6.044000148773193,6.06374979019165,5.692500114440918,5.729249954223633,5.675594806671143,613608000.0
2018-10-22,5.7820000648498535,5.882999897003174,5.676750183105469,5.7804999351501465,5.72636604309082,368844000.0
2018-10-23,5.510749816894531,5.604750156402588,5.417749881744385,5.526500225067139,5.474745273590088,626436000.0
2018-10-24,5.487750053405762,5.534749984741211,4.971250057220459,4.985249996185303,4.938564300537109,884288000.0
2018-10-25,4.886750221252441,5.243750095367432,4.8420000076293945,5.196000099182129,5.147341251373291,951720000.0
2018-10-26,4.957749843597412,5.120999813079834,4.828000068664551,4.957250118255615,4.910825252532959,664784000.0
2018-10-29,5.09975004196167,5.103250026702881,4.40024995803833,4.640500068664551,4.597042083740234,758016000.0
2018-10-30,4.663750171661377,5.085000038146973,4.640500068664551,5.074999809265137,5.027472972869873,807192000.0
2018-10-31,5.241250038146973,5.3147501945495605,5.100249767303467,5.270750045776367,5.221388816833496,745772000.0
2018-11-01,5.307499885559082,5.462250232696533,5.179749965667725,5.452750205993652,5.4016876220703125,566528000.0
2018-11-02,5.4432501792907715,5.550000190734863,5.255249977111816,5.373000144958496,5.322680950164795,452960000.0
2018-11-05,5.359749794006348,5.3832502365112305,5.131999969482422,5.294250011444092,5.244670391082764,379332000.0
2018-11-06,5.286250114440918,5.371250152587891,5.238999843597412,5.276500225067139,5.227087020874023,299012000.0
2018-11-07,5.34375,5.4352498054504395,5.2795000076293945,5.344749927520752,5.294696807861328,483812000.0
2018-11-08,5.284999847412109,5.285749912261963,5.095749855041504,5.149750232696533,5.101522922515869,511352000.0
2018-11-09,5.059999942779541,5.232999801635742,5.026000022888184,5.141749858856201,5.093597412109375,413240000.0
2018-11-12,5.049499988555908,5.071750164031982,4.7164998054504395,4.738500118255615,4.694124221801758,617116000.0
2018-11-13,4.837250232696533,5.105249881744385,4.830999851226807,4.982749938964844,4.936087608337402,644712000.0
2018-11-14,5.15749979019165,5.171999931335449,4.8207502365112305,4.929749965667725,4.8835835456848145,526580000.0
2018-11-15,4.923749923706055,5.132500171661377,4.887499809265137,5.059750080108643,5.012366771697998,840708000.0
2018-11-16,4.083000183105469,4.266499996185303,4.040249824523926,4.110750198364258,4.072253704071045,1963520000.0
2018-11-19,4.044750213623047,4.045499801635742,3.6157500743865967,3.617500066757202,3.5836222171783447,1697820000.0
2018-11-20,3.3515000343322754,3.8564999103546143,3.332750082015991,3.7269999980926514,3.6920976638793945,1692032000.0
2018-11-21,3.865499973297119,3.882499933242798,3.590250015258789,3.6177499294281006,3.583869695663452,1025496000.0
2018-11-23,3.582750082015991,3.7397499084472656,3.5697500705718994,3.625,3.591052532196045,411968000.0
2018-11-26,3.7472500801086426,3.836750030517578,3.6640000343322754,3.8262500762939458,3.7904176712036137,814832000.0
2018-11-27,3.799999952316284,3.9252500534057617,3.7637500762939458,3.843250036239624,3.8072586059570312,738060000.0
2018-11-28,3.961999893188477,4.006999969482422,3.828249931335449,4.0017499923706055,3.964273691177368,804524000.0
2018-11-29,4.0,4.037499904632568,3.9035000801086426,3.934000015258789,3.9010579586029057,549172000.0
2018-11-30,3.943749904632568,4.096499919891357,3.89299988746643,4.085750102996826,4.0515360832214355,729564000.0
2018-12-03,4.315000057220459,4.367000102996826,4.183499813079834,4.250999927520752,4.215404033660889,890804000.0
2018-12-04,4.205999851226807,4.210999965667725,3.912499904632568,3.9277501106262207,3.8948605060577393,812112000.0
2018-12-06,3.78600001335144,3.962249994277954,3.770250082015991,3.9572501182556152,3.9241139888763423,692308000.0
2018-12-07,3.9614999294281006,3.971750020980835,3.640500068664551,3.6902499198913574,3.659349203109741,681676000.0
2018-12-10,3.6449999809265137,3.821500062942505,3.641249895095825,3.7964999675750737,3.764708995819092,629472000.0
2018-12-11,3.888999938964844,3.897249937057495,3.625,3.704750061035156,3.6737277507781982,671912000.0
2018-12-12,3.7105000019073486,3.819499969482422,3.620500087738037,3.722500085830689,3.691329002380371,654136000.0
2018-12-13,3.7697501182556152,3.8345000743865967,3.686000108718872,3.722249984741211,3.6910810470581055,471384000.0
2018-12-14,3.6802499294281006,3.7647500038146977,3.637500047683716,3.661250114440918,3.630592107772827,471820000.0
2018-12-17,3.63100004196167,3.703749895095825,3.5309998989105225,3.5894999504089355,3.5594427585601807,662868000.0
2018-12-18,3.6337499618530273,3.7582499980926514,3.606250047683716,3.673500061035156,3.6427390575408936,564372000.0
2018-12-19,3.63949990272522,3.69350004196167,3.410749912261963,3.46274995803833,3.433753967285156,745364000.0
2018-12-20,3.4542500972747803,3.5450000762939453,3.3172500133514404,3.377500057220459,3.3492181301116943,749588000.0
2018-12-21,3.404249906539917,3.4375,3.2114999294281006,3.2392499446868896,3.2121262550354004,863740000.0
2018-12-24,3.16225004196167,3.249500036239624,3.112499952316284,3.177000045776367,3.1503970623016357,463840000.0
2018-12-26,3.2235000133514404,3.3285000324249268,3.111500024795532,3.327500104904175,3.2996370792388916,695100000.0
2018-12-27,3.274749994277954,3.309499979019165,3.129499912261963,3.279249906539917,3.2517905235290527,637044000.0
2018-12-28,3.299999952316284,3.4347500801086426,3.2577500343322754,3.341249942779541,3.3132715225219727,628728000.0
2018-12-31,3.384999990463257,3.4177498817443848,3.30649995803833,3.3375000953674316,3.3095531463623047,465140000.0
2019-01-02,3.2660000324249268,3.461999893188477,3.2512500286102295,3.4054999351501465,3.3769829273223877,508752000.0
2019-01-03,3.344749927520752,3.378999948501587,3.1922500133514404,3.1997499465942383,3.1729562282562256,705552000.0
2019-01-04,3.2734999656677246,3.4432499408721924,3.242500066757202,3.404750108718872,3.37623929977417,585620000.0
2019-01-07,3.4625000953674316,3.6222500801086426,3.410749912261963,3.5850000381469727,3.554980516433716,709160000.0
2019-01-08,3.667249917984009,3.66950011253357,3.422499895095825,3.4957499504089355,3.4664769172668457,786016000.0
2019-01-09,3.547499895095825,3.6122500896453857,3.496500015258789,3.564500093460083,3.534651517868042,617260000.0
2019-01-10,3.5450000762939453,3.63949990272522,3.4839999675750732,3.630749940872192,3.6003472805023193,523156000.0
2019-01-11,3.60824990272522,3.743750095367432,3.580250024795532,3.720750093460083,3.689593553543091,874764000.0
2019-01-14,3.6679999828338623,3.786499977111816,3.64424991607666,3.760999917984009,3.729506015777588,730168000.0
2019-01-15,3.7939999103546143,3.833750009536743,3.728250026702881,3.7467501163482666,3.7153759002685542,617012000.0
2019-01-16,3.774250030517578,3.807499885559082,3.7155001163482666,3.7209999561309814,3.689841270446778,470104000.0
2019-01-17,3.6877501010894775,3.833250045776367,3.660249948501587,3.7929999828338623,3.7612383365631104,493436000.0
2019-01-18,3.843250036239624,3.94950008392334,3.791249990463257,3.9232499599456783,3.890397787094116,651336000.0
2019-01-22,3.892750024795532,3.9045000076293945,3.6887500286102295,3.719249963760376,3.6881062984466553,661552000.0
2019-01-23,3.775000095367432,3.864500045776367,3.70075011253357,3.732249975204468,3.700998544692993,591020000.0
2019-01-24,3.817500114440918,3.963749885559082,3.8127501010894775,3.946000099182129,3.9129581451416016,708972000.0
2019-01-25,3.885999917984009,4.021999835968018,3.7825000286102295,4.003749847412109,3.970223665237427,1154572000.0
2019-01-28,3.413749933242798,3.5409998893737793,3.2750000953674316,3.4502499103546143,3.421359062194824,2511528000.0
2019-01-29,3.403749942779541,3.452500104904175,3.27524995803833,3.2899999618530273,3.262451171875,1153932000.0
2019-01-30,3.3667500019073486,3.4492499828338623,3.2864999771118164,3.4347500801086426,3.405988931655884,974228000.0
2019-01-31,3.43149995803833,3.62975001335144,3.4094998836517334,3.59375,3.563656806945801,842852000.0
2019-02-01,3.612499952316284,3.669749975204468,3.564500093460083,3.618249893188477,3.587951898574829,625048000.0
2019-02-04,3.6342499256134033,3.7669999599456783,3.611999988555908,3.7295000553131104,3.698270559310913,528592000.0
2019-02-05,3.741499900817871,3.785749912261963,3.7074999809265137,3.7487499713897705,3.71735954284668,542424000.0
2019-02-06,3.782249927520752,3.890000104904175,3.776750087738037,3.825000047683716,3.79297137260437,702464000.0
2019-02-07,3.778249979019165,3.7804999351501465,3.642250061035156,3.685499906539917,3.6546390056610103,637120000.0
2019-02-08,3.6177499294281006,3.714999914169311,3.603250026702881,3.70425009727478,3.6732311248779297,461604000.0
2019-02-11,3.659749984741211,3.714499950408935,3.612499952316284,3.661250114440918,3.630592107772827,495180000.0
2019-02-12,3.700000047683716,3.7950000762939458,3.685499906539917,3.779249906539917,3.747603178024292,591060000.0
2019-02-13,3.809000015258789,3.895750045776367,3.795249938964844,3.822000026702881,3.7899961471557617,605372000.0
2019-02-14,3.821000099182129,3.89175009727478,3.777499914169311,3.8632500171661377,3.830900669097901,827264000.0
2019-02-15,4.073750019073486,4.096749782562256,3.910500049591065,3.933500051498413,3.9005627632141113,1516748000.0
2019-02-19,3.9227499961853023,3.9972500801086426,3.9035000801086426,3.9159998893737793,3.883208751678467,551892000.0
2019-02-20,3.945499897003174,4.031499862670898,3.9342501163482666,3.963749885559082,3.930558204650879,540988000.0
2019-02-21,3.9765000343322754,4.00124979019165,3.879499912261963,3.89424991607666,3.861640453338623,448548000.0
2019-02-22,3.946500062942505,3.9987499713897705,3.93274998664856,3.979749917984009,3.946424961090088,401740000.0
2019-02-25,4.064000129699707,4.131999969482422,3.9584999084472656,3.967250108718872,3.9340293407440186,656020000.0
2019-02-26,3.962500095367432,4.019000053405762,3.893749952316284,3.927500009536743,3.8946125507354736,488464000.0
2019-02-27,3.913000106811523,3.9397499561309814,3.8277499675750737,3.8852500915527344,3.852716207504273,500256000.0
2019-02-28,3.875,3.8975000381469727,3.8340001106262207,3.8564999103546143,3.828148603439331,324944000.0
2019-03-01,3.906749963760376,3.953749895095825,3.848000049591065,3.911250114440918,3.882495403289795,357188000.0
2019-03-04,3.950000047683716,3.973000049591065,3.862499952316284,3.91950011253357,3.8906848430633545,409992000.0
2019-03-05,3.903749942779541,3.951499938964844,3.848999977111816,3.913000106811523,3.88423228263855,362924000.0
2019-03-06,3.9040000438690186,3.912499904632568,3.798500061035156,3.8012499809265137,3.773304939270019,403524000.0
2019-03-07,3.777499914169311,3.78725004196167,3.684999942779541,3.7314999103546143,3.70406723022461,450104000.0
2019-03-08,3.6414999961853023,3.776750087738037,3.619999885559082,3.7660000324249263,3.738313674926758,422416000.0
2019-03-11,3.789750099182129,4.051499843597412,3.7422499656677246,4.028500080108643,3.9988837242126465,859728000.0
2019-03-12,4.05649995803833,4.109749794006348,3.979749917984009,4.063000202178955,4.033130645751953,579576000.0
2019-03-13,4.100749969482422,4.244999885559082,4.093249797821045,4.2154998779296875,4.184508800506592,768900000.0
2019-03-14,4.22475004196167,4.23675012588501,4.131249904632568,4.138999938964844,4.108572006225586,519384000.0
2019-03-15,4.182499885559082,4.288249969482422,4.178999900817871,4.245250225067139,4.2140398025512695,661484000.0
2019-03-18,4.2769999504089355,4.331250190734863,4.196499824523926,4.223750114440918,4.1926984786987305,486992000.0
2019-03-19,4.318999767303467,4.4375,4.302000045776367,4.392749786376953,4.3604559898376465,854972000.0
2019-03-20,4.421999931335449,4.475749969482422,4.324999809265137,4.360000133514404,4.32794713973999,719148000.0
2019-03-21,4.3832502365112305,4.625,4.3782501220703125,4.598499774932861,4.564692974090576,824312000.0
2019-03-22,4.571000099182129,4.619999885559082,4.423500061035156,4.4375,4.40487813949585,747644000.0
2019-03-25,4.396500110626221,4.461249828338623,4.277750015258789,4.3445000648498535,4.31256103515625,525212000.0
2019-03-26,4.487249851226807,4.543749809265137,4.364999771118164,4.421750068664551,4.389240741729736,703508000.0
2019-03-27,4.447500228881836,4.4942498207092285,4.34250020980835,4.412499904632568,4.380059719085693,474372000.0
2019-03-28,4.43874979019165,4.497499942779541,4.377749919891357,4.431250095367432,4.398672580718994,480264000.0
2019-03-29,4.498499870300293,4.513500213623047,4.447750091552734,4.488999843597412,4.455996990203857,456896000.0
2019-04-01,4.581500053405762,4.587500095367432,4.509250164031982,4.557000160217285,4.523499011993408,483824000.0
2019-04-02,4.581250190734863,4.619750022888184,4.538000106811523,4.574999809265137,4.541366100311279,440920000.0
2019-04-03,4.625,4.775000095367432,4.619999885559082,4.7154998779296875,4.680833339691162,783504000.0
2019-04-04,4.699999809265137,4.7492499351501465,4.643249988555908,4.706500053405762,4.671899795532227,457376000.0
2019-04-05,4.75,4.791250228881836,4.713250160217285,4.773749828338623,4.738654136657715,481744000.0
2019-04-08,4.743000030517578,4.820000171661377,4.71875,4.794750213623047,4.759500503540039,424192000.0
2019-04-09,4.761000156402588,4.772250175476074,4.689000129699707,4.731500148773193,4.696715831756592,439972000.0
2019-04-10,4.73075008392334,4.828499794006348,4.726250171661377,4.802499771118164,4.7671942710876465,444772000.0
2019-04-11,4.804999828338623,4.836750030517578,4.738749980926514,4.78849983215332,4.7532958984375,374600000.0
2019-04-12,4.827499866485596,4.831500053405762,4.741499900817871,4.750249862670898,4.715325832366943,471708000.0
2019-04-15,4.742499828338623,4.747499942779541,4.577499866485596,4.617499828338623,4.583553314208984,440092000.0
2019-04-16,4.6570000648498535,4.724249839782715,4.624000072479248,4.705249786376953,4.670659065246582,394964000.0
2019-04-17,4.740499973297119,4.761499881744385,4.659749984741211,4.682250022888184,4.6478271484375,351004000.0
2019-04-18,4.689000129699707,4.723249912261963,4.629499912261963,4.65749979019165,4.623258113861084,380988000.0
2019-04-22,4.633749961853027,4.727499961853027,4.6020002365112305,4.711750030517578,4.677110195159912,279936000.0
2019-04-23,4.724999904632568,4.798250198364258,4.715250015258789,4.766749858856201,4.731706619262695,346856000.0
2019-04-24,4.777249813079834,4.820250034332275,4.716000080108643,4.779250144958496,4.744114398956299,318204000.0
2019-04-25,4.738749980926514,4.761250019073486,4.59250020980835,4.672749996185303,4.638397693634033,499296000.0
2019-04-26,4.517749786376953,4.522250175476074,4.332499980926514,4.452250003814697,4.419519424438477,868988000.0
2019-04-29,4.460249900817871,4.511250019073486,4.387499809265137,4.483250141143799,4.450290203094482,391920000.0
2019-04-30,4.45074987411499,4.550749778747559,4.43149995803833,4.525000095367432,4.491733074188232,362920000.0
2019-05-01,4.577750205993652,4.620250225067139,4.511499881744385,4.511750221252441,4.478580951690674,354280000.0
2019-05-02,4.521500110626221,4.6217498779296875,4.478000164031982,4.579750061035156,4.546082019805908,394684000.0
2019-05-03,4.588250160217285,4.598249912261963,4.51324987411499,4.575250148773193,4.541614532470703,336824000.0
2019-05-06,4.387499809265137,4.508500099182129,4.349999904632568,4.496250152587891,4.46319580078125,422176000.0
2019-05-07,4.447500228881836,4.447500228881836,4.279250144958496,4.327750205993652,4.295934677124023,555220000.0
2019-05-08,4.300000190734863,4.428750038146973,4.288000106811523,4.3480000495910645,4.31603479385376,419168000.0
2019-05-09,4.278500080108643,4.288249969482422,4.135000228881836,4.254749774932861,4.223470687866211,660248000.0
2019-05-10,4.223750114440918,4.289750099182129,4.099999904632568,4.2204999923706055,4.189472675323486,569500000.0
2019-05-13,4.087500095367432,4.110750198364258,3.9452500343322754,3.961250066757202,3.932128667831421,656912000.0
2019-05-14,4.00124979019165,4.08650016784668,3.962249994277954,4.051000118255615,4.021218299865723,524880000.0
2019-05-15,3.994999885559082,4.026249885559082,3.9352500438690186,3.989500045776367,3.9601705074310303,502320000.0
2019-05-16,3.9839999675750737,4.047749996185303,3.941250085830689,4.004749774932861,3.9753081798553462,781088000.0
2019-05-17,3.962500095367432,4.092750072479248,3.873500108718872,3.913249969482422,3.8844807147979736,1022068000.0
2019-05-20,3.8137500286102295,3.869250059127808,3.768749952316284,3.793750047683716,3.765859603881836,572064000.0
2019-05-21,3.8550000190734863,3.8924999237060542,3.815999984741211,3.876499891281128,3.8480007648468018,361848000.0
2019-05-22,3.837500095367432,3.8637499809265137,3.7939999103546143,3.805000066757202,3.777027368545532,325868000.0
2019-05-23,3.7422499656677246,3.7422499656677246,3.6227500438690186,3.683000087738037,3.655923843383789,591844000.0
2019-05-24,3.70199990272522,3.737499952316284,3.621999979019165,3.628750085830689,3.6020727157592773,357584000.0
2019-05-28,3.6465001106262207,3.679500102996826,3.581249952316284,3.583250045776367,3.5569069385528564,428356000.0
2019-05-29,3.535249948501587,3.570499897003174,3.4735000133514404,3.508500099182129,3.4827065467834473,559800000.0
2019-05-30,3.5077500343322754,3.543750047683716,3.4392499923706055,3.477750062942505,3.4561233520507812,394300000.0
2019-05-31,3.428499937057495,3.4962499141693115,3.3847498893737793,3.3864998817443848,3.365441083908081,389720000.0
2019-06-03,3.397749900817871,3.4367499351501465,3.315000057220459,3.3445000648498535,3.3237016201019287,478644000.0
2019-06-04,3.4089999198913574,3.580250024795532,3.3867499828338623,3.575000047683716,3.5527684688568115,641836000.0
2019-06-05,3.649250030517578,3.654750108718872,3.495500087738037,3.5320000648498535,3.510035991668701,511616000.0
2019-06-06,3.536250114440918,3.619250059127808,3.533750057220459,3.5945000648498535,3.5721468925476074,408140000.0
2019-06-07,3.600500106811523,3.671999931335449,3.581249952316284,3.637500047683716,3.614879608154297,348856000.0
2019-06-10,3.694000005722046,3.779750108718872,3.694000005722046,3.710750102996826,3.6876742839813232,402780000.0
2019-06-11,3.7709999084472656,3.809000015258789,3.7290000915527344,3.768749952316284,3.74531364440918,383872000.0
2019-06-12,3.724999904632568,3.731250047683716,3.6397500038146977,3.6549999713897705,3.632270336151123,358892000.0
2019-06-13,3.6772499084472656,3.724999904632568,3.6594998836517334,3.7065000534057617,3.683450698852539,308080000.0
2019-06-14,3.6127500534057617,3.6372499465942383,3.571000099182129,3.615999937057495,3.5935137271881104,394428000.0
2019-06-17,3.6142499446868896,3.663000106811523,3.591249942779541,3.6257500648498535,3.603203058242798,276040000.0
2019-06-18,3.6875,3.8777499198913574,3.676500082015991,3.822000026702881,3.798231363296509,581920000.0
2019-06-19,3.8575000762939458,3.86899995803833,3.8017499446868896,3.828000068664551,3.804194927215576,331644000.0
2019-06-20,3.919250011444092,3.933249950408935,3.838000059127808,3.8524999618530273,3.828542947769165,350168000.0
2019-06-21,3.837500095367432,3.88700008392334,3.787499904632568,3.7939999103546143,3.770406007766723,434428000.0
2019-06-24,3.815500020980835,3.846250057220459,3.76799988746643,3.816499948501587,3.792766094207764,282948000.0
2019-06-25,3.821500062942505,3.8970000743865967,3.784250020980835,3.786999940872192,3.7634494304656982,311868000.0
2019-06-26,3.915250062942505,4.043000221252441,3.902250051498413,3.9814999103546143,3.956740379333496,584072000.0
2019-06-27,4.067749977111816,4.099999904632568,4.031499862670898,4.080749988555908,4.055373191833496,445440000.0
2019-06-28,4.125,4.134250164031982,4.058750152587891,4.10575008392334,4.0802178382873535,397668000.0
2019-07-01,4.3142499923706055,4.348750114440918,4.116499900817871,4.154250144958496,4.128415107727051,709756000.0
2019-07-02,4.137499809265137,4.158750057220459,4.042500019073486,4.055749893188477,4.030529022216797,400228000.0
2019-07-03,4.079249858856201,4.085000038146973,4.008500099182129,4.068749904632568,4.043447971343994,246636000.0
2019-07-05,4.010000228881836,4.014500141143799,3.941999912261963,4.0057501792907715,3.980839967727661,396552000.0
2019-07-08,3.9457499980926514,3.964750051498413,3.900000095367432,3.9302499294281006,3.90580940246582,329788000.0
2019-07-09,3.8877499103546143,3.9609999656677246,3.875,3.93274998664856,3.9082937240600586,342860000.0
2019-07-10,3.9765000343322754,4.0592498779296875,3.962500095367432,4.001500129699707,3.9766159057617183,452076000.0
2019-07-11,4.074999809265137,4.197999954223633,4.037499904632568,4.1570000648498535,4.131150722503662,682560000.0
2019-07-12,4.184999942779541,4.261750221252441,4.184999942779541,4.190249919891357,4.164192199707031,506392000.0
2019-07-15,4.21150016784668,4.227749824523926,4.153250217437744,4.1817498207092285,4.155745029449463,289840000.0
2019-07-16,4.166749954223633,4.204249858856201,4.120999813079834,4.177000045776367,4.151023864746094,341444000.0
2019-07-17,4.178750038146973,4.249750137329102,4.149250030517578,4.24275016784668,4.216366291046143,348204000.0
2019-07-18,4.2532501220703125,4.317749977111816,4.196249961853027,4.254499912261963,4.228042125701904,442192000.0
2019-07-19,4.293000221252441,4.299499988555908,4.204999923706055,4.210999965667725,4.184812068939209,344896000.0
2019-07-22,4.232500076293945,4.296000003814697,4.224999904632568,4.2829999923706055,4.256364822387695,315940000.0
2019-07-23,4.322500228881836,4.393499851226807,4.3067498207092285,4.391499996185303,4.364190101623535,428176000.0
2019-07-24,4.434999942779541,4.472249984741211,4.358500003814697,4.4664998054504395,4.438725471496582,366236000.0
2019-07-25,4.424749851226807,4.4375,4.310999870300293,4.334499835968018,4.307545185089111,392700000.0
2019-07-26,4.36175012588501,4.423749923706055,4.36175012588501,4.3767499923706055,4.349532127380371,274160000.0
2019-07-29,4.369500160217285,4.386750221252441,4.281750202178955,4.370500087738037,4.343321323394775,248160000.0
2019-07-30,4.323750019073486,4.398499965667725,4.3092498779296875,4.386250019073486,4.358973026275635,197772000.0
2019-07-31,4.354499816894531,4.355500221252441,4.17549991607666,4.2179999351501465,4.191769599914551,359416000.0
2019-08-01,4.228499889373779,4.319499969482422,4.070499897003174,4.123000144958496,4.097359657287598,421212000.0
2019-08-02,4.029749870300293,4.0995001792907715,3.98200011253357,4.029749870300293,4.004690170288086,428348000.0
2019-08-05,3.8450000286102295,3.846250057220459,3.722500085830689,3.7697501182556152,3.746307134628296,589156000.0
2019-08-06,3.8450000286102295,3.890749931335449,3.7607500553131104,3.808749914169311,3.785064697265625,361272000.0
2019-08-07,3.747499942779541,3.859250068664551,3.7300000190734863,3.847249984741211,3.8233253955841064,372560000.0
2019-08-08,3.905250072479248,3.957750082015991,3.847500085830689,3.9565000534057617,3.931896209716797,309300000.0
2019-08-09,3.915250062942505,3.918750047683716,3.8037500381469727,3.8545000553131104,3.830530166625977,341816000.0
2019-08-12,3.802000045776367,3.8545000553131104,3.7642500400543217,3.786250114440918,3.762704849243164,279200000.0
2019-08-13,3.784749984741211,3.947499990463257,3.745500087738037,3.901249885559082,3.876989126205444,351956000.0
2019-08-14,3.8125,3.8237500190734863,3.707750082015991,3.7517499923706055,3.7284185886383057,419880000.0
2019-08-15,3.770750045776367,3.790750026702881,3.6847500801086426,3.719249963760376,3.6961216926574703,477200000.0
2019-08-16,3.983750104904175,4.03849983215332,3.921999931335449,3.989000082015991,3.964193344116211,1007960000.0
2019-08-19,4.103000164031982,4.2855000495910645,4.086750030517578,4.269499778747559,4.24294900894165,815112000.0
2019-08-20,4.263999938964844,4.264500141143799,4.17549991607666,4.196750164031982,4.170651912689209,463188000.0
2019-08-21,4.26324987411499,4.336249828338623,4.241499900817871,4.280749797821045,4.254128456115723,427244000.0
2019-08-22,4.290500164031982,4.333250045776367,4.247499942779541,4.2870001792907715,4.260341167449951,303488000.0
2019-08-23,4.210000038146973,4.264750003814697,4.040999889373779,4.060999870300293,4.035745143890381,568056000.0
2019-08-26,4.140250205993652,4.1645002365112305,4.097750186920166,4.136250019073486,4.110527992248535,318208000.0
2019-08-27,4.174749851226807,4.177499771118164,4.015500068664551,4.045000076293945,4.019845485687256,290968000.0
2019-08-28,4.014500141143799,4.083499908447266,3.974999904632568,4.0304999351501465,4.009400367736816,255612000.0
2019-08-29,4.122499942779541,4.207499980926514,4.11899995803833,4.175000190734863,4.153143882751465,357976000.0
2019-08-30,4.221499919891357,4.271500110626221,4.16949987411499,4.187749862670898,4.165827751159668,290616000.0
2019-09-03,4.114500045776367,4.147749900817871,4.081250190734863,4.104249954223633,4.082763671875,296140000.0
2019-09-04,4.165249824523926,4.226500034332275,4.165249824523926,4.218999862670898,4.196913242340088,227728000.0
2019-09-05,4.321750164031982,4.499750137329102,4.320000171661377,4.493500232696533,4.469977378845215,695676000.0
2019-09-06,4.46999979019165,4.527249813079834,4.427999973297119,4.466249942779541,4.442870616912842,376976000.0
2019-09-09,4.497499942779541,4.5995001792907715,4.495999813079834,4.512499809265137,4.488877773284912,417524000.0
2019-09-10,4.479499816894531,4.606249809265137,4.469749927520752,4.579500198364258,4.5555267333984375,352812000.0
2019-09-11,4.594250202178955,4.656750202178955,4.565000057220459,4.608250141143799,4.584125518798828,361512000.0
2019-09-12,4.65500020980835,4.710000038146973,4.598750114440918,4.606750011444092,4.582634449005127,327840000.0
2019-09-13,4.539750099182129,4.577000141143799,4.504499912261963,4.548500061035156,4.524689197540283,324592000.0
2019-09-16,4.4730000495910645,4.539999961853027,4.462500095367432,4.505249977111816,4.481665134429932,231832000.0
2019-09-17,4.51200008392334,4.531000137329102,4.465250015258789,4.526750087738037,4.503052711486816,223048000.0
2019-09-18,4.519750118255615,4.5355000495910645,4.412499904632568,4.499499797821045,4.475944995880127,258152000.0
2019-09-19,4.505499839782715,4.52400016784668,4.412749767303467,4.423500061035156,4.4003424644470215,245476000.0
2019-09-20,4.422500133514404,4.446249961853027,4.307000160217285,4.317249774932861,4.294648170471191,350244000.0
2019-09-23,4.317500114440918,4.416749954223633,4.31374979019165,4.370999813079834,4.348117351531982,249712000.0
2019-09-24,4.402500152587891,4.432250022888184,4.277500152587891,4.3132500648498535,4.290670394897461,317268000.0
2019-09-25,4.312749862670898,4.475500106811523,4.267749786376953,4.455749988555908,4.432424545288086,308432000.0
2019-09-26,4.446000099182129,4.454750061035156,4.38224983215332,4.433499813079834,4.4102911949157715,234564000.0
2019-09-27,4.391499996185303,4.442500114440918,4.232999801635742,4.294000148773193,4.271521091461182,362056000.0
2019-09-30,4.320000171661377,4.361999988555908,4.28849983215332,4.351749897003174,4.3289690017700195,186184000.0
2019-10-01,4.375,4.525000095367432,4.345250129699707,4.349999904632568,4.32722806930542,366008000.0
2019-10-02,4.328000068664551,4.340000152587891,4.2532501220703125,4.326000213623047,4.303353786468506,293372000.0
2019-10-03,4.33050012588501,4.539000034332275,4.300000190734863,4.532750129699707,4.5090203285217285,450588000.0
2019-10-04,4.534999847412109,4.578750133514404,4.4695000648498535,4.54925012588501,4.525435447692871,265524000.0
2019-10-07,4.614500045776367,4.708499908447266,4.60575008392334,4.608250141143799,4.584125518798828,480984000.0
2019-10-08,4.515999794006348,4.515999794006348,4.412499904632568,4.430749893188477,4.4075541496276855,444436000.0
2019-10-09,4.507999897003174,4.567500114440918,4.479000091552734,4.517749786376953,4.494100570678711,292412000.0
2019-10-10,4.515500068664551,4.626999855041504,4.510250091552734,4.57574987411499,4.5517964363098145,309124000.0
2019-10-11,4.660250186920166,4.733500003814697,4.641250133514404,4.649750232696533,4.62540864944458,446404000.0
2019-10-14,4.640999794006348,4.6842498779296875,4.609749794006348,4.663249969482422,4.638838291168213,200040000.0
2019-10-15,4.754000186920166,4.982250213623047,4.739999771118164,4.909249782562256,4.883551120758057,664124000.0
2019-10-16,4.875,4.980500221252441,4.84375,4.855249881744385,4.829833030700684,428944000.0
2019-10-17,4.900000095367432,4.945250034332275,4.802499771118164,4.857250213623047,4.831823348999023,263436000.0
2019-10-18,4.857749938964844,4.890500068664551,4.6875,4.762249946594238,4.7373199462890625,307440000.0
2019-10-21,4.823999881744385,4.913750171661377,4.804999828338623,4.90024995803833,4.874597549438477,261868000.0
2019-10-22,4.957499980926514,5.0632500648498535,4.882500171661377,4.890250205993652,4.864649772644043,328720000.0
2019-10-23,4.807750225067139,4.891499996185303,4.775750160217285,4.8772501945495605,4.851717948913574,279916000.0
2019-10-24,4.918749809265137,4.955249786376953,4.884500026702881,4.921500205993652,4.895735740661621,232020000.0
2019-10-25,5.002500057220459,5.134500026702881,4.994750022888184,5.113500118255615,5.086731433868408,423092000.0
2019-10-28,5.15749979019165,5.222499847412109,5.127999782562256,5.169750213623047,5.14268684387207,330792000.0
2019-10-29,5.155749797821045,5.16225004196167,5.053500175476074,5.072999954223633,5.046443462371826,211236000.0
2019-10-30,5.099999904632568,5.10575008392334,5.006499767303467,5.074999809265137,5.048432350158691,205960000.0
2019-10-31,5.053999900817871,5.074999809265137,4.945250034332275,5.0254998207092285,4.999192714691162,209732000.0
2019-11-01,4.989999771118164,5.097249984741211,4.964749813079834,5.0647501945495605,5.03823709487915,283640000.0
2019-11-04,5.146249771118164,5.275000095367432,5.123000144958496,5.262499809265137,5.234951019287109,376716000.0
2019-11-05,5.262249946594238,5.28849983215332,5.191999912261963,5.240250110626221,5.2128167152404785,300868000.0
2019-11-06,5.216000080108643,5.2417497634887695,5.102749824523926,5.1907501220703125,5.163576602935791,269012000.0
2019-11-07,5.277750015258789,5.292500019073486,5.16349983215332,5.208499908447266,5.181233882904053,280340000.0
2019-11-08,5.191500186920166,5.226250171661377,5.153749942779541,5.194499969482422,5.167306900024414,189100000.0
2019-11-11,5.193749904632568,5.227749824523926,5.10699987411499,5.204500198364258,5.177255153656006,243436000.0
2019-11-12,5.243000030517578,5.296500205993652,5.207749843597412,5.240250110626221,5.2128167152404785,283504000.0
2019-11-13,5.208749771118164,5.236499786376953,5.147500038146973,5.214250087738037,5.186953067779541,300188000.0
2019-11-14,5.223249912261963,5.247000217437744,5.163000106811523,5.244750022888184,5.217294692993164,518080000.0
2019-11-15,5.242499828338623,5.29449987411499,5.015999794006348,5.104750156402588,5.07802677154541,1053628000.0
2019-11-18,5.097249984741211,5.333749771118164,5.094250202178955,5.307000160217285,5.279218673706055,574588000.0
2019-11-19,5.275750160217285,5.299499988555908,5.141250133514404,5.199749946594238,5.1725287437438965,414564000.0
2019-11-20,5.176750183105469,5.363749980926514,5.164000034332275,5.2795000076293945,5.251861572265625,472588000.0
2019-11-21,5.275000095367432,5.330999851226807,5.232749938964844,5.254499912261963,5.226993560791016,288388000.0
2019-11-22,5.277249813079834,5.323999881744385,5.248499870300293,5.272250175476074,5.244650840759277,224100000.0
2019-11-25,5.401000022888184,5.535250186920166,5.388000011444092,5.530250072479248,5.50130033493042,506476000.0
2019-11-26,5.512499809265137,5.517250061035156,5.418499946594238,5.425000190734863,5.396600723266602,385244000.0
2019-11-27,5.466750144958496,5.50124979019165,5.429500102996826,5.455999851226807,5.431443214416504,215784000.0
2019-11-29,5.425000190734863,5.453499794006348,5.394499778747559,5.418499946594238,5.3941121101379395,141556000.0
2019-12-02,5.411499977111816,5.425000190734863,5.216000080108643,5.231249809265137,5.207705020904541,372036000.0
2019-12-03,5.046750068664551,5.195499897003174,5.009250164031982,5.191500186920166,5.168133735656738,465232000.0
2019-12-04,5.2754998207092285,5.297999858856201,5.20674991607666,5.235499858856201,5.211935520172119,273424000.0
2019-12-05,5.257500171661377,5.273250102996826,5.187749862670898,5.218500137329102,5.19501256942749,184884000.0
2019-12-06,5.288000106811523,5.337250232696533,5.2779998779296875,5.3042497634887695,5.280374526977539,232236000.0
2019-12-09,5.28125,5.359250068664551,5.272500038146973,5.3042497634887695,5.280374526977539,211880000.0
2019-12-10,5.334499835968018,5.401500225067139,5.281499862670898,5.3495001792907715,5.325422286987305,256388000.0
2019-12-11,5.360000133514404,5.439000129699707,5.357500076293945,5.433499813079834,5.409042835235596,233796000.0
2019-12-12,5.4045000076293945,5.619999885559082,5.395500183105469,5.601749897003174,5.5765380859375,404348000.0
2019-12-13,5.604750156402588,5.7245001792907715,5.545499801635742,5.59975004196167,5.574544906616211,454704000.0
2019-12-16,5.647500038146973,5.701499938964844,5.6192498207092285,5.628749847412109,5.603415489196777,320976000.0
2019-12-17,5.647500038146973,5.730000019073486,5.638000011444092,5.707250118255615,5.6815619468688965,321196000.0
2019-12-18,5.742249965667725,5.798500061035156,5.733749866485596,5.737750053405762,5.711925983428955,343548000.0
2019-12-19,5.772500038146973,5.900000095367432,5.767499923706055,5.886499881744385,5.860004901885986,445360000.0
2019-12-20,5.953249931335449,6.009749889373779,5.934000015258789,5.984250068664551,5.957315921783447,603044000.0
2019-12-23,6.013000011444092,6.045249938964844,5.959750175476074,5.9704999923706055,5.94362735748291,355060000.0
2019-12-24,5.954999923706055,5.982749938964844,5.920499801635742,5.9654998779296875,5.938650608062744,138864000.0
2019-12-26,5.968999862670898,6.007999897003174,5.949999809265137,5.979750156402588,5.952834606170654,182852000.0
2019-12-27,5.994999885559082,6.008500099182129,5.895249843597412,5.921750068664551,5.895096302032471,254644000.0
2019-12-30,5.899750232696533,5.90500020980835,5.776500225067139,5.808000087738037,5.781860828399658,258056000.0
2019-12-31,5.772500038146973,5.892000198364258,5.7532501220703125,5.882500171661377,5.856022357940674,231004000.0
2020-01-02,5.96875,5.9977498054504395,5.918000221252441,5.9977498054504395,5.970754146575928,237536000.0
2020-01-03,5.877500057220459,5.9457502365112305,5.852499961853027,5.901750087738037,5.875185489654541,205384000.0
2020-01-06,5.808000087738037,5.9317498207092285,5.781750202178955,5.926499843597412,5.899825572967529,262636000.0
2020-01-07,5.954999923706055,6.044250011444092,5.909749984741211,5.9982500076293945,5.971251964569092,314856000.0
2020-01-08,5.99399995803833,6.051000118255615,5.953750133514404,6.009500026702881,5.982451438903809,277108000.0
2020-01-09,6.096250057220459,6.148250102996826,6.021500110626221,6.075500011444092,6.048153877258301,255112000.0
2020-01-10,6.1832499504089355,6.213749885559082,6.09375,6.107999801635742,6.080508708953857,316296000.0
2020-01-13,6.191500186920166,6.324749946594238,6.168749809265137,6.299499988555908,6.271145343780518,319840000.0
2020-01-14,6.256499767303467,6.2820000648498535,6.168749809265137,6.182000160217285,6.154174327850342,359088000.0
2020-01-15,6.19474983215332,6.217249870300293,6.113249778747559,6.139249801635742,6.111617088317871,263104000.0
2020-01-16,6.192999839782715,6.229249954223633,6.16949987411499,6.223249912261963,6.195240020751953,284192000.0
2020-01-17,6.242499828338623,6.25,6.1842498779296875,6.23199987411499,6.203949451446533,253792000.0
2020-01-21,6.195250034332275,6.232250213623047,6.164249897003174,6.198500156402588,6.170600414276123,217916000.0
2020-01-22,6.24399995803833,6.339749813079834,6.224999904632568,6.252749919891357,6.224605560302734,239240000.0
2020-01-23,6.293000221252441,6.329999923706055,6.203750133514404,6.321499824523926,6.2930474281311035,244516000.0
2020-01-24,6.4375,6.487500190734863,6.207499980926514,6.26200008392334,6.233814716339111,373512000.0
2020-01-27,5.955999851226807,6.056250095367432,5.805749893188477,6.005000114440918,5.977972030639648,470536000.0
2020-01-28,6.071249961853027,6.231750011444092,6.017749786376953,6.199250221252441,6.1713480949401855,310976000.0
2020-01-29,6.184750080108643,6.2210001945495605,6.098499774932861,6.138500213623047,6.110871315002441,258848000.0
2020-01-30,6.040249824523926,6.158750057220459,5.985000133514404,6.145249843597412,6.117591381072998,290504000.0
2020-01-31,6.099249839782715,6.111249923706055,5.868750095367432,5.910749912261963,5.884146213531494,370420000.0
2020-02-03,5.892499923706055,6.027750015258789,5.886250019073486,6.0082502365112305,5.981207847595215,255564000.0
2020-02-04,6.150750160217285,6.197500228881836,6.100500106811523,6.178249835968018,6.150442600250244,271544000.0
2020-02-05,6.299749851226807,6.309999942779541,6.1852498054504395,6.269000053405762,6.240783214569092,208220000.0
2020-02-06,6.303500175476074,6.356249809265137,6.2220001220703125,6.356249809265137,6.327640056610107,218284000.0
2020-02-07,6.315999984741211,6.338250160217285,6.264249801635742,6.289750099182129,6.261439800262451,189752000.0
2020-02-10,6.3125,6.574999809265137,6.307499885559082,6.574250221252441,6.544660568237305,529608000.0
2020-02-11,6.683000087738037,6.8125,6.6207499504089355,6.697249889373779,6.667105674743652,638556000.0
2020-02-12,6.750249862670898,6.820000171661377,6.711249828338623,6.813499927520752,6.782832622528076,374644000.0
2020-02-13,6.755249977111816,6.836999893188477,6.727749824523926,6.769499778747559,6.739029884338379,528016000.0
2020-02-14,7.18149995803833,7.374249935150147,7.150000095367432,7.244750022888184,7.212141513824463,1041924000.0
2020-02-18,7.140999794006348,7.432750225067139,7.121500015258789,7.414249897003174,7.380878925323486,620164000.0
2020-02-19,7.53725004196167,7.885250091552734,7.53725004196167,7.867499828338623,7.832087993621826,694332000.0
2020-02-20,7.819250106811523,7.907999992370605,7.408750057220459,7.71750020980835,7.682764530181885,810052000.0
2020-02-21,7.604750156402588,7.630000114440918,7.266499996185303,7.351749897003174,7.318660259246826,768180000.0
2020-02-24,6.754749774932861,7.046750068664551,6.699999809265137,6.831999778747559,6.801249980926514,856916000.0
2020-02-25,6.90749979019165,6.969749927520752,6.448999881744385,6.551249980926514,6.521762847900391,1055496000.0
2020-02-26,6.551499843597412,6.886250019073486,6.550000190734863,6.691249847412109,6.661132335662842,747732000.0
2020-02-27,6.372499942779541,6.675000190734863,6.222249984741211,6.315000057220459,6.290336608886719,906416000.0
2020-02-28,6.061500072479248,6.811500072479248,6.044750213623047,6.7517499923706055,6.725381851196289,1133252000.0
2020-03-02,6.922500133514404,6.9397501945495605,6.525000095367432,6.910749912261963,6.883759498596191,890744000.0
2020-03-03,6.966750144958496,7.026750087738037,6.561500072479248,6.647250175476074,6.6212897300720215,652792000.0
2020-03-04,6.755000114440918,7.122250080108643,6.679999828338623,7.112750053405762,7.0849714279174805,597408000.0
2020-03-05,6.912499904632568,7.079999923706055,6.787499904632568,6.832250118255615,6.805566787719727,540328000.0
2020-03-06,6.6519999504089355,6.709750175476074,6.449999809265137,6.651000022888184,6.625024795532227,515412000.0
2020-03-09,5.997499942779541,6.485000133514404,5.954500198364258,6.136000156402588,6.11203670501709,614160000.0
2020-03-10,6.41349983215332,6.5269999504089355,6.149750232696533,6.5269999504089355,6.501508712768555,580648000.0
2020-03-11,6.386499881744385,6.414999961853027,6.0642499923706055,6.161749839782715,6.1376848220825195,499964000.0
2020-03-12,5.636499881744385,5.9029998779296875,5.394999980926514,5.407750129699707,5.386630535125732,816540000.0
2020-03-13,5.762499809265137,6.0254998207092285,5.490250110626221,6.020999908447266,5.997485160827637,634836000.0
2020-03-16,5.3102498054504395,5.652500152587891,4.849999904632568,4.909999847412109,4.890824317932129,726972000.0
2020-03-17,5.022749900817871,5.521500110626221,4.775000095367432,5.4317498207092285,5.410536766052246,833632000.0
2020-03-18,5.002500057220459,5.248499870300293,4.517000198364258,5.070499897003174,5.050696849822998,874268000.0
2020-03-19,5.048999786376953,5.41825008392334,4.834750175476074,5.324250221252441,5.3034563064575195,765512000.0
2020-03-20,5.474999904632568,5.757999897003174,5.1282501220703125,5.143750190734863,5.123660564422607,804636000.0
2020-03-23,5.142749786376953,5.4120001792907715,4.9629998207092285,5.317249774932861,5.296481609344482,643876000.0
2020-03-24,5.724999904632568,6.316500186920166,5.701250076293945,6.229499816894531,6.20517110824585,1101644000.0
2020-03-25,6.34499979019165,6.545499801635742,6.0914998054504395,6.140500068664551,6.116518974304199,793432000.0
2020-03-26,6.348499774932861,6.555500030517578,6.25,6.431000232696533,6.405884742736816,696108000.0
2020-03-27,6.25,6.578000068664551,6.2170000076293945,6.3182501792907715,6.29357385635376,638828000.0
2020-03-30,6.383999824523926,6.64900016784668,6.339749813079834,6.639750003814697,6.613818168640137,602252000.0
2020-03-31,6.679999828338623,6.885000228881836,6.443749904632568,6.590000152587891,6.564262390136719,949960000.0
2020-04-01,6.391250133514404,6.538249969482422,6.0320000648498535,6.076749801635742,6.053016185760498,656912000.0
2020-04-02,6.105999946594238,6.400000095367432,6.057750225067139,6.386750221252441,6.361806869506836,675764000.0
2020-04-03,6.348999977111816,6.390749931335449,5.959750175476074,6.097750186920166,6.073935508728027,663212000.0
2020-04-06,6.38100004196167,6.747000217437744,6.323249816894531,6.710000038146973,6.683792591094971,727884000.0
2020-04-07,6.932499885559082,6.956250190734863,6.432499885559082,6.475749969482422,6.45045804977417,784520000.0
2020-04-08,6.585249900817871,6.698750019073486,6.514999866485596,6.673749923706055,6.647685527801514,542444000.0
2020-04-09,6.800000190734863,6.822999954223633,6.510499954223633,6.573750019073486,6.548076152801514,525564000.0
2020-04-13,6.513750076293945,6.755000114440918,6.425000190734863,6.746250152587891,6.719902992248535,398408000.0
2020-04-14,6.875,7.132999897003174,6.847249984741211,7.098750114440918,7.071025848388672,530948000.0
2020-04-15,6.929999828338623,7.104249954223633,6.884500026702881,7.020999908447266,6.993579864501953,366148000.0
2020-04-16,7.177000045776367,7.474999904632568,7.163750171661377,7.367499828338623,7.33872652053833,745620000.0
2020-04-17,7.449999809265137,7.471499919891357,7.173500061035156,7.308000087738037,7.279458522796631,539120000.0
2020-04-20,7.181000232696533,7.337500095367432,7.131750106811523,7.176249980926514,7.148222923278809,449388000.0
2020-04-21,7.057750225067139,7.1192498207092285,6.677750110626221,6.737750053405762,6.711434841156006,735160000.0
2020-04-22,6.930749893188477,7.196750164031982,6.885000228881836,7.153749942779541,7.125810146331787,483356000.0
2020-04-23,7.196000099182129,7.328499794006348,7.074999809265137,7.100249767303467,7.072519779205322,424160000.0
2020-04-24,7.090000152587891,7.2417497634887695,7.014999866485596,7.239749908447266,7.211474418640137,352328000.0
2020-04-27,7.374750137329102,7.587500095367432,7.349999904632568,7.427000045776367,7.397994041442871,479388000.0
2020-04-28,7.574999809265137,7.605000019073486,7.278500080108643,7.283999919891357,7.255552768707275,442904000.0
2020-04-29,7.419250011444092,7.514500141143799,7.34375,7.46150016784668,7.432359218597412,379160000.0
2020-04-30,7.407249927520752,7.46150016784668,7.293000221252441,7.307000160217285,7.278462409973144,375916000.0
2020-05-01,7.108749866485596,7.222499847412109,7.020999908447266,7.069499969482422,7.0418901443481445,342096000.0
2020-05-04,7.021999835968018,7.296000003814697,7.021999835968018,7.282249927520752,7.253808498382568,317556000.0
2020-05-05,7.386750221252441,7.506750106811523,7.282249927520752,7.343500137329102,7.314820766448975,368896000.0
2020-05-06,7.423250198364258,7.550000190734863,7.385250091552734,7.44474983215332,7.415675163269043,323464000.0
2020-05-07,7.584499835968018,7.68524980545044,7.532999992370605,7.621749877929688,7.591981887817383,373732000.0
2020-05-08,7.693749904632568,7.818749904632568,7.659749984741211,7.8125,7.78198766708374,339216000.0
2020-05-11,7.807499885559082,8.112500190734863,7.778749942779541,8.065500259399414,8.033998489379883,469060000.0
2020-05-12,8.123499870300293,8.172499656677246,7.792749881744385,7.802499771118164,7.772027969360352,493060000.0
2020-05-13,7.917500019073486,8.078499794006348,7.594749927520752,7.78000020980835,7.749616622924805,625852000.0
2020-05-14,7.841750144958496,8.03600025177002,7.6875,8.030500411987305,7.999135494232178,602312000.0
2020-05-15,7.889750003814697,8.500499725341797,7.874000072479248,8.490750312805176,8.457590103149414,987660000.0
2020-05-18,8.760499954223633,8.916500091552734,8.680500030517578,8.750249862670898,8.716076850891113,774460000.0
2020-05-19,8.790249824523926,9.087499618530272,8.762749671936035,8.805500030517578,8.771111488342285,717320000.0
2020-05-20,8.991000175476074,9.04300022125244,8.888750076293945,8.970000267028809,8.934967994689941,587536000.0
2020-05-21,9.05150032043457,9.052499771118164,8.737500190734863,8.775250434875488,8.74097728729248,761068000.0
2020-05-22,8.825249671936035,9.093000411987305,8.713250160217285,9.026249885559082,8.990998268127441,1038764000.0
2020-05-26,9.156749725341797,9.181750297546388,8.67199993133545,8.71774959564209,8.683699607849121,770780000.0
2020-05-27,8.625,8.632749557495117,7.996749877929688,8.525250434875488,8.491955757141113,1175892000.0
2020-05-28,8.412249565124512,8.760499954223633,8.379249572753906,8.487000465393066,8.453855514526367,734896000.0
2020-05-29,8.554499626159668,8.875499725341797,8.484999656677246,8.875499725341797,8.840839385986328,745256000.0
2020-06-01,8.833250045776367,8.840749740600586,8.689499855041504,8.806249618530273,8.771859169006348,389876000.0
2020-06-02,8.796250343322754,8.837249755859375,8.657999992370605,8.825249671936035,8.790781021118164,391320000.0
2020-06-03,8.822250366210938,8.866250038146973,8.699999809265137,8.769499778747559,8.735251426696777,365440000.0
2020-06-04,8.727999687194824,8.943249702453613,8.677499771118164,8.766500473022461,8.736249923706055,424280000.0
2020-06-05,8.794500350952148,8.996999740600586,8.708000183105469,8.920000076293945,8.889217376708984,481748000.0
2020-06-08,8.877249717712402,8.889749526977539,8.685750007629395,8.805000305175781,8.774616241455078,387736000.0
2020-06-09,8.800000190734863,9.109749794006348,8.751250267028809,9.04599952697754,9.014781951904297,468488000.0
2020-06-10,9.167750358581545,9.5,9.153499603271484,9.36674976348877,9.33442497253418,632180000.0
2020-06-11,9.149999618530272,9.261249542236328,8.78600025177002,8.796250343322754,8.765894889831543,583652000.0
2020-06-12,9.162500381469728,9.187250137329102,8.70324993133545,8.932499885559082,8.901673316955566,570908000.0
2020-06-15,8.815250396728516,9.182250022888184,8.743749618530273,9.173749923706056,9.142091751098633,400004000.0
2020-06-16,9.225000381469728,9.26675033569336,8.838749885559082,9.068499565124512,9.03720474243164,535716000.0
2020-06-17,9.113750457763672,9.298999786376951,9.070249557495115,9.236000061035156,9.204127311706545,408304000.0
2020-06-18,9.22700023651123,9.282500267028809,9.114500045776367,9.218000411987305,9.186192512512209,254408000.0
2020-06-19,9.24250030517578,9.44499969482422,9.227250099182127,9.261249542236328,9.229289054870604,524160000.0
2020-06-22,9.300000190734863,9.53125,9.273249626159668,9.52674961090088,9.493873596191406,398468000.0
2020-06-23,9.550999641418455,9.642499923706056,9.407500267028809,9.449999809265137,9.41738986968994,375108000.0
2020-06-24,9.47624969482422,9.556500434875488,9.14449977874756,9.23550033569336,9.20362949371338,449372000.0
2020-06-25,9.35575008392334,9.505000114440918,9.182250022888184,9.489999771118164,9.457250595092772,376072000.0
2020-06-26,9.5,9.5,9.125,9.154999732971191,9.123405456542969,592084000.0
2020-06-29,9.169750213623049,9.204500198364258,8.899999618530273,9.199999809265137,9.168249130249023,342248000.0
2020-06-30,9.314000129699709,9.526249885559082,9.26650047302246,9.497750282287598,9.464974403381348,367892000.0
2020-07-01,9.520750045776367,9.575750350952148,9.413000106811523,9.529999732971191,9.497110366821287,326648000.0
2020-07-02,9.638999938964844,9.737500190734863,9.57824993133545,9.612250328063965,9.57908058166504,364056000.0
2020-07-06,9.74174976348877,9.9087495803833,9.712499618530272,9.83924961090088,9.805295944213867,315892000.0
2020-07-07,9.946249961853027,10.06999969482422,9.850749969482422,9.871749877929688,9.837682723999023,357800000.0
2020-07-08,9.993749618530272,10.225000381469728,9.965499877929688,10.215999603271484,10.180746078491213,365480000.0
2020-07-09,10.380249977111816,10.56999969482422,10.23349952697754,10.508999824523926,10.472732543945312,494548000.0
2020-07-10,10.588749885559082,10.65524959564209,10.37874984741211,10.479249954223633,10.443085670471191,497676000.0
2020-07-13,10.595000267028809,10.79224967956543,10.024999618530272,10.052249908447266,10.017563819885254,457076000.0
2020-07-14,10.074999809265137,10.402750015258787,9.785499572753906,10.376999855041504,10.341188430786133,542676000.0
2020-07-15,10.414250373840332,10.43299961090088,10.055749893188477,10.227250099182127,10.1919584274292,403984000.0
2020-07-16,10.015000343322754,10.20674991607666,9.895500183105469,10.134750366210938,10.099774360656738,344964000.0
2020-07-17,10.225500106811523,10.248499870300291,10.087750434875488,10.201499938964844,10.16629409790039,266284000.0
2020-07-20,10.274250030517578,10.53125,10.156749725341797,10.510749816894531,10.474478721618652,284852000.0
2020-07-21,10.512999534606934,10.5600004196167,10.286749839782717,10.328499794006348,10.29285717010498,277036000.0
2020-07-22,10.36750030517578,10.602499961853027,10.291500091552734,10.438750267028809,10.402727127075195,367292000.0
2020-07-23,10.449999809265137,10.54699993133545,10.03125,10.12975025177002,10.094792366027832,411660000.0
2020-07-24,9.875,10.364749908447266,9.777000427246094,10.194499969482422,10.159319877624512,473292000.0
2020-07-27,10.232250213623049,10.441749572753906,10.21774959564209,10.421500205993652,10.385536193847656,292132000.0
2020-07-28,10.374250411987305,10.381999969482422,10.209250450134276,10.215499877929688,10.18024730682373,271636000.0
2020-07-29,10.39074993133545,10.516249656677246,10.347000122070312,10.465499877929688,10.4293851852417,284508000.0
2020-07-30,10.375,10.623000144958496,10.295249938964844,10.61400032043457,10.577372550964355,308880000.0
2020-07-31,10.563249588012695,10.76650047302246,10.43299961090088,10.614749908447266,10.578119277954102,386080000.0
2020-08-03,10.732500076293944,11.098750114440918,10.715250015258787,11.010250091552734,10.972253799438477,412720000.0
2020-08-04,11.050000190734863,11.227749824523926,10.906000137329102,11.227749824523926,11.189005851745604,310336000.0
2020-08-05,11.244000434875488,11.371749877929688,11.166250228881836,11.286749839782717,11.247800827026367,249924000.0
2020-08-06,11.349749565124512,11.357999801635742,11.178750038146973,11.33549976348877,11.296380043029783,244316000.0
2020-08-07,11.3125,11.50475025177002,11.037500381469728,11.19950008392334,11.160849571228027,342516000.0
2020-08-10,11.334250450134276,11.408249855041504,10.856499671936035,11.164999961853027,11.126469612121582,427796000.0
2020-08-11,11.073749542236328,11.13675022125244,10.79574966430664,10.850000381469728,10.812557220458984,354512000.0
2020-08-12,10.990750312805176,11.467000007629396,10.958250045776367,11.440250396728516,11.400771141052246,464412000.0
2020-08-13,11.54599952697754,11.721750259399414,11.35575008392334,11.442999839782717,11.403512001037598,374460000.0
2020-08-14,11.529999732971191,11.704750061035156,11.440500259399414,11.564000129699709,11.524094581604004,366436000.0
2020-08-17,11.85124969482422,12.409749984741213,11.81725025177002,12.336999893188477,12.294425010681152,621300000.0
2020-08-18,12.449999809265137,12.496000289916992,12.08625030517578,12.260749816894531,12.218438148498535,503448000.0
2020-08-19,12.296500205993652,12.3149995803833,12.097999572753906,12.138500213623049,12.09661102294922,622624000.0
2020-08-20,11.975000381469728,12.375,11.87874984741211,12.140999794006348,12.099102020263672,921388000.0
2020-08-21,12.201749801635742,12.80875015258789,12.195249557495115,12.683500289916992,12.639731407165527,999868000.0
2020-08-24,12.883749961853027,12.912500381469728,12.50749969482422,12.720250129699709,12.676353454589844,490564000.0
2020-08-25,12.630749702453612,12.761249542236328,12.573749542236328,12.75,12.705999374389648,289076000.0
2020-08-26,12.799249649047852,12.868499755859377,12.677749633789062,12.77299976348877,12.728921890258787,321244000.0
2020-08-27,12.781499862670898,12.850000381469728,12.566499710083008,12.628250122070312,12.584671974182127,317604000.0
2020-08-28,12.675000190734863,13.14799976348877,12.642499923706056,13.147749900817873,13.102378845214844,537160000.0
2020-08-31,13.18274974822998,13.574999809265137,13.037750244140623,13.374500274658203,13.328344345092772,500840000.0
2020-09-01,13.479999542236328,13.993749618530272,13.43649959564209,13.821000099182127,13.777424812316896,511316000.0
2020-09-02,14.703749656677246,14.726750373840332,13.899999618530272,14.346500396728516,14.30126667022705,874012000.0
2020-09-03,13.828749656677246,13.884499549865724,12.87874984741211,13.01550006866455,12.974464416503906,945128000.0
2020-09-04,12.7837495803833,13.175000190734863,11.704750061035156,12.6225004196167,12.582704544067385,1463684000.0
2020-09-08,11.73449993133545,12.550000190734863,11.70425033569336,11.913000106811523,11.87544059753418,795728000.0
2020-09-09,12.399999618530272,12.809249877929688,12.231749534606934,12.71500015258789,12.67491340637207,736200000.0
2020-09-10,12.989250183105469,13.065250396728516,12.166999816894531,12.311750411987305,12.27293300628662,698684000.0
2020-09-11,12.48550033569336,12.65250015258789,11.895750045776367,12.16450023651123,12.126148223876951,636928000.0
2020-09-14,13.081000328063965,13.3149995803833,12.631250381469728,12.872249603271484,12.83166790008545,1201744000.0
2020-09-15,13.279999732971191,13.298749923706056,12.827750205993652,12.991000175476074,12.950042724609377,727556000.0
2020-09-16,12.957249641418455,13.09274959564209,12.513750076293944,12.51449966430664,12.475043296813965,556384000.0
2020-09-17,12.13224983215332,12.589750289916992,12.034749984741213,12.463500022888184,12.424205780029297,792512000.0
2020-09-18,12.59375,12.63249969482422,11.988750457763672,12.189249992370604,12.150816917419434,698460000.0
2020-09-21,11.925000190734863,12.522500038146973,11.904500007629396,12.517250061035156,12.477784156799316,721044000.0
2020-09-22,12.574999809265137,12.64799976348877,12.155500411987305,12.637749671936035,12.59790325164795,646452000.0
2020-09-23,12.575499534606934,12.72700023651123,12.07925033569336,12.123749732971191,12.085527420043944,647012000.0
2020-09-24,12.072250366210938,12.569499969482422,12.013999938964844,12.347999572753906,12.309069633483888,731240000.0
2020-09-25,12.447500228881836,12.883500099182127,12.245750427246094,12.873749732971191,12.83316421508789,588016000.0
2020-09-28,13.040249824523926,13.051750183105469,12.75,13.03499984741211,12.993902206420898,573808000.0
2020-09-29,12.9375,13.442749977111816,12.933250427246094,13.225749969482422,13.18405055999756,621460000.0
2020-09-30,13.157500267028809,13.6225004196167,13.150250434875488,13.530500411987305,13.48784065246582,689184000.0
2020-10-01,13.758000373840332,13.762749671936035,13.460749626159668,13.614500045776367,13.571578025817873,525004000.0
2020-10-02,13.225000381469728,13.51949977874756,13.050999641418455,13.062250137329102,13.021066665649414,552496000.0
2020-10-05,13.236000061035156,13.64424991607666,13.222749710083008,13.642499923706056,13.599488258361816,479820000.0
2020-10-06,13.829999923706056,14.142000198364258,13.664999961853027,13.736499786376951,13.693190574645996,784420000.0
2020-10-07,13.999750137329102,14.119250297546388,13.863499641418455,13.96399974822998,13.91997528076172,418084000.0
2020-10-08,14.074999809265137,14.084500312805176,13.758000373840332,13.838749885559082,13.795119285583496,378900000.0
2020-10-09,13.767000198364258,13.82425022125244,13.66075038909912,13.762749671936035,13.71935749053955,346892000.0
2020-10-12,13.989500045776367,14.347000122070312,13.912500381469728,14.22599983215332,14.18114948272705,434744000.0
2020-10-13,14.296500205993652,14.34850025177002,14.018750190734863,14.248250007629396,14.203329086303713,344604000.0
2020-10-14,14.290499687194824,14.34274959564209,13.960000038146973,14.095250129699709,14.050811767578123,276100000.0
2020-10-15,13.810750007629396,14.005749702453612,13.767749786376951,13.970000267028809,13.925955772399902,267224000.0
2020-10-16,14.036749839782717,14.121500015258787,13.792499542236328,13.81149959564209,13.767953872680664,242392000.0
2020-10-19,13.902999877929688,13.98349952697754,13.406749725341797,13.497750282287598,13.455194473266602,298068000.0
2020-10-20,13.583499908447266,13.799750328063965,13.506999969482422,13.645500183105469,13.60247802734375,229212000.0
2020-10-21,13.625,13.791500091552734,13.477499961853027,13.524749755859377,13.482110023498535,219596000.0
2020-10-22,13.522500038146973,13.611749649047852,13.231749534606934,13.361000061035156,13.318875312805176,290480000.0
2020-10-23,13.449999809265137,13.593250274658203,13.291250228881836,13.590250015258787,13.547403335571287,233484000.0
2020-10-26,13.427000045776367,13.692749977111816,13.03849983215332,13.141249656677246,13.099817276000977,336896000.0
2020-10-27,13.305999755859377,13.44200038909912,13.191499710083008,13.396750450134276,13.354515075683594,250520000.0
2020-10-28,13.197999954223633,13.260000228881836,12.609000205993652,12.626999855041504,12.58718967437744,376520000.0
2020-10-29,12.838500022888184,13.192749977111816,12.75,13.02400016784668,12.982939720153809,320080000.0
2020-10-30,12.850000381469728,12.93649959564209,12.300000190734863,12.534000396728516,12.49448299407959,416820000.0
2020-11-02,12.657750129699709,12.836750030517578,12.395000457763672,12.580750465393066,12.54108715057373,299652000.0
2020-11-03,12.708499908447266,13.104999542236328,12.602749824523926,13.01949977874756,12.97845458984375,272900000.0
2020-11-04,13.389249801635742,13.827500343322754,13.336999893188477,13.794249534606934,13.750757217407228,410228000.0
2020-11-05,14.162500381469728,14.33899974822998,13.991000175476074,14.15999984741211,14.1153564453125,319028000.0
2020-11-06,14.109749794006348,14.588749885559082,13.895000457763672,14.562000274658203,14.516091346740724,383348000.0
2020-11-09,14.552499771118164,14.691499710083008,13.610750198364258,13.630749702453612,13.587775230407717,582976000.0
2020-11-10,13.606499671936035,13.606499671936035,12.628250122070312,12.770000457763672,12.729741096496582,644068000.0
2020-11-11,13.053750038146973,13.4350004196167,12.948249816894531,13.41800022125244,13.375697135925291,404744000.0
2020-11-12,13.479000091552734,13.765999794006348,13.315999984741213,13.45674991607666,13.414324760437012,365812000.0
2020-11-13,13.627249717712402,13.668749809265137,13.059249877929688,13.29699993133545,13.255078315734863,346312000.0
2020-11-16,13.172499656677246,13.649499893188477,13.156000137329102,13.515250205993652,13.472640991210938,413776000.0
2020-11-17,13.552499771118164,13.5962495803833,13.303750038146973,13.422249794006348,13.379932403564451,312028000.0
2020-11-18,13.465250015258787,13.60575008392334,13.1850004196167,13.428750038146973,13.386409759521484,510924000.0
2020-11-19,13.212750434875488,13.487500190734863,13.100000381469728,13.440250396728516,13.397876739501951,565936000.0
2020-11-20,13.45400047302246,13.494500160217283,13.0649995803833,13.087750434875488,13.04648780822754,341088000.0
2020-11-23,13.171250343322754,13.38249969482422,13.01550006866455,13.140000343322754,13.098573684692385,361356000.0
2020-11-24,13.142499923706056,13.161999702453612,12.885000228881836,12.95775032043457,12.91689682006836,346500000.0
2020-11-25,13.032500267028809,13.26949977874756,13.020000457763672,13.234749794006348,13.193021774291992,259916000.0
2020-11-27,13.375,13.407500267028809,13.170499801635742,13.261249542236328,13.219439506530762,167276000.0
2020-11-30,13.265000343322754,13.412500381469728,12.972249984741213,13.40149974822998,13.359248161315918,286952000.0
2020-12-01,13.492250442504885,13.5287504196167,13.228249549865724,13.390000343322754,13.347784996032717,296948000.0
2020-12-02,13.350500106811523,13.673500061035156,13.23425006866455,13.544500350952148,13.501798629760742,283360000.0
2020-12-03,13.587499618530272,13.65999984741211,13.32900047302246,13.395999908447266,13.357708930969238,199520000.0
2020-12-04,13.44849967956543,13.5600004196167,13.388750076293944,13.558250427246094,13.51949691772461,202244000.0
2020-12-07,13.60124969482422,13.731249809265137,13.5,13.606749534606934,13.567856788635254,223244000.0
2020-12-08,13.585000038146973,13.598750114440918,13.281499862670898,13.350000381469728,13.311840057373049,271920000.0
2020-12-09,13.30049991607666,13.413999557495115,12.868249893188477,12.930749893188477,12.893790245056152,401300000.0
2020-12-10,12.869000434875488,13.068750381469728,12.849499702453612,12.972249984741213,12.935172080993652,207764000.0
2020-12-11,12.967249870300291,13.020000457763672,12.822999954223633,13.013250350952148,12.97605323791504,209264000.0
2020-12-14,13.088000297546388,13.388750076293944,13.077500343322754,13.30875015258789,13.270709991455078,270156000.0
2020-12-15,13.439749717712402,13.46399974822998,13.186750411987305,13.36050033569336,13.322311401367188,193016000.0
2020-12-16,13.422499656677246,13.437250137329102,13.212499618530272,13.24250030517578,13.204649925231934,223116000.0
2020-12-17,13.36674976348877,13.37950038909912,13.178500175476074,13.3412504196167,13.303119659423828,231384000.0
2020-12-18,13.378999710083008,13.404999732971191,13.070500373840332,13.272000312805176,13.234065055847168,342064000.0
2020-12-21,13.074749946594238,13.369999885559082,12.967499732971191,13.332249641418455,13.29414176940918,302332000.0
2020-12-22,13.319250106811523,13.337249755859377,13.053999900817873,13.278249740600586,13.2402982711792,185580000.0
2020-12-23,13.255999565124512,13.274999618530272,13.005000114440918,13.009249687194824,12.97206687927246,179144000.0
2020-12-24,13.037249565124512,13.13249969482422,12.938750267028809,12.993749618530272,12.956612586975098,97884000.0
2020-12-28,13.0625,13.0625,12.763250350952148,12.899999618530272,12.86312770843506,212564000.0
2020-12-29,12.925000190734863,13.072500228881836,12.842249870300291,12.943249702453612,12.906254768371582,170372000.0
2020-12-30,12.990249633789062,13.213749885559082,12.896750450134276,13.145750045776367,13.10817527770996,225396000.0
2020-12-31,13.136500358581545,13.151000022888184,12.914999961853027,13.05500030517578,13.017685890197754,192424000.0
2021-01-04,13.104249954223633,13.65250015258789,12.962499618530272,13.113499641418455,13.07601547241211,560640000.0
2021-01-05,13.099749565124512,13.443499565124512,13.086999893188477,13.404749870300291,13.36643409729004,322760000.0
2021-01-06,13.22249984741211,13.244999885559082,12.586000442504885,12.614500045776367,12.578445434570312,580424000.0
2021-01-07,12.967499732971191,13.377750396728516,12.886500358581545,13.343999862670898,13.305858612060549,461480000.0
2021-01-08,13.362500190734863,13.42099952697754,13.041999816894531,13.27674961090088,13.23880100250244,292528000.0
2021-01-11,13.418749809265137,13.961000442504885,13.362500190734863,13.621500015258787,13.582568168640137,518344000.0
2021-01-12,13.7524995803833,13.75450038909912,13.345000267028809,13.484749794006348,13.446206092834473,291476000.0
2021-01-13,13.489999771118164,13.625,13.385000228881836,13.531749725341797,13.493072509765623,210028000.0
2021-01-14,13.574999809265137,13.599749565124512,13.180500030517578,13.200249671936035,13.162519454956056,283120000.0
2021-01-15,13.227999687194824,13.325249671936035,12.84850025177002,12.85949993133545,12.822742462158203,277780000.0
2021-01-19,13.016249656677246,13.093999862670898,12.843999862670898,13.025250434875488,12.988019943237305,226188000.0
2021-01-20,13.111749649047852,13.430500030517578,13.056750297546388,13.365750312805176,13.32754611968994,258572000.0
2021-01-21,13.418499946594238,13.999250411987305,13.253000259399414,13.86750030517578,13.827863693237305,337780000.0
2021-01-22,13.739999771118164,13.841750144958496,13.627249717712402,13.712499618530272,13.67330837249756,246820000.0
2021-01-25,13.781749725341797,13.828499794006348,13.236499786376951,13.653249740600586,13.614225387573242,251112000.0
2021-01-26,13.580499649047852,13.644749641418455,13.387499809265137,13.435250282287598,13.396849632263184,163980000.0
2021-01-27,13.229999542236328,13.232749938964844,12.793749809265137,12.917750358581545,12.88082790374756,371272000.0
2021-01-28,12.99625015258789,13.339750289916992,12.96049976348877,13.050999641418455,13.01369571685791,228316000.0
2021-01-29,13.074999809265137,13.334750175476074,12.911499977111816,12.989749908447266,12.952619552612305,271552000.0
2021-02-01,13.053250312805176,13.270750045776367,12.902750015258787,13.237000465393066,13.199166297912598,217204000.0
2021-02-02,13.39875030517578,13.571999549865724,13.285499572753906,13.556750297546388,13.5180025100708,220440000.0
2021-02-03,13.63599967956543,13.931750297546388,13.51650047302246,13.530500411987305,13.49182415008545,245408000.0
2021-02-04,13.531000137329102,13.673500061035156,13.337750434875488,13.664250373840332,13.625195503234863,201340000.0
2021-02-05,13.725000381469728,13.737250328063965,13.54574966430664,13.590999603271484,13.552151679992676,169152000.0
2021-02-08,13.727250099182127,14.473750114440918,13.727250099182127,14.438750267028809,14.397483825683594,434624000.0
2021-02-09,14.340749740600586,14.583250045776367,14.22249984741211,14.263250350952148,14.22248363494873,287560000.0
2021-02-10,14.463250160217283,14.904999732971191,14.341500282287598,14.764249801635742,14.722047805786133,485352000.0
2021-02-11,14.980250358581545,15.272250175476074,14.925000190734863,15.250749588012695,15.207160949707031,450828000.0
2021-02-12,15.050000190734863,15.291250228881836,14.774999618530272,14.96125030517578,14.918486595153809,374756000.0
2021-02-16,15.064249992370604,15.3725004196167,14.949999809265137,15.330249786376951,15.286432266235352,321960000.0
2021-02-17,15.17099952697754,15.22350025177002,14.779999732971191,14.906000137329102,14.863393783569336,274756000.0
2021-02-18,14.729000091552734,14.873250007629396,14.574999809265137,14.82900047302246,14.786617279052734,233868000.0
2021-02-19,15.024499893188477,15.177000045776367,14.846750259399414,14.92650032043457,14.883838653564451,271724000.0
2021-02-22,14.774749755859377,15.13325023651123,14.324999809265137,14.35575008392334,14.31471824645996,325884000.0
2021-02-23,14.075249671936035,14.238750457763672,13.38949966430664,14.142000198364258,14.101579666137695,391780000.0
2021-02-24,14.122750282287598,14.506750106811523,13.755999565124512,14.49899959564209,14.457555770874023,448320000.0
2021-02-25,14.045499801635742,14.374750137329102,13.2162504196167,13.307499885559082,13.269463539123535,824436000.0
2021-02-26,13.7524995803833,13.854499816894531,13.361000061035156,13.714500427246094,13.675300598144531,500932000.0
2021-03-01,13.875,13.925000190734863,13.553250312805176,13.841750144958496,13.80218505859375,353184000.0
2021-03-02,13.899999618530272,13.920499801635742,13.395999908447266,13.40625,13.367929458618164,264116000.0
2021-03-03,13.426250457763672,13.451499938964844,12.798749923706056,12.804750442504885,12.768149375915527,377592000.0
2021-03-04,12.80074977874756,12.975000381469728,12.083749771118164,12.37024974822998,12.334893226623535,573344000.0
2021-03-05,12.550000190734863,12.550000190734863,11.67924976348877,12.46150016784668,12.425881385803224,542840000.0
2021-03-08,12.449999809265137,12.4712495803833,11.566499710083008,11.593250274658203,11.560112953186035,543112000.0
2021-03-09,12.130249977111816,12.61674976348877,12.059249877929688,12.52025032043457,12.488771438598633,521824000.0
2021-03-10,12.840499877929688,12.979999542236328,12.457500457763672,12.468250274658203,12.43690586090088,384376000.0
2021-03-11,12.949999809265137,13.046250343322754,12.73449993133545,12.993499755859377,12.960835456848145,299916000.0
2021-03-12,12.648249626159668,12.888750076293944,12.59000015258789,12.855999946594238,12.823678016662598,243964000.0
2021-03-15,12.864749908447266,13.20674991607666,12.767250061035156,13.19124984741211,13.158087730407717,221988000.0
2021-03-16,13.356499671936035,13.512499809265137,13.11674976348877,13.291250228881836,13.257835388183594,272128000.0
2021-03-17,13.039750099182127,13.45324993133545,12.989500045776367,13.3412504196167,13.307711601257324,243864000.0
2021-03-18,13.136500358581545,13.184000015258787,12.717000007629396,12.72249984741211,12.69051456451416,293896000.0
2021-03-19,12.75,12.921500205993652,12.612500190734863,12.845749855041504,12.813453674316406,299208000.0
2021-03-22,12.912750244140623,13.39449977874756,12.906749725341797,13.186249732971191,13.153098106384276,297804000.0
2021-03-23,13.254249572753906,13.344499588012695,13.021249771118164,13.07075023651123,13.037887573242188,222048000.0
2021-03-24,13.151249885559082,13.159250259399414,12.63675022125244,12.642999649047852,12.611212730407717,245840000.0
2021-03-25,12.499500274658203,12.714750289916992,12.272000312805176,12.535249710083008,12.503734588623049,295144000.0
2021-03-26,12.554499626159668,12.856249809265137,12.373499870300291,12.83924961090088,12.806967735290527,363968000.0
2021-03-29,12.820249557495115,13.0625,12.699999809265137,12.948249816894531,12.915696144104004,273520000.0
2021-03-30,12.842000007629396,12.975250244140623,12.704999923706056,12.871749877929688,12.839388847351074,200204000.0
2021-03-31,13.01550006866455,13.470499992370604,12.982500076293944,13.34825038909912,13.314691543579102,314776000.0
2021-04-01,13.572250366210938,13.869999885559082,13.511249542236328,13.811750411987305,13.77702808380127,308276000.0
2021-04-05,13.86750030517578,14.013999938964844,13.732999801635742,13.987500190734863,13.952332496643066,255672000.0
2021-04-06,13.999750137329102,14.05424976348877,13.773500442504885,13.861499786376951,13.826650619506836,191744000.0
2021-04-07,13.880749702453612,14.243499755859377,13.71150016784668,14.143500328063965,14.107939720153809,251284000.0
2021-04-08,14.252750396728516,14.471500396728516,14.24899959564209,14.31700038909912,14.281006813049316,244416000.0
2021-04-09,14.21399974822998,14.407999992370604,14.175000190734863,14.399999618530272,14.363797187805176,195172000.0
2021-04-12,14.289750099182127,15.352499961853027,14.139249801635742,15.208999633789062,15.170761108398438,869324000.0
2021-04-13,15.231499671936035,15.699999809265137,15.125749588012695,15.679499626159668,15.640079498291016,676212000.0
2021-04-14,15.625,15.720499992370604,15.227499961853027,15.277000427246094,15.238593101501465,385500000.0
2021-04-15,15.662500381469728,16.214250564575195,15.631500244140623,16.137250900268555,16.096681594848633,598480000.0
2021-04-16,16.05299949645996,16.16575050354004,15.865249633789062,15.912500381469728,15.8724946975708,335208000.0
2021-04-19,15.536499977111816,15.807499885559082,15.232999801635742,15.361749649047852,15.323126792907717,404420000.0
2021-04-20,15.323249816894531,15.496999740600586,14.963000297546388,15.171250343322754,15.133109092712402,334132000.0
2021-04-21,15.118749618530272,15.362500190734863,15.102250099182127,15.36050033569336,15.321880340576172,216776000.0
2021-04-22,15.375,15.43850040435791,14.783499717712402,14.850250244140623,14.812915802001951,277788000.0
2021-04-23,14.934249877929688,15.335000038146973,14.900250434875488,15.265250205993652,15.226872444152832,227500000.0
2021-04-26,15.1850004196167,15.479000091552734,15.125,15.477999687194824,15.43908405303955,197796000.0
2021-04-27,15.578499794006348,15.670499801635742,15.354499816894531,15.381750106811523,15.343076705932615,164572000.0
2021-04-28,15.364500045776367,15.53225040435791,15.215499877929688,15.27674961090088,15.238343238830566,209416000.0
2021-04-29,15.399999618530272,15.43649959564209,15.071499824523926,15.324749946594238,15.286221504211426,173196000.0
2021-04-30,15.174500465393066,15.364999771118164,14.996999740600586,15.009499549865724,14.971765518188477,201912000.0
2021-05-03,15.125,15.246749877929688,14.787500381469728,14.836750030517578,14.79944896697998,203912000.0
2021-05-04,14.637249946594238,14.637499809265137,14.010250091552734,14.35124969482422,14.31516933441162,405324000.0
2021-05-05,14.708999633789062,14.81350040435791,14.387499809265137,14.458499908447266,14.42215061187744,292024000.0
2021-05-06,14.49524974822998,14.571249961853027,14.218000411987305,14.52299976348877,14.486488342285156,193380000.0
2021-05-07,14.808250427246094,14.970749855041504,14.67175006866455,14.812250137329102,14.775012016296388,229328000.0
2021-05-10,14.787249565124512,14.805999755859377,14.25,14.26574993133545,14.229884147644045,268904000.0
2021-05-11,13.824999809265137,14.35474967956543,13.75,14.306249618530272,14.270281791687012,285584000.0
2021-05-12,14.009499549865724,14.260250091552734,13.709250450134276,13.758500099182127,13.723910331726074,303408000.0
2021-05-13,14.0337495803833,14.080750465393066,13.458999633789062,13.665249824523926,13.630895614624023,285404000.0
2021-05-14,13.890000343322754,14.32800006866455,13.748499870300291,14.243000030517578,14.20719051361084,258616000.0
2021-05-17,14.156999588012695,14.169249534606934,13.853500366210938,14.165499687194824,14.129887580871582,216980000.0
2021-05-18,14.267000198364258,14.404250144958496,14.003999710083008,14.01574993133545,13.980513572692873,186256000.0
2021-05-19,13.566499710083008,14.079500198364258,13.54325008392334,14.065750122070312,14.030387878417969,344000000.0
2021-05-20,14.302499771118164,14.68375015258789,14.270500183105469,14.612500190734863,14.575763702392578,321592000.0
2021-05-21,15.16374969482422,15.222000122070312,14.869500160217283,14.99174976348877,14.954058647155762,672992000.0
2021-05-24,15.212499618530272,15.744999885559082,15.175999641418455,15.612000465393066,15.572751998901367,554816000.0
2021-05-25,15.765999794006348,15.818499565124512,15.482500076293944,15.647749900817873,15.608410835266112,435408000.0
2021-05-26,15.73425006866455,15.793749809265137,15.58625030517578,15.699999809265137,15.660530090332031,370440000.0
2021-05-27,15.699749946594238,15.75,15.460000038146973,15.48799991607666,15.449060440063477,581476000.0
2021-05-28,15.50100040435791,16.27750015258789,15.50100040435791,16.24449920654297,16.203659057617188,644536000.0
2021-06-01,16.270000457763672,16.38825035095215,15.903249740600586,16.26449966430664,16.223608016967773,472804000.0
2021-06-02,16.25225067138672,16.918750762939453,16.23550033569336,16.778249740600586,16.736066818237305,594168000.0
2021-06-03,16.70075035095215,17.259000778198242,16.58300018310547,16.969749450683594,16.92708969116211,580008000.0
2021-06-04,17.112499237060547,17.660999298095703,17.095500946044922,17.578250885009766,17.534059524536133,617120000.0
2021-06-07,17.571250915527344,17.8125,17.192750930786133,17.618999481201172,17.57470703125,575756000.0
2021-06-08,17.527250289916992,17.62150001525879,17.250999450683594,17.457000732421875,17.413110733032227,323848000.0
2021-06-09,17.515750885009766,17.575000762939453,17.25575065612793,17.35824966430664,17.318578720092773,381656000.0
2021-06-10,17.350000381469727,17.492000579833984,17.176000595092773,17.424999237060547,17.38517189025879,287772000.0
2021-06-11,17.47949981689453,17.939250946044922,17.443750381469727,17.82525062561035,17.78451156616211,416308000.0
2021-06-14,17.9060001373291,18.03949928283691,17.662750244140625,18.018749237060547,17.977567672729492,321376000.0
2021-06-15,17.915000915527344,18.01625061035156,17.72800064086914,17.78849983215332,17.74785041809082,243032000.0
2021-06-16,17.79075050354004,17.954750061035156,17.58449935913086,17.81024932861328,17.769548416137695,307124000.0
2021-06-17,17.774499893188477,18.834999084472656,17.756250381469727,18.657249450683594,18.614606857299805,809656000.0
2021-06-18,18.784000396728516,19.375,18.583999633789062,18.638750076293945,18.596153259277344,968856000.0
2021-06-21,18.43524932861328,18.536500930786133,17.822750091552734,18.427249908447266,18.38513565063477,672384000.0
2021-06-22,18.471500396728516,18.9637508392334,18.38599967956543,18.886749267578125,18.843585968017575,580144000.0
2021-06-23,19.007749557495117,19.15275001525879,18.90774917602539,19.057249069213867,19.01369285583496,332356000.0
2021-06-24,19.22775077819824,19.420000076293945,19.08824920654297,19.20549964904785,19.161609649658203,320924000.0
2021-06-25,19.280500411987305,19.34550094604492,18.894500732421875,19.0310001373291,18.98750686645508,278364000.0
2021-06-28,19.361249923706055,20.07875061035156,19.319000244140625,19.98500061035156,19.93932342529297,495436000.0
2021-06-29,19.88249969482422,20.0987491607666,19.656999588012695,20.026750564575195,19.980979919433594,367632000.0
2021-06-30,19.999250411987305,20.162500381469727,19.863750457763672,20.002500534057617,19.956783294677734,326568000.0
2021-07-01,20.125,20.45599937438965,20.018999099731445,20.211999893188477,20.16580390930176,480136000.0
2021-07-02,20.440250396728516,20.505250930786133,20.287750244140625,20.48699951171875,20.440174102783203,342764000.0
2021-07-06,20.737499237060547,20.84199905395508,20.350250244140625,20.69849967956543,20.651193618774418,446708000.0
2021-07-07,20.853500366210938,20.875,20.332000732421875,20.371749877929688,20.3251895904541,418428000.0
2021-07-08,19.85650062561035,20.132999420166016,19.70075035095215,19.90275001525879,19.857263565063477,503300000.0
2021-07-09,19.962499618530273,20.080249786376953,19.754249572753903,20.050249099731445,20.00442695617676,296624000.0
2021-07-12,20.239999771118164,20.53274917602539,20.1877498626709,20.512500762939453,20.465621948242188,321984000.0
2021-07-13,20.40049934387207,20.46125030517578,20.11400032043457,20.25,20.20372009277344,290708000.0
2021-07-14,20.357749938964844,20.417749404907227,19.752750396728516,19.84149932861328,19.796152114868164,380100000.0
2021-07-15,19.811750411987305,19.847000122070312,18.85849952697754,18.966249465942383,18.92290496826172,550564000.0
2021-07-16,19.030500411987305,19.156999588012695,18.072999954223633,18.160999298095703,18.11949348449707,688224000.0
2021-07-19,17.915250778198242,19.04199981689453,17.86549949645996,18.77975082397461,18.73682975769043,749060000.0
2021-07-20,18.729999542236328,18.83799934387207,18.163999557495117,18.61199951171875,18.5694580078125,434687000.0
2021-07-21,18.881999969482425,19.527000427246097,18.742000579833984,19.40999984741211,19.365638732910156,371017000.0
2021-07-22,19.642000198364254,19.886999130249023,19.275999069213867,19.5939998626709,19.549219131469727,323826000.0
2021-07-23,19.6560001373291,19.700000762939453,19.25,19.558000564575195,19.5132999420166,195672000.0
2021-07-26,19.31100082397461,19.441999435424805,18.913999557495117,19.29400062561035,19.249902725219727,203943000.0
2021-07-27,19.26499938964844,19.621999740600582,18.74099922180176,19.20800018310547,19.164100646972656,248863000.0
2021-07-28,19.319000244140625,19.645999908447266,18.9950008392334,19.503000259399418,19.458423614501953,202191000.0
2021-07-29,19.518999099731445,19.85300064086914,19.32799911499023,19.66200065612793,19.617063522338867,190781000.0
2021-07-30,19.417999267578125,19.6299991607666,19.26300048828125,19.499000549316406,19.45443344116211,183497000.0
2021-08-02,19.700000762939453,19.961000442504883,19.361000061035156,19.75,19.704858779907227,217444000.0
2021-08-03,19.739999771118164,20.222000122070312,19.219999313354492,19.815000534057617,19.769710540771484,301811000.0
2021-08-04,19.989999771118164,20.31800079345703,19.82799911499023,20.27400016784668,20.227663040161133,231309000.0
2021-08-05,20.5,20.732999801635746,20.34199905395508,20.636999130249023,20.5898380279541,211435000.0
2021-08-06,20.52400016784668,20.56999969482422,20.209999084472656,20.36599922180176,20.3194580078125,178497000.0
2021-08-09,20.445999145507812,20.507999420166016,20.14299964904785,20.295000076293945,20.24861717224121,146443000.0
2021-08-10,20.32200050354004,20.43000030517578,19.834999084472656,19.93600082397461,19.890439987182617,179238000.0
2021-08-11,20.042999267578125,20.048999786376953,19.43000030517578,19.698999404907227,19.653982162475582,185925000.0
2021-08-12,19.8700008392334,20.02899932861328,19.6200008392334,19.905000686645508,19.8595027923584,151652000.0
2021-08-13,19.905000686645508,20.214000701904297,19.85099983215332,20.187999725341797,20.141857147216797,183063000.0
2021-08-16,20.135000228881836,20.28700065612793,19.45299911499023,19.950000762939453,19.904407501220703,210876000.0
2021-08-17,19.684999465942383,19.770000457763672,19.267000198364254,19.45800018310547,19.413528442382812,204585000.0
2021-08-18,19.5,19.63400077819824,19.0,19.040000915527344,18.996484756469727,285913000.0
2021-08-19,19.493999481201172,20.4950008392334,18.761999130249023,19.79800033569336,19.752748489379883,766555000.0
2021-08-20,19.99099922180176,20.864999771118164,19.933000564575195,20.81599998474121,20.76842498779297,675741000.0
2021-08-23,20.97100067138672,21.996999740600582,20.950000762939453,21.95800018310547,21.90781593322754,575807000.0
2021-08-24,21.753000259399418,21.958999633789062,21.53499984741211,21.792999267578125,21.743192672729492,297299000.0
2021-08-25,21.73699951171875,22.469999313354492,21.722000122070312,22.21299934387207,22.162229537963867,347701000.0
2021-08-26,22.200000762939453,22.34000015258789,21.790000915527344,22.06800079345703,22.01756477355957,237940000.0
2021-08-27,22.18400001525879,22.722000122070312,22.16699981689453,22.63599967956543,22.58426856994629,304722000.0
2021-08-30,22.829999923706055,23.042999267578125,22.551000595092773,22.687999725341797,22.636144638061523,262580000.0
2021-08-31,22.69499969482422,22.69499969482422,22.1200008392334,22.385000228881836,22.3377742767334,259850000.0
2021-09-01,22.48500061035156,22.69700050354004,22.35700035095215,22.44099998474121,22.39366149902344,201767000.0
2021-09-02,22.51799964904785,22.593000411987305,22.295000076293945,22.395999908447266,22.3487548828125,187834000.0
2021-09-03,22.325000762939453,22.986000061035156,22.200000762939453,22.843000411987305,22.794811248779297,280532000.0
2021-09-07,22.83300018310547,22.89900016784668,22.52199935913086,22.66200065612793,22.614198684692383,198107000.0
2021-09-08,22.51300048828125,22.61000061035156,21.97699928283691,22.339000701904297,22.2918758392334,254434000.0
2021-09-09,22.312000274658203,22.538000106811523,22.131000518798828,22.177000045776367,22.130212783813477,196856000.0
2021-09-10,22.347999572753903,22.625999450683594,22.270000457763672,22.47800064086914,22.430583953857425,248376000.0
2021-09-13,22.68400001525879,22.964000701904297,21.857999801635746,22.152000427246097,22.10527229309082,297500000.0
2021-09-14,22.274999618530273,22.40999984741211,22.086000442504883,22.242000579833984,22.195079803466797,199755000.0
2021-09-15,22.30900001525879,22.367000579833984,21.965999603271484,22.340999603271484,22.293869018554688,166538000.0
2021-09-16,22.183000564575195,22.277000427246097,21.927000045776367,22.242000579833984,22.195079803466797,156033000.0
2021-09-17,22.299999237060547,22.320999145507812,21.829999923706055,21.899999618530273,21.853796005249023,294503000.0
2021-09-20,21.145999908447266,21.433000564575195,20.66200065612793,21.113000869750977,21.068464279174805,349440000.0
2021-09-21,21.41699981689453,21.424999237060547,20.950000762939453,21.246000289916992,21.201183319091797,204688000.0
2021-09-22,21.36599922180176,21.959999084472656,21.195999145507812,21.94099998474121,21.894716262817383,268726000.0
2021-09-23,22.13999938964844,22.53499984741211,21.88999938964844,22.48200035095215,22.434574127197266,248555000.0
2021-09-24,22.06999969482422,22.14900016784668,21.861000061035156,22.08099937438965,22.034421920776367,217655000.0
2021-09-27,21.709999084472656,21.798999786376953,21.325000762939453,21.65999984741211,21.61430549621582,245215000.0
2021-09-28,21.214000701904297,21.41900062561035,20.650999069213867,20.698999404907227,20.65533447265625,343069000.0
2021-09-29,20.940000534057617,21.017000198364254,20.46699905395508,20.517000198364254,20.47371482849121,218394000.0
2021-09-30,20.76799964904785,21.06599998474121,20.687999725341797,20.715999603271484,20.67229652404785,221009000.0
2021-10-01,20.75,20.858999252319336,20.20299911499023,20.742000579833984,20.6982479095459,240978000.0
2021-10-04,20.503999710083008,20.54199981689453,19.55500030517578,19.73200035095215,19.69037818908691,345635000.0
2021-10-05,19.950000762939453,20.64800071716309,19.854000091552734,20.451000213623047,20.407855987548828,279282000.0
2021-10-06,20.1200008392334,20.719999313354492,20.079999923706055,20.700000762939453,20.65633201599121,297202000.0
2021-10-07,21.09199905395508,21.32200050354004,20.972000122070312,21.075000762939453,21.03054428100586,256919000.0
2021-10-08,21.10099983215332,21.20599937438965,20.774999618530273,20.83099937438965,20.78705596923828,151258000.0
2021-10-11,20.575000762939453,21.062999725341797,20.51099967956543,20.69499969482422,20.651344299316406,163388000.0
2021-10-12,20.82799911499023,21.05699920654297,20.527999877929688,20.67099952697754,20.627391815185547,162134000.0
2021-10-13,20.917999267578125,20.989999771118164,20.71299934387207,20.93899917602539,20.89482879638672,180652000.0
2021-10-14,21.288000106811523,21.7549991607666,21.121999740600582,21.746000289916992,21.70012664794922,243589000.0
2021-10-15,21.809999465942383,21.930999755859375,21.66200065612793,21.86199951171875,21.81587791442871,226994000.0
2021-10-18,21.749000549316406,22.291000366210938,21.643999099731445,22.222000122070312,22.17512321472168,189494000.0
2021-10-19,22.275999069213867,22.378999710083008,22.03700065612793,22.290000915527344,22.24298095703125,161473000.0
2021-10-20,22.30500030517578,22.433000564575195,21.98200035095215,22.10300064086914,22.056371688842773,146276000.0
2021-10-21,22.097000122070312,22.711000442504883,22.08300018310547,22.691999435424805,22.64413070678711,187590000.0
2021-10-22,22.822999954223633,23.1299991607666,22.56100082397461,22.72599983215332,22.678056716918945,249384000.0
2021-10-25,22.972999572753903,23.354999542236328,22.770000457763672,23.166000366210938,23.117130279541016,230235000.0
2021-10-26,23.98900032043457,25.25900077819824,23.923999786376953,24.71699905395508,24.664857864379883,485898000.0
2021-10-27,24.474000930786133,25.09000015258789,24.281999588012695,24.451000213623047,24.3994197845459,245990000.0
2021-10-28,24.878000259399418,24.950000762939453,24.52300071716309,24.94099998474121,24.88838577270508,234204000.0
2021-10-29,25.000999450683594,25.708999633789062,25.0,25.566999435424805,25.5130615234375,292503000.0
2021-11-01,25.64900016784668,25.893999099731445,25.22699928283691,25.82699966430664,25.772518157958984,265740000.0
2021-11-02,25.82200050354004,26.67799949645996,25.799999237060547,26.400999069213867,26.345308303833008,294112000.0
2021-11-03,26.670000076293945,26.784000396728516,26.23500061035156,26.597999572753903,26.541889190673828,239910000.0
2021-11-04,27.229000091552734,31.364999771118164,27.118000030517575,29.801000595092773,29.738130569458008,1153631000.0
2021-11-05,30.187000274658203,31.399999618530273,29.40999984741211,29.75200080871582,29.689239501953125,851260000.0
2021-11-08,30.14900016784668,31.100000381469727,29.906999588012695,30.804000854492188,30.7390193939209,503101000.0
2021-11-09,32.28200149536133,32.310001373291016,29.964000701904297,30.656999588012695,30.592329025268555,646746000.0
2021-11-10,29.356000900268555,30.850000381469727,28.777999877929688,29.458999633789062,29.396852493286133,636206000.0
2021-11-11,30.468000411987305,30.59000015258789,29.777000427246097,30.38999938964844,30.325891494750977,332172000.0
2021-11-12,30.010000228881836,30.68000030517578,29.6299991607666,30.38999938964844,30.325891494750977,413054000.0
2021-11-15,30.552000045776367,30.643999099731445,29.246999740600582,30.024999618530273,29.9616641998291,384909000.0
2021-11-16,29.75900077819824,30.38999938964844,29.70599937438965,30.20299911499023,30.1392822265625,264484000.0
2021-11-17,30.417999267578125,30.50900077819824,28.799999237060547,29.26099967956543,29.19927215576172,428508000.0
2021-11-18,32.367000579833984,32.7599983215332,31.320999145507812,31.674999237060547,31.60818099975586,781711000.0
2021-11-19,32.24300003051758,33.0880012512207,31.905000686645508,32.98500061035156,32.9154167175293,533867000.0
2021-11-22,33.516998291015625,34.64699935913086,31.899999618530273,31.95599937438965,31.888587951660156,754335000.0
2021-11-23,31.53499984741211,32.36000061035156,30.8799991607666,31.746000289916992,31.679031372070312,532163000.0
2021-11-24,31.461000442504883,32.85499954223633,30.92799949645996,32.67399978637695,32.60506820678711,435162000.0
2021-11-26,32.599998474121094,32.709999084472656,31.350000381469727,31.503000259399418,31.436540603637695,283069000.0
2021-11-29,32.36600112915039,33.4119987487793,32.0359992980957,33.375999450683594,33.30558776855469,454964000.0
2021-11-30,33.16899871826172,33.35300064086914,31.86400032043457,32.67599868774414,32.60706329345703,622066000.0
2021-12-01,33.21900177001953,33.28900146484375,31.3799991607666,31.434999465942383,31.372528076171875,484368000.0
2021-12-02,31.214000701904297,32.47800064086914,31.024999618530273,32.125999450683594,32.062156677246094,472890000.0
2021-12-03,32.0,32.12900161743164,30.1299991607666,30.69300079345703,30.632003784179688,544325000.0
2021-12-06,29.8799991607666,30.24099922180176,28.038000106811523,30.03700065612793,29.97730827331543,658938000.0
2021-12-07,30.957000732421875,32.44900131225586,30.650999069213867,32.426998138427734,32.362552642822266,593053000.0
2021-12-08,31.999000549316406,32.290000915527344,31.42099952697754,31.826000213623047,31.76275062561035,475551000.0
2021-12-09,31.733999252319336,32.20500183105469,30.42799949645996,30.489999771118164,30.429405212402344,488507000.0
2021-12-10,31.149999618530273,31.30500030517578,29.861000061035156,30.197999954223633,30.137985229492188,488825000.0
2021-12-13,30.249000549316406,30.29400062561035,28.11599922180176,28.160999298095703,28.105030059814453,598344000.0
2021-12-14,27.698999404907227,28.67799949645996,27.25,28.336999893188477,28.280683517456055,667035000.0
2021-12-15,28.399999618530273,30.5,27.83799934387207,30.458999633789062,30.39846420288086,698297000.0
2021-12-16,31.152000427246097,31.15999984741211,28.093000411987305,28.386999130249023,28.330581665039062,707366000.0
2021-12-17,27.98500061035156,28.92200088500977,27.760000228881836,27.801000595092773,27.745750427246097,713758000.0
2021-12-20,27.30500030517578,28.143999099731445,27.145000457763672,27.7189998626709,27.66391372680664,461847000.0
2021-12-21,28.374000549316406,29.1200008392334,27.400999069213867,29.075000762939453,29.0172176361084,524385000.0
2021-12-22,28.891000747680664,29.55500030517578,28.448999404907227,29.399999618530273,29.341571807861328,395184000.0
2021-12-23,29.7549991607666,30.05900001525879,29.430999755859375,29.63999938964844,29.581092834472656,343022000.0
2021-12-27,29.65999984741211,31.086999893188477,29.63999938964844,30.94499969482422,30.883495330810547,403686000.0
2021-12-28,31.312000274658203,31.329999923706055,30.011999130249023,30.32200050354004,30.261734008789062,420591000.0
2021-12-29,30.27300071716309,30.54800033569336,29.36599922180176,30.000999450683594,29.94137954711914,343139000.0
2021-12-30,29.82699966430664,30.457000732421875,29.540000915527344,29.586000442504883,29.527202606201172,308864000.0
2021-12-31,29.673999786376953,30.030000686645508,29.33099937438965,29.410999298095703,29.352548599243164,266530000.0
2022-01-03,29.815000534057617,30.711000442504883,29.78499984741211,30.121000289916992,30.061138153076172,391547000.0
2022-01-04,30.277000427246097,30.468000411987305,28.349000930786133,29.290000915527344,29.231794357299805,527154000.0
2022-01-05,28.948999404907227,29.416000366210938,27.53300094604492,27.604000091552734,27.54913902282715,498064000.0
2022-01-06,27.63999938964844,28.437999725341797,27.065000534057617,28.17799949645996,28.121997833251953,454186000.0
2022-01-07,28.141000747680664,28.42200088500977,27.05699920654297,27.246999740600582,27.19285011291504,409939000.0
2022-01-10,26.58099937438965,27.4689998626709,25.643999099731445,27.399999618530273,27.345548629760746,594681000.0
2022-01-11,27.322999954223633,28.065000534057617,26.839000701904297,27.816999435424805,27.761716842651367,404089000.0
2022-01-12,28.066999435424805,28.594999313354492,27.607999801635746,27.999000549316406,27.9433536529541,383413000.0
2022-01-13,28.378999710083008,28.479999542236328,26.49799919128418,26.575000762939453,26.522186279296875,540171000.0
2022-01-14,26.299999237060547,27.19700050354004,26.209999084472656,26.941999435424805,26.88845443725586,395832000.0
2022-01-18,26.260000228881836,26.63800048828125,25.770000457763672,25.902999877929688,25.85152053833008,424270000.0
2022-01-19,26.07900047302246,26.542999267578125,25.052000045776367,25.066999435424805,25.017183303833008,488315000.0
2022-01-20,25.304000854492188,25.57900047302246,24.07799911499023,24.149999618530273,24.10200309753418,435181000.0
2022-01-21,23.506999969482425,24.822999954223633,23.26300048828125,23.374000549316406,23.32754898071289,718958000.0
2022-01-24,22.329999923706055,23.3799991607666,20.88800048828125,23.371999740600582,23.325550079345703,913982000.0
2022-01-25,22.54599952697754,22.94300079345703,22.0,22.323999404907227,22.279634475708008,664616000.0
2022-01-26,23.239999771118164,24.05699920654297,22.299999237060547,22.77199935913086,22.72674560546875,755959000.0
2022-01-27,23.56800079345703,23.9950008392334,21.674999237060547,21.944000244140625,21.900388717651367,573353000.0
2022-01-28,22.011999130249023,22.857999801635746,21.29599952697754,22.84000015258789,22.79460906982422,543774000.0
2022-01-31,23.18199920654297,24.50900077819824,23.052000045776367,24.486000061035156,24.437341690063477,564680000.0
2022-02-01,25.104000091552734,25.145000457763672,23.88999938964844,24.63800048828125,24.589033126831055,518925000.0
2022-02-02,25.79400062561035,25.816999435424805,24.55299949645996,25.242000579833984,25.191837310791016,543419000.0
2022-02-03,24.45800018310547,25.07699966430664,23.780000686645508,23.947999954223633,23.900405883789062,410178000.0
2022-02-04,23.972000122070312,24.635000228881836,23.631999969482425,24.319000244140625,24.270671844482425,354829000.0
2022-02-07,24.371999740600582,25.18199920654297,24.20199966430664,24.72800064086914,24.678857803344727,376868000.0
2022-02-08,24.358999252319336,25.229999542236328,23.979999542236328,25.107999801635746,25.058101654052734,410359000.0
2022-02-09,25.621999740600582,26.725000381469727,25.35300064086914,26.704999923706055,26.651926040649418,524282000.0
2022-02-10,25.9950008392334,26.924999237060547,25.600000381469727,25.823999404907227,25.772680282592773,513200000.0
2022-02-11,25.916000366210938,26.152000427246097,23.77300071716309,23.948999404907227,23.901405334472656,605472000.0
2022-02-14,23.93400001525879,24.875,23.7549991607666,24.267000198364254,24.218772888183594,440424000.0
2022-02-15,24.948999404907227,26.545000076293945,24.784000396728516,26.4950008392334,26.442344665527344,699869000.0
2022-02-16,26.25900077819824,26.582000732421875,25.552000045776367,26.51099967956543,26.45831298828125,732676000.0
2022-02-17,25.6299991607666,25.78499984741211,24.165000915527344,24.506999969482425,24.45829391479492,810595000.0
2022-02-18,24.667999267578125,24.986000061035156,23.100000381469727,23.642000198364254,23.595016479492188,761255000.0
2022-02-22,23.03499984741211,24.06399917602539,23.0,23.38999938964844,23.343509674072266,633422000.0
2022-02-23,23.802000045776367,24.155000686645508,22.301000595092773,22.386999130249023,22.34250259399414,566511000.0
2022-02-24,21.01499938964844,23.799999237060547,20.88999938964844,23.74799919128418,23.700803756713867,735801000.0
2022-02-25,23.72100067138672,24.21699905395508,23.381000518798828,24.156999588012695,24.108991622924805,528866000.0
2022-02-28,23.992000579833984,24.665000915527344,23.707000732421875,24.385000228881836,24.33653450012207,477319000.0
2022-03-01,24.291000366210938,24.37700080871582,23.131999969482425,23.47699928283691,23.430343627929688,412056000.0
2022-03-02,23.756000518798828,24.409000396728516,23.415000915527344,24.219999313354492,24.17597770690918,389642000.0
2022-03-03,24.261999130249023,24.326000213623047,23.4689998626709,23.714000701904297,23.67090606689453,365095000.0
2022-03-04,23.38400077819824,23.68000030517578,22.48200035095215,22.93600082397461,22.89431953430176,431415000.0
2022-03-07,22.816999435424805,23.03300094604492,21.329999923706055,21.35199928283691,21.31319999694824,450821000.0
2022-03-08,21.30900001525879,22.37299919128418,20.649999618530273,21.513999938964844,21.47490692138672,557467000.0
2022-03-09,22.386999130249023,23.219999313354492,22.246999740600582,23.013999938964844,22.97217559814453,492742000.0
2022-03-10,22.5310001373291,22.788000106811523,21.881999969482425,22.65800094604492,22.616823196411133,428066000.0
2022-03-11,23.02199935913086,23.145000457763672,22.04599952697754,22.100000381469727,22.059837341308594,367209000.0
2022-03-14,21.868999481201172,22.261999130249023,21.159000396728516,21.329999923706055,21.29123306274414,385354000.0
2022-03-15,21.51799964904785,23.038000106811523,21.32200050354004,22.972999572753903,22.931249618530273,491996000.0
2022-03-16,23.5,24.597000122070312,23.17200088500977,24.496000289916992,24.45148277282715,671422000.0
2022-03-17,24.1200008392334,24.84199905395508,23.9060001373291,24.766000747680664,24.72099494934082,471941000.0
2022-03-18,24.798999786376953,26.569000244140625,24.624000549316406,26.45299911499023,26.404926300048828,730719000.0
2022-03-21,26.506999969482425,27.152000427246097,25.96699905395508,26.733999252319336,26.68542098999023,591727000.0
2022-03-22,26.72699928283691,27.238000869750977,26.07200050354004,26.52400016784668,26.47579574584961,547007000.0
2022-03-23,26.125999450683594,26.61199951171875,25.575000762939453,25.63400077819824,25.587417602539062,502120000.0
2022-03-24,26.166000366210938,28.31999969482422,25.906999588012695,28.149999618530273,28.098840713500977,877379000.0
2022-03-25,27.88599967956543,28.357999801635746,27.270999908447266,27.691999435424805,27.641677856445312,579016000.0
2022-03-28,27.756000518798828,28.25,27.20599937438965,28.2189998626709,28.1677188873291,425494000.0
2022-03-29,28.69499969482422,28.945999145507812,27.979999542236328,28.6560001373291,28.603923797607425,488984000.0
2022-03-30,28.304000854492188,28.496000289916992,27.503000259399418,27.690000534057617,27.639678955078125,463487000.0
2022-03-31,27.781999588012695,28.24799919128418,27.270000457763672,27.285999298095703,27.236412048339844,523440000.0
2022-04-01,27.375,27.496000289916992,26.267000198364254,26.711999893188477,26.66345977783203,517235000.0
2022-04-04,26.72800064086914,27.558000564575195,26.613000869750977,27.36000061035156,27.31028175354004,397120000.0
2022-04-05,27.253999710083008,27.319000244140625,25.81999969482422,25.930999755859375,25.883874893188477,436615000.0
2022-04-06,24.93400001525879,25.299999237060547,24.003000259399418,24.406999588012695,24.362642288208008,703833000.0
2022-04-07,24.44099998474121,24.722000122070312,23.47800064086914,24.20800018310547,24.16400718688965,557992000.0
2022-04-08,23.91699981689453,23.92300033569336,23.062000274658203,23.118999481201172,23.076984405517575,524781000.0
2022-04-11,22.214000701904297,22.31999969482422,21.65999984741211,21.91699981689453,21.877168655395508,575207000.0
2022-04-12,22.53700065612793,22.725000381469727,21.281999588012695,21.503999710083008,21.46491813659668,662258000.0
2022-04-13,21.72800064086914,22.5,21.454999923706055,22.20299911499023,22.162647247314453,516943000.0
2022-04-14,22.5049991607666,22.777000427246097,21.163000106811523,21.257999420166016,21.219362258911133,569097000.0
2022-04-18,21.200000762939453,22.08799934387207,21.07900047302246,21.78300094604492,21.7434139251709,525701000.0
2022-04-19,21.719999313354492,22.37299919128418,21.31399917602539,22.197999954223633,22.157655715942383,512781000.0
2022-04-20,22.517000198364254,22.670000076293945,21.200000762939453,21.48200035095215,21.442962646484375,468974000.0
2022-04-21,21.708999633789062,22.392000198364254,20.0,20.183000564575195,20.146320343017575,656209000.0
2022-04-22,20.30299949645996,20.486000061035156,19.5,19.51499938964844,19.47953414916992,624713000.0
2022-04-25,19.20199966430664,19.94499969482422,19.09600067138672,19.902000427246097,19.86582946777344,641566000.0
2022-04-26,19.718000411987305,19.788000106811523,18.670000076293945,18.788000106811523,18.75385093688965,653143000.0
2022-04-27,18.597999572753903,19.16699981689453,18.290000915527344,18.415000915527344,18.381534576416016,499460000.0
2022-04-28,18.96699905395508,20.03700065612793,18.489999771118164,19.781999588012695,19.74604606628418,570327000.0
2022-04-29,19.402000427246097,20.128000259399418,18.517000198364254,18.54700088500977,18.51329231262207,500435000.0
2022-05-02,18.541000366210938,19.573999404907227,18.391000747680664,19.53300094604492,19.49750328063965,572049000.0
2022-05-03,19.399999618530273,19.825000762939453,19.132999420166016,19.60199928283691,19.56637382507324,475751000.0
2022-05-04,19.92300033569336,20.399999618530273,18.750999450683594,20.333999633789062,20.297046661376953,648855000.0
2022-05-05,19.867000579833984,19.924999237060547,18.5,18.8439998626709,18.809757232666016,626331000.0
2022-05-06,18.736000061035156,19.511999130249023,17.989999771118164,18.674999237060547,18.64106178283691,633297000.0
2022-05-09,18.034000396728516,18.2549991607666,16.82699966430664,16.950000762939453,16.91919708251953,644455000.0
2022-05-10,17.68899917602539,18.197999954223633,17.024999618530273,17.594999313354492,17.563016891479492,761474000.0
2022-05-11,17.347000122070312,17.753000259399414,16.56800079345703,16.6299991607666,16.59977912902832,670167000.0
2022-05-12,16.2189998626709,16.788000106811523,15.56700038909912,16.174999237060547,16.145605087280273,708728000.0
2022-05-13,16.788000106811523,17.92799949645996,16.593000411987305,17.70599937438965,17.673818588256836,670437000.0
2022-05-16,17.509000778198242,17.788000106811523,17.106000900268555,17.263999938964844,17.232624053955078,521446000.0
2022-05-17,18.073999404907227,18.371000289916992,17.634000778198242,18.177000045776367,18.143962860107425,585830000.0
2022-05-18,17.704999923706055,18.118000030517575,16.86400032043457,16.937999725341797,16.90721321105957,545161000.0
2022-05-19,16.937000274658203,17.687000274658203,16.733999252319336,17.124000549316406,17.092880249023438,621310000.0
2022-05-20,17.332000732421875,17.40999984741211,15.755000114440918,16.694000244140625,16.663660049438477,739105000.0
2022-05-23,16.27400016784668,16.915000915527344,16.179000854492188,16.898000717163086,16.867290496826172,639889000.0
2022-05-24,16.510000228881836,16.597000122070312,15.779999732971191,16.15399932861328,16.124645233154297,588550000.0
2022-05-25,16.020000457763672,17.111000061035156,16.0,16.975000381469727,16.94415283203125,781132000.0
2022-05-26,16.035999298095703,18.09199905395508,16.02199935913086,17.85099983215332,17.818557739257812,996575000.0
2022-05-27,18.18600082397461,18.881000518798828,18.100000381469727,18.81100082397461,18.776811599731445,738379000.0
2022-05-31,18.979999542236328,19.200000762939453,18.350000381469727,18.67200088500977,18.6380672454834,664100000.0
2022-06-01,18.724000930786133,19.05299949645996,18.121999740600582,18.31999969482422,18.286706924438477,544514000.0
2022-06-02,18.29199981689453,19.618999481201172,18.197999954223633,19.59199905395508,19.556394577026367,648656000.0
2022-06-03,19.082000732421875,19.332000732421875,18.52199935913086,18.719999313354492,18.68597984313965,598779000.0
2022-06-06,19.138999938964844,19.336999893188477,18.56399917602539,18.785999298095703,18.751855850219727,422406000.0
2022-06-07,18.472000122070312,19.0,18.187999725341797,18.926000595092773,18.891603469848633,388914000.0
2022-06-08,18.798999786376953,19.18000030517578,18.53499984741211,18.64800071716309,18.6180419921875,363252000.0
2022-06-09,18.481000900268555,18.933000564575195,18.041000366210938,18.04800033569336,18.01900863647461,395574000.0
2022-06-10,17.600000381469727,17.69700050354004,16.868999481201172,16.974000930786133,16.946739196777344,465248000.0
2022-06-13,16.0,16.312000274658203,15.605999946594238,15.647000312805176,15.621866226196287,604153000.0
2022-06-14,15.730999946594238,16.06599998474121,15.411999702453612,15.836000442504885,15.810564041137695,469680000.0
2022-06-15,16.094999313354492,16.868000030517578,15.925999641418455,16.527000427246094,16.50045394897461,563936000.0
2022-06-16,15.859999656677246,15.94200038909912,15.401000022888184,15.60099983215332,15.575940132141112,545749000.0
2022-06-17,15.64799976348877,15.994999885559082,15.32800006866455,15.880000114440918,15.854491233825684,630334000.0
2022-06-21,16.475000381469727,17.007999420166016,16.406999588012695,16.56599998474121,16.53938865661621,483089000.0
2022-06-22,16.22599983215332,16.66200065612793,16.18000030517578,16.360000610351562,16.333724975585938,437135000.0
2022-06-23,16.518999099731445,16.584999084472656,15.852999687194824,16.225000381469727,16.19894027709961,463680000.0
2022-06-24,16.5,17.139999389648438,16.309999465942383,17.125999450683594,17.098487854003906,472153000.0
2022-06-27,17.312000274658203,17.329999923706055,16.625999450683594,16.868999481201172,16.841901779174805,427968000.0
2022-06-28,16.899999618530273,17.20199966430664,15.94499969482422,15.982000350952148,15.956328392028809,461149000.0
2022-06-29,15.814000129699709,15.81999969482422,15.170000076293944,15.541999816894531,15.517035484313965,482352000.0
2022-06-30,15.361000061035156,15.56700038909912,14.862000465393066,15.159000396728516,15.134649276733398,686070000.0
2022-07-01,14.89900016784668,15.062999725341797,14.392000198364258,14.52299976348877,14.499670028686523,577610000.0
2022-07-05,14.175000190734863,14.970999717712402,14.05500030517578,14.96399974822998,14.939963340759276,651397000.0
2022-07-06,15.010000228881836,15.319000244140623,14.788999557495115,15.130000114440918,15.10569667816162,529066000.0
2022-07-07,15.456000328063965,15.94499969482422,15.388999938964844,15.857999801635742,15.832528114318848,492903000.0
2022-07-08,15.43000030517578,16.03700065612793,15.388999938964844,15.838000297546388,15.812560081481934,467972000.0
2022-07-11,15.526000022888184,15.527000427246094,15.038000106811523,15.152000427246094,15.127663612365724,437321000.0
2022-07-12,15.267999649047852,15.430999755859377,14.876999855041504,15.08199977874756,15.05777359008789,458483000.0
2022-07-13,14.59000015258789,15.375,14.46500015258789,15.163999557495115,15.139641761779783,521918000.0
2022-07-14,15.107999801635742,15.472999572753906,14.727999687194824,15.371999740600586,15.347308158874512,456235000.0
2022-07-15,15.659000396728516,15.781999588012695,15.44499969482422,15.76200008392334,15.73668098449707,385935000.0
2022-07-18,16.302000045776367,16.89699935913086,16.00200080871582,16.10099983215332,16.07513999938965,670517000.0
2022-07-19,16.486000061035156,17.110000610351562,16.172000885009766,16.992000579833984,16.964702606201172,702366000.0
2022-07-20,16.94700050354004,17.933000564575195,16.801000595092773,17.80699920654297,17.778392791748047,760538000.0
2022-07-21,17.885000228881836,18.143999099731445,17.545000076293945,18.049999237060547,18.021005630493164,557049000.0
2022-07-22,17.89299964904785,17.966999053955078,17.136999130249023,17.319000244140625,17.291181564331055,536671000.0
2022-07-25,17.018999099731445,17.124000549316406,16.64900016784668,17.02400016784668,16.996654510498047,480748000.0
2022-07-26,16.888999938964844,16.91900062561035,16.47800064086914,16.533000946044922,16.50644302368164,397865000.0
2022-07-27,17.031999588012695,17.93600082397461,16.913000106811523,17.790000915527344,17.76142120361328,569776000.0
2022-07-28,17.975000381469727,18.13999938964844,17.440000534057617,17.983999252319336,17.955110549926758,474646000.0
2022-07-29,17.812999725341797,18.243999481201172,17.691999435424805,18.163000106811523,18.133825302124023,435460000.0
2022-08-01,18.18199920654297,18.84600067138672,17.989999771118164,18.44099998474121,18.411376953125,476469000.0
2022-08-02,18.121999740600582,18.937999725341797,18.09199905395508,18.525999069213867,18.496244430541992,489527000.0
2022-08-03,18.18400001525879,18.968000411987305,18.136999130249023,18.89299964904785,18.862646102905273,418146000.0
2022-08-04,18.849000930786133,19.27400016784668,18.760000228881836,19.21500015258789,19.18413734436035,409652000.0
2022-08-05,18.809999465942383,19.229000091552734,18.666000366210938,18.98900032043457,18.958498001098633,386068000.0
2022-08-08,17.50200080871582,18.23900032043457,17.242000579833984,17.792999267578125,17.76441764831543,981859000.0
2022-08-09,17.25200080871582,17.44700050354004,16.724000930786133,17.086000442504883,17.05855369567871,668263000.0
2022-08-10,17.697999954223633,18.118000030517575,17.316999435424805,18.097000122070312,18.067928314208984,597422000.0
2022-08-11,18.131000518798828,18.707000732421875,17.875999450683594,17.941999435424805,17.91318130493164,509327000.0
2022-08-12,18.15999984741211,18.718000411987305,17.952999114990234,18.708999633789062,18.6789493560791,478094000.0
2022-08-15,18.701000213623047,19.163999557495117,18.613000869750977,19.031999588012695,19.001428604125977,457666000.0
2022-08-16,18.920000076293945,19.142000198364254,18.500999450683594,18.878999710083008,18.848676681518555,451240000.0
2022-08-17,18.52300071716309,18.687999725341797,18.145000457763672,18.334999084472656,18.3055477142334,446799000.0
2022-08-18,18.301000595092773,18.864999771118164,18.183000564575195,18.77300071716309,18.742849349975582,415447000.0
2022-08-19,18.4060001373291,18.520000457763672,17.770000457763672,17.849000930786133,17.820329666137695,441588000.0
2022-08-22,17.489999771118164,17.558000564575195,16.965999603271484,17.034000396728516,17.006641387939453,409593000.0
2022-08-23,16.98900032043457,17.46500015258789,16.969999313354492,17.180999755859375,17.153404235839844,369986000.0
2022-08-24,17.011999130249023,17.4060001373291,16.895000457763672,17.222000122070312,17.194337844848633,522661000.0
2022-08-25,16.8439998626709,17.94700050354004,16.83300018310547,17.913000106811523,17.88422393798828,770691000.0
2022-08-26,17.85700035095215,17.923999786376953,16.23699951171875,16.260000228881836,16.23387908935547,769127000.0
2022-08-29,16.020000457763672,16.33799934387207,15.767000198364258,15.800999641418455,15.775619506835938,496132000.0
2022-08-30,15.960000038146973,16.038999557495117,15.182000160217283,15.468000411987305,15.443153381347656,530181000.0
2022-08-31,15.383999824523926,15.539999961853027,14.958999633789062,15.093999862670898,15.069753646850586,573710000.0
2022-09-01,14.208999633789062,14.380000114440918,13.270000457763672,13.937000274658203,13.914612770080566,1178865000.0
2022-09-02,14.100000381469728,14.17099952697754,13.590999603271484,13.647000312805176,13.625077247619627,743157000.0
2022-09-06,13.730999946594238,13.779000282287598,13.35099983215332,13.46500015258789,13.443371772766112,535751000.0
2022-09-07,13.562999725341797,13.838000297546388,13.345999717712402,13.71399974822998,13.696038246154783,512657000.0
2022-09-08,13.458999633789062,14.008000373840332,13.369000434875488,13.989999771118164,13.97167682647705,624873000.0
2022-09-09,14.156999588012695,14.473999977111816,14.12600040435791,14.38700008392334,14.368156433105469,486612000.0
2022-09-12,14.369000434875488,14.54699993133545,14.197999954223633,14.505000114440918,14.486002922058104,484159000.0
2022-09-13,13.802000045776367,13.92199993133545,13.098999977111816,13.130999565124512,13.113801956176758,714956000.0
2022-09-14,13.253999710083008,13.289999961853027,12.913000106811523,13.128000259399414,13.11080551147461,588507000.0
2022-09-15,13.015000343322754,13.232999801635742,12.789999961853027,12.928999900817873,12.912067413330078,523625000.0
2022-09-16,12.741999626159668,13.211999893188477,12.616999626159668,13.197999954223633,13.180715560913086,670751000.0
2022-09-19,13.01200008392334,13.463000297546388,13.010000228881836,13.381999969482422,13.36447525024414,569685000.0
2022-09-20,13.21500015258789,13.482999801635742,13.057000160217283,13.175999641418455,13.158745765686035,524818000.0
2022-09-21,13.213000297546388,14.031000137329102,13.109999656677246,13.26099967956543,13.243632316589355,807679000.0
2022-09-22,13.06999969482422,13.14900016784668,12.428000450134276,12.560999870300291,12.544548034667969,759162000.0
2022-09-23,12.420000076293944,12.611000061035156,12.256999969482422,12.515999794006348,12.49960708618164,663309000.0
2022-09-26,12.491000175476074,12.659000396728516,12.21399974822998,12.227999687194824,12.211987495422363,547343000.0
2022-09-27,12.506999969482422,12.736000061035156,12.258000373840332,12.413000106811523,12.396742820739746,553854000.0
2022-09-28,12.40999984741211,12.822999954223633,12.354000091552734,12.736000061035156,12.719321250915527,542414000.0
2022-09-29,12.447999954223633,12.5,11.946000099182127,12.220000267028809,12.203997611999512,532763000.0
2022-09-30,12.086999893188477,12.633000373840332,12.074999809265137,12.138999938964844,12.123102188110352,565638000.0
2022-10-03,12.347000122070312,12.678000450134276,12.104999542236328,12.51200008392334,12.495614051818848,547478000.0
2022-10-04,12.878999710083008,13.220000267028809,12.878999710083008,13.166999816894531,13.14975357055664,584182000.0
2022-10-05,12.91100025177002,13.321000099182127,12.621000289916992,13.208999633789062,13.191701889038086,507131000.0
2022-10-06,13.220000267028809,13.656000137329102,13.102999687194824,13.130000114440918,13.112804412841797,644157000.0
2022-10-07,12.505000114440918,12.670000076293944,12.022000312805176,12.076000213623049,12.060185432434082,672478000.0
2022-10-10,12.036999702453612,12.12399959564209,11.407999992370604,11.670000076293944,11.65471649169922,698699000.0
2022-10-11,11.560999870300291,11.845999717712402,11.282999992370604,11.586000442504885,11.570826530456545,667482000.0
2022-10-12,11.57900047302246,11.734999656677246,11.345000267028809,11.5,11.484939575195312,492590000.0
2022-10-13,10.970999717712402,12.07800006866455,10.812999725341797,11.960000038146973,11.944337844848633,850103000.0
2022-10-14,12.057000160217283,12.111000061035156,11.20400047302246,11.22700023651123,11.212297439575195,713432000.0
2022-10-17,11.517999649047852,11.947999954223633,11.517000198364258,11.887999534606934,11.872430801391602,580774000.0
2022-10-18,12.343999862670898,12.491999626159668,11.618000030517578,11.967000007629396,11.95132827758789,659362000.0
2022-10-19,11.878999710083008,12.350000381469728,11.833999633789062,12.050999641418455,12.035218238830566,523131000.0
2022-10-20,12.11299991607666,12.769000053405762,12.104999542236328,12.194000244140623,12.178030014038086,652398000.0
2022-10-21,12.097999572753906,12.498000144958496,11.88700008392334,12.465999603271484,12.44967555999756,609494000.0
2022-10-24,12.508000373840332,12.710000038146973,12.064000129699709,12.598999977111816,12.582499504089355,517457000.0
2022-10-25,12.694000244140623,13.300000190734863,12.663999557495115,13.26099967956543,13.243632316589355,505482000.0
2022-10-26,12.869000434875488,13.387999534606934,12.708000183105469,12.895999908447266,12.879110336303713,532953000.0
2022-10-27,13.630000114440918,13.838000297546388,13.121999740600586,13.175999641418455,13.158745765686035,583113000.0
2022-10-28,13.104000091552734,13.850000381469728,13.060999870300291,13.833999633789062,13.815881729125977,521040000.0
2022-10-31,13.777999877929688,13.838000297546388,13.29699993133545,13.496999740600586,13.479324340820312,486341000.0
2022-11-01,13.810999870300291,13.925000190734863,13.519000053405762,13.54300022125244,13.525263786315918,432817000.0
2022-11-02,13.850000381469728,14.210000038146973,13.211000442504885,13.218999862670898,13.201688766479492,672628000.0
2022-11-03,13.04300022125244,13.781000137329102,12.956000328063965,13.42099952697754,13.403423309326172,500065000.0
2022-11-04,13.986000061035156,14.229000091552734,13.696999549865724,14.156000137329102,14.137459754943848,612576000.0
2022-11-07,14.227999687194824,14.411999702453612,13.95400047302246,14.300999641418455,14.282272338867188,410061000.0
2022-11-08,14.800999641418455,14.890999794006348,14.215999603271484,14.60200023651123,14.582877159118652,595292000.0
2022-11-09,14.161999702453612,14.211000442504885,13.758999824523926,13.776000022888184,13.757959365844728,454414000.0
2022-11-10,14.800000190734863,15.77299976348877,14.54699993133545,15.75,15.729373931884766,700819000.0
2022-11-11,15.807000160217283,16.388999938964844,15.482000350952148,16.32699966430664,16.305614471435547,655487000.0
2022-11-14,16.218000411987305,16.540000915527344,15.92199993133545,16.295000076293945,16.273662567138672,527852000.0
2022-11-15,16.722000122070312,16.99799919128418,16.381999969482422,16.666000366210938,16.64417266845703,545876000.0
2022-11-16,16.16200065612793,16.36199951171875,15.873000144958496,15.90999984741211,15.88916301727295,649547000.0
2022-11-17,15.71500015258789,16.266000747680664,15.53499984741211,15.677000045776367,15.65647029876709,710894000.0
2022-11-18,15.965999603271484,16.00200080871582,15.119999885559082,15.409000396728516,15.388819694519045,492072000.0
2022-11-21,15.147000312805176,15.47700023651123,15.079999923706056,15.31700038909912,15.296939849853516,404739000.0
2022-11-22,15.32800006866455,16.058000564575195,15.121999740600586,16.038000106811523,16.016996383666992,472866000.0
2022-11-23,16.097999572753906,16.527000427246094,16.04800033569336,16.518999099731445,16.49736785888672,427241000.0
2022-11-25,16.31800079345703,16.48699951171875,16.172000885009766,16.270000457763672,16.248695373535156,167934000.0
2022-11-28,16.025999069213867,16.35700035095215,15.725000381469728,15.82699966430664,15.80627155303955,303741000.0
2022-11-29,15.82699966430664,15.932000160217283,15.520000457763672,15.638999938964844,15.61851692199707,298384000.0
2022-11-30,15.696999549865724,16.93000030517578,15.597000122070312,16.92300033569336,16.905160903930664,565298000.0
2022-12-01,16.999000549316406,17.264999389648438,16.635000228881836,17.135000228881836,17.1169376373291,470977000.0
2022-12-02,16.659000396728516,16.933000564575195,16.44499969482422,16.875999450683594,16.85820960998535,371389000.0
2022-12-05,16.679000854492188,16.9950008392334,16.472000122070312,16.610000610351562,16.59248924255371,352255000.0
2022-12-06,16.530000686645508,16.572999954223633,15.819000244140623,15.987000465393066,15.970148086547852,352694000.0
2022-12-07,15.772000312805176,16.18600082397461,15.666999816894531,16.1200008392334,16.103010177612305,372388000.0
2022-12-08,16.273000717163086,17.179000854492188,15.958999633789062,17.16900062561035,17.150903701782227,515456000.0
2022-12-09,17.15999984741211,17.58300018310547,16.975000381469727,17.000999450683594,16.98307991027832,465338000.0
2022-12-12,17.03700065612793,17.538000106811523,16.797000885009766,17.53499984741211,17.516517639160156,457328000.0
2022-12-13,18.5310001373291,18.790000915527344,17.711000442504883,18.07200050354004,18.05295181274414,656589000.0
2022-12-14,17.98699951171875,18.25200080871582,17.420000076293945,17.673999786376953,17.655370712280273,496888000.0
2022-12-15,17.145999908447266,17.31999969482422,16.700000762939453,16.95199966430664,16.934127807617188,478542000.0
2022-12-16,16.86400032043457,17.041000366210938,16.40999984741211,16.570999145507812,16.553531646728516,478232000.0
2022-12-19,16.57200050354004,16.608999252319336,16.145000457763672,16.253999710083008,16.236862182617188,354039000.0
2022-12-20,16.06399917602539,16.309999465942383,15.85200023651123,16.084999084472656,16.06804084777832,403260000.0
2022-12-21,16.11400032043457,16.62700080871582,16.101999282836914,16.500999450683594,16.483604431152344,325025000.0
2022-12-22,16.0939998626709,16.13800048828125,14.881999969482422,15.33899974822998,15.322831153869627,565045000.0
2022-12-23,15.196000099182127,15.33899974822998,14.883000373840332,15.206000328063965,15.189970970153809,349326000.0
2022-12-27,15.074000358581545,15.100000381469728,14.055999755859377,14.121000289916992,14.106114387512209,464902000.0
2022-12-28,13.927000045776367,14.26200008392334,13.883999824523926,14.03600025177002,14.021203994750977,351066000.0
2022-12-29,14.402000427246094,14.68299961090088,14.22700023651123,14.602999687194824,14.587608337402344,354923000.0
2022-12-30,14.333999633789062,14.628999710083008,14.232999801635742,14.61400032043457,14.598596572875977,310490000.0
2023-01-03,14.835345814456591,14.980193431350456,14.08114152422186,14.29991054534912,,401277000.0
2023-01-04,14.5516444923479,14.837342302451898,14.22598793393784,14.73345184326172,,431324000.0
2023-01-05,14.475724399761354,14.548647400640538,14.13308556373845,14.24996280670166,,389168000.0
2023-01-06,14.458742666001996,14.99417790999192,14.019206897315303,14.843337059020996,,405044000.0
2023-01-09,15.267889243337128,16.03907482336761,15.125039380250245,15.611526489257812,,504231000.0
2023-01-10,15.490653372601406,15.94517366128145,15.455690420036634,15.892230033874512,,384101000.0
2023-01-11,15.823302234215715,16.011103777484436,15.546593810156406,15.984131813049316,,353285000.0
2023-01-12,16.083027207439695,16.619459833672344,15.475667427433098,16.493593215942383,,551409000.0
2023-01-13,16.260839889557317,16.904162001817628,16.147960048723682,16.88118553161621,,447287000.0
2023-01-17,16.881187014032182,17.709313641691512,16.881187014032182,17.683340072631836,,511102000.0
2023-01-18,17.64837787383118,17.85416011409162,17.263783455353824,17.358684539794922,,439624000.0
2023-01-19,17.018042058487556,17.17887355641003,16.713365152180454,16.74732780456543,,452932000.0
2023-01-20,16.993067946601407,17.837178429750637,16.80726509622476,17.8201961517334,,564967000.0
2023-01-23,18.044954413779777,19.224710954262285,17.799215385779757,19.172765731811523,,655163000.0
2023-01-24,18.80715382585874,19.474450850170054,18.800161235154988,19.244691848754883,,496204000.0
2023-01-25,18.893063715882672,19.349582719059857,18.560414551747876,19.302631378173828,,449537000.0
2023-01-26,19.680232657858443,20.14474263652142,19.25767822252368,19.781126022338867,,489535000.0
2023-01-27,19.441482734234384,20.606253883767415,19.384543617188243,20.343530654907227,,542142000.0
2023-01-30,19.92897527511301,20.118773660535773,19.129817259209076,19.14180564880371,,488611000.0
2023-01-31,19.14978953956976,19.66624467526037,18.930022166965617,19.516403198242188,,498017000.0
2023-02-01,19.670244043953495,21.169661317208572,19.59032844677635,20.92092514038086,,660477000.0
2023-02-02,20.97786301741522,21.925862042165335,20.67818002215878,21.686115264892575,,564276000.0
2023-02-03,20.97785812345644,21.72207345237521,20.76708015455863,21.0777530670166,,429366000.0
2023-02-06,20.78406980371676,21.547264471015012,20.764090426847385,21.0667724609375,,452197000.0
2023-02-07,21.3594611160502,22.235537474634327,21.12770531761483,22.149627685546875,,664150000.0
2023-02-08,22.363398373809797,22.853881881192613,21.98479821168747,22.181591033935547,,559651000.0
2023-02-09,22.58216918763524,22.99573229825379,22.09668147789324,22.313451766967773,,523876000.0
2023-02-10,21.667135439240298,22.05472500108008,20.78906235023707,21.242582321166992,,550737000.0
2023-02-13,21.515293472026823,22.024756028474823,20.93990051192879,21.76502990722656,,474919000.0
2023-02-14,21.55525189893666,23.024701862590533,21.343475492983863,22.94678497314453,,675474000.0
2023-02-15,22.52523196197497,22.830909178097187,22.082700019847906,22.740005493164062,,420575000.0
2023-02-16,22.109669887606003,22.5262301612366,21.90388764913277,21.978809356689453,,412026000.0
2023-02-17,21.60819758522636,21.717081932888007,20.9528889890741,21.365453720092773,,465888000.0
2023-02-21,20.97786395244178,21.47134271002345,20.59626664817325,20.633228302001953,,410015000.0
2023-02-22,20.685172986353,21.081753858938537,20.399473261638228,20.73212242126465,,513184000.0
2023-02-23,23.41529234679857,23.862820062689913,23.0007288852004,23.639055252075195,,1117995000.0
2023-02-24,23.200519010604086,23.449257089535415,22.922812171124363,23.26145362854004,,589716000.0
2023-02-27,23.64504544483232,23.854823133033605,23.429273564014498,23.47622299194336,,452994000.0
2023-02-28,23.34736210245035,23.79988559289662,23.1815367258424,23.191526412963867,,455963000.0
2023-03-01,23.167550984389926,23.23148459935281,22.484272025585433,22.674072265625,,460026000.0
2023-03-02,22.464291719794257,23.35534957500301,22.408349099265877,23.289419174194336,,389415000.0
2023-03-03,23.295419675920705,23.874808261321643,23.10561940844885,23.864818572998047,,412393000.0
2023-03-06,23.86581756344892,24.22243969976959,23.462242179784383,23.529172897338867,,437429000.0
2023-03-07,23.579128902669357,24.103664219579663,23.22044523812733,23.267404556274418,,515154000.0
2023-03-08,23.4662243735778,24.17859494826269,23.403280373872484,24.159610748291016,,513573000.0
2023-03-09,24.153618497967933,24.432372980969312,23.36231913782545,23.415273666381836,,501257000.0
2023-03-10,23.38829051319713,23.606098060770513,22.70589419749649,22.944683074951172,,474866000.0
2023-03-13,22.731873047033044,23.27738955062946,22.277275643092484,22.94568252563477,,421890000.0
2023-03-14,23.475219568886818,24.197579694405405,23.439250204223796,24.041717529296875,,474910000.0
2023-03-15,23.739983668370748,24.264518937841256,23.33933927282555,24.206571578979492,,524486000.0
2023-03-16,24.005750694887265,25.565369047622585,23.87286699514815,25.51841163635254,,583253000.0
2023-03-17,25.959018356234974,26.375649322099584,25.64529501788219,25.702245712280273,,848547000.0
2023-03-20,25.59234458217973,26.000983238469185,25.107772930663263,25.877092361450195,,432747000.0
2023-03-21,26.156846636843376,26.36865903671038,25.358553488198883,26.17582893371582,,547408000.0
2023-03-22,26.401624569988297,27.56459639821907,26.213791142891207,26.44458770751953,,797295000.0
2023-03-23,27.091019134511235,27.474680300568725,26.666395768826245,27.16695213317871,,564889000.0
2023-03-24,27.007093717949058,27.14297311837725,26.331690982855743,26.75531578063965,,454920000.0
2023-03-27,26.81326120327941,26.976117128214938,26.34167858929791,26.507532119750977,,361026000.0
2023-03-28,26.42361038825946,26.4895520016458,25.8271382618564,26.386642456054688,,356104000.0
2023-03-29,26.801274739572264,27.054049321086534,26.57347575940691,26.960132598876953,,393694000.0
2023-03-30,27.204918683423134,27.47468035198424,27.07803019459777,27.358781814575195,,364516000.0
2023-03-31,27.115994254760153,27.809380660660256,27.08102536446216,27.752431869506836,,433933000.0
2023-04-03,27.484671479925822,27.97523645598325,27.311824147854885,27.94026756286621,,398716000.0
2023-04-04,27.941267279686127,27.975237607444253,27.282849683904686,27.428720474243164,,368592000.0
2023-04-05,26.80526946048249,26.97411869458037,26.371653330557585,26.857223510742188,,515015000.0
2023-04-06,26.56048785327074,27.056049463902667,26.403627120957175,27.01308822631836,,397654000.0
2023-04-10,26.79927368503425,27.59656814998943,26.645410576438564,27.55460548400879,,395279000.0
2023-04-11,27.699479353630412,27.76542096210327,27.102006799330113,27.144969940185547,,314378000.0
2023-04-12,27.345793254176353,27.443706150535657,26.42460783917617,26.471567153930664,,446259000.0
2023-04-13,26.710350638891573,26.863215174744923,26.30571011723808,26.43959045410156,,353615000.0
2023-04-14,26.48055798084649,26.85922248082228,26.196808771126577,26.73433303833008,,395660000.0
2023-04-17,26.541501373639377,26.98211125376257,26.40961817014211,26.97811508178711,,321471000.0
2023-04-18,27.508646286112445,28.085135558158072,27.332801374544683,27.64252662658691,,604812000.0
2023-04-19,27.336802094498506,27.975236904297542,27.20791647127858,27.90629768371582,,358660000.0
2023-04-20,27.646528445993088,28.005212119968384,26.976122323086447,27.08003044128418,,427713000.0
2023-04-21,26.928160559616323,27.15895713906588,26.698364452495547,27.09501266479492,,345103000.0
2023-04-24,26.989107985798988,27.341794498427166,26.647409518060194,27.018081665039062,,339282000.0
2023-04-25,27.05404825153496,27.22289939376249,26.20180400715183,26.217788696289062,,378527000.0
2023-04-26,26.978116353168147,27.305825338536614,26.6813781784844,26.93215560913086,,406337000.0
2023-04-27,27.338797504535226,27.470680716229086,26.601449417885966,27.20191764831543,,377161000.0
2023-04-28,27.200920093090993,27.733447698531908,27.047055069952613,27.724456787109375,,292216000.0
2023-05-01,27.81537661530885,29.03229974718171,27.755430216862095,28.884429931640625,,570329000.0
2023-05-02,28.654636529358847,28.810498704607458,28.058164377201287,28.18505096435547,,402730000.0
2023-05-03,27.815378914693316,28.341913271435864,27.447704337345524,27.77741241455078,,383387000.0
2023-05-04,27.62654444288627,27.834360670007325,27.215908633799796,27.53762435913086,,321850000.0
2023-05-05,27.801391549229898,28.72956891141204,27.706476251048336,28.65463638305664,,361494000.0
2023-05-08,28.49677215933893,29.194154745050692,28.32492531170623,29.125215530395508,,344979000.0
2023-05-09,28.873439595641816,28.94737354959499,28.42483732148799,28.54572868347168,,314869000.0
2023-05-10,28.97934600141485,29.087252189450044,28.435828416964902,28.859453201293945,,369350000.0
2023-05-11,28.870442464415532,28.92439555714759,28.22101774652631,28.552722930908203,,322149000.0
2023-05-12,28.503765785473178,28.75454513594309,28.02119319112188,28.31493377685547,,274222000.0
2023-05-15,28.48278682439075,28.943379556146176,28.12710267849228,28.927392959594727,,293926000.0
2023-05-16,28.81549166758805,29.84358282076136,28.80650075563799,29.187162399291992,,449405000.0
2023-05-17,29.557829830530487,30.17228557706734,29.40396672866753,30.151304244995117,,432535000.0
2023-05-18,30.383102432113493,31.799847490043984,30.293181883981152,31.649980545043945,,748725000.0
2023-05-19,31.508105976511025,31.552067683944458,30.888655428377344,31.236347198486328,,473908000.0
2023-05-22,30.87366587276824,31.492119729294387,30.652862591168056,31.14842414855957,,372000000.0
2023-05-23,30.972580557946717,31.260325929202107,30.603907456096916,30.66085624694824,,356253000.0
2023-05-24,30.18327922775207,30.579929358273947,29.77963722467679,30.510990142822266,,721419000.0
2023-05-25,38.48892244912427,39.44507664562874,36.60259203294565,37.94640350341797,,1543911000.0
2023-05-26,37.856486677468894,39.13535333136667,37.51678724611189,38.91155242919922,,714397000.0
2023-05-30,40.55909259441889,41.90090313921144,39.913664110250345,40.07551956176758,,923401000.0
2023-05-31,39.45307354763965,40.259358998541856,37.78854668617227,37.800537109375,,1002580000.0
2023-06-01,38.45495240408073,40.01457242184314,38.30608594218301,39.73482131958008,,635873000.0
2023-06-02,40.061532803064914,40.46417621230153,39.02345037446548,39.292213439941406,,482731000.0
2023-06-05,38.87458704490847,39.53000507242546,38.6727660406919,39.136356353759766,,396094000.0
2023-06-06,38.79565884971586,39.125365001144544,38.11425902229296,38.61981201171875,,388729000.0
2023-06-07,38.88460205575025,39.46814549212033,37.32681796379226,37.44572448730469,,511998000.0
2023-06-08,37.694537790431326,38.83364687712899,37.47571086548645,38.479923248291016,,417772000.0
2023-06-09,39.0065091445359,39.679982507586125,38.53687882707075,38.73971939086914,,427717000.0
2023-06-12,39.16938679625348,39.49912709454757,38.58784058808382,39.45116424560547,,388701000.0
2023-06-13,40.15460665235431,41.068892749407915,39.708955931009875,40.989952087402344,,613208000.0
2023-06-14,40.79212127354991,42.96642069321254,40.520330510838555,42.96342468261719,,740465000.0
2023-06-15,42.5687310811785,43.255194841743766,42.11408458461737,42.61968994140625,,568622000.0
2023-06-16,43.41605669949975,43.68684489706271,42.627671619358104,42.65864944458008,,655709000.0
2023-06-20,42.964412198119035,43.9556378533534,42.6406639871136,43.77377700805664,,451153000.0
2023-06-21,43.46702823348986,43.58094143356131,42.04714031293403,43.011383056640625,,551603000.0
2023-06-22,42.21999014630877,43.39207412960286,42.20100779460612,42.99139022827149,,417737000.0
2023-06-23,42.430834923932906,42.77556287564385,41.98218429643555,42.17603302001953,,358140000.0
2023-06-26,42.42783956776684,42.73060434940416,40.06868327693802,40.60026931762695,,594322000.0
2023-06-27,40.767133761708735,41.90724142585059,40.41640998353972,41.843292236328125,,462175000.0
2023-06-28,40.628240868259915,41.812316652912195,40.486353490200045,41.08488464355469,,582639000.0
2023-06-29,41.5255405787365,41.56750759247888,40.568288623316235,40.79011535644531,,380514000.0
2023-06-30,41.64744701058792,42.516766447959405,41.46858596097829,42.26895904541016,,501148000.0
2023-07-03,42.48378258219759,42.864485450578925,42.169030043008505,42.37986373901367,,198209000.0
2023-07-05,42.102086134617814,43.14327203210792,42.0521259526018,42.2839469909668,,323618000.0
2023-07-06,41.81131756799603,42.14605498586675,41.31370545626282,42.07011413574219,,303582000.0
2023-07-07,42.28894446417988,43.18024990252509,42.14705707601412,42.46980285644531,,355881000.0
2023-07-10,42.623685218893456,42.77756426984942,41.616469261927726,42.14705657958984,,353908000.0
2023-07-11,42.447812790415895,42.72459682462769,42.03413855568288,42.37187194824219,,298244000.0
2023-07-12,42.99938189898188,43.90067764855856,42.74358137770357,43.86770248413086,,481277000.0
2023-07-13,44.48323328046501,46.11895201895111,44.45725261049975,45.94109344482422,,478204000.0
2023-07-14,46.546619140200846,48.050444811535804,45.02480978329466,45.43349075317383,,772075000.0
2023-07-17,46.25284659122238,46.459681830207685,45.2266483214971,46.42470932006836,,510488000.0
2023-07-18,46.66452170058574,47.85858797189123,45.69827797708258,47.45690155029297,,569164000.0
2023-07-19,47.42692856470666,47.78065216165784,46.70549236660369,47.04022979736328,,427502000.0
2023-07-20,46.47066830923723,47.05021703797439,45.02679746035021,45.48443984985352,,537865000.0
2023-07-21,45.75223611318822,45.83017811976025,44.06555477681696,44.274391174316406,,963769000.0
2023-07-24,44.69606643044392,45.07377339733944,44.00560798628227,44.5771598815918,,382516000.0
2023-07-25,44.90589946333249,46.14692613209552,44.88791196755602,45.6433219909668,,348081000.0
2023-07-26,45.9850482020561,46.01702469777884,44.59513601307883,45.4164924621582,,364237000.0
2023-07-27,46.4826670082,47.357982253239214,45.71426663486367,45.86415100097656,,455976000.0
2023-07-28,46.63154522435899,46.99026595538216,46.34477066056632,46.71348190307617,,331194000.0
2023-07-31,46.717483065836525,47.09318883138378,46.469675675562414,46.692501068115234,,251055000.0
2023-08-01,46.42370462471362,46.86336333707945,45.99104422518508,46.47066879272461,,237858000.0
2023-08-02,45.79520091213266,45.80419275361582,43.35310977121058,44.23442077636719,,530142000.0
2023-08-03,43.765786762914985,45.08275805708307,43.765786762914985,44.480228424072266,,324176000.0
2023-08-04,44.94986170170467,45.60634618505477,44.35832507301121,44.64509963989258,,362666000.0
2023-08-07,45.07576619174701,45.504431975857,44.528193870776704,45.38152694702149,,322154000.0
2023-08-08,44.81796378324031,45.206659855456344,44.02158547433781,44.629112243652344,,353843000.0
2023-08-09,44.23941340389369,44.277385732589195,42.101085685540646,42.52075958251953,,586449000.0
2023-08-10,42.127077761381095,43.53997505454453,41.80233078646622,42.35490036010742,,492705000.0
2023-08-11,41.718385785784754,41.9851793236234,40.607254909066846,40.82308578491211,,533085000.0
2023-08-14,40.45437607089752,43.765786651430616,40.27951352736408,43.71882247924805,,690286000.0
2023-08-15,44.52520013627042,45.2326473732039,43.67586169687328,43.90568161010742,,676512000.0
2023-08-16,44.48522285041412,44.640100549598,43.372090845714155,43.452030181884766,,527451000.0
2023-08-17,43.93565295261865,44.02758013920778,42.96740814260929,43.31014251708984,,452395000.0
2023-08-18,42.60169211486707,43.543956241722725,41.627455303744846,43.265174865722656,,583768000.0
2023-08-21,44.4592488124891,47.02823995825299,44.1874618900852,46.93031692504883,,692573000.0
2023-08-22,48.09740011660735,48.14936145105243,45.29759061646536,45.632328033447266,,755293000.0
2023-08-23,45.83018078207806,47.16313859123231,45.17269372042857,47.07920455932617,,779046000.0
2023-08-24,50.176780465500904,50.22674065271713,47.122168802250776,47.126163482666016,,1156044000.0
2023-08-25,46.975278705672146,47.767658540303835,44.98882881073535,45.9820556640625,,925341000.0
2023-08-28,46.44569122659898,46.94330333520207,44.852938347469795,46.79841613769531,,685192000.0
2023-08-29,46.629542419435225,49.04265660856325,46.35475573928801,48.745887756347656,,701397000.0
2023-08-30,49.005687906612565,49.88799757012422,48.38717195801793,49.22551727294922,,735206000.0
2023-08-31,49.34142639215617,49.70514045691221,48.91975516585523,49.316444396972656,,528570000.0
2023-09-01,49.72313090360501,49.76109942188399,48.10439357486219,48.47110748291016,,463830000.0
2023-09-05,48.185339110764936,48.81285082996846,47.82262363775037,48.51008605957031,,382653000.0
2023-09-06,48.40715103407181,48.515073458793,46.547451450862816,47.028114318847656,,468670000.0
2023-09-07,45.4931913383561,46.311619313403384,45.120450870903866,46.20869064331055,,433330000.0
2023-09-08,45.909897697113266,46.57343135473317,45.239365149462806,45.54015350341797,,473069000.0
2023-09-11,46.11575054004364,46.13073944810292,44.2810350025815,45.14643096923828,,473966000.0
2023-09-12,44.706734397330045,45.64108235714804,44.49987832466093,44.83864212036133,,349256000.0
2023-09-13,44.56883283924793,45.89790529019353,44.47190049902718,45.453216552734375,,398355000.0
2023-09-14,45.91789017811765,45.95486307158811,45.09946226425715,45.54914855957031,,370097000.0
2023-09-15,45.30931088292171,45.567129987886304,43.777381347712456,43.86931991577149,,506831000.0
2023-09-18,42.7181249588287,44.211080299105845,41.97064663049677,43.935272216796875,,500271000.0
2023-09-19,43.80237069955783,43.93527718281478,42.97195010223496,43.48958969116211,,373064000.0
2023-09-20,43.5695331686225,43.872322851544475,42.19349643912847,42.2094841003418,,367108000.0
2023-09-21,41.55393714518858,42.07057409765555,40.951357951314904,40.98833084106445,,450736000.0
2023-09-22,41.54295333933315,42.08557703970408,41.202191983473384,41.580928802490234,,479236000.0
2023-09-25,41.56193764990907,42.50627702068914,41.14822547100166,42.19249725341797,,419091000.0
2023-09-26,41.97164730902177,42.79007519984935,41.62588843808872,41.881710052490234,,402282000.0
2023-09-27,42.30041612164992,42.84203711859675,41.59990585812647,42.43831634521485,,444935000.0
2023-09-28,42.43032920794071,43.41564027932202,42.085572876608914,43.05889129638672,,424663000.0
2023-09-29,43.79637496273023,44.113154796580034,43.276737862234015,43.468605041503906,,397830000.0
2023-10-02,43.99923228856128,45.143432663496135,43.830351660184725,44.750709533691406,,433298000.0
2023-10-03,44.77668963515232,45.09846705093091,43.215780788420936,43.48659133911133,,470850000.0
2023-10-04,43.71143633979229,44.11215712134903,43.26175000991843,44.01022720336914,,361821000.0
2023-10-05,44.01922170790888,44.86863010408986,43.85733614690028,44.656776428222656,,393483000.0
2023-10-06,44.16211860779347,45.75700398969615,43.99523549081201,45.73002243041992,,434436000.0
2023-10-09,44.810664938003,45.573132266606365,44.33699712951298,45.241363525390625,,409675000.0
2023-10-10,45.27833709467453,46.22667139823051,45.05649211437215,45.765995025634766,,368582000.0
2023-10-11,46.16372195389678,46.82626072787499,46.01782405573412,46.77329635620117,,378137000.0
2023-10-12,46.74431143305413,47.575730741552675,46.297625211200135,46.91219329833984,,481325000.0
2023-10-13,46.92718670300792,47.0830797443062,45.24836026520754,45.42923355102539,,474115000.0
2023-10-16,45.0315095868921,46.192696327999904,44.88061413019483,46.06278991699219,,375099000.0
2023-10-17,43.96925981519668,44.722734656513275,42.450321291409665,43.90730285644531,,812333000.0
2023-10-18,42.56123210689282,43.18879535339014,41.79576863478219,42.166507720947266,,627294000.0
2023-10-19,42.78108575212414,43.26674621056965,41.85273405618411,42.07158279418945,,501233000.0
2023-10-20,41.86072483787584,42.44032133844881,41.0492920242925,41.35807800292969,,477266000.0
2023-10-23,41.20018717232696,43.21777719896112,40.91638524949965,42.94496536254883,,478530000.0
2023-10-24,43.046902951307125,43.66646870701763,42.661174865100485,43.63249206542969,,401463000.0
2023-10-25,43.36767362465919,43.61950024898592,41.525962950621626,41.74980545043945,,398379000.0
2023-10-26,41.8237544285133,42.22647269652664,39.852133556535904,40.297821044921875,,541001000.0
2023-10-27,41.1012595868594,41.177206691835266,39.987037067133414,40.47169876098633,,416784000.0
2023-10-30,41.05829069172662,41.73681325645553,40.45271135167305,41.13223648071289,,388028000.0
2023-10-31,40.42173556666503,40.85043664876845,39.20258684468398,40.751502990722656,,517969000.0
2023-11-01,40.8554341335007,42.35138985981638,40.840445223590976,42.29542922973633,,437593000.0
2023-11-02,43.29772036984495,43.853331578454224,42.864025551225126,43.4755973815918,,409172000.0
2023-11-03,43.989232924775955,45.277329637227986,43.69243962687277,44.97354507446289,,424610000.0
2023-11-06,45.25335451197863,45.90290181424292,44.867622664486824,45.71902847290039,,400733000.0
2023-11-07,45.687054558944546,46.18570260804149,45.12644574728523,45.922889709472656,,343165000.0
2023-11-08,46.06778272127609,46.834248828049994,45.93587499644732,46.54145431518555,,346719000.0
2023-11-09,47.43383140399592,48.19629874432979,46.71733335440422,46.91719436645508,,540496000.0
2023-11-10,47.46681189639429,48.438132884975005,47.249964459009426,48.30122756958008,,421245000.0
2023-11-13,48.28623562834099,49.08168084897678,48.06538938330792,48.58602523803711,,384136000.0
2023-11-14,49.645285046741414,49.799176764113575,49.00573287416369,49.621299743652344,,416954000.0
2023-11-15,49.90010916476034,49.92508940872805,48.1663208904743,48.85383987426758,,475497000.0
2023-11-16,48.64498792594149,49.490397480832705,48.296232754650504,49.44542694091797,,339756000.0
2023-11-17,49.48940129370809,49.68226725875312,48.97276417249566,49.2635612487793,,325205000.0
2023-11-20,49.27754192431734,50.51267829045294,49.14663294635536,50.373775482177734,,414120000.0
2023-11-21,50.09096777649301,50.481693358553215,49.18760022799973,49.90909576416016,,565747000.0
2023-11-22,49.817168906440536,50.29982932340877,47.65667696410155,48.68196105957031,,899420000.0
2023-11-24,48.43613388773008,48.8868189750065,47.711638178100976,47.742618560791016,,294645000.0
2023-11-27,47.766597618423056,48.49608705256933,47.6187022270162,48.208290100097656,,395662000.0
2023-11-28,48.20229716306376,48.28923817471284,47.439829789625705,47.7875862121582,,401491000.0
2023-11-29,48.34520044689955,48.72793227517069,47.826562052543174,48.10636520385742,,382005000.0
2023-11-30,47.99044543574213,48.076387698516726,46.389567324354005,46.73732376098633,,526247000.0
2023-12-01,46.49249632095064,47.16702396235708,46.1547312180282,46.73232650756836,,369317000.0
2023-12-04,46.04480802783984,46.04480802783984,44.9785521441802,45.47820281982422,,437543000.0
2023-12-05,45.438229098759074,46.57153532629203,45.24334850919928,46.537559509277344,,371718000.0
2023-12-06,47.18615659482553,47.35805240480733,45.3842566412969,45.47520065307617,,380590000.0
2023-12-07,45.67207911260122,46.600512368918565,45.57613709541874,46.56753158569336,,350823000.0
2023-12-08,46.566539290284055,47.71183918008555,46.52156479549851,47.47698211669922,,359224000.0
2023-12-11,47.46199285274284,47.50196552269277,45.80200812005124,46.59851837158203,,509728000.0
2023-12-12,46.017871828359986,47.63688109924922,46.017871828359986,47.62788772583008,,372387000.0
2023-12-13,47.59990503689136,48.56431567041087,47.5789179572985,48.058624267578125,,447792000.0
2023-12-14,48.36044156986005,48.64026931891176,47.3930343428762,48.320465087890625,,391232000.0
2023-12-15,48.16456014183968,49.37382007835511,48.09060403450958,48.86013412475586,,479948000.0
2023-12-18,49.369821256751614,50.4021872923408,49.1199739909024,50.04640579223633,,412587000.0
2023-12-19,49.39380199579273,49.66963433728467,48.86512588284418,49.573692321777344,,464444000.0
2023-12-20,49.624663268494515,49.9684548790202,48.0686152726536,48.08160781860352,,397894000.0
2023-12-21,48.781183869365606,49.065010780060334,48.38942122420045,48.96007537841797,,300425000.0
2023-12-22,49.16494193668389,49.352826795671184,48.437386098484225,48.800167083740234,,252507000.0
2023-12-26,48.93808291084912,49.56969677808233,48.93008837769936,49.24889373779297,,244200000.0
2023-12-27,49.48075846775371,49.64965395545636,49.05501618312312,49.38681411743164,,233648000.0
2023-12-28,49.61266944476368,49.85351950870382,49.38180778096795,49.49174118041992,,246587000.0
2023-12-29,49.78256374401384,49.966453240565585,48.72121235660813,49.49174118041992,,389293000.0
2024-01-02,49.21391556134482,49.26488309320295,47.56592469935288,48.138572692871094,,411254000.0
2024-01-03,47.455983946851106,48.15455430794737,47.29108385844773,47.53993225097656,,320896000.0
2024-01-04,47.737819636783634,48.47037358886087,47.4789789763883,47.96868133544922,,306535000.0
2024-01-05,48.43239854255895,49.51673484987403,48.27649179251623,49.06700897216797,,415039000.0
2024-01-08,49.48175774230581,52.24307051371221,49.44877695414858,52.2210807800293,,642510000.0
2024-01-09,52.36899311649789,54.29181767502081,51.65842506490768,53.107540130615234,,773100000.0
2024-01-10,53.58324641272958,54.566642620850935,53.45632128428564,54.316795349121094,,533796000.0
2024-01-11,54.9654031964735,55.31219134586392,53.527283064841185,54.78850936889648,,596759000.0
2024-01-12,54.58663334731275,54.93642183109273,54.29681339629927,54.67657852172851,,352994000.0
2024-01-16,54.984391900558016,56.800279452629056,54.86646395445467,56.347557067871094,,449580000.0
2024-01-17,56.312579806380306,56.43650460830921,54.706563019184806,56.018760681152344,,474394000.0
2024-01-18,57.225019450786334,57.5648119047759,56.07272391506558,57.072113037109375,,491650000.0
2024-01-19,57.95357707318065,59.46365569707979,57.190043807244585,59.45466232299805,,543501000.0
2024-01-22,60.012324362995706,60.29415362361085,59.033922203847766,59.6175651550293,,452955000.0
2024-01-23,59.5336132708294,59.873405745227366,58.54921431651321,59.836429595947266,,294654000.0
2024-01-24,60.26716017281773,62.810603561548206,59.901382639629475,61.32451248168945,,560271000.0
2024-01-25,62.311914954127865,62.68069286197914,60.81283115751821,61.57936477661133,,482777000.0
2024-01-26,60.92276141821586,61.74526054571479,60.53600059416135,60.99371719360352,,390309000.0
2024-01-29,61.19458949954275,62.45082152019551,60.86979110422985,62.42683792114258,,348733000.0
2024-01-30,62.861575397836866,63.45421163481392,62.221963176710254,62.73564910888672,,410735000.0
2024-01-31,61.4024693723596,62.230965375095856,60.662923519798866,61.48941802978515,,453795000.0
2024-02-01,62.06206301871128,63.1523999678792,61.61234096321601,62.98849868774414,,369146000.0
2024-02-02,63.93491403332179,66.55930912654547,63.65108714697043,66.11958312988281,,476578000.0
2024-02-05,68.18331639891433,69.45454244217241,67.16394292298222,69.28964233398438,,680078000.0
2024-02-06,69.58745829595591,69.71138308978904,66.25949848302591,68.18132019042969,,683111000.0
2024-02-07,68.2772638618389,70.17710350841662,67.5587013332111,70.0561752319336,,495575000.0
2024-02-08,70.03118381151026,70.75074512715133,69.412566337875,69.59844970703125,,414422000.0
2024-02-09,70.48991468195457,72.14090604638328,70.16911160679686,72.08894348144531,,436637000.0
2024-02-12,72.55564739281085,74.56542046599529,71.2064736279646,72.20386505126953,,613710000.0
2024-02-13,70.3569973280816,73.40512964528038,69.57747501499297,72.08393859863281,,602580000.0
2024-02-14,73.15729429339046,74.19065934700839,71.89406636072601,73.85486602783203,,504917000.0
2024-02-15,73.82386790084495,73.929798313956,72.35576371942504,72.61360168457031,,420122000.0
2024-02-16,74.0547328068878,74.35655027525982,72.45671056832468,72.56864166259766,,495327000.0
2024-02-20,71.90303947909813,71.91203666406658,67.69261615478561,69.4095687866211,,704833000.0
2024-02-21,67.96445653317794,68.84592156210476,66.2075347659216,67.4307861328125,,673755000.0
2024-02-22,74.97917375100998,78.52700071768926,74.17466516688725,78.49002838134766,,865100000.0
2024-02-23,80.74064650613892,82.34366290568272,77.5226123761237,78.76885223388672,,829388000.0
2024-02-26,79.65130857177527,80.596737435313,78.4570388969918,79.04368591308594,,503973000.0
2024-02-27,79.33250852556469,79.43145470230726,77.11486980989693,78.65292358398438,,391705000.0
2024-02-28,77.57257418666705,78.88476781049101,77.07787390422563,77.61554718017578,,393110000.0
2024-02-29,79.04569580641504,79.94114467845763,78.30214690396402,79.06368255615234,,507289000.0
2024-03-01,79.95112232187887,82.24972013852617,79.38646508056598,82.22872924804688,,479135000.0
2024-03-04,84.07860289478097,87.64142750402274,83.66785848531528,85.18492889404297,,615616000.0
2024-03-05,85.22190326590307,86.04844030428545,83.36995155382468,85.91551208496094,,520639000.0
2024-03-06,87.97236718689258,89.67340327370732,86.98092218791462,88.64997863769531,,582520000.0
2024-03-07,90.10714445366249,92.71467403344542,89.55145830366479,92.61672973632812,,608119000.0
2024-03-08,95.08433828640496,97.3450634515258,86.45720334881955,87.47863006591797,,1142269000.0
2024-03-11,86.3802534333582,88.74691405918401,84.11852931570184,85.72562408447266,,678364000.0
2024-03-12,87.9993412781643,91.90813084085208,86.10141029804566,91.86116027832033,,668075000.0
2024-03-13,91.00363657004534,91.45238079004136,88.38511175577527,90.83673095703124,,635713000.0
2024-03-14,89.52647603225017,90.5948732884495,86.55115025815236,87.89439392089844,,602318000.0
2024-03-15,86.88096661769565,89.49548835416286,86.20834970674177,87.7874526977539,,642086000.0
2024-03-18,90.33701387030251,92.35287440054488,87.03587564379455,88.40510559082031,,668976000.0
2024-03-19,86.65110342037197,90.49293740706634,84.96206166270107,89.34758758544922,,672171000.0
2024-03-20,89.74635698272712,90.35901787579786,88.17324712477493,90.32103729248048,,479063000.0
2024-03-21,92.2479404308415,92.59574371140432,90.3540050520513,91.3834228515625,,480372000.0
2024-03-22,91.0895899885777,94.72453954495889,90.78276394753544,94.2358169555664,,586719000.0
2024-03-25,93.8880190578432,96.71142270452334,93.45726238634704,94.94841766357422,,552136000.0
2024-03-26,95.79692639095128,96.32063286571923,92.44981660725036,92.50878143310548,,513648000.0
2024-03-27,93.0594819501001,93.18740810778952,89.07273343467564,90.1990966796875,,586067000.0
2024-03-28,89.9492364441801,91.24850624285476,89.14269241707345,90.30503845214844,,435212000.0
2024-04-01,90.248075338723,92.1729839586744,89.15369169415271,90.3120346069336,,452441000.0
2024-04-02,88.39809605770056,90.04317111245476,87.57056790887991,89.40153503417969,,433064000.0
2024-04-03,88.43410854117649,90.32304223513688,88.35015627144904,88.91383361816406,,370067000.0
2024-04-04,90.35500517909664,90.58288102989088,85.83155707073556,85.8565444946289,,434965000.0
2024-04-05,86.81699703882079,88.43109152288164,85.87753246886356,87.95835876464844,,399678000.0
2024-04-08,88.64995673788222,88.77988827828314,86.68307229452097,87.08384704589844,,283220000.0
2024-04-09,87.39267436773328,87.58556628736338,82.97516956737525,85.30584716796875,,501700000.0
2024-04-10,83.87866326448999,87.35070274664696,83.66178279831279,86.98990631103516,,431929000.0
2024-04-11,87.37069146521046,90.687819723934,86.87697442257391,90.56488800048828,,431637000.0
2024-04-12,89.64840039712969,90.1241374477614,87.48062516016698,88.1362533569336,,426805000.0
2024-04-15,89.04776086993422,90.5619060136459,85.88054901990306,85.95250701904297,,443077000.0
2024-04-16,86.38424380509475,88.06829089560239,86.01545628049773,87.36569213867188,,370453000.0
2024-04-17,88.29016660250515,88.72492641813315,83.90264346955806,83.98760223388672,,495400000.0
2024-04-18,84.9220802095837,86.14139337931326,82.35552770602675,84.62324523925781,,447260000.0
2024-04-19,83.10310538210794,84.27643922651326,75.56336143765269,76.15702056884766,,875198000.0
2024-04-22,78.05994814693265,80.02783946358336,76.35691439393003,79.47315216064453,,596341000.0
2024-04-23,80.7234441336971,82.72231614993429,80.21873169463018,82.37651062011719,,438559000.0
2024-04-24,83.90265792111582,84.03458726895308,79.13834771907712,79.63207244873047,,512208000.0
2024-04-25,78.82351130528671,83.27600032547527,78.17887846781115,82.58539581298828,,424641000.0
2024-04-26,83.7707330936579,88.28118855401848,83.3399763925944,87.6855239868164,,551011000.0
2024-04-29,87.54560070216142,87.94237235498613,85.21791179771557,87.70751190185547,,388971000.0
2024-04-30,87.19079630766022,88.76890816331654,86.25133163329888,86.353271484375,,363709000.0
2024-05-01,85.02901046138126,85.95148630832341,81.20916027802339,82.99415588378906,,559863000.0
2024-05-02,84.40136817425811,86.18836175340402,83.15307206256357,85.76860046386719,,377898000.0
2024-05-03,87.73948614559522,89.23064138508623,86.99090805240313,88.73892211914062,,398341000.0
2024-05-06,89.3395790876885,92.16798466023728,89.00476895897276,92.08802795410156,,376203000.0
2024-05-07,91.04662159823116,91.72923505394095,88.96080064953647,90.5029296875,,437342000.0
2024-05-08,89.4325232671434,91.14255660736433,89.36955526816209,90.36100006103516,,325721000.0
2024-05-09,90.47793776117966,91.0206307579062,88.18123739175036,88.69694519042969,,378013000.0
2024-05-10,90.25406212026444,91.3494445724532,89.17666725781999,89.82730102539062,,335325000.0
2024-05-13,90.42696502755186,90.94667600491071,88.47906681215352,90.34801483154295,,289680000.0
2024-05-14,89.54846112262796,91.59930565354624,88.88383529778994,91.30447387695312,,296507000.0
2024-05-15,92.41984953324489,94.80850105677926,91.54734077306348,94.57662963867188,,417735000.0
2024-05-16,94.8564855639332,95.76496957862231,94.0499337850962,94.30579376220705,,323952000.0
2024-05-17,94.31577507944353,94.68656039026546,91.75421718471635,92.42683410644533,,359691000.0
2024-05-20,93.69712178712976,95.14630088740084,93.38729907778286,94.7265396118164,,318764000.0
2024-05-21,93.54620449229954,95.3461911389766,93.12744211033532,95.33219909667967,,328946000.0
2024-05-22,95.40515417154504,95.96583473980164,93.19640167904086,94.8964385986328,,548648000.0
2024-05-23,101.9704583406549,106.26003756449909,101.46274160839002,103.74046325683594,,835065000.0
2024-05-24,104.39007837740144,106.41493649766242,102.94189825157174,106.40894317626952,,429494000.0
2024-05-28,110.18181893492428,114.87417036274924,109.82102250000426,113.83675384521484,,652728000.0
2024-05-29,112.98623077828329,115.42684694644582,110.83844096973402,114.76022338867188,,557442000.0
2024-05-30,114.58533630630252,115.75367568258608,109.60114957621624,110.43767547607422,,484553000.0
2024-05-31,112.45653205108223,112.65342715935483,106.87968513049076,109.5711669921875,,613263000.0
2024-06-03,113.55692243893306,114.93514251708984,111.93983111247248,114.93514251708984,,438392000.0
2024-06-04,115.65074383289046,116.53424034822848,113.98068096958718,116.37133026123048,,403324000.0
2024-06-05,118.30422862833838,122.37992351471904,117.4017381363518,122.37093353271484,,528402000.0
2024-06-06,123.9780391592412,125.51617269807858,118.2532726596956,120.92976379394533,,664696000.0
2024-06-07,119.70244332667052,121.62336396697008,117.95543577009146,120.81981658935548,,412386000.0
2024-06-10,120.3021010809677,123.0305567964374,116.94399587339676,121.72129821777344,,313434100.0
2024-06-11,121.71131653242202,122.81079255068148,118.682777888368,120.85173797607422,,222551200.0
2024-06-12,123.00069556163665,126.8188544177255,122.51093382538542,125.13966369628906,,299595000.0
2024-06-13,129.32763594350715,129.7374419918796,127.09871503024355,129.5475311279297,,260704500.0
2024-06-14,129.89737910282292,132.7759808624214,128.2581700274141,131.8164520263672,,309320400.0
2024-06-17,132.9259111616535,133.66554475885698,129.5175509456389,130.9168701171875,,288504400.0
2024-06-18,131.0767862027837,136.26428691629846,130.62700616579136,135.5146484375,,294335100.0
2024-06-20,139.73263779444994,140.69216665961412,129.45759262565218,130.71697998046875,,517768400.0
2024-06-21,127.05874067811745,130.5670512631637,124.24010000634736,126.50900268554688,,649445800.0
2024-06-24,123.18059459700768,124.40000776140424,117.98310411428992,118.05307006835938,,476060900.0
2024-06-25,121.14158551930764,126.43903427437068,119.26249431645674,126.02922821044922,,414192600.0
2024-06-26,126.06921428451572,128.0582531537486,122.54091663746888,126.3390884399414,,362975900.0
2024-06-27,124.04019204451784,126.34908399185862,122.8607604065947,123.93024444580078,,252571700.0
2024-06-28,124.5199685039101,127.648457456266,122.69084852465332,123.48046875,,315516700.0
2024-07-01,123.41050281013467,124.7798377464592,118.77273936918628,124.24010467529295,,284885500.0
2024-07-02,121.07163433799025,123.3505421928616,120.9716840451836,122.61089324951172,,218374000.0
2024-07-03,121.60136576540062,128.21817016601562,121.30150730962696,128.21817016601562,,215749000.0
2024-07-05,127.31859642443968,128.7878966879151,125.61941892370992,125.76934814453124,,214176700.0
2024-07-08,127.42852684489468,130.70695175433724,126.97874686873942,128.13818359375,,237677300.0
2024-07-09,130.28719371816868,133.7555228326683,128.58800070420872,131.3166961669922,,285366600.0
2024-07-10,133.96540518326054,135.03489683470838,132.35618048673416,134.84498596191406,,248978600.0
2024-07-11,135.68459054854569,136.08439171293904,126.98878558577708,127.33861541748048,,374782700.0
2024-07-12,128.19821072594715,131.856451337425,127.15871841221468,129.17774963378906,,252680500.0
2024-07-15,130.49707086610906,131.3266726567918,127.11870268784229,128.3780975341797,,208326200.0
2024-07-16,128.37809442503013,128.97779607447222,124.5199543330253,126.2990951538086,,214769500.0
2024-07-17,121.29151734126508,121.7912763806817,116.66375138152576,117.93313598632812,,390086200.0
2024-07-18,121.79128264268718,122.3410206645978,116.50383081871446,121.03164672851562,,320979500.0
2024-07-19,120.29200089882109,121.54139851435872,117.31344125378136,117.8731689453125,,217223800.0
2024-07-22,120.2920035253006,124.01021213043964,119.8022417845173,123.48046875,,258068900.0
2024-07-23,122.72083281792666,124.62991607602876,122.04116019537172,122.53092193603516,,173911000.0
2024-07-24,119.11257365575833,119.8921965766103,113.38533904444206,114.1949462890625,,327776900.0
2024-07-25,112.98551932388844,116.57378540069556,106.24876991914482,112.22588348388672,,460067000.0
2024-07-26,116.134004803412,116.14399449340688,111.52622597755057,113.00550842285156,,293399100.0
2024-07-29,113.63521853690592,116.2239668309142,111.24637081842914,111.53622436523438,,248152100.0
2024-07-30,111.46625482947668,111.93602955521251,102.49058658822663,103.68001556396484,,486833300.0
2024-07-31,112.84559062727486,118.28296369436076,110.82655987338046,116.9636001586914,,473174200.0
2024-08-01,117.47335365334,120.10209097077004,106.75851907796756,109.15736389160156,,523462300.0
2024-08-02,103.7099895556254,108.66759790813096,101.32114215166182,107.21829223632812,,482027500.0
2024-08-05,92.01562533705626,103.36016082359782,90.64629054713856,100.40158081054688,,552842400.0
2024-08-06,103.7899543615192,107.65809209854008,100.50154657010994,104.19976043701172,,409012100.0
2024-08-07,107.75803154331864,108.74755983917498,98.64243239882664,98.8623275756836,,411440400.0
2024-08-08,101.9508334697326,105.44914638290967,97.47298958555044,104.91940307617188,,391910000.0
2024-08-09,105.58909444979489,106.54863093775164,103.3801603016259,104.69952392578124,,290844200.0
2024-08-12,106.26877223508454,111.01648357411332,106.2088035847162,108.96746826171876,,325559900.0
2024-08-13,112.38580888904526,116.1739831093698,111.52622277964618,116.08402252197266,,312646700.0
2024-08-14,118.4728819117515,118.54284787534029,114.0150319977807,118.02310180664062,,339246400.0
2024-08-15,118.70276637796891,123.18060299513527,117.41338717159644,122.80078887939452,,318086700.0
2024-08-16,121.88123896431732,124.93976189528416,121.12160307679298,124.51996612548828,,302589900.0
2024-08-19,124.22011749326396,129.93736267089844,123.36053125322977,129.93736267089844,,318333600.0
2024-08-20,128.33810691303282,129.8174045549702,125.82932218809636,127.18866729736328,,300087400.0
2024-08-21,127.2586330157018,129.28766098618868,126.59895509298428,128.4380645751953,,257883600.0
2024-08-22,129.95734653679833,130.68699047324503,123.0406755475636,123.68036651611328,,376189100.0
2024-08-23,125.79934477343178,129.53754784197983,125.15965381933412,129.30764770507812,,323230300.0
2024-08-26,129.50755712849073,131.196729770517,124.31005885081004,126.3990478515625,,331964700.0
2024-08-27,124.98974063480068,129.1377346219971,123.82029866993176,128.23817443847656,,303134600.0
2024-08-28,128.05825393148814,128.26815944285755,122.580899020736,125.54946899414062,,448101100.0
2024-08-29,121.30151255769351,124.37003270157088,116.65375204642189,117.5333251953125,,453023300.0
2024-08-30,119.4723884011734,121.69131963851616,117.16350420185492,119.31246948242188,,333751600.0
2024-09-03,115.95408600386334,116.15398655476368,107.23828777198462,107.94794464111328,,477155100.0
2024-09-04,105.3592035946603,113.21540862229496,104.069824367125,106.1588134765625,,372470300.0
2024-09-05,104.93940145906154,109.5971593888533,104.70951657024186,107.15833282470705,,306850700.0
2024-09-06,107.98793734308131,108.09788494505916,100.90134998938431,102.78044891357422,,413638100.0
2024-09-09,104.8294482794324,106.49864918568731,103.64002700878578,106.41868591308594,,273912000.0
2024-09-10,107.75803619556127,109.34727382600164,104.8994140244394,108.0478973388672,,268283700.0
2024-09-11,109.3372804678962,117.13352442144716,107.36822866067496,116.8536605834961,,441422400.0
2024-09-12,116.79368208487448,120.7421209186122,115.33426173002456,119.0927734375,,366052700.0
2024-09-13,119.0327914361594,119.91243980632908,117.55337484057826,119.0527801513672,,238358300.0
2024-09-16,116.74370178435876,118.13315013570288,114.31466480568342,116.73370361328124,,248772300.0
2024-09-17,118.12315326201993,118.75290839853,114.78448096424104,115.54417419433594,,231925900.0
2024-09-18,115.84405559100924,117.65333558843456,113.17511592459984,113.32505798339844,,310318900.0
2024-09-19,117.30348218615993,119.61257171272584,117.2035233503676,117.82328033447266,,293506400.0
2024-09-20,117.01360271419075,118.57298961925171,115.344266422119,115.95402526855467,,382462400.0
2024-09-23,116.50379891378353,116.9436192978204,114.814466443239,116.2139129638672,,206228500.0
2024-09-24,116.47380837806097,121.75172180406904,115.33426088161052,120.82209014892578,,354966800.0
2024-09-25,121.97162190060216,124.89047006468223,121.5617884105282,123.4610366821289,,284692900.0
2024-09-26,126.7497296956914,127.61937987933592,121.7517120835012,123.9908218383789,,302582900.0
2024-09-27,123.92085618310573,123.98082995705606,119.21272426875332,121.35187530517578,,271009200.0
2024-09-30,118.26310431441512,121.451842369324,118.10317169758385,121.3918685913086,,226553700.0
2024-10-01,121.72171877480598,122.39145893750027,115.74409392230912,116.95361328125,,302094500.0
2024-10-02,116.39384623986544,119.33267565347262,115.09435850244638,118.80288696289062,,221845900.0
2024-10-03,120.87206480654892,124.31070361178112,120.29229289145832,122.80130004882812,,277118000.0
2024-10-04,124.89047211115172,124.99043094258552,121.78170440742984,124.87047576904295,,243678100.0
2024-10-07,124.94045138468704,130.58821322989388,124.9004663256647,127.66937255859376,,346250200.0
2024-10-08,130.20834865989482,133.4270732055081,129.36868536610157,132.83731079101562,,285722500.0
2024-10-09,134.05685551069462,134.46669669658758,131.32794162563073,132.59742736816406,,246191600.0
2024-10-10,131.8577168886846,134.94648840712318,130.94807393580103,134.75656127929688,,242311300.0
2024-10-11,133.9568713960576,135.72617401836632,133.60701929174726,134.74656677246094,,170209500.0
2024-10-14,136.4159022137037,139.54466630986312,136.24597143489578,138.01527404785156,,232347700.0
2024-10-15,137.8153397242487,138.5150744275185,128.68896947491228,131.54783630371094,,377831000.0
2024-10-16,133.92689807815486,136.56585120891066,131.52785532391937,135.6662139892578,,264879700.0
2024-10-17,139.28475003463748,140.83413853249198,136.81572813387166,136.87570190429688,,306435900.0
2024-10-18,138.61502982502418,138.8449343829922,137.22558142668973,137.94529724121094,,176090200.0
2024-10-21,138.07524085271365,143.6530303955078,137.94528751258602,143.6530303955078,,264554500.0
2024-10-22,142.85335791004843,144.3627538949317,141.72380093133486,143.5330810546875,,226311600.0
2024-10-23,141.97369118156848,142.37352650102258,137.40551088320953,139.50466918945312,,285930000.0
2024-10-24,140.76418072009866,141.293969386979,138.40511570705533,140.35433959960938,,172354900.0
2024-10-25,140.8741279131319,144.0728716327459,140.74418981710016,141.48388671875,,205122100.0
2024-10-28,142.9433224828564,143.08326638426843,139.99449475491215,140.4643096923828,,173586700.0
2024-10-29,140.23437413304583,142.20359433012132,138.8449258203989,141.19400024414062,,157593600.0
2024-10-30,139.48467718743143,140.27437255912164,136.75576367804047,139.28475952148438,,179418100.0
2024-10-31,137.54547571977304,137.55546626582213,132.05764589588958,132.70738220214844,,270039600.0
2024-11-01,134.64660922766117,137.25557537634637,134.5166711244238,135.34632873535156,,207127800.0
2024-11-04,137.15560698724303,138.90491316378314,135.5162578090522,135.99606323242188,,187528200.0
2024-11-05,137.3955214816271,140.31436236962443,137.27557392202525,139.85455322265625,,160537400.0
2024-11-06,142.90334822985668,146.4319479858603,141.90374455387283,145.5522918701172,,242043900.0
2024-11-07,146.33198051831096,148.8709671267726,146.1120664908763,148.8209991455078,,207323300.0
2024-11-08,148.7110195677981,149.7106230852884,146.20200497714438,147.57147216796875,,175665800.0
2024-11-11,148.62105018654825,148.7909962143961,143.51309063046196,145.20240783691406,,182325600.0
2024-11-12,146.72180532829077,149.5906625866308,145.95210633724608,148.231201171875,,198634700.0
2024-11-13,149.01091396688446,149.27080540839845,145.84215717514013,146.21202087402344,,191903300.0
2024-11-14,147.5814687564354,148.94093020600926,145.49230097997514,146.70181274414062,,194463300.0
2024-11-15,144.81254410002094,145.18240774117885,140.0244503789864,141.92369079589844,,250132900.0
2024-11-18,139.44468522690033,141.49387540802255,137.09561095173166,140.09442138671875,,221205300.0
2024-11-19,141.26398946372595,147.07168399645053,140.9341184421503,146.95172119140625,,227834900.0
2024-11-20,147.3515703217148,147.5015047606034,142.67341754276418,145.83216857910156,,309871700.0
2024-11-21,149.290807835149,152.8293979645091,140.64422730754492,146.6118621826172,,400946600.0
2024-11-22,145.8721561256333,147.1016796207282,141.0440838257902,141.89373779296875,,236406200.0
2024-11-25,141.93371415065735,141.99368792347047,135.7661620516237,135.96607971191406,,344941900.0
2024-11-26,137.6453968958927,139.24476857370792,135.61620304064866,136.86570739746094,,190287700.0
2024-11-27,134.95646019838466,137.1655905980091,131.74774157257602,135.2863311767578,,226370900.0
2024-11-29,136.7257870913165,139.29477581313424,135.99608069190262,138.19520568847656,,141863200.0
2024-12-02,138.77496038075373,140.39431322408433,137.76536630294407,138.57504272460938,,171682800.0
2024-12-03,138.2051993772479,140.48429454860658,137.8953246767264,140.20440673828125,,164414000.0
2024-12-04,141.94370396224937,145.73219470186731,140.23437518220274,145.08245849609375,,231224300.0
2024-12-05,145.06246836220566,146.49199262942497,143.90284467102651,145.01248168945312,,172621200.0
2024-12-06,144.5526526293818,145.65228325014007,141.26372149336697,142.3933563232422,,188505600.0
2024-12-09,138.92447761551347,139.90415231737651,137.08508402113657,138.7645263671875,,189308600.0
2024-12-10,138.96445323342698,141.77354545828368,133.74616214517607,135.0257568359375,,210020900.0
2024-12-11,137.31500040642362,140.12407738797447,135.16571086465208,139.2643585205078,,184905200.0
2024-12-12,137.03510407678786,138.39465924672223,135.75552453494274,137.29501342773438,,159211400.0
2024-12-13,138.89449032268433,139.55427778956917,132.4965775973186,134.20602416992188,,231514900.0
2024-12-16,134.13601958774962,134.3559487102744,130.3772572956884,131.9567413330078,,237951100.0
2024-12-17,129.04771280436398,131.54689392732612,126.81844751374322,130.3472900390625,,259410300.0
2024-12-18,133.81617414487124,136.65524065308236,128.23799923564917,128.8677978515625,,277444500.0
2024-12-19,131.7168091066324,133.9860693668965,129.50754199406654,130.6371612548828,,209719200.0
2024-12-20,129.76747112979962,135.2356803497186,128.1779956829599,134.65586853027344,,306528600.0
2024-12-23,136.23536324975828,139.74420813475027,135.07573952144836,139.62425231933594,,176053500.0
2024-12-24,139.9541431061549,141.85351466107917,138.60457919611483,140.174072265625,,105157000.0
2024-12-26,139.65425012018665,140.8038826879709,137.68489400548984,139.88417053222656,,116205600.0
2024-12-27,138.50462254046806,138.97446981750295,134.66588395063462,136.96511840820312,,170582600.0
2024-12-30,134.78581438230358,140.22403398735426,133.97608228188028,137.4449462890625,,167734700.0
2024-12-31,137.98479821279548,138.02479365615312,133.7861766339878,134.2460174560547,,155659200.0
2025-01-02,135.9554382894446,138.8344995109043,134.58589206435911,138.26467895507812,,198247200.0
2025-01-03,139.96413776465596,144.85253555834646,139.68423069189672,144.4226837158203,,229322500.0
2025-01-06,148.5413213081193,152.11015917129038,147.77158452702758,149.38104248046875,,265377400.0
2025-01-07,152.97986196669754,153.07983530547875,139.9641234037018,140.09408569335938,,351782200.0
2025-01-08,142.53330977712477,143.90285624874434,137.51494945407617,140.06411743164062,,227349900.0
2025-01-10,137.40498271998055,139.87417502688794,134.17604480086774,135.86549377441406,,207602500.0
2025-01-13,129.94742663109315,133.4462801889749,129.4675728747113,133.1863555908203,,204808900.0
2025-01-14,136.0054462036023,136.33533995791203,130.00741122442506,131.7168426513672,,195590500.0
2025-01-15,133.60622538989423,136.4053114797544,131.24699764678536,136.1953887939453,,185217300.0
2025-01-16,138.59459191383036,138.70455649670012,133.44628474718112,133.52626037597656,,209235600.0
2025-01-17,136.6452315490251,138.45463626831489,135.41563868932835,137.66490173339844,,201188800.0
2025-01-21,139.11440825447346,141.783531605571,137.04507916268696,140.7838592529297,,197749000.0
2025-01-22,144.61262104889417,147.74158546149795,143.62293982675305,147.02183532714844,,237651400.0
2025-01-23,145.0024960002277,147.18177468068177,143.67292977388993,147.17178344726562,,155915500.0
2025-01-24,148.32138900097752,148.92119854206575,141.83352489203162,142.57327270507812,,234657600.0
2025-01-27,124.75912547322824,128.3579371600633,116.66177248371496,118.38121032714844,,818830900.0
2025-01-28,121.7700834245318,128.9577298793433,116.21190774010589,128.94773864746094,,579666400.0
2025-01-29,126.45856310434584,126.8484347440811,120.01067894543576,123.65947723388672,,467120600.0
2025-01-30,123.05968123503553,124.9590604797062,118.06131881584726,124.6091766357422,,392925500.0
2025-01-31,123.73945402173636,127.80812056780856,119.15096116009845,120.03067016601562,,388161100.0
2025-02-03,114.71241004430098,118.53115837860842,112.97298217131676,116.62178802490234,,371235700.0
2025-02-04,116.92168099297383,121.16028976109212,116.66176403787988,118.6111297607422,,256550000.0
2025-02-05,121.72011429490168,124.95905075493906,120.72044188886218,124.7891082763672,,262230800.0
2025-02-06,127.37828117148048,128.72784528628156,125.16900563533248,128.6378631591797,,251483600.0
2025-02-07,129.1776476695437,130.32726464043708,124.95902960961988,129.7974395751953,,228186300.0
2025-02-10,130.04738916543755,134.955784699492,129.91744211571256,133.52626037597656,,216989100.0
2025-02-11,132.5365863252507,134.43595803743202,130.9770996135579,132.7565155029297,,178902400.0
2025-02-12,129.97741762356085,132.19669170682792,129.03772306980744,131.0970458984375,,160278600.0
2025-02-13,131.51689288233604,136.455276767875,131.12702127315083,135.24566650390625,,197430000.0
2025-02-14,136.43528567888637,139.20438251414282,135.45561099221797,138.8045196533203,,195479600.0
2025-02-18,141.22373753647113,143.3930250185803,137.8848198127303,139.35433959960938,,219176600.0
2025-02-19,139.46430955469114,141.31370984182348,137.17506616632772,139.1844024658203,,167536000.0
2025-02-20,139.9841417995603,140.6139403685729,136.74519734237094,140.06411743164062,,143903600.0
2025-02-21,139.99411868487,141.41366694156105,133.98609294492073,134.38595581054688,,228217600.0
2025-02-24,136.51527743543022,138.544611438826,130.03740375103862,130.23733520507812,,251381100.0
2025-02-25,129.93742515974864,130.1573543264651,124.39924631174092,126.5885238647461,,271428700.0
2025-02-26,129.9474287481865,133.68619399137987,128.44792005609298,131.23699951171875,,322553800.0
2025-02-27,134.9557838016939,134.96577503505506,119.97069557287364,120.11064910888672,,443175800.0
2025-02-28,117.98134023479652,125.04902421361967,116.36187573271177,124.87908172607422,,389091100.0
2025-03-03,123.46954557652552,123.65947815441596,112.2432206852501,114.02263641357422,,411381400.0
2025-03-04,110.61376362073892,119.27092350243323,110.07393955565604,115.95201110839844,,398163300.0
2025-03-05,117.54148848655969,118.2412561507128,114.47249437052442,117.26158142089844,,284337900.0
2025-03-06,113.49281250827369,115.31221606989396,110.18389912538346,110.53378295898438,,321181900.0
2025-03-07,111.21356818629886,113.44284126847424,107.52477413573756,112.6530990600586,,341755500.0
2025-03-10,109.86401109514142,111.81336945167178,105.42546268101565,106.9449691772461,,366487400.0
2025-03-11,106.9549409312714,112.20322068733,104.73566712840632,108.724365234375,,354865700.0
2025-03-12,114.09312447156262,116.7325020716217,112.85341103244578,115.71273803710938,,323857500.0
2025-03-13,117.0024278677365,117.73225924433854,113.76319330991836,115.55277252197266,,299033100.0
2025-03-14,118.5820578648422,121.85128414551468,118.12216714928688,121.6413345336914,,277593500.0
2025-03-17,122.711081524258,122.86104771124882,118.00219206936818,119.50183868408205,,255501500.0
2025-03-18,117.9722034382706,118.99195980676367,114.51301940530756,115.4028091430664,,299686900.0
2025-03-19,117.24237608211884,120.42162740294437,115.6527542355049,117.49231719970705,,273426200.0
2025-03-20,116.52253841801044,120.17167220516042,116.4425554391302,118.50206756591795,,248829700.0
2025-03-21,116.91244866461768,117.9621966837067,115.39280254041712,117.6722640991211,,266498500.0
2025-03-24,119.8517551027078,122.19120779583362,119.31188140429414,121.38140106201172,,228452500.0
2025-03-25,120.5216012824151,121.26142480153008,118.89198043130344,120.66156768798828,,167447200.0
2025-03-26,118.70203035263673,118.81199741904776,112.68344440410922,113.7332000732422,,293463300.0
2025-03-27,111.32377219977148,114.42304053099558,110.6339399022949,111.40375518798828,,236902100.0
2025-03-28,111.4637360269542,112.84341584506376,109.04430789656143,109.6441650390625,,229872500.0
2025-03-31,105.10522740758996,110.9338556226425,103.6255803841977,108.35446166992188,,299212700.0
2025-04-01,108.49443304563393,110.17403760023085,106.4449205320371,110.12405395507812,,222614000.0
2025-04-02,107.26472214391916,111.95361956622256,106.76483994973236,110.39398193359376,,220601200.0
2025-04-03,103.48562015563714,105.60511590388695,101.57606639857327,101.7760238647461,,338769400.0
2025-04-04,98.88670323249266,100.1064094274434,92.08830207120737,94.28778076171876,,532273800.0
2025-04-07,87.43938789235719,101.72602116602216,86.59958951154498,97.6169891357422,,611041300.0
2025-04-08,103.78553826456236,105.82505852328022,94.43774279946976,96.27731323242188,,476243400.0
2025-04-09,98.8667046992448,115.072885329754,97.50702445286696,114.30307006835938,,612918300.0
2025-04-10,109.34423379452804,110.83388059600858,99.1266405350102,107.5446548461914,,437812400.0
2025-04-11,108.4744417347206,111.52372632761112,107.45468536211308,110.90386962890624,,313417300.0
2025-04-14,114.08312248391158,114.26308039077928,109.04430871921362,110.68392181396484,,264705000.0
2025-04-15,110.94385517244878,113.5932323217664,110.47396469045395,112.1735610961914,,228966900.0
2025-04-16,104.52537649088836,106.7648467272822,100.4263361362673,104.46538543701172,,397016900.0
2025-04-17,104.4253812132841,104.44538077133734,100.02642426353728,101.46607971191406,,292517500.0
2025-04-21,98.74673137333838,99.41657935183264,95.01761424618036,96.88717651367188,,288501100.0
2025-04-22,98.75671690551088,99.78647292005904,97.25707044682602,98.86669158935548,,241004800.0
2025-04-23,104.4953697335839,104.77531016741209,101.99595878138034,102.68579864501952,,247526000.0
2025-04-24,103.45562063709752,106.51489717654988,103.08570507328524,106.40492248535156,,220815000.0
2025-04-25,106.8248323353286,111.8936379045766,105.70510100806126,110.98385620117188,,251064700.0
2025-04-28,109.66417212829982,110.34401230383384,105.9950305600335,108.70439910888672,,207708500.0
2025-04-29,107.64463563001284,110.17403844763396,107.41469407982768,108.99431610107422,,170444300.0
2025-04-30,104.44538450923936,108.8943328857422,104.0554770168086,108.8943328857422,,235044600.0
2025-05-01,113.05335693358144,114.91291927434725,111.27377757314032,111.58370208740234,,236121500.0
2025-05-02,114.15310576985596,115.37281962529518,113.34329900218786,114.47303009033205,,190194800.0
2025-05-05,112.88340831442672,114.64298826396649,112.63346720059008,113.7931900024414,,133163200.0
2025-05-06,111.4537475013017,114.7129742117387,110.7938992837595,113.51325988769533,,158525600.0
2025-05-07,113.02337494499028,117.65228163619798,112.25355204144066,117.0324249267578,,206758800.0
2025-05-08,118.2221437727092,118.65204278244111,115.82270761670767,117.34235382080078,,198428100.0
2025-05-09,117.32235248570746,118.20215005190204,115.18285724943864,116.62252044677734,,132972200.0
2025-05-12,121.94126742822684,122.97102355957033,120.25166311897564,122.97102355957033,,225023300.0
2025-05-13,124.95056035306072,131.18908818741485,124.44067836400951,129.89938354492188,,330430100.0
2025-05-14,133.16861033831793,135.4080880073059,131.6489642323906,135.30810546875,,281180800.0
2025-05-15,134.25836692241,136.26790331471523,132.62876117393418,134.79824829101562,,226632600.0
2025-05-16,136.18791721457987,136.31789147723805,133.42857277146337,135.36810302734375,,226542500.0
2025-05-19,132.35879696756518,135.83797251007488,132.35879696756518,135.53805541992188,,193154600.0
2025-05-20,134.2583525069389,134.54829272140586,132.58874781513978,134.3483428955078,,161514200.0
2025-05-21,133.02864907239967,137.36762292180558,130.55922977564506,131.76895141601562,,270608700.0
2025-05-22,132.19884131725317,134.21836966107523,131.5190088530086,132.7987060546875,,187344000.0
2025-05-23,129.96937433382988,132.6487356514494,129.12957588399638,131.25906372070312,,198821300.0
2025-05-27,134.1183754403962,135.6280293045703,133.27857708527512,135.4680633544922,,192953600.0
2025-05-28,135.9979578766118,137.2176717346689,134.75824445795843,134.7782440185547,,304021100.0
2025-05-29,142.21648797143945,143.45620133736625,137.87751407348716,139.15721130371094,,369241900.0
2025-05-30,138.6873257641086,139.58710766728817,132.88868890141003,135.09817504882812,,333170900.0
2025-06-02,135.45808684638126,138.08745689917103,135.36809645457458,137.34764099121094,,197663100.0
2025-06-03,138.74729436292043,141.9665367692297,137.91748812723765,141.1867218017578,,225578800.0
2025-06-04,142.15650682982962,142.3564566649135,139.5071219355859,141.88656616210938,,167120800.0
2025-06-05,142.13649493837005,143.96606551828813,138.79728569106723,139.95701599121094,,231397900.0
2025-06-06,142.4764068268356,143.23623746842864,141.47664251332282,141.6865997314453,,153986200.0
2025-06-09,143.15627066728982,144.96584183837217,141.9065651342004,142.59640502929688,,185114500.0
2025-06-10,142.65638139553192,144.25599524562207,141.4966510569608,143.92608642578125,,155881900.0
2025-06-11,144.5859620448177,144.96590375929992,141.84641202362192,142.80625915527344,,167694000.0
2025-06-12,141.94641106631286,144.9759063720703,141.82643588786814,144.9759063720703,,162365000.0
2025-06-13,142.4563055840922,143.556128789635,140.8265869783813,141.94639587402344,,180820600.0
2025-06-16,143.32618096280035,146.1556971839991,143.1761967394354,144.66595458984375,,183133700.0
2025-06-17,144.46598768948277,145.1958620737219,143.75609899624828,144.09603881835938,,139108000.0
2025-06-18,143.9860537050978,145.62578045463974,143.0962022725339,145.455810546875,,161494100.0
2025-06-20,145.42582047781178,146.17569581398777,142.6262828381709,143.8260955810547,,242956200.0
2025-06-23,142.47632119978937,144.7559411184857,142.00639807778802,144.1460418701172,,154308900.0
2025-06-24,145.53580457152245,147.9354148301798,145.4758169849003,147.8754119873047,,187566100.0
2025-06-25,149.24520677628502,154.4243389252029,149.23519867353343,154.28436279296875,,269146500.0
2025-06-26,155.95406403411533,156.69394650127538,153.97439748110884,154.99423217773438,,198145700.0
2025-06-27,156.01404775885302,158.68361723049148,155.2341786737402,157.72377014160156,,263234500.0
2025-06-30,158.37368067249696,158.6336472456001,155.93409881773164,157.96376037597656,,194580300.0
2025-07-01,156.26402965591922,157.17388214393176,151.46483925954294,153.2745361328125,,213143600.0
2025-07-02,152.9545671877056,157.57380961936815,152.94457434216997,157.22386169433594,,171224100.0
2025-07-03,158.34368228178877,160.95324924613055,157.74379112425564,159.3135223388672,,143716100.0
2025-07-07,158.17371270193448,159.28352889047815,157.31385497697042,158.21371459960938,,140139000.0
2025-07-08,159.30351713245472,160.19336858156893,158.36367094336163,159.97340393066406,,138133000.0
2025-07-09,161.1932080055649,164.39267314506114,161.13322041798892,162.85293579101562,,183656400.0
2025-07-10,164.29270331195812,164.4726660794993,161.5831469026993,164.07273864746094,,167704100.0
2025-07-11,163.6927958392512,167.862101078866,163.44283738179527,164.89259338378906,,193633300.0
2025-07-14,165.3425116109199,165.4625020418882,161.99307751467913,164.04273986816406,,136975800.0
2025-07-15,171.1615549258278,172.37134531045626,169.17188012202328,170.671630859375,,230627400.0
2025-07-16,171.03157616389174,171.72146396229547,168.87193138356372,171.34152221679688,,158831500.0
2025-07-17,171.99141956059896,174.13106334471073,170.80161486292053,172.97125244140625,,160841100.0
2025-07-18,173.61113894806013,174.22103817113316,171.23152964225835,172.38134765625,,146456400.0
2025-07-21,172.72129949000853,173.35119970444802,170.97159023323564,171.35153198242188,,123126100.0
2025-07-22,171.31154005146294,171.36153479867312,164.55266825003173,167.00225830078125,,193114300.0
2025-07-23,169.5018251648929,171.23153339032083,167.94208685699226,170.75161743164062,,154082200.0
2025-07-24,172.41134882841166,173.80111724784433,171.27153886755505,173.7111358642578,,128984600.0
2025-07-25,173.58115848322245,174.69097468726906,172.9312725713388,173.47117614746094,,122316800.0
2025-07-28,173.99108478739527,176.97058528484683,173.94109004538618,176.7206268310547,,140023500.0
2025-07-29,177.93044011853777,179.35020236643535,174.99092613442062,175.4808349609375,,154077500.0
2025-07-30,176.48066791766442,179.86011122312902,176.01074478620916,179.24021911621094,,174312200.0
2025-07-31,182.86960179799485,183.2695444846075,175.9007587673991,177.84043884277344,,221685400.0
2025-08-01,174.06106522140863,176.51065501732398,170.86160006411595,173.69113159179688,,204529000.0
2025-08-04,175.1309006070304,180.170056491935,174.49100755408614,179.9700927734375,,148174600.0
2025-08-05,179.59015184800575,180.23004490386853,175.87076869322405,178.23037719726562,,156407600.0
2025-08-06,176.30069964693718,179.87009845787975,176.22071111043454,179.3901824951172,,137192300.0
2025-08-07,181.53984513179375,183.84945895635624,178.7703010091291,180.7399749755859,,151878400.0
2025-08-08,181.51982919208731,183.26953833968557,180.3700111699138,182.6696319580078,,123396700.0
2025-08-11,182.01974653412333,183.8094423252684,180.2200426409657,182.0297393798828,,138323200.0
2025-08-12,182.9295986692803,184.44933506001817,179.4301803710301,183.1295623779297,,145485700.0
2025-08-13,182.58965738273272,183.93943921657484,179.3202115957667,181.5598297119141,,179871700.0
2025-08-14,179.72011917648817,182.98957985829236,179.43017409752198,181.98974609375,,129554000.0
2025-08-15,181.84978375259033,181.86976944489336,178.01041021115256,180.4200134277344,,156602200.0
2025-08-18,180.56998232776263,182.9095896538983,180.55997422620712,181.979736328125,,132008000.0
2025-08-19,182.39967416584764,182.46966985536903,175.46084035755914,175.61080932617188,,185229200.0
2025-08-20,175.1408920976954,175.9707560164781,168.77195541250927,175.370849609375,,215142700.0
2025-08-21,174.8209444570093,176.87059152353538,173.78110877087863,174.95091247558594,,140040900.0
2025-08-22,172.58132291943235,178.56032512128596,171.17155351749952,177.96043395996094,,172789400.0
2025-08-25,178.3203719824875,181.87977802218637,176.54066896263805,179.78012084960938,,163012800.0
2025-08-26,180.03006938032237,182.359683936518,178.7802771456414,181.7397918701172,,168688200.0
2025-08-27,181.94975068857377,182.45967569067753,179.07023971825097,181.56982421875,,235518900.0
2025-08-28,180.7899615720414,184.43934897141472,176.3806906932069,180.1400604248047,,281787800.0
2025-08-29,178.08040158317536,178.12038822306508,173.12121914292007,174.1510467529297,,243257900.0
2025-09-02,169.9717482776903,172.351357635579,167.19221149694363,170.75161743164062,,231164900.0
2025-09-03,171.03158891427162,172.3813708166661,168.851958278929,170.59165954589844,,164424900.0
2025-09-04,170.54166973363456,171.83144870716828,169.381858788342,171.63148498535156,,141670100.0
2025-09-05,168.00209055003162,169.0019244592772,164.04275681292185,166.9922637939453,,224441400.0
2025-09-08,167.5221599855096,170.93159698121408,167.32219627229085,168.2820281982422,,163769100.0
2025-09-09,169.0618925540675,170.95157781434446,166.71229229208453,170.7316131591797,,157548400.0
2025-09-10,176.61064931709572,179.26020289704138,175.44084555219968,177.300537109375,,226852000.0
2025-09-11,179.66027757334626,180.26021784214308,176.4606317396978,177.1505584716797,,151159300.0
2025-09-12,177.75047851465564,178.5803891806412,176.43061617633268,177.80047607421875,,124911000.0
2025-09-15,175.650725630949,178.83038469078608,174.49084923140515,177.73049926757812,,147061600.0
2025-09-16,176.98057174387853,177.4805168617991,174.36086420825131,174.86080932617188,,140737800.0
2025-09-17,172.62104942275718,173.18098551277336,168.39151800406466,170.27130126953125,,211843800.0
2025-09-18,173.96089569350613,177.08056354559588,172.9410186572187,176.2206573486328,,191763300.0
2025-09-19,175.7506939671915,178.06043774665943,175.16074718989944,176.6505889892578,,237182100.0
2025-09-22,175.28075846993005,184.52974299714737,174.69082690233378,183.58984375,,269637000.0
2025-09-23,181.95002022927713,182.3999677661597,176.19065819152993,178.410400390625,,192559600.0
2025-09-24,179.75025700209653,179.76025041106172,175.38072666046574,176.9505615234375,,143564100.0
2025-09-25,174.4608472798892,180.2402117285651,173.11100459099512,177.67050170898438,,191586700.0
2025-09-26,178.15043859744398,179.750269051669,174.91078879333958,178.17044067382812,,148573700.0
2025-09-29,180.41019002973695,183.97980553666213,180.30021674934375,181.83004760742188,,193063500.0
2025-09-30,182.06000352373024,187.32942897828707,181.4600633204032,186.55950927734375,,236981000.0
2025-10-01,185.21967144700423,188.11934700723293,183.87980694521147,187.21945190429688,,173844900.0
2025-10-02,189.57919146332628,191.0290292282152,188.0393519833977,188.8692626953125,,136805800.0
2025-10-03,189.16924608680657,190.33911589327732,185.35966652947783,187.5994110107422,,137596900.0
2025-10-06,185.4796339074747,187.2094396983396,183.3098739831843,185.5196228027344,,157678100.0
2025-10-07,186.2095556681108,189.03924688644503,183.97980469837793,185.01968383789065,,140088000.0
2025-10-08,186.5495190429729,189.57918508139647,186.51950830089396,189.0892333984375,,130168900.0
2025-10-09,192.20888438710807,195.27855455286465,191.039014711271,192.54885864257812,,182997200.0
2025-10-10,193.4887469873255,195.59851591827857,182.03001384654092,183.139892578125,,268774400.0
2025-10-13,187.9493639887039,190.089128427756,185.93959015922437,188.29933166503903,,153482800.0
2025-10-14,184.74970821605345,184.77970370013512,179.6802578066599,180.01022338867188,,205641400.0
2025-10-15,184.7797124853219,184.84969686580231,177.2705272995106,179.8102569580078,,214450500.0
2025-10-16,182.20999112544493,183.2598789113643,179.75026972003684,181.7900390625,,179723300.0
2025-10-17,180.1602152773484,184.07979842608083,179.7302697995737,183.19989013671875,,173135200.0
2025-10-20,183.10990104163824,185.1796658652692,181.7100455780644,182.6199493408203,,128544700.0
2025-10-21,182.76991679751697,182.76991679751697,179.7802549646251,181.14010620117188,,124240200.0
2025-10-22,181.12011433169937,183.4198648953589,176.74059027394597,180.2602081298828,,162249600.0
2025-10-23,180.4001849787377,183.0098989665471,179.7702492811968,182.13999938964844,,111363700.0
2025-10-24,183.81980015643103,187.44940625639555,183.47984116964935,186.23953247070312,,131296700.0
2025-10-27,189.9691435897376,191.97891738858848,188.4093020699799,191.4689788818359,,153452700.0
2025-10-28,193.0288146936141,203.12769700573313,191.8889404255143,201.0079345703125,,297986200.0
2025-10-29,207.95717223581016,212.1667169482571,204.7575264516481,207.01727294921875,,308829600.0
2025-10-30,205.12746791137428,206.13736677538768,201.38788833732997,202.8677215576172,,178864400.0
2025-10-31,206.42733011185777,207.94716749796044,202.04782138155983,202.4677734375,,179802200.0
2025-11-03,208.05714970598171,211.31678618801203,205.5374221898275,206.85728454589844,,180267300.0
2025-11-04,202.9777066091775,203.9476013046771,197.90825607143535,198.66818237304688,,188919300.0
2025-11-05,198.7481902403631,202.89772869539195,194.6286320152979,195.18858337402344,,171350300.0
2025-11-06,196.39843756369172,197.59830279082223,186.35954634625867,188.05935668945312,,223029800.0
2025-11-07,184.87970536775757,188.29934352754728,178.8903723972709,188.1293487548828,,264942300.0
2025-11-10,195.08858253564551,199.91805415635875,193.76872011438095,199.0281524658203,,198897100.0
2025-11-11,195.1385743375635,195.3985402959953,191.2789975702345,193.1387939453125,,176483300.0
2025-11-12,195.6985197370464,195.86849924763865,191.1090271797132,193.7787322998047,,154935300.0
2025-11-13,191.02901978717685,191.4189763426968,183.82981362374773,186.8394775390625,,207423100.0
2025-11-14,182.8399142970662,190.989012954952,180.56016596493993,190.14910888671875,,186591900.0
2025-11-17,185.9495778546046,188.9792438771453,184.29976516169708,186.5795135498047,,173628900.0
2025-11-18,183.3598703733926,184.7797126313021,179.6302689297591,181.340087890625,,213598900.0
2025-11-19,184.76970592228736,187.8393762025218,182.8099296469334,186.49952697753903,,247246400.0
2025-11-20,195.92847930218133,195.97847686300787,179.83025642841662,180.6201629638672,,343504800.0
2025-11-21,181.22010834266524,184.5397359279593,172.91100782704066,178.86036682128906,,346926200.0
2025-11-24,179.47030653663683,183.4798609481747,176.4606271183833,182.52996826171875,,256618300.0
2025-11-25,174.89079203873564,178.14043506786686,169.53138015579162,177.80047607421875,,320600300.0
2025-11-26,181.6100638206842,182.8899220695924,178.22043661727494,180.24020385742188,,183852000.0
2025-11-28,178.99033405428943,179.2703020816569,176.48061521713345,176.98056030273438,,121332800.0
2025-12-01,174.7408159055669,180.2802164760195,173.66093259662904,179.90025329589844,,188131000.0
2025-12-02,181.7400335835938,185.63961443898967,179.98023235974816,181.44007873535156,,182632200.0
2025-12-03,181.06012391136443,182.4299686383783,179.09033894604931,179.57028198242188,,165138000.0
2025-12-04,181.61017209543593,184.51002440204857,179.95027347354184,183.37008666992188,,167364900.0
2025-12-05,183.88004685245295,184.6500094505641,180.9002124089338,182.4001312255859,,143971100.0
2025-12-08,182.6301165694494,187.98982714518385,182.39012406320575,185.5399627685547,,204378100.0
2025-12-09,185.5499558649533,185.7099508683659,183.31008684903043,184.95999145507812,,144719700.0
2025-12-10,184.9599880707457,185.46995496958337,182.03013874897007,183.77005004882812,,162785400.0
2025-12-11,180.27023782951787,181.31019006496976,176.61043233199788,180.92019653320312,,182136600.0
2025-12-12,181.10019518559332,182.81010931847595,174.61054106596097,175.01052856445312,,204274900.0
2025-12-15,177.93037643785232,178.4103461991077,175.02053019793698,176.28045654296875,,164775600.0
2025-12-16,176.25046044282257,178.48035080582065,174.8905333961456,177.71038818359375,,148588100.0
2025-12-17,176.0904801521757,176.12047730871902,170.30078481189744,170.93075561523438,,222775500.0
2025-12-18,174.52054772862792,176.14045512074784,171.8107030234881,174.1305694580078,,176096000.0
2025-12-19,176.6604358481607,181.4401759084778,176.3304518785618,180.9802093505859,,324925900.0
2025-12-22,183.91003698180788,184.15002947617,182.34012994783168,183.6800537109375,,129064400.0
2025-12-23,182.96010023623109,189.31975669034463,182.89009670029145,189.19976806640625,,174873600.0
2025-12-24,187.92983057380172,188.899779295176,186.57989753660073,188.59979248046875,,65528500.0
2025-12-26,189.9097162518428,192.67957056140057,187.98982202804387,190.51968383789065,,139740300.0
2025-12-29,187.6998414610299,188.749772392931,185.8999358866866,188.20980834960935,,120006100.0
2025-12-30,188.22982052336857,188.9797799436452,186.91987858592935,187.52984619140625,,97687300.0
2025-12-31,189.55975523635485,190.54969193131708,186.47991997410415,186.4899139404297,,120100500.0
2026-01-02,189.82971935613105,192.91954841717475,188.24980305842183,188.83978271484375,,148240500.0
2026-01-05,191.74961996436147,193.61952916959007,186.1399228646027,188.1098175048828,,183529700.0
2026-01-06,190.50969495089785,192.15959956375175,186.80989821500853,187.22987365722656,,176862600.0
2026-01-07,188.55979791265688,191.35963411085103,186.54989697142676,189.09976196289065,,153543200.0
2026-01-08,189.09977067708235,189.53974931649188,183.7000688940612,185.0299835205078,,172457000.0
2026-01-09,185.06998015284367,186.32990643372668,183.66005283935564,184.84999084472656,,131327500.0
2026-01-12,183.2100845491025,187.1098673607792,183.010098425574,184.92999267578125,,137968500.0
2026-01-13,184.9899882929175,188.0998205983224,183.3900687774691,185.79994201660156,,160128900.0
2026-01-14,184.3100252062831,184.45001701406107,180.79021156477043,183.1300811767578,,159586100.0
2026-01-15,186.4899131697011,189.6897370464893,186.31992419508657,187.03988647460935,,206188600.0
2026-01-16,189.0697614175565,190.4296883714215,186.06992389502736,186.21990966796875,,187967200.0
2026-01-20,181.89014292514364,182.37012791600927,177.60038196777572,178.06036376953125,,223345300.0
2026-01-21,179.04031586008543,185.3699752173061,178.3903418724365,183.31008911132812,,200381000.0
2026-01-22,184.7399951080077,186.1599163788295,183.92003219020145,184.8299865722656,,139636600.0
2026-01-23,187.48984685190615,189.58973923983265,186.8098909978121,187.6598358154297,,142748100.0
2026-01-26,187.1498802806874,189.1097657209082,185.97994539629804,186.4599151611328,,124799600.0
2026-01-27,187.22986667366473,189.9897117301412,185.6899415183402,188.50979614257812,,143711600.0
2026-01-28,191.2596570790159,192.33960048487265,189.82972650403363,191.5096435546875,,148552700.0
2026-01-29,191.32963792417547,193.46952146246272,186.04992498376657,192.49957275390625,,171764400.0
2026-01-30,191.19965692455455,194.47947816452233,189.45974561417185,191.11965942382812,,179489500.0
2026-02-02,187.1898706566695,190.2897090701948,184.87000408758857,185.59996032714844,,165794100.0
2026-02-03,186.22992037566056,186.2599175304879,176.22045266395375,180.33023071289065,,204019600.0
2026-02-04,179.4502914858299,179.57028010697434,171.90069716024271,174.18057250976562,,207014100.0
2026-02-05,174.92051964769362,176.81043194569037,171.020736948564,171.87069702148438,,206312900.0
2026-02-06,176.6804343618602,186.98987361565233,174.59055120100808,185.39996337890625,,231346200.0
2026-02-09,184.25002288009932,193.64952333361757,183.9400420976916,190.0297088623047,,196387400.0
2026-02-10,191.36964298604585,192.46957427391544,188.10980972728564,188.52978515625,,136764800.0
2026-02-11,192.4395826504124,193.2495363765512,188.75978911487715,190.0397186279297,,144192700.0
2026-02-12,193.0195526316072,193.5995230748733,186.49990120030049,186.9298858642578,,189932500.0
2026-02-13,187.4698554447334,187.4898586352177,181.58017462912431,182.80010986328125,,161888000.0
2026-02-17,181.74016448672575,187.1398661592121,179.17029624003743,184.95999145507812,,162276900.0
2026-02-18,188.73978069812657,190.3596881055438,186.7498829478333,187.9698181152344,,164749100.0
2026-02-19,187.04988063530703,188.41980165789556,185.64996245587088,187.88983154296875,,126554500.0
2026-02-20,186.5599139825128,190.3197050755744,185.92994318264132,189.8097381591797,,178422300.0
2026-02-23,191.3896412925324,193.93950641757905,189.56974766836524,191.5396423339844,,171584800.0
2026-02-24,191.47964208446243,193.75951747058733,187.3898518385612,192.83956909179688,,175123600.0
2026-02-25,194.43946745531196,197.61930319203404,193.77949953248776,195.5494079589844,,250637100.0
2026-02-26,194.25948668244985,194.27947461393583,184.31002841741252,184.87998962402344,,360807900.0
2026-02-27,181.2401979138715,182.5801217841234,176.3704661683341,177.180419921875,,311636500.0
2026-03-02,175.00052620838028,183.45008125730604,174.63055110847353,182.4701232910156,,209095300.0
2026-03-03,178.4803396065267,180.8901975001603,176.910417303947,180.04025268554688,,178099400.0
2026-03-04,180.4302401537762,184.69000418349444,180.0502558302461,183.03009033203125,,177731200.0
2026-03-05,181.1601973472636,184.05004039552568,177.87038204113773,183.330078125,,198779700.0
2026-03-06,179.83025866705609,182.7500987288974,176.81043317462274,177.8103790283203,,189021900.0
2026-03-09,176.82042919903367,182.90010189125664,175.55049367782215,182.64010620117188,,177213600.0
2026-03-10,182.39012758732315,186.42991760168223,182.0001492933692,184.760009765625,,179118500.0
2026-03-11,185.91000366210935,187.6199951171875,184.4499969482422,186.02999877929688,,145280400.0
2026-03-12,184.0500030517578,184.94000244140625,181.75,183.13999938964844,,155762700.0
2026-03-13,184.9199981689453,186.08999633789065,179.94000244140625,180.25,,160988400.0
2026-03-16,182.97000122070312,188.8800048828125,181.41000366210935,183.22000122070312,,217307400.0
2026-03-17,185.05999755859375,185.3999938964844,181.67999267578125,181.92999267578125,,182497800.0
2026-03-18,182.47999572753903,183.3800048828125,180.3300018310547,180.3999938964844,,156683100.0
2026-03-19,178.00999450683594,179.97999572753906,175.7899932861328,178.55999755859375,,170968500.0
2026-03-20,178.0,178.25999450683594,171.72000122070312,172.6999969482422,,241323500.0
2026-03-23,177.25999450683594,178.3699951171875,174.75999450683594,175.63999938964844,,182836300.0
2026-03-24,174.8300018310547,176.22000122070312,173.97999572753906,175.1999969482422,,147667800.0
2026-03-25,177.10000610351562,181.22000122070312,176.85000610351562,178.67999267578125,,162602100.0
2026-03-26,176.07000732421875,176.50999450683594,171.13999938964844,171.24000549316406,,186152200.0
2026-03-27,170.0,170.97000122070312,167.00999450683594,167.52000427246094,,196212700.0
2026-03-30,168.77999877929688,169.4499969482422,164.27000427246094,165.1699981689453,,185627000.0
2026-03-31,166.97000122070312,174.6199951171875,166.9600067138672,174.39999389648438,,226181300.0
2026-04-01,176.0,177.3699951171875,174.75,175.75,,168132000.0
2026-04-02,172.17999267578125,177.49000549316406,171.3699951171875,177.38999938964844,,143143200.0
2026-04-06,177.16000366210938,177.7899932861328,175.75999450683594,177.63999938964844,,107564300.0
2026-04-07,175.72999572753906,178.22999572753906,173.66000366210938,178.10000610351562,,132534900.0
2026-04-08,184.5,185.2599945068359,180.3000030517578,182.0800018310547,,147732700.0
2026-04-09,181.83999633789065,184.0800018310547,180.6199951171875,183.91000366210935,,116428500.0
2026-04-10,184.30999755859375,190.0,184.3000030517578,188.6300048828125,,160459500.0
2026-04-13,186.02999877929688,189.66000366210935,185.7400054931641,189.30999755859375,,133648200.0
2026-04-14,190.83999633789065,196.5099945068359,190.77000427246097,196.5099945068359,,161307000.0
2026-04-15,196.5399932861328,200.3999938964844,195.7400054931641,198.8699951171875,,185338400.0
2026-04-16,197.42999267578125,199.8500061035156,195.80999755859375,198.3500061035156,,134012900.0
2026-04-17,199.8999938964844,201.6999969482422,199.27000427246097,201.67999267578125,,160324400.0
2026-04-20,199.97999572753903,202.1699981689453,197.83999633789065,202.05999755859375,,119381400.0
2026-04-21,202.1300048828125,202.75,199.0,199.8800048828125,,107945300.0
2026-04-22,200.9900054931641,202.5,199.0,202.5,,107501000.0
2026-04-23,202.4600067138672,203.8300018310547,197.22000122070312,199.63999938964844,,113561800.0
2026-04-24,199.9600067138672,210.9499969482422,199.80999755859375,208.27000427246097,,214134400.0
2026-04-27,209.6499938964844,216.8300018310547,207.3800048828125,216.61000061035156,,187172400.0
2026-04-28,209.4900054931641,214.72999572753903,208.1999969482422,213.1699981689453,,180275400.0
2026-04-29,212.6999969482422,212.72000122070312,207.5800018310547,209.25,,123711800.0
2026-04-30,209.92999267578125,210.3000030517578,198.6999969482422,199.57000732421875,,225239200.0
2026-05-01,201.27999877929688,203.0,197.1199951171875,198.4499969482422,,128647000.0
2026-05-04,199.5,201.72999572753903,194.7400054931641,198.47999572753903,,125368100.0
2026-05-05,199.3000030517578,200.2400054931641,196.02999877929688,196.5,,113406600.0
2026-05-06,199.88999938964844,208.27000427246097,198.61000061035156,207.8300018310547,,188362800.0
2026-05-07,208.33999633789065,214.1999969482422,206.5,211.5,,168307900.0
2026-05-08,213.02999877929688,217.8000030517578,212.88999938964844,215.1999969482422,,136421400.0
2026-05-11,214.0399932861328,222.3000030517578,213.88999938964844,219.44000244140625,,160685800.0
2026-05-12,218.5500030517578,223.75,214.9199981689453,220.77999877929688,,159176600.0
2026-05-13,224.92999267578125,227.83999633789065,221.57000732421875,225.8300018310547,,150405400.0
2026-05-14,229.8500061035156,236.5399932861328,229.3000030517578,235.7400054931641,,180782900.0
2026-05-15,229.7599945068359,231.5,224.2400054931641,225.32000732421875,,180977600.0
2026-05-18,229.8699951171875,230.0,218.3699951171875,222.32000732421875,,146280900.0
2026-05-19,219.6199951171875,224.47999572753903,217.91000366210935,220.61000061035156,,140948200.0
2026-05-20,223.17999267578125,226.1300048828125,220.5,223.47000122070312,,184201600.0
2026-05-21,222.2899932861328,227.3999938964844,217.92999267578125,219.5099945068359,,203381800.0
2026-05-22,220.8999938964844,221.0099945068359,214.8000030517578,215.3300018310547,,169275700.0
2026-05-26,216.5399932861328,218.17999267578125,212.0,214.86000061035156,214.86000061035156,187202600.0
2026-05-27,214.1199951171875,214.1499938964844,208.77999877929688,212.6000061035156,212.6000061035156,167601200.0
2026-05-28,211.27999877929688,215.52000427246094,211.22000122070312,214.25,214.25,143996000.0
2026-05-29,214.5800018310547,217.86000061035156,211.1300048828125,211.13999938964844,211.13999938964844,289410600.0
2026-06-01,215.72999572753906,224.8699951171875,215.6999969482422,224.36000061035156,224.36000061035156,212850700.0
2026-06-02,227.17999267578125,232.27999877929688,221.35000610351562,222.82000732421875,222.82000732421875,193362900.0
2026-06-03,221.72000122070312,222.82000732421875,214.50999450683594,214.75,214.75,160907000.0
2026-06-04,213.90499877929688,221.60000610351562,210.97000122070312,218.66000366210938,218.66000366210938,167707274.0
