date,open,high,low,close,adj_close,volume
2018-01-02,64.37999725341797,65.33000183105469,64.16999816894531,65.19999694824219,52.61402130126953,6329600.0
2018-01-03,65.22000122070312,66.05999755859375,64.69000244140625,65.94000244140625,53.211177825927734,6844200.0
2018-01-04,66.18000030517578,66.52999877929688,65.91000366210938,66.02999877929688,53.28379821777344,5060100.0
2018-01-05,66.04000091552734,66.5999984741211,65.5,66.47000122070312,53.638877868652344,5421800.0
2018-01-08,66.25,66.52999877929688,65.94000244140625,66.2699966430664,53.47747802734375,4266900.0
2018-01-09,65.63999938964844,65.86000061035156,64.94000244140625,65.2699966430664,52.670501708984375,7632300.0
2018-01-10,65.4800033569336,65.73999786376953,64.87999725341797,65.26000213623047,52.662445068359375,6569300.0
2018-01-11,65.19999694824219,65.5,65.13999938964844,65.43000030517578,52.79962921142578,4233100.0
2018-01-12,65.61000061035156,65.9000015258789,65.08000183105469,65.37999725341797,52.759281158447266,5007200.0
2018-01-16,66.2300033569336,68.6500015258789,66.02999877929688,68.25,55.07527542114258,24478800.0
2018-01-17,68.5199966430664,68.9000015258789,67.23999786376953,68.0199966430664,54.88966369628906,12559100.0
2018-01-18,67.75,68.18000030517578,67.48999786376953,68.05000305175781,54.91387176513672,6797900.0
2018-01-19,68.04000091552734,68.25,67.75,68.04000091552734,54.90581130981445,8864300.0
2018-01-22,67.80999755859375,68.75,67.70999908447266,68.66999816894531,55.41419219970703,8566200.0
2018-01-23,68.5999984741211,68.9000015258789,68.23999786376953,68.33999633789062,55.14789581298828,7825600.0
2018-01-24,68.19999694824219,68.29000091552734,67.37999725341797,67.9800033569336,54.85740280151367,12383100.0
2018-01-25,68.13999938964844,68.37000274658203,67.29000091552734,67.41999816894531,54.405487060546875,9122200.0
2018-01-26,67.94000244140625,68.52999877929688,67.5999984741211,68.52999877929688,55.30120849609375,7919000.0
2018-01-29,68.16000366210938,68.30000305175781,67.23999786376953,67.31999969482422,54.32478332519531,9745300.0
2018-01-30,67.43000030517578,67.91000366210938,66.7300033569336,66.98999786376953,54.05848693847656,8059500.0
2018-01-31,67.55000305175781,68.37999725341797,67.45999908447266,68.25,55.07527542114258,13915600.0
2018-02-01,67.0,68.3499984741211,66.31999969482422,66.80000305175781,53.905181884765625,16838500.0
2018-02-02,66.18000030517578,67.04000091552734,65.86000061035156,66.06999969482422,53.31607818603515,10971700.0
2018-02-05,66.30000305175781,66.55000305175781,60.5,61.72999954223633,49.813865661621094,35996000.0
2018-02-06,62.310001373291016,64.52999877929688,62.20000076293945,64.4000015258789,51.96845626831055,24458700.0
2018-02-07,64.22000122070312,66.12000274658203,64.0199966430664,65.04000091552734,52.48490524291992,15021200.0
2018-02-08,64.62999725341797,65.06999969482422,62.400001525878906,62.41999816894531,50.37066650390625,13451600.0
2018-02-09,62.95000076293945,64.31999969482422,61.459999084472656,63.9900016784668,51.63759994506836,23095000.0
2018-02-12,64.88999938964844,65.69999694824219,64.38999938964844,65.66000366210938,52.985225677490234,13692100.0
2018-02-13,65.2300033569336,65.76000213623047,64.9800033569336,65.69999694824219,53.01749420166016,7695900.0
2018-02-14,65.1500015258789,66.80000305175781,65.0999984741211,66.58999633789062,53.73570251464844,10370900.0
2018-02-15,66.37999725341797,66.37999725341797,63.86000061035156,65.27999877929688,52.67858123779297,15548400.0
2018-02-16,64.7699966430664,65.83000183105469,64.5999984741211,64.8499984741211,52.33158493041992,11760300.0
2018-02-20,63.0099983215332,64.13999938964844,61.86000061035156,63.9900016784668,51.63759994506836,27494600.0
2018-02-21,63.119998931884766,63.86000061035156,62.650001525878906,63.400001525878906,51.1614875793457,14895600.0
2018-02-22,63.150001525878906,63.58000183105469,62.029998779296875,62.18000030517578,50.177001953125,11722300.0
2018-02-23,62.810001373291016,63.31999969482422,62.029998779296875,63.31999969482422,51.096927642822266,6762200.0
2018-02-26,64.55000305175781,67.36000061035156,64.19000244140625,66.9800033569336,54.0504264831543,27374300.0
2018-02-27,67.0,67.62999725341797,66.01000213623047,66.33999633789062,53.993438720703125,14326000.0
2018-02-28,66.69999694824219,66.72000122070312,64.91000366210938,65.0,52.9028434753418,9582100.0
2018-03-01,65.02999877929688,66.23999786376953,64.33000183105469,64.95999908447266,52.87027740478515,10799200.0
2018-03-02,64.30999755859375,64.8499984741211,64.02999877929688,64.73999786376953,52.69122695922851,10612700.0
2018-03-05,64.33999633789062,65.5999984741211,63.540000915527344,64.01000213623047,52.09709167480469,15445500.0
2018-03-06,63.5,63.54999923706055,61.060001373291016,62.13999938964844,50.57511520385742,23450400.0
2018-03-07,61.4900016784668,62.61000061035156,61.43000030517578,62.4900016784668,50.85997009277344,12602400.0
2018-03-08,62.650001525878906,62.7400016784668,61.56999969482422,61.81999969482422,50.31467056274414,8902100.0
2018-03-09,62.36000061035156,63.060001373291016,62.119998931884766,63.029998779296875,51.29946517944336,7655300.0
2018-03-12,63.04999923706055,63.47999954223633,62.29999923706055,62.810001373291016,51.12041091918945,15801300.0
2018-03-13,59.77000045776367,61.400001525878906,59.130001068115234,59.70000076293945,48.58921813964844,38572700.0
2018-03-14,59.900001525878906,60.380001068115234,57.900001525878906,60.119998931884766,48.9310417175293,29759100.0
2018-03-15,60.029998779296875,60.279998779296875,59.560001373291016,59.88999938964844,48.74386215209961,10494300.0
2018-03-16,60.599998474121094,61.4900016784668,60.47999954223633,60.619998931884766,49.33799362182617,25574500.0
2018-03-19,60.189998626708984,60.349998474121094,57.900001525878906,58.369998931884766,47.50675201416016,14131400.0
2018-03-20,58.9900016784668,59.09000015258789,57.95000076293945,58.2599983215332,47.41721725463867,10615400.0
2018-03-21,57.5,58.279998779296875,56.77000045776367,56.810001373291016,46.23707580566406,12231900.0
2018-03-22,56.2400016784668,56.83000183105469,55.52000045776367,55.58000183105469,45.23598098754883,13554600.0
2018-03-23,55.630001068115234,55.79999923706055,53.650001525878906,53.65999984741211,43.67332077026367,14713300.0
2018-03-26,54.58000183105469,56.13999938964844,54.25,56.130001068115234,45.683631896972656,12093900.0
2018-03-27,56.59000015258789,57.2400016784668,54.540000915527344,54.84000015258789,44.63372421264648,12243200.0
2018-03-28,54.810001373291016,55.970001220703125,54.459999084472656,54.70000076293945,44.519771575927734,12925500.0
2018-03-29,55.040000915527344,55.93000030517578,54.619998931884766,55.40999984741211,45.097633361816406,8482500.0
2018-04-02,55.099998474121094,55.2400016784668,53.06999969482422,53.810001373291016,43.79541015625,16469600.0
2018-04-03,54.290000915527344,55.04999923706055,53.619998931884766,54.779998779296875,44.58488082885742,7930700.0
2018-04-04,53.79999923706055,55.119998931884766,53.41999816894531,54.9900016784668,44.75579833984375,7496700.0
2018-04-05,55.4900016784668,55.5,54.439998626708984,55.040000915527344,44.79649353027344,5823300.0
2018-04-06,54.41999816894531,54.77000045776367,53.11000061035156,53.119998931884766,43.23381805419922,8322200.0
2018-04-09,53.52000045776367,54.88999938964844,53.34000015258789,53.43000030517578,43.486141204833984,7608500.0
2018-04-10,54.58000183105469,55.0099983215332,54.220001220703125,54.77000045776367,44.57674407958984,12009000.0
2018-04-11,54.189998626708984,55.06999969482422,54.150001525878906,55.0099983215332,44.77207946777344,6205300.0
2018-04-12,55.470001220703125,55.650001525878906,55.02000045776367,55.20000076293945,44.92671203613281,7412700.0
2018-04-13,56.61000061035156,56.790000915527344,55.41999816894531,55.72999954223633,45.35808563232422,12588200.0
2018-04-16,55.939998626708984,55.9900016784668,54.56999969482422,54.77000045776367,44.57674407958984,7850500.0
2018-04-17,54.9900016784668,55.68000030517578,54.779998779296875,55.349998474121094,45.04880142211914,7089700.0
2018-04-18,55.13999938964844,55.619998931884766,54.880001068115234,55.22999954223633,44.951148986816406,4796800.0
2018-04-19,54.0,54.13999938964844,52.5,52.56999969482422,42.786190032958984,19179500.0
2018-04-20,52.810001373291016,52.88999938964844,51.31999969482422,51.439998626708984,41.866493225097656,11838200.0
2018-04-23,51.5,51.810001373291016,50.27000045776367,50.529998779296875,41.125850677490234,10961500.0
2018-04-24,50.880001068115234,51.290000915527344,49.380001068115234,49.939998626708984,40.64565658569336,11670000.0
2018-04-25,50.0,50.439998626708984,48.869998931884766,49.75,40.49101638793945,9619200.0
2018-04-26,49.52000045776367,50.59000015258789,48.560001373291016,50.470001220703125,41.0770263671875,13684000.0
2018-04-27,50.75,51.36000061035156,50.4900016784668,51.11000061035156,41.59791946411133,9443100.0
2018-04-30,51.25,51.81999969482422,51.0,51.0099983215332,41.51651382446289,9469600.0
2018-05-01,50.7599983215332,51.04999923706055,50.040000915527344,50.81999969482422,41.361873626708984,6780500.0
2018-05-02,51.2400016784668,51.25,49.91999816894531,50.2599983215332,40.90609359741211,8143000.0
2018-05-03,49.9900016784668,50.540000915527344,49.310001373291016,50.310001373291016,40.94680404663086,8609200.0
2018-05-04,50.18000030517578,52.599998474121094,49.91999816894531,52.4900016784668,42.72106170654297,9880600.0
2018-05-07,52.58000183105469,53.27000045776367,52.52000045776367,53.0099983215332,43.1442985534668,9571700.0
2018-05-08,53.040000915527344,53.27000045776367,52.11000061035156,52.86000061035156,43.02220916748047,9930000.0
2018-05-09,52.86000061035156,53.33000183105469,52.20000076293945,53.16999816894531,43.27452087402344,7016100.0
2018-05-10,54.45000076293945,55.06999969482422,53.95000076293945,54.970001220703125,44.73952865600586,12267200.0
2018-05-11,54.7599983215332,55.790000915527344,54.619998931884766,55.22999954223633,44.951148986816406,9639100.0
2018-05-14,57.33000183105469,57.79999923706055,56.34000015258789,56.7400016784668,46.18011474609375,15400300.0
2018-05-15,56.5,56.61000061035156,55.220001220703125,55.63999938964844,45.28483200073242,12050500.0
2018-05-16,55.7599983215332,56.810001373291016,55.66999816894531,56.70000076293945,46.14754104614258,8675600.0
2018-05-17,56.4900016784668,57.380001068115234,56.38999938964844,56.95000076293945,46.35102462768555,11450700.0
2018-05-18,56.93000030517578,57.9900016784668,56.400001525878906,57.5099983215332,46.806793212890625,11999700.0
2018-05-21,57.68000030517578,58.27000045776367,56.77000045776367,57.709999084472656,46.96957778930664,14286400.0
2018-05-22,57.90999984741211,58.36000061035156,57.06999969482422,57.38999938964844,46.70912551879883,9432500.0
2018-05-23,56.90999984741211,58.86000061035156,56.83000183105469,58.81999969482422,47.87300109863281,11322500.0
2018-05-24,58.58000183105469,59.25,58.04999923706055,59.08000183105469,48.08462142944336,12487200.0
2018-05-25,58.849998474121094,60.0,58.810001373291016,59.959999084472656,48.80083084106445,11501500.0
2018-05-29,59.5,59.599998474121094,57.70000076293945,58.22999954223633,47.887977600097656,14696300.0
2018-05-30,58.40999984741211,58.650001525878906,57.65999984741211,58.38999938964844,48.019554138183594,9146000.0
2018-05-31,58.0,58.56999969482422,57.7599983215332,58.119998931884766,47.797508239746094,12813200.0
2018-06-01,58.34000015258789,58.72999954223633,58.0099983215332,58.61000061035156,48.20048141479492,8869700.0
2018-06-04,58.619998931884766,58.869998931884766,57.95000076293945,58.709999084472656,48.2827262878418,9696700.0
2018-06-05,58.86000061035156,59.599998474121094,58.7599983215332,58.97999954223633,48.504764556884766,6562700.0
2018-06-06,59.2599983215332,59.849998474121094,59.11000061035156,59.84000015258789,49.21202850341797,6236700.0
2018-06-07,62.0,62.650001525878906,60.220001220703125,60.63999938964844,49.86994171142578,14786100.0
2018-06-08,60.25,60.619998931884766,59.810001373291016,60.2599983215332,49.55742645263672,7035300.0
2018-06-11,60.16999816894531,60.41999816894531,59.81999969482422,59.93000030517578,49.286041259765625,7369500.0
2018-06-12,60.11000061035156,60.380001068115234,59.54999923706055,59.790000915527344,49.17090606689453,7153500.0
2018-06-13,59.66999816894531,60.22999954223633,59.119998931884766,59.220001220703125,48.702152252197266,9676300.0
2018-06-14,59.290000915527344,59.70000076293945,58.95000076293945,59.459999084472656,48.89951705932617,8372900.0
2018-06-15,59.869998931884766,59.95000076293945,58.91999816894531,59.86000061035156,49.22846603393555,13804900.0
2018-06-18,59.310001373291016,59.369998931884766,58.91999816894531,59.20000076293945,48.68570709228515,6946600.0
2018-06-19,58.279998779296875,58.7400016784668,57.849998474121094,58.70000076293945,48.274505615234375,7958300.0
2018-06-20,59.18000030517578,59.20000076293945,58.310001373291016,58.790000915527344,48.34851837158203,6526400.0
2018-06-21,59.209999084472656,59.209999084472656,58.38999938964844,58.75,48.31562042236328,6605400.0
2018-06-22,58.779998779296875,59.099998474121094,58.43000030517578,58.5,48.11001205444336,8074100.0
2018-06-25,58.09000015258789,58.13999938964844,56.61000061035156,57.04999923706055,46.91754531860352,8635900.0
2018-06-26,57.08000183105469,57.150001525878906,56.310001373291016,56.45000076293945,46.42411804199219,8934700.0
2018-06-27,56.54999923706055,57.529998779296875,55.13999938964844,55.16999816894531,45.3714485168457,11832400.0
2018-06-28,55.119998931884766,56.459999084472656,55.09000015258789,55.900001525878906,45.9718017578125,11723600.0
2018-06-29,56.130001068115234,56.86000061035156,56.08000183105469,56.119998931884766,46.15272521972656,11274000.0
2018-07-02,55.400001525878906,56.220001220703125,55.119998931884766,56.18000030517578,46.20206832885742,7299900.0
2018-07-03,56.40999984741211,56.529998779296875,55.25,55.33000183105469,45.503028869628906,3618900.0
2018-07-05,55.70000076293945,57.43000030517578,55.650001525878906,57.380001068115234,47.18893814086914,11728300.0
2018-07-06,57.459999084472656,58.06999969482422,57.029998779296875,57.84000015258789,47.56724548339844,8806200.0
2018-07-09,58.060001373291016,58.310001373291016,57.22999954223633,58.040000915527344,47.73171615600586,4577100.0
2018-07-10,58.060001373291016,58.470001220703125,57.95000076293945,58.369998931884766,48.00311279296875,6848900.0
2018-07-11,57.43000030517578,58.0099983215332,56.7400016784668,57.29999923706055,47.123146057128906,8702000.0
2018-07-12,57.849998474121094,58.4900016784668,57.310001373291016,58.31999969482422,47.96199035644531,8426400.0
2018-07-13,58.25,58.779998779296875,58.18000030517578,58.38999938964844,48.019554138183594,5266100.0
2018-07-16,58.41999816894531,58.84000015258789,58.060001373291016,58.349998474121094,47.98666000366211,5907100.0
2018-07-17,57.91999816894531,58.90999984741211,57.619998931884766,58.90999984741211,48.44720458984375,7560300.0
2018-07-18,59.0,59.0,58.369998931884766,58.7599983215332,48.3238410949707,6795100.0
2018-07-19,58.709999084472656,59.59000015258789,58.650001525878906,59.310001373291016,48.776161193847656,8150200.0
2018-07-20,58.97999954223633,59.18000030517578,58.400001525878906,58.61000061035156,48.20048141479492,10859700.0
2018-07-23,58.400001525878906,59.209999084472656,57.81999969482422,59.08000183105469,48.58702087402344,8011800.0
2018-07-24,59.349998474121094,59.619998931884766,58.45000076293945,58.849998474121094,48.397850036621094,6637600.0
2018-07-25,58.54999923706055,59.5,57.7599983215332,59.41999816894531,48.86662292480469,13143100.0
2018-07-26,63.04999923706055,63.7599983215332,61.2599983215332,63.58000183105469,52.28778076171875,31025100.0
2018-07-27,63.220001220703125,63.5099983215332,62.220001220703125,62.689998626708984,51.55584716796875,13488800.0
2018-07-30,62.650001525878906,62.97999954223633,61.93000030517578,62.040000915527344,51.02130126953125,9547700.0
2018-07-31,63.83000183105469,64.66000366210938,63.5,64.08999633789062,52.70719528198242,22350800.0
2018-08-01,63.54999923706055,64.87000274658203,63.54999923706055,64.3499984741211,52.92102813720703,10706200.0
2018-08-02,63.959999084472656,65.04000091552734,63.63999938964844,64.7699966430664,53.26641845703125,10618500.0
2018-08-03,64.73999786376953,65.61000061035156,64.66999816894531,65.4000015258789,53.7845344543457,7809400.0
2018-08-06,65.86000061035156,66.0199966430664,65.33000183105469,65.7300033569336,54.055946350097656,10878400.0
2018-08-07,65.93000030517578,65.93000030517578,65.25,65.44000244140625,53.81744766235352,7810900.0
2018-08-08,65.20999908447266,65.55000305175781,65.12000274658203,65.16000366210938,53.58716583251953,7912200.0
2018-08-09,65.0999984741211,65.30000305175781,64.91999816894531,65.08000183105469,53.521366119384766,6629700.0
2018-08-10,64.6500015258789,64.94000244140625,64.48999786376953,64.81999969482422,53.30754852294922,8736000.0
2018-08-13,65.1500015258789,65.2300033569336,64.6500015258789,64.83999633789062,53.32400131225586,7092400.0
2018-08-14,65.08999633789062,65.62000274658203,64.7699966430664,65.43000030517578,53.809207916259766,7844200.0
2018-08-15,65.13999938964844,65.81999969482422,64.55000305175781,65.68000030517578,54.01479721069336,13524800.0
2018-08-16,65.86000061035156,66.0999984741211,65.52999877929688,65.76000213623047,54.08059310913086,9958800.0
2018-08-17,65.5,66.19000244140625,65.12000274658203,66.05999755859375,54.32732009887695,15170500.0
2018-08-20,66.33000183105469,66.58999633789062,65.73999786376953,66.16000366210938,54.40955352783203,13966900.0
2018-08-21,66.08999633789062,66.77999877929688,66.02999877929688,66.55000305175781,54.73027801513672,12181400.0
2018-08-22,66.22000122070312,67.08000183105469,66.20999908447266,66.83999633789062,54.96878433227539,13860300.0
2018-08-23,66.9800033569336,67.29000091552734,66.80000305175781,66.86000061035156,54.985233306884766,12038100.0
2018-08-24,67.0,67.36000061035156,66.94000244140625,67.1500015258789,55.22373580932617,16001400.0
2018-08-27,67.37000274658203,67.4800033569336,67.22000122070312,67.33999633789062,55.37997817993164,12578000.0
2018-08-28,68.55999755859375,70.48999786376953,67.91999816894531,69.77999877929688,57.38661575317383,24952700.0
2018-08-29,69.66999816894531,70.06999969482422,69.13999938964844,69.19999694824219,56.90962219238281,11874300.0
2018-08-30,68.97000122070312,69.16000366210938,68.0,68.13999938964844,56.037899017333984,12027500.0
2018-08-31,67.98999786376953,69.0,67.94000244140625,68.70999908447266,56.50665664672851,11166900.0
2018-09-04,68.73999786376953,70.11000061035156,68.70999908447266,69.9800033569336,58.07512664794922,13024100.0
2018-09-05,69.80000305175781,71.06999969482422,69.30999755859375,70.88999938964844,58.83033752441406,15310700.0
2018-09-06,70.8499984741211,71.3499984741211,70.19000244140625,70.36000061035156,58.390480041503906,11997700.0
2018-09-07,69.83999633789062,70.62000274658203,69.61000061035156,70.37999725341797,58.40708923339844,24421900.0
2018-09-10,70.66999816894531,72.75,70.5,72.31999969482422,60.01708221435547,14636000.0
2018-09-11,71.83999633789062,72.66000366210938,71.80999755859375,72.51000213623047,60.17473220825195,9501100.0
2018-09-12,72.08999633789062,72.5,70.0199966430664,71.75,59.54403305053711,12638300.0
2018-09-13,73.68000030517578,75.36000061035156,73.4800033569336,74.61000061035156,61.91749954223633,24617700.0
2018-09-14,74.52999877929688,76.04000091552734,74.41000366210938,75.08999633789062,62.31585311889648,13450700.0
2018-09-17,74.83999633789062,75.27999877929688,73.11000061035156,73.23999786376953,60.780548095703125,11558300.0
2018-09-18,73.80000305175781,76.5,73.51000213623047,74.72000122070312,62.00879669189453,11692000.0
2018-09-19,75.37000274658203,75.37000274658203,73.7699966430664,74.05999755859375,61.461036682128906,12383200.0
2018-09-20,74.4800033569336,75.11000061035156,74.20999908447266,74.5999984741211,61.909183502197266,12013900.0
2018-09-21,74.83000183105469,74.87000274658203,73.12999725341797,73.69999694824219,61.16229248046875,23465400.0
2018-09-24,73.08000183105469,73.8499984741211,72.80000305175781,73.58000183105469,61.06271743774414,15446100.0
2018-09-25,72.63999938964844,73.56999969482422,72.58000183105469,72.73999786376953,60.365604400634766,20741900.0
2018-09-26,72.68000030517578,73.26000213623047,71.58000183105469,71.76000213623047,59.55231094360352,11306000.0
2018-09-27,72.18000030517578,72.68000030517578,71.47000122070312,71.70999908447266,59.51084518432617,12498300.0
2018-09-28,71.51000213623047,73.26000213623047,71.25,72.02999877929688,59.776397705078125,20080800.0
2018-10-01,72.45999908447266,73.43000030517578,72.0999984741211,72.5999984741211,60.24944305419922,9340200.0
2018-10-02,72.4000015258789,73.91000366210938,72.2699966430664,73.3499984741211,60.8718147277832,9221200.0
2018-10-03,73.58999633789062,73.88999938964844,72.58999633789062,72.63999938964844,60.28263092041016,7079800.0
2018-10-04,72.0,72.69999694824219,71.86000061035156,72.37999725341797,60.066856384277344,8599500.0
2018-10-05,72.38999938964844,72.66000366210938,70.55000305175781,71.20999908447266,59.09590148925781,23411300.0
2018-10-08,70.77999877929688,71.5999984741211,70.55999755859375,70.93000030517578,58.863529205322266,10104600.0
2018-10-09,70.76000213623047,70.95999908447266,70.08999633789062,70.12999725341797,58.19962692260742,10329200.0
2018-10-10,68.7699966430664,69.55999755859375,66.62000274658203,66.7300033569336,55.378028869628906,22296800.0
2018-10-11,66.3499984741211,66.98999786376953,63.61000061035156,64.29000091552734,53.35311126708984,25852600.0
2018-10-12,65.55000305175781,65.6500015258789,63.27000045776367,64.29000091552734,53.35311126708984,15760900.0
2018-10-15,64.2300033569336,65.19999694824219,64.01000213623047,64.16999816894531,53.25352478027344,12314700.0
2018-10-16,64.77999877929688,66.38999938964844,64.62000274658203,66.12000274658203,54.87178421020508,15931400.0
2018-10-17,66.37999725341797,66.61000061035156,65.29000091552734,66.0999984741211,54.85519027709961,14779100.0
2018-10-18,65.68000030517578,66.31999969482422,64.87000274658203,65.1500015258789,54.06680679321289,12218600.0
2018-10-19,65.44999694824219,66.20999908447266,65.0,65.36000061035156,54.24108123779297,10673000.0
2018-10-22,65.69000244140625,66.5999984741211,65.22000122070312,66.12000274658203,54.87178421020508,12890400.0
2018-10-23,63.65999984741211,66.91999816894531,63.56999969482422,66.37999725341797,55.08755874633789,13441000.0
2018-10-24,65.87000274658203,66.38999938964844,62.5,62.619998931884766,51.96720504760742,23384300.0
2018-10-25,63.810001373291016,63.83000183105469,62.349998474121094,63.20000076293945,52.44853591918945,20385700.0
2018-10-26,61.5,63.63999938964844,61.18000030517578,62.47999954223633,51.85102462768555,17049300.0
2018-10-29,63.5,63.689998626708984,61.27000045776367,62.16999816894531,51.59375762939453,14778300.0
2018-10-30,62.36000061035156,63.720001220703125,62.16999816894531,63.18000030517578,52.43193435668945,18865300.0
2018-10-31,62.90999984741211,63.52000045776367,62.06999969482422,62.88999938964844,52.191280364990234,12917500.0
2018-11-01,63.20000076293945,64.30999755859375,62.880001068115234,63.709999084472656,52.87177276611328,11003900.0
2018-11-02,63.939998626708984,63.959999084472656,62.34000015258789,63.33000183105469,52.55642318725586,13707900.0
2018-11-05,63.08000183105469,63.79999923706055,62.65999984741211,63.470001220703125,52.672603607177734,13373800.0
2018-11-06,63.349998474121094,64.33999633789062,62.40999984741211,63.630001068115234,52.80537796020508,8774100.0
2018-11-07,63.5,63.75,62.279998779296875,63.209999084472656,52.45684051513672,18493500.0
2018-11-08,58.0,60.150001525878906,57.599998474121094,58.04999923706055,48.17464065551758,32155200.0
2018-11-09,57.779998779296875,58.2400016784668,56.189998626708984,56.720001220703125,47.07090377807617,21745200.0
2018-11-12,56.369998931884766,56.5,54.43000030517578,54.4900016784668,45.22026062011719,24447800.0
2018-11-13,54.7400016784668,55.4900016784668,54.04999923706055,54.15999984741211,44.94640350341797,20883800.0
2018-11-14,54.84000015258789,54.88999938964844,53.66999816894531,53.939998626708984,44.763824462890625,14071900.0
2018-11-15,53.83000183105469,55.540000915527344,53.529998779296875,55.38999938964844,45.967159271240234,18856300.0
2018-11-16,55.119998931884766,57.040000915527344,54.9900016784668,55.880001068115234,46.373802185058594,57303300.0
2018-11-19,55.849998474121094,56.619998931884766,54.869998931884766,54.900001525878906,45.56052017211914,20321400.0
2018-11-20,54.20000076293945,55.43000030517578,54.06999969482422,54.91999816894531,45.577110290527344,20658300.0
2018-11-21,55.209999084472656,56.5,55.18000030517578,55.27000045776367,45.86757278442383,13015500.0
2018-11-23,54.77000045776367,55.75,54.75,55.25,45.85097885131836,4671900.0
2018-11-26,55.790000915527344,56.380001068115234,55.18000030517578,55.72999954223633,46.249324798583984,10373700.0
2018-11-27,55.59000015258789,56.22999954223633,55.349998474121094,55.56999969482422,46.11654281616211,9719000.0
2018-11-28,55.88999938964844,56.720001220703125,54.689998626708984,56.650001525878906,47.012813568115234,17483500.0
2018-11-29,57.88999938964844,59.04999923706055,57.77000045776367,58.11000061035156,48.22443389892578,26949000.0
2018-11-30,58.220001220703125,58.470001220703125,57.02000045776367,58.2599983215332,48.348915100097656,18197800.0
2018-12-03,60.5099983215332,60.5099983215332,58.400001525878906,59.13999938964844,49.079219818115234,17114500.0
2018-12-04,58.9900016784668,59.47999954223633,57.220001220703125,57.72999954223633,47.909080505371094,15836500.0
2018-12-06,56.0099983215332,57.209999084472656,55.689998626708984,57.11000061035156,47.90909194946289,18203300.0
2018-12-07,56.61000061035156,57.119998931884766,55.72999954223633,55.9900016784668,46.96952819824219,17054700.0
2018-12-10,57.77000045776367,58.25,56.63999938964844,57.2400016784668,48.01812744140625,20484900.0
2018-12-11,58.45000076293945,58.65999984741211,56.83000183105469,57.349998474121094,48.11041259765625,13116300.0
2018-12-12,58.439998626708984,58.58000183105469,57.529998779296875,57.720001220703125,48.42080307006836,13246500.0
2018-12-13,58.13999938964844,58.380001068115234,57.560001373291016,58.09000015258789,48.73119354248047,8949900.0
2018-12-14,57.560001373291016,59.0,57.36000061035156,57.619998931884766,48.33689880371094,13551000.0
2018-12-17,57.59000015258789,58.34000015258789,56.66999816894531,57.0,47.816802978515625,16648200.0
2018-12-18,57.689998626708984,58.540000915527344,57.400001525878906,57.779998779296875,48.47114562988281,12384200.0
2018-12-19,57.540000915527344,58.5,56.060001373291016,56.689998626708984,47.55675506591797,17376400.0
2018-12-20,57.220001220703125,57.939998626708984,56.060001373291016,56.369998931884766,47.288299560546875,21742300.0
2018-12-21,56.2599983215332,57.279998779296875,54.689998626708984,54.849998474121094,46.01318359375,38202300.0
2018-12-24,53.70000076293945,54.88999938964844,53.56999969482422,53.650001525878906,45.00651168823242,8275000.0
2018-12-26,54.25,56.0,53.5099983215332,55.959999084472656,46.94435501098633,18451600.0
2018-12-27,55.540000915527344,56.38999938964844,54.77000045776367,56.09000015258789,47.05341339111328,15804800.0
2018-12-28,56.33000183105469,57.529998779296875,56.2400016784668,56.810001373291016,47.657413482666016,12749600.0
2018-12-31,57.119998931884766,57.40999984741211,56.279998779296875,56.90999984741211,47.74130630493164,8877000.0
2019-01-02,56.20000076293945,58.0,55.91999816894531,57.400001525878906,48.15235900878906,9896600.0
2019-01-03,55.95000076293945,56.84000015258789,55.52000045776367,55.70000076293945,46.72624206542969,14422200.0
2019-01-04,56.5,56.83000183105469,55.209999084472656,56.599998474121094,47.48125076293945,14177300.0
2019-01-07,56.38999938964844,57.15999984741211,55.95000076293945,56.439998626708984,47.34701919555664,12352000.0
2019-01-08,56.709999084472656,56.880001068115234,55.61000061035156,55.95000076293945,46.93597030639648,12110000.0
2019-01-09,56.2599983215332,57.11000061035156,56.13999938964844,56.61000061035156,47.48963165283203,10971000.0
2019-01-10,56.189998626708984,56.9900016784668,56.099998474121094,56.79999923706055,47.649024963378906,10958200.0
2019-01-11,56.470001220703125,58.16999816894531,56.33000183105469,57.5,48.23624420166016,12024300.0
2019-01-14,57.02000045776367,57.650001525878906,56.369998931884766,57.29999923706055,48.0684814453125,9449400.0
2019-01-15,57.31999969482422,57.400001525878906,55.560001373291016,55.72999954223633,46.751407623291016,17423400.0
2019-01-16,55.75,56.08000183105469,55.15999984741211,55.27000045776367,46.365516662597656,13856000.0
2019-01-17,54.970001220703125,55.20000076293945,54.369998931884766,54.77000045776367,45.94607162475586,18365000.0
2019-01-18,55.38999938964844,55.900001525878906,54.9900016784668,55.27000045776367,46.365516662597656,28020000.0
2019-01-22,54.970001220703125,54.9900016784668,53.939998626708984,54.290000915527344,45.54341125488281,17867500.0
2019-01-23,52.91999816894531,53.56999969482422,51.220001220703125,51.77000045776367,43.42940902709961,33788600.0
2019-01-24,51.95000076293945,51.97999954223633,50.40999984741211,50.810001373291016,42.62406539916992,32782700.0
2019-01-25,50.93000030517578,52.029998779296875,50.279998779296875,51.29999923706055,43.03511428833008,19516200.0
2019-01-28,50.31999969482422,51.290000915527344,50.2400016784668,50.63999938964844,42.4814567565918,24457600.0
2019-01-29,50.4900016784668,50.84000015258789,49.34000015258789,49.400001525878906,41.44123458862305,26266600.0
2019-01-30,49.68000030517578,50.869998931884766,49.209999084472656,50.16999816894531,42.0871696472168,18124100.0
2019-01-31,51.20000076293945,51.279998779296875,49.099998474121094,49.52000045776367,41.541893005371094,24736300.0
2019-02-01,49.58000183105469,50.279998779296875,49.400001525878906,49.61000061035156,41.617401123046875,15533200.0
2019-02-04,49.709999084472656,49.79999923706055,49.470001220703125,49.689998626708984,41.68450927734375,10880000.0
2019-02-05,49.72999954223633,51.08000183105469,49.720001220703125,50.72999954223633,42.55694961547851,15454200.0
2019-02-06,50.939998626708984,51.63999938964844,50.93000030517578,51.099998474121094,42.867340087890625,11052900.0
2019-02-07,50.83000183105469,51.119998931884766,50.27000045776367,50.54999923706055,42.40595245361328,10623300.0
2019-02-08,50.2400016784668,50.68000030517578,49.90999984741211,50.290000915527344,42.187843322753906,12461200.0
2019-02-11,50.54999923706055,51.29999923706055,50.380001068115234,50.83000183105469,42.640838623046875,9971800.0
2019-02-12,51.29999923706055,52.18000030517578,51.02000045776367,51.65999984741211,43.337127685546875,16637600.0
2019-02-13,52.0,52.4900016784668,51.560001373291016,51.59000015258789,43.27840805053711,11004000.0
2019-02-14,51.5,51.77000045776367,51.09000015258789,51.56999969482422,43.261627197265625,17895000.0
2019-02-15,52.08000183105469,52.36000061035156,51.599998474121094,51.97999954223633,43.60556411743164,12239500.0
2019-02-19,52.0,52.47999954223633,51.75,52.0099983215332,43.630733489990234,8258400.0
2019-02-20,52.25,52.91999816894531,52.13999938964844,52.45000076293945,43.999847412109375,12863700.0
2019-02-21,52.5,52.59000015258789,51.900001525878906,52.349998474121094,43.915958404541016,7826200.0
2019-02-22,52.689998626708984,53.150001525878906,52.63999938964844,53.119998931884766,44.56189727783203,13394500.0
2019-02-25,53.779998779296875,53.970001220703125,52.900001525878906,52.9900016784668,44.452857971191406,15341700.0
2019-02-26,53.08000183105469,53.220001220703125,52.279998779296875,53.029998779296875,44.48639678955078,11366700.0
2019-02-27,52.95000076293945,53.130001068115234,52.27000045776367,53.040000915527344,44.49479293823242,10426200.0
2019-02-28,53.0,53.7599983215332,52.709999084472656,53.38999938964844,44.78840637207031,19000200.0
2019-03-01,54.0,54.400001525878906,53.709999084472656,54.20000076293945,45.4679069519043,12659000.0
2019-03-04,54.58000183105469,54.70000076293945,53.2599983215332,53.779998779296875,45.115570068359375,14021700.0
2019-03-05,53.900001525878906,54.22999954223633,53.70000076293945,53.939998626708984,45.249786376953125,10092800.0
2019-03-06,53.88999938964844,55.459999084472656,53.72999954223633,54.79999923706055,46.50579071044922,20521300.0
2019-03-07,54.83000183105469,55.04999923706055,53.61000061035156,54.029998779296875,45.85233688354492,13667300.0
2019-03-08,53.45000076293945,53.630001068115234,53.029998779296875,53.529998779296875,45.428009033203125,10117100.0
2019-03-11,53.720001220703125,54.75,53.650001525878906,54.349998474121094,46.1239013671875,10738800.0
2019-03-12,54.65999984741211,55.310001373291016,54.540000915527344,54.84000015258789,46.53973007202149,9575300.0
2019-03-13,55.029998779296875,55.939998626708984,55.0,55.38999938964844,47.00649642944336,9198900.0
2019-03-14,55.529998779296875,55.869998931884766,55.25,55.400001525878906,47.01498031616211,7306100.0
2019-03-15,55.0,57.34000015258789,54.91999816894531,56.599998474121094,48.033355712890625,27985600.0
2019-03-18,56.619998931884766,57.189998626708984,56.439998626708984,56.83000183105469,48.228546142578125,13089300.0
2019-03-19,57.16999816894531,57.68000030517578,56.779998779296875,56.970001220703125,48.34734725952149,9363700.0
2019-03-20,57.029998779296875,57.689998626708984,56.75,57.15999984741211,48.50859069824219,8804800.0
2019-03-21,57.22999954223633,58.279998779296875,57.20000076293945,57.77000045776367,49.026275634765625,19542700.0
2019-03-22,57.68000030517578,58.09000015258789,56.75,56.81999969482422,48.220062255859375,10243500.0
2019-03-25,56.58000183105469,56.939998626708984,56.06999969482422,56.63999938964844,48.06729507446289,6929600.0
2019-03-26,57.150001525878906,58.38999938964844,56.66999816894531,58.0,49.221458435058594,16051800.0
2019-03-27,57.349998474121094,57.66999816894531,56.31999969482422,56.90999984741211,48.29643249511719,11934400.0
2019-03-28,57.029998779296875,57.38999938964844,56.34000015258789,56.54999923706055,47.99091720581055,11064300.0
2019-03-29,57.0,57.560001373291016,56.939998626708984,57.029998779296875,48.39827346801758,8529100.0
2019-04-01,57.63999938964844,58.150001525878906,57.11000061035156,57.810001373291016,49.06021881103515,12066500.0
2019-04-02,57.97999954223633,58.529998779296875,57.65999984741211,58.09000015258789,49.297847747802734,7614500.0
2019-04-03,58.20000076293945,58.290000915527344,57.18000030517578,57.68000030517578,48.94988632202149,11563400.0
2019-04-04,57.75,58.61000061035156,57.689998626708984,57.86000061035156,49.1026496887207,9905100.0
2019-04-05,57.97999954223633,58.189998626708984,57.689998626708984,57.9900016784668,49.21297454833984,12332600.0
2019-04-08,57.790000915527344,58.4900016784668,57.5099983215332,57.7599983215332,49.01778793334961,8942400.0
2019-04-09,57.56999969482422,57.65999984741211,57.029998779296875,57.439998626708984,48.7462158203125,11713400.0
2019-04-10,57.709999084472656,57.86000061035156,56.099998474121094,56.33000183105469,47.80421829223633,15976500.0
2019-04-11,56.439998626708984,56.900001525878906,55.790000915527344,55.900001525878906,47.439308166503906,13903800.0
2019-04-12,56.279998779296875,57.16999816894531,56.06999969482422,56.95000076293945,48.33037567138672,13483500.0
2019-04-15,57.13999938964844,57.66999816894531,57.029998779296875,57.18000030517578,48.525577545166016,10712500.0
2019-04-16,57.459999084472656,71.02999877929688,57.290000915527344,70.44999694824219,59.787086486816406,86755900.0
2019-04-17,78.81999969482422,82.5199966430664,76.48999786376953,79.08000183105469,67.11092376708984,156019300.0
2019-04-18,78.72000122070312,80.19999694824219,78.0199966430664,79.88999938964844,67.79832458496094,41621200.0
2019-04-22,79.83000183105469,82.5,79.33999633789062,81.97000122070312,69.5634994506836,33292500.0
2019-04-23,83.9000015258789,87.95999908447266,83.2699966430664,86.72000122070312,73.59456634521484,56973700.0
2019-04-24,87.04000091552734,88.62999725341797,85.30000305175781,86.83000183105469,73.68793487548828,40290400.0
2019-04-25,86.16999816894531,86.31999969482422,84.5199966430664,85.06999969482422,72.19430541992188,20732200.0
2019-04-26,84.51000213623047,86.76000213623047,84.20999908447266,86.63999938964844,73.52667236328125,18860600.0
2019-04-29,86.4000015258789,87.9800033569336,85.83999633789062,87.25,74.04434204101562,17930000.0
2019-04-30,86.9800033569336,87.45999908447266,86.05000305175781,86.12999725341797,73.0938491821289,17582400.0
2019-05-01,87.16999816894531,88.22000122070312,86.1500015258789,86.37000274658203,73.29753112792969,28211500.0
2019-05-02,87.5,90.33999633789062,86.1500015258789,87.13999938964844,73.95101165771484,40342000.0
2019-05-03,87.76000213623047,89.81999969482422,87.05999755859375,89.29000091552734,75.77560424804688,21068400.0
2019-05-06,86.33000183105469,88.69999694824219,86.13999938964844,88.25,74.89300537109375,15682100.0
2019-05-07,87.19999694824219,88.1500015258789,84.77999877929688,85.19999694824219,72.30464172363281,21579500.0
2019-05-08,84.8499984741211,85.72000122070312,84.11000061035156,84.54000091552734,71.74453735351562,15500700.0
2019-05-09,83.37000274658203,84.83999633789062,82.26000213623047,83.77999877929688,71.09957885742188,14516000.0
2019-05-10,83.37999725341797,86.33000183105469,83.3499984741211,85.83999633789062,72.8477554321289,15955600.0
2019-05-13,83.23999786376953,84.8499984741211,82.98999786376953,83.88999938964844,71.19287872314453,16689000.0
2019-05-14,84.2699966430664,86.44000244140625,84.0,86.12999725341797,73.0938491821289,14353700.0
2019-05-15,85.55000305175781,87.0,84.88999938964844,86.26000213623047,73.20417785644531,11784800.0
2019-05-16,83.79000091552734,84.80000305175781,82.12999725341797,82.80999755859375,70.27635192871094,22498800.0
2019-05-17,80.48999786376953,83.12000274658203,80.0,81.5,69.16464233398438,19523400.0
2019-05-20,77.94999694824219,78.33000183105469,76.06999969482422,76.62000274658203,65.02323913574219,32679300.0
2019-05-21,78.91000366210938,79.04000091552734,77.22000122070312,77.75,65.98220825195312,17282200.0
2019-05-22,69.12999725341797,71.73999786376953,67.97000122070312,69.30999755859375,58.81962585449219,66150700.0
2019-05-23,67.0199966430664,68.2699966430664,65.9000015258789,68.26000213623047,57.928558349609375,31820700.0
2019-05-24,68.93000030517578,69.1500015258789,65.97000122070312,66.20999908447266,56.1888427734375,21420000.0
2019-05-28,66.63999938964844,67.70999908447266,65.23999786376953,65.37000274658203,55.47597885131836,22667300.0
2019-05-29,65.36000061035156,66.1500015258789,64.76000213623047,65.76000213623047,55.80694961547851,16312600.0
2019-05-30,65.97000122070312,67.06999969482422,65.93000030517578,66.58999633789062,56.51131820678711,11554600.0
2019-05-31,65.77999877929688,67.83999633789062,65.52999877929688,66.81999969482422,56.70651626586914,15060300.0
2019-06-03,67.08999633789062,68.12999725341797,66.27999877929688,66.66000366210938,56.57073974609375,13620700.0
2019-06-04,67.61000061035156,68.5,66.69999694824219,68.44999694824219,58.089813232421875,15866700.0
2019-06-05,68.04000091552734,68.33000183105469,65.83000183105469,67.0199966430664,57.3961296081543,11779200.0
2019-06-06,66.91999816894531,67.97000122070312,66.2699966430664,67.58999633789062,57.884273529052734,10781700.0
2019-06-07,67.69000244140625,68.77999877929688,67.30000305175781,68.69000244140625,58.826290130615234,10495600.0
2019-06-10,69.0,71.45999908447266,69.0,70.54000091552734,60.4106559753418,15229200.0
2019-06-11,71.58000183105469,72.22000122070312,70.2699966430664,71.23999786376953,61.01013946533203,11839500.0
2019-06-12,69.52999877929688,70.37000274658203,69.19999694824219,69.58999633789062,59.59708023071289,9396200.0
2019-06-13,69.97000122070312,70.48999786376953,69.37999725341797,69.93000030517578,59.88825988769531,6790500.0
2019-06-14,68.3499984741211,69.12000274658203,67.9000015258789,68.72000122070312,58.852012634277344,12119500.0
2019-06-17,69.08999633789062,69.9800033569336,68.9000015258789,69.11000061035156,59.186004638671875,9411100.0
2019-06-18,69.69000244140625,72.38999938964844,69.66999816894531,71.95999908447266,61.62675094604492,14508000.0
2019-06-19,72.37000274658203,72.62000274658203,70.80000305175781,71.80000305175781,61.48973083496094,11999300.0
2019-06-20,73.19000244140625,73.66999816894531,72.2300033569336,72.73999786376953,62.29475784301758,9871800.0
2019-06-21,72.30999755859375,73.16999816894531,72.30999755859375,72.72000122070312,62.27761459350586,15244500.0
2019-06-24,72.97000122070312,73.44999694824219,72.19999694824219,73.16000366210938,62.654422760009766,8893000.0
2019-06-25,73.2300033569336,74.13999938964844,72.5199966430664,72.55000305175781,62.13203430175781,8953400.0
2019-06-26,73.76000213623047,75.69000244140625,73.6500015258789,74.94999694824219,64.18739318847656,13808000.0
2019-06-27,75.33999633789062,75.9000015258789,75.16999816894531,75.43000030517578,64.59846496582031,11151900.0
2019-06-28,75.66000366210938,76.44000244140625,74.80999755859375,76.06999969482422,65.14657592773438,29217500.0
2019-07-01,80.66999816894531,80.76000213623047,77.08000183105469,77.5199966430664,66.38835144042969,17693000.0
2019-07-02,77.27999877929688,77.4800033569336,76.62000274658203,77.01000213623047,65.95158386230469,7075600.0
2019-07-03,77.06999969482422,77.2300033569336,76.05000305175781,76.62999725341797,65.62615966796875,5290400.0
2019-07-05,74.19999694824219,76.72000122070312,74.0999984741211,76.66000366210938,65.65181732177734,9220800.0
2019-07-08,75.9800033569336,77.02999877929688,75.93000030517578,76.62999725341797,65.62615966796875,7924900.0
2019-07-09,76.44000244140625,76.83999633789062,75.83999633789062,76.55000305175781,65.55766296386719,7506500.0
2019-07-10,76.83000183105469,76.91000366210938,74.08000183105469,74.36000061035156,63.682125091552734,15075700.0
2019-07-11,74.5199966430664,75.77999877929688,73.30000305175781,73.70999908447266,63.12544631958008,14298400.0
2019-07-12,74.25,74.9800033569336,73.66000366210938,74.9000015258789,64.14457702636719,8028100.0
2019-07-15,75.1500015258789,75.9000015258789,74.79000091552734,75.43000030517578,64.59846496582031,8898200.0
2019-07-16,75.11000061035156,76.5,74.55000305175781,75.66999816894531,64.80401611328125,9909600.0
2019-07-17,78.56999969482422,79.4000015258789,75.70999908447266,75.76000213623047,64.88107299804688,20602300.0
2019-07-18,74.97000122070312,75.3499984741211,74.05000305175781,74.37000274658203,63.6906852722168,12580800.0
2019-07-19,74.41999816894531,75.70999908447266,74.41999816894531,75.0,64.23021697998047,14477400.0
2019-07-22,75.05999755859375,76.62000274658203,75.05999755859375,75.94999694824219,65.04380798339844,9645800.0
2019-07-23,75.33999633789062,75.58999633789062,73.30999755859375,74.12000274658203,63.47657775878906,14420400.0
2019-07-24,74.01000213623047,76.41999816894531,73.68000030517578,75.87000274658203,64.97528076171875,14012700.0
2019-07-25,75.83999633789062,76.13999938964844,75.0999984741211,75.3499984741211,64.52993774414062,7299500.0
2019-07-26,75.11000061035156,75.8499984741211,74.8499984741211,75.22000122070312,64.41864776611328,8262500.0
2019-07-29,75.16000366210938,76.31999969482422,74.66999816894531,74.97000122070312,64.20452117919922,8237500.0
2019-07-30,74.58000183105469,75.06999969482422,74.36000061035156,74.80999755859375,64.06748962402344,7397900.0
2019-07-31,74.83000183105469,75.27999877929688,72.76000213623047,73.16000366210938,62.654422760009766,14052800.0
2019-08-01,68.87999725341797,73.70999908447266,68.25,71.19999694824219,60.97588348388672,29729800.0
2019-08-02,70.44000244140625,71.52999877929688,70.01000213623047,71.1500015258789,60.933082580566406,12649400.0
2019-08-05,69.97000122070312,70.83999633789062,68.55999755859375,68.80000305175781,58.9205207824707,13071800.0
2019-08-06,69.5199966430664,69.93000030517578,67.37999725341797,68.16999816894531,58.38100051879883,13189900.0
2019-08-07,67.26000213623047,69.5999984741211,67.12000274658203,69.4000015258789,59.434349060058594,8934900.0
2019-08-08,69.55999755859375,71.3499984741211,69.3499984741211,71.26000213623047,61.02727508544922,8367900.0
2019-08-09,70.51000213623047,72.19000244140625,70.19000244140625,71.5,61.2327995300293,8702200.0
2019-08-12,71.0,71.4800033569336,69.7300033569336,69.80000305175781,59.77692413330078,7364300.0
2019-08-13,69.88999938964844,72.47000122070312,69.30999755859375,72.18000030517578,61.81515884399414,10134800.0
2019-08-14,70.63999938964844,71.88999938964844,70.55000305175781,70.87999725341797,60.70183563232422,10336900.0
2019-08-15,71.44000244140625,72.19000244140625,70.58999633789062,71.16000366210938,60.941627502441406,9107000.0
2019-08-16,71.8499984741211,73.41000366210938,71.7300033569336,73.27999877929688,62.75720977783203,10090600.0
2019-08-19,74.58000183105469,75.52999877929688,74.13999938964844,74.87000274658203,64.1188735961914,9688400.0
2019-08-20,74.56999969482422,76.44000244140625,74.33000183105469,76.06999969482422,65.14657592773438,9387300.0
2019-08-21,76.5,77.19000244140625,75.98999786376953,76.69999694824219,65.68608856201172,11004100.0
2019-08-22,76.91000366210938,77.94999694824219,76.5999984741211,77.1500015258789,66.07147979736328,7198800.0
2019-08-23,76.12000274658203,79.0999984741211,73.22000122070312,73.5199966430664,62.96274185180664,16479400.0
2019-08-26,74.9000015258789,75.08999633789062,72.5199966430664,72.91000366210938,62.44034576416016,11153800.0
2019-08-27,73.68000030517578,74.37999725341797,73.19999694824219,73.97000122070312,63.34812545776367,7303100.0
2019-08-28,73.79000091552734,74.87999725341797,72.91000366210938,74.3499984741211,63.67354965209961,5678500.0
2019-08-29,75.22000122070312,77.02999877929688,75.22000122070312,76.44999694824219,65.47200012207031,7348400.0
2019-08-30,77.18000030517578,78.05000305175781,77.0,77.7699966430664,66.6024398803711,8465300.0
2019-09-03,76.7699966430664,76.98999786376953,74.69999694824219,75.12000274658203,64.33299255371094,7580700.0
2019-09-04,75.98999786376953,77.12000274658203,75.62999725341797,77.08999633789062,66.02011108398438,4923700.0
2019-09-05,77.88999938964844,80.44000244140625,77.88999938964844,78.98999786376953,67.64727783203125,13480300.0
2019-09-06,78.95999908447266,79.08000183105469,78.44000244140625,78.83999633789062,67.51880645751953,5128000.0
2019-09-09,79.04000091552734,79.44999694824219,77.97000122070312,78.20999908447266,66.979248046875,6885100.0
2019-09-10,78.02999877929688,78.87999725341797,77.33999633789062,78.70999908447266,67.40746307373047,9373900.0
2019-09-11,78.16999816894531,79.91000366210938,78.12000274658203,79.9000015258789,68.96987915039062,6575700.0
2019-09-12,80.05000305175781,80.05000305175781,78.58000183105469,79.08000183105469,68.26203918457031,5847100.0
2019-09-13,79.18000030517578,79.54000091552734,78.37000274658203,78.41000366210938,67.68368530273438,5343700.0
2019-09-16,77.58000183105469,78.48999786376953,76.91000366210938,78.04000091552734,67.36431121826172,3756500.0
2019-09-17,77.61000061035156,78.79000091552734,77.51000213623047,78.69000244140625,67.92539978027344,4400800.0
2019-09-18,78.69000244140625,79.06999969482422,77.63999938964844,78.9000015258789,68.10667419433594,5147500.0
2019-09-19,79.23999786376953,80.0,78.20999908447266,78.2300033569336,67.52832794189453,5180900.0
2019-09-20,78.19999694824219,78.69999694824219,76.16999816894531,76.44000244140625,65.9831771850586,9122000.0
2019-09-23,76.66999816894531,77.91000366210938,76.05999755859375,77.23999786376953,66.67374420166016,5815700.0
2019-09-24,78.08000183105469,78.30000305175781,74.62999725341797,75.2300033569336,64.93870544433594,10177800.0
2019-09-25,75.02999877929688,77.48999786376953,74.87999725341797,77.26000213623047,66.6910171508789,5571600.0
2019-09-26,77.16000366210938,77.69000244140625,75.94000244140625,77.3499984741211,66.76870727539062,3760300.0
2019-09-27,77.01000213623047,78.19999694824219,76.20999908447266,76.62999725341797,66.14720916748047,5013200.0
2019-09-30,76.88999938964844,76.94999694824219,76.0199966430664,76.27999877929688,65.84508514404297,4775800.0
2019-10-01,77.05999755859375,78.05999755859375,74.97000122070312,75.47000122070312,65.14588165283203,7043700.0
2019-10-02,75.26000213623047,75.70999908447266,73.7699966430664,73.98999786376953,63.86833953857422,5997500.0
2019-10-03,73.93000030517578,75.83000183105469,73.16000366210938,75.7300033569336,65.37031555175781,5419400.0
2019-10-04,76.31999969482422,77.55999755859375,75.83999633789062,77.48999786376953,66.8895492553711,4893600.0
2019-10-07,77.01000213623047,77.55000305175781,76.2699966430664,76.33999633789062,65.89685821533203,4215500.0
2019-10-08,75.5199966430664,75.81999969482422,72.80999755859375,72.8499984741211,62.884281158447266,8489600.0
2019-10-09,73.91000366210938,74.80000305175781,73.55999755859375,74.3499984741211,64.17909240722656,5137500.0
2019-10-10,74.3499984741211,75.97000122070312,74.16999816894531,74.97000122070312,64.71428680419922,5580600.0
2019-10-11,76.19000244140625,77.81999969482422,76.01000213623047,76.69999694824219,66.20760345458984,7280800.0
2019-10-14,76.6500015258789,77.37000274658203,76.27999877929688,76.30000305175781,65.86234283447266,4545300.0
2019-10-15,76.87999725341797,77.9800033569336,76.27999877929688,77.81999969482422,67.1744155883789,5222500.0
2019-10-16,77.48999786376953,78.31999969482422,77.27999877929688,78.2300033569336,67.52832794189453,6218000.0
2019-10-17,78.69999694824219,79.95999908447266,78.4000015258789,78.97000122070312,68.1670913696289,5916700.0
2019-10-18,78.62000274658203,79.22000122070312,77.66999816894531,77.68000030517578,67.05355072021484,6107000.0
2019-10-21,78.37999725341797,79.08999633789062,78.01000213623047,78.9800033569336,68.17572021484375,5119800.0
2019-10-22,78.93000030517578,79.06999969482422,78.23999786376953,78.47000122070312,67.7354736328125,4944500.0
2019-10-23,77.20999908447266,78.12999725341797,76.87000274658203,77.23999786376953,66.67374420166016,5785700.0
2019-10-24,78.05999755859375,79.0199966430664,77.58999633789062,78.98999786376953,68.1843490600586,5271200.0
2019-10-25,79.0,80.2300033569336,78.91000366210938,80.16999816894531,69.20293426513672,6712300.0
2019-10-28,80.55000305175781,83.12999725341797,80.54000091552734,83.05000305175781,71.68894958496094,9949800.0
2019-10-29,82.75,82.8499984741211,81.44000244140625,81.66000366210938,70.48910522460938,4993600.0
2019-10-30,82.0999984741211,82.25,80.8499984741211,81.44000244140625,70.29918670654297,3971000.0
2019-10-31,81.44000244140625,81.47000122070312,79.83999633789062,80.44000244140625,69.43598937988281,5693700.0
2019-11-01,81.58999633789062,83.6500015258789,81.25,83.58000183105469,72.14645385742188,8620300.0
2019-11-04,84.54000091552734,85.87000274658203,84.30999755859375,85.08999633789062,73.44986724853516,8389200.0
2019-11-05,85.19999694824219,85.73999786376953,84.7300033569336,85.45999908447266,73.7692642211914,7280000.0
2019-11-06,85.33999633789062,85.61000061035156,84.22000122070312,84.62999725341797,73.05282592773438,9755300.0
2019-11-07,89.83000183105469,92.5,88.31999969482422,89.9800033569336,77.67095184326172,30254000.0
2019-11-08,89.9800033569336,94.11000061035156,89.5999984741211,94.02999877929688,81.16690826416016,16371300.0
2019-11-11,91.70999908447266,92.5199966430664,90.88999938964844,91.83999633789062,79.27647399902344,11297700.0
2019-11-12,92.18000030517578,92.25,90.16999816894533,90.97000122070312,78.52549743652344,9332100.0
2019-11-13,90.6999969482422,91.9000015258789,89.62000274658203,90.47000122070312,78.09391021728516,9353200.0
2019-11-14,90.30999755859376,90.58000183105467,89.43000030517578,90.4800033569336,78.1025390625,8793600.0
2019-11-15,92.5999984741211,93.94000244140624,90.58000183105467,90.80999755859376,78.38742065429688,25490200.0
2019-11-18,90.80999755859376,91.9800033569336,89.27999877929688,90.4800033569336,78.1025390625,10360500.0
2019-11-19,91.25,91.38999938964844,86.68000030517578,87.95999908447266,75.92727661132812,18091300.0
2019-11-20,87.81999969482422,88.36000061035156,85.30999755859375,85.62000274658203,73.90739440917969,13045100.0
2019-11-21,84.79000091552734,86.30000305175781,84.55000305175781,85.11000061035156,73.46717834472656,10180400.0
2019-11-22,85.29000091552734,85.81999969482422,84.52999877929688,84.88999938964844,73.27727508544922,6166700.0
2019-11-25,85.76000213623047,86.29000091552734,85.08000183105469,85.29000091552734,73.6225357055664,8964100.0
2019-11-26,85.25,85.55000305175781,84.13999938964844,84.62999725341797,73.05282592773438,11584500.0
2019-11-27,85.16000366210938,85.30999755859375,84.47000122070312,84.80000305175781,73.1995620727539,5215000.0
2019-11-29,84.51000213623047,85.0999984741211,83.41999816894531,83.55000305175781,72.12055206298828,3882400.0
2019-12-02,83.9800033569336,84.29000091552734,82.30999755859375,82.44999694824219,71.1710433959961,7668800.0
2019-12-03,81.37999725341797,81.38999938964844,79.80999755859375,80.58000183105469,69.55684661865234,11126100.0
2019-12-04,80.91999816894531,82.44000244140625,80.44999694824219,82.08000183105469,71.40103149414062,8477400.0
2019-12-05,82.6500015258789,83.44000244140625,81.77999877929688,82.58999633789062,71.84465789794922,6358300.0
2019-12-06,83.44999694824219,84.25,83.41999816894531,83.81999969482422,72.91464233398438,6860400.0
2019-12-09,84.0,85.30000305175781,83.83999633789062,84.91999816894531,73.87153625488281,8382900.0
2019-12-10,85.04000091552734,85.33000183105469,83.69000244140625,84.12000274658203,73.17561340332031,8082200.0
2019-12-11,84.83999633789062,87.0999984741211,84.76000213623047,86.98999786376953,75.6722183227539,9571500.0
2019-12-12,86.83999633789062,89.2300033569336,86.37000274658203,89.05000305175781,77.46420288085938,12164600.0
2019-12-13,88.91000366210938,89.69999694824219,87.55999755859375,87.83000183105469,76.40293884277344,12269100.0
2019-12-16,89.27999877929688,90.45999908447266,88.3499984741211,88.43000030517578,76.92485046386719,8719100.0
2019-12-17,89.0,89.04000091552734,87.68000030517578,88.31999969482422,76.82915496826172,7485900.0
2019-12-18,88.54000091552734,88.6500015258789,87.58999633789062,87.9800033569336,76.53340911865234,5860600.0
2019-12-19,88.36000061035156,88.69999694824219,87.62000274658203,88.48999786376953,76.9770736694336,7471400.0
2019-12-20,88.81999969482422,89.8499984741211,88.18000030517578,88.8499984741211,77.29020690917969,17538000.0
2019-12-23,89.01000213623047,89.33000183105469,88.25,88.44999694824219,76.9422378540039,7274700.0
2019-12-24,88.62000274658203,88.80999755859375,87.9800033569336,88.7699966430664,77.22062683105469,2435200.0
2019-12-26,88.91999816894531,88.95999908447266,88.0,88.4000015258789,76.89875030517578,5070000.0
2019-12-27,88.9000015258789,88.94999694824219,88.08999633789062,88.80000305175781,77.24671173095703,5808900.0
2019-12-30,88.70999908447266,88.77999877929688,87.30999755859375,88.43000030517578,76.92485046386719,6543100.0
2019-12-31,87.98999786376953,88.7699966430664,87.87999725341797,88.2300033569336,76.75086212158203,5173400.0
2020-01-02,89.05000305175781,89.80999755859375,88.08000183105469,88.69000244140625,77.15103912353516,8413900.0
2020-01-03,87.26000213623047,87.63999938964844,86.44000244140625,87.0199966430664,75.69831085205078,8340300.0
2020-01-06,85.91000366210938,86.55000305175781,85.54000091552734,86.51000213623047,75.25466918945312,8381400.0
2020-01-07,87.04000091552734,89.48999786376953,86.91000366210938,88.97000122070312,77.39459991455078,8377400.0
2020-01-08,88.9000015258789,89.47000122070312,87.91999816894531,88.70999908447266,77.1684341430664,7619900.0
2020-01-09,89.66000366210938,90.72000122070312,88.83000183105469,89.91000366210938,78.21232604980469,9155500.0
2020-01-10,90.51000213623048,92.38999938964844,89.87000274658203,90.26000213623048,78.51676177978516,9668300.0
2020-01-13,91.0500030517578,92.7300033569336,90.5500030517578,90.97000122070312,79.13439178466797,10367800.0
2020-01-14,91.12999725341795,91.61000061035156,90.29000091552734,90.55999755859376,78.77774047851562,7800100.0
2020-01-15,90.75,91.18000030517578,89.25,89.66999816894531,78.0035400390625,7259100.0
2020-01-16,90.22000122070312,92.2300033569336,89.81999969482422,91.79000091552734,79.84772491455078,9295500.0
2020-01-17,93.0,96.16999816894533,92.9499969482422,95.91000366210938,83.4316635131836,23694400.0
2020-01-21,95.33000183105467,95.72000122070312,93.41999816894533,94.54000091552734,82.23993682861328,10868500.0
2020-01-22,95.26000213623048,95.38999938964844,92.70999908447266,92.97000122070312,80.87418365478516,8342300.0
2020-01-23,92.8499984741211,92.9499969482422,91.45999908447266,92.0,80.03038787841797,11282000.0
2020-01-24,92.68000030517578,93.25,88.83000183105469,89.6500015258789,77.98612976074219,9471700.0
2020-01-27,87.30000305175781,88.22000122070312,86.44999694824219,87.05000305175781,75.72440338134766,9240200.0
2020-01-28,88.1500015258789,89.54000091552734,87.38999938964844,89.1500015258789,77.55119323730469,9187000.0
2020-01-29,88.66000366210938,89.0199966430664,87.3499984741211,88.2300033569336,76.75086212158203,8158500.0
2020-01-30,87.30999755859375,87.86000061035156,86.19000244140625,87.77999877929688,76.35942840576172,8379400.0
2020-01-31,87.05000305175781,87.16999816894531,85.04000091552734,85.30999755859375,74.21078491210938,9503600.0
2020-02-03,85.55000305175781,86.58000183105469,85.16000366210938,86.4800033569336,75.22856903076172,7792700.0
2020-02-04,88.25,88.94999694824219,87.37000274658203,88.93000030517578,77.35980224609375,9236400.0
2020-02-05,90.98999786376952,91.13999938964844,89.2699966430664,90.91000366210938,79.08221435546875,14220900.0
2020-02-06,88.05999755859375,90.77999877929688,86.19000244140625,90.61000061035156,78.82122802734375,21059000.0
2020-02-07,89.62000274658203,90.02999877929688,87.37999725341797,87.41999816894531,76.0462646484375,10725100.0
2020-02-10,86.77999877929688,88.63999938964844,86.5,88.5999984741211,77.0727310180664,7481300.0
2020-02-11,89.37000274658203,91.47000122070312,88.9000015258789,90.0,78.29059600830078,9452800.0
2020-02-12,91.6500015258789,92.44000244140624,91.29000091552734,91.72000122070312,79.78680419921875,9824200.0
2020-02-13,91.02999877929688,91.37999725341795,89.77999877929688,90.02999877929688,78.31668853759766,8428300.0
2020-02-14,90.5500030517578,90.8000030517578,88.79000091552734,89.5999984741211,77.9426498413086,6256500.0
2020-02-18,87.83000183105469,89.0,87.52999877929688,88.02999877929688,76.57689666748047,7248100.0
2020-02-19,88.91999816894531,90.62000274658205,88.6500015258789,90.55999755859376,78.77774047851562,7820900.0
2020-02-20,90.80999755859376,91.87999725341795,88.68000030517578,89.47000122070312,77.82955932617188,9754900.0
2020-02-21,88.55999755859375,89.02999877929688,86.33000183105469,87.02999877929688,75.7070083618164,12257600.0
2020-02-24,83.9000015258789,84.83000183105469,82.70999908447266,83.31999969482422,72.47969055175781,12158500.0
2020-02-25,83.94000244140625,84.4000015258789,79.63999938964844,80.22000122070312,69.78302001953125,14725000.0
2020-02-26,81.0,82.02999877929688,79.08999633789062,79.66000366210938,69.29588317871094,13125000.0
2020-02-27,77.12999725341797,78.19000244140625,75.33000183105469,75.94000244140625,66.05985260009766,17898300.0
2020-02-28,73.76000213623047,79.80999755859375,73.33999633789062,78.30000305175781,68.11283111572266,20843300.0
2020-03-02,79.0199966430664,80.70999908447266,77.12999725341797,80.55999755859375,70.07878875732422,15043400.0
2020-03-03,80.81999969482422,82.6500015258789,77.83000183105469,78.55999755859375,68.3389892578125,16356200.0
2020-03-04,79.12000274658203,81.91000366210938,78.05000305175781,81.80000305175781,71.72348022460938,9894900.0
2020-03-05,79.45999908447266,81.37000274658203,78.69999694824219,79.16999816894531,69.41748046875,9396200.0
2020-03-06,76.33000183105469,78.08000183105469,75.83000183105469,77.47000122070312,67.9268798828125,11536500.0
2020-03-09,72.4000015258789,76.0999984741211,71.83000183105469,72.63999938964844,63.691871643066406,13898500.0
2020-03-10,74.80000305175781,79.04000091552734,74.16000366210938,78.88999938964844,69.17198181152344,13615600.0
2020-03-11,76.29000091552734,77.79000091552734,73.72000122070312,74.62000274658203,65.4279556274414,13376500.0
2020-03-12,69.5199966430664,72.52999877929688,67.0,67.0199966430664,58.7641716003418,19386200.0
2020-03-13,71.18000030517578,76.66999816894531,67.26000213623047,75.80999755859375,66.47136688232422,15971400.0
2020-03-16,68.27999877929688,71.16999816894531,64.45999908447266,64.4800033569336,56.53706359863281,16134700.0
2020-03-17,65.91000366210938,69.80999755859375,62.20000076293945,68.86000061035156,60.37752532958984,16864500.0
2020-03-18,63.560001373291016,65.55999755859375,58.0,61.189998626708984,53.65232467651367,18381200.0
2020-03-19,61.119998931884766,67.55000305175781,59.040000915527344,65.0,56.99300384521485,17127400.0
2020-03-20,65.02999877929688,67.9800033569336,60.790000915527344,60.90999984741211,53.40683364868164,16591500.0
2020-03-23,61.54999923706055,64.86000061035156,59.11000061035156,62.529998779296875,54.827266693115234,14920300.0
2020-03-24,66.0,67.62000274658203,62.189998626708984,65.45999908447266,57.39634323120117,18966800.0
2020-03-25,65.9000015258789,66.95999908447266,62.459999084472656,63.08000183105469,55.309513092041016,15969800.0
2020-03-26,64.0,69.66000366210938,63.25,68.9800033569336,60.48271942138672,15820300.0
2020-03-27,66.5,69.12000274658203,65.93000030517578,66.58999633789062,58.38713455200195,9739100.0
2020-03-30,67.19000244140625,69.5,66.05999755859375,69.02999877929688,60.526580810546875,9880800.0
2020-03-31,69.30000305175781,70.36000061035156,66.66000366210938,67.6500015258789,59.31657028198242,13213900.0
2020-04-01,65.0,68.69999694824219,65.0,65.9000015258789,57.78213119506836,14167900.0
2020-04-02,65.87000274658203,68.26000213623047,65.30999755859375,68.0199966430664,59.640987396240234,15432900.0
2020-04-03,67.68000030517578,68.69000244140625,64.55000305175781,65.2300033569336,57.19466018676758,8600700.0
2020-04-06,68.5,71.37000274658203,67.6500015258789,70.94999694824219,62.21004867553711,12153100.0
2020-04-07,73.66000366210938,74.9000015258789,70.86000061035156,72.7300033569336,63.770774841308594,11285600.0
2020-04-08,73.69999694824219,74.37999725341797,72.41999816894531,73.33000183105469,64.29686737060547,10695600.0
2020-04-09,74.62000274658203,74.83999633789062,70.0,71.58000183105469,62.7624397277832,15459400.0
2020-04-13,71.70999908447266,73.51000213623047,71.44000244140625,73.30000305175781,64.27057647705078,7896500.0
2020-04-14,75.0,77.66999816894531,74.97000122070312,77.55000305175781,67.99703979492188,11314100.0
2020-04-15,75.86000061035156,76.33999633789062,74.02999877929688,75.98999786376953,66.62921905517578,9951700.0
2020-04-16,76.86000061035156,77.69000244140625,75.37999725341797,76.8499984741211,67.3832778930664,8819700.0
2020-04-17,77.31999969482422,78.25,75.4800033569336,76.16999816894531,66.78704833984375,9926000.0
2020-04-20,75.0199966430664,76.2300033569336,74.0999984741211,74.30999755859375,65.15614318847656,7217700.0
2020-04-21,73.30999755859375,73.97000122070312,71.75,71.83999633789062,62.99042510986328,9273800.0
2020-04-22,73.79000091552734,75.33999633789062,72.75,74.68000030517578,65.48057556152344,7365300.0
2020-04-23,75.0,76.16999816894531,73.76000213623047,73.80999755859375,64.71774291992188,7673800.0
2020-04-24,73.91999816894531,76.11000061035156,73.66000366210938,76.04000091552734,66.67302703857422,6071300.0
2020-04-27,76.58999633789062,77.81999969482422,75.48999786376953,75.9800033569336,66.62041473388672,7219500.0
2020-04-28,77.11000061035156,77.77999877929688,75.16000366210938,75.29000091552734,66.01543426513672,6250500.0
2020-04-29,77.16999816894531,79.23999786376953,76.83000183105469,78.97000122070312,69.24210357666016,11950200.0
2020-04-30,80.2699966430664,80.87000274658203,77.27999877929688,78.66999816894531,68.97906494140625,17113500.0
2020-05-01,76.8499984741211,77.58999633789062,74.68000030517578,75.63999938964844,66.32231140136719,9742100.0
2020-05-04,75.16000366210938,75.94000244140625,74.08999633789062,75.68000030517578,66.35739135742188,7202400.0
2020-05-05,76.75,78.80999755859375,76.55999755859375,77.62999725341797,68.06717681884766,7540800.0
2020-05-06,78.80999755859375,80.13999938964844,78.5199966430664,78.87000274658203,69.15442657470703,8179700.0
2020-05-07,79.69999694824219,80.16999816894531,78.26000213623047,78.83000183105469,69.11934661865234,7291800.0
2020-05-08,79.69999694824219,81.08999633789062,79.36000061035156,80.55999755859375,70.6362533569336,7887200.0
2020-05-11,80.29000091552734,81.2699966430664,79.54000091552734,80.4800033569336,70.56610870361328,6604600.0
2020-05-12,81.29000091552734,81.79000091552734,78.4000015258789,78.41999816894531,68.75984191894531,7318100.0
2020-05-13,78.86000061035156,79.51000213623047,76.75,78.0,68.39160919189453,9584800.0
2020-05-14,77.5,80.0,76.47000122070312,79.87000274658203,70.03125,9956800.0
2020-05-15,74.66999816894531,77.69999694824219,74.37000274658203,75.7699966430664,66.4363021850586,29597800.0
2020-05-18,77.2699966430664,80.18000030517578,77.20999908447266,79.94000244140625,70.0926284790039,13191000.0
2020-05-19,79.75,80.1500015258789,78.0,78.08999633789062,68.47052001953125,8118400.0
2020-05-20,79.95999908447266,81.95999908447266,79.69000244140625,80.62999725341797,70.6976318359375,11379200.0
2020-05-21,79.47000122070312,80.08999633789062,77.87000274658203,78.0,68.39160919189453,8141500.0
2020-05-22,78.26000213623047,78.76000213623047,77.29000091552734,78.69999694824219,69.00537109375,5530400.0
2020-05-26,80.19000244140625,80.56999969482422,77.77999877929688,78.0199966430664,68.40913391113281,10067300.0
2020-05-27,78.2699966430664,79.31999969482422,76.16000366210938,79.29000091552734,69.52268981933594,9125900.0
2020-05-28,80.23999786376953,81.4800033569336,77.7300033569336,78.11000061035156,68.48805236816406,11161700.0
2020-05-29,78.69999694824219,81.19999694824219,77.9000015258789,80.87999725341797,70.91682434082031,10558700.0
2020-06-01,79.88999938964844,80.4800033569336,79.23999786376953,79.7300033569336,69.90849304199219,6474800.0
2020-06-02,79.93000030517578,84.87999725341797,79.91000366210938,84.62999725341797,74.20490264892578,13255300.0
2020-06-03,84.94999694824219,85.94999694824219,83.62000274658203,84.11000061035156,74.31975555419922,13029300.0
2020-06-04,83.94999694824219,86.69999694824219,83.94999694824219,86.04000091552734,76.02511596679688,12109000.0
2020-06-05,88.0,89.4800033569336,87.81999969482422,88.55000305175781,78.24293518066406,11882100.0
2020-06-08,89.0,91.5,88.33999633789062,91.37000274658205,80.73470306396484,9748300.0
2020-06-09,90.2300033569336,90.38999938964844,89.05999755859375,89.75,79.30326843261719,7327700.0
2020-06-10,90.25,92.13999938964844,90.02999877929688,91.01000213623048,80.41661834716797,9079700.0
2020-06-11,88.62000274658203,89.05999755859375,83.91000366210938,84.0199966430664,74.2402114868164,15241700.0
2020-06-12,86.25,87.13999938964844,83.52999877929688,85.23999786376953,75.31822204589844,10113200.0
2020-06-15,83.66999816894531,86.56999969482422,83.0999984741211,86.38999938964844,76.3343734741211,9852600.0
2020-06-16,89.9000015258789,90.44000244140624,87.76000213623047,89.5199966430664,79.10002136230469,12639800.0
2020-06-17,90.68000030517578,91.08999633789062,89.30000305175781,89.94000244140625,79.47115325927734,7620300.0
2020-06-18,89.8499984741211,90.48999786376952,89.02999877929688,89.91999816894531,79.45347595214844,5709500.0
2020-06-19,89.87000274658203,90.25,87.54000091552734,88.80999755859375,78.47268676757812,23213800.0
2020-06-22,88.72000122070312,89.44000244140625,87.61000061035156,89.12999725341797,78.75543975830078,8028000.0
2020-06-23,90.13999938964844,90.61000061035156,89.11000061035156,89.3499984741211,78.94982147216797,7778700.0
2020-06-24,89.16999816894531,89.83000183105469,87.41999816894531,89.13999938964844,78.76428985595703,8208800.0
2020-06-25,88.69999694824219,89.45999908447266,87.31999969482422,88.95999908447266,78.605224609375,7062600.0
2020-06-26,89.06999969482422,89.7300033569336,87.54000091552734,88.0199966430664,77.77462768554688,9126500.0
2020-06-29,88.20999908447266,89.1500015258789,86.68000030517578,89.01000213623047,78.64939880371094,5870400.0
2020-06-30,89.19999694824219,91.93000030517578,89.0,91.20999908447266,80.59333038330078,9378500.0
2020-07-01,91.01000213623048,91.3000030517578,89.58000183105469,89.77999877929688,79.32976531982422,6990600.0
2020-07-02,91.08999633789062,92.5,90.8000030517578,91.87000274658205,81.17652130126953,8317300.0
2020-07-06,93.20999908447266,93.75,92.0999984741211,92.91999816894533,82.10430145263672,6933100.0
2020-07-07,92.97000122070312,93.5500030517578,91.91000366210938,92.13999938964844,81.41507720947266,6722400.0
2020-07-08,93.2699966430664,93.5999984741211,92.33999633789062,93.52999877929688,82.64328002929688,6692700.0
2020-07-09,93.9499969482422,93.9499969482422,91.44000244140624,93.25,82.39590454101562,6287700.0
2020-07-10,93.0,93.5199966430664,91.55999755859376,92.51000213623048,81.74200439453125,5687600.0
2020-07-13,93.3000030517578,94.12999725341795,91.1999969482422,91.33000183105467,80.6993637084961,7606400.0
2020-07-14,90.86000061035156,92.62000274658205,89.19999694824219,92.37999725341795,81.62712860107422,6571000.0
2020-07-15,92.93000030517578,92.93000030517578,91.01000213623048,92.5500030517578,81.77735137939453,6154100.0
2020-07-16,91.26000213623048,91.75,90.68000030517578,91.1999969482422,80.5844955444336,6178700.0
2020-07-17,91.68000030517578,92.45999908447266,91.0,92.2300033569336,81.49459838867188,5985700.0
2020-07-20,92.19000244140624,93.2699966430664,91.3000030517578,93.16999816894533,82.32518005371094,5407500.0
2020-07-21,93.5500030517578,93.8499984741211,91.80999755859376,92.30999755859376,81.56529235839844,7098600.0
2020-07-22,92.73999786376952,93.29000091552734,91.66999816894533,92.5999984741211,81.82152557373047,4366400.0
2020-07-23,92.91000366210938,92.97000122070312,89.2300033569336,89.66999816894531,79.2325668334961,9438500.0
2020-07-24,89.20999908447266,90.29000091552734,87.51000213623047,88.88999938964844,78.54336547851562,9520000.0
2020-07-27,90.0199966430664,92.83999633789062,89.26000213623047,92.6999969482422,81.9098892211914,8021700.0
2020-07-28,92.16999816894533,92.58999633789062,90.56999969482422,91.4499969482422,80.80538177490234,5818400.0
2020-07-29,92.08000183105467,93.62000274658205,91.73999786376952,93.02999877929688,82.20148468017578,11453000.0
2020-07-30,102.41999816894533,107.69000244140624,100.6999969482422,107.19000244140624,94.71327209472656,42122500.0
2020-07-31,105.66000366210938,107.75,104.51000213623048,105.61000061035156,93.31720733642578,16765100.0
2020-08-03,107.4000015258789,113.0,107.02999877929688,109.58999633789062,96.83391571044922,18899400.0
2020-08-04,109.48999786376952,111.0199966430664,108.66000366210938,110.9499969482422,98.03561401367188,10205400.0
2020-08-05,111.0,112.45999908447266,110.08000183105467,111.38999938964844,98.42440795898438,7967400.0
2020-08-06,111.2300033569336,111.36000061035156,109.93000030517578,111.05999755859376,98.13282775878906,6392200.0
2020-08-07,110.01000213623048,111.0500030517578,106.0,108.25,95.64989471435548,11155900.0
2020-08-10,108.5999984741211,108.98999786376952,105.72000122070312,106.36000061035156,93.97991180419922,10087100.0
2020-08-11,106.1999969482422,112.01000213623048,104.73999786376952,108.83000183105467,96.16239166259766,17803000.0
2020-08-12,110.38999938964844,116.25,109.6500015258789,115.79000091552734,102.31227111816406,18664700.0
2020-08-13,116.1999969482422,116.1999969482422,112.7699966430664,113.41000366210938,100.20928955078124,9958400.0
2020-08-14,113.3000030517578,114.5199966430664,112.56999969482422,113.73999786376952,100.5008773803711,6641000.0
2020-08-17,113.29000091552734,114.48999786376952,110.62999725341795,112.18000030517578,99.1224594116211,10283000.0
2020-08-18,112.91000366210938,113.37999725341795,111.5199966430664,112.02999877929688,98.98989868164062,6387000.0
2020-08-19,112.33000183105467,113.47000122070312,110.75,111.04000091552734,98.11515045166016,7747600.0
2020-08-20,110.0,110.9800033569336,109.66999816894533,110.66000366210938,97.77940368652344,7200300.0
2020-08-21,110.2300033569336,113.1500015258789,109.9499969482422,113.0,99.84699249267578,8546900.0
2020-08-24,114.37000274658205,116.0,113.2699966430664,115.91000366210938,102.41830444335938,10235000.0
2020-08-25,116.11000061035156,117.0999984741211,114.44000244140624,115.9499969482422,102.4536590576172,6208000.0
2020-08-26,116.25,116.5500030517578,115.16999816894533,116.04000091552734,102.53314971923828,7487400.0
2020-08-27,116.43000030517578,118.18000030517578,115.3499984741211,116.0199966430664,102.5155029296875,8206200.0
2020-08-28,116.70999908447266,118.26000213623048,116.16999816894533,118.1999969482422,104.44174194335938,6280300.0
2020-08-31,118.33000183105467,121.05999755859376,118.12000274658205,119.0999984741211,105.23697662353516,9694600.0
2020-09-01,121.08000183105467,122.56999969482422,119.51000213623048,122.01000213623048,107.80826568603516,9091900.0
2020-09-02,123.26000213623048,123.93000030517578,121.80999755859376,123.18000030517578,109.42501068115234,9167700.0
2020-09-03,121.3000030517578,121.70999908447266,115.5999984741211,116.43000030517578,103.42877197265624,13560800.0
2020-09-04,115.69000244140624,117.81999969482422,112.37999725341795,115.97000122070312,103.0201416015625,11064300.0
2020-09-08,111.94000244140624,113.87999725341795,109.62000274658205,109.7699966430664,97.51246643066406,10245200.0
2020-09-09,113.4800033569336,115.7699966430664,112.3000030517578,114.0199966430664,101.28787994384766,9708400.0
2020-09-10,115.1500015258789,115.80999755859376,111.56999969482422,112.44000244140624,99.88433074951172,6166300.0
2020-09-11,113.37999725341795,114.8499984741211,112.4000015258789,113.41999816894533,100.75487518310548,6740200.0
2020-09-14,115.23999786376952,115.43000030517578,112.6500015258789,113.45999908447266,100.79041290283205,5397300.0
2020-09-15,114.94000244140624,117.80999755859376,114.79000091552734,116.58000183105467,103.5620346069336,8773700.0
2020-09-16,118.0,118.0,114.54000091552734,114.55999755859376,101.7676010131836,6340100.0
2020-09-17,111.91999816894533,115.6999969482422,111.0,114.87999725341795,102.05184936523438,7418100.0
2020-09-18,115.04000091552734,115.43000030517578,109.8000030517578,110.69000244140624,98.32972717285156,15443200.0
2020-09-21,109.16000366210938,112.13999938964844,108.3000030517578,111.91999816894533,99.42237091064452,8197600.0
2020-09-22,112.61000061035156,114.25,110.41999816894533,113.81999969482422,101.11022186279295,6911200.0
2020-09-23,113.63999938964844,113.93000030517578,110.06999969482422,110.56999969482422,98.22313690185548,6553300.0
2020-09-24,109.38999938964844,113.29000091552734,109.23999786376952,112.19000244140624,99.6622543334961,6849000.0
2020-09-25,113.5500030517578,115.75,111.8000030517578,114.5,101.71429443359376,11718000.0
2020-09-28,115.95999908447266,118.73999786376952,114.91999816894533,118.47000122070312,105.24097442626952,9043600.0
2020-09-29,118.13999938964844,119.25,117.1999969482422,117.37999725341795,104.27268981933594,5655700.0
2020-09-30,117.5,119.26000213623048,116.91999816894533,117.68000030517578,104.53917694091795,5829700.0
2020-10-01,119.93000030517578,120.20999908447266,117.6999969482422,119.5199966430664,106.1737289428711,5316800.0
2020-10-02,116.77999877929688,118.66000366210938,115.43000030517578,115.47000122070312,102.57598876953124,5834300.0
2020-10-05,116.9000015258789,120.6500015258789,116.7300033569336,120.5199966430664,107.0620574951172,5835900.0
2020-10-06,120.4499969482422,122.5199966430664,119.0999984741211,119.54000091552734,106.19149017333984,7637000.0
2020-10-07,121.23999786376952,123.36000061035156,120.6500015258789,123.02999877929688,109.29177856445312,7410300.0
2020-10-08,124.0,124.43000030517578,121.83999633789062,122.33999633789062,108.67882537841795,4757500.0
2020-10-09,123.93000030517578,125.88999938964844,122.79000091552734,124.87000274658205,110.9263153076172,11073400.0
2020-10-12,127.6999969482422,127.6999969482422,124.9499969482422,126.69000244140624,112.54309844970705,7893800.0
2020-10-13,127.47000122070312,128.17999267578125,125.4000015258789,127.45999908447266,113.22710418701172,7605700.0
2020-10-14,129.0800018310547,132.4199981689453,128.92999267578125,129.8800048828125,115.37686920166016,13177100.0
2020-10-15,127.3000030517578,129.13999938964844,126.6500015258789,128.5800018310547,114.2220458984375,7376600.0
2020-10-16,129.6999969482422,130.19000244140625,127.73999786376952,129.02999877929688,114.6217803955078,6625400.0
2020-10-19,130.1300048828125,131.9600067138672,127.6999969482422,128.4199981689453,114.07991027832033,5765800.0
2020-10-20,129.17999267578125,129.3300018310547,127.51000213623048,128.3000030517578,113.97330474853516,4409800.0
2020-10-21,128.0399932861328,130.4199981689453,126.37000274658205,128.5500030517578,114.19538879394533,4344000.0
2020-10-22,129.50999450683594,129.58999633789062,126.86000061035156,128.3800048828125,114.04438018798828,3895100.0
2020-10-23,128.58999633789062,129.10000610351562,127.0999984741211,128.8800048828125,114.48854064941406,3943100.0
2020-10-26,127.52999877929688,128.6699981689453,124.4000015258789,126.1999969482422,112.10778045654295,6065900.0
2020-10-27,126.51000213623048,126.95999908447266,125.19000244140624,125.91000366210938,111.85018157958984,5825500.0
2020-10-28,123.5,123.81999969482422,121.0500030517578,121.58000183105467,108.0037078857422,8234800.0
2020-10-29,122.05999755859376,127.69000244140624,121.88999938964844,126.44000244140624,112.32100677490234,7053300.0
2020-10-30,123.68000030517578,125.25,121.5999984741211,123.36000061035156,109.58493041992188,7811200.0
2020-11-02,124.5,126.16999816894533,122.41000366210938,123.97000122070312,110.1268310546875,5860300.0
2020-11-03,125.44000244140624,126.91999816894533,124.69000244140624,125.4499969482422,111.44155883789062,5832800.0
2020-11-04,129.32000732421875,129.57000732421875,126.06999969482422,128.97000122070312,114.56849670410156,12608900.0
2020-11-05,145.82000732421875,148.8000030517578,141.8300018310547,145.41000366210938,129.1727294921875,27910900.0
2020-11-06,146.00999450683594,146.22999572753906,143.9600067138672,145.00999450683594,128.81736755371094,7278500.0
2020-11-09,149.41000366210938,149.41000366210938,142.44000244140625,142.61000061035156,126.68538665771484,10666300.0
2020-11-10,140.14999389648438,143.1699981689453,138.52999877929688,140.11000061035156,124.46453857421876,12019900.0
2020-11-11,144.5,148.08999633789062,144.0,147.69000244140625,131.19810485839844,10222700.0
2020-11-12,147.57000732421875,148.50999450683594,143.07000732421875,143.91000366210938,127.84020233154295,8580700.0
2020-11-13,145.5399932861328,146.25,143.22999572753906,144.25999450683594,128.15110778808594,5899200.0
2020-11-16,145.1999969482422,149.25,144.5500030517578,149.07000732421875,132.42401123046875,7598500.0
2020-11-17,149.02000427246094,149.85000610351562,147.17999267578125,148.74000549316406,132.13084411621094,7438600.0
2020-11-18,149.24000549316406,153.3300018310547,146.91000366210938,147.0500030517578,130.62957763671875,12124500.0
2020-11-19,146.55999755859375,149.3000030517578,145.4600067138672,147.52999877929688,131.0559539794922,7743700.0
2020-11-20,148.27999877929688,149.10000610351562,145.94000244140625,146.02999877929688,129.72348022460938,5551900.0
2020-11-23,142.35000610351562,147.0,141.8800048828125,143.82000732421875,127.76026916503906,11649400.0
2020-11-24,143.38999938964844,146.3300018310547,141.11000061035156,145.92999267578125,129.6345977783203,10800800.0
2020-11-25,145.9499969482422,147.49000549316406,144.0399932861328,144.0800018310547,127.9911880493164,6398900.0
2020-11-27,145.49000549316406,146.42999267578125,143.6999969482422,143.8300018310547,127.76913452148438,3878000.0
2020-11-30,144.6300048828125,147.2899932861328,144.0500030517578,147.1699981689453,130.7362060546875,8712500.0
2020-12-01,148.7899932861328,152.38999938964844,147.7899932861328,151.25999450683594,134.3694610595703,11906100.0
2020-12-02,150.50999450683594,151.49000549316406,149.6199951171875,149.97999572753906,133.8074188232422,7800300.0
2020-12-03,151.0399932861328,152.77000427246094,149.63999938964844,149.91000366210938,133.74496459960938,6355300.0
2020-12-04,150.3000030517578,158.08999633789062,150.0,157.6199951171875,140.62355041503906,12759900.0
2020-12-07,158.5500030517578,158.97000122070312,156.7100067138672,158.02000427246094,140.98045349121094,7009300.0
2020-12-08,157.4600067138672,159.2899932861328,155.8699951171875,158.8000030517578,141.67633056640625,6088300.0
2020-12-09,158.60000610351562,161.07000732421875,155.5500030517578,156.02000427246094,139.1961212158203,7947200.0
2020-12-10,154.4199981689453,157.85000610351562,152.72999572753906,155.75,138.9552459716797,7522200.0
2020-12-11,149.24000549316406,150.27000427246094,141.88999938964844,144.27999877929688,128.72203063964844,25923100.0
2020-12-14,144.89999389648438,147.75,143.3300018310547,146.2899932861328,130.5152587890625,12258500.0
2020-12-15,149.3699951171875,149.9199981689453,147.10000610351562,148.36000061035156,132.3621063232422,6616400.0
2020-12-16,149.13999938964844,150.44000244140625,146.7100067138672,149.74000549316406,133.59326171875,6610900.0
2020-12-17,150.8699951171875,151.22999572753906,148.3800048828125,149.52999877929688,133.40591430664062,7039000.0
2020-12-18,150.7899932861328,150.7899932861328,146.1199951171875,147.4199981689453,131.52345275878906,13288300.0
2020-12-21,145.00999450683594,147.36000061035156,144.41000366210938,146.8000030517578,130.9702911376953,7024600.0
2020-12-22,146.61000061035156,147.02999877929688,144.72000122070312,146.33999633789062,130.55990600585938,5751500.0
2020-12-23,147.6300048828125,151.5399932861328,146.8699951171875,146.9600067138672,131.11305236816406,5186700.0
2020-12-24,147.8000030517578,148.89999389648438,147.1999969482422,148.7899932861328,132.74571228027344,2120200.0
2020-12-28,150.6199951171875,151.07000732421875,147.44000244140625,147.74000549316406,131.80894470214844,4576600.0
2020-12-29,148.97000122070312,148.99000549316406,147.02999877929688,148.49000549316406,132.47805786132812,3543800.0
2020-12-30,149.1199951171875,151.61000061035156,148.9199981689453,149.9499969482422,133.78067016601562,3965600.0
2020-12-31,150.32000732421875,152.55999755859375,150.10000610351562,152.33999633789062,135.91290283203125,4941700.0
2021-01-04,153.00999450683594,155.14999389648438,147.13999938964844,148.5,132.4869842529297,9827000.0
2021-01-05,148.64999389648438,152.6999969482422,148.5,152.42999267578125,135.99319458007812,8507200.0
2021-01-06,151.52999877929688,153.8699951171875,149.47000122070312,151.19000244140625,134.88693237304688,7174600.0
2021-01-07,152.3300018310547,156.4199981689453,152.25999450683594,155.6999969482422,138.91061401367188,8482300.0
2021-01-08,157.22999572753906,157.52999877929688,154.5399932861328,156.63999938964844,139.74923706054688,6252400.0
2021-01-11,156.10000610351562,158.1300048828125,154.9199981689453,156.11000061035156,139.27639770507812,5147800.0
2021-01-12,156.63999938964844,156.8699951171875,153.9600067138672,154.4499969482422,137.79537963867188,4385700.0
2021-01-13,155.19000244140625,157.92999267578125,153.64999389648438,157.4199981689453,140.44512939453125,5479900.0
2021-01-14,159.39999389648438,163.17999267578125,158.5,160.85000610351562,143.5052490234375,10102400.0
2021-01-15,160.77000427246094,160.86000061035156,156.8800048828125,157.08999633789062,140.1507110595703,8607400.0
2021-01-19,158.94000244140625,164.10000610351562,158.4499969482422,163.77000427246094,146.11041259765625,8209000.0
2021-01-20,164.72000122070312,167.94000244140625,164.44000244140625,164.60000610351562,146.85089111328125,7943300.0
2021-01-21,165.80999755859375,166.49000549316406,163.33999633789062,164.75,146.98472595214844,6295700.0
2021-01-22,164.0,164.27000427246094,161.52000427246094,162.4199981689453,144.90599060058594,5062300.0
2021-01-25,164.32000732421875,167.0500030517578,161.72999572753906,164.39999389648438,146.67242431640625,5370800.0
2021-01-26,164.1999969482422,164.64999389648438,160.91000366210938,162.5500030517578,145.02195739746094,6554200.0
2021-01-27,158.49000549316406,160.72999572753906,152.69000244140625,153.6699981689453,137.09951782226562,9854000.0
2021-01-28,156.27999877929688,158.97000122070312,153.11000061035156,155.5500030517578,138.77676391601562,8087400.0
2021-01-29,160.25,160.63999938964844,154.75,156.27999877929688,139.4280548095703,9502100.0
2021-02-01,157.3699951171875,162.39999389648438,156.49000549316406,161.5800018310547,144.15655517578125,8265100.0
2021-02-02,164.50999450683594,165.3800048828125,161.3000030517578,164.77999877929688,147.01150512695312,6926500.0
2021-02-03,167.5800018310547,167.5800018310547,161.8000030517578,162.3000030517578,144.79893493652344,14156700.0
2021-02-04,150.17999267578125,151.77999877929688,145.1999969482422,147.97000122070312,132.01416015625,46141800.0
2021-02-05,148.85000610351562,148.89999389648438,144.6199951171875,145.83999633789062,130.11380004882812,24695400.0
2021-02-08,147.10000610351562,147.60000610351562,145.3000030517578,147.3800048828125,131.48779296875,12181600.0
2021-02-09,147.5500030517578,148.5,145.89999389648438,146.11000061035156,130.3546905517578,11681300.0
2021-02-10,147.6199951171875,147.75,144.3699951171875,145.5,129.81045532226562,11701300.0
2021-02-11,145.77999877929688,146.57000732421875,143.52999877929688,145.55999755859375,129.864013671875,11600200.0
2021-02-12,145.57000732421875,151.39999389648438,144.8699951171875,147.97999572753906,132.02304077148438,9155200.0
2021-02-16,149.0,149.74000549316406,146.05999755859375,147.16000366210938,131.29148864746094,10211900.0
2021-02-17,145.82000732421875,146.88999938964844,143.4199981689453,144.75,129.14134216308594,11937200.0
2021-02-18,143.5399932861328,144.6999969482422,142.9600067138672,143.91000366210938,128.39195251464844,8404400.0
2021-02-19,144.77999877929688,145.85000610351562,143.49000549316406,144.94000244140625,129.3108673095703,10012500.0
2021-02-22,142.25,144.1199951171875,139.0800018310547,139.4600067138672,124.42178344726562,12763900.0
2021-02-23,136.3800048828125,138.47999572753906,134.44000244140625,137.1199951171875,122.33412170410156,14425300.0
2021-02-24,136.39999389648438,141.17999267578125,135.08999633789062,141.10000610351562,125.8849639892578,13146200.0
2021-02-25,139.55999755859375,140.8300018310547,135.02000427246094,135.52999877929688,120.9155502319336,12701100.0
2021-02-26,136.75999450683594,138.14999389648438,134.6999969482422,136.19000244140625,121.50439453125,11772600.0
2021-03-01,137.5,139.6300048828125,136.4600067138672,139.49000549316406,124.44857025146484,9421400.0
2021-03-02,140.0,140.10000610351562,136.77000427246094,137.0399932861328,122.2627410888672,8693200.0
2021-03-03,135.60000610351562,136.17999267578125,131.5399932861328,131.66000366210938,118.02267456054688,14862700.0
2021-03-04,132.35000610351562,134.1999969482422,126.58000183105467,127.8000030517578,114.5625,15831100.0
2021-03-05,130.9199981689453,131.1699981689453,125.4000015258789,129.75,116.31051635742188,13292000.0
2021-03-08,129.0,129.77000427246094,122.98999786376952,123.1999969482422,110.43896484375,15256100.0
2021-03-09,127.38999938964844,129.9199981689453,126.33000183105467,129.11000061035156,115.73681640625,13130200.0
2021-03-10,130.6699981689453,131.10000610351562,127.63999938964844,127.87000274658205,114.625244140625,12492300.0
2021-03-11,131.00999450683594,133.24000549316406,130.00999450683594,131.74000549316406,118.09439086914062,11920200.0
2021-03-12,129.89999389648438,130.3300018310547,127.62000274658205,129.97999572753906,116.51669311523438,9365700.0
2021-03-15,130.05999755859375,131.75999450683594,129.1199951171875,131.63999938964844,118.00475311279295,7807200.0
2021-03-16,132.88999938964844,135.44000244140625,132.2899932861328,133.64999389648438,119.80653381347656,10434700.0
2021-03-17,131.30999755859375,135.60000610351562,129.67999267578125,133.9199981689453,120.048583984375,10781500.0
2021-03-18,132.44000244140625,133.60000610351562,129.66000366210938,129.75,116.31051635742188,9579000.0
2021-03-19,129.7899932861328,132.47999572753906,129.1699981689453,131.02000427246094,117.44898223876952,17599900.0
2021-03-22,132.9600067138672,135.5500030517578,132.60000610351562,134.08999633789062,120.20099639892578,9036900.0
2021-03-23,134.0,134.35000610351562,131.41000366210938,132.52000427246094,118.79359436035156,7425700.0
2021-03-24,132.99000549316406,133.05999755859375,127.11000061035156,127.18000030517578,114.00672149658205,10962300.0
2021-03-25,126.66000366210938,127.63999938964844,124.38999938964844,127.27999877929688,114.09635162353516,10460800.0
2021-03-26,127.05999755859376,133.35000610351562,127.04000091552734,132.99000549316406,119.21493530273438,11071600.0
2021-03-29,132.5399932861328,133.33999633789062,129.77000427246094,131.27000427246094,117.67308044433594,9750100.0
2021-03-30,130.1699981689453,131.24000549316406,129.07000732421875,130.11000061035156,116.63323211669922,7097300.0
2021-03-31,130.9600067138672,133.52000427246094,130.57000732421875,132.58999633789062,118.85636138916016,8361300.0
2021-04-01,134.5,138.42999267578125,133.60000610351562,137.7899932861328,123.51770782470705,14069600.0
2021-04-05,139.0399932861328,140.5,138.22999572753906,140.3300018310547,125.79463958740234,12562800.0
2021-04-06,139.85000610351562,140.22999572753906,137.63999938964844,138.05999755859375,123.75977325439452,9100000.0
2021-04-07,138.3300018310547,139.9499969482422,137.39999389648438,139.42999267578125,124.98786163330078,6958500.0
2021-04-08,140.0,140.3699951171875,138.80999755859375,140.33999633789062,125.80362701416016,7304900.0
2021-04-09,139.89999389648438,140.67999267578125,138.8800048828125,140.57000732421875,126.00979614257812,6033200.0
2021-04-12,138.86000061035156,139.88999938964844,136.0500030517578,137.44000244140625,123.20398712158205,10355500.0
2021-04-13,138.3800048828125,138.77000427246094,135.75,137.3000030517578,123.07848358154295,9225200.0
2021-04-14,137.0800018310547,137.83999633789062,133.91000366210938,134.75,120.79261779785156,9967800.0
2021-04-15,136.0,137.99000549316406,135.57000732421875,137.83999633789062,123.56256103515624,11733200.0
2021-04-16,137.6199951171875,139.00999450683594,136.64999389648438,138.2100067138672,123.8942413330078,6583900.0
2021-04-19,136.89999389648438,137.0500030517578,134.08999633789062,135.25,121.24083709716795,8728900.0
2021-04-20,134.5500030517578,134.77999877929688,132.7899932861328,133.39999389648438,119.58245086669922,7473700.0
2021-04-21,132.82000732421875,136.3699951171875,132.5,136.19000244140625,122.08345794677734,7237900.0
2021-04-22,135.3699951171875,135.9600067138672,132.47000122070312,132.97000122070312,119.19696807861328,8345100.0
2021-04-23,133.74000549316406,136.11000061035156,133.5399932861328,135.42999267578125,121.40217590332033,7666600.0
2021-04-26,135.3300018310547,139.69000244140625,135.1199951171875,138.9600067138672,124.56655883789062,9715400.0
2021-04-27,138.7100067138672,139.3800048828125,136.97999572753906,138.00999450683594,123.71495056152344,9284500.0
2021-04-28,138.1699981689453,138.27000427246094,135.75,136.57000732421875,122.42413330078124,13118100.0
2021-04-29,145.00999450683594,145.3000030517578,140.6699981689453,142.67999267578125,127.90120697021484,20502100.0
2021-04-30,141.07000732421875,142.08999633789062,138.25999450683594,138.8000030517578,124.42310333251952,11374600.0
2021-05-03,139.6999969482422,139.75999450683594,136.8699951171875,137.42999267578125,123.1950225830078,7920300.0
2021-05-04,136.0,136.0,132.4199981689453,134.1199951171875,120.22787475585938,11996300.0
2021-05-05,136.0800018310547,136.4499969482422,134.11000061035156,134.64999389648438,120.7029800415039,6285500.0
2021-05-06,134.49000549316406,136.5399932861328,133.10000610351562,136.0,121.91311645507812,8352500.0
2021-05-07,136.94000244140625,138.69000244140625,136.2899932861328,137.85000610351562,123.571533203125,6893700.0
2021-05-10,136.02000427246094,136.67999267578125,128.82000732421875,128.94000244140625,115.5844268798828,19537200.0
2021-05-11,125.25,128.55999755859375,124.7699966430664,128.3699951171875,115.0734405517578,11948000.0
2021-05-12,126.02999877929688,127.12999725341795,123.68000030517578,124.62000274658205,111.7118911743164,13529600.0
2021-05-13,127.12000274658205,128.47999572753906,125.87000274658205,127.11000061035156,113.9439468383789,10633000.0
2021-05-14,128.6300048828125,131.4199981689453,127.80999755859376,130.14999389648438,116.66908264160156,9391100.0
2021-05-17,129.2899932861328,129.8300018310547,127.70999908447266,129.8000030517578,116.35533142089844,5917400.0
2021-05-18,130.63999938964844,131.24000549316406,128.7899932861328,128.91000366210938,115.55750274658205,8651100.0
2021-05-19,127.19000244140624,130.8300018310547,126.4499969482422,130.66000366210938,117.1262664794922,8112900.0
2021-05-20,131.52999877929688,133.27999877929688,131.4600067138672,132.63999938964844,118.90113830566406,9208400.0
2021-05-21,132.13999938964844,132.69000244140625,130.49000549316406,131.4600067138672,117.8434066772461,8674000.0
2021-05-24,131.3300018310547,134.0,131.3300018310547,132.91000366210938,119.1432113647461,8229300.0
2021-05-25,133.5399932861328,134.3000030517578,132.8000030517578,133.75,119.89618682861328,7271400.0
2021-05-26,133.8699951171875,134.52000427246094,132.22000122070312,133.08999633789062,119.3045654296875,6663300.0
2021-05-27,132.72999572753906,134.63999938964844,132.7100067138672,133.63999938964844,119.79759979248048,7379300.0
2021-05-28,134.14999389648438,135.63999938964844,133.9499969482422,134.5399932861328,120.6043472290039,7042200.0
2021-06-01,135.10000610351562,136.07000732421875,133.52999877929688,133.94000244140625,120.06652069091795,7059600.0
2021-06-02,133.17999267578125,134.72999572753906,132.47000122070312,133.82000732421875,120.5710906982422,6026000.0
2021-06-03,132.64999389648438,133.38999938964844,131.4199981689453,131.77999877929688,118.7330322265625,6644000.0
2021-06-04,132.52999877929688,135.0500030517578,132.1999969482422,134.33999633789062,121.03958892822266,7416700.0
2021-06-07,133.6999969482422,133.77000427246094,132.63999938964844,133.32000732421875,120.12057495117188,5563300.0
2021-06-08,134.05999755859375,135.38999938964844,133.0,134.1999969482422,120.9134521484375,9657900.0
2021-06-09,135.10000610351562,135.35000610351562,132.7899932861328,132.88999938964844,119.7331314086914,6717200.0
2021-06-10,133.0500030517578,135.10000610351562,132.5800018310547,134.22000122070312,120.9314956665039,5522300.0
2021-06-11,133.8000030517578,134.64999389648438,133.64999389648438,134.6199951171875,121.29185485839844,6529900.0
2021-06-14,135.1999969482422,137.30999755859375,134.7899932861328,137.30999755859375,123.7155303955078,7912600.0
2021-06-15,137.13999938964844,137.3800048828125,135.22999572753906,135.5800018310547,122.15684509277344,5723600.0
2021-06-16,136.47000122070312,137.0500030517578,133.66000366210938,134.9499969482422,121.58918762207033,7404700.0
2021-06-17,134.30999755859375,136.6199951171875,134.08999633789062,135.35000610351562,121.9496078491211,6618300.0
2021-06-18,134.5500030517578,134.5800018310547,132.24000549316406,133.0,119.83224487304688,12753600.0
2021-06-21,133.0500030517578,135.10000610351562,132.66000366210938,133.9600067138672,120.69721221923828,6371400.0
2021-06-22,134.22000122070312,135.30999755859375,133.2899932861328,135.0800018310547,121.70633697509766,5976400.0
2021-06-23,134.88999938964844,136.22999572753906,134.80999755859375,135.52000427246094,122.1027603149414,6613800.0
2021-06-24,136.6199951171875,138.50999450683594,136.35000610351562,137.9199981689453,124.26515197753906,7941700.0
2021-06-25,138.4499969482422,139.47000122070312,136.97000122070312,137.64999389648438,124.0218505859375,7949200.0
2021-06-28,138.22999572753906,140.1699981689453,137.97999572753906,139.72000122070312,125.88693237304688,6645500.0
2021-06-29,139.6300048828125,142.9499969482422,139.25,142.6199951171875,128.49978637695312,6885400.0
2021-06-30,142.35000610351562,143.6300048828125,141.83999633789062,142.92999267578125,128.7791290283203,6449700.0
2021-07-01,142.91000366210938,143.02000427246094,140.35000610351562,140.8000030517578,126.86003112792967,6094100.0
2021-07-02,141.99000549316406,142.67999267578125,141.25,142.5800018310547,128.46376037597656,5399100.0
2021-07-06,143.0,143.17999267578125,139.67999267578125,141.19000244140625,127.21136474609376,7095200.0
2021-07-07,142.24000549316406,142.36000061035156,139.05999755859375,139.97000122070312,126.11217498779295,5034900.0
2021-07-08,137.72000122070312,138.8699951171875,135.60000610351562,138.2899932861328,124.59850311279295,7501100.0
2021-07-09,137.88999938964844,141.72999572753906,137.80999755859375,141.42999267578125,127.42762756347656,7356800.0
2021-07-12,141.39999389648438,143.02000427246094,141.1999969482422,142.47000122070312,128.3647003173828,6786500.0
2021-07-13,142.44000244140625,142.66000366210938,140.4199981689453,141.17999267578125,127.202392578125,5657600.0
2021-07-14,143.5,146.33999633789062,142.5,143.75,129.51792907714844,11305700.0
2021-07-15,144.1199951171875,144.13999938964844,140.72000122070312,141.4600067138672,127.45464324951172,6667400.0
2021-07-16,141.8699951171875,142.50999450683594,139.52999877929688,139.7100067138672,125.8779296875,5914300.0
2021-07-19,138.32000732421875,138.89999389648438,136.80999755859375,138.7899932861328,125.04901885986328,9371300.0
2021-07-20,139.02000427246094,140.4199981689453,137.1999969482422,139.5500030517578,125.73377990722656,6020400.0
2021-07-21,139.64999389648438,142.22000122070312,139.64999389648438,142.1699981689453,128.0943603515625,6161900.0
2021-07-22,142.0,142.85000610351562,141.5,142.44000244140625,128.33766174316406,3862600.0
2021-07-23,143.4499969482422,144.99000549316406,142.02999877929688,144.8800048828125,130.5360565185547,6310400.0
2021-07-26,143.9499969482422,144.3800048828125,142.24000549316406,143.5,129.29266357421875,6253900.0
2021-07-27,142.49000549316406,143.0,138.2100067138672,140.92999267578125,126.97711181640624,7575800.0
2021-07-28,141.27000427246094,142.91000366210938,140.13999938964844,142.44000244140625,128.33766174316406,9303400.0
2021-07-29,146.5,151.52000427246094,146.41000366210938,150.99000549316406,136.0411376953125,19446900.0
2021-07-30,149.1999969482422,150.41000366210938,148.36000061035156,149.8000030517578,134.96900939941406,8404800.0
2021-08-02,150.0,152.27999877929688,148.2100067138672,148.86000061035156,134.1220245361328,10823800.0
2021-08-03,148.91000366210938,149.5800018310547,146.55999755859375,147.9499969482422,133.30215454101562,6223400.0
2021-08-04,148.02000427246094,149.1999969482422,147.3300018310547,148.22000122070312,133.54539489746094,5556400.0
2021-08-05,147.24000549316406,147.47000122070312,144.57000732421875,146.8300018310547,132.29302978515625,7169200.0
2021-08-06,146.1300048828125,148.22999572753906,145.9199981689453,146.27999877929688,131.79745483398438,5733300.0
2021-08-09,146.7899932861328,147.72000122070312,145.75,146.9199981689453,132.3740692138672,4966600.0
2021-08-10,147.32000732421875,147.5,142.39999389648438,145.8699951171875,131.427978515625,4197100.0
2021-08-11,146.05999755859375,146.7899932861328,144.39999389648438,146.67999267578125,132.15785217285156,6216000.0
2021-08-12,147.75999450683594,148.0,146.38999938964844,147.14999389648438,132.581298828125,5777700.0
2021-08-13,147.0,149.30999755859375,146.92999267578125,148.63999938964844,133.923828125,5764000.0
2021-08-16,148.39999389648438,149.0800018310547,146.72000122070312,148.1300048828125,133.46429443359375,4410800.0
2021-08-17,146.9499969482422,147.0,143.57000732421875,144.41000366210938,130.11257934570312,7256800.0
2021-08-18,143.83999633789062,144.66000366210938,141.97999572753906,142.17999267578125,128.10337829589844,6546500.0
2021-08-19,140.64999389648438,141.4499969482422,138.9600067138672,140.61000061035156,126.68880462646484,8661000.0
2021-08-20,140.61000061035156,142.25999450683594,140.3000030517578,142.08999633789062,128.02227783203125,6141000.0
2021-08-23,142.64999389648438,144.61000061035156,142.35000610351562,144.13999938964844,129.86932373046875,6936900.0
2021-08-24,144.58999633789062,145.58999633789062,143.83999633789062,144.4600067138672,130.15768432617188,7066800.0
2021-08-25,144.4600067138672,145.42999267578125,143.47000122070312,143.8699951171875,129.6260528564453,5721600.0
2021-08-26,143.19000244140625,143.75999450683594,141.6199951171875,142.3800048828125,128.28359985351562,6825100.0
2021-08-27,142.1999969482422,144.9499969482422,141.9199981689453,144.85000610351562,130.509033203125,6274500.0
2021-08-30,145.58999633789062,147.86000061035156,145.55999755859375,145.94000244140625,131.49110412597656,5263600.0
2021-08-31,146.8000030517578,147.52999877929688,144.55999755859375,146.69000244140625,132.16688537597656,7820500.0
2021-09-01,146.83999633789062,148.10000610351562,146.22000122070312,146.4499969482422,132.5651397705078,6451400.0
2021-09-02,146.6999969482422,146.88999938964844,144.50999450683594,145.1199951171875,131.3612060546875,6006700.0
2021-09-03,145.1199951171875,145.99000549316406,144.22999572753906,144.6300048828125,130.9176788330078,5505800.0
2021-09-07,144.67999267578125,144.75999450683594,143.1199951171875,143.75,130.12112426757812,6361200.0
2021-09-08,143.36000061035156,143.6199951171875,141.49000549316406,142.52000427246094,129.00778198242188,5981300.0
2021-09-09,142.47000122070312,143.5399932861328,141.4499969482422,141.5800018310547,128.15689086914062,6190800.0
2021-09-10,143.1300048828125,146.0,142.5399932861328,142.67999267578125,129.15257263183594,6263300.0
2021-09-13,144.02000427246094,144.72999572753906,142.02999877929688,143.41000366210938,129.81336975097656,4312800.0
2021-09-14,144.47000122070312,144.80999755859375,140.6199951171875,141.13999938964844,127.75858306884766,6442100.0
2021-09-15,140.80999755859375,141.0,137.52000427246094,138.24000549316406,125.13355255126952,11289100.0
2021-09-16,137.32000732421875,138.9600067138672,137.32000732421875,138.39999389648438,125.27838134765624,6719900.0
2021-09-17,137.80999755859375,138.0,133.13999938964844,133.60000610351562,120.9334716796875,14550500.0
2021-09-20,131.47000122070312,133.1199951171875,130.61000061035156,132.75999450683594,120.17311096191406,9647100.0
2021-09-21,133.58999633789062,133.91000366210938,131.27999877929688,131.75,119.25885009765624,6175300.0
2021-09-22,132.58999633789062,133.49000549316406,131.97999572753906,133.00999450683594,120.3993682861328,5163000.0
2021-09-23,133.75,135.16000366210938,133.22000122070312,133.91000366210938,121.2140655517578,5918900.0
2021-09-24,133.11000061035156,134.5500030517578,132.8000030517578,133.8800048828125,121.1869125366211,4554600.0
2021-09-27,132.42999267578125,134.0399932861328,132.02000427246094,133.47999572753906,120.82483673095705,4319500.0
2021-09-28,131.75,132.74000549316406,129.6999969482422,129.89999389648438,117.584228515625,8851700.0
2021-09-29,130.58999633789062,131.4499969482422,128.88999938964844,129.27999877929688,117.02304077148438,7037200.0
2021-09-30,130.35000610351562,131.0800018310547,128.6999969482422,128.97999572753906,116.75145721435548,6976800.0
2021-10-01,129.8000030517578,130.02000427246094,126.47000122070312,128.7100067138672,116.50706481933594,6863700.0
2021-10-04,128.9199981689453,129.7899932861328,125.91999816894533,126.68000030517578,114.66952514648438,8470300.0
2021-10-05,126.12999725341795,128.77000427246094,125.69000244140624,127.52999877929688,115.4389419555664,9244300.0
2021-10-06,126.5500030517578,128.27000427246094,126.06999969482422,128.05999755859375,115.918701171875,8513700.0
2021-10-07,129.25999450683594,130.72000122070312,127.58999633789062,127.83999633789062,115.71954345703124,8010600.0
2021-10-08,128.58999633789062,128.58999633789062,126.20999908447266,126.5500030517578,114.55186462402344,6920500.0
2021-10-11,126.05999755859376,127.2300033569336,124.87999725341795,124.94000244140624,113.09452056884766,6288200.0
2021-10-12,125.37999725341795,125.47000122070312,122.16999816894533,122.9499969482422,111.29317474365234,10531500.0
2021-10-13,125.1999969482422,126.31999969482422,123.5199966430664,125.04000091552734,113.18502807617188,12373800.0
2021-10-14,126.16000366210938,129.3000030517578,125.98999786376952,128.66000366210938,116.4618148803711,10637900.0
2021-10-15,129.02000427246094,130.47999572753906,128.67999267578125,130.1999969482422,117.8558120727539,7609700.0
2021-10-18,129.32000732421875,130.27000427246094,128.24000549316406,130.1199951171875,117.78338623046876,5290000.0
2021-10-19,131.02000427246094,132.8000030517578,130.32000732421875,132.5,119.93772888183594,7330700.0
2021-10-20,132.5,133.00999450683594,131.25999450683594,132.16000366210938,119.62997436523438,4804100.0
2021-10-21,132.0,133.25999450683594,131.39999389648438,133.0500030517578,120.43560028076172,4579200.0
2021-10-22,132.89999389648438,133.69000244140625,131.42999267578125,131.6199951171875,119.14115142822266,5216200.0
2021-10-25,131.82000732421875,133.1699981689453,131.3000030517578,131.92999267578125,119.42179107666016,4876300.0
2021-10-26,132.89999389648438,133.7899932861328,131.07000732421875,131.94000244140625,119.43083953857422,5802200.0
2021-10-27,131.94000244140625,132.36000061035156,130.50999450683594,131.1999969482422,118.76097106933594,5090400.0
2021-10-28,131.99000549316406,133.8300018310547,131.8699951171875,133.69000244140625,121.0149154663086,5016700.0
2021-10-29,132.86000061035156,133.67999267578125,132.4499969482422,133.0399932861328,120.42654418945312,5251100.0
2021-11-01,132.44000244140625,134.8699951171875,132.44000244140625,134.80999755859375,122.0287094116211,6903000.0
2021-11-02,134.5500030517578,135.72999572753906,134.1199951171875,135.22999572753906,122.4089126586914,7321900.0
2021-11-03,135.75,138.85000610351562,135.0399932861328,138.47999572753906,125.35077667236328,13216000.0
2021-11-04,156.32000732421875,159.5800018310547,153.3000030517578,156.11000061035156,141.30929565429688,48321500.0
2021-11-05,157.07000732421875,168.5500030517578,155.91000366210938,163.02999877929688,147.57321166992188,27226600.0
2021-11-08,163.2100067138672,167.7100067138672,161.27999877929688,165.85000610351562,150.1258544921875,14541400.0
2021-11-09,166.50999450683594,169.52000427246094,164.3800048828125,166.74000549316406,150.93148803710938,12353900.0
2021-11-10,165.08999633789062,166.1199951171875,159.02999877929688,159.8000030517578,144.64944458007812,11327100.0
2021-11-11,161.8000030517578,165.55999755859375,161.38999938964844,164.4199981689453,148.83143615722656,7624200.0
2021-11-12,165.0,166.02000427246094,164.3300018310547,164.94000244140625,149.30213928222656,7371000.0
2021-11-15,166.5,169.94000244140625,165.80999755859375,168.50999450683594,152.53366088867188,12350200.0
2021-11-16,168.11000061035156,183.72999572753903,167.05999755859375,181.80999755859375,164.5726776123047,33338200.0
2021-11-17,180.7899932861328,186.3300018310547,178.6300048828125,183.5399932861328,166.13865661621094,21678900.0
2021-11-18,185.2400054931641,188.72000122070312,182.75,186.32000732421875,168.6551055908203,15542600.0
2021-11-19,184.69000244140625,186.6000061035156,182.3000030517578,185.0,167.4602508544922,11889100.0
2021-11-22,181.11000061035156,188.77000427246097,180.97999572753903,181.3999938964844,164.20156860351562,16062800.0
2021-11-23,180.33999633789065,181.3300018310547,177.02000427246094,180.94000244140625,163.78517150878906,10696200.0
2021-11-24,179.52000427246094,180.77999877929688,177.3300018310547,180.7100067138672,163.5769500732422,7886200.0
2021-11-26,175.6699981689453,180.25,175.05999755859375,175.74000549316406,159.07818603515625,7835900.0
2021-11-29,179.47999572753906,184.07000732421875,179.0,183.7400054931641,166.31973266601562,10440500.0
2021-11-30,183.22000122070312,186.80999755859375,180.33999633789065,180.55999755859375,163.44119262695312,19309200.0
2021-12-01,180.88999938964844,183.1499938964844,175.32000732421875,175.6300048828125,159.57957458496094,10637700.0
2021-12-02,172.08999633789062,177.88999938964844,171.2100067138672,177.02999877929688,160.85165405273438,13101400.0
2021-12-03,178.0399932861328,180.27000427246097,173.7100067138672,176.50999450683594,160.37916564941406,12111800.0
2021-12-06,176.8800048828125,176.97999572753906,172.27000427246094,175.4499969482422,159.41603088378906,8577500.0
2021-12-07,179.07000732421875,184.77999877929688,178.5,183.72000122070312,166.93026733398438,9910100.0
2021-12-08,183.0099945068359,183.72000122070312,180.77999877929688,182.6300048828125,165.93991088867188,4799400.0
2021-12-09,181.77000427246097,187.83999633789065,181.5099945068359,182.2599945068359,165.6036834716797,9398900.0
2021-12-10,185.5500030517578,185.5500030517578,181.1499938964844,183.8800048828125,167.07566833496094,6854800.0
2021-12-13,186.8500061035156,191.3000030517578,183.11000061035156,183.32000732421875,166.5668182373047,16346800.0
2021-12-14,181.1999969482422,183.8999938964844,179.41000366210938,181.97999572753903,165.34927368164062,8542800.0
2021-12-15,183.97000122070312,189.77999877929688,179.97999572753906,189.27999877929688,171.982177734375,11082000.0
2021-12-16,190.3000030517578,192.67999267578125,176.11000061035156,178.14999389648438,161.86927795410156,14873000.0
2021-12-17,175.72999572753906,180.1199951171875,175.02000427246094,176.8000030517578,160.6427001953125,16232300.0
2021-12-20,174.2899932861328,177.0800018310547,173.4600067138672,176.6699981689453,160.52455139160156,6306400.0
2021-12-21,179.3800048828125,180.1499938964844,174.22000122070312,179.5800018310547,163.16860961914062,7702400.0
2021-12-22,179.0,181.52000427246097,177.6300048828125,181.3800048828125,164.80410766601562,5227200.0
2021-12-23,181.52999877929688,183.7100067138672,181.3800048828125,182.7400054931641,166.0398406982422,4918900.0
2021-12-27,183.2100067138672,186.41000366210935,183.02000427246097,186.3300018310547,169.3017120361328,4865900.0
2021-12-28,186.58999633789065,186.72999572753903,183.4900054931641,184.82000732421875,167.9297637939453,5399400.0
2021-12-29,184.67999267578125,187.38999938964844,184.55999755859375,186.1999969482422,169.1836395263672,5417200.0
2021-12-30,185.8800048828125,186.52000427246097,182.30999755859375,182.72999572753903,166.03074645996094,4108400.0
2021-12-31,183.30999755859375,185.1499938964844,182.6000061035156,182.8699951171875,166.15794372558594,4113300.0
2022-01-03,182.91000366210935,186.8800048828125,182.2400054931641,186.2100067138672,169.19273376464844,5990200.0
2022-01-04,187.0,188.92999267578125,181.0099945068359,187.22999572753903,170.1195068359375,8484200.0
2022-01-05,186.5,193.5800018310547,184.72999572753903,186.5,169.4562225341797,17141200.0
2022-01-06,184.52000427246097,188.47000122070312,183.0,185.9499969482422,168.95648193359375,9117700.0
2022-01-07,186.6000061035156,188.36000061035156,180.1199951171875,180.41000366210935,163.92276000976562,7386200.0
2022-01-10,178.27000427246094,180.0,173.75999450683594,179.67999267578125,163.2594757080078,11159300.0
2022-01-11,179.19000244140625,185.6499938964844,177.22000122070312,185.3999938964844,168.45672607421875,9591000.0
2022-01-12,186.6000061035156,189.4600067138672,185.19000244140625,186.4199981689453,169.38351440429688,7317500.0
2022-01-13,188.6999969482422,191.5800018310547,183.2899932861328,183.88999938964844,167.08473205566406,10190900.0
2022-01-14,182.8000030517578,190.08999633789065,182.0099945068359,188.69000244140625,171.446044921875,9587300.0
2022-01-18,185.8699951171875,186.0,178.27000427246094,178.86000061035156,162.514404296875,10471200.0
2022-01-19,180.57000732421875,181.2100067138672,172.27000427246094,172.47000122070312,156.7083740234375,10082700.0
2022-01-20,174.52999877929688,174.99000549316406,166.2899932861328,166.5,151.2839813232422,9468500.0
2022-01-21,166.24000549316406,172.0399932861328,164.57000732421875,164.92999267578125,149.85745239257812,11898700.0
2022-01-24,162.17999267578125,170.82000732421875,158.60000610351562,170.07000732421875,154.52769470214844,17489100.0
2022-01-25,166.1699981689453,170.32000732421875,161.1999969482422,165.4499969482422,150.32989501953125,10708500.0
2022-01-26,168.5800018310547,174.5500030517578,163.89999389648438,167.0,151.73825073242188,10492200.0
2022-01-27,169.30999755859375,171.4499969482422,160.61000061035156,161.1999969482422,146.46829223632812,10743000.0
2022-01-28,162.00999450683594,166.94000244140625,157.3800048828125,166.80999755859375,151.56561279296875,10320800.0
2022-01-31,167.05999755859375,175.9499969482422,165.8000030517578,175.75999450683594,159.69769287109375,11273500.0
2022-02-01,176.44000244140625,177.42999267578125,173.11000061035156,177.1300048828125,160.9425048828125,9724600.0
2022-02-02,180.94000244140625,188.63999938964844,180.2599945068359,188.1999969482422,171.0008544921875,25646300.0
2022-02-03,180.8000030517578,192.1000061035156,177.2899932861328,179.10000610351562,162.73251342773438,36120200.0
2022-02-04,178.99000549316406,182.41000366210935,176.80999755859375,179.47000122070312,163.06866455078125,15708400.0
2022-02-07,179.6699981689453,180.6499938964844,174.44000244140625,175.08999633789062,159.08892822265625,10376300.0
2022-02-08,174.30999755859375,179.2899932861328,173.97999572753906,178.58999633789062,162.26907348632812,10163900.0
2022-02-09,181.3999938964844,184.0,178.9499969482422,183.9499969482422,167.13926696777344,9666900.0
2022-02-10,179.39999389648438,181.9900054931641,173.4499969482422,174.07000732421875,158.16213989257812,14362200.0
2022-02-11,174.6999969482422,175.47999572753906,163.5500030517578,164.63999938964844,149.59393310546875,13572000.0
2022-02-14,165.35000610351562,167.85000610351562,162.47999572753906,165.1300048828125,150.0391845703125,8381700.0
2022-02-15,169.0,173.9600067138672,168.25,173.0,157.18997192382812,11100000.0
2022-02-16,170.67999267578125,173.2100067138672,168.25999450683594,172.60000610351562,156.82650756835938,8340600.0
2022-02-17,169.8800048828125,170.77000427246094,166.6999969482422,166.8000030517578,151.5565643310547,8878900.0
2022-02-18,167.47000122070312,170.4499969482422,164.24000549316406,167.63999938964844,152.31980895996094,9591700.0
2022-02-22,164.05999755859375,169.9600067138672,163.60000610351562,165.88999938964844,150.72970581054688,9835500.0
2022-02-23,166.64999389648438,169.16000366210938,161.32000732421875,161.6199951171875,146.84991455078125,9749000.0
2022-02-24,156.88999938964844,168.36000061035156,155.7899932861328,167.97999572753906,152.62872314453125,12567000.0
2022-02-25,167.61000061035156,171.08999633789062,165.60000610351562,170.92999267578125,155.30908203125,7350200.0
2022-02-28,168.3000030517578,172.99000549316406,168.1999969482422,171.99000549316406,156.27227783203125,10638900.0
2022-03-01,170.9600067138672,171.83999633789062,161.72000122070312,163.69000244140625,148.7307891845703,10723300.0
2022-03-02,165.25,170.49000549316406,164.35000610351562,169.25,154.42416381835938,7299400.0
2022-03-03,170.6699981689453,170.8300018310547,164.5,165.35000610351562,150.86575317382812,8553900.0
2022-03-04,163.85000610351562,166.07000732421875,159.88999938964844,162.25999450683594,148.0464630126953,9057300.0
2022-03-07,162.32000732421875,163.16000366210938,150.0,150.10000610351562,136.95166015625,13416100.0
2022-03-08,150.66000366210938,158.33999633789062,147.8800048828125,150.75999450683594,137.55381774902344,11878400.0
2022-03-09,156.00999450683594,158.47999572753906,154.1699981689453,157.11000061035156,143.3475799560547,9276800.0
2022-03-10,154.0399932861328,155.3000030517578,150.3300018310547,154.7100067138672,141.15782165527344,8888800.0
2022-03-11,157.9499969482422,158.32000732421875,152.02000427246094,152.33999633789062,138.99539184570312,7394400.0
2022-03-14,150.8000030517578,151.2899932861328,140.47000122070312,141.2899932861328,128.91339111328125,16154200.0
2022-03-15,142.5,144.42999267578125,139.0500030517578,144.2100067138672,131.5775909423828,13893000.0
2022-03-16,146.97000122070312,151.55999755859375,143.57000732421875,150.4499969482422,137.27096557617188,11727700.0
2022-03-17,149.19000244140625,152.94000244140625,146.5800018310547,152.8300018310547,139.44252014160156,8602900.0
2022-03-18,152.52000427246094,156.02999877929688,149.00999450683594,153.99000549316406,140.5009002685547,18454200.0
2022-03-21,153.99000549316406,157.7100067138672,152.80999755859375,155.58999633789062,141.9607696533203,8986400.0
2022-03-22,155.4499969482422,159.94000244140625,154.77000427246094,157.61000061035156,143.8037872314453,7220500.0
2022-03-23,156.11000061035156,157.2100067138672,152.5800018310547,152.8699951171875,139.47900390625,7245600.0
2022-03-24,154.3000030517578,158.55999755859375,153.58999633789062,158.4600067138672,144.579345703125,9261000.0
2022-03-25,157.97000122070312,158.4600067138672,155.17999267578125,157.97000122070312,144.1322479248047,7198700.0
2022-03-28,156.5,158.5,154.0500030517578,158.4499969482422,144.57022094726562,9470800.0
2022-03-29,161.2100067138672,161.3000030517578,156.64999389648438,161.07000732421875,146.96070861816406,10212400.0
2022-03-30,159.38999938964844,160.27000427246094,151.7899932861328,152.72999572753906,139.35128784179688,14777800.0
2022-03-31,152.88999938964844,155.13999938964844,151.02999877929688,152.82000732421875,139.43336486816406,13364200.0
2022-04-01,151.94000244140625,152.8699951171875,142.55999755859375,146.99000549316406,134.1140899658203,19762100.0
2022-04-04,147.74000549316406,154.1300048828125,146.66000366210938,153.80999755859375,140.33663940429688,12116000.0
2022-04-05,151.80999755859375,152.00999450683594,145.27000427246094,145.4600067138672,132.71810913085938,15946100.0
2022-04-06,142.89999389648438,143.0,137.4600067138672,139.27999877929688,127.0794448852539,21054200.0
2022-04-07,139.7899932861328,141.49000549316406,136.9199981689453,139.22000122070312,127.02471160888672,10201200.0
2022-04-08,138.5399932861328,139.9600067138672,136.36000061035156,136.69000244140625,124.7163314819336,12992500.0
2022-04-11,134.2899932861328,137.61000061035156,133.69000244140625,135.36000061035156,123.5028076171875,11210400.0
2022-04-12,137.9199981689453,140.16000366210938,135.5,136.08999633789062,124.16889190673828,10591300.0
2022-04-13,137.5399932861328,142.58999633789062,136.47999572753906,140.5,128.19256591796875,10440800.0
2022-04-14,141.0500030517578,141.55999755859375,136.67999267578125,136.91000366210938,124.91705322265624,8002600.0
2022-04-18,135.6199951171875,140.35000610351562,135.55999755859375,139.32000732421875,127.11595916748048,8785700.0
2022-04-19,138.8300018310547,141.39999389648438,137.5399932861328,141.0500030517578,128.6944122314453,7213800.0
2022-04-20,143.2100067138672,144.80999755859375,140.05999755859375,140.33999633789062,128.04661560058594,7731600.0
2022-04-21,142.33999633789062,143.63999938964844,135.25999450683594,136.11000061035156,124.1871337890625,8576500.0
2022-04-22,136.1300048828125,137.3300018310547,132.64999389648438,132.80999755859375,121.17620849609376,8315100.0
2022-04-25,131.32000732421875,136.80999755859375,130.91000366210938,136.55999755859375,124.59772491455078,9673200.0
2022-04-26,135.02000427246094,136.35000610351562,132.6300048828125,133.5,121.8057632446289,9262800.0
2022-04-27,130.82000732421875,138.11000061035156,130.66000366210938,135.10000610351562,123.265625,13855900.0
2022-04-28,142.8699951171875,151.1999969482422,139.1300048828125,148.19000244140625,135.20896911621094,31111100.0
2022-04-29,145.80999755859375,147.5,139.52000427246094,139.69000244140625,127.45353698730467,13693100.0
2022-05-02,140.60000610351562,145.66000366210938,139.16000366210938,145.27000427246094,132.54473876953125,13320900.0
2022-05-03,144.7100067138672,145.69000244140625,142.75999450683594,144.25999450683594,131.6232147216797,7556800.0
2022-05-04,144.5800018310547,149.5,140.35000610351562,149.0500030517578,135.99362182617188,11038100.0
2022-05-05,146.97999572753906,146.97999572753906,139.17999267578125,141.63999938964844,129.23272705078125,14561400.0
2022-05-06,141.25,144.10000610351562,137.8800048828125,140.5800018310547,128.2655487060547,10080600.0
2022-05-09,137.99000549316406,140.11000061035156,134.05999755859375,134.9199981689453,123.1013641357422,11668100.0
2022-05-10,139.5,139.8000030517578,134.6300048828125,136.80999755859375,124.82584381103516,8841200.0
2022-05-11,135.02999877929688,138.2899932861328,131.88999938964844,132.3000030517578,120.7108917236328,11530900.0
2022-05-12,131.0,133.05999755859375,127.81999969482422,131.77000427246094,120.2273178100586,10749800.0
2022-05-13,134.2899932861328,135.99000549316406,132.5,134.92999267578125,123.1104736328125,9280700.0
2022-05-16,133.97999572753906,135.97999572753906,132.0,133.91000366210938,122.17984008789062,6378800.0
2022-05-17,137.25,140.0,136.6999969482422,139.69000244140625,127.45353698730467,9094100.0
2022-05-18,136.8300018310547,137.27999877929688,129.8800048828125,130.4499969482422,119.02293395996094,11992700.0
2022-05-19,130.4499969482422,133.38999938964844,129.47999572753906,130.57000732421875,119.13241577148438,8419500.0
2022-05-20,132.8800048828125,133.2899932861328,125.86000061035156,131.60000610351562,120.0722198486328,11370100.0
2022-05-23,129.9499969482422,132.42999267578125,128.14999389648438,132.1199951171875,120.54664611816406,10023400.0
2022-05-24,130.33999633789062,130.33999633789062,126.0500030517578,128.52999877929688,117.27113342285156,9157100.0
2022-05-25,127.8000030517578,132.07000732421875,127.25,131.22999572753906,119.7345962524414,9766000.0
2022-05-26,130.00999450683594,136.0,129.86000061035156,134.83999633789062,123.02838897705078,7932800.0
2022-05-27,136.10000610351562,140.13999938964844,136.10000610351562,139.75999450683594,127.51739501953124,9180800.0
2022-05-31,139.5,143.97000122070312,137.44000244140625,143.22000122070312,130.67431640625,16007300.0
2022-06-01,142.5500030517578,143.91000366210938,138.1699981689453,140.02000427246094,128.4271697998047,8514300.0
2022-06-02,140.25999450683594,146.25,139.6999969482422,146.1999969482422,134.0955047607422,9589500.0
2022-06-03,142.17999267578125,143.44000244140625,140.61000061035156,141.22000122070312,129.52780151367188,7458900.0
2022-06-06,144.9499969482422,144.97000122070312,139.9199981689453,140.44000244140625,128.8123779296875,7238700.0
2022-06-07,139.1300048828125,142.14999389648438,138.49000549316406,141.88999938964844,130.14231872558594,6062800.0
2022-06-08,140.75,141.75999450683594,137.4499969482422,138.9600067138672,127.4549331665039,6773000.0
2022-06-09,137.77000427246094,140.44000244140625,136.69000244140625,136.7100067138672,125.3912124633789,7153200.0
2022-06-10,134.75,136.05999755859375,132.4199981689453,133.1999969482422,122.17182159423828,8544700.0
2022-06-13,130.58999633789062,131.35000610351562,126.5999984741211,128.66000366210938,118.0077133178711,12320900.0
2022-06-14,130.2100067138672,131.92999267578125,128.82000732421875,130.25999450683594,119.47522735595705,6794700.0
2022-06-15,131.6699981689453,133.27999877929688,128.2100067138672,131.02999877929688,120.18148040771484,7860000.0
2022-06-16,126.26000213623048,126.6500015258789,119.02999877929688,120.81999969482422,110.81680297851562,16422800.0
2022-06-17,121.41999816894533,122.83000183105467,118.36000061035156,120.98999786376952,110.97273254394533,17273400.0
2022-06-21,123.7699966430664,126.12000274658205,123.72000122070312,124.38999938964844,114.09122467041016,9208500.0
2022-06-22,121.8000030517578,123.66000366210938,120.36000061035156,122.16000366210938,112.04584503173828,9081000.0
2022-06-23,122.75,122.93000030517578,118.2300033569336,120.08999633789062,110.14724731445312,7908900.0
2022-06-24,122.37999725341795,125.37000274658205,121.76000213623048,125.0999984741211,114.74244689941406,8128000.0
2022-06-27,126.1999969482422,130.0399932861328,125.44000244140624,127.18000030517578,116.65023040771484,9947300.0
2022-06-28,129.77999877929688,136.4499969482422,126.5999984741211,131.60000610351562,120.70430755615234,27081900.0
2022-06-29,130.0800018310547,131.57000732421875,126.9000015258789,130.22999572753906,119.44770050048828,9973300.0
2022-06-30,127.61000061035156,130.08999633789062,125.33000183105467,127.73999786376952,117.1638641357422,9277900.0
2022-07-01,125.75,126.76000213623048,122.0999984741211,123.52999877929688,113.30242919921876,7672800.0
2022-07-05,121.0999984741211,126.16999816894533,120.36000061035156,125.83000183105467,115.41200256347656,8113100.0
2022-07-06,126.05999755859376,128.22999572753906,125.05999755859376,127.05999755859376,116.54016876220705,6038400.0
2022-07-07,130.64999389648438,134.7100067138672,130.25999450683594,134.39999389648438,123.2724609375,9408100.0
2022-07-08,132.52000427246094,136.38999938964844,131.6199951171875,136.00999450683594,124.74915313720705,8393200.0
2022-07-11,133.58999633789062,134.60000610351562,131.32000732421875,132.24000549316406,121.29131317138672,5887200.0
2022-07-12,133.74000549316406,135.35000610351562,131.9600067138672,132.9499969482422,121.94251251220705,5991300.0
2022-07-13,130.5500030517578,136.77999877929688,130.52000427246094,135.63999938964844,124.40979766845705,7200200.0
2022-07-14,134.94000244140625,142.35000610351562,133.85000610351562,141.89999389648438,130.15150451660156,10718700.0
2022-07-15,143.75999450683594,145.47999572753906,142.02999877929688,144.3699951171875,132.41700744628906,11880500.0
2022-07-18,145.97000122070312,146.42999267578125,140.82000732421875,141.69000244140625,129.95887756347656,7856600.0
2022-07-19,144.13999938964844,148.47000122070312,143.17999267578125,147.3699951171875,135.1686248779297,9686500.0
2022-07-20,147.42999267578125,152.3300018310547,146.6199951171875,151.7100067138672,139.1492919921875,8517400.0
2022-07-21,152.8800048828125,155.9199981689453,150.6300048828125,155.86000061035156,142.95570373535156,8060400.0
2022-07-22,155.66000366210938,156.66000366210938,152.35000610351562,153.6999969482422,140.97451782226562,7200100.0
2022-07-25,152.8000030517578,154.0399932861328,151.6699981689453,153.25,140.56178283691406,4928900.0
2022-07-26,152.6199951171875,152.6999969482422,149.80999755859375,149.97000122070312,137.55335998535156,5941800.0
2022-07-27,151.52999877929688,154.8000030517578,150.5500030517578,153.4199981689453,140.71771240234375,12863000.0
2022-07-28,149.77999877929688,149.99000549316406,143.0,146.4499969482422,134.32479858398438,17051000.0
2022-07-29,144.60000610351562,145.30999755859375,140.6699981689453,145.05999755859375,133.04986572265625,11749400.0
2022-08-01,144.30999755859375,149.4600067138672,144.07000732421875,147.42999267578125,135.22366333007812,7611400.0
2022-08-02,145.69000244140625,149.39999389648438,144.83999633789062,147.02999877929688,134.8567657470703,5946400.0
2022-08-03,147.66000366210938,150.33999633789062,146.58999633789062,149.16000366210938,136.81040954589844,6890200.0
2022-08-04,148.67999267578125,151.16000366210938,147.7100067138672,151.00999450683594,138.5072784423828,6254700.0
2022-08-05,148.57000732421875,151.27999877929688,147.6699981689453,150.2100067138672,137.77346801757812,5041300.0
2022-08-08,149.80999755859375,151.19000244140625,146.5500030517578,147.80999755859375,135.5722198486328,5553300.0
2022-08-09,145.58999633789062,146.5,141.30999755859375,142.50999450683594,130.71096801757812,6770800.0
2022-08-10,145.85000610351562,147.17999267578125,143.69000244140625,146.99000549316406,134.82009887695312,6840000.0
2022-08-11,148.30999755859375,151.63999938964844,147.02000427246094,147.8300018310547,135.5905303955078,6243200.0
2022-08-12,148.0,151.47000122070312,147.17999267578125,151.2899932861328,138.7640380859375,4967500.0
2022-08-15,150.32000732421875,152.6999969482422,148.39999389648438,152.1300048828125,139.53451538085938,4502900.0
2022-08-16,151.4499969482422,152.49000549316406,148.85000610351562,150.02999877929688,137.60838317871094,5270800.0
2022-08-17,148.22999572753906,149.6300048828125,146.36000061035156,148.52999877929688,136.23260498046875,5169600.0
2022-08-18,148.07000732421875,152.91000366210938,147.75999450683594,151.3800048828125,138.8466033935547,7808200.0
2022-08-19,149.2899932861328,150.3800048828125,146.89999389648438,147.60000610351562,135.37957763671875,5400300.0
2022-08-22,145.3000030517578,145.80999755859375,141.10000610351562,141.61000061035156,129.88552856445312,6736800.0
2022-08-23,142.08999633789062,143.61000061035156,140.55999755859375,140.72000122070312,129.0691680908203,4499300.0
2022-08-24,140.25,141.7100067138672,138.61000061035156,141.30999755859375,129.61036682128906,5113100.0
2022-08-25,142.33999633789062,147.0,142.02000427246094,146.25,134.14134216308594,5618800.0
2022-08-26,146.16000366210938,147.36000061035156,138.0500030517578,138.3800048828125,126.9229507446289,7918600.0
2022-08-29,137.80999755859375,139.1300048828125,136.11000061035156,137.0800018310547,125.73058319091795,6852300.0
2022-08-30,137.8000030517578,138.3000030517578,132.94000244140625,134.41000366210938,123.2816390991211,6147400.0
2022-08-31,133.7899932861328,134.1699981689453,131.3000030517578,132.27000427246094,121.99954986572266,8701100.0
2022-09-01,129.97999572753906,130.1300048828125,126.08000183105467,129.9199981689453,119.83202362060548,8716300.0
2022-09-02,131.63999938964844,132.6699981689453,127.55999755859376,128.47999572753906,118.50383758544922,6121400.0
2022-09-06,128.83999633789062,129.52000427246094,126.20999908447266,126.66999816894533,116.83439636230467,6674200.0
2022-09-07,127.47000122070312,129.77999877929688,126.37000274658205,128.60000610351562,118.61451721191406,5340100.0
2022-09-08,127.47000122070312,129.8000030517578,125.9000015258789,128.85000610351562,118.84513854980467,6618800.0
2022-09-09,130.67999267578125,132.61000061035156,130.30999755859375,132.0500030517578,121.79666137695312,5097300.0
2022-09-12,133.0,134.22000122070312,132.32000732421875,133.0,122.67288970947266,7081300.0
2022-09-13,128.3800048828125,129.89999389648438,124.48999786376952,124.93000030517578,115.22948455810548,9610900.0
2022-09-14,126.2699966430664,127.9000015258789,125.5,127.52999877929688,117.62760162353516,7509300.0
2022-09-15,126.6999969482422,128.0800018310547,124.2300033569336,124.9800033569336,115.27561950683594,7459600.0
2022-09-16,124.12000274658205,125.73999786376952,123.0500030517578,124.9499969482422,115.2479476928711,13818500.0
2022-09-19,123.62000274658205,127.18000030517578,123.41000366210938,126.6500015258789,116.8159637451172,5922700.0
2022-09-20,125.73999786376952,126.5500030517578,123.88999938964844,124.7699966430664,115.08192443847656,5672700.0
2022-09-21,125.44000244140624,129.7899932861328,124.5,124.62000274658205,114.94357299804688,8123700.0
2022-09-22,124.75,125.16000366210938,122.47000122070312,123.68000030517578,114.07656860351562,8753000.0
2022-09-23,122.33999633789062,122.68000030517578,119.0500030517578,121.19000244140624,111.7799072265625,10681300.0
2022-09-26,121.54000091552734,123.18000030517578,119.58999633789062,119.73999786376952,110.44248962402344,6424600.0
2022-09-27,121.55999755859376,122.68000030517578,118.75,120.33999633789062,110.99590301513672,5544400.0
2022-09-28,118.58000183105467,120.4499969482422,117.77999877929688,118.93000030517578,109.69538116455078,11321200.0
2022-09-29,117.27999877929688,117.47000122070312,113.45999908447266,114.83999633789062,105.9229507446289,12125800.0
2022-09-30,113.76000213623048,116.27999877929688,112.91999816894533,112.9800033569336,104.20738220214844,7568100.0
2022-10-03,114.98999786376952,118.31999969482422,113.66999816894533,117.22000122070312,108.11814880371094,7481700.0
2022-10-04,120.4000015258789,122.4499969482422,120.31999969482422,122.37000274658205,112.8682861328125,6637200.0
2022-10-05,120.87999725341795,125.55999755859376,120.52999877929688,124.88999938964844,115.1926040649414,7070300.0
2022-10-06,124.51000213623048,127.20999908447266,124.4000015258789,125.27999877929688,115.55230712890624,6238600.0
2022-10-07,122.62000274658205,124.11000061035156,120.31999969482422,120.91000366210938,111.52165985107422,8618500.0
2022-10-10,120.58999633789062,121.04000091552734,113.4499969482422,114.5999984741211,105.70159149169922,9512600.0
2022-10-11,112.0,112.48999786376952,108.6500015258789,110.02999877929688,101.4864273071289,10758800.0
2022-10-12,110.31999969482422,110.8000030517578,108.37999725341795,108.63999938964844,100.20437622070312,6987900.0
2022-10-13,105.37999725341795,115.1999969482422,104.66000366210938,112.86000061035156,104.0967025756836,10455000.0
2022-10-14,114.62999725341795,114.98999786376952,109.79000091552734,109.9499969482422,101.41265869140624,7989800.0
2022-10-17,113.91999816894533,114.4800033569336,110.61000061035156,111.58999633789062,102.9253158569336,7886400.0
2022-10-18,114.9499969482422,116.08999633789062,109.54000091552734,111.20999908447266,102.57482147216795,8908900.0
2022-10-19,110.86000061035156,113.66999816894533,110.75,112.8499984741211,104.08748626708984,5620200.0
2022-10-20,113.16999816894533,116.08999633789062,111.72000122070312,111.9800033569336,103.28504180908205,7736400.0
2022-10-21,111.75,115.98999786376952,111.0199966430664,115.73999786376952,106.75306701660156,7490100.0
2022-10-24,116.33999633789062,117.0199966430664,114.23999786376952,116.37999725341795,107.34337615966795,6525700.0
2022-10-25,116.56999969482422,119.94000244140624,116.2300033569336,119.16999816894533,109.91675567626952,6205100.0
2022-10-26,118.04000091552734,120.73999786376952,116.16000366210938,118.11000061035156,108.93904876708984,7342300.0
2022-10-27,119.31999969482422,120.5999984741211,114.37999725341795,114.6999969482422,105.7938232421875,8937200.0
2022-10-28,114.16999816894533,119.4499969482422,112.33000183105467,119.20999908447266,109.9536361694336,9418700.0
2022-10-31,118.12999725341795,118.37999725341795,115.4000015258789,117.66000366210938,108.52400207519533,6870800.0
2022-11-01,119.73999786376952,120.62999725341795,116.75,117.33000183105467,108.2196273803711,5749100.0
2022-11-02,118.70999908447266,118.79000091552734,112.25,112.5,103.7646484375,13936300.0
2022-11-03,104.37999725341795,106.5,101.93000030517578,103.87999725341795,95.81397247314452,24706100.0
2022-11-04,106.61000061035156,107.5,104.33000183105467,106.69000244140624,98.4057846069336,11977900.0
2022-11-07,107.4800033569336,110.27999877929688,106.26000213623048,110.08999633789062,101.5417938232422,7570800.0
2022-11-08,111.56999969482422,114.88999938964844,109.91999816894533,112.54000091552734,103.80154418945312,9383600.0
2022-11-09,111.45999908447266,113.51000213623048,110.2699966430664,110.43000030517578,101.85539245605467,9581300.0
2022-11-10,115.91000366210938,121.0,114.52999877929688,120.68000030517578,111.30950927734376,11673200.0
2022-11-11,118.98999786376952,122.16000366210938,118.98999786376952,121.43000030517578,112.00125122070312,9433800.0
2022-11-14,120.73999786376952,123.20999908447266,120.26000213623048,120.8000030517578,111.42017364501952,6971000.0
2022-11-15,125.6500015258789,128.1300048828125,123.41999816894533,126.0199966430664,116.23484802246094,12470200.0
2022-11-16,123.1999969482422,123.83999633789062,119.95999908447266,120.7300033569336,111.35562133789062,9561700.0
2022-11-17,118.9499969482422,123.12000274658205,118.70999908447266,122.86000061035156,113.3202133178711,7273700.0
2022-11-18,124.04000091552734,124.48999786376952,122.12999725341795,123.8499984741211,114.23336029052734,6436600.0
2022-11-21,121.08999633789062,122.5,120.0999984741211,120.1999969482422,110.86678314208984,8204200.0
2022-11-22,120.83999633789062,123.79000091552734,120.02999877929688,123.6500015258789,114.04888916015624,7010200.0
2022-11-23,123.54000091552734,127.04000091552734,123.29000091552734,125.1500015258789,115.4324188232422,5481500.0
2022-11-25,124.86000061035156,125.36000061035156,123.4000015258789,123.4499969482422,113.8644027709961,3153800.0
2022-11-28,122.16000366210938,123.4499969482422,118.8499984741211,119.54000091552734,110.2580108642578,7087500.0
2022-11-29,120.13999938964844,121.37000274658205,118.31999969482422,118.37999725341795,109.18809509277344,6277600.0
2022-11-30,118.75,126.5999984741211,118.06999969482422,126.48999786376952,117.41224670410156,12776700.0
2022-12-01,126.72000122070312,128.1999969482422,125.68000030517578,126.80999755859376,117.70928192138672,7924800.0
2022-12-02,123.70999908447266,125.81999969482422,123.12000274658205,125.66000366210938,116.64181518554688,6122200.0
2022-12-05,124.58000183105467,125.47000122070312,122.43000030517578,123.3000030517578,114.45117950439452,6091600.0
2022-12-06,122.81999969482422,123.0,118.56999969482422,119.77999877929688,111.18378448486328,5968000.0
2022-12-07,118.5,120.31999969482422,117.76000213623048,118.20999908447266,109.7264633178711,5427100.0
2022-12-08,118.9800033569336,122.3499984741211,118.18000030517578,121.75,113.01241302490234,7347600.0
2022-12-09,120.41000366210938,121.4000015258789,118.8499984741211,119.0500030517578,110.50617980957033,6036000.0
2022-12-12,116.05999755859376,121.25,116.05999755859376,121.20999908447266,112.51116180419922,9008400.0
2022-12-13,126.9800033569336,127.9499969482422,121.81999969482422,123.48999786376952,114.62752532958984,9712700.0
2022-12-14,124.2300033569336,126.58000183105467,120.0999984741211,121.70999908447266,112.97528839111328,9444100.0
2022-12-15,120.25,120.5199966430664,116.08000183105467,116.63999938964844,108.26914978027344,10207800.0
2022-12-16,116.08000183105467,116.66000366210938,113.3499984741211,114.52999877929688,106.3105697631836,12733900.0
2022-12-19,114.01000213623048,115.16000366210938,111.51000213623048,112.61000061035156,104.52835083007812,7720200.0
2022-12-20,111.4000015258789,112.77999877929688,111.0999984741211,112.0999984741211,104.05494689941406,6260200.0
2022-12-21,112.76000213623048,114.95999908447266,112.69000244140624,114.58999633789062,106.3662567138672,5843800.0
2022-12-22,112.56999969482422,112.58999633789062,107.37999725341795,110.68000030517578,102.73686981201172,12051400.0
2022-12-23,109.6999969482422,110.91999816894533,108.20999908447266,110.83999633789062,102.88539123535156,5356700.0
2022-12-27,109.75,110.69000244140624,108.88999938964844,109.45999908447266,101.60442352294922,6158100.0
2022-12-28,108.87000274658205,110.2699966430664,106.81999969482422,106.97000122070312,99.2931137084961,5395600.0
2022-12-29,108.3499984741211,110.66000366210938,108.11000061035156,109.83999633789062,101.95714569091795,6668600.0
2022-12-30,107.97000122070312,110.05999755859376,107.22000122070312,109.94000244140624,102.04998016357422,5642300.0
2023-01-03,103.35879252150468,103.7208029979355,99.44164625667987,99.50662231445312,,8110400.0
2023-01-04,101.92003144040812,104.17563891417996,101.0010752638596,103.52587127685548,,7614200.0
2023-01-05,102.0407068133177,102.95965597626028,101.298117196038,101.54874420166016,,7546000.0
2023-01-06,102.99677180638378,107.65650719556768,102.15208313930032,107.06243133544922,,10259300.0
2023-01-09,108.35269171636727,110.32054206132467,105.39162479982444,106.38483428955078,,10291800.0
2023-01-10,105.83717422083718,108.57546713109744,105.55870843661592,108.519775390625,,6384800.0
2023-01-11,109.0117281977716,109.9956532943789,106.90463450215664,109.89354705810548,,7374400.0
2023-01-12,110.68254460727536,113.59719681071338,109.20665695424935,112.8638916015625,,9527600.0
2023-01-13,111.22091488875792,112.70608676795676,111.1280929741564,111.61077117919922,,8040400.0
2023-01-17,111.14667178624646,112.61328234304388,110.47834256634592,111.64791870117188,,6179500.0
2023-01-18,112.89173703453824,115.09164543365388,112.32551415228583,113.2815933227539,,10960400.0
2023-01-19,112.3719337701771,112.4090639562091,108.9931647417118,109.14168548583984,,8716200.0
2023-01-20,109.9213986015194,114.13557912848562,108.91890482008591,114.07988739013672,,8895000.0
2023-01-23,117.45865315974264,122.58249831897972,116.79032399074244,121.6264190673828,,13419500.0
2023-01-24,121.1808695366523,123.42719259704803,120.80956768965471,121.32009887695312,,7952400.0
2023-01-25,119.23158956447746,122.0998276638802,118.53541444343492,121.75638580322266,,6880300.0
2023-01-26,124.76384780407456,125.17227274371696,121.74708942065412,124.3461456298828,,7413600.0
2023-01-27,122.0533944707672,125.20938183793923,121.98841134504092,123.82630920410156,,6581900.0
2023-01-30,121.64499540157573,122.89810204999048,120.80957680558092,122.1833724975586,,9854300.0
2023-01-31,121.89561054018884,124.04910455093577,121.89561054018884,123.64997100830078,,7125100.0
2023-02-01,123.15799167068823,129.89697472466582,123.15799167068823,128.523193359375,,10500600.0
2023-02-02,128.5231993185521,129.17295984822783,125.12586176718244,126.10050964355467,,17673200.0
2023-02-03,121.74709662040986,128.46749739796732,119.34297550428052,125.330078125,,13187300.0
2023-02-06,122.7774523215011,125.20014238837705,122.39687317694629,123.39007568359376,,6830500.0
2023-02-07,123.59426918691724,127.52070659189604,122.83312517856946,126.82453155517578,,7664200.0
2023-02-08,125.59926080886277,126.49964835229795,122.30402936096544,122.68460845947266,,7151700.0
2023-02-09,124.28118826298412,125.525017808882,120.596099971374,121.16232299804688,,5717500.0
2023-02-10,120.0112925571386,120.61465277795398,118.46115152831098,119.73283386230467,,5319200.0
2023-02-13,120.16910548763931,121.99771230510724,119.17588892384924,121.45005798339844,,5550400.0
2023-02-14,119.92776230688328,123.34366886484854,119.14804958607296,122.84241485595705,,5579900.0
2023-02-15,121.22727452012904,123.7613474606681,120.94880169767376,123.52001190185548,,3501100.0
2023-02-16,121.36651722252532,123.07446328166098,120.6239276687262,120.81886291503906,,5788400.0
2023-02-17,120.20621691111552,120.49396697883935,117.84850338983128,118.55396270751952,,6022500.0
2023-02-21,116.45615668848151,118.46114414869136,114.68323465051424,114.8224639892578,,8164400.0
2023-02-22,115.39796853856862,116.00132162590393,114.09844044627528,115.05451965332033,,5517800.0
2023-02-23,117.52363023718011,118.09913748924616,114.79462180060654,117.14305114746094,,6440200.0
2023-02-24,115.32372012597816,115.75999097407228,114.33979494984024,115.41654205322266,,7357200.0
2023-02-27,117.42152151962804,117.514343440426,114.20983490338062,114.56256103515624,,7787200.0
2023-02-28,114.7481946367866,116.12197585367755,114.09842712556949,114.6646499633789,,6491800.0
2023-03-01,115.5985692799772,117.17686840934272,114.8514507861354,115.50518035888672,,5530600.0
2023-03-02,114.08566022722984,116.04685624240804,112.87158277134316,115.59857940673828,,5258900.0
2023-03-03,115.79469512941962,116.00015504327015,113.62803925401845,115.43047332763672,,7052100.0
2023-03-06,116.065517168907,116.89669065180186,113.96423445089056,114.31912231445312,,7031300.0
2023-03-07,114.38450162415153,114.4031765587418,110.4621027242095,111.31195831298828,,8879700.0
2023-03-08,111.64817461227278,113.70275961564974,111.46138962325382,113.1891098022461,,7633900.0
2023-03-09,113.26380595514878,113.8615035756152,109.21066852104111,109.47216033935548,,8055500.0
2023-03-10,109.77102695457695,110.4154227007431,106.95997520150657,107.57635498046876,,6884500.0
2023-03-13,106.2408559324986,108.55693244317912,105.79257915214104,106.86656951904295,,7673700.0
2023-03-14,108.71571251187288,109.322744101613,106.39028760995852,108.8464584350586,,8312100.0
2023-03-15,107.6323715169706,108.50090200163504,105.66183468751817,107.85650634765624,,8596900.0
2023-03-16,109.26670510380592,112.84355707492462,108.24875374981852,112.54470825195312,,11207800.0
2023-03-17,112.79685874460304,114.74872068081903,111.27459867003684,112.75016784667967,,12304100.0
2023-03-20,112.78752588742904,113.9549052968693,111.89097935599312,113.76812744140624,,5945000.0
2023-03-21,114.86078948437547,116.80331047464752,114.07631396433383,115.61725616455078,,6900600.0
2023-03-22,115.80401820195743,117.89595976154062,113.81480658336928,113.90819549560548,,7072700.0
2023-03-23,115.7480034321594,118.60574589575144,114.02961726687596,115.94412231445312,,7353800.0
2023-03-24,115.45847850912448,116.67255581841624,114.16969434050716,116.5137939453125,,6987200.0
2023-03-27,117.42902628489824,117.72787512546672,115.16898148277907,115.43047332763672,,4818000.0
2023-03-28,115.4304710089306,115.5051849988515,112.26453871849422,113.3198471069336,,5272100.0
2023-03-29,115.26236622989968,117.6344819331347,115.10360434772426,116.82198333740234,,6410100.0
2023-03-30,118.6804450221603,119.71707835953252,118.07340639102344,118.9792938232422,,8156400.0
2023-03-31,118.27887701147576,119.51162931844983,117.94267118910844,119.14740753173828,,6222400.0
2023-04-03,118.5964155350575,119.1380813301908,115.43982394897264,116.49513244628906,,6367800.0
2023-04-04,116.67256377023683,116.94339663846416,113.75878230441845,114.21640014648438,,6962700.0
2023-04-05,113.39456727599934,115.07559651523184,113.23580538260477,114.9074935913086,,6920900.0
2023-04-06,114.25374511733264,115.66394132759746,113.04901593203972,114.87012481689452,,5260600.0
2023-04-10,114.02026777241431,116.34569247223664,113.6373710663943,116.07485961914062,,5243700.0
2023-04-11,116.97141639644994,116.97141639644994,115.02889535624492,115.40245819091795,,5001400.0
2023-04-12,116.18693898202513,116.2709868777836,112.20850803840275,112.32057189941406,,5288300.0
2023-04-13,112.11512310985374,113.61870838305596,111.24659253045816,113.1237335205078,,6077100.0
2023-04-14,112.88091269730474,113.86150704586994,110.91037584551262,112.21784210205078,,4833100.0
2023-04-17,111.25591165763078,111.9189822296132,110.3593652310721,111.48938751220705,,6370200.0
2023-04-18,112.38593665142358,112.81553850431668,109.64960640985612,110.53681182861328,,4829900.0
2023-04-19,109.50018912582804,110.84501249193156,108.75306345018863,110.70492553710938,,4241900.0
2023-04-20,109.53754104148678,111.97502971693312,109.3787791584407,110.79830932617188,,5125000.0
2023-04-21,110.07920089554224,110.3780497109512,108.84644864134054,109.97647094726562,,4980700.0
2023-04-24,110.03251030984164,110.04185133989384,108.86513093245615,109.59357452392578,,4097900.0
2023-04-25,109.02388359495772,109.11727251222472,106.16614140090446,106.51168823242188,,7045200.0
2023-04-26,106.73582290955063,107.4922824010081,105.72720550419562,106.61441802978516,,4671100.0
2023-04-27,106.35292468340214,106.75450346082722,104.73727566907932,106.3902816772461,,6945700.0
2023-04-28,107.49228540101122,109.17331445685213,106.21284223778804,109.07992553710938,,8652500.0
2023-05-01,109.46282279228969,109.80836963469328,107.87518977338011,108.1833724975586,,6208500.0
2023-05-02,108.45420655041168,109.32273705566416,106.87591454364382,108.43553161621094,,7081200.0
2023-05-03,108.94918958282514,109.09861044304762,105.15753639366056,105.3723373413086,,11491700.0
2023-05-04,97.15398171954222,100.03974729171944,96.65901399562225,99.53543853759766,,22117500.0
2023-05-05,101.05769452846566,102.04762993539292,98.77896776145172,101.59001922607422,,10745600.0
2023-05-08,101.21645022498734,101.63671103959948,99.80626118905484,101.1510772705078,,6694400.0
2023-05-09,99.92767323656354,100.3292520214909,98.3400401566841,98.77896881103516,,7804100.0
2023-05-10,99.92767912970724,100.3759559655282,98.19061796921874,99.42337036132812,,7980100.0
2023-05-11,99.26459942391978,99.47005932473608,96.82711082808623,97.18199157714844,,10630500.0
2023-05-12,97.5648965406692,97.81704734223234,95.82783551842267,96.77108001708984,,7635900.0
2023-05-15,96.90182311458706,99.36732763088858,96.08932455519218,99.25525665283205,,7444900.0
2023-05-16,98.68556824410948,99.44203482537598,96.8644595070402,96.9298324584961,,7027000.0
2023-05-17,97.30340779186604,98.48012106992856,96.73372608775335,97.8824234008789,,9504700.0
2023-05-18,97.88242582757624,100.0397478077449,97.88242582757624,99.89031982421876,,9142000.0
2023-05-19,99.88097321227714,100.03974221718072,98.5454909658968,98.86302185058594,,5783200.0
2023-05-22,96.81776503398558,98.87235681592244,96.4255273108848,98.32135009765624,,7912400.0
2023-05-23,97.19132721715091,98.65755528016568,96.63098659834532,96.71503448486328,,7452500.0
2023-05-24,95.3328746570551,96.3228101250956,94.86592288909355,96.2107391357422,,8193700.0
2023-05-25,95.19277570802647,97.22868544483327,94.76318099064198,97.1446304321289,,11677400.0
2023-05-26,98.00382995596924,103.92477438673606,97.89175897734656,103.05624389648438,,15969900.0
2023-05-30,106.93194662291428,108.97719748901476,105.16686964604766,108.33280181884766,,18291800.0
2023-05-31,106.79055056713293,107.20432393785188,104.94738936739871,106.64949798583984,,14924000.0
2023-06-01,107.73095682630355,109.6117347439393,105.61508166896334,108.92525482177734,,8616500.0
2023-06-02,110.25120885359613,110.40167454354828,107.85322111042532,108.727783203125,,7873400.0
2023-06-05,108.54908735784402,109.00987589443636,105.925401554263,106.01004028320312,,7769300.0
2023-06-06,105.86899114710126,109.82802781928216,105.5492551689787,109.42366027832033,,7594500.0
2023-06-07,109.67754096540172,110.17595304608514,107.66510954765836,108.31398010253906,,7555400.0
2023-06-08,108.7089539399742,109.68695924374504,107.2983706089851,109.41424560546876,,5793400.0
2023-06-09,110.48629480882678,113.64600222854764,110.3828514512182,112.00972747802734,,13807000.0
2023-06-12,113.82465885931684,115.01894945379884,112.63036109023776,114.8590850830078,,9675100.0
2023-06-13,116.87154397460142,117.9247822392822,115.4327499500438,117.01260375976562,,8873200.0
2023-06-14,116.93735766936231,117.01259050287292,114.25725075327904,116.0439910888672,,7324600.0
2023-06-15,114.33248955752197,117.25709974794624,113.82467866670312,116.2414779663086,,8132600.0
2023-06-16,117.1630596940343,117.52981799723948,114.8214931403308,115.3669204711914,,12905700.0
2023-06-20,114.67103351405252,115.07540105889947,111.6335739783976,112.67740631103516,,8667400.0
2023-06-21,111.53952769914731,111.92508341630618,108.7747820448068,108.8594207763672,,7925400.0
2023-06-22,109.09453729126484,109.7245962420547,108.0601107560906,109.46128845214844,,7283000.0
2023-06-23,107.2889573355363,108.40802233039436,106.29214747936868,106.66830444335938,,11958500.0
2023-06-26,107.73095409058872,110.59914321198792,107.48645813321562,109.67755889892578,,9377000.0
2023-06-27,109.78099621703478,112.79024494806512,108.75597577814295,112.64918518066406,,7308900.0
2023-06-28,110.04431889189938,111.05994074551236,109.6305526058561,110.5333251953125,,6384800.0
2023-06-29,110.55212150892564,111.10695471440908,109.91265674263532,111.0223159790039,,5138500.0
2023-06-30,112.47050891094057,112.71501202927546,111.32323332636652,111.9438934326172,,6565100.0
2023-07-03,112.1601938612261,113.29807087489682,111.39848106038755,112.93131256103516,,2662000.0
2023-07-05,111.92509307952648,111.95331077554808,110.11954796246364,110.14775848388672,,6249200.0
2023-07-06,108.2951872392433,109.27318536418052,106.84698749808166,108.3516082763672,,7544600.0
2023-07-07,108.49267275309468,110.71199118787352,107.9190349354426,109.02869415283205,,6108400.0
2023-07-10,109.52708962852074,111.2291911374908,109.52708962852074,110.13834381103516,,6037000.0
2023-07-11,110.77781359858108,110.8436405335922,108.0412784975531,109.90325164794922,,5784000.0
2023-07-12,110.55212372156592,112.12257873575372,110.11954566138792,111.60536193847656,,8371300.0
2023-07-13,112.84667687265474,116.06280544162176,112.73382761292665,115.78069305419922,,9823000.0
2023-07-14,115.66783224096535,115.83710252635068,113.90930245249548,115.25405883789062,,7892200.0
2023-07-17,115.03777525810618,117.0408010217899,113.5613649798008,116.0439910888672,,6125000.0
2023-07-18,115.02837532761826,115.88413271035029,114.03156534298384,115.53618621826172,,7481200.0
2023-07-19,117.868337495824,119.52342391554387,116.89033938488711,117.00318145751952,,8866700.0
2023-07-20,116.15683494707264,117.17245669125764,113.06296174839848,113.52375030517578,,9148600.0
2023-07-21,114.66162285462508,119.1096656632562,114.14440607178489,117.28530883789062,,23704100.0
2023-07-24,117.28529892087168,118.11283852884549,115.82769332854988,116.70225524902344,,5859300.0
2023-07-25,116.79630755812836,118.47020595646404,116.79630755812836,117.61444854736328,,5592100.0
2023-07-26,115.85591837896,117.77431274110948,115.04718328978136,116.62703704833984,,5291800.0
2023-07-27,119.01560610576252,120.15347571072404,117.47336902345124,118.34793090820312,,7917900.0
2023-07-28,120.65189888757556,122.1753243156983,119.95600593501295,121.76155090332033,,11762200.0
2023-07-31,122.2411728307931,125.0435280686678,121.40422718411386,124.2912139892578,,11029600.0
2023-08-01,124.05611543158358,124.49809941049377,122.47626879571548,124.20658111572266,,7128700.0
2023-08-02,122.43864177390324,123.73638315219286,121.15031346885728,121.5640869140625,,13711100.0
2023-08-03,109.99729948799286,112.00973131932312,108.0412886992574,111.6241683959961,,29239600.0
2023-08-04,110.74018815857858,114.727434699918,110.74018815857858,114.25724029541016,,12658700.0
2023-08-07,114.92492422406865,115.42332918279416,110.89065506580296,112.22600555419922,,7706500.0
2023-08-08,110.02549622187416,110.85303583282456,109.04749095006132,110.64615631103516,,8934600.0
2023-08-09,110.2417996766753,111.06933936915446,109.57411720906568,109.6211395263672,,5642500.0
2023-08-10,110.66496562969556,111.33264088527449,108.21055003580528,108.7183609008789,,6224500.0
2023-08-11,107.3265795442714,108.57729846786658,106.94102383694673,107.77796936035156,,5712500.0
2023-08-14,107.0914754126443,107.69332367883388,106.08525966999012,107.22312927246094,,8537500.0
2023-08-15,106.58367831288828,106.74354988432862,104.7593286600464,105.02263641357422,,6843600.0
2023-08-16,104.71230323370877,105.24832462307076,103.4898019608365,103.5838394165039,,6426700.0
2023-08-17,103.62147162865872,104.5054324561916,103.12306658051163,103.51802825927734,,6250500.0
2023-08-18,102.3331227790321,103.93178108555958,102.03219860928816,103.5368194580078,,6384700.0
2023-08-21,103.292314457649,104.34555261998015,102.50239121684912,104.08224487304688,,6539800.0
2023-08-22,104.82515188545077,105.17309118688904,102.63404402540776,102.94437408447266,,4587000.0
2023-08-23,102.82211641750376,104.88157035500912,102.36132787643648,104.54302978515624,,6873900.0
2023-08-24,105.47401617408867,105.85957186929134,101.71246079854367,102.04159545898438,,8698100.0
2023-08-25,102.39895683247504,103.93178830759088,101.3363198536694,103.74371337890624,,6669900.0
2023-08-28,104.66529120158624,105.50223677869884,104.02582643961948,105.02263641357422,,4316400.0
2023-08-29,103.93177443713766,107.19492495397525,103.93177443713766,106.99744415283205,,6971400.0
2023-08-30,106.59968411415684,107.45202846776264,105.75681226042452,107.27208709716795,,6490300.0
2023-08-31,106.47657148533014,109.06201484387071,106.47657148533014,108.46537017822266,,7962500.0
2023-09-01,109.57342105041566,109.57342105041566,108.3517358194569,109.27983856201172,,5310700.0
2023-09-05,108.82524519529044,110.86139179259877,108.82524519529044,110.37840270996094,,7294800.0
2023-09-06,109.85753216763086,110.53940766128711,107.61302653857906,108.60742950439452,,7411900.0
2023-09-07,104.74347422163324,104.83817754659536,100.45334929478402,100.76587677001952,,17947800.0
2023-09-08,100.54805596681229,101.40040037064554,99.92300822093507,100.51964569091795,,9819300.0
2023-09-11,105.37798958576688,105.91780646109002,103.05772571692536,104.44041442871094,,18771700.0
2023-09-12,103.77748074846028,106.77014749394796,103.7111877035558,105.3401107788086,,9250100.0
2023-09-13,105.67156981309914,107.58460272927722,105.62421454434144,106.6754379272461,,8131500.0
2023-09-14,107.74561296166276,108.6642503808596,107.0163894164965,108.0013198852539,,7138100.0
2023-09-15,107.93502284865676,109.09042214866186,106.50497886050287,107.1489715576172,,12247400.0
2023-09-18,106.91222631265026,107.80245356301276,106.50499546678247,106.7796401977539,,5065100.0
2023-09-19,106.25874317145448,106.39132926408756,104.09001041678434,104.85711669921876,,5658800.0
2023-09-20,105.82311104923556,105.87993882615888,103.37973340355556,103.43655395507812,,7073800.0
2023-09-21,102.26220824381922,103.7869483102321,102.13908742528268,102.2432632446289,,7007200.0
2023-09-22,103.01036682024233,103.96688694300876,101.67503342842778,101.97808837890624,,6965500.0
2023-09-25,101.18256150481092,104.62982139536224,101.05944791869828,104.58246612548828,,6782500.0
2023-09-26,104.03317064671764,104.78133906909116,103.55017437902852,103.9100570678711,,6559800.0
2023-09-27,104.8665886978463,104.94234701798892,101.74132858550968,103.40813446044922,,7225000.0
2023-09-28,103.94796236042352,105.98411645423928,103.3986729350405,105.21700286865234,,4851300.0
2023-09-29,105.95569412073036,106.28716659619433,104.78135699533408,105.17911529541016,,4869300.0
2023-10-02,104.55407233829412,105.87046812386322,103.79643125325542,105.21700286865234,,5751500.0
2023-10-03,104.94235907370594,106.31558264917264,103.58808049950136,104.35519409179688,,7750700.0
2023-10-04,104.93289520721068,105.1885949244747,103.03879967802206,104.03319549560548,,7189400.0
2023-10-05,103.89113691633646,104.61089524075174,103.1808510926822,103.98584747314452,,5089700.0
2023-10-06,104.99917882949698,105.434819895028,102.32850466226736,105.0086441040039,,7930600.0
2023-10-09,104.47829490849182,106.05039745235338,103.6827783624896,105.8799285888672,,4714500.0
2023-10-10,105.59582393386836,107.00692305570196,104.58248313221856,106.36293029785156,,6253000.0
2023-10-11,106.33451826796056,106.67545602975328,103.77749227991578,105.23594665527344,,6378600.0
2023-10-12,106.05039881592351,106.2682157287676,104.47829625184823,105.55792999267578,,5371700.0
2023-10-13,105.80416780798588,106.04092972763306,102.79255590105804,102.9062042236328,,6035600.0
2023-10-16,103.31342054201131,105.1980504924916,103.18083445434137,104.65823364257812,,6254700.0
2023-10-17,103.04825233530892,106.32503633252092,102.30008382584316,106.2587432861328,,7334000.0
2023-10-18,105.17911373131663,106.17351669211986,104.2036557704642,105.10335540771484,,7174500.0
2023-10-19,106.43868224551863,108.34224999934813,104.97075553316358,105.38745880126952,,10511500.0
2023-10-20,105.61475188901964,105.69998993564792,102.8777847290039,102.8777847290039,,7756500.0
2023-10-23,102.22432873898494,104.71506153252888,101.97809431943978,102.9062042236328,,6679200.0
2023-10-24,103.51231861193,104.4877766067664,102.69785699528202,103.59754943847656,,8578600.0
2023-10-25,103.04826009069856,103.50284617542911,98.90019367866036,99.23165893554688,,8571600.0
2023-10-26,99.20324184248211,100.83216496483796,98.80548356155342,100.02717590332033,,8705200.0
2023-10-27,101.23939615302064,102.17697131195592,100.2355207215968,100.82269287109376,,7292000.0
2023-10-30,101.0594593081924,103.54072688599416,100.55752518271888,102.12015533447266,,6634000.0
2023-10-31,102.56526911011402,103.42707876251012,101.04052173047415,103.2187271118164,,6485500.0
2023-11-01,103.38918908635732,105.30222936467185,102.9440755396584,105.0181121826172,,12809900.0
2023-11-02,111.72320743120191,112.7744308537317,108.3895958060301,111.1455078125,,22106100.0
2023-11-03,111.70427460417852,113.7404286275785,111.1455199229714,113.1911392211914,,10670100.0
2023-11-06,113.6457226756763,114.17606706936796,112.1115028184105,113.57942962646484,,7756400.0
2023-11-07,113.50366447832312,114.66853631904114,112.859671758536,114.32759857177734,,7898400.0
2023-11-08,114.97160056264788,115.59664833276712,112.8407430831213,113.70255279541016,,7681900.0
2023-11-09,114.70642548546589,115.9470557193949,113.50367080298734,113.7404327392578,,9002700.0
2023-11-10,115.44511930512986,118.20102443202931,114.56436463047112,117.63279724121094,,12191600.0
2023-11-13,117.43390581821885,117.9547849035403,116.13644796730904,117.2918472290039,,7959200.0
2023-11-14,120.5970446857712,121.43045124481203,119.4037698450721,120.6159896850586,,11255400.0
2023-11-15,121.14632854957053,122.86048241171896,120.80539083190344,122.09337615966795,,7789100.0
2023-11-16,122.25437301582018,123.46659280560432,121.51567703300796,121.88502502441406,,11655700.0
2023-11-17,122.45326906887246,122.91731318793582,121.61986247835732,122.61426544189452,,6543300.0
2023-11-20,122.5858595595585,123.22984507472088,122.18810125005209,122.6521453857422,,7148600.0
2023-11-21,120.17089273687743,120.72018218570813,119.09125884112125,120.29400634765624,,14641800.0
2023-11-22,121.11792895508492,122.65214159444304,120.42658818498911,120.7485809326172,,6647400.0
2023-11-24,121.43992278385096,121.43992278385096,120.8054025575934,120.98534393310548,,3708200.0
2023-11-27,120.530759617467,122.18810034561088,120.07618076008184,121.41151428222656,,8586400.0
2023-11-28,120.46444886740343,120.56862467887356,119.01546723110046,119.88674926757812,,8817900.0
2023-11-29,123.17487348681075,124.47105033609836,121.6308961974483,121.90728759765624,,10608300.0
2023-11-30,123.20346641230952,123.32735572729372,121.50699428003756,122.99378967285156,,11731800.0
2023-12-01,123.00330492837024,124.15652689959806,122.47911312326666,123.58467864990234,,8866500.0
2023-12-04,123.26064040736269,123.9468525027888,122.02164553824858,123.8515396118164,,7485000.0
2023-12-05,123.0318975051256,124.70931130352412,122.89846818413528,124.61399841308594,,6231600.0
2023-12-06,125.786268725965,125.93876353041078,123.57515223232085,123.86107635498048,,6912400.0
2023-12-07,125.16678082244884,127.07292228406956,124.27089200865429,126.70122528076172,,7815700.0
2023-12-08,125.06193889075765,127.68288332567754,125.02380791869864,126.72981262207033,,7678600.0
2023-12-11,128.19755791930416,130.18948709675828,127.7782189509686,129.71295166015625,,11010700.0
2023-12-12,129.5985698675293,130.78990842779083,129.1410999323469,130.26571655273438,,7380400.0
2023-12-13,129.97980986445475,132.46732541610115,129.69388569500086,132.28623962402344,,7507700.0
2023-12-14,133.04869875891706,136.06039164411135,133.04869875891706,134.85952758789062,,11468900.0
2023-12-15,135.38369157488458,136.75611566644474,134.74513597114284,136.4130096435547,,25053500.0
2023-12-18,135.82209803555503,136.40347173490596,134.6593506368532,135.00245666503906,,7832100.0
2023-12-19,135.36461894620453,136.69891199664033,134.80231077085685,136.50830078125,,5658400.0
2023-12-20,135.3074555065649,136.27005172844653,133.77301101774626,133.84925842285156,,7264800.0
2023-12-21,135.14542171537295,135.99365401616183,134.37343681206784,135.75538635253906,,8361600.0
2023-12-22,136.5273918063209,137.62341740688078,136.05085640734598,136.75613403320312,,4659200.0
2023-12-26,137.4041976756793,139.1959752010317,137.20406097754363,138.6336669921875,,4381200.0
2023-12-27,139.00537357672297,139.358005097696,138.23337405961414,138.8814697265625,,4470300.0
2023-12-28,139.31986763924812,139.9965542335507,138.89098873373183,139.014892578125,,4928800.0
2023-12-29,138.5859994957231,138.78613617789514,137.04201523402227,137.8426055908203,,4839300.0
2024-01-02,135.51713397907702,135.5266594513232,132.26715919032458,133.64910888671875,,8495800.0
2024-01-03,132.37200253791556,132.37200253791556,130.56117383899775,131.14254760742188,,8133300.0
2024-01-04,129.08389504489293,130.88519804585704,128.60735970556163,129.77963256835938,,6770300.0
2024-01-05,129.77011174808558,131.5904802998247,129.47466215394357,130.3133544921875,,6827300.0
2024-01-08,130.56115906126564,132.61978069925416,130.22757850267666,132.5054168701172,,7729400.0
2024-01-09,131.0853360491674,134.3353105860032,130.7041135909898,133.32505798339844,,5856900.0
2024-01-10,133.32506058707716,133.4584899043155,131.32360628579727,132.77227783203125,,5652500.0
2024-01-11,132.47682591283294,133.38224015981135,129.64620480005604,132.5054168701172,,7374900.0
2024-01-12,135.45040797904468,135.9650743190029,132.62932675205604,133.62051391601562,,6546600.0
2024-01-16,133.429910341636,134.60218333910836,131.5047032776061,134.49734497070312,,7483000.0
2024-01-17,133.0677394376607,133.0772794529207,130.90427920874353,132.78182983398438,,6584700.0
2024-01-18,136.4320632197786,138.81473994064586,135.65055281754053,138.4716339111328,,12893000.0
2024-01-19,140.3491994469732,145.60062881270343,139.85361310640272,144.82864379882812,,16193900.0
2024-01-22,145.58154376688378,147.31613935396595,144.74283692981513,145.69590759277344,,10456100.0
2024-01-23,145.69593218727346,146.52511369305773,144.30445692837785,146.29637145996094,,6232300.0
2024-01-24,147.52582204662951,148.98403374313284,146.6775896202854,147.1255340576172,,8331900.0
2024-01-25,150.20394099819666,150.56609795794483,146.45836576300968,147.2208251953125,,7740900.0
2024-01-26,145.06690067640017,145.80075465998377,143.32277951383895,143.64682006835938,,7744700.0
2024-01-29,143.34182114045916,144.1424115456027,141.45474530965083,142.61749267578125,,10770700.0
2024-01-30,141.05446409485995,141.81692356607584,138.73850926623322,139.12925720214844,,9132800.0
2024-01-31,138.51927997441598,143.1130873285182,137.56620935748558,141.54051208496094,,21184200.0
2024-02-01,134.25909648784994,137.15644024240197,133.51570233011674,134.4878387451172,,22810600.0
2024-02-02,134.04941701107288,135.46949789532047,132.72464903443682,135.04061889648438,,10442700.0
2024-02-05,135.20263566431638,137.861697021626,134.58314540918948,137.2707977294922,,8032600.0
2024-02-06,137.71871635998374,138.01416595060144,135.74585302747735,137.33749389648438,,7286300.0
2024-02-07,138.34776517367197,139.10068473058436,136.88956796718193,139.0435028076172,,7361900.0
2024-02-08,139.95845703755933,141.6358564610071,139.42472515751498,141.2260284423828,,9448700.0
2024-02-09,142.007509446302,146.2010139752864,141.3880194168051,143.9136505126953,,11981500.0
2024-02-12,143.32277713665812,147.4972169315895,143.1988732914592,145.91513061523438,,11806300.0
2024-02-13,142.96060183335314,144.15194018196442,141.44522294416868,142.99871826171875,,8976300.0
2024-02-14,144.20910277999496,147.14456182291207,143.96130967204772,146.71568298339844,,8715100.0
2024-02-15,147.72595270831775,149.7941143011097,147.23989190574775,148.6599578857422,,9372400.0
2024-02-16,150.080060829488,150.3564449641522,145.43861066271987,145.52438354492188,,8429100.0
2024-02-20,144.76192186295933,145.72451812649297,142.83671479318588,144.82864379882812,,8745500.0
2024-02-21,142.7985944512807,144.9144127127928,141.91223107770935,144.87628173828125,,9760300.0
2024-02-22,147.50676690334203,148.21202996465558,145.1717464292064,147.48770141601562,,11407500.0
2024-02-23,148.39310193335416,149.5463238546791,147.0873997557197,147.6401824951172,,5953300.0
2024-02-26,148.67904381234382,150.089584515016,148.47889254688263,149.66070556640625,,6307600.0
2024-02-27,150.3468867540508,151.72883621187066,150.09909363407652,150.87107849121094,,6021400.0
2024-02-28,149.4342082358099,149.95147406379652,148.43798661219571,149.29052734375,,5211000.0
2024-02-29,150.26761816881503,151.5416426064613,149.6066566935289,151.14889526367188,,8321400.0
2024-03-01,152.6815444713827,157.09751796970622,151.41710863468322,156.22581481933594,,10405700.0
2024-03-04,158.17036382392416,160.76631077506983,157.78720501817577,159.5497589111328,,11865100.0
2024-03-05,157.79679550270157,158.62060017679565,153.48619270916646,154.65484619140625,,9608800.0
2024-03-06,157.88304020402686,162.12658273923668,157.41365812940268,160.82382202148438,,12230500.0
2024-03-07,162.46181946814573,170.11552409252528,162.29896162728645,168.32423400878906,,14495100.0
2024-03-08,167.46213121428028,168.0847679756418,163.3622556713417,163.39100646972656,,11318000.0
2024-03-11,161.88707853746752,164.7416513326476,161.04411155772064,163.9178466796875,,7256300.0
2024-03-12,165.63252113938117,166.58084439974803,163.40058504914134,165.7953643798828,,7642200.0
2024-03-13,164.01364362844578,164.281857737058,161.50391963361437,162.12655639648438,,8730500.0
2024-03-14,162.46182139889044,162.79708170585357,159.6934573199564,161.36021423339844,,8151000.0
2024-03-15,160.0670593917471,161.66677026145877,158.86966970334856,160.162841796875,,16414600.0
2024-03-18,163.7166802100493,164.243534529924,159.3486055153999,159.8946075439453,,6653700.0
2024-03-19,159.09956394395712,159.45400124163066,156.74310915174576,157.19332885742188,,7404400.0
2024-03-20,157.1933301468179,161.0920235206161,156.9346898715992,160.61306762695312,,5995800.0
2024-03-21,163.55386983751706,165.64211059463557,162.49058712986673,163.65924072265625,,8497500.0
2024-03-22,162.41394150817104,164.66502536974812,162.17446356864752,162.9407958984375,,5645500.0
2024-03-25,160.81422441460842,161.66676526171938,159.94252124043513,160.46937561035156,,5682500.0
2024-03-26,160.9770641931906,162.2893985455793,159.97125398434574,160.03831481933594,,5289900.0
2024-03-27,162.31812079692511,162.34685697614827,159.94250407619126,162.0115966796875,,6309700.0
2024-03-28,161.98290480019088,162.73964875431056,160.9100335550179,162.1744842529297,,5324000.0
2024-04-01,161.18779206940383,165.52713053004626,161.13031971096956,164.49258422851562,,6679100.0
2024-04-02,163.29519974368517,164.1860505600423,162.15528254433391,163.84120178222656,,7436300.0
2024-04-03,162.84501524299563,166.638352617596,162.20321605455632,166.5904541015625,,6943200.0
2024-04-04,167.6345442600624,168.5445574341597,162.27982146853262,162.61508178710938,,9031200.0
2024-04-05,163.01742114906682,164.99073171127583,162.56721605572508,164.31060791015625,,5863300.0
2024-04-08,165.65169106531405,167.050248813317,165.10568890529973,166.31265258789062,,4812000.0
2024-04-09,167.89321129494198,168.5829089849826,166.073170039778,168.1805877685547,,5028500.0
2024-04-10,165.16313262953918,166.39884690085822,162.91204891716455,163.66879272460938,,6177400.0
2024-04-11,164.44469810015843,168.23803482458496,163.32394317663008,167.7590789794922,,6262600.0
2024-04-12,165.0290416674389,166.09232433678264,163.76460570789638,164.08070373535156,,8216700.0
2024-04-15,166.93526764366516,167.04063851002087,161.48474800653813,162.69171142578125,,6570600.0
2024-04-16,162.3660488235988,162.43310966502716,160.40232672572128,161.48477172851562,,6390100.0
2024-04-17,162.0978297876515,163.02700536756583,156.87721359992807,157.40406799316406,,8082000.0
2024-04-18,155.52654066185664,157.1933122439404,153.13176146628516,154.645263671875,,9209400.0
2024-04-19,154.50158193280444,154.59737895580193,149.75992162589856,150.99563598632812,,10292200.0
2024-04-22,151.3883780002835,154.83686640799704,150.54542553573364,153.4383087158203,,7848700.0
2024-04-23,154.1854817744708,155.4307553567224,152.9593412867209,154.55906677246094,,6616700.0
2024-04-24,156.97299249082656,158.94628834077767,155.18170221051477,156.74310302734375,,6130500.0
2024-04-25,157.174171997781,157.7010264181344,154.92307339107748,156.427001953125,,6230700.0
2024-04-26,156.04383700276776,159.5114878942477,155.67025195998286,158.68768310546875,,7141300.0
2024-04-29,158.247012202276,162.1457198935406,158.247012202276,162.0786590576172,,6623900.0
2024-04-30,162.10739099249338,162.1169794639871,158.83133477099807,158.86965942382812,,6914200.0
2024-05-01,157.58607026322753,162.50016264002838,156.89637257467393,157.20291137695312,,13113600.0
2024-05-02,168.08477662197643,174.04298890041204,167.91234490566055,172.51991271972656,,25894800.0
2024-05-03,174.56984585246906,175.47985910870315,170.31671526413646,172.0792694091797,,10043900.0
2024-05-06,174.25371564776376,174.72308301213124,172.80725966938166,174.1962432861328,,6980100.0
2024-05-07,174.77101018747075,176.55272677315352,171.67695907403962,172.56781005859375,,8011100.0
2024-05-08,169.29172858656386,173.18084770254686,169.1863577161843,172.95095825195312,,6242600.0
2024-05-09,173.3820215555125,174.0621453089284,171.88768160893432,172.94137573242188,,5513500.0
2024-05-10,174.33994550312815,175.82471169858496,173.6119378058509,174.4165802001953,,4702500.0
2024-05-13,175.47024674579134,176.9550127072687,175.2020326566102,176.4569091796875,,6384800.0
2024-05-14,176.7442934264253,181.32311046603397,176.72514571517436,181.01658630371097,,7713400.0
2024-05-15,182.01280485169167,187.8273361421055,182.00323099623716,186.4192047119141,,11349100.0
2024-05-16,186.792772669628,187.3962616894021,184.66620762683263,185.13558959960935,,8173400.0
2024-05-17,184.78117342178777,187.21427748753436,183.794525474232,185.7007751464844,,5799700.0
2024-05-20,185.83488718209983,191.5727840637612,185.14518952426303,189.43663024902344,,8879700.0
2024-05-21,187.7602869584594,193.47902158299652,187.52080900807368,192.39659118652344,,11498800.0
2024-05-22,194.38902282714844,196.21863776271348,193.2107954768923,194.38902282714844,,11170100.0
2024-05-23,197.21487102487356,199.19774069907336,191.02675483738705,193.2682647705078,,14475100.0
2024-05-24,195.30862692150217,202.40675652600572,194.99251428872063,201.50631713867188,,13809900.0
2024-05-28,208.0871594683576,208.2787388896188,202.4067499676403,204.11183166503903,,12485400.0
2024-05-29,199.86829021564876,201.7937022785484,198.0003651383815,199.4947052001953,,12552500.0
2024-05-30,200.06219088938548,201.3799035079061,196.04171736718172,196.98431396484375,,12245300.0
2024-05-31,200.0621634307889,201.0720955564793,191.12670114674452,196.26290893554688,,15064900.0
2024-06-03,201.56262599906805,202.9284332293647,194.68549504639307,198.0519256591797,,12419500.0
2024-06-04,198.05194707715228,198.3597274204113,193.96413803384263,196.5707092285156,,6629100.0
2024-06-05,199.03297637844415,204.39041694012232,197.53251260702513,203.8133087158203,,11626300.0
2024-06-06,203.81334698307472,204.14038286570056,200.82203196763015,201.44723510742188,,7597200.0
2024-06-07,201.7261785494179,201.79351422038917,197.07088848445153,198.73486328125,,5714400.0
2024-06-10,197.45558473713783,202.54371257903475,196.7534475753136,201.36065673828125,,6465100.0
2024-06-11,199.24460497870797,201.4568338611587,196.9650551122404,200.5623321533203,,8197500.0
2024-06-12,204.39044134164843,207.39136924275783,202.8322694970684,207.1701507568359,,9502800.0
2024-06-13,208.10314143308844,210.02681624216615,204.8809802572936,209.497802734375,,10102800.0
2024-06-14,209.33428398634305,209.7286408292034,205.49654760812464,207.11244201660156,,6438200.0
2024-06-17,208.80528644544896,214.17234112486415,205.25610394160387,213.7395172119141,,12109100.0
2024-06-18,218.16398997776352,221.82858852439975,217.37527617877825,218.42367553710935,,22037500.0
2024-06-20,215.64396877727393,217.2790896239206,204.71749397676805,207.24713134765625,,18701200.0
2024-06-21,203.6786621725089,207.2470850273135,201.4183533144252,204.41928100585935,,22286500.0
2024-06-24,199.0137906750064,199.1292064727509,192.59833663265437,193.17543029785156,,16087700.0
2024-06-25,195.3876342613679,195.3972473511196,191.56913889433756,194.45465087890625,,11974900.0
2024-06-26,192.6656642964442,193.47360426159216,188.23159290297525,189.7993927001953,,10023800.0
2024-06-27,189.35690651324623,190.99204168133812,186.44254063821768,187.7025451660156,,11936600.0
2024-06-28,188.52014500370015,196.15713689953503,188.1450289757008,191.5787811279297,,15547500.0
2024-07-01,191.85770519739444,193.01190712913697,188.597077035073,192.39633178710935,,6800600.0
2024-07-02,190.6842646065777,192.8291578998014,189.5685296998929,192.52137756347656,,5632900.0
2024-07-03,194.94519303926427,197.04200615841492,192.79068670205103,196.03207397460935,,4996200.0
2024-07-05,197.9942151137887,198.8598628177388,196.19556937335605,197.8980255126953,,6375200.0
2024-07-08,199.33118668696488,202.40906341047628,198.28277277406383,199.9563751220703,,6920400.0
2024-07-09,198.60019913483308,200.59120976688905,196.84966254970496,199.2157745361328,,5272600.0
2024-07-10,200.77395713956753,201.25487587065896,198.67714384024208,200.8316650390625,,5159400.0
2024-07-11,202.00508992435104,202.11089262282624,192.1462568151085,192.22320556640625,,8602200.0
2024-07-12,193.96412298247748,198.21544229644573,192.60792880040572,194.70472717285156,,7217200.0
2024-07-15,195.25298014759497,201.25485043664744,195.0509878484148,200.23529052734375,,7463700.0
2024-07-16,201.9858494455951,203.03424866560192,198.7348344104278,201.63958740234375,,5998500.0
2024-07-17,192.1077677530629,192.3674679442,183.28772110899808,184.2880401611328,,16156200.0
2024-07-18,186.3848672050832,186.50028300714297,179.8155154024677,184.1534118652344,,9960600.0
2024-07-19,184.3746092256793,185.7211756834764,178.67090594581848,179.10374450683594,,9195700.0
2024-07-22,183.71096854687525,188.0392374393409,181.83538829543537,187.5294647216797,,7590000.0
2024-07-23,186.78880536081448,188.75096172033992,184.81703591158055,185.97125244140625,,5796700.0
2024-07-24,182.11429716215537,182.37399738007576,173.7944091861147,174.159912109375,,13295300.0
2024-07-25,172.76523885473435,173.3615880564372,166.65757982546637,168.69667053222656,,12700100.0
2024-07-26,172.17851385715994,174.38112980087357,170.7934802797922,173.1788330078125,,6567800.0
2024-07-29,174.57348737558138,175.66998141997234,171.06278675073915,171.8226318359375,,6051600.0
2024-07-30,172.495915438067,172.55362333371218,160.4056269767561,160.5691375732422,,15338900.0
2024-07-31,168.87940228091162,174.16950766226793,166.7922170098078,174.04446411132812,,19222200.0
2024-08-01,165.2051859202613,170.21636521309705,155.17322892063046,157.7413330078125,,24795000.0
2024-08-02,154.39414589135126,157.99140842878683,151.51824673834636,153.23031616210938,,16618900.0
2024-08-05,147.42081881573623,156.60636869723953,145.61255985131993,151.92221069335938,,12733900.0
2024-08-06,152.37430285547174,157.38548294683383,150.5275765213076,152.66285705566406,,9301000.0
2024-08-07,157.3373457250998,158.04911060352714,149.56569865747673,150.1620330810547,,9266900.0
2024-08-08,154.60574786669054,159.270650417832,151.84526456820086,158.6550750732422,,9590900.0
2024-08-09,157.8086607710273,159.5591971130645,155.7984095590786,158.2030029296875,,4824600.0
2024-08-12,154.4325928908611,157.15459418197452,151.41242438816687,156.67367553710938,,8548000.0
2024-08-13,158.02986654709397,163.08912530859183,157.04878842134562,163.0025634765625,,11102100.0
2024-08-14,164.12792045100983,164.7242548956754,158.43384525165348,160.77110290527344,,7208200.0
2024-08-15,165.19558127589676,167.97529090652245,164.09908717501094,166.7248992919922,,10752100.0
2024-08-16,165.7149793496734,166.76339339734645,164.11834022554228,165.6091766357422,,5435700.0
2024-08-19,165.02245660230713,167.66750956193525,162.30045488631285,167.6097869873047,,6708100.0
2024-08-20,167.22505509128308,168.7351322149037,164.61846921509965,165.54183959960938,,6222400.0
2024-08-21,166.38824848998854,168.19649272831234,165.5129729789774,167.57130432128906,,6309500.0
2024-08-22,167.64827878241974,167.9272051991002,161.9542025572802,162.550537109375,,6743500.0
2024-08-23,165.20518186749618,167.9560373407448,164.11831561624146,166.8787841796875,,6823600.0
2024-08-26,165.4071726210884,165.8015294625864,162.09844974149496,163.02182006835938,,7437600.0
2024-08-27,162.71401802849007,167.78290482568127,161.84837030913593,167.2923583984375,,6498800.0
2024-08-28,167.72521075715417,169.01406935271137,163.15648310038023,165.29176330566406,,6534600.0
2024-08-29,166.80183386325552,169.62963806096556,162.4831788164123,163.02182006835938,,12514200.0
2024-08-30,165.71496731298933,168.764004935774,164.28183890966957,168.610107421875,,11110800.0
2024-09-03,165.3302493246776,165.58994956229006,155.81767691954934,157.01036071777344,,11620300.0
2024-09-04,156.7794860890108,161.8195190235007,156.42361097043351,159.02056884765625,,6737000.0
2024-09-05,157.66704800329148,160.29676690333105,156.47787831209507,158.26646423339844,,5600000.0
2024-09-06,157.33834097139328,157.77340162574228,151.9145474412997,152.93936157226562,,10703000.0
2024-09-09,155.74311726658604,156.98063048601014,153.30677141402552,155.43374633789062,,7494900.0
2024-09-10,154.68929185549828,156.68091412776653,152.44629004247972,156.3135223388672,,7918100.0
2024-09-11,156.97096409615514,161.3602663900411,153.96419030759066,161.03155517578125,,8275400.0
2024-09-12,160.3741032687706,160.78982359527575,157.4930050315172,159.50396728515625,,6039200.0
2024-09-13,160.30644993059855,162.7138074289048,159.94873565159662,162.1627197265625,,4049900.0
2024-09-16,159.45561956184488,161.78563013695842,158.35345914803915,161.07986450195312,,6510000.0
2024-09-17,163.27454275795546,163.87395900821667,160.56747735779828,163.1005096435547,,5828000.0
2024-09-18,163.8933132143256,166.69705080291268,162.13371539151566,162.71380615234375,,5877600.0
2024-09-19,168.63065131941153,170.93165910375578,166.76471894138544,168.14724731445312,,10900000.0
2024-09-20,166.95808771203298,167.32547949881078,158.84656860729433,163.31321716308594,,27546400.0
2024-09-23,162.8298012050751,164.33801932114122,159.86170832329256,160.4514617919922,,9810000.0
2024-09-24,161.86298551223604,163.73859529900815,160.47077970134052,161.40858459472656,,9666800.0
2024-09-25,160.7608458108986,162.99417010766828,160.25810148037294,162.68479919433594,,5095500.0
2024-09-26,169.1043797472035,169.91649487346766,161.24422650116267,166.92906188964844,,8475000.0
2024-09-27,167.25778168622483,167.69284232974252,164.19300213890006,164.48304748535156,,5880700.0
2024-09-30,165.68187955168645,166.51333500829196,162.1820393692005,164.40570068359375,,8099700.0
2024-10-01,164.16399211596865,164.63771856783637,158.63384948686274,160.2774200439453,,8277600.0
2024-10-02,160.6351375128275,164.11565208838348,159.66832954765297,162.73312377929688,,4484600.0
2024-10-03,160.44179601941408,163.9029706749722,160.16142817056604,163.31321716308594,,6260200.0
2024-10-04,166.82272715032607,167.06442915583153,160.95419537554028,163.2938690185547,,6586500.0
2024-10-07,162.0756730908273,163.11982737587155,160.2387440120732,161.39891052246094,,4359300.0
2024-10-08,159.38796074845246,162.15303210193784,158.22779414784236,160.81883239746094,,7843500.0
2024-10-09,160.44179383244327,164.64741477408026,159.20428070179958,164.570068359375,,5486500.0
2024-10-10,161.67929261231646,163.14884485663737,159.84236337115445,162.92648315429688,,5048000.0
2024-10-11,162.42375214871277,164.77308862546445,161.33125433316056,164.33802795410156,,3801400.0
2024-10-14,165.6529117581619,172.93297624973613,165.22751379412844,172.13052368164062,,9933600.0
2024-10-15,171.3377134661536,173.86108291453763,167.0160805631474,168.3115997314453,,12910400.0
2024-10-16,168.82401518010752,168.87235853255893,164.57006570614294,165.78823852539062,,6495700.0
2024-10-17,169.79081414557714,169.79081414557714,165.34350625180824,165.4208526611328,,6093200.0
2024-10-18,166.3973300841486,166.8517310369343,163.79661413166187,165.246826171875,,6432700.0
2024-10-21,164.00930125324956,164.52170829032988,160.55780451758935,163.40020751953125,,7297700.0
2024-10-22,163.40022073476817,167.72185383273288,162.64611164742183,167.4318084716797,,7313000.0
2024-10-23,163.7192654627257,166.9097348576849,158.84655956578985,161.07022094726562,,9788200.0
2024-10-24,161.07988228047245,163.33254670208373,160.03572786494107,162.5204315185547,,4933400.0
2024-10-25,164.62805571295235,167.4317928528407,164.1736547985657,164.61839294433594,,5496600.0
2024-10-28,163.79659696751818,167.402786398975,163.74825362077968,166.503662109375,,5024600.0
2024-10-29,166.4843298797919,170.70929075032473,165.5755280254578,170.158203125,,6427700.0
2024-10-30,164.2800275056236,166.03962529578962,161.9693567799831,162.05636596679688,,8819700.0
2024-10-31,162.05634997086432,162.21104278925563,156.70024021685728,157.36734008789062,,10261200.0
2024-11-01,157.66705090594138,160.5674749150595,157.36734278537028,159.78436279296875,,6498100.0
2024-11-04,159.5813449248056,161.94035908316457,158.20847917330445,159.69735717773438,,4949800.0
2024-11-05,159.5233231105304,162.0273523387996,158.79821709639165,160.4031219482422,,5373200.0
2024-11-06,163.63225589620885,172.52688664881802,163.0715054794324,167.2481231689453,,17661900.0
2024-11-07,174.28648390311338,176.05574432976056,165.9332632959238,167.1707763671875,,23586300.0
2024-11-08,166.3779937762319,167.73153389756123,163.1488584299384,165.23716735839844,,10736600.0
2024-11-11,164.35734962920208,165.12112140998826,160.577127047174,162.7041015625,,7829500.0
2024-11-12,161.50529538116746,161.77600046785156,156.48755900274554,157.98611450195312,,8483300.0
2024-11-13,157.38666714333834,157.53169719409811,154.44757732716272,155.0953369140625,,7921700.0
2024-11-14,157.54136328950509,159.43631349227985,156.49720886172955,158.5275115966797,,7012600.0
2024-11-15,157.58971920785876,158.8755757422259,154.3025775915679,155.17269897460938,,9737000.0
2024-11-18,157.20298768165534,159.6586735259549,156.62289697710867,159.0399169921875,,7814200.0
2024-11-19,158.5855133353959,160.71248796180384,157.25131358916144,159.24295043945312,,6176800.0
2024-11-20,158.5564966367264,158.7498552675271,147.8732663214102,149.1494598388672,,14483000.0
2024-11-21,150.00994242393668,151.7308595939213,148.4920466856503,150.29998779296875,,10685800.0
2024-11-22,149.65219948580452,151.67283935892462,148.62738539591754,151.5858154296875,,5709300.0
2024-11-25,153.66447415957086,154.35089961525557,152.0015631297903,153.5484619140625,,9189800.0
2024-11-26,154.4475818566543,156.1104928383638,150.90906094773854,151.72117614746094,,9489900.0
2024-11-27,151.72117783024598,152.41728079553434,149.33317555626377,151.20877075195312,,6337900.0
2024-11-29,152.86200882885714,156.15882754931494,152.513957369332,153.26806640625,,6112000.0
2024-12-02,153.12306189959884,157.94742457152796,153.12306189959884,157.61871337890625,,9812700.0
2024-12-03,156.1395003192445,158.42116791090646,155.96548195108593,157.18365478515625,,6961400.0
2024-12-04,159.02057175739935,159.52331603555464,156.85493133270384,157.9184112548828,,6721600.0
2024-12-05,158.0156035136408,159.82327388451435,155.43043779936644,155.87750244140625,,7279800.0
2024-12-06,155.8775089697509,155.8775089697509,152.81613853691582,155.0222625732422,,9918400.0
2024-12-09,153.04937558852544,158.34603962534044,153.03966227209125,156.21766662597656,,9481200.0
2024-12-10,156.24679699211467,156.94654123280415,151.64986319407362,152.0580596923828,,8683600.0
2024-12-11,152.86470548030138,155.94553191353603,152.55371625704572,155.333251953125,,7081800.0
2024-12-12,154.2058894107576,154.97367142196092,152.5051248706239,153.78799438476562,,5796100.0
2024-12-13,153.78798977124396,155.18746352265646,152.21355770298447,154.06982421875,,8886700.0
2024-12-16,153.71026858498448,154.24479763689868,149.6867455488821,153.44786071777344,,9951100.0
2024-12-17,152.08722927381288,155.4790301959615,152.08722927381288,153.47698974609375,,7187400.0
2024-12-18,153.79771621643852,156.62584839598918,148.0345608880634,148.7440185546875,,10295200.0
2024-12-19,149.69645594587692,151.0959447710427,145.83814835936838,146.1685791015625,,8414800.0
2024-12-20,145.371628863076,150.22124256609143,145.2258401548294,148.5885009765625,,17347100.0
2024-12-23,151.28057974034397,154.22533087204488,150.20180849599384,153.78799438476562,,8863200.0
2024-12-24,154.17675097571512,154.91536345853262,153.10769293394762,154.87649536132812,,2839600.0
2024-12-26,152.97161154605814,155.0708444174111,152.92303013853223,154.06982421875,,3846900.0
2024-12-27,152.76753535247823,153.31177764207078,151.14452179976817,152.81613159179688,,7232500.0
2024-12-30,150.86266361668558,151.7373513843917,149.4729031969316,150.23095703125,,5356000.0
2024-12-31,150.36703161652957,151.4555162330483,148.8995200475095,149.2979736328125,,4423300.0
2025-01-02,150.6488797011452,153.07854367507855,148.49133690593305,149.3174285888672,,5009100.0
2025-01-03,151.0473270642321,153.98236488724072,150.14349931026845,153.3895263671875,,5885800.0
2025-01-06,154.8473326943121,161.0089564370586,154.8473326943121,155.3527069091797,,9599800.0
2025-01-07,157.44220191963015,158.85140384745725,154.7695719487722,156.00384521484375,,7666000.0
2025-01-08,155.54706551475064,155.6831260821886,152.52456342499542,154.60435485839844,,7731900.0
2025-01-10,153.26319040966038,153.82687419400477,151.17368546157442,152.56344604492188,,6236800.0
2025-01-13,150.8529468055243,152.94245145922804,150.44476512184917,152.70921325683594,,5714700.0
2025-01-14,155.63452550247763,156.48004366014598,152.15524556993248,155.04168701171875,,6476500.0
2025-01-15,157.53938661857384,160.79512679738076,157.52965847374114,159.78439331054688,,9284000.0
2025-01-16,160.69797053798297,161.17417515449927,156.74247073190963,156.88824462890625,,7188900.0
2025-01-17,160.72711256692006,160.95063746774633,158.5112605314085,159.93017578125,,8097500.0
2025-01-21,161.32966108010913,163.93425330951254,160.69795448357925,162.56393432617188,,7380500.0
2025-01-22,163.58439854623663,167.24832059050985,163.45805129316176,165.45037841796875,,7281700.0
2025-01-23,165.58644726764584,169.4739092355343,164.6145817756737,169.4544677734375,,7172300.0
2025-01-24,170.17365975437087,170.27083740940185,167.10256112916318,167.2677764892578,,5825800.0
2025-01-27,167.2580667319854,167.3552443890844,162.5736676727667,166.3639373779297,,15632600.0
2025-01-28,165.43092799300462,168.60893197288303,165.03245962373617,166.7235107421875,,8720200.0
2025-01-29,166.72351103965505,168.60893227371452,165.43092828816592,166.87901306152344,,5118900.0
2025-01-30,167.49128760628466,168.65752317699128,166.15983668909783,167.0928192138672,,6010600.0
2025-01-31,167.65648508327965,171.81606756746555,167.4426735213318,168.06466674804688,,7800500.0
2025-02-03,164.12864082180562,167.72453999637762,163.3317040400869,165.45037841796875,,7447100.0
2025-02-04,163.7593226187307,168.900484145109,163.7593226187307,168.1715850830078,,5457900.0
2025-02-05,168.13272612851134,172.0201880043151,165.11993724296738,170.91226196289062,,15197800.0
2025-02-06,163.11790278952265,164.7214897703629,160.74654858475822,164.5562744140625,,16293500.0
2025-02-07,165.05189580618082,166.4805390712019,161.38795924810387,163.23451232910156,,7841700.0
2025-02-10,164.95473382015962,166.96650260450824,164.24527612878396,166.53887939453125,,6237700.0
2025-02-11,164.876977012056,167.84116976857453,164.35217616426635,167.15115356445312,,6588100.0
2025-02-12,164.77977626144772,166.1209403864657,163.5066350009181,165.4989471435547,,5505700.0
2025-02-13,165.401792541183,167.51073890586864,164.70204819176308,167.306640625,,6362200.0
2025-02-14,167.74399975137996,167.95781135859852,166.22787703760514,167.3843994140625,,4691300.0
2025-02-18,168.38540135196374,168.8324659808159,166.422243833912,168.7547149658203,,7292600.0
2025-02-19,169.0948624231022,171.5342391827796,168.47286917448585,170.29025268554688,,6849600.0
2025-02-20,171.04832766919225,171.4273546202796,168.03553869322275,168.8130340576172,,6316400.0
2025-02-21,170.05699776258618,170.4943342118312,160.56188380438527,160.7756805419922,,12531900.0
2025-02-24,161.24220600559852,161.90306741654706,156.46062960397362,156.56753540039062,,9827800.0
2025-02-25,157.11178152126757,158.7347951394576,154.95423890798722,156.6841583251953,,8244900.0
2025-02-26,157.27699036491074,159.52199722182965,156.40230254657874,157.53939819335938,,9161900.0
2025-02-27,157.77265719864465,158.6570584495395,149.7644941833989,150.0949249267578,,10807200.0
2025-02-28,150.73633885941274,152.88415322266127,149.08415571292613,152.7480926513672,,10149500.0
2025-03-03,154.5169014612432,155.57623129906878,148.2289304785861,149.2979736328125,,9601900.0
2025-03-04,150.90154269670126,152.77723577427514,147.09183216159948,150.1143341064453,,8956800.0
2025-03-05,150.67801242619143,154.67238000782106,148.72456821571177,154.0309600830078,,6786900.0
2025-03-06,150.58176812728894,154.26546098918146,150.5622218375911,152.4675750732422,,7808100.0
2025-03-07,151.66635714371213,158.11526111854968,151.66635714371213,157.52899169921875,,8727600.0
2025-03-10,153.74760515600403,155.61386592178405,149.1161182495412,151.43185424804688,,10139900.0
2025-03-11,151.30482945019503,152.6532252298266,147.40617218927792,149.5948944091797,,8692900.0
2025-03-12,150.67949586307876,152.29171451086555,148.4419151740952,149.30177307128906,,7117400.0
2025-03-13,149.1063496992814,152.06697905382916,146.97625132157393,148.46145629882812,,5861700.0
2025-03-14,150.04434542015284,153.3567330698103,150.02479913196106,152.99520874023438,,5309400.0
2025-03-17,152.0376575264511,155.08622263251914,151.8813170314091,154.33384704589844,,5781000.0
2025-03-18,154.33385217100482,156.07309923511582,152.35032866632258,152.71185302734375,,6898400.0
2025-03-19,152.84864397167033,156.83523718574256,151.51001387696766,154.63674926757812,,5871000.0
2025-03-20,154.38270531428034,155.47705896067396,152.93659300876732,154.33384704589844,,5089300.0
2025-03-21,151.43185035291896,153.8159908533315,150.04436192764388,153.229736328125,,10949300.0
2025-03-24,156.33692984360027,157.31403565512278,155.16440585166356,156.41510009765625,,6033400.0
2025-03-25,156.21966692246096,157.77326143539125,155.77019173214492,156.4834747314453,,3978200.0
2025-03-26,155.79950839293556,157.1283728053673,153.25904239615025,154.76377868652344,,5960300.0
2025-03-27,154.58791957955597,155.60410308033,152.1842326829601,154.35340881347656,,6102000.0
2025-03-28,153.32742808608003,154.03094539857958,148.0901408205002,149.2235870361328,,8918000.0
2025-03-31,147.35731684065144,150.3277266914857,144.4944041289253,150.0932159423828,,8613600.0
2025-04-01,148.9011575960362,149.8098737754814,146.81991739650684,149.54605102539062,,5708900.0
2025-04-02,147.33777336528465,151.90087045835708,146.92739072860348,150.55245971679688,,5377200.0
2025-04-03,143.6345521065983,144.02538846147525,135.38777679741477,136.22808837890625,,16465000.0
2025-04-04,131.26439369447144,132.74959873151604,123.77976690910674,124.54190826416016,,19018600.0
2025-04-07,121.73760290389404,134.05890711805893,118.03437863840506,126.75016021728516,,17938300.0
2025-04-08,128.1278828330332,132.19263145562144,118.9528529059582,121.8060073852539,,14965900.0
2025-04-09,122.29457362980988,141.54355618655288,121.3467797480956,140.30262756347656,,21242600.0
2025-04-10,133.87326003517643,135.87632990324497,126.33000208081232,131.32301330566406,,14898800.0
2025-04-11,130.93217580579557,137.4299233428251,128.10834067024263,136.06198120117188,,10955300.0
2025-04-14,139.48186680027837,139.83362551958538,133.69740167902637,136.0033721923828,,6930300.0
2025-04-15,136.26716082254487,137.6155564842206,134.86989198691796,135.42684936523438,,6346800.0
2025-04-16,130.61950414181229,134.16640318283254,128.77277466372985,132.63235473632812,,10417200.0
2025-04-17,134.23481321661814,134.98717402427178,132.60304815392442,133.5312957763672,,7135900.0
2025-04-21,131.6454553952227,133.42379504205198,130.3068252697078,133.02317810058594,,8128300.0
2025-04-22,133.61922886148037,135.91543363933434,133.36518670051774,135.5636749267578,,8228000.0
2025-04-23,139.31575282819514,140.58599340547605,136.5798534870021,137.24429321289062,,9073500.0
2025-04-24,139.51116572570146,144.43578733503784,138.73925869946436,143.83975219726562,,8810600.0
2025-04-25,142.73561063495907,145.78417582285448,142.73561063495907,145.15882873535156,,5145600.0
2025-04-28,144.78753331925796,145.8819019766005,142.110272913246,144.2403564453125,,5743500.0
2025-04-29,143.3023237639165,144.8656839188675,142.1884238761022,143.5172882080078,,6692000.0
2025-04-30,141.87576733459633,145.44221265530328,140.58599535736158,145.06114196777344,,10851900.0
2025-05-01,135.61249680538603,135.77861789869834,131.78224415837238,132.11447143554688,,22836600.0
2025-05-02,134.69402728723134,138.17252120865797,134.1468355689436,136.60914611816406,,13185600.0
2025-05-05,135.13373487411576,137.54718738844667,135.12395427408487,136.2476348876953,,7165300.0
2025-05-06,134.66473080011323,137.5765019589297,134.31297210975978,136.6970977783203,,6957900.0
2025-05-07,137.16611550245753,141.38720476022672,137.03908697879683,140.99636840820312,,10196400.0
2025-05-08,142.3056761818913,144.12309341386103,140.59574117528618,141.77804565429688,,8489100.0
2025-05-09,142.32523796118394,143.61500989648442,141.2895081728263,141.85621643066406,,6217100.0
2025-05-12,150.55247847965816,150.8260669382087,146.39977841518044,148.63734436035156,,11414600.0
2025-05-13,148.52985750614965,149.7805518234135,147.50390827314817,147.8751983642578,,10160900.0
2025-05-14,148.4516666153722,149.7609996266331,146.9860080182692,149.47763061523438,,6971200.0
2025-05-15,148.23671494411315,149.87824539277815,146.74172947982538,149.11610412597656,,6941200.0
2025-05-16,149.37016085437574,149.55581334434817,147.83611248096176,149.00863647460938,,6668000.0
2025-05-19,147.10326021718186,150.29839990268383,146.67333134091257,150.18113708496094,,7241100.0
2025-05-20,149.53627510465395,150.36682105415815,148.4516869975078,150.29843139648438,,5269500.0
2025-05-21,150.06392072140827,152.55554366212996,147.3768795893354,147.84588623046875,,9684500.0
2025-05-22,147.92406369824067,148.10971620738073,143.84953382670682,143.99609375,,9539100.0
2025-05-23,140.13650195198758,143.13622369843614,138.52428346190592,142.0516357421875,,8994600.0
2025-05-27,144.17195787673455,145.9307512267082,143.07758928705616,145.22723388671875,,9788800.0
2025-05-28,145.41289549011788,146.0675546012894,143.98631443078546,144.2208251953125,,7032300.0
2025-05-29,146.42908324009656,147.05443038755928,143.86907068477302,144.94387817382812,,5980700.0
2025-05-30,144.61166223387625,144.63120852504082,140.19513972614112,141.87576293945312,,13755600.0
2025-06-02,141.48492014341213,143.83974865510072,141.17223913679493,143.2730255126953,,6419500.0
2025-06-03,143.35119441086772,146.35090137884262,142.17865555657502,145.53013610839844,,6164100.0
2025-06-04,146.56586652465398,146.6147247953857,144.00585416038098,145.6376190185547,,7143800.0
2025-06-05,146.26673110422587,147.5249383181063,144.4973725225149,145.04783630371094,,5605500.0
2025-06-06,147.2496977575743,148.0262416176794,146.51246630852003,146.69923400878906,,5794700.0
2025-06-09,149.225473693806,153.46209471774125,148.5963701194701,152.76419067382812,,10589400.0
2025-06-10,153.530918070991,156.7943883432643,152.42999050911754,156.42086791992188,,9068400.0
2025-06-11,157.27604392059038,159.3796104080678,155.01519778942944,156.764892578125,,8859900.0
2025-06-12,156.2930645196803,156.89268002125718,155.2609375088989,155.9981689453125,,5689400.0
2025-06-13,153.67835266416117,154.49422395169177,151.81070561975022,152.0859375,,8446400.0
2025-06-16,154.35660520423784,155.75242828555042,152.99027018105764,154.19932556152344,,8686300.0
2025-06-17,153.98307130167785,154.89724610971965,151.76155257300508,151.8303680419922,,7146900.0
2025-06-18,152.36118256753676,153.4424614756861,150.5426721308348,151.01451110839844,,6708700.0
2025-06-20,151.6042667333135,152.47911409503624,148.06556487647384,148.7438201904297,,15501900.0
2025-06-23,148.65533542192384,150.90635703127276,147.1317208608338,150.53282165527344,,6860700.0
2025-06-24,152.09575549165538,153.63903382616118,151.525628049552,153.05908203125,,7692700.0
2025-06-25,153.4424485880782,153.86512076275488,151.95814630255646,153.27532958984375,,5280100.0
2025-06-26,153.83564121831094,155.72295207746546,153.25568936555783,155.4968719482422,,6278200.0
2025-06-27,155.94902448881192,158.357325959794,154.8874243697742,155.8408966064453,,22100300.0
2025-06-30,155.69346128559317,157.13843621473808,155.1135094430148,156.54864501953125,,7988200.0
2025-07-01,155.52634518434894,158.8979430907933,155.29042572481168,156.68624877929688,,8942300.0
2025-07-02,156.96148002471716,160.01853363862676,156.0964720078796,159.55654907226562,,8916400.0
2025-07-03,160.26428156868857,161.16863201705146,159.33045806113185,159.44842529296875,,4280800.0
2025-07-07,158.36714913769765,158.74068454655765,154.88742322020286,155.3985595703125,,7187400.0
2025-07-08,156.7550610431798,159.07488318468472,155.90970174587687,156.7353973388672,,6879100.0
2025-07-09,156.68625224286993,158.73084260701958,155.55583668049965,156.63711547851562,,4190100.0
2025-07-10,156.28324223497012,157.56109807578758,155.10365992188912,156.38153076171875,,5674400.0
2025-07-11,156.29305682488703,156.46016080903232,154.47454670499295,154.77928161621094,,5907700.0
2025-07-14,153.75699599145588,153.8356358160357,150.86704618395154,151.6632537841797,,7382600.0
2025-07-15,153.6291915456465,154.04205433989475,151.49613710408505,151.67308044433594,,6467300.0
2025-07-16,151.67308633673414,151.86967838986357,148.96006500690663,151.44700622558594,,7106700.0
2025-07-17,150.39521583322576,150.9161915247532,149.2156485127676,150.01185607910156,,7018600.0
2025-07-18,150.43453515032363,152.78384554606512,150.12981520344283,152.16458129882812,,7433900.0
2025-07-21,152.2825274674874,157.2072281847389,152.27270311440353,156.26358032226562,,7662300.0
2025-07-22,156.25374962704055,156.33237444654506,153.51124032770306,155.30026245117188,,6951600.0
2025-07-23,155.89004977259336,157.31536096277705,154.2583071691219,157.15809631347656,,7296200.0
2025-07-24,155.65415489365066,156.3815470636636,154.12070072659336,156.13580322265625,,5014800.0
2025-07-25,156.19476522547745,156.48966080783197,154.7301416648367,155.70327758789062,,4808200.0
2025-07-28,157.04013517259813,159.20269292330445,156.4503589670528,158.3081817626953,,9627300.0
2025-07-29,159.28130552447817,160.8147595388145,158.3966337845642,159.3206329345703,,9460900.0
2025-07-30,160.2249759117189,160.4903834457748,155.31009935000972,156.35205078125,,14382500.0
2025-07-31,150.50334300684636,154.13052412448212,143.10154048183853,144.26144409179688,,24440100.0
2025-08-01,143.96657116342527,146.63042586631352,143.30796450356883,145.6671142578125,,12706700.0
2025-08-04,145.98164772692837,148.22283007780257,144.56617597822773,144.99867248535156,,8150200.0
2025-08-05,145.99149365861635,146.11927024645223,143.1900080942534,144.21231079101562,,7794500.0
2025-08-06,144.15332430652268,144.21231542474146,141.65657359972928,143.35711669921875,,8475700.0
2025-08-07,145.79488985953722,145.79488985953722,142.34463728459932,143.41607666015625,,6753500.0
2025-08-08,143.85844456198657,145.50001155198663,143.20967724885702,145.04783630371094,,5028700.0
2025-08-11,146.04065792082588,148.48825699276372,145.19529850266304,145.45086669921875,,6215900.0
2025-08-12,146.2568924487475,151.27989697462291,146.04065167568672,151.11279296875,,9304100.0
2025-08-13,151.3486972238657,154.43523884326737,151.0144892457358,153.92408752441406,,7103300.0
2025-08-14,152.262866003967,155.9490233313614,152.262866003967,155.3985595703125,,6294800.0
2025-08-15,155.3494114011454,156.5486424793306,154.02240373198214,155.16265869140625,,7583700.0
2025-08-18,155.09383568947536,157.03029815617356,154.56303564738604,156.19476318359375,,4774400.0
2025-08-19,156.36188705206513,156.71574375848175,153.39329746757596,153.5898895263672,,6396500.0
2025-08-20,153.72749411384694,153.97323791893967,150.8473839176857,152.79367065429688,,7151700.0
2025-08-21,152.18423677375682,152.5577571727893,150.44436636587952,151.5059814453125,,4997300.0
2025-08-22,152.19406163739723,157.16791406399608,151.92865411689536,155.31991577148438,,7711500.0
2025-08-25,154.92673148581991,155.3592430005009,152.75434955944948,153.75698852539062,,4653000.0
2025-08-26,154.97587216346452,157.2367181018467,154.7301283657928,156.4601593017578,,9173000.0
2025-08-27,155.6639737203489,157.24656460020225,155.11350993588047,157.0499725341797,,4549900.0
2025-08-28,157.18757633071317,158.47527151249554,156.32255330825876,158.0624237060547,,8156300.0
2025-08-29,156.81405442075413,158.84882056928572,156.686262827171,157.99362182617188,,9949100.0
2025-09-02,155.13318004745403,156.2341076618469,151.96799815706072,156.0768280029297,,7520300.0
2025-09-03,156.6862433554768,156.85336234124657,153.40310973537774,154.6023406982422,,6336400.0
2025-09-04,154.41451173960985,158.0326787658043,152.70429118392013,157.8843994140625,,7781200.0
2025-09-05,158.25017099137924,161.62119583169348,157.33079372385262,158.01290893554688,,7954200.0
2025-09-08,158.45775684860786,158.45775684860786,156.2038201880702,158.40834045410156,,7019700.0
2025-09-09,158.53685004485988,159.7528011156979,155.76886813816373,156.84640502929688,,6126000.0
2025-09-10,156.80685747920307,157.39012483010217,154.8198386173342,157.13308715820312,,8256900.0
2025-09-11,157.37034548259723,160.21742982488556,156.15440949656576,159.663818359375,,8360200.0
2025-09-12,159.48587894910568,160.47444819933182,157.75588276120996,159.98016357421875,,5430600.0
2025-09-15,159.55507145557277,160.82043889310032,158.37868671496693,159.37713623046875,,5604800.0
2025-09-16,159.9702754647985,163.11391828580977,159.65392607974712,162.2637481689453,,7997500.0
2025-09-17,162.79756921387764,164.4682535815174,161.36414688548277,163.37094116210938,,6057800.0
2025-09-18,164.97244878160313,166.92981176213885,164.32986968921142,166.20816040039062,,10421200.0
2025-09-19,167.23626774668568,167.64158478254194,164.3891833173722,164.9427947998047,,19444400.0
2025-09-22,164.94277944360869,168.27425286888047,164.02340223041597,167.77996826171875,,6196600.0
2025-09-23,167.87884136387734,168.89706650942475,166.37621184366006,167.59214782714844,,5468400.0
2025-09-24,167.1176310986019,172.44601863696337,166.74196996476516,171.56619262695312,,9213700.0
2025-09-25,169.2529576563001,170.0042648991034,166.02033179940315,167.7404327392578,,8093700.0
2025-09-26,167.74042393573424,168.9761355043946,166.2081536580912,167.2659149169922,,4846000.0
2025-09-29,167.265921412336,167.89860515668397,162.87667133650996,163.41050720214844,,7523100.0
2025-09-30,163.7466181797762,164.93289832240333,162.9953109424655,164.45838928222656,,5593300.0
2025-10-01,163.90479880765182,164.863712269631,162.60977539192368,164.5869140625,,6153000.0
2025-10-02,165.83248967941995,167.6020219783699,165.2689979732459,166.919921875,,5499500.0
2025-10-03,166.91992494606083,169.78676975534347,166.81118172450212,167.2461395263672,,5137900.0
2025-10-06,168.59060190642364,168.9267269327875,165.8028443222864,166.6925506591797,,8265800.0
2025-10-07,167.95791474468072,170.01414065850807,163.2523303992722,163.5686798095703,,7147500.0
2025-10-08,164.33975468491883,166.6233471991026,162.01661095417765,165.85226440429688,,7302200.0
2025-10-09,165.45683293411014,165.69409498790844,161.36415678340123,163.76638793945312,,6928400.0
2025-10-10,162.93599435074972,163.20289719295062,151.5971036150923,151.8343505859375,,15818600.0
2025-10-13,154.16737951978217,160.5337682336089,153.9993245486868,159.9307403564453,,10311000.0
2025-10-14,157.4790933160903,162.3922839690867,157.43954209663966,159.89120483398438,,8675200.0
2025-10-15,162.36261912974507,162.36261912974507,158.47753413147362,161.1071319580078,,7334100.0
2025-10-16,162.6097542508809,163.3017496787415,160.35581766620993,162.20443725585938,,5686700.0
2025-10-17,160.99838230724146,161.91774443297663,159.82198253264946,161.58163452148438,,4833100.0
2025-10-20,161.47289678755672,165.73362781814745,160.2075293612587,165.13059997558594,,8194100.0
2025-10-21,164.8933521353067,167.30546349274454,164.30020455796742,166.900146484375,,6176100.0
2025-10-22,165.5754615475407,167.83927838948168,164.1222636096894,167.33511352539062,,10083800.0
2025-10-23,166.40586109901432,169.29248145441937,165.96100796024157,168.08642578125,,6546400.0
2025-10-24,169.72746138258532,170.4491127303254,166.5442671076287,167.00889587402344,,6256000.0
2025-10-27,167.0187840386185,203.59584897530524,166.8902802840509,185.53468322753903,,81799300.0
2025-10-28,181.827538202508,183.78491621367652,177.35921597239158,178.960693359375,,20323100.0
2025-10-29,179.91960777900198,181.3925814269066,176.1630415227862,176.62767028808594,,11614600.0
2025-10-30,176.6375464327639,177.8238416008188,175.16458790356617,175.23377990722656,,7862900.0
2025-10-31,176.47939911519362,180.0678954870866,174.80871455198138,178.83218383789062,,9452800.0
2025-11-03,180.85875648799532,181.35304115458425,177.04287825855437,178.6542510986328,,8535100.0
2025-11-04,175.45126425285122,177.29000364012416,170.3205874907331,170.8643035888672,,12323600.0
2025-11-05,172.76236945256633,181.3332636726266,172.32741162132922,177.66567993164062,,18845500.0
2025-11-06,175.7676243945084,176.4695001496126,168.11609258920316,171.22019958496094,,16184700.0
2025-11-07,170.7555789672247,172.25820859726377,166.3267925193092,168.93661499023438,,10614700.0
2025-11-10,171.77379502448213,172.80191553706703,167.56249526414592,169.6088409423828,,10129300.0
2025-11-11,169.04533986414432,173.96841045059946,169.04533986414432,171.99127197265625,,8419100.0
2025-11-12,172.9996191132594,175.39195489315838,172.8809956300086,174.65052795410156,,8785800.0
2025-11-13,174.61099798441532,176.7858473988741,171.05214251757715,172.50534057617188,,9526100.0
2025-11-14,169.81642266379262,173.68173200842023,169.44076152598515,171.99127197265625,,7949900.0
2025-11-17,170.82478047189662,172.84145523528423,163.28199177926248,164.84393310546875,,10211100.0
2025-11-18,163.00519331803233,164.88346897784146,159.5452007246372,163.17324829101562,,11073200.0
2025-11-19,162.80747611709694,165.59523362536578,162.23410412816332,164.21124267578125,,8176500.0
2025-11-20,165.21958289025355,166.94957907053654,157.03423074114986,157.76576232910156,,12075400.0
2025-11-21,158.9125102118486,163.38084753754097,157.28137694948742,161.43336486816406,,10815000.0
2025-11-24,162.49113305196127,165.03176342532362,161.84856903265043,163.17324829101562,,12070100.0
2025-11-25,162.11548007821798,163.0842737395562,160.0197029676637,161.43336486816406,,7758100.0
2025-11-26,162.24397451440873,164.34963176644462,161.28506117043543,163.2523193359375,,7967700.0
2025-11-28,163.14357500086803,166.26745731478488,162.25386874844432,166.16859436035156,,5068800.0
2025-12-01,164.01352888465104,167.09786013639985,163.60821186943875,166.11917114257812,,6818300.0
2025-12-02,166.82107214672035,169.21340808234442,165.72375960211377,168.748779296875,,9159100.0
2025-12-03,168.946485194475,173.08859292246373,168.40278415386396,173.06883239746094,,7624300.0
2025-12-04,173.2178705363803,173.81403376343962,172.12488187793554,173.2377471923828,,7245000.0
2025-12-05,173.62524815151616,176.11923009845722,173.38677377817086,173.69479370117188,,8400100.0
2025-12-08,173.62524882236175,174.38039493203829,172.61175168353495,174.1916046142578,,6690200.0
2025-12-09,173.3867817358537,175.22498577298987,171.22069626730675,174.87721252441406,,7719100.0
2025-12-10,174.6884267932286,182.26975645543368,174.1320017100294,181.047607421875,,11100100.0
2025-12-11,180.2129546428905,180.48123643710323,176.95388044563842,180.1136016845703,,6319200.0
2025-12-12,180.093711168888,181.94184585961688,176.7352691103243,177.152587890625,,8865800.0
2025-12-15,178.5734814128785,179.15971388206592,175.2647232555021,178.1164093017578,,6954700.0
2025-12-16,178.04686703829697,178.04686703829697,173.69480422021527,174.99644470214844,,7136000.0
2025-12-17,174.99643911907916,176.34776361720296,170.95241153311883,171.2405548095703,,8501900.0
2025-12-18,174.58907334893905,175.95032864950844,172.42297266800423,173.07876586914062,,8967500.0
2025-12-19,173.3271583651701,176.0596146758396,173.08868399266413,174.13198852539062,,25223500.0
2025-12-22,176.42725514536394,177.18241643549993,172.79060044381805,173.1085662841797,,6422100.0
2025-12-23,172.50245087983245,174.1518645033371,172.40308276797978,173.6351776123047,,4690400.0
2025-12-24,173.9233264344238,174.37046779059963,173.30728657330428,173.65505981445312,,1645300.0
2025-12-26,173.8835840182229,174.38039425827498,173.23773677073336,173.69479370117188,,2442800.0
2025-12-29,172.8998948393306,174.07237489356547,171.68767663680006,172.32359313964844,,3978400.0
2025-12-30,172.9495785879288,173.2874059128995,172.23417062831717,172.5421905517578,,3429300.0
2025-12-31,172.50245201183196,172.67136567393374,169.91903270116217,169.9587860107422,,4682600.0
2026-01-02,172.69124090753655,173.56561661231206,171.10144208921628,171.87646484375,,6532200.0
2026-01-05,174.34065811947426,177.7090309793917,172.89989627756148,175.1852264404297,,8972200.0
2026-01-06,176.07949482124175,183.27329751116463,175.49324720572318,181.2860565185547,,11033900.0
2026-01-07,181.22644365031323,182.8957339858872,175.98012858670194,179.0404815673828,,9853000.0
2026-01-08,177.65935540251527,183.134199114193,175.07593593658004,180.7097625732422,,8353500.0
2026-01-09,176.98368611022113,178.2952725033098,173.68487379434467,176.64585876464844,,9662200.0
2026-01-12,174.75798748240712,174.75798748240712,168.16034762566198,168.19015502929688,,13657600.0
2026-01-13,165.91475582973652,167.27602629823775,163.91758397470218,164.23553466796875,,9993300.0
2026-01-14,162.64574233941798,163.68904689842998,161.31429450596625,163.4903106689453,,7959900.0
2026-01-15,165.38812992405752,165.43781398156636,160.00270860961666,160.36041259765625,,9241600.0
2026-01-16,160.36041829525965,160.66843823673435,158.19433279621413,158.40298461914062,,11990800.0
2026-01-20,153.96148812678467,156.7138210619579,152.2723363673962,153.0871124267578,,11971400.0
2026-01-21,155.33269837350423,156.52503997030064,153.63360060602096,155.3724365234375,,9181900.0
2026-01-22,157.45904362528955,158.41291082564712,155.80962993792429,156.79331970214844,,7450300.0
2026-01-23,156.03816134994335,156.97216707391354,153.86214512500058,154.82595825195312,,7106700.0
2026-01-26,153.81245324397364,155.20351585056062,153.3156430042718,153.53424072265625,,8004200.0
2026-01-27,155.3326948681393,155.74008291263047,151.6861094458511,152.0636749267578,,8354600.0
2026-01-28,151.0303140282834,153.01755500233978,149.44051518446017,151.72584533691406,,8539000.0
2026-01-29,152.11336162590607,152.25246789211823,148.77479607536804,151.24891662597656,,9142900.0
2026-01-30,149.0033337333581,152.0934940301588,148.8741582193983,150.6229248046875,,9577200.0
2026-02-02,150.00689447457344,152.65985950297514,149.85785745781627,151.6463623046875,,9099100.0
2026-02-03,149.75848342053223,149.75848342053223,143.37944161083925,146.24105834960938,,11966400.0
2026-02-04,147.76131061752727,152.49093871992935,147.2247470593274,147.94015502929688,,19249300.0
2026-02-05,132.07203872176157,138.4411499430295,131.88324839566826,135.43048095703125,,30229600.0
2026-02-06,135.99683381913616,138.26228736014335,134.41698085317375,136.46383666992188,,15036800.0
2026-02-09,136.22537377801996,139.04725230051432,135.62919542585564,138.04368591308594,,11022700.0
2026-02-10,137.2686629102042,139.51425489281263,135.9173384542661,139.1962890625,,9762900.0
2026-02-11,139.13667702730794,141.48162200744946,138.2225479891437,140.14022827148438,,9379300.0
2026-02-12,139.9613919232626,140.59730847172986,135.86768009009486,137.58663940429688,,12416600.0
2026-02-13,136.24523553933992,140.5774214441114,135.86767006624217,139.80239868164062,,13134400.0
2026-02-17,140.1004865524103,142.58453773241757,139.11679682700716,141.7200927734375,,10670700.0
2026-02-18,142.58453825813112,143.55828207907953,139.82227454869408,142.32620239257812,,9944500.0
2026-02-19,140.9748835347343,141.41207898721174,139.00750399858572,140.3687744140625,,8219400.0
2026-02-20,139.4148938255132,143.15091671325214,139.20624200509135,141.968505859375,,10265100.0
2026-02-23,141.06431262109078,143.14097596017754,138.74917488862957,139.51426696777344,,8260100.0
2026-02-24,141.65054540875474,145.43623733793012,141.15373512594545,143.85638427734375,,11085700.0
2026-02-25,144.67115751605743,145.098407073207,143.10123523450437,144.88975524902344,,7358300.0
2026-02-26,144.98910570022582,146.00260288450687,143.59804302489582,144.6612091064453,,8642100.0
2026-02-27,141.94862298626512,142.9919275270156,140.4482615131695,141.45181274414062,,12439900.0
2026-03-02,136.95071230248513,141.10403862304267,136.01670662733133,140.1302947998047,,8963900.0
2026-03-03,137.3879160833648,138.31197590653952,135.4304824098924,137.24880981445312,,10372400.0
2026-03-04,137.33823130050143,138.99757577143515,136.5433318417177,138.6199951171875,,9309800.0
2026-03-05,137.58999633789062,139.66000366210938,135.8000030517578,137.0,,8981000.0
2026-03-06,134.1699981689453,137.17999267578125,133.4199981689453,135.69000244140625,,9197000.0
2026-03-09,133.49000549316406,138.5800018310547,132.4600067138672,138.11000061035156,,12304600.0
2026-03-10,134.6999969482422,136.75,132.16000366210938,135.1999969482422,,10447300.0
2026-03-11,136.4499969482422,138.1999969482422,133.9600067138672,134.1199951171875,,7830500.0
2026-03-12,133.47000122070312,134.8699951171875,130.61000061035156,131.14999389648438,,9162800.0
2026-03-13,131.14999389648438,133.4199981689453,129.22000122070312,129.82000732421875,,7786700.0
2026-03-16,131.07000732421875,131.8699951171875,128.94000244140625,129.38999938964844,,10132900.0
2026-03-17,133.52000427246094,134.0500030517578,131.17999267578125,131.58999633789062,,10544300.0
2026-03-18,130.72999572753906,132.74000549316406,129.92999267578125,130.47000122070312,,9894300.0
2026-03-19,129.13999938964844,132.67999267578125,128.89999389648438,131.27999877929688,,9846700.0
2026-03-20,131.30999755859375,132.75,129.77999877929688,129.89999389648438,,78568000.0
2026-03-23,133.14999389648438,133.97000122070312,127.41000366210938,128.35000610351562,,11431600.0
2026-03-24,128.33999633789062,129.17999267578125,127.30999755859376,128.6699981689453,,8409200.0
2026-03-25,130.16000366210938,131.92999267578125,129.9499969482422,130.35000610351562,,6669400.0
2026-03-26,128.7899932861328,132.33999633789062,128.30999755859375,130.5399932861328,,11912500.0
2026-03-27,129.88999938964844,130.0399932861328,126.68000030517578,127.11000061035156,,8964900.0
2026-03-30,127.4499969482422,128.60000610351562,126.33999633789062,127.06999969482422,,11555900.0
2026-03-31,128.39999389648438,129.2899932861328,125.77999877929688,128.77999877929688,,12219800.0
2026-04-01,128.0,130.22999572753906,126.9800033569336,127.27999877929688,,10210700.0
2026-04-02,125.2300033569336,127.0,124.01000213623048,126.8000030517578,,8575300.0
2026-04-06,126.55999755859376,127.43000030517578,123.70999908447266,125.7300033569336,,8038600.0
2026-04-07,125.06999969482422,125.41000366210938,121.98999786376952,124.06999969482422,,8840400.0
2026-04-08,128.64999389648438,128.88999938964844,125.62000274658205,127.51000213623048,,12535800.0
2026-04-09,127.26000213623048,128.58999633789062,126.8000030517578,127.75,,9352700.0
2026-04-10,128.8000030517578,130.61000061035156,127.8499984741211,128.05999755859375,,8427400.0
2026-04-13,128.0,131.30999755859375,126.45999908447266,131.24000549316406,,8615000.0
2026-04-14,132.1999969482422,132.94000244140625,131.0500030517578,132.83999633789062,,7608300.0
2026-04-15,133.44000244140625,134.33999633789062,132.27999877929688,133.0500030517578,,9691500.0
2026-04-16,131.7899932861328,135.6999969482422,131.7899932861328,134.47000122070312,,8163700.0
2026-04-17,136.69000244140625,136.97000122070312,134.41000366210938,136.1999969482422,,9667600.0
2026-04-20,136.41000366210938,138.5,136.0800018310547,137.52000427246094,,7953800.0
2026-04-21,138.1199951171875,138.25999450683594,135.0500030517578,135.55999755859375,,11874600.0
2026-04-22,136.63999938964844,137.49000549316406,135.5500030517578,136.07000732421875,,9432700.0
2026-04-23,136.0,136.99000549316406,132.0500030517578,133.9499969482422,,10164900.0
2026-04-24,145.61000061035156,151.5399932861328,143.5800018310547,148.85000610351562,,29449600.0
2026-04-27,156.30999755859375,161.0,147.0500030517578,150.25999450683594,,41744000.0
2026-04-28,145.0800018310547,151.5,144.0,150.0,,22921300.0
2026-04-29,151.4499969482422,157.2899932861328,151.0,156.0,,37571200.0
2026-04-30,172.0500030517578,186.88999938964844,163.55999755859375,179.5800018310547,,61132700.0
2026-05-01,179.1300048828125,179.99000549316406,171.14999389648438,177.00999450683594,,21111500.0
2026-05-04,177.22000122070312,180.4900054931641,166.8300018310547,168.3800048828125,,23117400.0
2026-05-05,167.64999389648438,187.22000122070312,164.7899932861328,186.5500030517578,,34274900.0
2026-05-06,195.17999267578125,197.5,188.22000122070312,192.57000732421875,,30145000.0
2026-05-07,190.6699981689453,223.66000366210935,187.63999938964844,202.5500030517578,,51092200.0
2026-05-08,213.0,228.0500030517578,208.6300048828125,219.08999633789065,,37850000.0
2026-05-11,232.0099945068359,247.8999938964844,231.1999969482422,237.52999877929688,,45474000.0
2026-05-12,229.83999633789065,230.0,202.0,210.30999755859375,,38590100.0
2026-05-13,216.6300048828125,219.4900054931641,207.1499938964844,213.1699981689453,,26226300.0
2026-05-14,208.5099945068359,209.52999877929688,199.66000366210935,200.0800018310547,,24883900.0
2026-05-15,201.6499938964844,207.3999938964844,199.16000366210935,201.4900054931641,,25876800.0
2026-05-18,206.77000427246097,210.8000030517578,193.5800018310547,203.63999938964844,,21082500.0
2026-05-19,196.86000061035156,201.5,191.02000427246097,195.61000061035156,,19605200.0
2026-05-20,197.0,203.58999633789065,194.0,202.5099945068359,,19037500.0
2026-05-21,202.77999877929688,214.0099945068359,197.6000061035156,213.41000366210935,,28163700.0
2026-05-22,214.42999267578125,243.0,214.1699981689453,238.16000366210935,,30375700.0
2026-05-26,240.72000122070312,258.0,235.8000030517578,248.82000732421875,248.82000732421875,30646400.0
2026-05-27,245.42999267578125,248.27000427246097,224.17999267578125,233.3999938964844,233.3999938964844,25694700.0
2026-05-28,236.0,249.4600067138672,231.52000427246094,243.2899932861328,243.2899932861328,21118400.0
2026-05-29,250.19000244140625,259.9200134277344,247.50999450683594,251.02000427246094,251.02000427246094,28781800.0
2026-06-01,233.3300018310547,238.02000427246094,226.80999755859375,228.99000549316406,228.99000549316406,21185200.0
2026-06-02,232.0,245.19000244140625,226.0500030517578,240.83999633789062,240.83999633789062,18508500.0
2026-06-03,235.02000427246094,255.08999633789062,233.02000427246094,250.00999450683594,250.00999450683594,19467000.0
2026-06-04,239.4499969482422,246.6999969482422,235.3300018310547,242.57000732421875,242.57000732421875,14029047.0
