date,open,high,low,close,adj_close,volume
2018-01-02,43.45000076293945,43.93000030517578,43.29999923706055,43.93000030517578,39.98419952392578,34600
2018-01-03,44.08000183105469,44.400001525878906,43.91999816894531,44.400001525878906,40.4119987487793,34500
2018-01-04,44.61000061035156,44.61000061035156,44.349998474121094,44.41999816894531,40.4301872253418,35400
2018-01-05,44.70000076293945,44.869998931884766,44.560001373291016,44.779998779296875,40.75786209106445,30100
2018-01-08,44.900001525878906,45.02000045776367,44.77000045776367,45.02000045776367,40.9763069152832,78900
2018-01-09,45.040000915527344,45.08000183105469,44.88999938964844,45.0,40.95809555053711,13800
2018-01-10,44.689998626708984,44.849998474121094,44.599998474121094,44.83000183105469,40.803367614746094,13300
2018-01-11,44.779998779296875,45.150001525878906,44.779998779296875,45.150001525878906,41.09463119506836,25500
2018-01-12,45.279998779296875,45.52000045776367,45.2599983215332,45.470001220703125,41.385887145996094,36500
2018-01-16,45.709999084472656,45.86000061035156,45.209999084472656,45.36000061035156,41.28575897216797,32800
2018-01-17,45.63999938964844,45.91999816894531,45.439998626708984,45.84000015258789,41.722652435302734,28000
2018-01-18,45.849998474121094,45.900001525878906,45.619998931884766,45.86000061035156,41.7408561706543,51900
2018-01-19,45.9900016784668,46.02000045776367,45.810001373291016,46.0,41.868282318115234,14600
2018-01-22,46.040000915527344,46.369998931884766,45.970001220703125,46.349998474121094,42.18684387207031,34400
2018-01-23,46.5099983215332,46.689998626708984,46.47999954223633,46.689998626708984,42.49630355834961,17200
2018-01-24,46.72999954223633,46.849998474121094,46.189998626708984,46.400001525878906,42.23234176635742,25200
2018-01-25,46.560001373291016,46.790000915527344,46.31999969482422,46.36000061035156,42.19593811035156,26300
2018-01-26,46.5099983215332,47.0,46.5099983215332,46.95000076293945,42.73295211791992,33700
2018-01-29,47.0099983215332,47.0099983215332,46.66999816894531,46.869998931884766,42.66012954711914,22700
2018-01-30,46.4900016784668,46.630001068115234,46.15999984741211,46.369998931884766,42.20504379272461,35900
2018-01-31,46.54999923706055,46.59000015258789,46.18000030517578,46.34000015258789,42.177734375,38700
2018-02-01,46.060001373291016,46.40999984741211,45.939998626708984,46.029998779296875,41.89558410644531,10500
2018-02-02,45.790000915527344,45.790000915527344,45.20000076293945,45.209999084472656,41.149227142333984,33400
2018-02-05,44.939998626708984,45.349998474121094,43.439998626708984,43.439998626708984,39.538230895996094,265700
2018-02-06,42.869998931884766,44.36000061035156,42.16999816894531,44.150001525878906,40.18444061279297,68800
2018-02-07,44.2400016784668,44.77000045776367,44.0,44.16999816894531,40.2026481628418,21500
2018-02-08,43.97999954223633,43.97999954223633,42.150001525878906,42.150001525878906,38.364097595214844,29300
2018-02-09,42.65999984741211,43.0,41.310001373291016,42.70000076293945,38.864681243896484,40500
2018-02-12,43.04999923706055,43.63999938964844,42.900001525878906,43.38999938964844,39.492706298828125,29500
2018-02-13,43.130001068115234,43.45000076293945,43.08000183105469,43.400001525878906,39.50181198120117,23500
2018-02-14,43.310001373291016,44.27000045776367,43.279998779296875,44.2400016784668,40.2663688659668,40000
2018-02-15,44.529998779296875,44.88999938964844,44.189998626708984,44.88999938964844,40.857975006103516,24900
2018-02-16,44.93000030517578,45.209999084472656,44.72999954223633,44.84000015258789,40.81246566772461,85200
2018-02-20,44.59000015258789,45.18000030517578,44.59000015258789,44.720001220703125,40.7032356262207,36900
2018-02-21,44.939998626708984,45.349998474121094,44.619998931884766,44.619998931884766,40.61222457885742,22500
2018-02-22,44.779998779296875,44.97999954223633,44.5099983215332,44.5099983215332,40.512107849121094,69600
2018-02-23,44.959999084472656,45.38999938964844,44.68000030517578,45.34000015258789,41.26755905151367,22600
2018-02-26,45.65999984741211,45.84000015258789,45.4900016784668,45.84000015258789,41.722652435302734,26600
2018-02-27,45.810001373291016,45.9900016784668,45.29999923706055,45.349998474121094,41.27665710449219,19000
2018-02-28,45.45000076293945,45.63999938964844,45.0,45.099998474121094,41.04911422729492,13900
2018-03-01,44.97999954223633,45.060001373291016,44.02000045776367,44.38999938964844,40.402889251708984,17400
2018-03-02,43.9900016784668,44.849998474121094,43.790000915527344,44.849998474121094,40.821563720703125,22800
2018-03-05,44.61000061035156,45.400001525878906,44.529998779296875,45.310001373291016,41.240257263183594,18000
2018-03-06,45.619998931884766,45.720001220703125,45.33000183105469,45.61000061035156,41.51332473754883,8700
2018-03-07,45.20000076293945,45.849998474121094,45.20000076293945,45.77000045776367,41.658935546875,23400
2018-03-08,46.189998626708984,46.189998626708984,45.849998474121094,46.119998931884766,41.97749710083008,20200
2018-03-09,46.470001220703125,46.95000076293945,46.34000015258789,46.95000076293945,42.73295211791992,12700
2018-03-12,47.09000015258789,47.220001220703125,46.849998474121094,47.13999938964844,42.90589904785156,27800
2018-03-13,47.310001373291016,47.400001525878906,46.5,46.58000183105469,42.39618682861328,88400
2018-03-14,46.880001068115234,46.880001068115234,46.27000045776367,46.5,42.3233642578125,23900
2018-03-15,46.63999938964844,46.65999984741211,46.25,46.45000076293945,42.277870178222656,7100
2018-03-16,46.59000015258789,46.65999984741211,46.470001220703125,46.5,42.3233642578125,8800
2018-03-19,46.209999084472656,46.209999084472656,45.25,45.560001373291016,41.467803955078125,26500
2018-03-20,45.560001373291016,45.720001220703125,45.4900016784668,45.56999969482422,41.507869720458984,22600
2018-03-21,45.709999084472656,45.900001525878906,45.5,45.5,41.44411087036133,16800
2018-03-22,45.130001068115234,45.15999984741211,44.459999084472656,44.459999084472656,40.496822357177734,27500
2018-03-23,44.400001525878906,44.5,43.31999969482422,43.31999969482422,39.45843505859375,19100
2018-03-26,44.29999923706055,44.619998931884766,43.630001068115234,44.59000015258789,40.615238189697266,37000
2018-03-27,44.93000030517578,44.93000030517578,43.2599983215332,43.5,39.622398376464844,36200
2018-03-28,43.47999954223633,43.75,43.22999954223633,43.34000015258789,39.47665023803711,19800
2018-03-29,43.5099983215332,44.209999084472656,43.34000015258789,43.9900016784668,40.068721771240234,15100
2018-04-02,43.7599983215332,43.77000045776367,42.41999816894531,42.810001373291016,38.99390411376953,116600
2018-04-03,43.0099983215332,43.290000915527344,42.63999938964844,43.22999954223633,39.37646484375,155500
2018-04-04,42.45000076293945,44.060001373291016,42.45000076293945,43.95000076293945,40.032283782958984,26600
2018-04-05,44.2599983215332,44.2599983215332,43.790000915527344,43.9900016784668,40.068721771240234,28500
2018-04-06,43.459999084472656,43.689998626708984,42.650001525878906,42.90999984741211,39.084983825683594,21300
2018-04-09,43.2599983215332,43.86000061035156,43.0,43.209999084472656,39.35824203491211,17600
2018-04-10,43.779998779296875,44.040000915527344,43.619998931884766,43.97999954223633,40.05961227416992,7400
2018-04-11,43.709999084472656,44.040000915527344,43.61000061035156,43.619998931884766,39.7317008972168,36600
2018-04-12,44.02000045776367,44.290000915527344,43.880001068115234,44.16999816894531,40.232662200927734,62600
2018-04-13,44.369998931884766,44.439998626708984,43.66999816894531,43.86000061035156,39.95029830932617,45500
2018-04-16,44.15999984741211,44.400001525878906,44.08000183105469,44.220001220703125,40.278221130371094,47600
2018-04-17,44.72999954223633,44.900001525878906,44.5,44.86000061035156,40.86117172241211,19500
2018-04-18,44.95000076293945,45.130001068115234,44.790000915527344,45.04999923706055,41.034244537353516,21800
2018-04-19,44.88999938964844,44.88999938964844,44.25,44.31999969482422,40.369293212890625,23800
2018-04-20,44.310001373291016,44.310001373291016,43.70000076293945,43.86000061035156,39.95029830932617,13300
2018-04-23,44.09000015258789,44.25,43.72999954223633,43.810001373291016,39.90475845336914,18800
2018-04-24,44.029998779296875,44.029998779296875,43.08000183105469,43.25,39.39468765258789,46700
2018-04-25,43.150001525878906,43.349998474121094,42.79999923706055,43.16999816894531,39.32181930541992,36300
2018-04-26,43.560001373291016,43.970001220703125,43.560001373291016,43.959999084472656,40.041385650634766,18600
2018-04-27,44.2599983215332,44.2599983215332,43.650001525878906,43.93000030517578,40.01405334472656,31600
2018-04-30,44.029998779296875,44.099998474121094,43.4900016784668,43.630001068115234,39.74079895019531,17600
2018-05-01,43.41999816894531,43.650001525878906,43.27000045776367,43.63999938964844,39.749916076660156,17000
2018-05-02,43.77000045776367,43.77000045776367,43.279998779296875,43.279998779296875,39.42201232910156,76100
2018-05-03,43.16999816894531,43.33000183105469,42.599998474121094,43.18000030517578,39.33091735839844,33900
2018-05-04,42.970001220703125,44.13999938964844,42.970001220703125,43.880001068115234,39.9685173034668,10300
2018-05-07,44.13999938964844,44.29999923706055,44.08000183105469,44.220001220703125,40.278221130371094,26400
2018-05-08,44.189998626708984,44.279998779296875,43.869998931884766,44.029998779296875,40.105140686035156,23300
2018-05-09,44.04999923706055,44.54999923706055,44.02000045776367,44.47999954223633,40.515045166015625,25100
2018-05-10,44.63999938964844,44.97999954223633,44.63999938964844,44.939998626708984,40.93404006958008,28300
2018-05-11,44.90999984741211,44.90999984741211,44.630001068115234,44.79999923706055,40.8065185546875,15200
2018-05-14,44.900001525878906,45.220001220703125,44.869998931884766,44.939998626708984,40.93404006958008,18100
2018-05-15,44.63999938964844,44.63999938964844,44.40999984741211,44.58000183105469,40.60614013671875,11600
2018-05-16,44.720001220703125,45.040000915527344,44.709999084472656,45.0,40.98868942260742,10100
2018-05-17,44.84000015258789,45.099998474121094,44.65999984741211,44.900001525878906,40.897605895996094,11600
2018-05-18,44.81999969482422,44.81999969482422,44.599998474121094,44.709999084472656,40.72453308105469,25600
2018-05-21,45.0099983215332,45.08000183105469,44.66999816894531,44.75,40.76097106933594,10100
2018-05-22,45.0099983215332,45.09000015258789,44.630001068115234,44.630001068115234,40.65165710449219,11500
2018-05-23,44.4900016784668,44.849998474121094,44.4900016784668,44.849998474121094,40.85206604003906,11700
2018-05-24,44.81999969482422,44.9900016784668,44.52000045776367,44.95000076293945,40.943145751953125,33700
2018-05-25,44.779998779296875,45.13999938964844,44.779998779296875,44.93000030517578,40.924922943115234,19600
2018-05-29,44.689998626708984,44.849998474121094,44.470001220703125,44.70000076293945,40.71542739868164,31300
2018-05-30,44.97999954223633,45.18000030517578,44.83000183105469,45.08000183105469,41.06155014038086,28400
2018-05-31,44.9900016784668,45.0,44.689998626708984,44.70000076293945,40.71542739868164,18900
2018-06-01,44.83000183105469,45.34000015258789,44.83000183105469,45.27000045776367,41.234615325927734,31100
2018-06-04,45.310001373291016,45.650001525878906,45.310001373291016,45.599998474121094,41.535194396972656,22500
2018-06-05,45.75,45.79999923706055,45.540000915527344,45.70000076293945,41.62628936767578,25600
2018-06-06,45.81999969482422,46.06999969482422,45.66999816894531,46.040000915527344,41.93598937988281,28100
2018-06-07,46.060001373291016,46.20000076293945,45.630001068115234,45.849998474121094,41.76292037963867,17300
2018-06-08,45.65999984741211,45.970001220703125,45.599998474121094,45.970001220703125,41.872215270996094,9900
2018-06-11,45.810001373291016,46.25,45.810001373291016,46.130001068115234,42.01795959472656,19800
2018-06-12,46.099998474121094,46.529998779296875,46.099998474121094,46.380001068115234,42.24567413330078,11700
2018-06-13,46.540000915527344,46.75,46.25,46.439998626708984,42.300323486328125,16800
2018-06-14,46.689998626708984,46.900001525878906,46.630001068115234,46.81999969482422,42.646453857421875,15000
2018-06-15,46.84000015258789,46.900001525878906,46.4900016784668,46.900001525878906,42.719322204589844,17600
2018-06-18,46.619998931884766,46.709999084472656,46.38999938964844,46.599998474121094,42.44607162475586,20100
2018-06-19,46.0,46.34000015258789,45.88999938964844,46.27000045776367,42.24428939819336,30700
2018-06-20,46.40999984741211,46.66999816894531,46.38999938964844,46.619998931884766,42.563846588134766,8800
2018-06-21,46.689998626708984,46.72999954223633,46.119998931884766,46.22999954223633,42.207763671875,21600
2018-06-22,46.369998931884766,46.369998931884766,46.029998779296875,46.209999084472656,42.189510345458984,13000
2018-06-25,45.95000076293945,45.95000076293945,45.0,45.2400016784668,41.30390548706055,42100
2018-06-26,45.439998626708984,45.470001220703125,45.099998474121094,45.2400016784668,41.30390548706055,18700
2018-06-27,45.4900016784668,45.4900016784668,44.56999969482422,44.56999969482422,40.692203521728516,13300
2018-06-28,44.619998931884766,44.93000030517578,44.31999969482422,44.93000030517578,41.0208740234375,24800
2018-06-29,45.09000015258789,45.369998931884766,45.029998779296875,45.150001525878906,41.22172546386719,17300
2018-07-02,44.81999969482422,45.29999923706055,44.61000061035156,45.29999923706055,41.35868453979492,345800
2018-07-03,45.4900016784668,45.4900016784668,44.970001220703125,45.0099983215332,41.093910217285156,106000
2018-07-05,45.290000915527344,45.61000061035156,45.11000061035156,45.5099983215332,41.5504150390625,158200
2018-07-06,45.599998474121094,46.2599983215332,45.599998474121094,46.209999084472656,42.189510345458984,18400
2018-07-09,46.47999954223633,46.619998931884766,46.31999969482422,46.54999923706055,42.49992370605469,24400
2018-07-10,46.7599983215332,46.880001068115234,46.540000915527344,46.720001220703125,42.65513610839844,22100
2018-07-11,46.54999923706055,46.54999923706055,46.25,46.34000015258789,42.308197021484375,16900
2018-07-12,46.54999923706055,47.09000015258789,46.54999923706055,47.09000015258789,42.99294662475586,27600
2018-07-13,46.970001220703125,47.13999938964844,46.970001220703125,47.040000915527344,42.947296142578125,28800
2018-07-16,47.130001068115234,47.130001068115234,46.81999969482422,46.95000076293945,42.865135192871094,16600
2018-07-17,46.4900016784668,47.2400016784668,46.4900016784668,47.220001220703125,43.11162567138672,26800
2018-07-18,47.119998931884766,47.25,47.099998474121094,47.2400016784668,43.129886627197266,26300
2018-07-19,46.790000915527344,47.13999938964844,46.790000915527344,47.04999923706055,42.95641326904297,6600
2018-07-20,47.0,47.09000015258789,46.849998474121094,46.849998474121094,42.77383804321289,25700
2018-07-23,46.83000183105469,46.9900016784668,46.630001068115234,46.9900016784668,42.90164566040039,14000
2018-07-24,47.2599983215332,47.369998931884766,46.63999938964844,46.70000076293945,42.63688659667969,33200
2018-07-25,46.880001068115234,47.310001373291016,46.83000183105469,47.310001373291016,43.19380569458008,17100
2018-07-26,47.2599983215332,47.380001068115234,47.220001220703125,47.279998779296875,43.166412353515625,77700
2018-07-27,47.459999084472656,47.459999084472656,46.5099983215332,46.77000045776367,42.70078659057617,20100
2018-07-30,46.650001525878906,46.650001525878906,46.08000183105469,46.189998626708984,42.1712532043457,42000
2018-07-31,46.279998779296875,46.70000076293945,46.279998779296875,46.56999969482422,42.51819610595703,25800
2018-08-01,46.54999923706055,46.56999969482422,46.22999954223633,46.31999969482422,42.28993225097656,12400
2018-08-02,45.97999954223633,46.7599983215332,45.86000061035156,46.720001220703125,42.65513610839844,31200
2018-08-03,46.849998474121094,46.869998931884766,46.65999984741211,46.81999969482422,42.74644470214844,25900
2018-08-06,46.779998779296875,47.099998474121094,46.77000045776367,47.06999969482422,42.974674224853516,15800
2018-08-07,47.209999084472656,47.209999084472656,47.040000915527344,47.20000076293945,43.09337615966797,12700
2018-08-08,47.119998931884766,47.18000030517578,47.0099983215332,47.16999816894531,43.06598663330078,37700
2018-08-09,47.099998474121094,47.15999984741211,46.9900016784668,46.9900016784668,42.90164566040039,18100
2018-08-10,46.52000045776367,46.72999954223633,46.470001220703125,46.54999923706055,42.49992370605469,19000
2018-08-13,46.52000045776367,46.7599983215332,46.369998931884766,46.5099983215332,42.463409423828125,12700
2018-08-14,46.58000183105469,46.75,46.52000045776367,46.63999938964844,42.58209991455078,15200
2018-08-15,46.189998626708984,46.189998626708984,45.90999984741211,46.02000045776367,42.01603698730469,10300
2018-08-16,46.540000915527344,46.540000915527344,46.2599983215332,46.349998474121094,42.31732177734375,22500
2018-08-17,46.369998931884766,46.43000030517578,46.02000045776367,46.29999923706055,42.27168655395508,30000
2018-08-20,46.369998931884766,46.52000045776367,46.209999084472656,46.52000045776367,42.472530364990234,24100
2018-08-21,46.52000045776367,46.93000030517578,46.52000045776367,46.79999923706055,42.728172302246094,17000
2018-08-22,46.7400016784668,46.93000030517578,46.529998779296875,46.93000030517578,42.84685134887695,39100
2018-08-23,46.970001220703125,46.970001220703125,46.619998931884766,46.7599983215332,42.6916618347168,12100
2018-08-24,46.7599983215332,47.220001220703125,46.7599983215332,47.220001220703125,43.11162567138672,8300
2018-08-27,47.38999938964844,47.63999938964844,47.38999938964844,47.61000061035156,43.46770095825195,26200
2018-08-28,47.779998779296875,47.779998779296875,47.47999954223633,47.650001525878906,43.50422668457031,24000
2018-08-29,47.68000030517578,47.97999954223633,47.63999938964844,47.91999816894531,43.7507209777832,14600
2018-08-30,47.90999984741211,47.90999984741211,47.380001068115234,47.529998779296875,43.3946647644043,21700
2018-08-31,47.29999923706055,47.59000015258789,47.29999923706055,47.540000915527344,43.403785705566406,13800
2018-09-04,47.43000030517578,47.43000030517578,47.130001068115234,47.29999923706055,43.18467330932617,18000
2018-09-05,47.209999084472656,47.209999084472656,46.779998779296875,46.970001220703125,42.88338851928711,12600
2018-09-06,46.959999084472656,46.959999084472656,46.43000030517578,46.66999816894531,42.60948181152344,14400
2018-09-07,46.290000915527344,46.779998779296875,46.290000915527344,46.529998779296875,42.48167037963867,28600
2018-09-10,46.619998931884766,46.790000915527344,46.61000061035156,46.779998779296875,42.70991134643555,12200
2018-09-11,46.47999954223633,46.849998474121094,46.459999084472656,46.79999923706055,42.728172302246094,17800
2018-09-12,46.540000915527344,46.810001373291016,46.31999969482422,46.72999954223633,42.664268493652344,15600
2018-09-13,47.189998626708984,47.2400016784668,47.04999923706055,47.20000076293945,43.09337615966797,16600
2018-09-14,47.29999923706055,47.349998474121094,47.060001373291016,47.209999084472656,43.102516174316406,10100
2018-09-17,47.040000915527344,47.040000915527344,46.63999938964844,46.709999084472656,42.6460075378418,45800
2018-09-18,46.81999969482422,47.25,46.720001220703125,47.13999938964844,43.038604736328125,17700
2018-09-19,47.029998779296875,47.13999938964844,47.0,47.099998474121094,43.002071380615234,6400
2018-09-20,47.380001068115234,47.61000061035156,47.380001068115234,47.599998474121094,43.45857620239258,10100
2018-09-21,47.779998779296875,47.779998779296875,47.470001220703125,47.5,43.367271423339844,14500
2018-09-24,47.310001373291016,47.369998931884766,47.16999816894531,47.2599983215332,43.14814376831055,14900
2018-09-25,47.31999969482422,47.31999969482422,47.060001373291016,47.13999938964844,43.10792922973633,13600
2018-09-26,46.959999084472656,47.619998931884766,46.959999084472656,47.060001373291016,43.034759521484375,11700
2018-09-27,47.40999984741211,47.529998779296875,47.15999984741211,47.43000030517578,43.37311935424805,26000
2018-09-28,47.31999969482422,47.470001220703125,47.20000076293945,47.29999923706055,43.25423049926758,9200
2018-10-01,47.619998931884766,47.70000076293945,47.15999984741211,47.22999954223633,43.19021987915039,46300
2018-10-02,47.189998626708984,47.459999084472656,47.08000183105469,47.099998474121094,43.07134246826172,16100
2018-10-03,47.400001525878906,47.40999984741211,47.130001068115234,47.25,43.20851135253906,29500
2018-10-04,47.13999938964844,47.13999938964844,46.06999969482422,46.380001068115234,42.412933349609375,11900
2018-10-05,46.2599983215332,46.459999084472656,45.38999938964844,45.709999084472656,41.800228118896484,139800
2018-10-08,45.63999938964844,45.70000076293945,45.029998779296875,45.470001220703125,41.58075714111328,54000
2018-10-09,45.36000061035156,45.70000076293945,45.310001373291016,45.349998474121094,41.47101593017578,19700
2018-10-10,45.220001220703125,45.220001220703125,43.79999923706055,43.869998931884766,40.11762237548828,32900
2018-10-11,43.66999816894531,44.220001220703125,42.93000030517578,43.349998474121094,39.64208984375,70900
2018-10-12,44.18000030517578,44.2599983215332,43.4900016784668,44.2599983215332,40.47425842285156,17200
2018-10-15,44.0,44.27000045776367,43.77000045776367,43.84000015258789,40.090179443359375,13700
2018-10-16,44.27000045776367,45.220001220703125,44.27000045776367,45.220001220703125,41.35214614868164,20500
2018-10-17,45.25,45.290000915527344,44.650001525878906,45.18000030517578,41.31556701660156,97300
2018-10-18,44.970001220703125,44.970001220703125,43.90999984741211,44.209999084472656,40.42852783203125,21400
2018-10-19,44.59000015258789,44.650001525878906,43.88999938964844,43.9900016784668,40.227359771728516,11000
2018-10-22,44.0099983215332,44.150001525878906,43.68000030517578,43.880001068115234,40.126747131347656,13600
2018-10-23,43.18000030517578,43.95000076293945,42.849998474121094,43.72999954223633,39.98958206176758,31100
2018-10-24,43.709999084472656,43.72999954223633,41.7599983215332,41.7599983215332,38.18810272216797,17500
2018-10-25,42.279998779296875,43.119998931884766,42.150001525878906,42.93000030517578,39.25802230834961,33100
2018-10-26,41.61000061035156,42.689998626708984,41.52000045776367,41.970001220703125,38.380130767822266,49700
2018-10-29,42.790000915527344,42.86000061035156,41.09000015258789,41.83000183105469,38.25210189819336,187500
2018-10-30,41.72999954223633,42.54999923706055,41.72999954223633,42.54999923706055,38.9105224609375,83300
2018-10-31,43.08000183105469,43.560001373291016,43.0,43.2599983215332,39.55978775024414,24300
2018-11-01,43.33000183105469,44.290000915527344,43.2599983215332,44.290000915527344,40.50168991088867,121300
2018-11-02,44.47999954223633,44.47999954223633,43.7599983215332,43.9900016784668,40.227359771728516,15800
2018-11-05,44.040000915527344,44.060001373291016,43.650001525878906,43.95000076293945,40.19076919555664,10900
2018-11-06,43.91999816894531,44.41999816894531,43.91999816894531,44.2599983215332,40.47425842285156,11900
2018-11-07,44.900001525878906,45.40999984741211,44.77000045776367,45.40999984741211,41.52589416503906,74600
2018-11-08,45.06999969482422,45.2400016784668,44.849998474121094,45.0,41.15095901489258,20800
2018-11-09,44.75,44.75,44.06999969482422,44.439998626708984,40.63885498046875,16600
2018-11-12,44.349998474121094,44.349998474121094,43.31999969482422,43.38999938964844,39.67866134643555,14500
2018-11-13,43.61000061035156,44.11000061035156,43.38999938964844,43.439998626708984,39.724395751953125,34300
2018-11-14,44.0,44.0,43.18000030517578,43.38999938964844,39.67866134643555,7200
2018-11-15,43.2400016784668,44.220001220703125,43.099998474121094,44.220001220703125,40.43767547607422,25600
2018-11-16,43.83000183105469,44.209999084472656,43.65999984741211,44.0,40.23650360107422,9000
2018-11-19,43.86000061035156,43.86000061035156,42.93000030517578,42.939998626708984,39.26716995239258,11100
2018-11-20,42.16999816894531,42.75,42.0,42.220001220703125,38.608734130859375,99700
2018-11-21,42.5099983215332,42.970001220703125,42.5099983215332,42.619998931884766,38.97453308105469,14100
2018-11-23,42.31999969482422,42.84000015258789,42.31999969482422,42.65999984741211,39.011104583740234,4300
2018-11-26,42.959999084472656,43.45000076293945,42.959999084472656,43.36000061035156,39.65123748779297,13700
2018-11-27,43.209999084472656,43.61000061035156,43.209999084472656,43.45000076293945,39.7335319519043,18300
2018-11-28,43.7599983215332,44.63999938964844,43.56999969482422,44.63999938964844,40.821746826171875,76300
2018-11-29,44.209999084472656,44.599998474121094,44.060001373291016,44.540000915527344,40.73031234741211,49000
2018-11-30,44.33000183105469,44.599998474121094,44.33000183105469,44.58000183105469,40.766876220703125,22800
2018-12-03,45.349998474121094,45.599998474121094,45.0099983215332,45.130001068115234,41.26984786987305,38900
2018-12-04,45.11000061035156,45.11000061035156,43.619998931884766,43.75,40.00788116455078,18300
2018-12-06,42.869998931884766,43.83000183105469,42.77000045776367,43.779998779296875,40.03531265258789,22800
2018-12-07,43.5099983215332,43.900001525878906,42.459999084472656,42.459999084472656,38.82822036743164,12000
2018-12-10,42.41999816894531,42.86000061035156,41.970001220703125,42.77000045776367,39.1116943359375,216800
2018-12-11,43.279998779296875,43.560001373291016,42.689998626708984,42.97999954223633,39.30375289916992,14800
2018-12-12,43.63999938964844,43.91999816894531,43.33000183105469,43.33000183105469,39.62379455566406,10200
2018-12-13,43.529998779296875,43.529998779296875,43.029998779296875,43.119998931884766,39.431766510009766,13200
2018-12-14,42.720001220703125,42.81999969482422,42.31999969482422,42.33000183105469,38.7093505859375,23700
2018-12-17,42.150001525878906,42.470001220703125,41.2400016784668,41.459999084472656,37.91374588012695,19800
2018-12-18,41.91999816894531,41.97999954223633,41.220001220703125,41.58000183105469,38.023494720458984,59100
2018-12-19,41.47999954223633,41.939998626708984,40.36000061035156,40.689998626708984,37.209617614746094,51000
2018-12-20,40.369998931884766,40.75,39.84000015258789,39.91999816894531,36.50547790527344,44100
2018-12-21,40.369998931884766,40.5099983215332,39.0099983215332,39.06999969482422,35.72817611694336,132000
2018-12-24,38.91999816894531,39.15999984741211,38.25,38.25,34.97832489013672,32900
2018-12-26,38.459999084472656,40.36000061035156,38.349998474121094,40.36000061035156,36.90784454345703,59500
2018-12-27,39.68000030517578,40.529998779296875,39.11000061035156,40.529998779296875,37.15998458862305,16800
2018-12-28,40.59000015258789,40.93000030517578,40.220001220703125,40.439998626708984,37.07746505737305,30200
2018-12-31,40.68000030517578,40.84000015258789,40.33000183105469,40.560001373291016,37.187477111816406,23200
2019-01-02,39.900001525878906,41.0,39.900001525878906,40.81999969482422,37.425865173339844,93100
2019-01-03,40.40999984741211,40.52000045776367,39.650001525878906,39.650001525878906,36.3531494140625,183500
2019-01-04,40.459999084472656,41.56999969482422,40.380001068115234,41.52000045776367,38.067649841308594,187500
2019-01-07,41.43000030517578,42.34000015258789,41.43000030517578,41.939998626708984,38.452728271484375,144200
2019-01-08,42.369998931884766,42.470001220703125,41.849998474121094,42.310001373291016,38.791969299316406,30300
2019-01-09,42.650001525878906,42.970001220703125,42.61000061035156,42.810001373291016,39.25040054321289,12400
2019-01-10,42.54999923706055,43.09000015258789,42.40999984741211,43.09000015258789,39.50711441040039,150400
2019-01-11,42.869998931884766,43.060001373291016,42.61000061035156,43.0099983215332,39.43376922607422,71900
2019-01-14,42.59000015258789,42.84000015258789,42.5,42.599998474121094,39.0578498840332,22700
2019-01-15,42.65999984741211,43.20000076293945,42.65999984741211,43.04999923706055,39.470428466796875,31500
2019-01-16,43.06999969482422,43.31999969482422,43.06999969482422,43.09000015258789,39.50711441040039,27000
2019-01-17,42.970001220703125,43.58000183105469,42.970001220703125,43.45000076293945,39.83717727661133,15200
2019-01-18,43.970001220703125,44.25,43.689998626708984,44.189998626708984,40.515647888183594,25600
2019-01-22,43.7400016784668,43.79999923706055,43.13999938964844,43.2599983215332,39.66298294067383,151200
2019-01-23,43.380001068115234,43.7400016784668,42.900001525878906,43.20000076293945,39.60795974731445,194200
2019-01-24,43.47999954223633,43.91999816894531,43.47999954223633,43.86000061035156,40.21309280395508,12600
2019-01-25,44.119998931884766,44.709999084472656,44.119998931884766,44.68000030517578,40.96491622924805,94500
2019-01-28,44.099998474121094,44.310001373291016,43.86000061035156,44.2400016784668,40.561492919921875,22600
2019-01-29,44.43000030517578,44.43000030517578,43.79999923706055,44.02000045776367,40.35978698730469,55500
2019-01-30,44.349998474121094,45.0,44.15999984741211,44.939998626708984,41.20328903198242,22800
2019-01-31,45.0,45.5,44.970001220703125,45.459999084472656,41.680049896240234,53100
2019-02-01,45.470001220703125,45.7400016784668,45.36000061035156,45.619998931884766,41.82674789428711,21900
2019-02-04,45.70000076293945,45.939998626708984,45.5,45.900001525878906,42.08346939086914,46300
2019-02-05,45.939998626708984,46.33000183105469,45.939998626708984,46.220001220703125,42.37685012817383,37700
2019-02-06,46.2599983215332,46.38999938964844,46.099998474121094,46.2599983215332,42.41352081298828,24100
2019-02-07,45.90999984741211,46.02000045776367,45.400001525878906,45.63999938964844,41.8450813293457,43700
2019-02-08,45.40999984741211,45.810001373291016,45.290000915527344,45.790000915527344,41.98262405395508,9100
2019-02-11,46.08000183105469,46.08000183105469,45.79999923706055,45.900001525878906,42.08346939086914,26000
2019-02-12,46.20000076293945,46.7400016784668,46.20000076293945,46.63999938964844,42.76193618774414,18300
2019-02-13,46.97999954223633,46.97999954223633,46.59000015258789,46.720001220703125,42.83528137207031,63300
2019-02-14,46.709999084472656,46.900001525878906,46.349998474121094,46.779998779296875,42.890289306640625,19400
2019-02-15,47.04999923706055,47.099998474121094,46.849998474121094,47.099998474121094,43.183677673339844,17200
2019-02-19,46.869998931884766,47.220001220703125,46.869998931884766,47.040000915527344,43.12866973876953,21100
2019-02-20,47.20000076293945,47.290000915527344,46.900001525878906,47.119998931884766,43.2020263671875,29300
2019-02-21,47.119998931884766,47.119998931884766,46.63999938964844,46.810001373291016,42.91779327392578,15900
2019-02-22,46.900001525878906,47.099998474121094,46.849998474121094,47.029998779296875,43.11949920654297,13100
2019-02-25,47.5,47.66999816894531,47.2599983215332,47.36000061035156,43.422061920166016,34700
2019-02-26,47.290000915527344,47.36000061035156,47.119998931884766,47.25,43.32122039794922,29000
2019-02-27,47.0099983215332,47.13999938964844,46.7599983215332,47.040000915527344,43.12866973876953,15600
2019-02-28,47.11000061035156,47.18000030517578,46.880001068115234,47.060001373291016,43.147010803222656,10700
2019-03-01,47.41999816894531,47.47999954223633,47.09000015258789,47.43000030517578,43.48624801635742,33000
2019-03-04,47.70000076293945,47.70000076293945,46.650001525878906,47.060001373291016,43.147010803222656,58500
2019-03-05,47.34000015258789,47.34000015258789,46.97999954223633,47.099998474121094,43.183677673339844,17000
2019-03-06,47.189998626708984,47.189998626708984,46.63999938964844,46.709999084472656,42.82611846923828,9400
2019-03-07,46.59000015258789,46.59000015258789,46.02000045776367,46.099998474121094,42.2668342590332,41300
2019-03-08,45.709999084472656,46.0099983215332,45.529998779296875,46.0099983215332,42.1843147277832,30900
2019-03-11,46.220001220703125,46.900001525878906,46.220001220703125,46.880001068115234,42.98198318481445,33000
2019-03-12,47.040000915527344,47.08000183105469,46.79999923706055,46.9900016784668,43.082820892333984,49800
2019-03-13,47.38999938964844,47.599998474121094,47.150001525878906,47.36000061035156,43.422061920166016,31100
2019-03-14,47.31999969482422,47.38999938964844,47.150001525878906,47.22999954223633,43.30287551879883,7600
2019-03-15,47.45000076293945,47.84000015258789,47.45000076293945,47.63999938964844,43.67878341674805,35500
2019-03-18,47.75,47.95000076293945,47.40999984741211,47.689998626708984,43.72462844848633,26700
2019-03-19,47.79999923706055,48.0,47.59000015258789,47.709999084472656,43.81462860107422,189400
2019-03-20,47.72999954223633,47.95000076293945,47.349998474121094,47.709999084472656,43.81462860107422,27800
2019-03-21,47.41999816894531,48.560001373291016,47.41999816894531,48.400001525878906,44.448299407958984,66500
2019-03-22,48.11000061035156,48.27000045776367,47.29999923706055,47.36000061035156,43.49319839477539,31700
2019-03-25,47.25,47.29999923706055,46.900001525878906,47.25,43.392189025878906,32100
2019-03-26,47.79999923706055,47.849998474121094,47.369998931884766,47.599998474121094,43.71360778808594,17000
2019-03-27,47.439998626708984,47.52000045776367,47.0099983215332,47.220001220703125,43.36463165283203,34900
2019-03-28,47.36000061035156,47.58000183105469,47.189998626708984,47.43000030517578,43.55748748779297,8800
2019-03-29,47.689998626708984,47.95000076293945,47.689998626708984,47.84000015258789,43.93401336669922,11300
2019-04-01,48.349998474121094,48.709999084472656,48.349998474121094,48.68000030517578,44.70542526245117,132300
2019-04-02,48.66999816894531,48.779998779296875,48.5,48.779998779296875,44.797264099121094,17600
2019-04-03,49.060001373291016,49.400001525878906,49.0,49.130001068115234,45.11869430541992,78400
2019-04-04,49.189998626708984,49.220001220703125,48.75,49.02000045776367,45.01767349243164,103200
2019-04-05,49.33000183105469,49.45000076293945,49.220001220703125,49.400001525878906,45.366634368896484,31700
2019-04-08,49.540000915527344,49.540000915527344,49.11000061035156,49.5,45.45847702026367,45700
2019-04-09,49.380001068115234,49.380001068115234,49.04999923706055,49.15999984741211,45.146236419677734,37200
2019-04-10,49.25,49.5,49.18000030517578,49.400001525878906,45.366634368896484,102000
2019-04-11,49.540000915527344,49.540000915527344,49.209999084472656,49.290000915527344,45.26561737060547,19900
2019-04-12,49.54999923706055,49.650001525878906,49.459999084472656,49.630001068115234,45.577877044677734,15000
2019-04-15,49.779998779296875,49.779998779296875,49.31999969482422,49.54999923706055,45.5043830871582,35500
2019-04-16,49.68000030517578,49.849998474121094,49.54999923706055,49.65999984741211,45.60540771484375,21200
2019-04-17,49.959999084472656,49.959999084472656,49.34000015258789,49.5099983215332,45.46766662597656,26400
2019-04-18,49.56999969482422,49.58000183105469,49.099998474121094,49.41999816894531,45.3849983215332,46200
2019-04-22,49.27000045776367,49.40999984741211,49.220001220703125,49.40999984741211,45.375816345214844,24700
2019-04-23,49.52000045776367,50.119998931884766,49.52000045776367,50.040000915527344,45.95438766479492,33200
2019-04-24,50.09000015258789,50.220001220703125,49.939998626708984,50.06999969482422,45.9819450378418,21000
2019-04-25,49.880001068115234,49.970001220703125,49.43000030517578,49.939998626708984,45.8625602722168,17200
2019-04-26,49.90999984741211,50.04999923706055,49.47999954223633,50.0,45.91765594482422,19100
2019-04-29,50.02000045776367,50.18000030517578,49.93000030517578,50.099998474121094,46.009490966796875,14800
2019-04-30,50.0099983215332,50.34000015258789,49.81999969482422,50.34000015258789,46.229896545410156,12400
2019-05-01,50.41999816894531,50.41999816894531,49.790000915527344,49.790000915527344,45.724796295166016,13400
2019-05-02,49.7400016784668,50.16999816894531,49.56999969482422,49.939998626708984,45.8625602722168,32700
2019-05-03,50.189998626708984,50.58000183105469,50.11000061035156,50.56999969482422,46.44110870361328,18600
2019-05-06,49.5,50.189998626708984,49.25,50.09000015258789,46.000301361083984,30100
2019-05-07,49.790000915527344,49.790000915527344,48.65999984741211,49.0099983215332,45.00849151611328,84600
2019-05-08,48.91999816894531,49.209999084472656,48.70000076293945,48.939998626708984,44.9442024230957,263400
2019-05-09,48.470001220703125,48.88999938964844,47.970001220703125,48.869998931884766,44.879905700683594,18900
2019-05-10,48.68000030517578,49.04999923706055,47.79999923706055,48.810001373291016,44.82482147216797,33500
2019-05-13,47.81999969482422,47.81999969482422,47.02000045776367,47.2400016784668,43.38299560546875,44500
2019-05-14,47.4900016784668,48.150001525878906,47.4900016784668,47.939998626708984,44.02585220336914,24400
2019-05-15,47.599998474121094,48.529998779296875,47.599998474121094,48.33000183105469,44.383995056152344,30300
2019-05-16,48.400001525878906,49.0,48.400001525878906,48.72999954223633,44.751338958740234,67500
2019-05-17,48.34000015258789,48.84000015258789,48.13999938964844,48.20000076293945,44.264625549316406,42800
2019-05-20,47.58000183105469,47.66999816894531,47.25,47.369998931884766,43.502384185791016,29300
2019-05-21,47.75,48.119998931884766,47.75,47.91999816894531,44.007469177246094,28400
2019-05-22,47.810001373291016,47.86000061035156,47.59000015258789,47.689998626708984,43.796260833740234,15800
2019-05-23,47.18000030517578,47.18000030517578,46.68000030517578,46.959999084472656,43.12586212158203,52400
2019-05-24,47.16999816894531,47.29999923706055,46.880001068115234,46.880001068115234,43.052398681640625,13900
2019-05-28,46.959999084472656,47.220001220703125,46.599998474121094,46.63999938964844,42.831993103027344,13900
2019-05-29,46.349998474121094,46.400001525878906,45.959999084472656,46.16999816894531,42.400360107421875,114200
2019-05-30,46.22999954223633,46.599998474121094,46.209999084472656,46.34000015258789,42.556480407714844,63200
2019-05-31,45.84000015258789,46.08000183105469,45.720001220703125,45.79999923706055,42.060569763183594,148000
2019-06-03,45.79999923706055,46.060001373291016,45.22999954223633,45.38999938964844,41.684043884277344,202800
2019-06-04,45.83000183105469,46.790000915527344,45.83000183105469,46.7400016784668,42.923828125,84300
2019-06-05,47.18000030517578,47.18000030517578,46.54999923706055,47.060001373291016,43.21770095825195,132800
2019-06-06,47.189998626708984,47.439998626708984,46.970001220703125,47.34000015258789,43.47483825683594,59100
2019-06-07,47.4900016784668,48.13999938964844,47.4900016784668,47.95000076293945,44.0350341796875,32000
2019-06-10,48.279998779296875,48.81999969482422,48.279998779296875,48.470001220703125,44.5125732421875,48700
2019-06-11,48.900001525878906,48.939998626708984,48.27000045776367,48.439998626708984,44.485023498535156,17100
2019-06-12,48.2599983215332,48.369998931884766,48.16999816894531,48.189998626708984,44.25543212890625,12500
2019-06-13,48.4900016784668,48.4900016784668,48.33000183105469,48.41999816894531,44.46665573120117,36900
2019-06-14,48.2400016784668,48.2400016784668,48.06999969482422,48.130001068115234,44.200340270996094,11200
2019-06-17,48.209999084472656,48.400001525878906,48.18000030517578,48.18000030517578,44.24624252319336,47000
2019-06-18,48.689998626708984,49.279998779296875,48.689998626708984,48.959999084472656,44.96257400512695,30900
2019-06-19,49.029998779296875,49.380001068115234,48.939998626708984,49.34000015258789,45.311546325683594,16400
2019-06-20,50.0099983215332,50.08000183105469,49.43000030517578,49.7599983215332,45.69725036621094,17100
2019-06-21,49.70000076293945,49.779998779296875,49.459999084472656,49.61000061035156,45.55949783325195,15000
2019-06-24,49.68000030517578,49.68000030517578,49.400001525878906,49.400001525878906,45.366634368896484,16700
2019-06-25,49.38999938964844,49.38999938964844,48.68000030517578,48.689998626708984,44.8089485168457,14800
2019-06-26,49.04999923706055,49.290000915527344,48.90999984741211,48.93000030517578,45.02982711791992,23000
2019-06-27,49.18000030517578,49.380001068115234,49.18000030517578,49.349998474121094,45.41633605957031,10000
2019-06-28,49.58000183105469,49.63999938964844,49.400001525878906,49.619998931884766,45.66481399536133,8300
2019-07-01,50.720001220703125,50.7599983215332,50.13999938964844,50.349998474121094,46.33662414550781,155600
2019-07-02,50.27000045776367,50.5,50.15999984741211,50.369998931884766,46.355037689208984,44600
2019-07-03,50.56999969482422,50.7400016784668,50.5099983215332,50.7400016784668,46.695533752441406,14300
2019-07-05,50.5,50.560001373291016,50.06999969482422,50.560001373291016,46.52988052368164,36600
2019-07-08,50.2400016784668,50.310001373291016,50.04999923706055,50.209999084472656,46.20778274536133,47700
2019-07-09,49.95000076293945,50.45000076293945,49.95000076293945,50.400001525878906,46.382652282714844,25900
2019-07-10,50.68000030517578,50.970001220703125,50.4900016784668,50.709999084472656,46.667930603027344,20600
2019-07-11,50.84000015258789,50.84000015258789,50.5099983215332,50.689998626708984,46.6495246887207,16300
2019-07-12,50.75,51.060001373291016,50.65999984741211,51.040000915527344,46.971641540527344,25200
2019-07-15,51.09000015258789,51.130001068115234,50.900001525878906,51.119998931884766,47.045249938964844,21900
2019-07-16,51.060001373291016,51.08000183105469,50.75,50.81999969482422,46.76915740966797,13000
2019-07-17,50.93000030517578,50.959999084472656,50.75,50.75,46.70475387573242,7200
2019-07-18,50.630001068115234,51.02000045776367,50.61000061035156,50.9900016784668,46.92560577392578,13300
2019-07-19,51.279998779296875,51.279998779296875,50.619998931884766,50.619998931884766,46.585105895996094,6700
2019-07-22,50.7599983215332,50.959999084472656,50.7599983215332,50.849998474121094,46.7967643737793,16200
2019-07-23,51.119998931884766,51.33000183105469,50.869998931884766,51.31999969482422,47.229312896728516,20600
2019-07-24,51.369998931884766,51.880001068115234,51.369998931884766,51.83000183105469,47.69865417480469,14300
2019-07-25,51.560001373291016,51.560001373291016,51.099998474121094,51.150001525878906,47.07286834716797,17400
2019-07-26,51.349998474121094,51.4900016784668,51.349998474121094,51.459999084472656,47.35814666748047,28400
2019-07-29,51.47999954223633,51.5,51.0099983215332,51.36000061035156,47.2661247253418,8400
2019-07-30,50.9900016784668,51.290000915527344,50.97999954223633,51.2400016784668,47.15568923950195,13200
2019-07-31,51.25,51.25,50.310001373291016,50.40999984741211,46.391841888427734,20600
2019-08-01,50.540000915527344,51.310001373291016,49.79999923706055,50.099998474121094,46.10655975341797,38500
2019-08-02,49.70000076293945,49.70000076293945,49.040000915527344,49.34000015258789,45.407142639160156,19200
2019-08-05,48.33000183105469,48.33000183105469,47.150001525878906,47.5099983215332,43.722999572753906,157900
2019-08-06,47.849998474121094,48.189998626708984,47.540000915527344,48.08000183105469,44.24757385253906,241600
2019-08-07,47.63999938964844,48.43000030517578,47.33000183105469,48.369998931884766,44.51444625854492,160500
2019-08-08,48.59000015258789,49.5,48.59000015258789,49.47999954223633,45.535972595214844,76100
2019-08-09,49.290000915527344,49.290000915527344,48.58000183105469,48.95000076293945,45.0482292175293,63000
2019-08-12,48.619998931884766,48.650001525878906,48.08000183105469,48.27000045776367,44.42241668701172,46000
2019-08-13,48.2599983215332,49.61000061035156,48.18000030517578,49.22999954223633,45.305908203125,26200
2019-08-14,48.36000061035156,48.52000045776367,47.709999084472656,47.790000915527344,43.98067855834961,110400
2019-08-15,47.970001220703125,47.970001220703125,47.459999084472656,47.7599983215332,43.953067779541016,21800
2019-08-16,48.209999084472656,48.63999938964844,48.209999084472656,48.560001373291016,44.68931198120117,21600
2019-08-19,49.16999816894531,49.38999938964844,49.119998931884766,49.29999923706055,45.37031555175781,19600
2019-08-20,49.06999969482422,49.290000915527344,49.0099983215332,49.0099983215332,45.10344696044922,12600
2019-08-21,49.439998626708984,49.5099983215332,49.290000915527344,49.369998931884766,45.43473815917969,23700
2019-08-22,49.52000045776367,49.619998931884766,48.95000076293945,49.31999969482422,45.388729095458984,49700
2019-08-23,49.02000045776367,49.290000915527344,47.66999816894531,47.790000915527344,43.98067855834961,42500
2019-08-26,48.31999969482422,48.369998931884766,48.0099983215332,48.36000061035156,44.5052490234375,25400
2019-08-27,48.70000076293945,48.70000076293945,48.15999984741211,48.310001373291016,44.459232330322266,10900
2019-08-28,47.939998626708984,48.560001373291016,47.88999938964844,48.4900016784668,44.62488555908203,13700
2019-08-29,49.099998474121094,49.400001525878906,48.9900016784668,49.25,45.324317932128906,23700
2019-08-30,49.38999938964844,49.45000076293945,48.97999954223633,49.13999938964844,45.22307205200195,25400
2019-09-03,48.84000015258789,49.0,48.45000076293945,48.650001525878906,44.772132873535156,48100
2019-09-04,49.099998474121094,49.349998474121094,49.08000183105469,49.349998474121094,45.41633605957031,13200
2019-09-05,49.88999938964844,50.470001220703125,49.88999938964844,50.2599983215332,46.25379943847656,58400
2019-09-06,50.45000076293945,50.56999969482422,50.279998779296875,50.43000030517578,46.410255432128906,21600
2019-09-09,50.63999938964844,50.63999938964844,50.189998626708984,50.369998931884766,46.355037689208984,64100
2019-09-10,50.11000061035156,50.310001373291016,49.900001525878906,50.310001373291016,46.2998161315918,61900
2019-09-11,50.63999938964844,50.75,50.29999923706055,50.720001220703125,46.6771354675293,8700
2019-09-12,50.97999954223633,51.220001220703125,50.810001373291016,50.810001373291016,46.75996780395508,51900
2019-09-13,50.869998931884766,51.04999923706055,50.75,50.790000915527344,46.741554260253906,16600
2019-09-16,50.369998931884766,50.630001068115234,50.369998931884766,50.540000915527344,46.51148223876953,9000
2019-09-17,50.470001220703125,50.7400016784668,50.400001525878906,50.720001220703125,46.6771354675293,17200
2019-09-18,50.66999816894531,50.66999816894531,50.06999969482422,50.599998474121094,46.566707611083984,8700
2019-09-19,50.689998626708984,50.849998474121094,50.5,50.52000045776367,46.49306869506836,8800
2019-09-20,50.630001068115234,50.63999938964844,49.97999954223633,50.099998474121094,46.10655975341797,38700
2019-09-23,50.099998474121094,50.220001220703125,49.970001220703125,50.09000015258789,46.097347259521484,54700
2019-09-24,50.209999084472656,50.209999084472656,49.15999984741211,49.290000915527344,45.44548797607422,88000
2019-09-25,49.290000915527344,49.88999938964844,48.95000076293945,49.810001373291016,45.924949645996094,84200
2019-09-26,49.869998931884766,49.869998931884766,49.38999938964844,49.70000076293945,45.82352066040039,16300
2019-09-27,49.689998626708984,49.72999954223633,48.709999084472656,48.970001220703125,45.15046310424805,27300
2019-09-30,49.060001373291016,49.5099983215332,49.060001373291016,49.40999984741211,45.55613327026367,19900
2019-10-01,49.58000183105469,49.790000915527344,48.84000015258789,48.91999816894531,45.104366302490234,144600
2019-10-02,48.61000061035156,48.61000061035156,47.90999984741211,48.15999984741211,44.40363693237305,54200
2019-10-03,48.189998626708984,48.66999816894531,47.619998931884766,48.66999816894531,44.87385177612305,44200
2019-10-04,48.810001373291016,49.29999923706055,48.810001373291016,49.279998779296875,45.43627166748047,16900
2019-10-07,49.15999984741211,49.38999938964844,49.040000915527344,49.040000915527344,45.21499252319336,11400
2019-10-08,48.65999984741211,48.709999084472656,48.16999816894531,48.16999816894531,44.41284942626953,17000
2019-10-09,48.599998474121094,48.88999938964844,48.47999954223633,48.70000076293945,44.90152359008789,30000
2019-10-10,48.66999816894531,49.22999954223633,48.66999816894531,49.119998931884766,45.288761138916016,18700
2019-10-11,49.75,50.31999969482422,49.75,49.95000076293945,46.05402374267578,56200
2019-10-14,49.900001525878906,50.040000915527344,49.86000061035156,49.9900016784668,46.09090042114258,22600
2019-10-15,50.150001525878906,50.720001220703125,50.150001525878906,50.63999938964844,46.69020462036133,36700
2019-10-16,50.40999984741211,50.439998626708984,50.33000183105469,50.369998931884766,46.441261291503906,45800
2019-10-17,50.72999954223633,50.7400016784668,50.459999084472656,50.540000915527344,46.59799575805664,12000
2019-10-18,50.439998626708984,50.5,49.900001525878906,50.119998931884766,46.21076202392578,13600
2019-10-21,50.34000015258789,50.470001220703125,50.2599983215332,50.459999084472656,46.52423095703125,16900
2019-10-22,50.65999984741211,50.779998779296875,50.18000030517578,50.18000030517578,46.26607894897461,24000
2019-10-23,49.97999954223633,50.20000076293945,49.900001525878906,50.08000183105469,46.17387771606445,15600
2019-10-24,50.54999923706055,50.790000915527344,50.47999954223633,50.790000915527344,46.82849884033203,8800
2019-10-25,50.630001068115234,51.15999984741211,50.630001068115234,51.119998931884766,47.13275909423828,23100
2019-10-28,51.290000915527344,51.560001373291016,51.290000915527344,51.459999084472656,47.44624328613281,13900
2019-10-29,51.4900016784668,51.61000061035156,51.38999938964844,51.45000076293945,47.4370231628418,24000
2019-10-30,51.4900016784668,51.61000061035156,51.189998626708984,51.58000183105469,47.556884765625,32800
2019-10-31,51.61000061035156,51.61000061035156,51.09000015258789,51.33000183105469,47.32637405395508,81000
2019-11-01,51.61000061035156,51.939998626708984,51.61000061035156,51.900001525878906,47.851924896240234,26200
2019-11-04,52.25,52.45000076293945,52.150001525878906,52.25,48.17462158203125,77900
2019-11-05,52.380001068115234,52.459999084472656,52.130001068115234,52.22999954223633,48.156185150146484,112400
2019-11-06,52.150001525878906,52.150001525878906,51.88999938964844,52.060001373291016,47.999446868896484,42500
2019-11-07,52.38999938964844,52.470001220703125,52.029998779296875,52.099998474121094,48.03632736206055,46300
2019-11-08,52.08000183105469,52.31999969482422,51.900001525878906,52.31999969482422,48.23915481567383,35000
2019-11-11,52.08000183105469,52.29999923706055,52.04999923706055,52.29999923706055,48.22072219848633,17300
2019-11-12,52.29999923706055,52.4900016784668,52.16999816894531,52.279998779296875,48.2022819519043,18600
2019-11-13,52.08000183105469,52.33000183105469,52.060001373291016,52.25,48.17462158203125,40100
2019-11-14,52.130001068115234,52.36000061035156,51.959999084472656,52.209999084472656,48.137733459472656,10500
2019-11-15,52.66999816894531,52.66999816894531,52.400001525878906,52.560001373291016,48.460445404052734,23800
2019-11-18,52.439998626708984,52.599998474121094,52.400001525878906,52.5099983215332,48.41433334350586,14600
2019-11-19,52.720001220703125,52.779998779296875,52.43000030517578,52.709999084472656,48.5987434387207,62100
2019-11-20,52.540000915527344,52.75,52.04999923706055,52.31999969482422,48.23915481567383,27600
2019-11-21,52.29999923706055,52.31999969482422,52.099998474121094,52.220001220703125,48.14696502685547,16800
2019-11-22,52.349998474121094,52.36000061035156,52.04999923706055,52.36000061035156,48.27604293823242,16500
2019-11-25,52.61000061035156,53.040000915527344,52.61000061035156,53.040000915527344,48.90300369262695,25000
2019-11-26,53.040000915527344,53.09000015258789,52.86000061035156,53.06999969482422,48.930660247802734,14900
2019-11-27,53.2599983215332,53.439998626708984,53.22999954223633,53.43000030517578,49.26258850097656,37800
2019-11-29,53.29999923706055,53.369998931884766,53.16999816894531,53.209999084472656,49.05974578857422,6400
2019-12-02,53.290000915527344,53.290000915527344,52.459999084472656,52.59000015258789,48.488101959228516,49800
2019-12-03,51.959999084472656,52.2400016784668,51.81999969482422,52.2400016784668,48.165401458740234,39100
2019-12-04,52.56999969482422,52.65999984741211,52.529998779296875,52.560001373291016,48.460445404052734,14900
2019-12-05,52.709999084472656,52.709999084472656,52.400001525878906,52.630001068115234,48.52499771118164,41200
2019-12-06,53.040000915527344,53.25,53.040000915527344,53.15999984741211,49.013648986816406,11300
2019-12-09,53.13999938964844,53.2400016784668,52.900001525878906,52.900001525878906,48.7739372253418,12800
2019-12-10,52.900001525878906,53.119998931884766,52.849998474121094,52.869998931884766,48.74626922607422,21400
2019-12-11,53.0,53.25,53.0,53.22999954223633,49.078189849853516,16200
2019-12-12,53.15999984741211,53.9900016784668,53.15999984741211,53.939998626708984,49.732810974121094,35900
2019-12-13,53.900001525878906,54.25,53.75,53.90999984741211,49.70515060424805,11800
2019-12-16,54.25,54.529998779296875,54.2400016784668,54.38999938964844,50.14769744873047,59200
2019-12-17,54.459999084472656,54.470001220703125,54.29999923706055,54.400001525878906,50.156925201416016,17500
2019-12-18,54.5,54.599998474121094,54.41999816894531,54.540000915527344,50.28600311279297,12600
2019-12-19,54.58000183105469,54.86000061035156,54.540000915527344,54.83000183105469,50.55339431762695,12100
2019-12-20,55.06999969482422,55.209999084472656,55.06999969482422,55.189998626708984,50.885311126708984,25600
2019-12-23,55.2400016784668,55.439998626708984,55.04999923706055,55.08000183105469,50.90286636352539,30700
2019-12-24,55.20000076293945,55.20000076293945,55.040000915527344,55.16999816894531,50.986045837402344,18900
2019-12-26,55.279998779296875,55.36000061035156,55.119998931884766,55.189998626708984,51.004520416259766,14800
2019-12-27,55.349998474121094,55.349998474121094,55.08000183105469,55.15999984741211,50.976802825927734,16300
2019-12-30,55.119998931884766,55.20000076293945,54.599998474121094,54.75,50.597896575927734,24600
2019-12-31,54.68000030517578,54.959999084472656,54.68000030517578,54.900001525878906,50.736515045166016,18800
2020-01-02,55.40999984741211,55.720001220703125,55.2599983215332,55.720001220703125,51.49434280395508,145100
2020-01-03,54.880001068115234,55.380001068115234,54.70000076293945,55.209999084472656,51.02301025390625,188600
2020-01-06,54.72999954223633,55.25,54.72999954223633,55.25,51.05998611450195,25700
2020-01-07,55.34000015258789,55.560001373291016,55.15999984741211,55.4900016784668,51.281776428222656,34900
2020-01-08,55.380001068115234,56.08000183105469,55.380001068115234,55.81999969482422,51.58675003051758,41600
2020-01-09,56.209999084472656,56.310001373291016,56.0099983215332,56.22999954223633,51.965660095214844,26800
2020-01-10,56.34000015258789,56.369998931884766,56.0,56.099998474121094,51.84551239013672,16600
2020-01-13,56.31999969482422,56.599998474121094,56.22999954223633,56.58000183105469,52.28911590576172,33700
2020-01-14,56.61000061035156,56.81999969482422,56.38999938964844,56.61000061035156,52.31684112548828,24200
2020-01-15,56.619998931884766,56.75,56.349998474121094,56.5,52.215179443359375,20500
2020-01-16,56.81999969482422,57.08000183105469,56.72999954223633,57.08000183105469,52.75118637084961,50500
2020-01-17,57.290000915527344,57.290000915527344,56.91999816894531,57.13999938964844,52.80664825439453,19300
2020-01-21,56.91999816894531,57.06999969482422,56.790000915527344,56.93000030517578,52.61257553100586,26100
2020-01-22,57.22999954223633,57.5099983215332,57.06999969482422,57.08000183105469,52.75118637084961,23500
2020-01-23,57.08000183105469,57.290000915527344,56.81999969482422,57.2599983215332,52.917545318603516,27500
2020-01-24,57.470001220703125,57.5,56.310001373291016,56.61000061035156,52.31684112548828,48200
2020-01-27,55.400001525878906,55.79999923706055,55.09000015258789,55.52000045776367,51.30949401855469,46800
2020-01-28,55.900001525878906,56.369998931884766,55.83000183105469,56.2400016784668,51.97490692138672,30000
2020-01-29,56.369998931884766,56.369998931884766,55.84000015258789,55.880001068115234,51.64219665527344,88800
2020-01-30,55.40999984741211,56.08000183105469,55.29999923706055,56.06999969482422,51.817787170410156,38800
2020-01-31,55.97999954223633,55.97999954223633,54.810001373291016,54.970001220703125,50.801212310791016,129600
2020-02-03,55.220001220703125,55.970001220703125,55.220001220703125,55.81999969482422,51.58675003051758,108300
2020-02-04,56.790000915527344,57.43000030517578,56.70000076293945,57.279998779296875,52.9360237121582,44700
2020-02-05,57.88999938964844,57.91999816894531,57.25,57.5,53.139347076416016,32300
2020-02-06,57.7400016784668,57.880001068115234,57.560001373291016,57.79999923706055,53.41659164428711,26300
2020-02-07,57.41999816894531,57.43000030517578,57.15999984741211,57.22999954223633,52.88981628417969,48800
2020-02-10,56.849998474121094,57.66999816894531,56.849998474121094,57.66999816894531,53.29644775390625,53500
2020-02-11,58.0099983215332,58.31999969482422,57.959999084472656,58.130001068115234,53.72157669067383,67500
2020-02-12,58.459999084472656,58.790000915527344,58.45000076293945,58.779998779296875,54.32227325439453,68800
2020-02-13,58.380001068115234,58.900001525878906,58.349998474121094,58.720001220703125,54.26683044433594,26000
2020-02-14,58.779998779296875,58.97999954223633,58.66999816894531,58.81999969482422,54.359230041503906,25800
2020-02-18,58.63999938964844,58.959999084472656,58.599998474121094,58.86000061035156,54.396217346191406,33500
2020-02-19,59.2400016784668,59.630001068115234,59.2400016784668,59.4900016784668,54.97842788696289,33600
2020-02-20,59.349998474121094,59.470001220703125,58.2400016784668,59.0099983215332,54.534828186035156,69900
2020-02-21,58.7400016784668,58.7400016784668,57.880001068115234,58.06999969482422,53.66611099243164,29700
2020-02-24,56.02000045776367,56.58000183105469,55.779998779296875,56.040000915527344,51.79007339477539,36000
2020-02-25,56.47999954223633,56.66999816894531,54.310001373291016,54.380001068115234,50.25596618652344,88000
2020-02-26,54.630001068115234,55.439998626708984,54.189998626708984,54.36000061035156,50.23747253417969,60100
2020-02-27,53.16999816894531,54.040000915527344,52.22999954223633,52.22999954223633,48.269012451171875,112800
2020-02-28,50.220001220703125,52.119998931884766,50.029998779296875,52.119998931884766,48.16734313964844,138600
2020-03-02,52.279998779296875,54.02000045776367,51.720001220703125,54.02000045776367,49.92326354980469,59300
2020-03-03,54.119998931884766,54.59000015258789,52.130001068115234,52.720001220703125,48.72185516357422,246600
2020-03-04,53.349998474121094,54.790000915527344,53.13999938964844,54.720001220703125,50.57017517089844,42100
2020-03-05,53.31999969482422,54.2400016784668,52.810001373291016,53.29999923706055,49.25786209106445,33300
2020-03-06,51.310001373291016,52.45000076293945,50.91999816894531,52.279998779296875,48.31521224975586,55100
2020-03-09,48.7599983215332,50.52000045776367,48.0,48.599998474121094,44.91429901123047,100100
2020-03-10,50.47999954223633,50.869998931884766,48.47999954223633,50.869998931884766,47.012142181396484,52300
2020-03-11,49.810001373291016,50.0,48.08000183105469,48.81999969482422,45.117610931396484,65800
2020-03-12,46.130001068115234,46.40999984741211,44.09000015258789,44.380001068115234,41.014339447021484,235800
2020-03-13,46.619998931884766,47.97999954223633,44.279998779296875,47.58000183105469,43.971656799316406,564600
2020-03-16,43.22999954223633,45.900001525878906,41.599998474121094,42.0,38.8148307800293,190700
2020-03-17,43.0099983215332,45.2400016784668,42.29999923706055,44.65999984741211,41.27309036254883,55900
2020-03-18,42.09000015258789,43.439998626708984,40.130001068115234,41.72999954223633,38.56528854370117,88200
2020-03-19,41.56999969482422,43.810001373291016,40.90999984741211,42.689998626708984,39.45249938964844,182200
2020-03-20,43.79999923706055,44.31999969482422,41.11000061035156,41.11000061035156,37.99232482910156,108000
2020-03-23,41.150001525878906,42.0,40.220001220703125,41.130001068115234,38.01080322265625,56800
2020-03-24,42.970001220703125,44.83000183105469,42.970001220703125,44.68000030517578,41.37810134887695,58200
2020-03-25,44.86000061035156,46.65999984741211,44.13999938964844,44.83000183105469,41.51701354980469,77500
2020-03-26,45.150001525878906,47.38999938964844,45.150001525878906,47.25,43.758174896240234,115000
2020-03-27,45.689998626708984,46.4900016784668,45.380001068115234,45.40999984741211,42.054141998291016,74300
2020-03-30,45.810001373291016,47.0,45.63999938964844,46.900001525878906,43.434043884277344,37900
2020-03-31,46.90999984741211,47.380001068115234,46.189998626708984,46.4900016784668,43.05433654785156,26200
2020-04-01,45.029998779296875,45.529998779296875,43.970001220703125,44.33000183105469,41.053958892822266,152100
2020-04-02,43.849998474121094,45.29999923706055,43.849998474121094,45.08000183105469,41.748538970947266,72400
2020-04-03,44.90999984741211,45.2599983215332,44.08000183105469,44.43000030517578,41.146583557128906,68000
2020-04-06,46.06999969482422,48.0,46.02000045776367,47.869998931884766,44.332359313964844,74500
2020-04-07,49.459999084472656,49.459999084472656,47.709999084472656,47.709999084472656,44.184181213378906,79300
2020-04-08,48.380001068115234,49.2599983215332,47.9900016784668,49.13999938964844,45.508506774902344,91600
2020-04-09,49.599998474121094,50.0,49.0,49.33000183105469,45.68446350097656,80300
2020-04-13,49.150001525878906,49.4900016784668,48.4900016784668,49.279998779296875,45.638153076171875,56100
2020-04-14,50.470001220703125,51.279998779296875,50.040000915527344,51.189998626708984,47.40700149536133,40900
2020-04-15,50.38999938964844,50.70000076293945,50.02000045776367,50.41999816894531,46.693904876708984,42000
2020-04-16,51.09000015258789,51.560001373291016,50.38999938964844,51.29999923706055,47.50888442993164,79200
2020-04-17,52.439998626708984,52.439998626708984,51.630001068115234,52.29999923706055,48.434974670410156,55500
2020-04-20,51.58000183105469,52.47999954223633,51.58000183105469,51.619998931884766,47.80522918701172,90200
2020-04-21,50.959999084472656,51.040000915527344,49.52000045776367,49.84000015258789,46.156768798828125,102400
2020-04-22,50.869998931884766,51.400001525878906,50.560001373291016,51.16999816894531,47.38848114013672,27400
2020-04-23,51.43000030517578,51.97999954223633,50.93000030517578,50.93000030517578,47.16621398925781,44900
2020-04-24,51.2400016784668,51.93000030517578,50.84000015258789,51.790000915527344,47.96266555786133,26500
2020-04-27,52.29999923706055,52.810001373291016,52.2599983215332,52.650001525878906,48.75910949707031,48400
2020-04-28,53.22999954223633,53.22999954223633,52.0,52.0,48.15714645385742,36000
2020-04-29,53.06999969482422,53.70000076293945,52.779998779296875,53.439998626708984,49.49072265625,33600
2020-04-30,53.2400016784668,53.2400016784668,52.349998474121094,52.54999923706055,48.66650390625,149200
2020-05-01,51.540000915527344,51.79999923706055,50.720001220703125,50.959999084472656,47.19398880004883,90800
2020-05-04,50.599998474121094,51.560001373291016,50.599998474121094,51.459999084472656,47.65705871582031,69800
2020-05-05,52.060001373291016,52.56999969482422,51.880001068115234,52.150001525878906,48.29605484008789,33300
2020-05-06,52.56999969482422,52.79999923706055,52.220001220703125,52.43000030517578,48.555362701416016,28400
2020-05-07,53.18000030517578,53.369998931884766,52.88999938964844,53.119998931884766,49.19437789916992,36000
2020-05-08,53.63999938964844,54.099998474121094,53.41999816894531,54.099998474121094,50.101951599121094,83700
2020-05-11,53.619998931884766,54.5,53.619998931884766,54.29999923706055,50.287166595458984,51600
2020-05-12,54.5099983215332,54.529998779296875,53.08000183105469,53.09000015258789,49.166587829589844,58200
2020-05-13,53.15999984741211,53.400001525878906,51.619998931884766,52.119998931884766,48.26826858520508,117300
2020-05-14,51.65999984741211,52.779998779296875,51.040000915527344,52.75,48.851722717285156,42600
2020-05-15,52.22999954223633,52.9900016784668,52.02000045776367,52.9900016784668,49.0739860534668,27900
2020-05-18,53.88999938964844,54.86000061035156,53.88999938964844,54.66999816894531,50.62982177734375,48100
2020-05-19,54.79999923706055,55.2400016784668,54.5,54.5,50.47238540649414,55200
2020-05-20,55.16999816894531,55.75,55.099998474121094,55.5,51.398494720458984,29000
2020-05-21,55.380001068115234,55.59000015258789,54.61000061035156,54.939998626708984,50.8798713684082,39900
2020-05-22,54.86000061035156,55.150001525878906,54.5,55.150001525878906,51.07435607910156,15900
2020-05-26,56.20000076293945,56.279998779296875,55.54999923706055,55.599998474121094,51.491085052490234,155900
2020-05-27,55.939998626708984,56.279998779296875,54.65999984741211,56.2599983215332,52.10232162475586,73700
2020-05-28,56.279998779296875,57.0,56.130001068115234,56.18000030517578,52.028236389160156,25800
2020-05-29,56.349998474121094,57.25,55.900001525878906,57.20000076293945,52.97285842895508,49500
2020-06-01,56.900001525878906,57.56999969482422,56.900001525878906,57.41999816894531,53.176597595214844,36500
2020-06-02,57.630001068115234,57.88999938964844,57.13999938964844,57.88999938964844,53.61185836791992,51500
2020-06-03,58.20000076293945,58.790000915527344,58.20000076293945,58.619998931884766,54.28792190551758,68600
2020-06-04,58.630001068115234,58.849998474121094,57.93000030517578,58.279998779296875,53.97304916381836,49900
2020-06-05,59.220001220703125,59.939998626708984,59.0,59.689998626708984,55.278846740722656,76000
2020-06-08,59.97999954223633,60.27000045776367,59.560001373291016,60.22999954223633,55.77894973754883,45800
2020-06-09,60.02000045776367,60.040000915527344,59.540000915527344,59.779998779296875,55.3621940612793,36100
2020-06-10,60.08000183105469,60.220001220703125,59.439998626708984,59.90999984741211,55.48258590698242,36900
2020-06-11,58.470001220703125,58.66999816894531,56.5099983215332,56.540000915527344,52.361637115478516,105500
2020-06-12,57.72999954223633,58.150001525878906,56.150001525878906,57.290000915527344,53.05620193481445,46500
2020-06-15,56.060001373291016,58.029998779296875,56.0099983215332,58.0099983215332,53.72298049926758,17800
2020-06-16,59.560001373291016,59.619998931884766,58.08000183105469,59.040000915527344,54.676876068115234,62900
2020-06-17,59.369998931884766,59.52000045776367,59.0,59.130001068115234,54.76022720336914,22200
2020-06-18,58.810001373291016,59.33000183105469,58.810001373291016,59.33000183105469,54.9454460144043,17400
2020-06-19,59.93000030517578,60.0,58.900001525878906,59.380001068115234,54.991756439208984,465200
2020-06-22,59.34000015258789,59.650001525878906,58.91999816894531,59.58000183105469,55.17696762084961,24800
2020-06-23,59.9900016784668,60.22999954223633,59.68000030517578,59.68000030517578,55.352264404296875,35900
2020-06-24,59.31999969482422,59.41999816894531,57.90999984741211,58.220001220703125,53.998146057128906,45500
2020-06-25,58.11000061035156,58.790000915527344,57.61000061035156,58.720001220703125,54.461891174316406,51600
2020-06-26,58.619998931884766,58.95000076293945,57.810001373291016,57.86000061035156,53.66425704956055,53700
2020-06-29,57.97999954223633,58.439998626708984,57.43000030517578,58.439998626708984,54.20219039916992,77500
2020-06-30,58.54999923706055,59.70000076293945,58.54999923706055,59.5099983215332,55.19459533691406,102900
2020-07-01,59.630001068115234,59.970001220703125,59.25,59.7400016784668,55.40791702270508,84700
2020-07-02,60.31999969482422,60.619998931884766,60.15999984741211,60.2400016784668,55.87165451049805,35000
2020-07-06,61.2400016784668,61.59000015258789,61.0,61.31999969482422,56.87334442138672,46000
2020-07-07,61.2400016784668,61.65999984741211,60.810001373291016,60.810001373291016,56.40032958984375,51600
2020-07-08,61.20000076293945,61.290000915527344,60.68000030517578,61.290000915527344,56.845523834228516,23800
2020-07-09,61.43000030517578,61.65999984741211,60.599998474121094,61.45000076293945,56.99391174316406,48700
2020-07-10,61.400001525878906,61.75,60.93000030517578,61.75,57.27216339111328,19800
2020-07-13,62.13999938964844,62.45000076293945,60.470001220703125,60.47999954223633,56.09425735473633,137800
2020-07-14,60.15999984741211,61.209999084472656,59.61000061035156,61.20000076293945,56.762046813964844,53600
2020-07-15,61.63999938964844,61.849998474121094,61.119998931884766,61.84000015258789,57.35563659667969,62700
2020-07-16,61.4900016784668,61.4900016784668,60.83000183105469,61.470001220703125,57.01247787475586,43400
2020-07-17,61.75,62.06999969482422,61.29999923706055,61.970001220703125,57.47621154785156,69200
2020-07-20,62.119998931884766,63.04999923706055,61.7599983215332,62.95000076293945,58.3851432800293,81700
2020-07-21,63.33000183105469,63.33000183105469,62.400001525878906,62.56999969482422,58.0327033996582,28800
2020-07-22,62.86000061035156,62.9900016784668,62.5,62.880001068115234,58.32021713256836,44500
2020-07-23,62.939998626708984,63.16999816894531,61.61000061035156,61.869998931884766,57.38346481323242,61900
2020-07-24,61.22999954223633,61.5099983215332,60.880001068115234,61.220001220703125,56.78059005737305,61600
2020-07-27,61.43000030517578,62.369998931884766,61.29999923706055,62.25,57.73591232299805,64700
2020-07-28,62.310001373291016,62.310001373291016,61.560001373291016,61.65999984741211,57.188690185546875,20900
2020-07-29,62.06999969482422,62.54999923706055,61.93000030517578,62.439998626708984,57.912132263183594,33600
2020-07-30,61.79999923706055,62.65999984741211,61.70000076293945,62.59000015258789,58.05126190185547,20500
2020-07-31,63.04999923706055,63.04999923706055,61.70000076293945,62.650001525878906,58.106895446777344,26300
2020-08-03,63.09000015258789,63.439998626708984,62.970001220703125,63.36000061035156,58.765419006347656,33800
2020-08-04,63.2400016784668,63.77000045776367,63.2400016784668,63.77000045776367,59.14567565917969,39700
2020-08-05,64.01000213623047,64.01000213623047,63.59000015258789,63.77000045776367,59.14567565917969,39300
2020-08-06,63.599998474121094,63.869998931884766,63.290000915527344,63.869998931884766,59.23841857910156,52800
2020-08-07,63.90999984741211,63.90999984741211,62.849998474121094,63.38999938964844,58.793235778808594,17500
2020-08-10,63.61000061035156,63.61000061035156,62.56999969482422,63.25,58.66337966918945,46400
2020-08-11,63.36000061035156,63.369998931884766,62.29999923706055,62.41999816894531,57.89357376098633,39300
2020-08-12,62.790000915527344,63.68000030517578,62.790000915527344,63.540000915527344,58.93235778808594,24800
2020-08-13,63.709999084472656,63.95000076293945,63.43000030517578,63.52000045776367,58.91380310058594,44800
2020-08-14,63.47999954223633,63.650001525878906,63.29999923706055,63.459999084472656,58.858158111572266,31700
2020-08-17,63.869998931884766,64.23999786376953,63.77000045776367,64.23999786376953,59.58159637451172,28100
2020-08-18,64.36000061035156,64.48999786376953,63.95000076293945,64.29000091552734,59.62797546386719,29100
2020-08-19,64.22000122070312,64.29000091552734,63.650001525878906,63.709999084472656,59.090030670166016,18700
2020-08-20,63.38999938964844,64.08999633789062,63.38999938964844,63.9900016784668,59.34971618652344,15500
2020-08-21,64.0,64.05999755859375,63.72999954223633,64.05000305175781,59.405372619628906,33000
2020-08-24,64.44999694824219,64.55999755859375,64.02999877929688,64.44999694824219,59.776363372802734,40100
2020-08-25,64.55000305175781,65.0,64.44999694824219,65.0,60.28648376464844,28700
2020-08-26,65.0999984741211,65.7300033569336,65.0,65.62999725341797,60.87080001831055,40300
2020-08-27,66.05000305175781,66.05000305175781,65.19000244140625,65.5,60.7502326965332,92300
2020-08-28,65.72000122070312,66.16000366210938,65.72000122070312,66.16000366210938,61.36237335205078,25100
2020-08-31,66.16000366210938,66.51000213623047,65.87000274658203,66.4000015258789,61.584964752197266,44800
2020-09-01,66.70999908447266,67.2300033569336,66.5,67.2300033569336,62.354774475097656,52200
2020-09-02,67.81999969482422,68.3499984741211,67.22000122070312,68.19999694824219,63.25442886352539,373800
2020-09-03,67.51000213623047,67.6500015258789,64.79000091552734,65.3499984741211,60.61111068725586,98600
2020-09-04,65.19999694824219,65.55999755859375,62.900001525878906,64.58999633789062,59.90621566772461,94000
2020-09-08,62.869998931884766,63.41999816894531,62.130001068115234,62.220001220703125,57.70806884765625,68300
2020-09-09,63.119998931884766,63.849998474121094,62.470001220703125,63.529998779296875,58.9230842590332,40500
2020-09-10,63.880001068115234,64.2300033569336,62.27000045776367,62.540000915527344,58.004878997802734,40900
2020-09-11,63.040000915527344,63.11000061035156,61.540000915527344,62.310001373291016,57.79155349731445,97900
2020-09-14,63.2599983215332,63.810001373291016,63.25,63.66999816894531,59.05292892456055,15700
2020-09-15,64.33000183105469,64.61000061035156,64.16000366210938,64.4000015258789,59.72999572753906,23700
2020-09-16,64.6500015258789,64.83000183105469,63.880001068115234,63.880001068115234,59.24771499633789,28500
2020-09-17,62.650001525878906,63.279998779296875,62.20000076293945,63.119998931884766,58.54281234741211,22900
2020-09-18,63.209999084472656,63.380001068115234,61.84000015258789,62.5099983215332,57.9770393371582,16300
2020-09-21,61.59000015258789,62.34000015258789,61.150001525878906,62.25,57.73591232299805,22600
2020-09-22,62.38999938964844,63.189998626708984,61.9900016784668,63.02000045776367,58.52716064453125,14000
2020-09-23,63.099998474121094,63.22999954223633,61.66999816894531,61.709999084472656,57.31055450439453,19900
2020-09-24,61.34000015258789,62.41999816894531,61.09000015258789,61.779998779296875,57.37556838989258,14300
2020-09-25,61.90999984741211,63.20000076293945,61.61000061035156,63.130001068115234,58.62931442260742,33800
2020-09-28,63.79999923706055,64.3499984741211,63.77000045776367,64.29000091552734,59.70662307739258,17900
2020-09-29,64.45999908447266,64.55999755859375,64.01000213623047,64.12000274658203,59.54874038696289,52700
2020-09-30,64.26000213623047,65.01000213623047,64.11000061035156,64.4800033569336,59.88308334350586,20500
2020-10-01,65.18000030517578,65.41000366210938,64.81999969482422,65.41000366210938,60.74678421020508,37400
2020-10-02,63.959999084472656,64.75,63.7400016784668,63.86000061035156,59.30727767944336,32500
2020-10-05,64.23999786376953,65.16000366210938,64.23999786376953,65.12999725341797,60.486732482910156,26600
2020-10-06,65.20999908447266,65.66999816894531,64.16999816894531,64.29000091552734,59.70662307739258,20100
2020-10-07,64.95999908447266,65.66000366210938,64.95999908447266,65.58000183105469,60.904659271240234,20700
2020-10-08,65.95999908447266,66.0999984741211,65.83999633789062,66.0999984741211,61.38759231567383,128600
2020-10-09,66.56999969482422,67.02999877929688,66.43000030517578,66.91999816894531,62.149112701416016,48000
2020-10-12,67.5999984741211,68.68000030517578,67.44999694824219,68.19000244140625,63.328575134277344,47400
2020-10-13,68.48999786376953,68.56999969482422,68.0,68.26000213623047,63.393592834472656,43800
2020-10-14,68.55000305175781,68.55000305175781,67.52999877929688,67.7699966430664,62.938514709472656,13000
2020-10-15,66.62000274658203,67.37999725341797,66.55000305175781,67.2699966430664,62.474159240722656,16200
2020-10-16,67.79000091552734,67.95999908447266,67.30999755859375,67.33999633789062,62.539161682128906,23500
2020-10-19,67.68000030517578,67.73999786376953,66.19999694824219,66.30999755859375,61.58262634277344,22600
2020-10-20,66.88999938964844,67.08999633789062,66.44999694824219,66.44999694824219,61.71262741088867,26400
2020-10-21,66.45999908447266,66.66000366210938,66.05999755859375,66.19999694824219,61.4804573059082,10900
2020-10-22,66.45999908447266,66.55999755859375,65.75,66.45999908447266,61.721920013427734,21500
2020-10-23,66.37000274658203,66.69000244140625,66.20999908447266,66.69000244140625,61.9355354309082,17800
2020-10-26,66.11000061035156,66.30000305175781,64.87999725341797,65.5199966430664,60.84893798828125,51900
2020-10-27,65.66999816894531,65.80000305175781,65.43000030517578,65.5199966430664,60.84893798828125,25400
2020-10-28,64.56999969482422,64.73999786376953,63.459999084472656,63.470001220703125,58.94508361816406,44300
2020-10-29,63.81999969482422,64.75,63.43000030517578,64.25,59.66947555541992,79000
2020-10-30,63.599998474121094,63.939998626708984,62.58000183105469,63.029998779296875,58.536441802978516,53400
2020-11-02,63.709999084472656,64.11000061035156,62.849998474121094,63.5,58.972938537597656,26000
2020-11-03,64.12000274658203,65.08999633789062,63.939998626708984,64.73999786376953,60.12453079223633,32500
2020-11-04,66.2699966430664,67.6500015258789,66.08000183105469,67.16999816894531,62.38130187988281,87800
2020-11-05,68.55000305175781,68.75,68.1500015258789,68.58000183105469,63.69077682495117,188600
2020-11-06,68.45999908447266,68.95999908447266,68.1500015258789,68.7699966430664,63.86723327636719,32200
2020-11-09,70.81999969482422,70.81999969482422,68.33000183105469,68.33000183105469,63.45860290527344,84600
2020-11-10,67.69999694824219,68.08999633789062,66.87000274658203,67.37999725341797,62.576332092285156,38900
2020-11-11,67.98999786376953,68.7300033569336,67.98999786376953,68.62999725341797,63.737213134765625,16400
2020-11-12,68.98999786376953,68.98999786376953,68.0,68.2300033569336,63.3657341003418,85200
2020-11-13,68.91000366210938,69.44000244140625,68.83000183105469,69.38999938964844,64.44304656982422,74500
2020-11-16,69.5999984741211,70.04000091552734,69.58000183105469,70.0199966430664,65.02812194824219,65600
2020-11-17,69.75,69.7699966430664,69.27999877929688,69.56999969482422,64.6102066040039,24600
2020-11-18,69.5199966430664,69.7699966430664,68.9000015258789,68.9000015258789,63.987953186035156,30000
2020-11-19,68.93000030517578,69.62000274658203,68.7300033569336,69.5999984741211,64.63806915283203,33000
2020-11-20,69.86000061035156,69.9000015258789,69.37000274658203,69.41000366210938,64.46162414550781,19500
2020-11-23,69.83000183105469,70.02999877929688,69.22000122070312,69.80000305175781,64.82379913330078,91900
2020-11-24,70.37999725341797,70.56999969482422,69.80000305175781,70.55000305175781,65.52032470703125,40400
2020-11-25,70.69999694824219,70.79000091552734,70.33000183105469,70.61000061035156,65.57606506347656,35000
2020-11-27,71.01000213623047,71.58000183105469,71.01000213623047,71.47000122070312,66.374755859375,22800
2020-11-30,71.5999984741211,71.80999755859375,70.9000015258789,71.79000091552734,66.67192840576172,94800
2020-12-01,72.62999725341797,72.72000122070312,72.1500015258789,72.44000244140625,67.27558898925781,48100
2020-12-02,72.36000061035156,72.58000183105469,71.81999969482422,72.54000091552734,67.36843872070312,31400
2020-12-03,72.37999725341797,73.08000183105469,72.37999725341797,72.73999786376953,67.55419158935547,43200
2020-12-04,73.04000091552734,73.55000305175781,72.95999908447266,73.55000305175781,68.30646514892578,66400
2020-12-07,73.73999786376953,73.76000213623047,73.43000030517578,73.62000274658203,68.37147521972656,26600
2020-12-08,73.73999786376953,73.9800033569336,73.37000274658203,73.9800033569336,68.7057876586914,44300
2020-12-09,74.19000244140625,74.19000244140625,72.26000213623047,72.58000183105469,67.40560913085938,105600
2020-12-10,72.26000213623047,72.86000061035156,71.86000061035156,72.7300033569336,67.5774917602539,49600
2020-12-11,72.58000183105469,72.63999938964844,71.9000015258789,72.48999786376953,67.35448455810547,29300
2020-12-14,73.20999908447266,73.72000122070312,73.12999725341797,73.26000213623047,68.0699462890625,36900
2020-12-15,73.91000366210938,73.9800033569336,73.51000213623047,73.9800033569336,68.73892974853516,33400
2020-12-16,74.25,74.31999969482422,73.88999938964844,74.2300033569336,68.97124481201172,22000
2020-12-17,74.70999908447266,74.93000030517578,74.45999908447266,74.9000015258789,69.59376525878906,45300
2020-12-18,75.30999755859375,75.30999755859375,74.58000183105469,75.02999877929688,69.71454620361328,30700
2020-12-21,74.23999786376953,74.66000366210938,73.44000244140625,74.5199966430664,69.24068450927734,79300
2020-12-22,74.79000091552734,74.79000091552734,74.0,74.5,69.32722473144531,41900
2020-12-23,74.62000274658203,74.63999938964844,74.33000183105469,74.33000183105469,69.16903686523438,23300
2020-12-24,74.12000274658203,74.48999786376953,74.12000274658203,74.41999816894531,69.25279235839844,12100
2020-12-28,75.12999725341797,75.12999725341797,74.30999755859375,74.33999633789062,69.17835235595703,44700
2020-12-29,74.70999908447266,74.81999969482422,74.12000274658203,74.43000030517578,69.26210021972656,33000
2020-12-30,74.88999938964844,75.01000213623047,74.75,74.87000274658203,69.67153930664062,68800
2020-12-31,74.79000091552734,75.16000366210938,74.58000183105469,75.16000366210938,69.94139862060547,21100
2021-01-04,75.5199966430664,75.5199966430664,73.25,74.13999938964844,68.9922103881836,58600
2021-01-05,73.87000274658203,74.79000091552734,73.87000274658203,74.79000091552734,69.59711456298828,164100
2021-01-06,73.94999694824219,75.33000183105469,73.80000305175781,74.48999786376953,69.3178939819336,63100
2021-01-07,75.02999877929688,76.0999984741211,75.02999877929688,76.0999984741211,70.8161392211914,26000
2021-01-08,76.72000122070312,76.9000015258789,76.0,76.9000015258789,71.56059265136719,46200
2021-01-11,76.3499984741211,76.80999755859375,76.12000274658203,76.2699966430664,70.97433471679688,41200
2021-01-12,76.5199966430664,76.5199966430664,75.72000122070312,76.4000015258789,71.09532165527344,41200
2021-01-13,76.55999755859375,76.55999755859375,76.11000061035156,76.38999938964844,71.08598327636719,39600
2021-01-14,76.7699966430664,76.86000061035156,76.4000015258789,76.4800033569336,71.16976165771484,97200
2021-01-15,76.31999969482422,76.37999725341797,75.36000061035156,75.9800033569336,70.7044677734375,26100
2021-01-19,76.76000213623047,77.06999969482422,76.37000274658203,76.97000122070312,71.62571716308594,37200
2021-01-20,77.8499984741211,77.97000122070312,77.54000091552734,77.87999725341797,72.4725341796875,126400
2021-01-21,78.25,78.25,77.51000213623047,77.91000366210938,72.50045776367188,121100
2021-01-22,77.72000122070312,77.79000091552734,77.3499984741211,77.41000366210938,72.03518676757812,19300
2021-01-25,77.91000366210938,78.22000122070312,76.7699966430664,77.80999755859375,72.4073715209961,59000
2021-01-26,78.02999877929688,78.02999877929688,77.4000015258789,77.43000030517578,72.05378723144531,53700
2021-01-27,76.55000305175781,76.5999984741211,74.87999725341797,75.05999755859375,69.84833526611328,54000
2021-01-28,75.54000091552734,76.87999725341797,75.54000091552734,76.0,70.72307586669922,59200
2021-01-29,75.61000061035156,76.06999969482422,74.52999877929688,75.0,69.79251861572266,29000
2021-02-01,75.44999694824219,76.63999938964844,75.37000274658203,76.4000015258789,71.09532165527344,78400
2021-02-02,77.18000030517578,77.8499984741211,77.08000183105469,77.73999786376953,72.34225463867188,45800
2021-02-03,77.86000061035156,77.86000061035156,76.87000274658203,76.88999938964844,71.5512924194336,34900
2021-02-04,77.11000061035156,77.9800033569336,77.11000061035156,77.9800033569336,72.56560516357422,38400
2021-02-05,78.5199966430664,78.66999816894531,78.30999755859375,78.5999984741211,73.1425552368164,34100
2021-02-08,79.08000183105469,79.26000213623047,78.86000061035156,79.22000122070312,73.71951293945312,49600
2021-02-09,79.22000122070312,79.4800033569336,79.02999877929688,79.41000366210938,73.89631652832031,40200
2021-02-10,80.0,80.08000183105469,78.87000274658203,79.5199966430664,73.99867248535156,61400
2021-02-11,80.08999633789062,80.33000183105469,79.7699966430664,80.2699966430664,74.69660186767578,95900
2021-02-12,80.04000091552734,80.88999938964844,79.95999908447266,80.88999938964844,75.27355194091797,32400
2021-02-16,81.25,81.27999877929688,80.5,80.58000183105469,74.98506927490234,36700
2021-02-17,80.05000305175781,80.18000030517578,79.2699966430664,80.0999984741211,74.53839874267578,31900
2021-02-18,79.36000061035156,80.0,78.79000091552734,79.80000305175781,74.2592544555664,30800
2021-02-19,80.1500015258789,80.63999938964844,79.86000061035156,80.08999633789062,74.52909851074219,27100
2021-02-22,79.27999877929688,79.37000274658203,78.19999694824219,78.25,72.81684875488281,29800
2021-02-23,77.36000061035156,78.16999816894531,75.86000061035156,77.91999816894531,72.50977325439453,75000
2021-02-24,77.31999969482422,78.47000122070312,76.5999984741211,78.44999694824219,73.00296020507812,77500
2021-02-25,78.0,78.33000183105469,75.43000030517578,75.66000366210938,70.40669250488281,53900
2021-02-26,76.13999938964844,76.77999877929688,74.97000122070312,76.1500015258789,70.8626708984375,58700
2021-03-01,77.26000213623047,78.0,76.94999694824219,77.91999816894531,72.50977325439453,30800
2021-03-02,78.01000213623047,78.01000213623047,76.80000305175781,76.80000305175781,71.46752166748047,18600
2021-03-03,76.52999877929688,76.58000183105469,74.55999755859375,74.63999938964844,69.45750427246094,123500
2021-03-04,74.30000305175781,74.7699966430664,71.98999786376953,72.83000183105469,67.77318572998047,135600
2021-03-05,73.69999694824219,74.37999725341797,71.44000244140625,74.29000091552734,69.1318130493164,76300
2021-03-08,73.98999786376953,74.52999877929688,72.5,72.55000305175781,67.51262664794922,33800
2021-03-09,74.08000183105469,75.43000030517578,74.08000183105469,75.02999877929688,69.82042694091797,46800
2021-03-10,76.19000244140625,76.19000244140625,74.81999969482422,74.81999969482422,69.62501525878906,57900
2021-03-11,76.02999877929688,76.91000366210938,75.9000015258789,76.58000183105469,71.26283264160156,52800
2021-03-12,75.45999908447266,76.08000183105469,75.1500015258789,76.06999969482422,70.78822326660156,87200
2021-03-15,76.04000091552734,77.12000274658203,76.0,77.12000274658203,71.76531219482422,36200
2021-03-16,77.70999908447266,78.11000061035156,77.16000366210938,77.3499984741211,71.9793472290039,40800
2021-03-17,76.8499984741211,77.83999633789062,76.26000213623047,77.47000122070312,72.09101104736328,44900
2021-03-18,76.38999938964844,76.5999984741211,75.30000305175781,75.36000061035156,70.12751770019531,36700
2021-03-19,75.41000366210938,76.0999984741211,74.88999938964844,75.86000061035156,70.5927963256836,27300
2021-03-22,76.22000122070312,77.30000305175781,76.22000122070312,77.0,71.65364074707031,51400
2021-03-23,77.12999725341797,77.12999725341797,76.0199966430664,76.05999755859375,70.85897064208984,20900
2021-03-24,76.38999938964844,76.38999938964844,74.87999725341797,74.87999725341797,69.7596664428711,56500
2021-03-25,74.30000305175781,75.13999938964844,73.87999725341797,74.94000244140625,69.8155517578125,56700
2021-03-26,75.0199966430664,76.58999633789062,74.87999725341797,76.58999633789062,71.35272979736328,38900
2021-03-29,76.30000305175781,76.52999877929688,75.66999816894531,76.2300033569336,71.01734161376953,39800
2021-03-30,75.97000122070312,76.04000091552734,75.36000061035156,75.87999725341797,70.69127655029297,32100
2021-03-31,76.12000274658203,77.2699966430664,76.12000274658203,76.91000366210938,71.6508560180664,29300
2021-04-01,77.7699966430664,78.38999938964844,77.7699966430664,78.30999755859375,72.95511627197266,113600
2021-04-05,78.97000122070312,79.3499984741211,78.72000122070312,79.27999877929688,73.85879516601562,58300
2021-04-06,79.26000213623047,79.7699966430664,79.0,79.26000213623047,73.84016418457031,45800
2021-04-07,79.3499984741211,79.3499984741211,78.6500015258789,78.8499984741211,73.45818328857422,35600
2021-04-08,79.5,79.66999816894531,79.29000091552734,79.62000274658203,74.175537109375,46100
2021-04-09,79.26000213623047,79.75,79.19999694824219,79.75,74.29666900634766,60100
2021-04-12,79.5999984741211,79.63999938964844,79.36000061035156,79.61000061035156,74.16622924804688,18600
2021-04-13,79.91000366210938,80.23999786376953,79.7300033569336,80.22000122070312,74.73450469970703,31800
2021-04-14,80.25,80.5,79.55999755859375,79.62999725341797,74.18487548828125,56800
2021-04-15,80.30000305175781,80.83999633789062,80.25,80.81999969482422,75.29349517822266,74000
2021-04-16,81.11000061035156,81.11000061035156,80.61000061035156,80.80999755859375,75.28416442871094,49100
2021-04-19,80.5,80.66000366210938,79.5,79.8499984741211,74.38981628417969,32500
2021-04-20,79.7699966430664,79.86000061035156,78.9800033569336,79.3499984741211,73.92398834228516,67600
2021-04-21,79.16000366210938,80.41000366210938,79.16000366210938,80.37000274658203,74.874267578125,43900
2021-04-22,80.27999877929688,80.69999694824219,79.52999877929688,79.7300033569336,74.27803039550781,97400
2021-04-23,79.9800033569336,80.95999908447266,79.9800033569336,80.75,75.22827911376953,20200
2021-04-26,80.88999938964844,81.20999908447266,80.54000091552734,81.16999816894531,75.61954498291016,53200
2021-04-27,81.33000183105469,81.33000183105469,80.6500015258789,80.87999725341797,75.349365234375,45000
2021-04-28,80.91999816894531,80.91999816894531,80.3499984741211,80.5,74.995361328125,38200
2021-04-29,81.04000091552734,81.04000091552734,79.8499984741211,80.58000183105469,75.06988525390625,88900
2021-04-30,79.91999816894531,80.33000183105469,79.55000305175781,79.69000244140625,74.2407455444336,105300
2021-05-03,80.08000183105469,80.0999984741211,79.44000244140625,79.47000122070312,74.03580474853516,30300
2021-05-04,79.1500015258789,79.1500015258789,77.51000213623047,78.27999877929688,72.92717742919922,114200
2021-05-05,78.66000366210938,78.83000183105469,77.70999908447266,77.9000015258789,72.57315826416016,65100
2021-05-06,77.70999908447266,78.23999786376953,77.20999908447266,78.16999816894531,72.82469940185547,265900
2021-05-07,78.63999938964844,79.55999755859375,78.63999938964844,78.98999786376953,73.58863067626953,22000
2021-05-10,78.9000015258789,78.9000015258789,77.26000213623047,77.30000305175781,72.01417541503906,91900
2021-05-11,76.02999877929688,77.58000183105469,75.75,77.31999969482422,72.03282165527344,229700
2021-05-12,76.33999633789062,76.62000274658203,75.33000183105469,75.5199966430664,70.35588836669922,67500
2021-05-13,76.08999633789062,76.54000091552734,75.41000366210938,76.01000213623047,70.81239318847656,59700
2021-05-14,76.66999816894531,77.72000122070312,76.44000244140625,77.5,72.20051574707031,47200
2021-05-17,77.13999938964844,77.13999938964844,76.36000061035156,76.91999816894531,71.66014862060547,17500
2021-05-18,77.16000366210938,77.58999633789062,76.6500015258789,76.70999908447266,71.46453094482422,31600
2021-05-19,75.5199966430664,77.0199966430664,75.44999694824219,76.95999908447266,71.69742584228516,96600
2021-05-20,77.4000015258789,78.73999786376953,77.3499984741211,78.5999984741211,73.22528076171875,62600
2021-05-21,79.08999633789062,79.08999633789062,78.20999908447266,78.25,72.89920806884766,79900
2021-05-24,78.88999938964844,79.37999725341797,78.88999938964844,79.16000366210938,73.74700164794922,22700
2021-05-25,79.5,79.62999725341797,79.04000091552734,79.0999984741211,73.69111633300781,31000
2021-05-26,79.2699966430664,79.55999755859375,79.2300033569336,79.37999725341797,73.95194244384766,104200
2021-05-27,79.37999725341797,79.5199966430664,78.94999694824219,79.25,73.8308334350586,111800
2021-05-28,79.5999984741211,79.9800033569336,79.55999755859375,79.56999969482422,74.12895202636719,64700
2021-06-01,80.0,80.08999633789062,79.30999755859375,79.33999633789062,73.91468811035156,36000
2021-06-02,79.44000244140625,79.66000366210938,79.2699966430664,79.43000030517578,73.99853515625,34500
2021-06-03,78.69999694824219,78.98999786376953,78.20999908447266,78.69000244140625,73.30912780761719,44200
2021-06-04,79.16000366210938,80.06999969482422,79.16000366210938,80.01000213623047,74.53887176513672,58700
2021-06-07,79.94000244140625,80.33999633789062,79.66000366210938,80.25,74.76244354248047,69300
2021-06-08,80.5199966430664,80.72000122070312,79.69999694824219,80.20999908447266,74.7251968383789,32200
2021-06-09,80.55999755859375,80.66000366210938,80.1500015258789,80.18000030517578,74.69725036621094,21900
2021-06-10,80.18000030517578,81.08999633789062,80.18000030517578,81.05000305175781,75.50775909423828,27700
2021-06-11,81.02999877929688,81.26000213623047,80.83000183105469,81.19999694824219,75.6474838256836,20800
2021-06-14,81.20999908447266,81.55999755859375,80.87999725341797,81.55999755859375,75.9828872680664,47800
2021-06-15,81.55999755859375,81.55999755859375,80.9000015258789,81.0,75.46116638183594,16400
2021-06-16,81.11000061035156,81.2699966430664,79.95999908447266,80.56999969482422,75.06057739257812,21600
2021-06-17,80.4000015258789,81.58000183105469,80.4000015258789,81.3499984741211,75.78723907470703,19400
2021-06-18,81.0199966430664,81.11000061035156,80.48999786376953,80.62000274658203,75.10714721679688,33400
2021-06-21,80.66999816894531,81.23999786376953,80.4000015258789,81.18000030517578,75.62886810302734,17700
2021-06-22,81.1500015258789,81.69000244140625,81.06999969482422,81.66999816894531,76.17638397216797,12300
2021-06-23,81.73999786376953,81.79000091552734,81.52999877929688,81.55000305175781,76.06446075439453,27100
2021-06-24,82.02999877929688,82.47000122070312,81.95999908447266,82.30999755859375,76.77333068847656,118900
2021-06-25,82.6500015258789,82.66999816894531,82.4800033569336,82.63999938964844,77.08114624023438,35700
2021-06-28,83.04000091552734,83.36000061035156,83.01000213623047,83.36000061035156,77.7527084350586,35400
2021-06-29,83.30999755859375,83.70999908447266,83.30999755859375,83.69999694824219,78.06983947753906,38300
2021-06-30,83.58000183105469,83.63999938964844,83.43000030517578,83.58000183105469,77.95792388916016,14400
2021-07-01,83.43000030517578,83.58999633789062,83.05999755859375,83.30999755859375,77.7060546875,23300
2021-07-02,83.70999908447266,83.83000183105469,83.54000091552734,83.80000305175781,78.1631088256836,19300
2021-07-06,83.88999938964844,83.88999938964844,82.83000183105469,83.5,77.88328552246094,55900
2021-07-07,83.81999969482422,83.81999969482422,83.1500015258789,83.37999725341797,77.7713623046875,17600
2021-07-08,82.54000091552734,82.80999755859375,81.97000122070312,82.62000274658203,77.06248474121094,26200
2021-07-09,82.66999816894531,83.51000213623047,82.54000091552734,83.45999908447266,77.84598541259766,31400
2021-07-12,83.81999969482422,83.81999969482422,83.33000183105469,83.55999755859375,77.93924713134766,33400
2021-07-13,83.55999755859375,83.94000244140625,83.36000061035156,83.37000274658203,77.76203918457031,16000
2021-07-14,83.70999908447266,83.86000061035156,83.20999908447266,83.26000213623047,77.6594467163086,18000
2021-07-15,83.22000122070312,83.27999877929688,82.44999694824219,82.87999725341797,77.30498504638672,21900
2021-07-16,83.19000244140625,83.19000244140625,82.41999816894531,82.43000030517578,76.8852767944336,34200
2021-07-19,81.75,82.06999969482422,81.4800033569336,81.86000061035156,76.35359954833984,40100
2021-07-20,82.18000030517578,83.33000183105469,82.0,83.0199966430664,77.4355697631836,17400
2021-07-21,83.05999755859375,83.79000091552734,83.05999755859375,83.75,78.11647033691406,42500
2021-07-22,83.6500015258789,84.0199966430664,83.62000274658203,84.01000213623047,78.35899353027344,21300
2021-07-23,84.27999877929688,84.83999633789062,84.0,84.75,79.04918670654297,52900
2021-07-26,84.51000213623047,84.51000213623047,84.12000274658203,84.30999755859375,78.63880157470703,68100
2021-07-27,84.11000061035156,84.11000061035156,82.66000366210938,83.58999633789062,77.96723175048828,23100
2021-07-28,83.95999908447266,84.45999908447266,83.83999633789062,84.30999755859375,78.63880157470703,40000
2021-07-29,84.5999984741211,85.05000305175781,84.58000183105469,84.83999633789062,79.13314819335938,135300
2021-07-30,84.33000183105469,85.26000213623047,84.33000183105469,85.12000274658203,79.39430236816406,28400
2021-08-02,85.5199966430664,85.58999633789062,84.91999816894531,85.01000213623047,79.29171752929688,138700
2021-08-03,85.1500015258789,85.44000244140625,84.45999908447266,85.43000030517578,79.68345642089844,34500
2021-08-04,85.47000122070312,85.75,85.29000091552734,85.52999877929688,79.77674865722656,78200
2021-08-05,85.80000305175781,86.08000183105469,85.58000183105469,86.02999877929688,80.24309539794922,29600
2021-08-06,85.83000183105469,85.87999725341797,85.44000244140625,85.58000183105469,79.82337951660156,22600
2021-08-09,85.80999755859375,85.97000122070312,85.4800033569336,85.80999755859375,80.03791809082031,15600
2021-08-10,85.9800033569336,86.04000091552734,85.16000366210938,85.31999969482422,79.58084869384766,28100
2021-08-11,85.69999694824219,85.69999694824219,84.94999694824219,85.30000305175781,79.56221771240234,14000
2021-08-12,85.0999984741211,85.18000030517578,84.69999694824219,85.1500015258789,79.42228698730469,9800
2021-08-13,85.1500015258789,85.31999969482422,85.0999984741211,85.31999969482422,79.58084869384766,11500
2021-08-16,85.11000061035156,85.1500015258789,84.5,85.0999984741211,79.37565612792969,38100
2021-08-17,84.4000015258789,84.70999908447266,84.05000305175781,84.61000061035156,78.91861724853516,35500
2021-08-18,84.45999908447266,84.76000213623047,83.97000122070312,83.97000122070312,78.32167053222656,12500
2021-08-19,83.51000213623047,84.4800033569336,83.51000213623047,84.22000122070312,78.55486297607422,17900
2021-08-20,84.4800033569336,84.97000122070312,84.4800033569336,84.87000274658203,79.1611328125,31400
2021-08-23,85.2699966430664,86.12999725341797,85.25,86.02999877929688,80.24309539794922,58500
2021-08-24,86.44000244140625,86.66000366210938,86.31999969482422,86.62000274658203,80.79341125488281,21900
2021-08-25,86.77999877929688,86.94999694824219,86.5999984741211,86.87999725341797,81.03591918945312,32500
2021-08-26,86.52999877929688,86.69000244140625,86.12000274658203,86.26000213623047,80.45763397216797,19200
2021-08-27,86.4800033569336,87.08999633789062,86.45999908447266,86.9800033569336,81.12919616699219,25300
2021-08-30,87.0,87.38999938964844,86.91999816894531,87.26000213623047,81.39036560058594,18400
2021-08-31,87.41999816894531,87.41999816894531,86.97000122070312,87.19000244140625,81.32506561279297,15600
2021-09-01,87.45999908447266,87.68000030517578,87.33000183105469,87.36000061035156,81.48365020751953,12400
2021-09-02,87.70999908447266,87.7300033569336,87.23999786376953,87.58000183105469,81.6888427734375,63600
2021-09-03,87.2300033569336,87.79000091552734,87.2300033569336,87.72000122070312,81.81942749023438,18900
2021-09-07,87.61000061035156,87.70999908447266,87.11000061035156,87.30999755859375,81.43700408935547,19700
2021-09-08,87.19000244140625,87.19000244140625,86.69000244140625,87.11000061035156,81.25045776367188,11400
2021-09-09,87.12999725341797,87.30000305175781,86.94000244140625,86.94000244140625,81.09188842773438,14100
2021-09-10,87.44000244140625,87.58000183105469,86.69000244140625,86.69000244140625,80.85871887207031,10600
2021-09-13,87.20999908447266,87.20999908447266,86.05999755859375,86.44000244140625,80.62552642822266,23500
2021-09-14,86.76000213623047,86.77999877929688,85.94999694824219,86.08999633789062,80.29906463623047,33700
2021-09-15,85.9800033569336,86.69999694824219,85.76000213623047,86.6500015258789,80.82139587402344,36500
2021-09-16,86.45999908447266,87.05999755859375,86.2699966430664,86.87999725341797,81.03591918945312,19900
2021-09-17,86.87999725341797,86.87999725341797,85.80999755859375,86.12000274658203,80.32704162597656,21900
2021-09-20,84.80999755859375,85.27999877929688,83.62000274658203,84.56999969482422,78.88131713867188,70300
2021-09-21,84.7699966430664,85.02999877929688,84.31999969482422,84.4800033569336,78.88131713867188,33500
2021-09-22,84.69000244140625,85.4000015258789,84.4800033569336,85.1500015258789,79.50688934326172,30100
2021-09-23,85.5,86.2699966430664,85.5,85.94999694824219,80.25386810302734,28100
2021-09-24,85.36000061035156,85.9000015258789,85.36000061035156,85.83000183105469,80.14183044433594,28100
2021-09-27,85.33999633789062,85.56999969482422,84.91999816894531,85.33999633789062,79.68431854248047,29000
2021-09-28,84.29000091552734,84.33999633789062,83.1500015258789,83.16999816894531,77.65812683105469,44100
2021-09-29,83.5999984741211,83.87999725341797,82.97000122070312,83.04000091552734,77.53672790527344,21000
2021-09-30,83.54000091552734,83.81999969482422,82.87000274658203,82.87999725341797,77.38733673095703,27600
2021-10-01,83.01000213623047,83.3499984741211,82.0199966430664,83.04000091552734,77.53672790527344,46700
2021-10-04,82.69000244140625,82.69000244140625,81.25,81.56999969482422,76.16416931152344,55000
2021-10-05,81.87999725341797,82.9000015258789,81.8499984741211,82.51000213623047,77.04186248779297,31300
2021-10-06,81.6500015258789,82.88999938964844,81.52999877929688,82.88999938964844,77.39666748046875,33700
2021-10-07,83.55999755859375,84.4800033569336,83.55999755859375,83.80000305175781,78.24637603759766,38800
2021-10-08,84.06999969482422,84.06999969482422,83.2699966430664,83.33999633789062,77.81684112548828,28700
2021-10-11,83.2699966430664,83.66999816894531,82.6500015258789,82.66999816894531,77.1912612915039,15700
2021-10-12,82.73999786376953,83.0199966430664,82.44000244140625,82.58999633789062,77.1165771484375,13400
2021-10-13,83.02999877929688,83.58999633789062,82.91000366210938,83.41999816894531,77.89154052734375,25900
2021-10-14,84.27999877929688,84.86000061035156,84.27999877929688,84.7300033569336,79.11474609375,81900
2021-10-15,85.2300033569336,85.2300033569336,84.87000274658203,84.98999786376953,79.35750579833984,57400
2021-10-18,84.54000091552734,85.5,84.4800033569336,85.5,79.83373260498047,29900
2021-10-19,85.80000305175781,86.12999725341797,85.5,86.12000274658203,80.4126205444336,52200
2021-10-20,86.26000213623047,86.52999877929688,86.16999816894531,86.31999969482422,80.59937286376953,26700
2021-10-21,86.16000366210938,86.94000244140625,86.16000366210938,86.94000244140625,81.17828369140625,23300
2021-10-22,86.93000030517578,87.29000091552734,86.41000366210938,86.72000122070312,80.97285461425781,22300
2021-10-25,86.9800033569336,87.4800033569336,86.68000030517578,87.25,81.46772766113281,22500
2021-10-26,87.58999633789062,87.8499984741211,86.95999908447266,87.04000091552734,81.27165985107422,34400
2021-10-27,86.94999694824219,86.94999694824219,86.08000183105469,86.11000061035156,80.40328216552734,147800
2021-10-28,86.26000213623047,86.94000244140625,86.26000213623047,86.87000274658203,81.11292266845703,26400
2021-10-29,86.5999984741211,87.3499984741211,86.5999984741211,87.30000305175781,81.5144271850586,24500
2021-11-01,87.45999908447266,88.08000183105469,87.43000030517578,88.05999755859375,82.22406005859375,33700
2021-11-02,88.01000213623047,88.26000213623047,87.81999969482422,88.26000213623047,82.41081237792969,23700
2021-11-03,88.06999969482422,89.0,88.05999755859375,88.93000030517578,83.03641510009766,155200
2021-11-04,89.3499984741211,89.69999694824219,89.13999938964844,89.66000366210938,83.71802520751953,23000
2021-11-05,89.73999786376953,90.0,89.2699966430664,89.55999755859375,83.62464904785156,30900
2021-11-08,89.76000213623047,89.77999877929688,89.3499984741211,89.54000091552734,83.60597229003906,23300
2021-11-09,89.79000091552734,89.79000091552734,89.08000183105469,89.41999816894531,83.49390411376953,33400
2021-11-10,88.97000122070312,89.5,88.16999816894531,88.25,82.4014663696289,37500
2021-11-11,88.83999633789062,88.91000366210938,88.66000366210938,88.72000122070312,82.84033203125,14500
2021-11-12,89.12000274658203,89.66000366210938,88.9000015258789,89.55000305175781,83.61532592773438,22700
2021-11-15,89.70999908447266,89.70999908447266,89.20999908447266,89.41000366210938,83.48458099365234,15000
2021-11-16,89.55999755859375,90.20999908447266,89.52999877929688,90.08999633789062,84.11953735351562,20900
2021-11-17,90.12000274658203,90.12000274658203,89.54000091552734,89.72000122070312,83.77404022216797,36100
2021-11-18,89.9800033569336,89.9800033569336,89.16999816894531,89.69000244140625,83.74604034423828,12400
2021-11-19,90.08999633789062,90.08999633789062,89.4800033569336,89.52999877929688,83.59663391113281,27400
2021-11-22,89.5,89.80999755859375,88.22000122070312,88.26000213623047,82.41081237792969,29100
2021-11-23,88.08000183105469,88.41999816894531,87.30999755859375,88.05999755859375,82.22406005859375,36600
2021-11-24,87.44000244140625,88.26000213623047,87.0,88.20999908447266,82.36412048339844,11700
2021-11-26,87.5,87.62999725341797,86.41999816894531,86.76000213623047,81.01020812988281,103400
2021-11-29,87.62000274658203,88.13999938964844,87.08000183105469,88.04000091552734,82.20537567138672,26700
2021-11-30,87.66000366210938,87.8499984741211,85.80000305175781,85.9000015258789,80.20721435546875,34600
2021-12-01,87.05000305175781,87.31999969482422,84.43000030517578,84.48999786376953,78.89065551757812,36900
2021-12-02,84.55000305175781,86.01000213623047,84.54000091552734,85.62999725341797,79.95509338378906,44800
2021-12-03,85.91000366210938,85.91000366210938,83.6500015258789,84.37000274658203,78.77859497070312,59000
2021-12-06,84.58000183105469,85.43000030517578,83.7300033569336,85.20999908447266,79.56293487548828,61100
2021-12-07,86.45999908447266,87.58000183105469,86.45999908447266,87.33999633789062,81.5517578125,21800
2021-12-08,87.43000030517578,87.69999694824219,87.01000213623047,87.66999816894531,81.85990905761719,21400
2021-12-09,84.61000061035156,84.79000091552734,83.51000213623047,83.51000213623047,80.6117935180664,35900
2021-12-10,84.0999984741211,84.37000274658203,83.30999755859375,84.08999633789062,81.17163848876953,46300
2021-12-13,83.88999938964844,83.94999694824219,83.19000244140625,83.3499984741211,80.45731353759766,155000
2021-12-14,82.44000244140625,83.05000305175781,81.9800033569336,82.63999938964844,79.77198791503906,40400
2021-12-15,82.75,84.16999816894531,81.98999786376953,84.13999938964844,81.21991729736328,40800
2021-12-16,84.5,84.5,82.43000030517578,82.72000122070312,79.84921264648438,40400
2021-12-17,82.1500015258789,83.4000015258789,81.8499984741211,82.6500015258789,79.78162384033203,50300
2021-12-20,81.61000061035156,81.83000183105469,81.05000305175781,81.63999938964844,78.80668640136719,72500
2021-12-21,82.43000030517578,83.61000061035156,81.9000015258789,83.61000061035156,80.83504486083984,39800
2021-12-22,83.44999694824219,84.30999755859375,83.44999694824219,84.29000091552734,81.49247741699219,34300
2021-12-23,84.2300033569336,85.0999984741211,84.2300033569336,84.86000061035156,82.0435562133789,26700
2021-12-27,85.12999725341797,85.80999755859375,85.08000183105469,85.79000091552734,82.94268798828125,29200
2021-12-28,86.0999984741211,86.0999984741211,85.19000244140625,85.41000366210938,82.57530975341797,29400
2021-12-29,85.4800033569336,85.72000122070312,85.01000213623047,85.55000305175781,82.71065521240234,12300
2021-12-30,85.76000213623047,86.36000061035156,85.69999694824219,85.7699966430664,82.92335510253906,16700
2021-12-31,85.73999786376953,85.86000061035156,85.25,85.30999755859375,82.47863006591797,15800
2022-01-03,85.31999969482422,85.47000122070312,84.5,85.18000030517578,82.35294342041016,62900
2022-01-04,85.18000030517578,85.18000030517578,83.37000274658203,84.1500015258789,81.35711669921875,137700
2022-01-05,83.56999969482422,84.11000061035156,81.69999694824219,81.80000305175781,79.08512115478516,70800
2022-01-06,81.73999786376953,82.83000183105469,81.11000061035156,82.13999938964844,79.41383361816406,31000
2022-01-07,82.05000305175781,82.2300033569336,81.0199966430664,81.26000213623047,78.56304168701172,41700
2022-01-10,80.51000213623047,81.19000244140625,79.16999816894531,81.13999938964844,78.44701385498047,90900
2022-01-11,81.11000061035156,82.69000244140625,80.83999633789062,82.68000030517578,79.93590545654297,29300
2022-01-12,83.0,83.2300033569336,82.13999938964844,82.62999725341797,79.88758087158203,20900
2022-01-13,82.9800033569336,82.9800033569336,80.69000244140625,80.83999633789062,78.15699005126953,61900
2022-01-14,80.47000122070312,81.08999633789062,80.0199966430664,81.08999633789062,78.39866638183594,20400
2022-01-18,80.05999755859375,80.41999816894531,79.02999877929688,79.16999816894531,76.54239654541016,76800
2022-01-19,79.61000061035156,80.0,78.66000366210938,78.73999786376953,76.12667083740234,79500
2022-01-20,79.54000091552734,80.47000122070312,77.72000122070312,77.81999969482422,75.23721313476562,69300
2022-01-21,77.45999908447266,78.12999725341797,76.01000213623047,76.12000274658203,73.59364318847656,161100
2022-01-24,75.22000122070312,76.83999633789062,72.91999816894531,76.80000305175781,74.25105285644531,160900
2022-01-25,75.29000091552734,75.77999877929688,74.22000122070312,74.72000122070312,72.2400894165039,54700
2022-01-26,75.70999908447266,76.52999877929688,73.4000015258789,74.0199966430664,71.56332397460938,214200
2022-01-27,75.08999633789062,75.18000030517578,72.88999938964844,73.11000061035156,70.68354034423828,63300
2022-01-28,72.98999786376953,75.06999969482422,72.05999755859375,75.0,72.51080322265625,196000
2022-01-31,75.16000366210938,77.66000366210938,75.01000213623047,77.62999725341797,75.05352020263672,77700
2022-02-01,77.88999938964844,78.26000213623047,76.87000274658203,78.26000213623047,75.66261291503906,92700
2022-02-02,78.48999786376953,78.51000213623047,77.62000274658203,78.38999938964844,75.78829193115234,36400
2022-02-03,77.30999755859375,77.55999755859375,76.06999969482422,76.22000122070312,73.69031524658203,53600
2022-02-04,75.97000122070312,77.26000213623047,75.56999969482422,76.75,74.20274353027344,18700
2022-02-07,76.95999908447266,77.36000061035156,76.27999877929688,76.4000015258789,73.86434173583984,23400
2022-02-08,76.1500015258789,77.5999984741211,76.1500015258789,77.45999908447266,74.88915252685547,27100
2022-02-09,78.2300033569336,79.33999633789062,78.22000122070312,79.2699966430664,76.63909149169922,56800
2022-02-10,77.77999877929688,79.45999908447266,77.27999877929688,77.68000030517578,75.10184478759766,86400
2022-02-11,77.93000030517578,78.01000213623047,75.27999877929688,75.54000091552734,73.03289031982422,67400
2022-02-14,75.75,76.05999755859375,74.73999786376953,75.33000183105469,72.82984924316406,296300
2022-02-15,76.52999877929688,77.30999755859375,76.41000366210938,77.26000213623047,74.69579315185547,34700
2022-02-16,76.94000244140625,77.33999633789062,76.16999816894531,77.13999938964844,74.57978820800781,45600
2022-02-17,76.70999908447266,76.70999908447266,74.9000015258789,74.93000030517578,72.44312286376953,30600
2022-02-18,74.94000244140625,75.16000366210938,73.69000244140625,74.01000213623047,71.55367279052734,1002500
2022-02-22,73.61000061035156,74.58000183105469,72.87999725341797,73.54000091552734,71.09925842285156,3546100
2022-02-23,74.33000183105469,74.33000183105469,71.83000183105469,71.91000366210938,69.52336883544922,162200
2022-02-24,70.0,74.11000061035156,69.77999877929688,73.98999786376953,71.5343246459961,133100
2022-02-25,74.22000122070312,75.2699966430664,73.44000244140625,75.22000122070312,72.72349548339844,82700
2022-02-28,74.55999755859375,75.72000122070312,74.2300033569336,75.29000091552734,72.79117584228516,61700
2022-03-01,75.04000091552734,75.61000061035156,73.87000274658203,74.33000183105469,71.863037109375,227500
2022-03-02,74.54000091552734,75.68000030517578,74.30999755859375,75.44000244140625,72.93621063232422,39700
2022-03-03,76.05000305175781,76.05000305175781,74.05999755859375,74.36000061035156,71.89205169677734,157300
2022-03-04,73.98999786376953,74.0999984741211,72.87999725341797,73.36000061035156,70.92524719238281,387000
2022-03-07,73.4000015258789,73.41000366210938,70.77999877929688,70.88999938964844,68.5372085571289,70900
2022-03-08,70.62000274658203,72.33999633789062,69.91000366210938,70.5199966430664,68.17947387695312,68300
2022-03-09,72.08999633789062,73.0,71.94000244140625,72.70999908447266,70.29682159423828,51900
2022-03-10,71.58999633789062,71.91000366210938,70.88999938964844,71.70999908447266,69.32998657226562,31100
2022-03-11,72.5,72.5,70.04000091552734,70.12000274658203,67.79277038574219,376300
2022-03-14,70.01000213623047,70.45999908447266,68.69999694824219,68.87999725341797,66.59391021728516,140400
2022-03-15,69.25,70.7699966430664,69.0999984741211,70.62999725341797,68.28582763671875,154900
2022-03-16,71.76000213623047,73.80000305175781,71.5999984741211,73.73999786376953,71.29261779785156,198700
2022-03-17,73.36000061035156,74.5999984741211,73.05999755859375,74.55000305175781,72.07575225830078,34000
2022-03-18,74.22000122070312,76.13999938964844,74.12000274658203,76.08999633789062,73.56462860107422,463200
2022-03-21,75.56999969482422,76.04000091552734,74.5199966430664,75.3499984741211,72.84916687011719,121900
2022-03-22,75.58999633789062,76.9000015258789,75.5199966430664,76.73999786376953,74.29461669921875,34100
2022-03-23,76.20999908447266,76.66999816894531,75.37999725341797,75.41999816894531,73.01667785644531,289900
2022-03-24,75.58000183105469,76.75,75.16999816894531,76.7300033569336,74.28495788574219,43600
2022-03-25,76.88999938964844,76.88999938964844,75.5,76.44999694824219,74.01384735107422,40800
2022-03-28,76.55999755859375,77.5199966430664,76.13999938964844,77.5199966430664,75.04975891113281,24000
2022-03-29,78.48999786376953,79.29000091552734,78.18000030517578,79.18000030517578,76.65685272216797,36100
2022-03-30,78.70999908447266,79.2300033569336,77.98999786376953,78.2300033569336,75.73712921142578,365500
2022-03-31,78.26000213623047,78.37000274658203,77.27999877929688,77.3499984741211,74.88517761230469,9500
2022-04-01,77.58999633789062,77.83000183105469,76.94999694824219,77.51000213623047,75.04007720947266,53700
2022-04-04,77.69000244140625,78.75,77.66000366210938,78.72000122070312,76.21151733398438,16300
2022-04-05,78.58000183105469,78.5999984741211,76.80999755859375,77.0,74.54633331298828,48400
2022-04-06,75.95999908447266,76.5999984741211,75.33999633789062,75.9800033569336,73.558837890625,40800
2022-04-07,75.81999969482422,76.55999755859375,75.18000030517578,76.16000366210938,73.73309326171875,30900
2022-04-08,76.01000213623047,76.12000274658203,75.2300033569336,75.45999908447266,73.0553970336914,244300
2022-04-11,75.08999633789062,75.30000305175781,74.33000183105469,74.37000274658203,72.00012969970703,36600
2022-04-12,75.25,75.62999725341797,73.73999786376953,73.98999786376953,71.63224792480469,40000
2022-04-13,74.0199966430664,75.80000305175781,74.01000213623047,75.62999725341797,73.21997833251953,22600
2022-04-14,75.56999969482422,75.58999633789062,74.16999816894531,74.19999694824219,71.8355484008789,25700
2022-04-18,73.83999633789062,74.29000091552734,73.23999786376953,73.80000305175781,71.44831085205078,94700
2022-04-19,73.5,75.61000061035156,73.5,75.47000122070312,73.0650863647461,201300
2022-04-20,75.69000244140625,75.69000244140625,74.58000183105469,74.68000030517578,72.30024719238281,30200
2022-04-21,75.19999694824219,75.70999908447266,72.76000213623047,72.91999816894531,70.59635162353516,70700
2022-04-22,72.9000015258789,73.01000213623047,71.02999877929688,71.12000274658203,68.85369873046875,88200
2022-04-25,70.87999725341797,72.18000030517578,70.70999908447266,72.13999938964844,69.84119415283203,75500
2022-04-26,71.73999786376953,71.73999786376953,69.8499984741211,69.9000015258789,67.67255401611328,92400
2022-04-27,69.88999938964844,71.06999969482422,69.76000213623047,69.8499984741211,67.6241683959961,74500
2022-04-28,70.54000091552734,72.0999984741211,69.66999816894531,71.69000244140625,69.40552520751953,472700
2022-04-29,71.4800033569336,72.12000274658203,69.05000305175781,69.1500015258789,66.94647979736328,42100
2022-05-02,69.3499984741211,70.13999938964844,68.47000122070312,70.04000091552734,67.80812072753906,54900
2022-05-03,70.18000030517578,70.41000366210938,69.69999694824219,69.94999694824219,67.72098541259766,37000
2022-05-04,70.05000305175781,72.11000061035156,68.73999786376953,72.0,69.70565795898438,31200
2022-05-05,71.22000122070312,71.22000122070312,67.94999694824219,68.62999725341797,66.44304656982422,115800
2022-05-06,68.29000091552734,68.29000091552734,66.43000030517578,67.18000030517578,65.03926849365234,245400
2022-05-09,66.08999633789062,66.29000091552734,64.0999984741211,64.4000015258789,62.34783172607422,89100
2022-05-10,65.83999633789062,66.20999908447266,64.0,64.97000122070312,62.899681091308594,66700
2022-05-11,64.6500015258789,65.66999816894531,63.380001068115234,63.5099983215332,61.48619842529297,2062600
2022-05-12,63.02000045776367,64.58000183105469,62.59000015258789,63.90999984741211,61.87344741821289,384900
2022-05-13,64.94999694824219,66.68000030517578,64.86000061035156,66.4800033569336,64.36156463623047,123200
2022-05-16,66.19000244140625,66.47000122070312,65.55999755859375,65.68000030517578,63.58704376220703,63700
2022-05-17,66.94000244140625,67.2699966430664,66.0,67.23999786376953,65.09733581542969,1008100
2022-05-18,66.41999816894531,66.41999816894531,63.91999816894531,64.16000366210938,62.11548614501953,172800
2022-05-19,63.90999984741211,65.48999786376953,63.63999938964844,64.7300033569336,62.66732406616211,142200
2022-05-20,65.56999969482422,65.56999969482422,62.880001068115234,64.69000244140625,62.62860107421875,314900
2022-05-23,65.01000213623047,65.37000274658203,64.30999755859375,65.33999633789062,63.25787353515625,309300
2022-05-24,64.4800033569336,64.4800033569336,63.369998931884766,64.06999969482422,62.02835464477539,220200
2022-05-25,64.08000183105469,65.56999969482422,64.0199966430664,65.20999908447266,63.13201904296875,239400
2022-05-26,65.7300033569336,67.36000061035156,65.7300033569336,67.12000274658203,64.98115539550781,51600
2022-05-27,67.75,69.19000244140625,67.75,69.19000244140625,66.9852066040039,423800
2022-05-31,69.13999938964844,69.13999938964844,67.94999694824219,68.5,66.31719207763672,59400
2022-06-01,68.86000061035156,69.05999755859375,67.19000244140625,67.75,65.59107971191406,61300
2022-06-02,67.7300033569336,69.72000122070312,67.61000061035156,69.68000030517578,67.45958709716797,170000
2022-06-03,68.88999938964844,69.20999908447266,68.16000366210938,68.38999938964844,66.210693359375,187200
2022-06-06,69.37000274658203,69.56999969482422,68.36000061035156,68.56999969482422,66.38496398925781,57700
2022-06-07,67.91000366210938,69.61000061035156,67.86000061035156,69.47000122070312,67.25627136230469,102400
2022-06-08,69.31999969482422,69.83000183105469,68.87999725341797,69.0199966430664,66.82062530517578,60700
2022-06-09,68.44000244140625,69.0199966430664,67.05999755859375,67.0999984741211,64.96179962158203,45100
2022-06-10,65.91000366210938,66.11000061035156,64.98999786376953,65.05000305175781,62.97713088989258,44900
2022-06-13,63.33000183105469,63.529998779296875,61.7599983215332,61.959999084472656,59.985599517822266,97700
2022-06-14,62.540000915527344,62.56999969482422,61.56999969482422,62.11000061035156,60.13080596923828,67900
2022-06-15,62.900001525878906,63.959999084472656,62.25,63.36000061035156,61.340972900390625,47400
2022-06-16,61.7400016784668,61.7400016784668,60.40999984741211,60.79999923706055,58.8625602722168,270500
2022-06-17,61.09000015258789,62.040000915527344,60.83000183105469,61.709999084472656,59.74355697631836,242600
2022-06-21,62.54999923706055,63.5099983215332,62.54999923706055,62.939998626708984,60.93436813354492,86000
2022-06-22,62.189998626708984,63.54999923706055,62.189998626708984,62.810001373291016,60.944068908691406,90000
2022-06-23,63.43000030517578,64.16999816894531,62.90999984741211,64.04000091552734,62.13752365112305,89500
2022-06-24,64.73999786376953,66.29000091552734,64.6500015258789,66.2300033569336,64.26246643066406,80900
2022-06-27,66.47000122070312,66.47000122070312,65.5,65.70999908447266,63.75791549682617,22900
2022-06-28,65.94000244140625,66.37999725341797,63.81999969482422,63.88999938964844,61.991973876953125,32600
2022-06-29,63.849998474121094,63.849998474121094,63.029998779296875,63.72999954223633,61.836727142333984,28800
2022-06-30,63.11000061035156,63.79999923706055,62.099998474121094,62.959999084472656,61.089603424072266,55400
2022-07-01,62.65999984741211,63.72999954223633,62.630001068115234,63.72999954223633,61.836727142333984,67900
2022-07-05,62.90999984741211,64.55999755859375,62.4900016784668,64.55999755859375,62.64207077026367,54800
2022-07-06,64.55000305175781,65.05000305175781,64.16000366210938,64.62000274658203,62.700294494628906,53300
2022-07-07,65.1500015258789,66.19000244140625,65.06999969482422,66.01000213623047,64.04900360107422,83300
2022-07-08,65.37000274658203,66.30999755859375,65.30000305175781,65.98999786376953,64.02959442138672,43100
2022-07-11,65.2699966430664,65.2699966430664,64.41999816894531,64.56999969482422,62.65178298950195,53600
2022-07-12,64.7699966430664,65.37999725341797,63.68000030517578,64.05000305175781,62.14723205566406,24300
2022-07-13,62.95000076293945,64.29000091552734,62.79999923706055,63.90999984741211,62.011390686035156,39300
2022-07-14,63.43000030517578,63.880001068115234,62.52000045776367,63.70000076293945,61.8076286315918,41800
2022-07-15,64.16999816894531,65.0,63.900001525878906,64.9800033569336,63.049598693847656,43100
2022-07-18,65.55999755859375,65.91999816894531,64.3499984741211,64.54000091552734,62.62266540527344,36000
2022-07-19,65.44999694824219,66.58999633789062,65.30999755859375,66.58000183105469,64.60206604003906,39900
2022-07-20,66.72000122070312,67.91999816894531,66.63999938964844,67.75,65.7373046875,59700
2022-07-21,67.87000274658203,68.6500015258789,67.44000244140625,68.62000274658203,66.58145904541016,119800
2022-07-22,68.52999877929688,68.91000366210938,67.19000244140625,67.54000091552734,65.5335464477539,47900
2022-07-25,67.66000366210938,67.66000366210938,66.75,67.20999908447266,65.21334838867188,47200
2022-07-26,66.91999816894531,67.0,65.9800033569336,66.0999984741211,64.1363296508789,32500
2022-07-27,66.8499984741211,68.51000213623047,66.62999725341797,68.16999816894531,66.14482879638672,633400
2022-07-28,68.08999633789062,69.18000030517578,67.37999725341797,69.05000305175781,66.9986801147461,48600
2022-07-29,68.86000061035156,69.72000122070312,68.62999725341797,69.66999816894531,67.60027313232422,38900
2022-08-01,69.2300033569336,70.25,68.91000366210938,69.75,67.67790222167969,174000
2022-08-02,69.38999938964844,70.62000274658203,69.13999938964844,69.80999755859375,67.73609924316406,85400
2022-08-03,70.25,71.62000274658203,70.25,71.44000244140625,69.31768798828125,242800
2022-08-04,71.45999908447266,71.7300033569336,70.93000030517578,71.63999938964844,69.51173400878906,91600
2022-08-05,70.83000183105469,71.69999694824219,70.7300033569336,71.55999755859375,69.43412780761719,47600
2022-08-08,71.87000274658203,72.66999816894531,71.3499984741211,71.58000183105469,69.45352172851562,374000
2022-08-09,70.93000030517578,70.93000030517578,70.02999877929688,70.29000091552734,68.20185089111328,37900
2022-08-10,71.91000366210938,72.31999969482422,71.54000091552734,72.27999877929688,70.13272094726562,292500
2022-08-11,72.87999725341797,73.37000274658203,71.75,71.9000015258789,69.7640151977539,80900
2022-08-12,72.25,73.16999816894531,72.05999755859375,73.12000274658203,70.94778442382812,53600
2022-08-15,72.7300033569336,73.86000061035156,72.7300033569336,73.7300033569336,71.53965759277344,36400
2022-08-16,73.52999877929688,73.8499984741211,72.83999633789062,73.45999908447266,71.27767944335938,293500
2022-08-17,72.68000030517578,72.68000030517578,71.69999694824219,72.12999725341797,69.98719787597656,91900
2022-08-18,72.08000183105469,72.41000366210938,71.9000015258789,72.18000030517578,70.03570556640625,60000
2022-08-19,71.62999725341797,71.62999725341797,70.55000305175781,70.75,68.64818572998047,39600
2022-08-22,69.95999908447266,69.95999908447266,68.81999969482422,69.02999877929688,66.97928619384766,61600
2022-08-23,69.01000213623047,69.56999969482422,68.75,68.87999725341797,66.833740234375,34500
2022-08-24,68.91000366210938,69.68000030517578,68.80999755859375,69.36000061035156,67.29947662353516,13100
2022-08-25,69.75,70.56999969482422,69.73999786376953,70.56999969482422,68.47352600097656,27200
2022-08-26,70.5999984741211,70.5999984741211,67.87999725341797,67.9000015258789,65.88285064697266,80000
2022-08-29,67.47000122070312,68.0,67.30999755859375,67.4000015258789,65.397705078125,76200
2022-08-30,67.77999877929688,67.80000305175781,66.22000122070312,66.68000030517578,64.6990966796875,38800
2022-08-31,67.27999877929688,67.62000274658203,66.30000305175781,66.5,64.52442932128906,33000
2022-09-01,65.80999755859375,66.20999908447266,64.86000061035156,66.16999816894531,64.20423889160156,83100
2022-09-02,66.8499984741211,67.05999755859375,65.05999755859375,65.36000061035156,63.41830825805664,82800
2022-09-06,65.41999816894531,65.5199966430664,64.5199966430664,64.94000244140625,63.010780334472656,60600
2022-09-07,65.04000091552734,66.55000305175781,65.0199966430664,66.4000015258789,64.42742156982422,15400
2022-09-08,65.87999725341797,67.20999908447266,65.66999816894531,67.12000274658203,65.12604522705078,34800
2022-09-09,67.80000305175781,68.77999877929688,67.80000305175781,68.69999694824219,66.6590805053711,65100
2022-09-12,68.91000366210938,69.44999694824219,68.8499984741211,69.31999969482422,67.26066589355469,204700
2022-09-13,67.44999694824219,67.44999694824219,65.72000122070312,65.87000274658203,63.91317367553711,80300
2022-09-14,66.05000305175781,66.44999694824219,65.72000122070312,66.30999755859375,64.340087890625,1052000
2022-09-15,66.02999877929688,66.5,65.19999694824219,65.5,63.554141998291016,25100
2022-09-16,64.58999633789062,64.95999908447266,64.25,64.91999816894531,62.99136734008789,264000
2022-09-19,64.33999633789062,65.20999908447266,64.33999633789062,65.19999694824219,63.26305389404297,29200
2022-09-20,64.4800033569336,64.80999755859375,63.93000030517578,64.2699966430664,62.484310150146484,82500
2022-09-21,64.37000274658203,65.5199966430664,63.2400016784668,63.27000045776367,61.51210021972656,37500
2022-09-22,63.040000915527344,63.040000915527344,61.97999954223633,62.09000015258789,60.36488723754883,256900
2022-09-23,61.63999938964844,61.63999938964844,60.54999923706055,61.22999954223633,59.528778076171875,98800
2022-09-26,61.22999954223633,61.95000076293945,60.689998626708984,60.7400016784668,59.052406311035156,68600
2022-09-27,61.540000915527344,61.88999938964844,60.40999984741211,60.869998931884766,59.17877960205078,44200
2022-09-28,61.2599983215332,62.81999969482422,61.209999084472656,62.54999923706055,60.81209945678711,79200
2022-09-29,61.709999084472656,61.779998779296875,60.540000915527344,61.16999816894531,59.47044372558594,513700
2022-09-30,60.939998626708984,61.81999969482422,60.25,60.25,58.57600402832031,541800
2022-10-03,60.95000076293945,62.2400016784668,60.5099983215332,61.869998931884766,60.151004791259766,81700
2022-10-04,63.22999954223633,64.05000305175781,63.18000030517578,63.959999084472656,62.18293380737305,86800
2022-10-05,63.31999969482422,64.47000122070312,62.66999816894531,64.02999877929688,62.2509880065918,160800
2022-10-06,63.95000076293945,64.43000030517578,63.380001068115234,63.4900016784668,61.72599411010742,83000
2022-10-07,62.54999923706055,62.560001373291016,60.90999984741211,61.189998626708984,59.48988723754883,139800
2022-10-10,61.34000015258789,61.34000015258789,59.86000061035156,60.38999938964844,58.712127685546875,52700
2022-10-11,60.13999938964844,60.470001220703125,59.15999984741211,59.529998779296875,57.876014709472656,81300
2022-10-12,59.779998779296875,60.0099983215332,59.310001373291016,59.43000030517578,57.77880096435547,858200
2022-10-13,57.79999923706055,60.72999954223633,57.40999984741211,60.52000045776367,58.8385009765625,118000
2022-10-14,61.09000015258789,61.119998931884766,58.66999816894531,58.709999084472656,57.078792572021484,130300
2022-10-17,60.060001373291016,60.849998474121094,60.060001373291016,60.540000915527344,58.85795974731445,47200
2022-10-18,61.959999084472656,62.25,60.540000915527344,61.18000030517578,59.48017120361328,181900
2022-10-19,60.7599983215332,61.279998779296875,60.130001068115234,60.56999969482422,58.88711929321289,42200
2022-10-20,60.599998474121094,61.58000183105469,60.08000183105469,60.29999923706055,58.6246223449707,55100
2022-10-21,60.15999984741211,61.689998626708984,60.02000045776367,61.630001068115234,59.91767120361328,24300
2022-10-24,61.66999816894531,62.119998931884766,60.93000030517578,61.90999984741211,60.18989181518555,38600
2022-10-25,62.599998474121094,63.459999084472656,62.5099983215332,63.400001525878906,61.638492584228516,68500
2022-10-26,62.9900016784668,64.41000366210938,62.9900016784668,63.220001220703125,61.4634895324707,40600
2022-10-27,63.369998931884766,63.66999816894531,62.68000030517578,62.83000183105469,61.08433151245117,51500
2022-10-28,62.900001525878906,64.5,62.790000915527344,64.44999694824219,62.65932083129883,41600
2022-10-31,64.11000061035156,64.30000305175781,63.650001525878906,63.959999084472656,62.18293380737305,37600
2022-11-01,64.80999755859375,65.0,63.81999969482422,63.880001068115234,62.10514831542969,55100
2022-11-02,64.0199966430664,64.43000030517578,61.7599983215332,61.810001373291016,60.09267044067383,222800
2022-11-03,60.97999954223633,61.70000076293945,60.59000015258789,61.040000915527344,59.344058990478516,88900
2022-11-04,62.060001373291016,62.2400016784668,60.75,61.81999969482422,60.102386474609375,39800
2022-11-07,62.36000061035156,62.72999954223633,61.79999923706055,62.560001373291016,60.821834564208984,118800
2022-11-08,62.91999816894531,64.05000305175781,62.400001525878906,63.220001220703125,61.4634895324707,98800
2022-11-09,62.72999954223633,62.849998474121094,61.83000183105469,61.84000015258789,60.12183380126953,57900
2022-11-10,64.69000244140625,66.30000305175781,64.5999984741211,66.19000244140625,64.3509750366211,425400
2022-11-11,66.44000244140625,67.70999908447266,66.13999938964844,67.58000183105469,65.70236206054688,132300
2022-11-14,67.30999755859375,67.93000030517578,66.88999938964844,66.91000366210938,65.05097961425781,1091100
2022-11-15,68.66000366210938,68.83000183105469,67.47000122070312,68.19999694824219,66.30509948730469,125700
2022-11-16,67.83999633789062,67.83999633789062,66.77999877929688,66.95999908447266,65.09957885742188,46400
2022-11-17,65.98999786376953,66.77999877929688,65.70999908447266,66.56999969482422,64.72042083740234,41100
2022-11-18,67.5199966430664,67.5199966430664,66.0999984741211,66.62000274658203,64.7690200805664,51300
2022-11-21,66.33999633789062,66.48999786376953,65.91999816894531,66.16000366210938,64.32183074951172,36000
2022-11-22,66.3499984741211,66.91999816894531,65.88999938964844,66.91999816894531,65.06068420410156,41300
2022-11-23,66.94000244140625,67.58000183105469,66.86000061035156,67.43000030517578,65.5565185546875,65300
2022-11-25,67.26000213623047,67.26000213623047,66.94999694824219,67.08999633789062,65.22595977783203,13100
2022-11-28,66.86000061035156,67.25,66.12999725341797,66.25,64.40929412841797,38600
2022-11-29,66.55000305175781,66.55000305175781,65.8499984741211,66.05000305175781,64.21484375,30400
2022-11-30,66.2300033569336,68.51000213623047,65.87000274658203,68.51000213623047,66.60651397705078,118600
2022-12-01,68.86000061035156,69.4000015258789,68.45999908447266,68.91000366210938,66.99539947509766,57800
2022-12-02,67.72000122070312,68.79000091552734,67.66000366210938,68.62999725341797,66.72318267822266,48600
2022-12-05,68.4000015258789,68.4000015258789,67.08000183105469,67.37000274658203,65.49817657470703,86600
2022-12-06,67.47000122070312,67.47000122070312,65.93000030517578,66.26000213623047,64.41903686523438,54300
2022-12-07,65.94000244140625,66.47000122070312,65.76000213623047,66.22000122070312,64.38013458251953,54600
2022-12-08,66.68000030517578,67.37999725341797,66.30000305175781,67.25,65.38153076171875,35300
2022-12-09,67.12000274658203,67.30000305175781,66.62999725341797,66.68000030517578,64.82735443115234,747500
2022-12-12,66.6500015258789,67.48999786376953,66.5199966430664,67.48999786376953,65.6148452758789,32400
2022-12-13,70.2699966430664,70.2699966430664,67.70999908447266,68.19999694824219,66.30509948730469,278700
2022-12-14,68.13999938964844,68.86000061035156,67.16999816894531,67.8499984741211,65.96485137939453,47900
2022-12-15,67.19999694824219,67.19999694824219,65.62000274658203,65.77999877929688,63.952354431152344,223000
2022-12-16,65.55000305175781,65.73999786376953,64.8499984741211,65.30000305175781,63.4857063293457,351500
2022-12-19,65.37000274658203,65.37000274658203,64.29000091552734,64.58999633789062,62.79542922973633,81800
2022-12-20,64.19000244140625,64.68000030517578,63.810001373291016,64.30999755859375,62.766151428222656,79800
2022-12-21,64.5199966430664,65.33999633789062,64.45999908447266,65.12000274658203,63.55670166015625,78200
2022-12-22,64.58000183105469,64.58000183105469,62.72999954223633,63.7599983215332,62.22935104370117,123700
2022-12-23,63.630001068115234,63.88999938964844,63.09000015258789,63.790000915527344,62.25863265991211,42200
2022-12-27,63.619998931884766,63.619998931884766,63.040000915527344,63.22999954223633,61.71207046508789,57400
2022-12-28,63.20000076293945,63.560001373291016,62.41999816894531,62.459999084472656,60.96055221557617,123100
2022-12-29,62.970001220703125,64.11000061035156,62.959999084472656,63.88999938964844,62.35622787475586,81800
2022-12-30,63.36000061035156,63.83000183105469,62.959999084472656,63.83000183105469,62.29766845703125,151200
2023-01-03,64.5199966430664,64.63999938964844,62.959999084472656,63.52000045776367,61.9951057434082,66100
2023-01-04,64.26000213623047,64.81999969482422,63.880001068115234,64.4800033569336,62.93206024169922,53900
2023-01-05,63.77000045776367,63.959999084472656,63.34000015258789,63.5099983215332,61.985355377197266,42000
2023-01-06,64.19999694824219,65.45999908447266,63.459999084472656,65.20999908447266,63.64454650878906,56000
2023-01-09,65.62999725341797,66.33000183105469,65.36000061035156,65.36000061035156,63.790931701660156,75300
2023-01-10,65.2300033569336,66.05999755859375,65.16000366210938,66.05999755859375,64.47413635253906,104200
2023-01-11,66.31999969482422,66.87000274658203,66.05999755859375,66.87000274658203,65.26468658447266,69700
2023-01-12,66.98999786376953,67.3499984741211,66.0,67.16999816894531,65.55748748779297,55100
2023-01-13,66.69000244140625,67.63999938964844,66.69000244140625,67.63999938964844,66.0162124633789,57600
2023-01-17,67.51000213623047,67.81999969482422,67.2699966430664,67.62000274658203,65.99669647216797,47400
2023-01-18,68.0999984741211,68.4000015258789,66.61000061035156,66.68000030517578,65.07923889160156,48100
2023-01-19,66.2300033569336,66.41999816894531,65.54000091552734,65.69999694824219,64.12278747558594,172000
2023-01-20,66.01000213623047,67.31999969482422,65.81999969482422,67.26000213623047,65.64533996582031,74900
2023-01-23,67.5,68.9000015258789,67.30000305175781,68.80000305175781,67.14836120605469,68500
2023-01-24,68.51000213623047,68.7699966430664,68.25,68.58999633789062,66.94338989257812,28300
2023-01-25,67.70999908447266,68.72000122070312,67.11000061035156,68.6500015258789,67.00196075439453,60100
2023-01-26,69.41000366210938,69.79000091552734,68.70999908447266,69.76000213623047,68.0853042602539,76500
2023-01-27,69.4000015258789,71.0199966430664,69.3499984741211,70.2699966430664,68.58306884765625,763000
2023-01-30,69.61000061035156,69.91000366210938,68.87999725341797,68.88999938964844,67.23619842529297,181900
2023-01-31,68.94000244140625,69.88999938964844,68.94000244140625,69.87000274658203,68.19268035888672,77400
2023-02-01,69.77999877929688,72.01000213623047,69.58999633789062,71.4800033569336,69.76403045654297,135600
2023-02-02,72.54000091552734,73.54000091552734,72.37000274658203,73.08000183105469,71.32559967041016,308600
2023-02-03,71.81999969482422,72.68000030517578,71.41000366210938,71.58999633789062,69.87136840820312,932200
2023-02-06,70.91999816894531,71.54000091552734,70.70999908447266,70.93000030517578,69.22721099853516,106300
2023-02-07,70.88999938964844,72.23999786376953,70.37999725341797,72.12999725341797,70.39842224121094,74700
2023-02-08,71.83000183105469,72.0199966430664,70.87999725341797,70.97000122070312,69.26626586914062,114800
2023-02-09,71.98999786376953,71.98999786376953,70.19999694824219,70.44000244140625,68.74897766113281,94700
2023-02-10,70.0999984741211,70.37999725341797,69.6500015258789,70.16000366210938,68.4757080078125,89900
2023-02-13,70.43000030517578,71.29000091552734,70.06999969482422,71.20999908447266,69.50050354003906,79200
2023-02-14,70.91999816894531,72.08000183105469,70.72000122070312,71.80000305175781,70.07633972167969,80100
2023-02-15,71.30000305175781,72.68000030517578,71.30000305175781,72.63999938964844,70.89616394042969,52000
2023-02-16,71.56999969482422,72.4000015258789,71.37000274658203,71.45999908447266,69.74449920654297,78600
2023-02-17,71.0,71.05999755859375,70.37000274658203,70.88999938964844,69.18817901611328,49800
2023-02-21,70.0,70.23999786376953,69.12999725341797,69.12999725341797,67.47042083740234,84500
2023-02-22,69.41999816894531,69.68000030517578,68.94999694824219,69.33000183105469,67.66564178466797,64300
2023-02-23,69.9000015258789,69.9000015258789,68.55000305175781,69.62000274658203,67.94866180419922,117700
2023-02-24,68.44000244140625,68.76000213623047,68.19000244140625,68.56999969482422,66.92388153076172,59800
2023-02-27,69.44000244140625,69.69000244140625,69.02999877929688,69.19999694824219,67.53875732421875,50000
2023-02-28,69.08999633789062,69.62999725341797,69.05000305175781,69.13999938964844,67.48019409179688,32400
2023-03-01,69.02999877929688,69.18000030517578,68.4000015258789,68.58000183105469,66.93363189697266,42300
2023-03-02,68.05999755859375,69.55999755859375,68.05000305175781,69.41999816894531,67.75347137451172,86600
2023-03-03,69.55000305175781,70.55000305175781,69.43000030517578,70.43000030517578,68.73921203613281,53800
2023-03-06,70.62999725341797,71.11000061035156,70.16000366210938,70.20999908447266,68.52449798583984,69000
2023-03-07,70.20999908447266,70.37999725341797,69.16999816894531,69.20999908447266,67.54851531982422,79200
2023-03-08,69.36000061035156,69.62999725341797,68.98999786376953,69.62999725341797,67.95841979980469,44700
2023-03-09,69.56999969482422,70.0199966430664,67.9800033569336,68.05999755859375,66.42611694335938,86200
2023-03-10,68.18000030517578,68.36000061035156,66.66999816894531,67.0,65.39157104492188,588800
2023-03-13,66.52999877929688,68.06999969482422,66.27999877929688,67.29000091552734,65.67460632324219,144100
2023-03-14,68.1500015258789,68.61000061035156,67.5999984741211,68.29000091552734,66.65060424804688,80200
2023-03-15,67.52999877929688,68.12000274658203,67.08000183105469,68.12000274658203,66.48468017578125,67700
2023-03-16,67.83999633789062,69.47000122070312,67.6500015258789,69.41000366210938,67.74372100830078,100600
2023-03-17,69.44000244140625,69.47000122070312,68.44999694824219,68.75,67.09956359863281,331200
2023-03-20,68.86000061035156,69.31999969482422,68.58999633789062,69.30000305175781,67.63636779785156,74200
2023-03-21,69.58000183105469,70.19000244140625,69.5199966430664,70.0999984741211,68.51800537109375,55300
2023-03-22,70.16000366210938,70.62000274658203,68.61000061035156,68.61000061035156,67.0616226196289,175500
2023-03-23,69.37999725341797,70.3499984741211,68.72000122070312,69.38999938964844,67.82402038574219,124800
2023-03-24,69.0199966430664,69.58999633789062,68.55000305175781,69.52999877929688,67.96086120605469,100300
2023-03-27,69.88999938964844,70.05000305175781,69.33999633789062,69.51000213623047,67.94132232666016,56700
2023-03-28,69.52999877929688,69.52999877929688,69.04000091552734,69.41000366210938,67.84358215332031,152200
2023-03-29,70.2300033569336,70.86000061035156,70.05999755859375,70.73999786376953,69.14354705810547,110700
2023-03-30,71.44000244140625,71.55000305175781,71.08999633789062,71.37000274658203,69.75933837890625,203300
2023-03-31,71.44999694824219,72.58000183105469,71.44999694824219,72.55000305175781,70.91271209716797,287400
2023-04-03,72.22000122070312,72.33000183105469,71.69000244140625,72.25,70.6194839477539,600600
2023-04-04,72.33999633789062,72.33999633789062,71.58000183105469,71.86000061035156,70.23828887939453,127600
2023-04-05,71.63999938964844,71.63999938964844,70.77999877929688,71.0999984741211,69.49542999267578,53200
2023-04-06,70.87000274658203,71.26000213623047,70.37999725341797,71.0999984741211,69.49542999267578,52800
2023-04-10,70.62000274658203,71.55999755859375,70.44999694824219,71.55999755859375,69.94506072998047,64800
2023-04-11,71.58999633789062,71.83000183105469,71.47000122070312,71.5199966430664,69.90593719482422,44600
2023-04-12,72.0999984741211,72.16000366210938,70.83999633789062,70.88999938964844,69.29016876220703,50900
2023-04-13,71.25,71.98999786376953,71.19999694824219,71.83999633789062,70.2187271118164,86900
2023-04-14,71.58000183105469,72.05000305175781,70.95999908447266,71.44999694824219,69.83753204345703,94100
2023-04-17,71.55999755859375,71.81999969482422,71.27999877929688,71.80999755859375,70.18939971923828,86900
2023-04-18,72.2699966430664,72.27999877929688,71.54000091552734,71.81999969482422,70.19918060302734,91000
2023-04-19,71.31999969482422,71.73999786376953,71.29000091552734,71.5999984741211,69.98414611816406,57300
2023-04-20,71.01000213623047,71.75,71.01000213623047,71.13999938964844,69.53453063964844,58800
2023-04-21,71.23999786376953,71.41000366210938,70.7300033569336,71.2300033569336,69.62249755859375,70300
2023-04-24,71.2300033569336,71.4000015258789,70.9000015258789,71.18000030517578,69.57361602783203,32100
2023-04-25,70.83000183105469,70.83000183105469,69.69999694824219,69.7300033569336,68.1563491821289,49000
2023-04-26,69.54000091552734,69.73999786376953,69.04000091552734,69.16999816894531,67.6089859008789,45800
2023-04-27,69.62999725341797,70.4000015258789,69.25,70.33999633789062,68.75257110595703,105300
2023-04-28,70.2699966430664,70.95999908447266,70.2300033569336,70.88999938964844,69.29016876220703,67200
2023-05-01,70.88999938964844,71.11000061035156,70.6500015258789,70.86000061035156,69.26084899902344,55000
2023-05-02,70.66000366210938,70.70999908447266,69.5999984741211,70.0,68.42025756835938,115100
2023-05-03,70.16000366210938,70.70999908447266,69.66000366210938,69.72000122070312,68.1465835571289,76900
2023-05-04,69.7300033569336,69.91999816894531,69.41999816894531,69.58000183105469,68.00973510742188,130400
2023-05-05,69.80999755859375,70.88999938964844,69.80999755859375,70.69000244140625,69.09468078613281,101200
2023-05-08,70.80999755859375,70.94999694824219,70.48999786376953,70.9000015258789,69.29994201660156,344900
2023-05-09,70.37000274658203,70.54000091552734,70.2699966430664,70.4000015258789,68.81122589111328,40300
2023-05-10,70.97000122070312,71.11000061035156,70.20999908447266,70.83999633789062,69.24127960205078,94200
2023-05-11,70.73999786376953,70.73999786376953,70.3499984741211,70.69000244140625,69.09468078613281,30400
2023-05-12,70.8499984741211,70.87999725341797,70.18000030517578,70.54000091552734,68.94806671142578,33500
2023-05-15,70.56999969482422,71.2699966430664,70.44999694824219,71.2699966430664,69.66159057617188,39200
2023-05-16,70.94999694824219,70.94999694824219,70.55999755859375,70.55999755859375,68.96760559082031,21900
2023-05-17,70.77999877929688,71.5199966430664,70.41999816894531,71.41000366210938,69.7984390258789,58800
2023-05-18,71.25,72.55999755859375,71.25,72.48999786376953,70.85405731201172,114800
2023-05-19,72.6500015258789,72.66000366210938,72.12000274658203,72.30999755859375,70.67811584472656,41100
2023-05-22,72.41000366210938,72.86000061035156,72.41000366210938,72.58000183105469,70.94204711914062,60400
2023-05-23,72.25,72.4800033569336,71.62999725341797,71.62999725341797,70.01346588134766,63600
2023-05-24,71.36000061035156,71.4800033569336,70.88999938964844,71.25,69.64204406738281,84000
2023-05-25,71.58000183105469,71.80000305175781,71.13999938964844,71.5999984741211,69.98414611816406,70600
2023-05-26,72.08000183105469,73.62000274658203,72.08000183105469,73.44999694824219,71.7923812866211,95400
2023-05-30,74.06999969482422,74.19000244140625,73.13999938964844,73.44999694824219,71.7923812866211,207300
2023-05-31,73.12999725341797,73.23999786376953,72.55999755859375,73.13999938964844,71.48939514160156,153200
2023-06-01,73.0,74.05999755859375,72.7699966430664,73.63999938964844,71.97811126708984,79400
2023-06-02,74.27999877929688,74.61000061035156,73.77999877929688,74.44000244140625,72.76005554199219,386400
2023-06-05,74.4800033569336,74.72000122070312,74.12999725341797,74.48999786376953,72.80892944335938,154300
2023-06-06,74.37000274658203,74.88999938964844,74.2699966430664,74.68000030517578,72.99462890625,132900
2023-06-07,74.86000061035156,74.9800033569336,73.81999969482422,73.87000274658203,72.20292663574219,87600
2023-06-08,73.9000015258789,74.62999725341797,73.83999633789062,74.56999969482422,72.88712310791016,133100
2023-06-09,74.83000183105469,75.12000274658203,74.25,74.63999938964844,72.95553588867188,74700
2023-06-12,74.87999725341797,75.70999908447266,74.70999908447266,75.62000274658203,73.9134292602539,246300
2023-06-13,76.30999755859375,76.4800033569336,75.83999633789062,76.36000061035156,74.63672637939453,167400
2023-06-14,76.47000122070312,76.76000213623047,75.70999908447266,76.54000091552734,74.81267547607422,123100
2023-06-15,76.36000061035156,77.5999984741211,76.2300033569336,77.41000366210938,75.66302490234375,1898800
2023-06-16,77.94999694824219,77.94999694824219,76.87999725341797,76.87999725341797,75.14498138427734,68600
2023-06-20,76.66999816894531,76.77999877929688,75.93000030517578,76.23999786376953,74.51942443847656,59300
2023-06-21,75.95999908447266,75.95999908447266,75.31999969482422,75.33999633789062,73.79363250732422,68200
2023-06-22,75.19000244140625,75.68000030517578,75.05000305175781,75.55999755859375,74.0091323852539,74300
2023-06-23,75.0,75.05000305175781,74.62999725341797,74.63999938964844,73.1080093383789,48800
2023-06-26,74.91000366210938,75.37999725341797,74.6500015258789,74.69000244140625,73.156982421875,36700
2023-06-27,74.97000122070312,76.0,74.76000213623047,75.9000015258789,74.3421401977539,347200
2023-06-28,75.62999725341797,76.20999908447266,75.58000183105469,76.01000213623047,74.44989013671875,2104500
2023-06-29,76.0,76.12000274658203,75.66999816894531,75.97000122070312,74.41070556640625,127500
2023-06-30,76.69000244140625,77.16000366210938,76.61000061035156,76.9800033569336,75.39997863769531,267100
2023-07-03,76.97000122070312,77.2300033569336,76.81999969482422,77.2300033569336,75.64484405517578,113500
2023-07-05,76.94999694824219,77.0999984741211,76.72000122070312,76.94999694824219,75.37059783935547,91200
2023-07-06,76.0199966430664,76.0199966430664,75.4000015258789,75.8499984741211,74.29316711425781,137500
2023-07-07,75.73999786376953,76.6500015258789,75.73999786376953,75.91999816894531,74.36173248291016,601200
2023-07-10,76.06999969482422,77.31999969482422,76.06999969482422,77.29000091552734,75.70361328125,3758100
2023-07-11,77.4800033569336,78.0199966430664,77.08000183105469,77.91000366210938,76.3109130859375,1073800
2023-07-12,78.69999694824219,78.70999908447266,77.93000030517578,78.38999938964844,76.7810287475586,1132600
2023-07-13,78.83999633789062,79.36000061035156,78.66999816894531,79.20999908447266,77.58421325683594,1007400
2023-07-14,79.16000366210938,79.33000183105469,78.86000061035156,78.95999908447266,77.33934020996094,2583600
2023-07-17,78.88999938964844,80.08000183105469,78.68000030517578,79.86000061035156,78.22085571289062,967300
2023-07-18,79.69000244140625,80.30999755859375,79.58999633789062,80.23999786376953,78.59305572509766,885400
2023-07-19,80.44999694824219,80.66000366210938,80.0999984741211,80.2699966430664,78.6224594116211,856200
2023-07-20,79.8499984741211,79.97000122070312,79.19999694824219,79.45999908447266,77.82905578613281,823300
2023-07-21,79.8499984741211,80.08000183105469,79.44000244140625,79.62000274658203,77.98580169677734,3329900
2023-07-24,79.61000061035156,79.7699966430664,79.02999877929688,79.37000274658203,77.74092102050781,764000
2023-07-25,79.52999877929688,80.0,79.47000122070312,79.63999938964844,78.00537872314453,602200
2023-07-26,79.33000183105469,79.77999877929688,79.08000183105469,79.4800033569336,77.84868621826172,250900
2023-07-27,80.4800033569336,80.7300033569336,78.97000122070312,79.16999816894531,77.54502868652344,229000
2023-07-28,80.12000274658203,80.56999969482422,80.01000213623047,80.44999694824219,78.79875183105469,87900
2023-07-31,80.6500015258789,81.0,80.44000244140625,80.76000213623047,79.10238647460938,158900
2023-08-01,80.41999816894531,80.51000213623047,79.95999908447266,80.3499984741211,78.7008056640625,91500
2023-08-02,79.63999938964844,79.63999938964844,78.4800033569336,78.6500015258789,77.03570556640625,442300
2023-08-03,78.16000366210938,78.87999725341797,78.13999938964844,78.5,76.88878631591797,137600
2023-08-04,78.87999725341797,79.11000061035156,77.95999908447266,78.12000274658203,76.5165786743164,120200
2023-08-07,78.52999877929688,78.72000122070312,78.11000061035156,78.69999694824219,77.08467864990234,97900
2023-08-08,77.7699966430664,78.02999877929688,77.16999816894531,77.87000274658203,76.27171325683594,108700
2023-08-09,77.91999816894531,78.0199966430664,77.37999725341797,77.54000091552734,75.948486328125,120100
2023-08-10,78.25,78.87999725341797,77.3499984741211,77.66000366210938,76.06602478027344,188900
2023-08-11,77.16000366210938,77.44999694824219,76.88999938964844,77.06999969482422,75.4881362915039,245100
2023-08-14,77.0199966430664,77.77999877929688,76.8499984741211,77.77999877929688,76.18355560302734,66800
2023-08-15,77.37000274658203,77.41000366210938,76.66000366210938,76.79000091552734,75.21387481689453,301000
2023-08-16,76.73999786376953,76.95999908447266,76.02999877929688,76.05999755859375,74.49886322021484,83300
2023-08-17,76.36000061035156,76.37000274658203,75.06999969482422,75.08999633789062,73.54877471923828,336300
2023-08-18,74.45999908447266,75.37000274658203,74.45999908447266,75.12000274658203,73.57816314697266,417200
2023-08-21,75.37000274658203,76.11000061035156,75.2699966430664,75.9800033569336,74.4205093383789,244400
2023-08-22,76.33000183105469,76.33000183105469,75.72000122070312,75.91999816894531,74.36173248291016,157700
2023-08-23,76.06999969482422,76.97000122070312,75.97000122070312,76.75,75.17469787597656,69500
2023-08-24,77.12999725341797,77.20999908447266,75.08999633789062,75.18000030517578,73.63692474365234,128400
2023-08-25,75.31999969482422,75.98999786376953,74.76000213623047,75.80000305175781,74.24420166015625,67400
2023-08-28,76.31999969482422,76.5,75.9800033569336,76.3499984741211,74.78290557861328,85400
2023-08-29,76.22000122070312,77.83999633789062,76.20999908447266,77.76000213623047,76.16397094726562,150400
2023-08-30,77.88999938964844,78.30999755859375,77.73999786376953,78.16000366210938,76.55574798583984,113700
2023-08-31,78.29000091552734,78.61000061035156,78.20999908447266,78.20999908447266,76.604736328125,213800
2023-09-01,78.83000183105469,78.87000274658203,78.22000122070312,78.5,76.88878631591797,162400
2023-09-05,78.37999725341797,78.4800033569336,78.02999877929688,78.11000061035156,76.50679016113281,225900
2023-09-06,78.0,78.30999755859375,77.58000183105469,78.08000183105469,76.47740173339844,106100
2023-09-07,77.4000015258789,77.66999816894531,77.0,77.44999694824219,75.86033630371094,77200
2023-09-08,77.58999633789062,77.81999969482422,77.31999969482422,77.4800033569336,75.88971710205078,63300
2023-09-11,77.9000015258789,78.1500015258789,77.61000061035156,78.08000183105469,76.47740173339844,105900
2023-09-12,77.76000213623047,78.11000061035156,77.44000244140625,77.4800033569336,75.88971710205078,49600
2023-09-13,77.48999786376953,77.79000091552734,77.25,77.44000244140625,75.85054016113281,119900
2023-09-14,77.95999908447266,78.30000305175781,77.41000366210938,78.16000366210938,76.55574798583984,117400
2023-09-15,77.97000122070312,77.97000122070312,76.77999877929688,76.80000305175781,75.22367095947266,144500
2023-09-18,76.7300033569336,77.0199966430664,76.66999816894531,76.69000244140625,75.11592864990234,132600
2023-09-19,76.44000244140625,76.48999786376953,75.87000274658203,76.3499984741211,74.94415283203125,95000
2023-09-20,76.5999984741211,76.81999969482422,75.68000030517578,75.76000213623047,74.36502075195312,174200
2023-09-21,75.13999938964844,75.29000091552734,74.30999755859375,74.30999755859375,72.94171142578125,269400
2023-09-22,74.70999908447266,75.04000091552734,74.37000274658203,74.41999816894531,73.0496826171875,80100
2023-09-25,74.08000183105469,74.61000061035156,73.95999908447266,74.56999969482422,73.19692993164062,201800
2023-09-26,74.05999755859375,74.19000244140625,73.47000122070312,73.68000030517578,72.32331085205078,369300
2023-09-27,74.08000183105469,74.4800033569336,73.37000274658203,74.06999969482422,72.70611572265625,269900
2023-09-28,73.93000030517578,75.12999725341797,73.83000183105469,74.72000122070312,73.34416961669922,322600
2023-09-29,75.44999694824219,75.68000030517578,74.5999984741211,74.7699966430664,73.39324188232422,163600
2023-10-02,74.75,75.01000213623047,74.11000061035156,74.63999938964844,73.26564025878906,93600
2023-10-03,74.05999755859375,74.51000213623047,73.05000305175781,73.33999633789062,71.98957824707031,97100
2023-10-04,73.5999984741211,74.33000183105469,73.30999755859375,74.18000030517578,72.81410217285156,288800
2023-10-05,74.19000244140625,74.23999786376953,73.12000274658203,73.79000091552734,72.43128967285156,254800
2023-10-06,73.2699966430664,75.22000122070312,72.9800033569336,75.02999877929688,73.64844512939453,156100
2023-10-09,74.58000183105469,75.44999694824219,74.43000030517578,75.30999755859375,73.92330169677734,69300
2023-10-10,75.56999969482422,76.55999755859375,75.5199966430664,76.13999938964844,74.73802185058594,117700
2023-10-11,76.48999786376953,76.62999725341797,75.76000213623047,76.3499984741211,74.94415283203125,77700
2023-10-12,76.55000305175781,76.55000305175781,75.19000244140625,75.70999908447266,74.31593322753906,515100
2023-10-13,75.80000305175781,75.86000061035156,74.73999786376953,74.97000122070312,73.58956909179688,67700
2023-10-16,75.2699966430664,76.1500015258789,75.2699966430664,75.94000244140625,74.54170989990234,123200
2023-10-17,75.38999938964844,76.2699966430664,75.27999877929688,75.97000122070312,74.57115173339844,290600
2023-10-18,75.33000183105469,75.55999755859375,74.5999984741211,74.69000244140625,73.31472778320312,217900
2023-10-19,74.87000274658203,74.9800033569336,73.62000274658203,73.72000122070312,72.3625717163086,152400
2023-10-20,73.61000061035156,73.61000061035156,72.69999694824219,72.72000122070312,71.3810043334961,150900
2023-10-23,72.37999725341797,73.33999633789062,71.95999908447266,72.56999969482422,71.23375701904297,94100
2023-10-24,72.87000274658203,73.47000122070312,72.69999694824219,73.25,71.9012222290039,119600
2023-10-25,72.76000213623047,72.76000213623047,71.45999908447266,71.56999969482422,70.25216674804688,1028500
2023-10-26,71.48999786376953,71.61000061035156,70.55000305175781,70.69000244140625,69.38835906982422,531400
2023-10-27,71.08000183105469,71.16000366210938,70.2300033569336,70.44999694824219,69.15278625488281,377600
2023-10-30,70.68000030517578,70.93000030517578,70.18000030517578,70.69999694824219,69.39818572998047,697500
2023-10-31,70.87999725341797,71.38999938964844,70.44999694824219,71.2699966430664,69.95769500732422,133100
2023-11-01,71.41999816894531,72.05999755859375,71.08000183105469,72.0199966430664,70.69387817382812,341500
2023-11-02,72.80000305175781,73.55000305175781,72.80000305175781,73.51000213623047,72.15644836425781,158300
2023-11-03,73.9800033569336,75.08999633789062,73.9800033569336,74.77999877929688,73.40306091308594,443800
2023-11-06,75.0199966430664,75.06999969482422,74.0999984741211,74.51000213623047,73.1380386352539,171700
2023-11-07,74.79000091552734,75.25,74.4800033569336,75.12999725341797,73.74661254882812,443700
2023-11-08,74.9800033569336,74.9800033569336,74.30999755859375,74.68000030517578,73.30490112304688,93300
2023-11-09,74.83999633789062,74.9800033569336,73.93000030517578,73.98999786376953,72.62760925292969,423300
2023-11-10,74.27999877929688,75.36000061035156,74.08000183105469,75.29000091552734,73.9036636352539,174900
2023-11-13,75.13999938964844,75.29000091552734,74.76000213623047,75.13999938964844,73.75643157958984,180800
2023-11-14,76.55000305175781,77.4000015258789,76.55000305175781,77.31999969482422,75.89628601074219,290700
2023-11-15,77.7699966430664,78.19999694824219,77.44999694824219,77.5999984741211,76.17112731933594,348600
2023-11-16,77.47000122070312,77.48999786376953,76.87000274658203,77.2300033569336,75.80795288085938,146400
2023-11-17,77.48999786376953,77.66000366210938,77.2300033569336,77.5199966430664,76.09261322021484,540100
2023-11-20,77.5199966430664,78.56999969482422,77.5199966430664,78.5,77.0545654296875,131000
2023-11-21,78.19999694824219,78.19999694824219,77.72000122070312,78.04000091552734,76.60304260253906,75000
2023-11-22,78.4000015258789,78.72000122070312,78.13999938964844,78.2300033569336,76.7895278930664,57800
2023-11-24,78.30000305175781,78.51000213623047,78.26000213623047,78.51000213623047,77.06437683105469,42300
2023-11-27,78.38999938964844,78.55999755859375,78.0999984741211,78.27999877929688,76.83860778808594,90800
2023-11-28,78.16000366210938,78.55999755859375,78.04000091552734,78.4000015258789,76.95642852783203,216100
2023-11-29,78.94999694824219,79.4800033569336,78.7300033569336,78.81999969482422,77.3686752319336,114400
2023-11-30,79.06999969482422,79.06999969482422,78.31999969482422,78.94000244140625,77.4864730834961,304800
2023-12-01,78.7300033569336,79.7300033569336,78.5,79.7300033569336,78.26190948486328,212900
2023-12-04,79.20999908447266,79.41000366210938,78.5999984741211,79.30999755859375,77.84963989257812,118100
2023-12-05,78.80999755859375,78.95999908447266,78.37999725341797,78.80000305175781,77.34905242919922,138200
2023-12-06,79.37000274658203,79.4000015258789,78.55000305175781,78.58999633789062,77.14290618896484,214600
2023-12-07,79.05000305175781,79.5199966430664,78.7300033569336,79.41999816894531,77.95762634277344,104100
2023-12-08,79.11000061035156,79.81999969482422,79.0,79.51000213623047,78.04598236083984,161500
2023-12-11,79.9000015258789,81.2300033569336,79.9000015258789,81.11000061035156,79.61650848388672,552400
2023-12-12,81.2300033569336,81.52999877929688,80.69000244140625,81.52999877929688,80.02876281738281,196100
2023-12-13,81.7300033569336,83.08999633789062,81.51000213623047,83.04000091552734,81.510986328125,467800
2023-12-14,83.72000122070312,84.25,83.12000274658203,83.69000244140625,82.14900207519531,692300
2023-12-15,83.94000244140625,84.02999877929688,83.37000274658203,83.55000305175781,82.0115737915039,486800
2023-12-18,83.8499984741211,83.91999816894531,83.47000122070312,83.83999633789062,82.29623413085938,324800
2023-12-19,84.0199966430664,84.38999938964844,83.97000122070312,84.30999755859375,82.757568359375,295900
2023-12-20,84.13999938964844,84.4800033569336,82.93000030517578,83.01000213623047,81.48151397705078,239100
2023-12-21,83.63999938964844,83.94999694824219,83.23999786376953,83.87000274658203,82.57038879394531,166100
2023-12-22,84.30000305175781,84.41000366210938,83.77999877929688,84.23999786376953,82.93463897705078,188000
2023-12-26,84.5199966430664,85.0,84.4000015258789,84.91000366210938,83.5942611694336,182600
2023-12-27,85.05000305175781,85.08000183105469,84.75,85.0,83.682861328125,226100
2023-12-28,85.20999908447266,85.20999908447266,84.94000244140625,84.94000244140625,83.6238021850586,107100
2023-12-29,84.94000244140625,85.04000091552734,84.2699966430664,84.63999938964844,83.32844543457031,141100
2024-01-02,83.98999786376953,84.1500015258789,83.18000030517578,83.54000091552734,82.24549102783203,200000
2024-01-03,83.0199966430664,83.02999877929688,82.43000030517578,82.51000213623047,81.23145294189453,256200
2024-01-04,82.16999816894531,82.69000244140625,82.0199966430664,82.12999725341797,80.85733795166016,142900
2024-01-05,82.13999938964844,82.80000305175781,82.01000213623047,82.18000030517578,80.90655517578125,122000
2024-01-08,82.4800033569336,83.77999877929688,82.44999694824219,83.7699966430664,82.471923828125,198300
2024-01-09,83.19999694824219,83.97000122070312,83.0199966430664,83.70999908447266,82.4128646850586,125900
2024-01-10,83.69000244140625,84.18000030517578,83.37999725341797,84.02999877929688,82.72789764404297,147600
2024-01-11,84.0999984741211,84.2300033569336,83.08000183105469,84.05999755859375,82.75743103027344,161200
2024-01-12,84.44000244140625,84.58999633789062,83.79000091552734,84.02999877929688,82.72789764404297,303000
2024-01-16,83.70999908447266,84.0,83.25,83.73999786376953,82.44239044189453,244700
2024-01-17,83.12000274658203,83.25,82.44999694824219,83.25,81.9599838256836,123200
2024-01-18,83.70999908447266,84.22000122070312,83.36000061035156,84.18000030517578,82.87557220458984,112300
2024-01-19,84.55999755859375,85.58000183105469,84.27999877929688,85.47000122070312,84.14558410644531,263200
2024-01-22,86.05000305175781,86.26000213623047,85.7300033569336,85.91999816894531,84.58861541748047,224100
2024-01-23,86.01000213623047,86.27999877929688,85.72000122070312,86.27999877929688,84.94303131103516,244400
2024-01-24,86.9800033569336,86.9800033569336,86.06999969482422,86.12000274658203,84.7855224609375,173100
2024-01-25,86.87999725341797,86.87999725341797,86.01000213623047,86.47000122070312,85.13009643554688,120700
2024-01-26,86.19000244140625,86.37999725341797,85.77999877929688,85.98999786376953,84.65753173828125,191100
2024-01-29,86.05000305175781,86.91999816894531,85.93000030517578,86.91999816894531,85.57312774658203,190600
2024-01-30,86.3499984741211,86.54000091552734,86.22000122070312,86.38999938964844,85.05133056640625,212300
2024-01-31,85.87999725341797,86.27999877929688,84.95999908447266,85.16000366210938,83.84039306640625,354700
2024-02-01,85.4800033569336,86.12999725341797,84.83999633789062,86.05000305175781,84.71660614013672,153200
2024-02-02,85.94999694824219,86.6500015258789,85.62999725341797,86.3499984741211,85.0119400024414,193200
2024-02-05,86.25,86.25,85.31999969482422,85.93000030517578,84.59845733642578,195300
2024-02-06,86.19999694824219,86.26000213623047,85.79000091552734,86.2300033569336,84.89381408691406,426600
2024-02-07,86.69999694824219,87.25,86.4000015258789,86.93000030517578,85.58296966552734,128600
2024-02-08,86.91000366210938,87.2300033569336,86.7300033569336,87.22000122070312,85.86846923828125,263900
2024-02-09,87.3499984741211,87.73999786376953,87.0199966430664,87.62000274658203,86.26227569580078,209200
2024-02-12,87.62999725341797,88.11000061035156,87.44999694824219,87.62999725341797,86.27212524414062,169400
2024-02-13,86.0199966430664,86.45999908447266,85.3499984741211,86.02999877929688,84.69691467285156,400200
2024-02-14,86.66999816894531,87.06999969482422,86.30000305175781,86.95999908447266,85.61248779296875,206400
2024-02-15,87.37000274658203,87.7699966430664,87.0999984741211,87.72000122070312,86.3607177734375,132100
2024-02-16,87.70999908447266,87.80000305175781,86.8499984741211,87.04000091552734,85.69124603271484,132400
2024-02-20,86.6500015258789,86.83999633789062,85.95999908447266,86.56999969482422,85.22853088378906,261400
2024-02-21,85.79000091552734,86.0,85.22000122070312,86.0,84.6673812866211,163900
2024-02-22,87.43000030517578,88.11000061035156,87.1500015258789,87.97000122070312,86.60685729980469,94400
2024-02-23,88.01000213623047,88.06999969482422,87.51000213623047,87.69999694824219,86.34103393554688,245700
2024-02-26,87.76000213623047,88.19999694824219,87.72000122070312,87.87000274658203,86.50838470458984,106400
2024-02-27,88.16000366210938,88.33000183105469,87.94999694824219,88.2699966430664,86.90219116210938,205400
2024-02-28,87.88999938964844,88.08000183105469,87.6500015258789,87.9000015258789,86.5379409790039,101600
2024-02-29,88.5199966430664,88.56999969482422,87.76000213623047,88.29000091552734,86.92190551757812,150400
2024-03-01,88.4000015258789,89.48999786376953,88.22000122070312,89.23999786376953,87.85716247558594,190500
2024-03-04,89.45999908447266,89.45999908447266,89.02999877929688,89.08000183105469,87.69965362548828,103800
2024-03-05,88.63999938964844,88.63999938964844,87.30000305175781,87.66999816894531,86.3115005493164,309900
2024-03-06,88.54000091552734,89.0199966430664,88.1500015258789,88.5,87.1286392211914,154200
2024-03-07,89.05999755859375,89.70999908447266,88.94000244140625,89.45999908447266,88.0737533569336,87100
2024-03-08,89.55000305175781,89.75,88.30999755859375,88.44999694824219,87.07940673828125,445000
2024-03-11,88.2300033569336,88.62000274658203,87.97000122070312,88.5199966430664,87.1483154296875,92400
2024-03-12,88.88999938964844,89.19000244140625,88.19999694824219,89.16999816894531,87.78825378417969,108200
2024-03-13,88.9000015258789,88.9000015258789,88.30000305175781,88.45999908447266,87.08924865722656,165400
2024-03-14,88.66999816894531,88.66999816894531,87.25,87.83000183105469,86.4690170288086,232000
2024-03-15,87.51000213623047,87.58000183105469,86.97000122070312,87.11000061035156,85.7601547241211,78300
2024-03-18,87.81999969482422,88.05999755859375,87.62999725341797,87.7300033569336,86.37056732177734,155700
2024-03-19,87.12000274658203,87.7699966430664,86.97000122070312,87.73999786376953,86.56888580322266,69900
2024-03-20,87.83999633789062,88.72000122070312,87.52999877929688,88.63999938964844,87.45686340332031,423000
2024-03-21,89.44999694824219,89.87000274658203,89.25,89.25,88.05873107910156,138700
2024-03-22,89.19999694824219,89.19999694824219,88.5,88.7699966430664,87.58512878417969,387900
2024-03-25,88.55999755859375,88.7300033569336,88.33999633789062,88.5999984741211,87.41739654541016,53100
2024-03-26,88.93000030517578,88.93000030517578,88.37999725341797,88.5,87.31874084472656,62100
2024-03-27,89.16999816894531,89.29000091552734,88.66000366210938,89.29000091552734,88.09819793701172,129700
2024-03-28,89.16000366210938,89.44000244140625,89.0999984741211,89.19999694824219,88.0093994140625,51100
2024-04-01,89.44000244140625,89.44999694824219,88.69999694824219,89.0,87.81206512451172,217700
2024-04-02,87.94999694824219,88.04000091552734,87.66999816894531,87.97000122070312,86.79580688476562,132800
2024-04-03,87.58000183105469,88.45999908447266,87.58000183105469,88.0999984741211,86.924072265625,83900
2024-04-04,88.79000091552734,88.98999786376953,86.66999816894531,86.69999694824219,85.54275512695312,346100
2024-04-05,86.76000213623047,87.9000015258789,86.72000122070312,87.48999786376953,86.32221221923828,36200
2024-04-08,87.62999725341797,87.91999816894531,87.44000244140625,87.68000030517578,86.50968170166016,64700
2024-04-09,88.19999694824219,88.33999633789062,87.5199966430664,88.33000183105469,87.15101623535156,132200
2024-04-10,86.87000274658203,87.12000274658203,86.58000183105469,86.86000061035156,85.70063018798828,354900
2024-04-11,87.25,87.97000122070312,86.86000061035156,87.68000030517578,86.50968170166016,75800
2024-04-12,86.95999908447266,86.98999786376953,85.95999908447266,86.12000274658203,84.97051239013672,316100
2024-04-15,87.01000213623047,87.01000213623047,84.69000244140625,84.88999938964844,83.75692749023438,349400
2024-04-16,84.80000305175781,85.30000305175781,84.5199966430664,84.93000030517578,83.79639434814453,271700
2024-04-17,85.0,85.12000274658203,83.94000244140625,83.97000122070312,82.84920501708984,331100
2024-04-18,84.2300033569336,84.27999877929688,83.4000015258789,83.52999877929688,82.41506958007812,409400
2024-04-19,83.44999694824219,83.66999816894531,82.5199966430664,82.80000305175781,81.69481658935547,128100
2024-04-22,83.41999816894531,84.04000091552734,82.83000183105469,83.5999984741211,82.48413848876953,163500
2024-04-23,83.94000244140625,85.04000091552734,83.94000244140625,84.7300033569336,83.59906768798828,249400
2024-04-24,85.05000305175781,85.5,84.70999908447266,85.08999633789062,83.95426177978516,222700
2024-04-25,84.66000366210938,85.19999694824219,84.05999755859375,84.98999786376953,83.8555908203125,59900
2024-04-26,84.83999633789062,85.79000091552734,84.80999755859375,85.54000091552734,84.39824676513672,89800
2024-04-29,85.66999816894531,85.95999908447266,85.44999694824219,85.94999694824219,84.80278015136719,68400
2024-04-30,85.61000061035156,85.61000061035156,84.36000061035156,84.36000061035156,83.23399353027344,324000
2024-05-01,83.87999725341797,85.12999725341797,83.61000061035156,83.87000274658203,82.75054931640625,293900
2024-05-02,84.41000366210938,84.83000183105469,83.5,84.63999938964844,83.51025390625,615700
2024-05-03,85.79000091552734,86.04000091552734,85.33999633789062,85.66999816894531,84.52650451660156,146800
2024-05-06,86.08000183105469,86.29000091552734,85.79000091552734,86.23999786376953,85.0888900756836,227100
2024-05-07,86.37000274658203,86.66999816894531,86.26000213623047,86.30000305175781,85.1480941772461,124500
2024-05-08,85.80000305175781,86.27999877929688,85.80000305175781,86.11000061035156,84.96063995361328,169500
2024-05-09,86.19999694824219,86.55999755859375,85.98999786376953,86.45999908447266,85.30595397949219,82000
2024-05-10,86.69999694824219,87.06999969482422,86.51000213623047,86.66000366210938,85.50331115722656,108900
2024-05-13,87.11000061035156,87.33000183105469,86.80000305175781,86.97000122070312,85.80916595458984,158400
2024-05-14,87.05000305175781,87.43000030517578,86.93000030517578,87.33000183105469,86.16436004638672,54400
2024-05-15,87.87000274658203,88.48999786376953,87.62000274658203,88.4800033569336,87.29900360107422,418300
2024-05-16,88.5,88.72000122070312,88.27999877929688,88.43000030517578,87.24967193603516,52500
2024-05-17,88.58000183105469,88.58000183105469,88.01000213623047,88.30000305175781,87.12141418457031,52100
2024-05-20,88.2699966430664,88.87000274658203,88.2699966430664,88.80000305175781,87.61473846435547,97800
2024-05-21,88.33000183105469,88.66999816894531,88.33000183105469,88.62999725341797,87.4469985961914,175900
2024-05-22,88.83000183105469,89.0,88.4000015258789,88.91000366210938,87.72325897216797,73100
2024-05-23,89.38999938964844,89.38999938964844,87.68000030517578,87.9000015258789,86.72675323486328,218100
2024-05-24,88.05999755859375,88.9000015258789,88.05999755859375,88.5199966430664,87.33847045898438,170200
2024-05-28,88.33999633789062,88.33999633789062,87.45999908447266,87.91999816894531,86.74646759033203,77900
2024-05-29,86.87999725341797,87.16999816894531,86.86000061035156,86.88999938964844,85.73021697998047,364500
2024-05-30,86.77999877929688,86.8499984741211,86.36000061035156,86.66000366210938,85.50331115722656,47300
2024-05-31,86.62000274658203,86.80000305175781,85.33999633789062,86.75,85.59210205078125,516900
2024-06-03,87.16000366210938,87.18000030517578,85.69999694824219,86.68000030517578,85.52302551269531,278000
2024-06-04,86.41000366210938,86.93000030517578,86.19000244140625,86.69000244140625,85.53289794921875,128000
2024-06-05,87.16000366210938,87.97000122070312,86.91999816894531,87.97000122070312,86.79580688476562,611100
2024-06-06,88.0199966430664,88.08000183105469,87.73999786376953,87.9000015258789,86.72675323486328,75500
2024-06-07,87.75,88.0199966430664,87.5,87.63999938964844,86.47021484375,199200
2024-06-10,87.23999786376953,88.02999877929688,87.23999786376953,88.01000213623047,86.83528137207031,135600
2024-06-11,87.66000366210938,88.16000366210938,87.25,88.08000183105469,86.90434265136719,119500
2024-06-12,88.94000244140625,89.06999969482422,88.41999816894531,88.69999694824219,87.51605987548828,632900
2024-06-13,88.55999755859375,88.73999786376953,88.0199966430664,88.4000015258789,87.22008514404297,94200
2024-06-14,87.95999908447266,88.41999816894531,87.83000183105469,88.30999755859375,87.13126373291016,113200
2024-06-17,88.31999969482422,89.44000244140625,88.08000183105469,89.27999877929688,88.08832550048828,525200
2024-06-18,89.33999633789062,89.5,89.20999908447266,89.44000244140625,88.2461929321289,97000
2024-06-20,89.33999633789062,89.52999877929688,88.86000061035156,89.0199966430664,87.83179473876953,138800
2024-06-21,89.30999755859375,89.41999816894531,88.95999908447266,89.37000274658203,88.1771240234375,88600
2024-06-24,89.12000274658203,89.5199966430664,88.91000366210938,88.95999908447266,87.7726058959961,151600
2024-06-25,89.04000091552734,89.1500015258789,88.7300033569336,89.1500015258789,88.13839721679688,70000
2024-06-26,88.7300033569336,88.97000122070312,88.58000183105469,88.69999694824219,87.6935043334961,140500
2024-06-27,88.6500015258789,88.91000366210938,88.5,88.81999969482422,87.81214141845703,102300
2024-06-28,89.0999984741211,89.70999908447266,88.51000213623047,88.73999786376953,87.73304748535156,195800
2024-07-01,88.83999633789062,88.9800033569336,88.1500015258789,88.47000122070312,87.46612548828125,354600
2024-07-02,88.38999938964844,89.33999633789062,88.38999938964844,89.30999755859375,88.29658508300781,273400
2024-07-03,89.33000183105469,89.5999984741211,89.25,89.44999694824219,88.43499755859375,287100
2024-07-05,89.4800033569336,90.27999877929688,89.45999908447266,90.19000244140625,89.1666030883789,260600
2024-07-08,90.16000366210938,90.19999694824219,89.83999633789062,90.05999755859375,89.03807067871094,429900
2024-07-09,90.1500015258789,90.1500015258789,89.69999694824219,89.79000091552734,88.77114868164062,251900
2024-07-10,89.95999908447266,90.63999938964844,89.70999908447266,90.5999984741211,89.57195281982422,272000
2024-07-11,90.80999755859375,91.22000122070312,90.08999633789062,90.2300033569336,89.20614624023438,347500
2024-07-12,90.56999969482422,91.66000366210938,90.54000091552734,90.94000244140625,89.90809631347656,238500
2024-07-15,91.08000183105469,91.72000122070312,90.70999908447266,91.12000274658203,90.08604431152344,393400
2024-07-16,91.45999908447266,92.05999755859375,91.2699966430664,92.05999755859375,91.015380859375,810300
2024-07-17,91.12000274658203,91.37999725341797,90.2699966430664,90.27999877929688,89.25556945800781,1532500
2024-07-18,90.73999786376953,90.94999694824219,89.19000244140625,89.5,88.48443603515625,669300
2024-07-19,89.55999755859375,89.55999755859375,88.56999969482422,88.81999969482422,87.81214141845703,90700
2024-07-22,89.70999908447266,89.80000305175781,88.95999908447266,89.73999786376953,88.7217025756836,262800
2024-07-23,89.45999908447266,89.56999969482422,89.0,89.08000183105469,88.06920623779297,206600
2024-07-24,88.33999633789062,88.37999725341797,86.80000305175781,86.8499984741211,85.86449432373047,480700
2024-07-25,86.91999816894531,88.05999755859375,86.48999786376953,86.54000091552734,85.55802154541016,288800
2024-07-26,87.04000091552734,87.69999694824219,86.83000183105469,87.33000183105469,86.33905792236328,320300
2024-07-29,87.79000091552734,88.0999984741211,87.2300033569336,87.62999725341797,86.63565063476562,455800
2024-07-30,87.77999877929688,88.12000274658203,86.4800033569336,86.9800033569336,85.99303436279297,474600
2024-07-31,88.37999725341797,89.05000305175781,88.1500015258789,88.5999984741211,87.59464263916016,160000
2024-08-01,87.9800033569336,88.62999725341797,85.81999969482422,86.38999938964844,85.40970611572266,283600
2024-08-02,85.2699966430664,85.2699966430664,83.58000183105469,84.33999633789062,83.38298034667969,333600
2024-08-05,81.5999984741211,83.52999877929688,81.44999694824219,82.41000366210938,81.47488403320312,340100
2024-08-06,82.91999816894531,84.30999755859375,82.83000183105469,83.08000183105469,82.13727569580078,213600
2024-08-07,84.0999984741211,84.77999877929688,82.47000122070312,82.58000183105469,81.6429443359375,526000
2024-08-08,82.98999786376953,84.66999816894531,82.88999938964844,84.56999969482422,83.6103744506836,617300
2024-08-09,84.52999877929688,85.08000183105469,84.08999633789062,84.8499984741211,83.88719177246094,115500
2024-08-12,84.91999816894531,85.04000091552734,84.20999908447266,84.5199966430664,83.56094360351562,961300
2024-08-13,85.0999984741211,86.30000305175781,85.0999984741211,86.19000244140625,85.21199035644531,116900
2024-08-14,86.37000274658203,86.48999786376953,85.5999984741211,86.26000213623047,85.28120422363281,116900
2024-08-15,87.2699966430664,88.26000213623047,87.26000213623047,88.1500015258789,87.1497573852539,78700
2024-08-16,87.9800033569336,88.52999877929688,87.80000305175781,88.44999694824219,87.44634246826172,575400
2024-08-19,88.36000061035156,89.44000244140625,88.2699966430664,89.44000244140625,88.42511749267578,131600
2024-08-20,89.33999633789062,89.48999786376953,88.88999938964844,89.0,87.99010467529297,72100
2024-08-21,89.4800033569336,89.83000183105469,89.20999908447266,89.68000030517578,88.66239166259766,114300
2024-08-22,89.91999816894531,90.01000213623047,88.47000122070312,88.62999725341797,87.62429809570312,144700
2024-08-23,89.52999877929688,89.87000274658203,88.98999786376953,89.52999877929688,88.51408386230469,776300
2024-08-26,89.55000305175781,89.62999725341797,88.80000305175781,89.0199966430664,88.00988006591797,95600
2024-08-27,88.66000366210938,89.27999877929688,88.5,89.11000061035156,88.09886169433594,190900
2024-08-28,89.0199966430664,89.0199966430664,87.69999694824219,88.19999694824219,87.19917297363281,817000
2024-08-29,88.5199966430664,89.55000305175781,88.5,88.61000061035156,87.60453796386719,838500
2024-08-30,89.55000305175781,89.62000274658203,88.63999938964844,89.58999633789062,88.57341003417969,293000
2024-09-03,89.05999755859375,89.05999755859375,87.12000274658203,87.5,86.50712585449219,383600
2024-09-04,86.81999969482422,87.63999938964844,86.79000091552734,87.05999755859375,86.0721206665039,474700
2024-09-05,86.80999755859375,87.05999755859375,86.0199966430664,86.69999694824219,85.71619415283203,160000
2024-09-06,86.66000366210938,86.91000366210938,84.94000244140625,85.18000030517578,84.21343994140625,877900
2024-09-09,85.7300033569336,86.44000244140625,85.55999755859375,86.16999816894531,85.19220733642578,142200
2024-09-10,86.25,86.38999938964844,85.36000061035156,86.27999877929688,85.30096435546875,117900
2024-09-11,86.41000366210938,87.5,84.81999969482422,87.30000305175781,86.30939483642578,76600
2024-09-12,87.41999816894531,87.94999694824219,86.95999908447266,87.81999969482422,86.82349395751953,111600
2024-09-13,87.94999694824219,88.70999908447266,87.94000244140625,88.44999694824219,87.44634246826172,605700
2024-09-16,88.54000091552734,88.69999694824219,87.98999786376953,88.55000305175781,87.54521942138672,183000
2024-09-17,88.87999725341797,89.19999694824219,88.19999694824219,88.51000213623047,87.50566101074219,266300
2024-09-18,88.69999694824219,89.48999786376953,88.08999633789062,88.16000366210938,87.15963745117188,308600
2024-09-19,90.0199966430664,90.36000061035156,89.63999938964844,89.81999969482422,88.8008041381836,120400
2024-09-20,89.61000061035156,89.61000061035156,88.7699966430664,89.4800033569336,88.46466064453125,86800
2024-09-23,89.75,89.83000183105469,89.5199966430664,89.62000274658203,88.60306549072266,475000
2024-09-24,89.8499984741211,90.0,89.23999786376953,89.7300033569336,88.8704833984375,76100
2024-09-25,89.69999694824219,89.94999694824219,89.31999969482422,89.43000030517578,88.5733642578125,66500
2024-09-26,90.91999816894531,91.0199966430664,89.75,90.37999725341797,89.51425170898438,163300
2024-09-27,90.73999786376953,90.93000030517578,90.27999877929688,90.37000274658203,89.50434875488281,79000
2024-09-30,90.12999725341797,90.30999755859375,89.4800033569336,90.19999694824219,89.33598327636719,144000
2024-10-01,90.33999633789062,90.33999633789062,88.6500015258789,89.20999908447266,88.35546112060547,116400
2024-10-02,89.08999633789062,89.83999633789062,88.81999969482422,89.62999725341797,88.77143859863281,128100
2024-10-03,89.02999877929688,89.62999725341797,88.8499984741211,89.2699966430664,88.4148941040039,311900
2024-10-04,90.23999786376953,90.26000213623047,89.41999816894531,90.19000244140625,89.32608032226562,727400
2024-10-07,89.80999755859375,89.94999694824219,89.19999694824219,89.5199966430664,88.66249084472656,141800
2024-10-08,89.55999755859375,90.37000274658203,89.33999633789062,90.23999786376953,89.37559509277344,215400
2024-10-09,90.05000305175781,91.2300033569336,90.05000305175781,91.16000366210938,90.28678894042969,137300
2024-10-10,90.80000305175781,91.33999633789062,90.52999877929688,91.12000274658203,90.2471694946289,72200
2024-10-11,91.04000091552734,92.04000091552734,91.04000091552734,91.81999969482422,90.94046783447266,81600
2024-10-14,92.16999816894531,92.62999725341797,92.01000213623047,92.56999969482422,91.68328094482422,173300
2024-10-15,92.4000015258789,92.68000030517578,90.95999908447266,91.30000305175781,90.4254379272461,418900
2024-10-16,91.44000244140625,91.4800033569336,91.0,91.25,90.37593078613281,92400
2024-10-17,91.9800033569336,92.0,90.98999786376953,91.0,90.12832641601562,389400
2024-10-18,91.44999694824219,91.69000244140625,91.0999984741211,91.5999984741211,90.72256469726562,179500
2024-10-21,91.19999694824219,91.5999984741211,90.66000366210938,91.08000183105469,90.20755004882812,389000
2024-10-22,90.62000274658203,91.18000030517578,90.5199966430664,91.02999877929688,90.15802764892578,109200
2024-10-23,90.56999969482422,90.61000061035156,89.37999725341797,89.86000061035156,88.9992446899414,119000
2024-10-24,90.33000183105469,90.58000183105469,90.05999755859375,90.37999725341797,89.51425170898438,215500
2024-10-25,90.95999908447266,91.69000244140625,90.68000030517578,90.69999694824219,89.83119201660156,203300
2024-10-28,90.94999694824219,91.31999969482422,90.87000274658203,91.01000213623047,90.13822174072266,342700
2024-10-29,90.79000091552734,91.72000122070312,90.5999984741211,91.44000244140625,90.56410217285156,108200
2024-10-30,90.7300033569336,91.16999816894531,90.45999908447266,90.54000091552734,89.6727294921875,324500
2024-10-31,90.25,90.25,89.01000213623047,89.01000213623047,88.15738677978516,138900
2024-11-01,89.52999877929688,90.19999694824219,89.41000366210938,89.72000122070312,88.86058807373047,211200
2024-11-04,89.63999938964844,90.16999816894531,89.30000305175781,89.80000305175781,88.93981170654297,131600
2024-11-05,89.87999725341797,90.66999816894531,89.86000061035156,90.6500015258789,89.78166961669922,109200
2024-11-06,92.3499984741211,93.06999969482422,91.83000183105469,92.80000305175781,91.91107177734375,469500
2024-11-07,93.37999725341797,94.26000213623047,93.37999725341797,94.08000183105469,93.17881774902344,979900
2024-11-08,93.86000061035156,93.9800033569336,93.58999633789062,93.9800033569336,93.07977294921875,288400
2024-11-11,94.0,94.29000091552734,93.8499984741211,94.18000030517578,93.27786254882812,82400
2024-11-12,93.86000061035156,94.04000091552734,93.29000091552734,93.70999908447266,92.8123550415039,703900
2024-11-13,93.79000091552734,94.27999877929688,93.5,93.77999877929688,92.88168334960938,240800
2024-11-14,93.76000213623047,93.8499984741211,92.94000244140625,93.05000305175781,92.15868377685547,143600
2024-11-15,92.23999786376953,92.23999786376953,90.55999755859375,90.8499984741211,89.97975158691406,874700
2024-11-18,91.11000061035156,91.81999969482422,90.94999694824219,91.5199966430664,90.64334106445312,924900
2024-11-19,90.81999969482422,91.80999755859375,90.7699966430664,91.75,90.87114715576172,147500
2024-11-20,91.69999694824219,91.98999786376953,91.0,91.93000030517578,91.0494155883789,90600
2024-11-21,92.37999725341797,93.44999694824219,91.98999786376953,93.26000213623047,92.36666870117188,443300
2024-11-22,93.30999755859375,94.22000122070312,93.30999755859375,94.01000213623047,93.10948944091797,287700
2024-11-25,95.16000366210938,95.41000366210938,94.54000091552734,95.0199966430664,94.10980987548828,181100
2024-11-26,95.02999877929688,95.12999725341797,94.5,94.68000030517578,93.77307891845703,109500
2024-11-27,94.5999984741211,94.6500015258789,93.62000274658203,94.06999969482422,93.16890716552734,311000
2024-11-29,94.2699966430664,94.76000213623047,94.2699966430664,94.62999725341797,93.72354888916016,33300
2024-12-02,94.86000061035156,95.5199966430664,94.72000122070312,95.37999725341797,94.46636962890625,163600
2024-12-03,95.27999877929688,95.27999877929688,94.87999725341797,95.22000122070312,94.30790710449219,208200
2024-12-04,95.66000366210938,96.23999786376953,95.56999969482422,96.23999786376953,95.31812286376953,115900
2024-12-05,96.08999633789062,96.08999633789062,95.1500015258789,95.1500015258789,94.23857116699219,134600
2024-12-06,95.66000366210938,96.18000030517578,95.66000366210938,95.87999725341797,94.96156311035156,154300
2024-12-09,96.12000274658203,96.38999938964844,95.08000183105469,95.27999877929688,94.3673095703125,169800
2024-12-10,95.06999969482422,95.06999969482422,94.05999755859375,94.33999633789062,93.43632507324219,270700
2024-12-11,94.94999694824219,95.37999725341797,94.70999908447266,95.2300033569336,94.31781005859375,245100
2024-12-12,95.05999755859375,95.2699966430664,94.86000061035156,94.97000122070312,94.06028747558594,119900
2024-12-13,95.01000213623047,95.04000091552734,94.29000091552734,94.62999725341797,93.72354888916016,435600
2024-12-16,94.48999786376953,95.18000030517578,94.44000244140625,94.86000061035156,93.95133972167969,350000
2024-12-17,94.69000244140625,94.86000061035156,94.2699966430664,94.31999969482422,93.41651153564453,179700
2024-12-18,94.27999877929688,94.30000305175781,90.75,90.95999908447266,90.08869934082031,609200
2024-12-19,91.44000244140625,91.55999755859375,90.18000030517578,90.22000122070312,89.35579681396484,630500
2024-12-20,89.44000244140625,91.93000030517578,89.33999633789062,91.1500015258789,90.2768783569336,435100
2024-12-23,90.94999694824219,91.2699966430664,90.33000183105469,91.13999938964844,90.50528717041016,356100
2024-12-24,91.44999694824219,92.23999786376953,91.19999694824219,92.16000366210938,91.5181884765625,164200
2024-12-26,91.81999969482422,92.37000274658203,91.5999984741211,92.16000366210938,91.5181884765625,53700
2024-12-27,91.47000122070312,91.66000366210938,90.5999984741211,91.27999877929688,90.6443099975586,318200
2024-12-30,90.26000213623047,90.55999755859375,89.33999633789062,90.1500015258789,89.52217864990234,262300
2024-12-31,90.36000061035156,90.5999984741211,89.4800033569336,89.7699966430664,89.14481353759766,460700
2025-01-02,90.30000305175781,90.81999969482422,89.1500015258789,89.72000122070312,89.09517669677734,364800
2025-01-03,90.2699966430664,91.48999786376953,90.23999786376953,91.23999786376953,90.60458374023438,135500
2025-01-06,91.98999786376953,92.55999755859375,91.7300033569336,91.9000015258789,91.25997924804688,262500
2025-01-07,92.19000244140625,92.26000213623047,90.56999969482422,91.04000091552734,90.4059829711914,295000
2025-01-08,90.72000122070312,91.16000366210938,90.19000244140625,90.95999908447266,90.3265380859375,154300
2025-01-10,90.2699966430664,90.31999969482422,89.2300033569336,89.66000366210938,89.03558349609375,231600
2025-01-13,88.93000030517578,89.69000244140625,88.80999755859375,89.55999755859375,88.936279296875,101100
2025-01-14,90.23999786376953,90.36000061035156,89.41999816894531,90.1500015258789,89.52217864990234,297300
2025-01-15,91.5,91.95999908447266,91.20999908447266,91.44999694824219,90.81312561035156,321400
2025-01-16,91.7699966430664,92.25,91.27999877929688,91.80999755859375,91.17060852050781,124100
2025-01-17,93.4800033569336,93.4800033569336,92.7300033569336,92.9000015258789,92.2530288696289,293100
2025-01-21,93.6500015258789,94.05000305175781,93.19000244140625,93.70999908447266,93.05738067626953,80500
2025-01-22,94.2300033569336,94.86000061035156,94.12999725341797,94.36000061035156,93.7028579711914,233900
2025-01-23,93.91000366210938,94.48999786376953,93.55000305175781,94.48999786376953,93.83195495605469,434600
2025-01-24,94.2300033569336,94.44000244140625,93.83999633789062,94.01000213623047,93.35530090332031,191100
2025-01-27,91.95999908447266,93.18000030517578,91.95999908447266,92.9000015258789,92.2530288696289,174300
2025-01-28,92.66000366210938,93.37000274658203,92.2300033569336,93.0199966430664,92.37217712402344,270200
2025-01-29,93.5,93.52999877929688,92.8499984741211,93.1500015258789,92.50128936767578,145300
2025-01-30,93.95999908447266,94.48999786376953,93.62000274658203,94.18000030517578,93.52411651611328,413300
2025-01-31,94.7300033569336,95.44999694824219,93.91000366210938,94.18000030517578,93.52411651611328,354700
2025-02-03,92.70999908447266,94.2699966430664,92.52999877929688,93.76000213623047,93.10704040527344,330900
2025-02-04,93.6500015258789,94.52999877929688,93.58000183105469,94.38999938964844,93.7326431274414,227600
2025-02-05,94.2699966430664,95.4000015258789,94.08999633789062,95.33000183105469,94.66610717773438,188700
2025-02-06,95.52999877929688,95.69999694824219,94.97000122070312,95.44000244140625,94.77533721923828,104400
2025-02-07,95.87000274658203,96.11000061035156,94.69999694824219,94.83000183105469,94.16958618164062,150300
2025-02-10,95.54000091552734,95.79000091552734,95.3499984741211,95.66000366210938,94.99381256103516,481500
2025-02-11,95.0,95.6500015258789,95.0,95.47000122070312,94.80513000488281,103800
2025-02-12,94.5199966430664,95.5999984741211,94.4000015258789,95.5999984741211,94.93421936035156,257500
2025-02-13,95.83000183105469,96.69000244140625,95.54000091552734,96.69000244140625,96.01663208007812,137600
2025-02-14,96.83000183105469,97.08000183105469,96.61000061035156,96.80999755859375,96.13578033447266,259600
2025-02-18,97.2699966430664,97.9800033569336,96.9800033569336,97.9800033569336,97.29764556884766,415000
2025-02-19,97.69999694824219,97.97000122070312,97.30999755859375,97.7300033569336,97.04938507080078,119500
2025-02-20,97.69000244140625,97.69000244140625,96.54000091552734,97.26000213623047,96.5826644897461,278900
2025-02-21,97.56999969482422,97.56999969482422,95.19999694824219,95.38999938964844,94.7256851196289,204700
2025-02-24,95.6500015258789,95.6500015258789,94.36000061035156,94.68000030517578,94.0206298828125,192600
2025-02-25,94.68000030517578,94.68000030517578,93.26000213623047,93.7300033569336,93.0772476196289,303400
2025-02-26,94.0999984741211,94.58999633789062,93.38999938964844,93.7699966430664,93.1169662475586,581300
2025-02-27,94.18000030517578,94.41999816894531,91.80999755859375,91.87000274658203,91.23019409179688,121000
2025-02-28,92.0,92.9800033569336,91.45999908447266,92.93000030517578,92.28280639648438,175100
2025-03-03,93.75,93.94000244140625,91.22000122070312,91.75,91.11103057861328,113200
2025-03-04,91.3499984741211,92.52999877929688,90.2300033569336,91.12999725341797,90.49535369873047,426600
2025-03-05,91.11000061035156,92.3499984741211,90.41000366210938,92.05999755859375,91.41886901855469,291100
2025-03-06,90.6500015258789,91.44000244140625,89.58999633789062,89.8499984741211,89.2242660522461,632300
2025-03-07,89.58999633789062,90.81999969482422,88.72000122070312,90.51000213623047,89.87966918945312,547200
2025-03-10,89.36000061035156,89.66999816894531,87.33000183105469,88.05999755859375,87.44673156738281,450600
2025-03-11,87.91000366210938,88.37000274658203,86.58999633789062,87.18000030517578,86.57286071777344,326100
2025-03-12,88.27999877929688,88.43000030517578,86.87999725341797,87.4800033569336,86.87077331542969,453300
2025-03-13,87.38999938964844,87.51000213623047,85.81999969482422,86.23999786376953,85.639404296875,251900
2025-03-14,87.05999755859375,88.29000091552734,87.05999755859375,88.12999725341797,87.5162353515625,289900
2025-03-17,88.05000305175781,90.05999755859375,88.05000305175781,89.56999969482422,88.94622039794922,247200
2025-03-18,89.0999984741211,89.12999725341797,88.08000183105469,88.6500015258789,88.03262329101562,292400
2025-03-19,88.80000305175781,90.08999633789062,88.55999755859375,89.33000183105469,88.7078857421875,88900
2025-03-20,88.62999725341797,89.80999755859375,88.55000305175781,89.01000213623047,88.3901138305664,211200
2025-03-21,87.86000061035156,88.91999816894531,87.58999633789062,88.88999938964844,88.27095794677734,320200
2025-03-24,90.25,90.87999725341797,90.13999938964844,90.7300033569336,90.09813690185547,604100
2025-03-25,90.76000213623047,91.05999755859375,90.52999877929688,90.87000274658203,90.2978744506836,81500
2025-03-26,90.80000305175781,91.08999633789062,89.66999816894531,90.02999877929688,89.46316528320312,96100
2025-03-27,89.4800033569336,90.13999938964844,89.04000091552734,89.2300033569336,88.66819763183594,99200
2025-03-28,88.88999938964844,88.9000015258789,86.9800033569336,87.19000244140625,86.64104461669922,198800
2025-03-31,86.04000091552734,87.36000061035156,85.37000274658203,87.19000244140625,86.64104461669922,176500
2025-04-01,86.94000244140625,87.70999908447266,86.22000122070312,87.63999938964844,87.08821105957031,112700
2025-04-02,86.43000030517578,88.7699966430664,86.43000030517578,88.22000122070312,87.66455841064453,121400
2025-04-03,85.20999908447266,85.97000122070312,83.83000183105469,83.91999816894531,83.39163208007812,288300
2025-04-04,81.98999786376953,82.12999725341797,78.58000183105469,78.66000366210938,78.16476440429688,659900
2025-04-07,76.27999877929688,81.83999633789062,75.06999969482422,78.54000091552734,78.04550170898438,460200
2025-04-08,80.56999969482422,81.25,75.86000061035156,76.9800033569336,76.49533081054688,519200
2025-04-09,76.66999816894531,85.52999877929688,76.23999786376953,85.16999816894531,84.63375854492188,553800
2025-04-10,83.41999816894531,83.41999816894531,79.5,81.79000091552734,81.27503967285156,135700
2025-04-11,81.58000183105469,83.20999908447266,80.52999877929688,82.98999786376953,82.46748352050781,111900
2025-04-14,84.41999816894531,84.52999877929688,83.0199966430664,83.58999633789062,83.06370544433594,109900
2025-04-15,83.86000061035156,84.56999969482422,83.58999633789062,83.83999633789062,83.31212615966797,138200
2025-04-16,82.70999908447266,83.54000091552734,81.06999969482422,82.12999725341797,81.61289978027344,198400
2025-04-17,82.4000015258789,83.12000274658203,81.98999786376953,82.45999908447266,81.9408187866211,356300
2025-04-21,81.83000183105469,81.83000183105469,79.81999969482422,80.7300033569336,80.22171783447266,358900
2025-04-22,81.68000030517578,83.11000061035156,81.61000061035156,82.58999633789062,82.06999969482422,160000
2025-04-23,84.94000244140625,85.70999908447266,83.81999969482422,84.04000091552734,83.51087188720703,241000
2025-04-24,84.55999755859375,86.5,84.37000274658203,86.33999633789062,85.79639434814453,213300
2025-04-25,86.20999908447266,86.95999908447266,85.81999969482422,86.80000305175781,86.25350189208984,102200
2025-04-28,87.0,87.31999969482422,86.05000305175781,87.05000305175781,86.5019302368164,107400
2025-04-29,86.62000274658203,87.79000091552734,86.58000183105469,87.58000183105469,87.0285873413086,77500
2025-04-30,86.16000366210938,87.94999694824219,85.4800033569336,87.69000244140625,87.13790130615234,158500
2025-05-01,88.26000213623047,88.91999816894531,87.79000091552734,87.83000183105469,87.27701568603516,947700
2025-05-02,89.08000183105469,89.87000274658203,89.0199966430664,89.5199966430664,88.95636749267578,100300
2025-05-05,88.81999969482422,89.87000274658203,88.81999969482422,89.2699966430664,88.70794677734375,120900
2025-05-06,88.23999786376953,89.02999877929688,87.9800033569336,88.47000122070312,87.9129867553711,61100
2025-05-07,88.66000366210938,89.30999755859375,88.04000091552734,89.08999633789062,88.5290756225586,76100
2025-05-08,89.6500015258789,90.8499984741211,89.44000244140625,90.01000213623047,89.44329071044922,261700
2025-05-09,90.7300033569336,90.7699966430664,89.87999725341797,90.05999755859375,89.49296569824219,78400
2025-05-12,93.33000183105469,93.44000244140625,92.5,93.41999816894531,92.83181762695312,169900
2025-05-13,93.58000183105469,94.73999786376953,93.54000091552734,94.2699966430664,93.67646789550781,102900
2025-05-14,94.44000244140625,94.63999938964844,94.0,94.37999725341797,93.78577423095703,192800
2025-05-15,94.01000213623047,95.0,93.9000015258789,94.69999694824219,94.103759765625,104300
2025-05-16,94.75,95.37999725341797,94.48999786376953,95.37999725341797,94.77947235107422,116500
2025-05-19,94.05000305175781,95.5,94.05000305175781,95.30000305175781,94.69998931884766,531300
2025-05-20,95.08999633789062,95.25,94.6500015258789,95.19999694824219,94.60061645507812,206100
2025-05-21,94.41000366210938,95.2300033569336,93.33000183105469,93.48999786376953,92.90137481689453,559700
2025-05-22,93.72000122070312,94.06999969482422,93.26000213623047,93.51000213623047,92.92124938964844,221100
2025-05-23,92.01000213623047,92.91999816894531,92.0,92.7300033569336,92.14616394042969,89200
2025-05-27,93.80000305175781,94.70999908447266,93.44000244140625,94.44000244140625,93.84539794921875,94900
2025-05-28,94.52999877929688,94.77999877929688,93.80000305175781,93.8499984741211,93.25910949707031,232800
2025-05-29,94.87000274658203,94.87000274658203,93.16999816894531,93.70999908447266,93.11998748779297,128700
2025-05-30,93.5,93.81999969482422,92.4800033569336,93.56999969482422,92.98087310791016,215300
2025-06-02,93.37000274658203,94.19999694824219,92.87000274658203,94.19999694824219,93.6069107055664,84800
2025-06-03,94.22000122070312,95.23999786376953,94.0,95.1500015258789,94.5509262084961,69600
2025-06-04,95.26000213623047,95.62999725341797,94.95999908447266,95.38999938964844,94.78941345214844,211300
2025-06-05,95.55000305175781,96.11000061035156,94.69999694824219,94.8499984741211,94.2528076171875,90100
2025-06-06,95.6500015258789,96.05999755859375,95.51000213623047,95.80000305175781,95.19684600830078,79700
2025-06-09,96.02999877929688,96.33999633789062,95.77999877929688,95.80999755859375,95.20677185058594,72100
2025-06-10,96.05000305175781,96.66999816894531,95.95999908447266,96.62000274658203,96.01168060302734,54800
2025-06-11,96.7300033569336,96.95999908447266,95.83000183105469,96.37000274658203,95.76324462890625,88900
2025-06-12,96.05000305175781,96.55000305175781,95.95999908447266,96.43000030517578,95.82286834716797,71900
2025-06-13,95.20999908447266,95.94000244140625,94.76000213623047,94.83999633789062,94.24287414550781,370400
2025-06-16,95.62000274658203,96.54000091552734,95.62000274658203,96.27999877929688,95.6738052368164,211900
2025-06-17,95.83000183105469,96.11000061035156,95.0,95.08999633789062,94.49130249023438,232000
2025-06-18,95.48999786376953,95.70999908447266,94.81999969482422,95.13999938964844,94.54098510742188,90300
2025-06-20,95.9000015258789,95.9000015258789,94.4800033569336,94.87999725341797,94.28263092041016,55800
2025-06-23,94.91999816894531,95.68000030517578,94.29000091552734,95.5999984741211,94.99809265136719,370300
2025-06-24,96.1500015258789,97.20999908447266,96.1500015258789,97.12000274658203,96.65208435058594,237000
2025-06-25,97.37999725341797,97.37999725341797,96.45999908447266,96.62999725341797,96.16444396972656,68000
2025-06-26,97.01000213623047,97.33000183105469,96.72000122070312,97.31999969482422,96.85111999511719,40300
2025-06-27,97.62999725341797,98.08000183105469,97.20999908447266,97.51000213623047,97.04020690917969,40500
2025-06-30,98.04000091552734,98.36000061035156,97.80999755859375,98.30999755859375,97.83634948730469,72900
2025-07-01,97.86000061035156,98.6500015258789,97.86000061035156,98.3499984741211,97.87615966796875,98000
2025-07-02,98.22000122070312,98.70999908447266,97.95999908447266,98.70999908447266,98.23442077636719,51700
2025-07-03,99.11000061035156,99.70999908447266,99.06999969482422,99.44999694824219,98.97085571289062,73000
2025-07-07,99.05000305175781,99.27999877929688,98.23999786376953,98.66000366210938,98.1846694946289,79900
2025-07-08,98.9000015258789,99.4000015258789,98.87999725341797,99.11000061035156,98.63249969482422,234100
2025-07-09,99.5,99.62999725341797,98.83000183105469,99.37000274658203,98.89125061035156,46500
2025-07-10,99.44000244140625,99.44000244140625,98.80000305175781,98.95999908447266,98.48321533203125,71200
2025-07-11,98.54000091552734,98.69999694824219,98.27999877929688,98.47000122070312,97.9955825805664,61600
2025-07-14,98.47000122070312,98.95999908447266,98.19999694824219,98.80999755859375,98.33393859863281,54700
2025-07-15,99.2699966430664,99.2699966430664,98.12999725341797,98.18000030517578,97.70697784423828,48000
2025-07-16,98.06999969482422,98.44999694824219,97.12999725341797,98.26000213623047,97.7865982055664,100900
2025-07-17,98.4000015258789,99.22000122070312,98.33999633789062,99.18000030517578,98.70216369628906,71600
2025-07-18,99.66000366210938,99.7300033569336,98.94999694824219,99.12999725341797,98.65239715576172,64200
2025-07-21,99.4000015258789,99.88999938964844,99.4000015258789,99.54000091552734,99.0604248046875,44600
2025-07-22,99.56999969482422,99.98999786376953,99.25,99.91000366210938,99.42864990234375,150400
2025-07-23,100.06999969482422,100.33000183105469,99.70999908447266,100.31999969482422,99.836669921875,80300
2025-07-24,100.31999969482422,100.4000015258789,99.9800033569336,100.08000183105469,99.59781646728516,53500
2025-07-25,100.0999984741211,100.43000030517578,99.87999725341797,100.37999725341797,99.89636993408203,53100
2025-07-28,100.55999755859375,100.80999755859375,100.31999969482422,100.31999969482422,99.836669921875,46300
2025-07-29,100.6500015258789,100.94000244140625,100.16999816894531,100.26000213623047,99.7769546508789,68600
2025-07-30,100.25,100.6500015258789,99.58000183105469,99.95999908447266,99.47840118408203,44400
2025-07-31,99.66999816894531,99.81999969482422,98.12000274658203,98.36000061035156,97.88611602783203,332600
2025-08-01,97.44000244140625,97.44000244140625,96.08999633789062,96.83000183105469,96.36348724365234,135400
2025-08-04,97.45999908447266,98.38999938964844,97.45999908447266,98.38999938964844,97.91596984863281,191200
2025-08-05,98.5999984741211,98.5999984741211,97.5,97.58000183105469,97.10987091064453,96900
2025-08-06,97.83000183105469,98.1500015258789,97.3499984741211,97.97000122070312,97.49799346923828,93700
2025-08-07,98.62999725341797,98.80000305175781,97.20999908447266,97.83999633789062,97.36861419677734,138300
2025-08-08,97.58000183105469,97.91000366210938,97.33999633789062,97.6500015258789,97.17953491210938,54500
2025-08-11,97.8499984741211,98.0999984741211,96.98999786376953,97.18000030517578,96.7117919921875,62400
2025-08-12,97.61000061035156,98.44000244140625,97.37000274658203,98.37000274658203,97.89606475830078,85500
2025-08-13,98.87000274658203,99.2699966430664,98.62000274658203,99.22000122070312,98.74197387695312,251000
2025-08-14,98.56999969482422,98.77999877929688,98.30999755859375,98.58999633789062,98.11499786376953,112400
2025-08-15,98.58999633789062,98.58999633789062,98.16000366210938,98.27999877929688,97.8064956665039,79300
2025-08-18,98.19999694824219,98.5199966430664,98.19999694824219,98.44000244140625,97.9657211303711,64300
2025-08-19,98.55000305175781,98.6500015258789,97.72000122070312,97.9000015258789,97.42832946777344,160400
2025-08-20,97.88999938964844,97.97000122070312,96.83999633789062,97.63999938964844,97.1695785522461,82400
2025-08-21,97.19999694824219,97.5199966430664,96.9000015258789,97.22000122070312,96.75160217285156,287400
2025-08-22,97.61000061035156,99.30000305175781,97.58000183105469,98.9000015258789,98.42351531982422,481100
2025-08-25,98.6500015258789,98.6500015258789,98.0,98.05000305175781,97.57760620117188,305300
2025-08-26,98.02999877929688,98.25,97.83000183105469,98.08000183105469,97.60746765136719,66000
2025-08-27,97.9800033569336,98.4800033569336,97.93000030517578,98.41999816894531,97.94581604003906,90500
2025-08-28,98.66999816894531,98.9000015258789,98.4800033569336,98.77999877929688,98.30408477783203,147400
2025-08-29,98.5,98.5999984741211,97.80999755859375,98.05000305175781,97.57760620117188,74200
2025-09-02,96.58999633789062,97.2300033569336,96.37000274658203,97.2300033569336,96.76155853271484,167800
2025-09-03,97.30999755859375,97.30999755859375,96.62999725341797,97.22000122070312,96.75160217285156,170000
2025-09-04,97.19000244140625,97.91000366210938,96.75,97.7699966430664,97.2989501953125,180000
2025-09-05,98.08000183105469,98.54000091552734,97.26000213623047,97.94000244140625,97.4681396484375,113300
2025-09-08,98.16999816894531,98.3499984741211,97.87999725341797,98.31999969482422,97.84629821777344,182900
2025-09-09,98.41000366210938,98.56999969482422,98.12000274658203,98.56999969482422,98.09510040283203,101000
2025-09-10,98.48999786376953,98.48999786376953,97.38999938964844,97.75,97.279052734375,144400
2025-09-11,98.05999755859375,99.31999969482422,98.05999755859375,99.06999969482422,98.59269714355469,235900
2025-09-12,99.08999633789062,99.25,98.87999725341797,98.9800033569336,98.50312805175781,127800
2025-09-15,99.05999755859375,99.54000091552734,99.05999755859375,99.29000091552734,98.81163787841797,78500
2025-09-16,99.2699966430664,99.4800033569336,98.95999908447266,99.26000213623047,98.78176879882812,149700
2025-09-17,99.5199966430664,100.25,98.7699966430664,99.76000213623047,99.27935791015625,186100
2025-09-18,100.69000244140625,101.27999877929688,100.45999908447266,100.87999725341797,100.39396667480469,114100
2025-09-19,101.2699966430664,101.2699966430664,100.41999816894531,100.83999633789062,100.35415649414062,59700
2025-09-22,100.6500015258789,101.41999816894531,100.4800033569336,101.30000305175781,100.81194305419922,187000
2025-09-23,101.23999786376953,101.44999694824219,100.83000183105469,100.87999725341797,100.53985595703125,148300
2025-09-24,101.04000091552734,101.19000244140625,100.41000366210938,100.69000244140625,100.35050964355469,56900
2025-09-25,100.0,100.2300033569336,99.48999786376953,100.05000305175781,99.7126693725586,165600
2025-09-26,100.31999969482422,101.08999633789062,100.29000091552734,101.0199966430664,100.67938995361328,127800
2025-09-29,101.73999786376953,101.87000274658203,101.37999725341797,101.70999908447266,101.3670654296875,138500
2025-09-30,101.58999633789062,101.7300033569336,100.9800033569336,101.61000061035156,101.26741027832031,263000
2025-10-01,101.41999816894531,102.2300033569336,101.41999816894531,102.18000030517578,101.83547973632812,292400
2025-10-02,102.66000366210938,102.76000213623047,102.16000366210938,102.7300033569336,102.38363647460938,258000
2025-10-03,102.88999938964844,103.33000183105469,102.68000030517578,102.76000213623047,102.41352844238281,89800
2025-10-06,103.88999938964844,103.94999694824219,103.12000274658203,103.12000274658203,102.7723159790039,364600
2025-10-07,103.4000015258789,103.5199966430664,102.2300033569336,102.41999816894531,102.07467651367188,120600
2025-10-08,102.5199966430664,103.58000183105469,102.48999786376953,103.5,103.15103149414062,128500
2025-10-09,103.54000091552734,103.54000091552734,102.62999725341797,102.94999694824219,102.60289001464844,110700
2025-10-10,103.18000030517578,103.38999938964844,99.70999908447266,99.7699966430664,99.43360137939453,213300
2025-10-13,100.94999694824219,101.6500015258789,100.66999816894531,101.3499984741211,101.0082778930664,171100
2025-10-14,100.25,102.2300033569336,100.16999816894531,101.47000122070312,101.12788391113281,94900
2025-10-15,102.36000061035156,102.58000183105469,101.01000213623047,101.8499984741211,101.506591796875,227500
2025-10-16,102.55999755859375,102.55999755859375,100.68000030517578,101.27999877929688,100.93851470947266,91200
2025-10-17,101.0199966430664,102.13999938964844,101.0199966430664,101.86000061035156,101.51656341552734,84100
2025-10-20,102.5,103.36000061035156,102.5,103.23999786376953,102.89190673828125,109800
2025-10-21,103.22000122070312,104.0,103.0,103.7699966430664,103.42011260986328,170500
2025-10-22,103.56999969482422,103.83000183105469,102.33000183105469,102.83999633789062,102.49325561523438,175600
2025-10-23,102.66999816894531,103.62000274658203,102.66999816894531,103.54000091552734,103.19090270996094,131300
2025-10-24,104.31999969482422,104.58999633789062,103.98999786376953,103.98999786376953,103.6393814086914,153600
2025-10-27,104.98999786376953,105.30999755859375,104.83000183105469,105.2300033569336,104.87520599365234,690400
2025-10-28,105.16999816894531,105.37000274658203,104.91000366210938,104.94999694824219,104.59614562988281,122500
2025-10-29,104.87999725341797,104.88999938964844,103.44999694824219,104.0,103.64934539794922,233100
2025-10-30,103.19999694824219,104.20999908447266,103.16000366210938,103.16000366210938,102.81218719482422,218200
2025-10-31,103.6500015258789,103.98999786376953,103.1500015258789,103.69999694824219,103.35034942626953,125400
2025-11-03,104.02999877929688,104.1500015258789,102.79000091552734,103.56999969482422,103.22079467773438,413400
2025-11-04,102.66999816894531,102.75,101.69999694824219,101.87999725341797,101.53649139404297,99400
2025-11-05,101.54000091552734,103.05999755859375,101.54000091552734,102.6500015258789,102.30390167236328,130600
2025-11-06,102.5,102.5,100.83999633789062,101.08999633789062,100.74915313720703,300500
2025-11-07,100.4800033569336,101.08000183105469,99.44999694824219,101.08000183105469,100.73919677734375,264100
2025-11-10,102.16000366210938,102.36000061035156,101.4000015258789,102.19000244140625,101.84545135498047,88900
2025-11-11,102.04000091552734,102.51000213623047,101.9000015258789,102.38999938964844,102.04476928710938,120700
2025-11-12,102.69000244140625,102.76000213623047,102.20999908447266,102.44999694824219,102.10456848144531,69200
2025-11-13,101.76000213623047,102.19000244140625,100.69000244140625,100.81999969482422,100.48006439208984,257300
2025-11-14,99.75,101.44999694824219,99.75,100.62999725341797,100.29071044921875,286200
2025-11-17,100.33000183105469,100.86000061035156,99.05999755859375,99.51000213623047,99.17448425292969,235000
2025-11-18,98.83000183105469,99.68000030517578,98.3499984741211,99.0199966430664,98.6861343383789,406300
2025-11-19,99.02999877929688,99.87000274658203,98.5199966430664,99.05000305175781,98.71603393554688,396700
2025-11-20,100.18000030517578,100.5,96.83000183105469,96.91000366210938,96.583251953125,532700
2025-11-21,97.12000274658203,99.19999694824219,96.87000274658203,98.41999816894531,98.0881576538086,419000
2025-11-24,98.87999725341797,99.81999969482422,98.70999908447266,99.58000183105469,99.24424743652344,290400
2025-11-25,99.29000091552734,100.7699966430664,99.05000305175781,100.61000061035156,100.2707748413086,706600
2025-11-26,100.94999694824219,101.51000213623047,100.88999938964844,101.22000122070312,100.87872314453125,210400
2025-11-28,101.52999877929688,102.16000366210938,101.43000030517578,102.1500015258789,101.80558013916016,136100
2025-12-01,101.47000122070312,102.33000183105469,101.37999725341797,101.77999877929688,101.43682861328125,74600
2025-12-02,102.2699966430664,103.0199966430664,102.0199966430664,102.77999877929688,102.43345642089844,171900
2025-12-03,102.66999816894531,103.97000122070312,102.66999816894531,103.91999816894531,103.56961059570312,142400
2025-12-04,103.97000122070312,103.97000122070312,103.22000122070312,103.58999633789062,103.24072265625,186600
2025-12-05,103.9000015258789,104.73999786376953,103.9000015258789,104.08000183105469,103.72907257080078,136500
2025-12-08,104.44999694824219,104.44999694824219,103.31999969482422,103.55000305175781,103.20085906982422,153500
2025-12-09,103.41000366210938,103.73999786376953,103.36000061035156,103.45999908447266,103.11116790771484,62900
2025-12-10,103.51000213623047,104.72000122070312,103.26000213623047,104.44000244140625,104.08786010742188,71000
2025-12-11,104.01000213623047,104.44000244140625,103.6500015258789,104.43000030517578,104.07789611816406,171300
2025-12-12,104.36000061035156,104.62000274658203,103.06999969482422,103.23999786376953,102.89190673828125,199300
2025-12-15,103.8499984741211,103.8499984741211,102.80000305175781,103.02999877929688,102.68260955810547,67300
2025-12-16,102.76000213623047,103.11000061035156,102.23999786376953,102.80000305175781,102.45339965820312,128500
2025-12-17,102.88999938964844,103.0999984741211,101.52999877929688,101.55000305175781,101.20760345458984,91900
2025-12-18,102.87999725341797,103.23999786376953,102.31999969482422,102.48999786376953,102.14443969726562,232400
2025-12-19,102.63999938964844,103.69999694824219,102.63999938964844,103.2699966430664,102.92179870605469,133300
2025-12-22,104.0,104.12000274658203,103.76000213623047,103.8499984741211,103.49984741210938,103300
2025-12-23,103.36000061035156,103.5199966430664,103.05000305175781,103.45999908447266,103.29119110107422,114000
2025-12-24,103.26000213623047,103.83000183105469,103.26000213623047,103.7699966430664,103.6006851196289,29500
2025-12-26,103.79000091552734,103.83999633789062,103.5999984741211,103.81999969482422,103.65060424804688,78000
2025-12-29,103.36000061035156,103.98999786376953,103.30999755859375,103.55000305175781,103.38105010986328,92400
2025-12-30,103.38999938964844,103.69000244140625,103.2300033569336,103.25,103.08153533935547,48300
2025-12-31,103.26000213623047,103.26000213623047,102.27999877929688,102.30999755859375,102.14306640625,207200
2026-01-02,103.0,103.05999755859375,101.94000244140625,102.36000061035156,102.19298553466797,225200
2026-01-05,103.12000274658203,103.81999969482422,103.08999633789062,103.37999725341797,103.21131896972656,240200
2026-01-06,103.62000274658203,105.41000366210938,103.62000274658203,105.25,105.0782699584961,329000
2026-01-07,105.12999725341797,105.3499984741211,104.68000030517578,104.83999633789062,104.66893768310547,120800
2026-01-08,104.38999938964844,104.5199966430664,104.05999755859375,104.3499984741211,104.17974090576172,116600
2026-01-09,104.75,105.36000061035156,104.25,105.19000244140625,105.01837158203125,85100
2026-01-12,104.54000091552734,105.1500015258789,104.44000244140625,105.08000183105469,104.90855407714844,136400
2026-01-13,105.05000305175781,105.18000030517578,104.45999908447266,104.73999786376953,104.56909942626953,115200
2026-01-14,104.29000091552734,104.5199966430664,103.48999786376953,104.31999969482422,104.14978790283203,189800
2026-01-15,105.29000091552734,105.33000183105469,104.4000015258789,104.4800033569336,104.30953216552734,203200
2026-01-16,104.81999969482422,104.91000366210938,103.88999938964844,104.27999877929688,104.10985565185547,263100
2026-01-20,102.83999633789062,103.72000122070312,102.63999938964844,102.81999969482422,102.65223693847656,362100
2026-01-21,103.2699966430664,104.97000122070312,103.23999786376953,104.5,104.32949829101562,1017100
2026-01-22,105.29000091552734,105.47000122070312,104.75,105.13999938964844,104.96845245361328,202700
2026-01-23,105.01000213623047,105.26000213623047,104.62999725341797,104.91999816894531,104.74880981445312,239800
2026-01-26,105.05000305175781,105.68000030517578,104.83000183105469,105.5,105.32786560058594,225100
2026-01-27,105.95999908447266,106.05999755859375,105.55000305175781,105.94000244140625,105.76715087890625,130000
2026-01-28,106.55999755859375,107.05999755859375,106.16999816894531,106.20999908447266,106.03670501708984,397800
2026-01-29,106.33000183105469,106.33000183105469,104.27999877929688,105.4000015258789,105.22802734375,323000
2026-01-30,104.91999816894531,105.1500015258789,103.36000061035156,103.87000274658203,103.70052337646484,294400
2026-02-02,103.66000366210938,104.95999908447266,103.56999969482422,104.54000091552734,104.36943054199219,246400
2026-02-03,104.37000274658203,104.37000274658203,101.62999725341797,102.5999984741211,102.4325942993164,595300
2026-02-04,102.29000091552734,102.7300033569336,101.16000366210938,101.97000122070312,101.80362701416016,437700
2026-02-05,101.29000091552734,101.80000305175781,100.18000030517578,100.4800033569336,100.31605529785156,434000
2026-02-06,101.23999786376953,102.80000305175781,101.2300033569336,102.55000305175781,102.38268280029297,316000
2026-02-09,102.23999786376953,103.22000122070312,101.81999969482422,103.04000091552734,102.87187957763672,68300
2026-02-10,103.23999786376953,103.63999938964844,102.83999633789062,102.91000366210938,102.74209594726562,86900
2026-02-11,103.6500015258789,103.6500015258789,102.29000091552734,103.27999877929688,103.11148834228516,101900
2026-02-12,103.51000213623047,104.08999633789062,101.33000183105469,101.5199966430664,101.35435485839844,502400
2026-02-13,101.43000030517578,103.30999755859375,101.37000274658203,102.68000030517578,102.51246643066406,154600
2026-02-17,102.3499984741211,102.86000061035156,101.33999633789062,102.33000183105469,102.16304016113281,220400
2026-02-18,102.47000122070312,103.72000122070312,102.22000122070312,103.16999816894531,103.00166320800781,148100
2026-02-19,102.79000091552734,102.80000305175781,102.12999725341797,102.73999786376953,102.5723648071289,526900
2026-02-20,102.23999786376953,103.69000244140625,102.23999786376953,103.23999786376953,103.07154846191406,315600
2026-02-23,102.61000061035156,102.86000061035156,101.3499984741211,101.73999786376953,101.5739974975586,355300
2026-02-24,101.91000366210938,102.98999786376953,101.7300033569336,102.83000183105469,102.66222381591797,263400
2026-02-25,103.23999786376953,104.08999633789062,103.23999786376953,104.02999877929688,103.86026000976562,596000
2026-02-26,104.1500015258789,104.23999786376953,103.0199966430664,103.94999694824219,103.78038787841797,231600
2026-02-27,102.7699966430664,104.05000305175781,102.7699966430664,103.9800033569336,103.81034851074219,230200
2026-03-02,102.51000213623047,104.04000091552734,102.51000213623047,103.72000122070312,103.55077362060547,199400
2026-03-03,101.58000183105469,102.87999725341797,100.87000274658203,102.41000366210938,102.24291229248047,464100
2026-03-04,103.08999633789062,104.16000366210938,102.66999816894531,103.77999877929688,103.61067199707031,177200
2026-03-05,103.30999755859375,104.19999694824219,102.48999786376953,103.33000183105469,103.16140747070312,349800
2026-03-06,101.86000061035156,102.62999725341797,101.4800033569336,102.0199966430664,101.8535385131836,541400
2026-03-09,100.88999938964844,103.19999694824219,100.37999725341797,102.91999816894531,102.7520751953125,484000
2026-03-10,102.98999786376953,103.5,102.0999984741211,102.33000183105469,102.16304016113281,299800
2026-03-11,102.37000274658203,102.7300033569336,101.55999755859375,102.04000091552734,101.8735122680664,189500
2026-03-12,101.12000274658203,101.52999877929688,99.81999969482422,99.9000015258789,99.73699951171875,723100
2026-03-13,100.43000030517578,101.05999755859375,99.73999786376953,99.94000244140625,99.77693939208984,278200
2026-03-16,101.05999755859375,101.5199966430664,100.91999816894531,101.06999969482422,100.90509033203125,265300
2026-03-17,101.58000183105469,102.43000030517578,101.55000305175781,101.9000015258789,101.7337417602539,116000
2026-03-18,101.41000366210938,101.58999633789062,100.33999633789062,100.3499984741211,100.18626403808594,148500
2026-03-19,99.44000244140625,100.87999725341797,99.41999816894531,100.37999725341797,100.21621704101562,252600
2026-03-20,100.13999938964844,100.30000305175781,98.33000183105469,98.9000015258789,98.73863220214844,422800
2026-03-23,100.36000061035156,101.04000091552734,99.58000183105469,99.9000015258789,99.73699951171875,441600
2026-03-24,99.0999984741211,99.43000030517578,98.38999938964844,98.80999755859375,98.80999755859375,629900
2026-03-25,99.9000015258789,100.20999908447266,98.9000015258789,99.5,99.5,418400
2026-03-26,98.9000015258789,99.79000091552734,98.22000122070312,98.29000091552734,98.29000091552734,211200
2026-03-27,97.77999877929688,97.77999877929688,96.0999984741211,96.30000305175781,96.30000305175781,202200
2026-03-30,96.97000122070312,97.30000305175781,95.63999938964844,96.05999755859375,96.05999755859375,173200
2026-03-31,97.16000366210938,98.73999786376953,96.58999633789062,98.52999877929688,98.52999877929688,305200
2026-04-01,99.12000274658203,99.69999694824219,98.62999725341797,99.19999694824219,99.19999694824219,201200
2026-04-02,97.66999816894531,99.62000274658203,97.48999786376953,99.26000213623047,99.26000213623047,156800
2026-04-06,99.37000274658203,100.0999984741211,99.37000274658203,99.97000122070312,99.97000122070312,139300
2026-04-07,99.44000244140625,99.69000244140625,98.5,99.69000244140625,99.69000244140625,242900
2026-04-08,102.3499984741211,102.7699966430664,101.66999816894531,102.0999984741211,102.0999984741211,160500
2026-04-09,101.94000244140625,102.0,101.16999816894531,101.73999786376953,101.73999786376953,303500
2026-04-10,101.97000122070312,102.0,100.93000030517578,101.12000274658203,101.12000274658203,252000
2026-04-13,100.87000274658203,102.62999725341797,100.73999786376953,102.5999984741211,102.5999984741211,121700
2026-04-14,103.12000274658203,103.52999877929688,102.91000366210938,103.51000213623047,103.51000213623047,125200
2026-04-15,103.56999969482422,104.62000274658203,103.37999725341797,104.52999877929688,104.52999877929688,160200
2026-04-16,104.91999816894531,105.69000244140625,104.80999755859375,105.33000183105469,105.33000183105469,249000
2026-04-17,106.3499984741211,107.0,106.12999725341797,106.66000366210938,106.66000366210938,237100
2026-04-20,106.55999755859375,107.12000274658203,106.41999816894531,107.08000183105469,107.08000183105469,125500
2026-04-21,107.47000122070312,107.86000061035156,106.44000244140625,106.79000091552734,106.79000091552734,69300
2026-04-22,107.94000244140625,107.97000122070312,107.5199966430664,107.91999816894531,107.91999816894531,110800
2026-04-23,107.58000183105469,108.30999755859375,106.75,107.79000091552734,107.79000091552734,184200
2026-04-24,108.70999908447266,108.87999725341797,108.0999984741211,108.83999633789062,108.83999633789062,160500
2026-04-27,108.62999725341797,108.8499984741211,108.16000366210938,108.27999877929688,108.27999877929688,89900
2026-04-28,107.48999786376953,107.83000183105469,106.87000274658203,107.11000061035156,107.11000061035156,156100
2026-04-29,107.8499984741211,107.98999786376953,107.36000061035156,107.98999786376953,107.98999786376953,181100
2026-04-30,108.44999694824219,109.61000061035156,107.95999908447266,109.4800033569336,109.4800033569336,122500
2026-05-01,109.68000030517578,110.52999877929688,109.68000030517578,110.37000274658203,110.37000274658203,108400
2026-05-04,110.4000015258789,110.87999725341797,109.70999908447266,110.1500015258789,110.1500015258789,97500
2026-05-05,110.9000015258789,111.44999694824219,110.4800033569336,111.22000122070312,111.22000122070312,196700
2026-05-06,112.16999816894531,112.66999816894531,111.7300033569336,112.5999984741211,112.5999984741211,101600
2026-05-07,113.01000213623047,113.31999969482422,112.05999755859375,112.44000244140625,112.44000244140625,60000
2026-05-08,112.94999694824219,114.05000305175781,112.69999694824219,114.05000305175781,114.05000305175781,160700
2026-05-11,114.04000091552734,114.43000030517578,113.69999694824219,114.16000366210938,114.16000366210938,142000
2026-05-12,113.37999725341797,113.41000366210938,111.80999755859375,113.0,113.0,370700
2026-05-13,113.2300033569336,113.43000030517578,112.38999938964844,113.19999694824219,113.19999694824219,170900
2026-05-14,113.31999969482422,114.16999816894531,113.16999816894531,113.76000213623047,113.76000213623047,173100
2026-05-15,112.63999938964844,113.33999633789062,112.22000122070312,112.66000366210938,112.66000366210938,116700
2026-05-18,112.91999816894531,113.12999725341797,111.93000030517578,112.91000366210938,112.91000366210938,105500
2026-05-19,111.97000122070312,113.30000305175781,111.97000122070312,112.6500015258789,112.6500015258789,113400
2026-05-20,113.01000213623047,114.77999877929688,112.86000061035156,114.70999908447266,114.70999908447266,106400
2026-05-21,114.30000305175781,115.55000305175781,113.9000015258789,115.48999786376953,115.48999786376953,221000
2026-05-22,115.87000274658203,117.08000183105469,115.87000274658203,116.62000274658203,116.62000274658203,228200
2026-05-26,117.75,118.5999984741211,117.43000030517578,118.37000274658203,118.37000274658203,130100
2026-05-27,118.72000122070312,118.72000122070312,117.05000305175781,117.31999969482422,117.31999969482422,204600
2026-05-28,117.41999816894531,118.87000274658203,116.93000030517578,118.33999633789062,118.33999633789062,125400
2026-05-29,118.87999725341797,119.38999938964844,118.6500015258789,119.29000091552734,119.29000091552734,251100
2026-06-01,118.94000244140625,121.33999633789062,118.94000244140625,120.98999786376953,120.98999786376953,168000
2026-06-02,120.91999816894531,121.83999633789062,120.43000030517578,121.79000091552734,121.79000091552734,159700
2026-06-03,122.06999969482422,122.06999969482422,120.87999725341797,121.66999816894531,121.66999816894531,210600
2026-06-04,120.79000091552734,121.72000122070312,120.45999908447266,121.4000015258789,121.4000015258789,140900
2026-06-05,120.05000305175781,120.05000305175781,116.19000244140625,116.22000122070312,116.22000122070312,486800
