date,open,high,low,close,adj_close,volume
2018-01-02,56.90999984741211,58.163333892822266,56.84000015258789,58.13999938964844,53.65044403076172,2860200.0
2018-01-03,58.456668853759766,59.17333221435547,58.323333740234375,59.15666580200195,54.588619232177734,1326900.0
2018-01-04,59.59333419799805,59.689998626708984,59.01333236694336,59.4900016784668,54.896209716796875,1335000.0
2018-01-05,59.75666809082031,60.07666778564453,59.40999984741211,59.83000183105469,55.20995330810547,1170600.0
2018-01-08,59.869998931884766,60.48666763305664,59.68333435058594,60.29999923706055,55.643653869628906,1622700.0
2018-01-09,60.459999084472656,60.459999084472656,59.63999938964844,59.706668853759766,55.09614562988281,1464600.0
2018-01-10,59.029998779296875,59.27333450317383,58.51666641235352,58.9900016784668,54.434814453125,2030400.0
2018-01-11,59.18000030517578,59.37333297729492,58.936668395996094,59.34333419799805,54.7608642578125,1047300.0
2018-01-12,59.40666580200195,59.790000915527344,59.186668395996094,59.663333892822266,55.056148529052734,1101900.0
2018-01-16,60.16999816894531,60.563331604003906,59.5099983215332,59.86000061035156,55.23762893676758,1462500.0
2018-01-17,60.41999816894531,61.68000030517578,60.356666564941406,61.5966682434082,56.8401985168457,1136700.0
2018-01-18,61.57666778564453,62.176666259765625,61.50333404541016,61.87333297729492,57.095489501953125,3163800.0
2018-01-19,62.1533317565918,62.25,61.56999969482422,61.936668395996094,57.1539421081543,1188600.0
2018-01-22,62.0533332824707,62.413333892822266,61.75666809082031,62.39666748046875,57.57841873168945,1247700.0
2018-01-23,62.69333267211914,62.9033317565918,62.46333312988281,62.89666748046875,58.039817810058594,1467000.0
2018-01-24,62.24666595458984,62.459999084472656,61.02000045776367,61.456668853759766,56.71101379394531,3006000.0
2018-01-25,62.12666702270508,62.28333282470703,60.38999938964844,60.38999938964844,55.726715087890625,2254800.0
2018-01-26,61.206668853759766,62.33000183105469,61.176666259765625,62.31999969482422,57.50766372680664,1667700.0
2018-01-29,62.09333419799805,62.66666793823242,61.49333190917969,62.22999954223633,57.424617767333984,1626000.0
2018-01-30,61.33333206176758,61.689998626708984,60.913333892822266,60.99333190917969,56.283451080322266,1948500.0
2018-01-31,61.709999084472656,61.93000030517578,61.150001525878906,61.4900016784668,56.74176025390625,1163700.0
2018-02-01,61.0,62.09000015258789,60.90666580200195,61.186668395996094,56.46186065673828,1255500.0
2018-02-02,60.68333435058594,60.72999954223633,59.5099983215332,59.540000915527344,54.94234848022461,3241800.0
2018-02-05,58.65666580200195,59.973331451416016,56.56999969482422,56.73666763305664,52.35548400878906,3915600.0
2018-02-06,55.866668701171875,58.86000061035156,55.73666763305664,58.790000915527344,54.25025939941406,4045500.0
2018-02-07,58.40666580200195,58.93000030517578,57.52000045776367,57.529998779296875,53.087554931640625,3262200.0
2018-02-08,57.79999923706055,57.959999084472656,55.06666564941406,55.11333465576172,50.85750961303711,4162200.0
2018-02-09,56.366668701171875,57.099998474121094,54.393333435058594,56.70000076293945,52.321651458740234,5947800.0
2018-02-12,57.45333480834961,58.16666793823242,56.91999816894531,57.790000915527344,53.32747650146485,2956200.0
2018-02-13,57.426666259765625,57.84333419799805,57.23666763305664,57.723331451416016,53.26595306396485,1481700.0
2018-02-14,57.27333450317383,59.16666793823242,57.15999984741211,59.07666778564453,54.514793395996094,1199100.0
2018-02-15,59.633331298828125,59.790000915527344,58.393333435058594,59.779998779296875,55.16380310058594,1732500.0
2018-02-16,59.48333358764648,60.313331604003906,59.48333358764648,59.56666564941406,54.966949462890625,929700.0
2018-02-20,59.380001068115234,61.16666793823242,59.31999969482422,60.619998931884766,55.938941955566406,2507400.0
2018-02-21,60.95333480834961,61.0,59.883331298828125,59.92333221435547,55.29607772827149,1435500.0
2018-02-22,60.27000045776367,60.413333892822266,59.59333419799805,59.790000915527344,55.17303085327149,1460700.0
2018-02-23,60.426666259765625,61.06999969482422,60.23333358764648,61.06999969482422,56.354190826416016,1424700.0
2018-02-26,61.43333435058594,62.400001525878906,61.426666259765625,62.38666534423828,57.56918716430664,1090500.0
2018-02-27,62.413333892822266,63.2400016784668,62.18000030517578,62.18000030517578,57.37848663330078,1369200.0
2018-02-28,62.616668701171875,62.7400016784668,61.56666564941406,61.62666702270508,56.86787414550781,1266600.0
2018-03-01,61.84333419799805,61.883331298828125,59.9466667175293,60.6533317565918,55.969703674316406,2850300.0
2018-03-02,59.96666717529297,61.79666519165039,59.82666778564453,61.68333435058594,56.920169830322266,1392600.0
2018-03-05,61.35333251953125,62.53666687011719,61.07666778564453,62.23666763305664,57.430763244628906,1251000.0
2018-03-06,62.83000183105469,63.3466682434082,62.5,63.17333221435547,58.295108795166016,1779000.0
2018-03-07,62.51666641235352,63.456668853759766,62.51666641235352,63.37666702270508,58.48274612426758,1167300.0
2018-03-08,63.75,63.78666687011719,63.08333206176758,63.43333435058594,58.5350341796875,1147200.0
2018-03-09,63.94333267211914,64.77666473388672,63.793331146240234,64.75,59.750022888183594,1586400.0
2018-03-12,65.22666931152344,65.7699966430664,65.0199966430664,65.4366683959961,60.383670806884766,1860300.0
2018-03-13,65.22666931152344,65.7699966430664,64.14666748046875,64.42666625976562,59.45165252685547,4230000.0
2018-03-14,64.78333282470703,64.78333282470703,63.83000183105469,64.41999816894531,59.44551467895508,1641000.0
2018-03-15,64.58999633789062,64.79000091552734,64.03666687011719,64.37000274658203,59.39936828613281,1073100.0
2018-03-16,64.45999908447266,64.72666931152344,64.27333068847656,64.34333038330078,59.374752044677734,1035000.0
2018-03-19,63.76333236694336,64.0633316040039,62.223331451416016,63.116668701171875,58.242828369140625,2781600.0
2018-03-20,63.25,63.78666687011719,63.16666793823242,63.58000183105469,58.67037582397461,760800.0
2018-03-21,63.50666809082031,64.5199966430664,63.426666259765625,63.70000076293945,58.781105041503906,1380300.0
2018-03-22,62.59333419799805,63.24333190917969,61.8466682434082,61.900001525878906,57.23241424560547,1752000.0
2018-03-23,61.790000915527344,61.900001525878906,59.81666564941406,59.84000015258789,55.3277473449707,3847500.0
2018-03-26,61.24333190917969,62.35333251953125,60.46333312988281,62.336666107177734,57.63615036010742,2399700.0
2018-03-27,62.81666564941406,62.99333190917969,59.53333282470703,60.043331146240234,55.515743255615234,3221700.0
2018-03-28,59.630001068115234,60.176666259765625,58.48333358764648,58.74333190917969,54.31378173828125,2980200.0
2018-03-29,59.13999938964844,60.586666107177734,58.709999084472656,60.01666641235352,55.49109649658203,2504100.0
2018-04-02,59.49333190917969,59.93333435058594,57.1533317565918,57.723331451416016,53.37068557739258,2379600.0
2018-04-03,58.44333267211914,58.97666549682617,57.810001373291016,58.81666564941406,54.38158416748047,1673400.0
2018-04-04,57.12333297729492,59.72999954223633,57.106666564941406,59.573333740234375,55.08119201660156,2024700.0
2018-04-05,59.9466667175293,60.02333450317383,58.58000183105469,58.96333312988281,54.51719284057617,1725000.0
2018-04-06,58.15666580200195,58.793331146240234,56.92333221435547,57.18000030517578,52.86832046508789,1179900.0
2018-04-09,57.85333251953125,59.20333480834961,57.50666809082031,57.540000915527344,53.20118713378906,1113000.0
2018-04-10,58.86000061035156,59.72666549682617,58.48666763305664,59.380001068115234,54.90243911743164,1904100.0
2018-04-11,59.04999923706055,59.926666259765625,58.94333267211914,59.4033317565918,54.92400360107422,1226400.0
2018-04-12,59.87666702270508,60.686668395996094,59.823333740234375,60.52333450317383,55.95955276489258,1911300.0
2018-04-13,61.22999954223633,61.336666107177734,59.86000061035156,60.07666778564453,55.54658126831055,1289400.0
2018-04-16,60.43333435058594,60.50666809082031,59.68333435058594,60.18333435058594,55.645206451416016,849300.0
2018-04-17,60.65999984741211,61.46666717529297,60.53666687011719,61.323333740234375,56.69922637939453,1097700.0
2018-04-18,60.93000030517578,61.06666564941406,60.18000030517578,60.720001220703125,56.14139175415039,1453500.0
2018-04-19,59.5533332824707,59.619998931884766,57.88999938964844,58.09333419799805,53.71278762817383,5532900.0
2018-04-20,58.08000183105469,58.37666702270508,57.1533317565918,57.40666580200195,53.07789993286133,3552000.0
2018-04-23,57.62333297729492,57.75333404541016,56.5,56.643333435058594,52.37213134765625,2047200.0
2018-04-24,57.13666534423828,57.65999984741211,55.689998626708984,56.186668395996094,51.94988632202149,3480900.0
2018-04-25,56.436668395996094,56.52000045776367,55.22999954223633,56.116668701171875,51.88516616821289,4432800.0
2018-04-26,57.00333404541016,57.31999969482422,56.643333435058594,57.26333236694336,52.94537734985352,4609200.0
2018-04-27,57.9900016784668,58.04999923706055,56.58000183105469,56.86333465576172,52.575531005859375,3309000.0
2018-04-30,56.76666641235352,57.1966667175293,55.99666595458984,56.2400016784668,51.99921798706055,1802100.0
2018-05-01,56.099998474121094,57.22666549682617,56.03333282470703,57.163333892822266,52.85292053222656,3127800.0
2018-05-02,57.220001220703125,57.400001525878906,56.66999816894531,56.90999984741211,52.61867904663086,1543200.0
2018-05-03,56.46333312988281,57.5,56.03333282470703,57.25,52.933048248291016,2396700.0
2018-05-04,56.939998626708984,58.6966667175293,56.68000030517578,58.59333419799805,54.175086975097656,1977900.0
2018-05-07,59.073333740234375,59.436668395996094,58.86000061035156,59.15999984741211,54.69902420043945,1185000.0
2018-05-08,59.12333297729492,59.59333419799805,58.893333435058594,59.5099983215332,55.02262115478515,1206300.0
2018-05-09,59.72999954223633,60.459999084472656,59.5966682434082,60.41666793823242,55.860931396484375,1043700.0
2018-05-10,60.75666809082031,61.543331146240234,60.720001220703125,61.51666641235352,56.87797164916992,1242900.0
2018-05-11,61.16666793823242,61.63666534423828,60.956668853759766,61.06666564941406,56.4619140625,1857900.0
2018-05-14,61.83000183105469,62.55666732788086,61.70333480834961,61.813331604003906,57.15227127075195,1653900.0
2018-05-15,61.40666580200195,61.58000183105469,60.70333480834961,61.143333435058594,56.53279495239258,1263900.0
2018-05-16,61.62666702270508,62.063331604003906,61.106666564941406,61.93000030517578,57.2601432800293,1221300.0
2018-05-17,61.78666687011719,62.25333404541016,61.28666687011719,61.75,57.09372329711914,1301400.0
2018-05-18,61.20000076293945,61.28666687011719,60.650001525878906,60.866668701171875,56.27699279785156,2072700.0
2018-05-21,61.76333236694336,62.08333206176758,60.936668395996094,61.47666549682617,56.84098434448242,1473300.0
2018-05-22,62.0,62.290000915527344,61.61000061035156,61.81999969482422,57.158443450927734,1496400.0
2018-05-23,61.34000015258789,62.17333221435547,61.08333206176758,62.1533317565918,57.46664047241211,1039200.0
2018-05-24,62.1966667175293,62.53666687011719,61.630001068115234,62.4033317565918,57.69779586791992,1136100.0
2018-05-25,62.400001525878906,62.99666595458984,62.29999923706055,62.90666580200195,58.16318130493164,1400700.0
2018-05-29,62.63999938964844,63.0533332824707,62.09333419799805,62.526668548583984,57.81183242797851,1538400.0
2018-05-30,62.866668701171875,63.4033317565918,62.62333297729492,62.93333435058594,58.18782424926758,2143500.0
2018-05-31,62.83000183105469,63.116668701171875,62.37666702270508,62.47666549682617,57.765594482421875,1606500.0
2018-06-01,63.03666687011719,63.900001525878906,62.813331604003906,63.900001525878906,59.08160400390625,1060500.0
2018-06-04,64.06999969482422,64.4800033569336,63.82666778564453,64.40666961669922,59.550071716308594,1170900.0
2018-06-05,64.57666778564453,64.88666534423828,64.33333587646484,64.71333312988281,59.8336067199707,641400.0
2018-06-06,64.79000091552734,65.12333679199219,64.4433364868164,65.12333679199219,60.212684631347656,1268100.0
2018-06-07,65.1866683959961,65.26000213623047,64.08000183105469,64.5433349609375,59.676422119140625,2082900.0
2018-06-08,63.80666732788086,64.08999633789062,63.45333480834961,63.96666717529297,59.14323425292969,2429700.0
2018-06-11,63.869998931884766,64.16666412353516,63.633331298828125,63.84333419799805,59.02921295166016,1277700.0
2018-06-12,64.00666809082031,64.21666717529297,63.599998474121094,64.17333221435547,59.33431625366211,932400.0
2018-06-13,64.21333312988281,64.75666809082031,64.00666809082031,64.07666778564453,59.24495315551758,9156900.0
2018-06-14,64.44667053222656,64.7699966430664,64.07333374023438,64.45999908447266,59.599365234375,1635600.0
2018-06-15,64.0433349609375,64.4800033569336,63.81666564941406,64.40333557128906,59.546974182128906,1122600.0
2018-06-18,63.99333190917969,63.99333190917969,63.19333267211914,63.78333282470703,58.97373580932617,1675800.0
2018-06-19,62.83000183105469,63.130001068115234,62.12333297729492,63.08333206176758,58.32651901245117,2631000.0
2018-06-20,63.44333267211914,63.709999084472656,63.0966682434082,63.38666534423828,58.60697937011719,2007300.0
2018-06-21,63.813331604003906,63.84000015258789,62.50666809082031,62.599998474121094,57.8796272277832,1245900.0
2018-06-22,62.9033317565918,62.94333267211914,61.98333358764648,62.10333251953125,57.42041015625,1116300.0
2018-06-25,61.436668395996094,61.436668395996094,59.50333404541016,60.276668548583984,55.73148727416992,5441100.0
2018-06-26,60.26666641235352,60.58333206176758,59.98333358764648,60.28333282470703,55.929412841796875,11004000.0
2018-06-27,60.60333251953125,60.74333190917969,58.813331604003906,58.84333419799805,54.59341049194336,2364000.0
2018-06-28,58.66666793823242,59.42333221435547,58.59000015258789,59.290000915527344,55.007816314697266,4067700.0
2018-06-29,59.83333206176758,60.13666534423828,59.413333892822266,59.413333892822266,55.12224960327149,1278000.0
2018-07-02,58.900001525878906,59.79999923706055,58.4466667175293,59.78666687011719,55.46862030029297,2097300.0
2018-07-03,60.040000915527344,60.12666702270508,58.63999938964844,58.6966667175293,54.457332611083984,1141500.0
2018-07-05,59.220001220703125,60.276668548583984,59.220001220703125,60.26666641235352,55.91394805908203,1341000.0
2018-07-06,60.26333236694336,61.106666564941406,59.939998626708984,61.00666809082031,56.60050582885742,2263200.0
2018-07-09,61.619998931884766,61.63666534423828,60.68000030517578,61.39666748046875,56.96233749389648,1360200.0
2018-07-10,61.5099983215332,62.176666259765625,61.41666793823242,62.04666519165039,57.56538391113281,1403400.0
2018-07-11,61.04666519165039,61.40999984741211,60.4033317565918,60.45333480834961,56.087127685546875,1998600.0
2018-07-12,60.29666519165039,60.94333267211914,59.91999816894531,60.86000061035156,56.46443557739258,2267400.0
2018-07-13,61.03333282470703,61.03333282470703,60.54999923706055,60.63999938964844,56.26031875610352,802200.0
2018-07-16,60.72666549682617,60.96333312988281,60.50666809082031,60.55666732788086,56.18300247192383,612600.0
2018-07-17,60.150001525878906,61.4466667175293,60.0533332824707,61.426666259765625,56.99016189575195,4140600.0
2018-07-18,61.70333480834961,62.00666809082031,61.5,61.900001525878906,57.429317474365234,923400.0
2018-07-19,61.779998779296875,62.01333236694336,61.36000061035156,61.76333236694336,57.30250549316406,871500.0
2018-07-20,61.70000076293945,61.81666564941406,61.15999984741211,61.473331451416016,57.0334587097168,871800.0
2018-07-23,61.15666580200195,61.65999984741211,60.36333465576172,61.55666732788086,57.11077499389648,1001100.0
2018-07-24,61.939998626708984,62.2400016784668,60.79999923706055,60.88666534423828,56.489158630371094,1884000.0
2018-07-25,60.86000061035156,61.16999816894531,60.08000183105469,61.116668701171875,56.70256805419922,10230000.0
2018-07-26,61.52333450317383,62.349998474121094,61.52333450317383,62.310001373291016,57.80968475341797,7296300.0
2018-07-27,62.35333251953125,62.913333892822266,61.57666778564453,62.03333282470703,57.553016662597656,5193300.0
2018-07-30,62.00666809082031,62.176666259765625,61.12333297729492,61.426666259765625,56.99016189575195,2500200.0
2018-07-31,61.836666107177734,62.6966667175293,61.723331451416016,61.83333206176758,57.36747360229492,2271000.0
2018-08-01,61.893333435058594,62.38999938964844,61.47666549682617,61.74333190917969,57.28396987915039,3727800.0
2018-08-02,61.186668395996094,62.43000030517578,60.96666717529297,62.349998474121094,57.846824645996094,2253300.0
2018-08-03,62.38999938964844,62.53666687011719,62.0966682434082,62.47999954223633,57.967430114746094,1344300.0
2018-08-06,62.36000061035156,62.866668701171875,62.02333450317383,62.856666564941406,58.316890716552734,777900.0
2018-08-07,63.15999984741211,63.39666748046875,62.91666793823242,63.356666564941406,58.780784606933594,9879900.0
2018-08-08,63.366668701171875,63.633331298828125,63.116668701171875,63.50333404541016,58.916847229003906,1116600.0
2018-08-09,63.220001220703125,63.310001373291016,62.86333465576172,62.87666702270508,58.33544158935547,2218800.0
2018-08-10,61.573333740234375,61.84333419799805,61.026668548583984,61.31666564941406,56.88811111450195,3248100.0
2018-08-13,61.426666259765625,61.939998626708984,61.33333206176758,61.40666580200195,56.97161483764648,1687500.0
2018-08-14,61.76666641235352,61.86333465576172,61.23333358764648,61.28333282470703,56.8571891784668,1609500.0
2018-08-15,60.75666809082031,61.0099983215332,59.810001373291016,60.43333435058594,56.068580627441406,3067800.0
2018-08-16,60.83333206176758,60.91666793823242,60.19333267211914,60.356666564941406,55.99745559692383,1419900.0
2018-08-17,59.81999969482422,60.06666564941406,59.01333236694336,59.90666580200195,55.57994079589844,2195400.0
2018-08-20,59.9900016784668,60.206668853759766,59.18000030517578,59.85333251953125,55.53046798706055,957300.0
2018-08-21,60.043331146240234,61.18000030517578,60.029998779296875,61.02000045776367,56.61287307739258,2549100.0
2018-08-22,60.893333435058594,61.38666534423828,60.52000045776367,61.30666732788086,56.87885284423828,1440300.0
2018-08-23,61.276668548583984,61.83000183105469,61.276668548583984,61.37666702270508,56.94377899169922,1847700.0
2018-08-24,61.650001525878906,62.29999923706055,61.63999938964844,62.26666641235352,57.769493103027344,1685100.0
2018-08-27,62.77333450317383,63.72666549682617,62.63666534423828,63.25666809082031,58.68800354003906,17873700.0
2018-08-28,63.59333419799805,63.77333450317383,62.88666534423828,63.5,58.91374969482422,1616100.0
2018-08-29,63.5,63.86333465576172,63.276668548583984,63.66666793823242,59.068397521972656,4280400.0
2018-08-30,63.52000045776367,63.7599983215332,63.0099983215332,63.0966682434082,58.53955078125,1811400.0
2018-08-31,63.00666809082031,63.53666687011719,63.00666809082031,63.439998626708984,58.85809326171875,1099800.0
2018-09-04,63.209999084472656,63.97666549682617,63.073333740234375,63.95000076293945,59.33125686645508,1289700.0
2018-09-05,63.88999938964844,64.0633316040039,63.10333251953125,63.63999938964844,59.04365158081055,1579500.0
2018-09-06,63.400001525878906,63.45333480834961,61.88666534423828,61.95333480834961,57.47880172729492,1494000.0
2018-09-07,61.836666107177734,62.59333419799805,61.54999923706055,61.6966667175293,57.24066162109375,8400900.0
2018-09-10,62.13666534423828,62.366668701171875,61.77333450317383,62.349998474121094,57.846824645996094,951000.0
2018-09-11,62.099998474121094,62.18333435058594,61.41666793823242,61.74666595458984,57.28705596923828,1734900.0
2018-09-12,60.95000076293945,61.060001373291016,59.70000076293945,61.03333282470703,56.625244140625,2111400.0
2018-09-13,61.706668853759766,62.50333404541016,61.50666809082031,61.72999954223633,57.271583557128906,2159700.0
2018-09-14,62.086666107177734,62.66999816894531,61.90666580200195,62.42333221435547,57.914852142333984,1979100.0
2018-09-17,62.19333267211914,62.356666564941406,61.47666549682617,61.5533332824707,57.107688903808594,1527600.0
2018-09-18,61.8033332824707,62.459999084472656,61.8033332824707,62.08333206176758,57.59941482543945,1312800.0
2018-09-19,62.106666564941406,62.47666549682617,61.91999816894531,62.18000030517578,57.689090728759766,1104900.0
2018-09-20,62.66999816894531,63.17333221435547,62.58000183105469,62.93333435058594,58.38801574707031,1450200.0
2018-09-21,62.99333190917969,63.22666549682617,62.599998474121094,62.76333236694336,58.23028945922851,1707600.0
2018-09-24,62.25666809082031,63.0099983215332,62.12666702270508,62.97999954223633,58.431304931640625,833400.0
2018-09-25,62.82666778564453,62.82666778564453,61.810001373291016,61.97666549682617,57.50044631958008,1470300.0
2018-09-26,61.41666793823242,61.78666687011719,61.0,61.06666564941406,56.90622329711914,1049700.0
2018-09-27,61.26333236694336,61.540000915527344,61.08333206176758,61.29666519165039,57.12055969238281,1055700.0
2018-09-28,61.22666549682617,61.900001525878906,61.043331146240234,61.68333435058594,57.48086929321289,2376600.0
2018-10-01,62.0,62.4033317565918,61.75,61.89666748046875,57.67966842651367,1025100.0
2018-10-02,61.73333358764648,62.75,61.73333358764648,61.89666748046875,57.67966842651367,2016900.0
2018-10-03,62.16666793823242,62.38666534423828,61.400001525878906,61.95333480834961,57.73248291015625,1986300.0
2018-10-04,61.526668548583984,61.630001068115234,60.33000183105469,60.856666564941406,56.71052551269531,1919100.0
2018-10-05,60.87333297729492,60.93333435058594,58.86333465576172,59.41666793823242,55.36863327026367,2436900.0
2018-10-08,58.93333435058594,59.46666717529297,58.24666595458984,58.75333404541016,54.7504997253418,2152200.0
2018-10-09,58.43000030517578,58.98333358764648,58.323333740234375,58.686668395996094,54.68836975097656,1609800.0
2018-10-10,57.92333221435547,57.959999084472656,56.04999923706055,56.0966682434082,52.27482604980469,6056400.0
2018-10-11,55.99333190917969,57.21333312988281,55.10333251953125,55.53666687011719,51.75297546386719,4370400.0
2018-10-12,57.03666687011719,57.356666564941406,55.723331451416016,56.54666519165039,52.69415664672851,4856100.0
2018-10-15,56.3033332824707,56.709999084472656,55.880001068115234,56.08333206176758,52.26239776611328,3884100.0
2018-10-16,56.706668853759766,57.9900016784668,56.643333435058594,57.90999984741211,53.96461868286133,1955100.0
2018-10-17,58.33333206176758,58.4466667175293,57.279998779296875,57.68000030517578,53.75029373168945,2425500.0
2018-10-18,57.44333267211914,57.4466667175293,56.026668548583984,56.23666763305664,52.40528106689453,4058700.0
2018-10-19,56.58333206176758,56.90666580200195,55.15666580200195,55.393333435058594,51.619407653808594,3382800.0
2018-10-22,55.68333435058594,56.060001373291016,55.21666717529297,55.73333358764648,51.936241149902344,3923700.0
2018-10-23,54.276668548583984,55.75,53.67333221435547,55.44333267211914,51.66599655151367,4304700.0
2018-10-24,54.51666641235352,54.51666641235352,51.71333312988281,51.80666732788086,48.277103424072266,9218700.0
2018-10-25,52.10333251953125,53.366668701171875,52.02333450317383,52.96333312988281,49.35496139526367,9226500.0
2018-10-26,51.810001373291016,52.959999084472656,51.1966667175293,52.043331146240234,48.49763870239258,3910200.0
2018-10-29,53.0966682434082,53.34000015258789,50.526668548583984,51.5,47.99132537841797,4422600.0
2018-10-30,51.349998474121094,53.69333267211914,51.349998474121094,53.63999938964844,49.98553085327149,2495700.0
2018-10-31,54.473331451416016,54.7400016784668,53.84000015258789,54.31999969482422,50.61919403076172,3495900.0
2018-11-01,54.709999084472656,57.0,54.66999816894531,56.869998931884766,52.9954719543457,3511500.0
2018-11-02,56.619998931884766,56.92333221435547,55.31999969482422,56.01333236694336,52.19716262817383,3240000.0
2018-11-05,55.926666259765625,55.93333435058594,54.56999969482422,55.50333404541016,51.721920013427734,2405100.0
2018-11-06,55.383331298828125,56.366668701171875,55.383331298828125,56.150001525878906,52.32452392578125,1184400.0
2018-11-07,56.88999938964844,56.973331451416016,56.16666793823242,56.78666687011719,52.91781997680664,1827900.0
2018-11-08,56.34000015258789,57.00333404541016,56.08333206176758,56.633331298828125,52.77492904663086,1706100.0
2018-11-09,55.9900016784668,56.043331146240234,55.06999969482422,55.5533332824707,51.76850128173828,1690200.0
2018-11-12,54.606666564941406,54.71666717529297,52.9033317565918,53.073333740234375,49.45747756958008,2249100.0
2018-11-13,53.51333236694336,54.87333297729492,53.51333236694336,53.8033332824707,50.13773727416992,2411100.0
2018-11-14,54.30666732788086,54.81999969482422,53.52333450317383,54.040000915527344,50.3582878112793,3722100.0
2018-11-15,53.75666809082031,56.063331604003906,53.74333190917969,55.866668701171875,52.06049346923828,4985100.0
2018-11-16,53.84000015258789,55.44333267211914,53.83333206176758,55.19333267211914,51.43302917480469,4494300.0
2018-11-19,54.91999816894531,55.08000183105469,53.029998779296875,53.08333206176758,49.46678924560547,2579100.0
2018-11-20,51.56666564941406,53.836666107177734,51.50666809082031,53.150001525878906,49.52891159057617,3124200.0
2018-11-21,53.74333190917969,54.15666580200195,53.349998474121094,53.369998931884766,49.73392105102539,2259900.0
2018-11-23,52.96333312988281,53.81666564941406,52.93000030517578,53.400001525878906,49.76189041137695,1488000.0
2018-11-26,54.11333465576172,54.369998931884766,53.586666107177734,54.366668701171875,50.662689208984375,1907400.0
2018-11-27,54.073333740234375,54.90666580200195,53.8033332824707,54.4466667175293,50.737247467041016,2013000.0
2018-11-28,55.06666564941406,55.74333190917969,53.97999954223633,55.720001220703125,51.9238166809082,1681200.0
2018-11-29,55.58333206176758,55.8466682434082,55.17333221435547,55.313331604003906,51.54486083984375,2874300.0
2018-11-30,55.276668548583984,56.09000015258789,54.75666809082031,56.08333206176758,52.26239776611328,1842600.0
2018-12-03,57.77333450317383,57.98333358764648,56.99333190917969,57.55666732788086,53.63536071777344,2338500.0
2018-12-04,57.099998474121094,57.23333358764648,54.72999954223633,54.8033332824707,51.069602966308594,2076900.0
2018-12-06,53.27000045776367,54.52333450317383,52.99666595458984,54.52333450317383,50.808685302734375,5354400.0
2018-12-07,54.439998626708984,54.52333450317383,52.19333267211914,52.4900016784668,48.913875579833984,1956000.0
2018-12-10,52.30666732788086,53.40666580200195,52.17333221435547,53.163333892822266,49.54133987426758,1613100.0
2018-12-11,54.11333465576172,54.75666809082031,53.20000076293945,53.50333404541016,49.858177185058594,2491500.0
2018-12-12,54.37666702270508,55.0966682434082,53.936668395996094,54.26333236694336,50.56639099121094,1403700.0
2018-12-13,54.67333221435547,54.936668395996094,53.91666793823242,54.150001525878906,50.460784912109375,1341000.0
2018-12-14,53.52333450317383,54.436668395996094,53.336666107177734,53.383331298828125,49.7463493347168,1363500.0
2018-12-17,53.19333267211914,53.973331451416016,52.24666595458984,52.58000183105469,49.10167694091797,1176300.0
2018-12-18,53.02333450317383,54.099998474121094,53.01333236694336,53.27333450317383,49.749149322509766,2520300.0
2018-12-19,52.97666549682617,53.58000183105469,50.78666687011719,51.00666809082031,47.63243103027344,3022800.0
2018-12-20,50.98333358764648,51.810001373291016,49.97666549682617,50.6533317565918,47.30247116088867,3256500.0
2018-12-21,50.97666549682617,51.55666732788086,49.65666580200195,49.793331146240234,46.499359130859375,2780100.0
2018-12-24,49.36000061035156,49.913333892822266,48.33333206176758,48.33333206176758,45.135948181152344,2641800.0
2018-12-26,49.133331298828125,51.23333358764648,48.26333236694336,51.23333358764648,47.84410095214844,4233900.0
2018-12-27,50.4466667175293,51.57666778564453,49.84000015258789,51.56999969482422,48.15848922729492,2700600.0
2018-12-28,51.82666778564453,52.880001068115234,51.526668548583984,51.939998626708984,48.50401306152344,1011000.0
2018-12-31,52.47999954223633,52.709999084472656,51.7599983215332,52.3033332824707,48.84331130981445,2207700.0
2019-01-02,51.23333358764648,53.11000061035156,51.18000030517578,52.63999938964844,49.15771484375,2292000.0
2019-01-03,51.439998626708984,51.76333236694336,49.54666519165039,49.56999969482422,46.290809631347656,3070200.0
2019-01-04,50.49666595458984,51.98666763305664,50.31666564941406,51.80666732788086,48.37950897216797,2537400.0
2019-01-07,51.959999084472656,53.27000045776367,51.74333190917969,52.76333236694336,49.27288436889648,1679700.0
2019-01-08,53.33333206176758,53.33333206176758,51.86000061035156,52.53333282470703,49.05810546875,1529700.0
2019-01-09,53.0099983215332,54.11000061035156,53.0099983215332,53.883331298828125,50.318790435791016,2304600.0
2019-01-10,53.349998474121094,54.45000076293945,53.313331604003906,54.36000061035156,50.76393127441406,1256700.0
2019-01-11,54.12333297729492,55.393333435058594,53.9466667175293,54.94333267211914,51.30867004394531,1290300.0
2019-01-14,54.323333740234375,54.41666793823242,53.77333450317383,54.04999923706055,50.47443389892578,853500.0
2019-01-15,54.19333267211914,54.790000915527344,53.98333358764648,54.206668853759766,50.62074661254883,882000.0
2019-01-16,54.3033332824707,54.62666702270508,53.709999084472656,53.709999084472656,50.15692901611328,856800.0
2019-01-17,53.336666107177734,54.62666702270508,53.040000915527344,54.206668853759766,50.62074661254883,3133500.0
2019-01-18,54.776668548583984,55.95000076293945,54.606666564941406,55.616668701171875,51.93746566772461,1574400.0
2019-01-22,55.08000183105469,55.08000183105469,53.616668701171875,54.01666641235352,50.44329833984375,2130600.0
2019-01-23,54.31666564941406,54.53666687011719,53.163333892822266,53.63666534423828,50.08845520019531,2110500.0
2019-01-24,54.856666564941406,56.95000076293945,54.836666107177734,56.75333404541016,52.99894332885742,5947200.0
2019-01-25,56.97999954223633,58.16999816894531,56.58000183105469,57.93000030517578,54.0977668762207,3126600.0
2019-01-28,55.823333740234375,57.24333190917969,55.643333435058594,56.78666687011719,53.030067443847656,2450400.0
2019-01-29,56.790000915527344,56.973331451416016,55.869998931884766,55.96666717529297,52.26432037353515,4396500.0
2019-01-30,56.96666717529297,57.793331146240234,56.31999969482422,57.59000015258789,53.78026580810547,3142800.0
2019-01-31,57.473331451416016,58.08000183105469,57.03333282470703,57.563331604003906,53.755348205566406,1481700.0
2019-02-01,57.630001068115234,58.53333282470703,57.60333251953125,58.25333404541016,54.39971923828125,1515000.0
2019-02-04,58.220001220703125,58.5533332824707,57.79999923706055,58.54666519165039,54.67362976074219,627600.0
2019-02-05,58.49666595458984,59.0966682434082,58.393333435058594,58.813331604003906,54.92266845703125,1295400.0
2019-02-06,59.540000915527344,60.87666702270508,59.540000915527344,60.39666748046875,56.4012565612793,2575800.0
2019-02-07,59.65666580200195,59.93000030517578,58.56666564941406,59.086666107177734,55.17790985107422,3459900.0
2019-02-08,58.27333450317383,59.106666564941406,57.95333480834961,58.98333358764648,55.081417083740234,1882800.0
2019-02-11,59.119998931884766,59.426666259765625,58.8033332824707,59.27333450317383,55.35223388671875,741600.0
2019-02-12,60.00333404541016,60.676666259765625,59.91666793823242,60.526668548583984,56.52265930175781,2019900.0
2019-02-13,60.82666778564453,61.189998626708984,60.540000915527344,60.720001220703125,56.70320129394531,906600.0
2019-02-14,60.51333236694336,61.33333206176758,60.4466667175293,60.883331298828125,56.8557243347168,1004700.0
2019-02-15,61.366668701171875,61.53333282470703,60.866668701171875,61.1966667175293,57.148319244384766,742500.0
2019-02-19,60.91666793823242,61.50666809082031,60.84333419799805,61.11333465576172,57.07052230834961,1182900.0
2019-02-20,61.2599983215332,62.02000045776367,61.2599983215332,61.633331298828125,57.55611801147461,1036800.0
2019-02-21,61.63999938964844,61.776668548583984,61.0,61.176666259765625,57.129661560058594,1152900.0
2019-02-22,61.65666580200195,61.92333221435547,61.41666793823242,61.83333206176758,57.742889404296875,880800.0
2019-02-25,62.76333236694336,63.07666778564453,62.29999923706055,62.34333419799805,58.219146728515625,2355600.0
2019-02-26,62.17333221435547,62.41999816894531,61.7599983215332,61.95333480834961,57.85494613647461,865200.0
2019-02-27,61.70333480834961,61.70333480834961,60.543331146240234,61.209999084472656,57.16078567504883,2977800.0
2019-02-28,60.95000076293945,61.42333221435547,60.75,61.24666595458984,57.19502258300781,1236000.0
2019-03-01,61.83000183105469,62.09000015258789,61.150001525878906,61.790000915527344,57.702415466308594,1433400.0
2019-03-04,62.21666717529297,62.43333435058594,61.029998779296875,61.79666519165039,57.70863723754883,1755600.0
2019-03-05,61.630001068115234,61.90999984741211,61.276668548583984,61.560001373291016,57.48762893676758,1330500.0
2019-03-06,61.38999938964844,61.53666687011719,60.5,60.543331146240234,56.53822326660156,1412400.0
2019-03-07,60.3033332824707,60.3033332824707,59.48333358764648,59.88999938964844,55.92811584472656,2994000.0
2019-03-08,58.85333251953125,59.88666534423828,58.63666534423828,59.836666107177734,55.878299713134766,1491000.0
2019-03-11,60.13666534423828,61.52333450317383,60.06666564941406,61.22999954223633,57.17947006225586,1993800.0
2019-03-12,61.45333480834961,61.81999969482422,60.926666259765625,61.459999084472656,57.394256591796875,1968300.0
2019-03-13,61.883331298828125,62.22999954223633,61.65666580200195,61.706668853759766,57.62459945678711,1230000.0
2019-03-14,61.7400016784668,62.029998779296875,61.366668701171875,61.369998931884766,57.310203552246094,1775700.0
2019-03-15,62.11000061035156,63.643333435058594,62.09333419799805,63.150001525878906,58.972450256347656,3952800.0
2019-03-18,63.293331146240234,63.61333465576172,62.64666748046875,63.0533332824707,58.882171630859375,2697000.0
2019-03-19,63.48333358764648,64.0633316040039,63.47666549682617,63.869998931884766,59.64481735229492,1991400.0
2019-03-20,63.73333358764648,64.0633316040039,62.71333312988281,63.099998474121094,59.08610534667969,2508600.0
2019-03-21,63.15999984741211,65.71333312988281,63.15999984741211,65.27999877929688,61.12743377685547,2802300.0
2019-03-22,65.00666809082031,65.0999984741211,63.38666534423828,63.439998626708984,59.40447616577149,4417200.0
2019-03-25,62.9900016784668,63.57666778564453,62.12333297729492,62.64666748046875,58.66160202026367,2944800.0
2019-03-26,63.526668548583984,63.813331604003906,62.77333450317383,63.24666595458984,59.22344207763672,3840900.0
2019-03-27,63.31999969482422,63.529998779296875,61.880001068115234,62.36000061035156,58.39318084716797,3970800.0
2019-03-28,62.46333312988281,63.02333450317383,61.81666564941406,62.25666809082031,58.296417236328125,1386600.0
2019-03-29,62.99666595458984,63.33000183105469,62.81999969482422,63.18000030517578,59.1610221862793,1725900.0
2019-04-01,64.11000061035156,64.83333587646484,63.883331298828125,64.75666809082031,60.63738250732422,1964400.0
2019-04-02,64.79000091552734,65.00666809082031,64.46666717529297,64.85333251953125,60.7279052734375,1459500.0
2019-04-03,65.63666534423828,66.88333129882812,65.62000274658203,66.28666687011719,62.0700569152832,3218100.0
2019-04-04,66.20333099365234,66.84333038330078,66.06999969482422,66.43000030517578,62.20428466796875,1617300.0
2019-04-05,66.82666778564453,66.94000244140625,66.43000030517578,66.91000366210938,62.653751373291016,1223700.0
2019-04-08,66.62000274658203,67.13999938964844,66.47666931152344,67.06666564941406,62.80045700073242,1380300.0
2019-04-09,66.68333435058594,66.68333435058594,66.02333068847656,66.37000274658203,62.14811325073242,1483500.0
2019-04-10,66.2933349609375,67.09666442871094,66.23666381835938,66.88333129882812,62.628761291503906,1267500.0
2019-04-11,67.0566635131836,67.3133316040039,66.65666961669922,66.82666778564453,62.575706481933594,935400.0
2019-04-12,67.44667053222656,67.80000305175781,67.23999786376953,67.75333404541016,63.44344329833984,1030500.0
2019-04-15,67.86333465576172,67.86333465576172,66.8933334350586,67.25,62.97212219238281,1770000.0
2019-04-16,67.67666625976562,69.46333312988281,67.67666625976562,69.40333557128906,64.98847961425781,3216900.0
2019-04-17,70.82666778564453,71.40666961669922,70.0,70.55332946777344,66.06531524658203,3275700.0
2019-04-18,70.66666412353516,70.76333618164062,70.22666931152344,70.5633316040039,66.07470703125,1083900.0
2019-04-22,70.34333038330078,70.71333312988281,69.91666412353516,70.51000213623047,66.02474212646484,912300.0
2019-04-23,70.90333557128906,71.5,70.73666381835938,71.23666381835938,66.70518493652344,2014800.0
2019-04-24,71.28333282470703,72.66666412353516,71.25333404541016,71.89666748046875,67.32320404052734,2025900.0
2019-04-25,71.65666961669922,71.76000213623047,70.0433349609375,70.63333129882812,66.14022064208984,2073300.0
2019-04-26,69.29000091552734,70.08333587646484,68.6066665649414,70.05000305175781,65.593994140625,3381000.0
2019-04-29,70.08333587646484,70.22666931152344,69.63333129882812,69.96666717529297,65.51595306396484,2680200.0
2019-04-30,69.8066635131836,70.63999938964844,69.8066635131836,70.5199966430664,66.03410339355469,3088800.0
2019-05-01,71.10333251953125,71.52666473388672,69.87999725341797,69.9566650390625,65.50659942626953,4019100.0
2019-05-02,69.91666412353516,71.40666961669922,69.75333404541016,70.62999725341797,66.13713073730469,3420000.0
2019-05-03,71.0566635131836,71.19999694824219,70.33000183105469,71.18333435058594,66.65523529052734,2269800.0
2019-05-06,68.70333099365234,70.04666900634766,68.55332946777344,70.02333068847656,65.56903076171875,2262900.0
2019-05-07,69.09666442871094,69.25666809082031,67.52333068847656,68.30000305175781,63.9553337097168,3237000.0
2019-05-08,67.73666381835938,68.77999877929688,67.586669921875,67.71666717529297,63.40911102294922,3103200.0
2019-05-09,66.66666412353516,67.2699966430664,65.44999694824219,66.97000122070312,62.70993423461914,2978700.0
2019-05-10,66.3566665649414,67.43333435058594,65.44999694824219,67.06666564941406,62.80045700073242,3901200.0
2019-05-13,64.83333587646484,65.2300033569336,63.630001068115234,63.93000030517578,59.86330795288086,4856400.0
2019-05-14,64.7300033569336,65.74666595458984,64.41999816894531,65.40333557128906,61.242916107177734,2954100.0
2019-05-15,64.72666931152344,66.3566665649414,64.663330078125,65.90666961669922,61.714237213134766,5173800.0
2019-05-16,64.98666381835938,65.5633316040039,64.4566650390625,64.86666870117188,60.74039459228515,6997800.0
2019-05-17,63.82666778564453,65.11333465576172,63.32666778564453,63.60333251953125,59.55741882324219,5014200.0
2019-05-20,61.53333282470703,62.03666687011719,60.633331298828125,61.06666564941406,57.18211364746094,4640700.0
2019-05-21,62.293331146240234,62.64666748046875,61.79999923706055,62.31666564941406,58.352596282958984,5167500.0
2019-05-22,61.12333297729492,61.630001068115234,60.813331604003906,61.0,57.11969375610352,3254100.0
2019-05-23,59.93000030517578,60.08333206176758,59.06666564941406,60.04999923706055,56.23012924194336,3725400.0
2019-05-24,60.34333419799805,60.793331146240234,59.473331451416016,59.526668548583984,55.74007034301758,2273100.0
2019-05-28,59.866668701171875,60.073333740234375,58.883331298828125,59.01666641235352,55.26251983642578,2389200.0
2019-05-29,58.526668548583984,59.51333236694336,58.356666564941406,59.22999954223633,55.46228790283203,4244400.0
2019-05-30,59.380001068115234,60.209999084472656,59.24666595458984,59.72999954223633,55.930477142333984,2000100.0
2019-05-31,58.98333358764648,59.80666732788086,58.79999923706055,58.84000015258789,55.09709930419922,3330600.0
2019-06-03,59.50666809082031,60.13999938964844,58.676666259765625,58.97999954223633,55.22818756103515,2988000.0
2019-06-04,60.099998474121094,61.560001373291016,59.586666107177734,61.560001373291016,57.644065856933594,3156600.0
2019-06-05,62.08000183105469,62.23666763305664,60.31999969482422,61.116668701171875,57.22893142700195,3273600.0
2019-06-06,61.206668853759766,62.176666259765625,60.98666763305664,61.96333312988281,58.0217399597168,957000.0
2019-06-07,62.22999954223633,62.793331146240234,62.02000045776367,62.663333892822266,58.677215576171875,1468500.0
2019-06-10,63.436668395996094,64.97333526611328,63.436668395996094,64.19000244140625,60.10677337646485,3907800.0
2019-06-11,65.37999725341797,65.51000213623047,63.956668853759766,64.44667053222656,60.34710693359375,3400500.0
2019-06-12,63.7599983215332,63.84333419799805,62.86333465576172,62.95000076293945,58.94564056396485,1450500.0
2019-06-13,63.4033317565918,63.53333282470703,62.823333740234375,63.25333404541016,59.22969436645508,1143000.0
2019-06-14,61.4033317565918,61.93000030517578,61.2400016784668,61.65999984741211,57.73770904541016,2081700.0
2019-06-17,61.39666748046875,61.619998931884766,60.93333435058594,60.95333480834961,57.31053161621094,1074600.0
2019-06-18,61.60333251953125,64.03333282470703,61.60333251953125,63.59000015258789,59.78961563110352,2850000.0
2019-06-19,64.02666473388672,64.12666320800781,63.3466682434082,63.71666717529297,59.90871047973633,1431300.0
2019-06-20,64.9366683959961,65.23332977294922,63.956668853759766,64.25333404541016,60.413307189941406,3371400.0
2019-06-21,64.02999877929688,64.51667022705078,63.76666641235352,63.88666534423828,60.068546295166016,1333200.0
2019-06-24,63.96666717529297,64.25666809082031,63.79666519165039,63.95333480834961,60.1312370300293,2115900.0
2019-06-25,64.1066665649414,64.33999633789062,63.00666809082031,63.06999969482422,59.30069351196289,1416600.0
2019-06-26,64.4800033569336,65.45333099365234,64.36666870117188,65.1066665649414,61.21564102172851,1755300.0
2019-06-27,65.43333435058594,66.38333129882812,65.43333435058594,66.05332946777344,62.105709075927734,1559700.0
2019-06-28,66.586669921875,66.71666717529297,65.98999786376953,66.13666534423828,62.18406677246094,2529900.0
2019-07-01,69.01667022705078,69.58999633789062,67.34666442871094,67.80332946777344,63.75116729736328,4752000.0
2019-07-02,67.60333251953125,67.66999816894531,66.6500015258789,66.9566650390625,62.9550666809082,1378800.0
2019-07-03,66.95333099365234,66.99666595458984,66.14666748046875,66.6500015258789,62.666748046875,738000.0
2019-07-05,65.77999877929688,66.31999969482422,65.51667022705078,66.2699966430664,62.30945587158203,934200.0
2019-07-08,65.66666412353516,65.94667053222656,65.34333038330078,65.75666809082031,61.82678985595703,581400.0
2019-07-09,65.37999725341797,66.27333068847656,65.21333312988281,66.16666412353516,62.21227264404297,1347300.0
2019-07-10,66.8933334350586,67.63333129882812,66.59333038330078,66.69999694824219,62.71375274658203,1424100.0
2019-07-11,67.0,67.13666534423828,66.48666381835938,66.88666534423828,62.889259338378906,2578800.0
2019-07-12,67.0566635131836,68.17333221435547,67.0566635131836,68.10333251953125,64.03321838378906,1315500.0
2019-07-15,68.41666412353516,68.9566650390625,68.3066635131836,68.69999694824219,64.5942153930664,684300.0
2019-07-16,68.38333129882812,68.5199966430664,67.6066665649414,67.97000122070312,63.90784454345703,1124400.0
2019-07-17,68.36333465576172,68.4800033569336,67.93000030517578,68.17333221435547,64.0990219116211,786900.0
2019-07-18,68.1500015258789,69.31999969482422,68.1500015258789,69.16000366210938,65.02674102783203,1041600.0
2019-07-19,69.41999816894531,69.71666717529297,69.01000213623047,69.08000183105469,64.9515151977539,1311900.0
2019-07-22,69.38333129882812,70.5,69.38333129882812,70.4000015258789,66.19261169433594,2729700.0
2019-07-23,70.8066635131836,71.30332946777344,70.5,71.30332946777344,67.04195404052734,1297500.0
2019-07-24,71.79666900634766,73.6066665649414,71.79666900634766,73.47666931152344,69.08541870117188,2436300.0
2019-07-25,72.95333099365234,72.98666381835938,72.02999877929688,72.24333190917969,67.92579650878906,1846500.0
2019-07-26,72.76333618164062,72.76333618164062,72.16666412353516,72.22333526611328,67.90699005126953,626400.0
2019-07-29,72.0999984741211,72.48999786376953,71.48999786376953,72.41999816894531,68.0918960571289,2041800.0
2019-07-30,71.7066650390625,72.40666961669922,71.43333435058594,72.25666809082031,67.9383316040039,789600.0
2019-07-31,71.70999908447266,71.81999969482422,69.163330078125,69.86000061035156,65.68489074707031,1374600.0
2019-08-01,69.5633316040039,71.55999755859375,67.88999938964844,68.4800033569336,64.38735961914062,2578800.0
2019-08-02,67.78666687011719,68.37666320800781,66.87000274658203,67.47000122070312,63.4377326965332,2328900.0
2019-08-05,65.49333190917969,65.55000305175781,63.970001220703125,64.5566635131836,60.69851303100586,2511300.0
2019-08-06,65.62999725341797,66.21333312988281,64.65333557128906,65.37999725341797,61.472633361816406,1479000.0
2019-08-07,64.33999633789062,66.0,64.33999633789062,65.7933349609375,61.861270904541016,2180400.0
2019-08-08,66.40666961669922,67.63999938964844,65.97000122070312,67.61666870117188,63.57566452026367,2165400.0
2019-08-09,66.9000015258789,67.17666625976562,65.9800033569336,66.4366683959961,62.46614837646485,1893600.0
2019-08-12,65.74666595458984,66.33000183105469,65.27666473388672,65.56666564941406,61.64813995361328,1178100.0
2019-08-13,65.56666564941406,68.08000183105469,65.12999725341797,67.50333404541016,63.46907424926758,2205000.0
2019-08-14,65.9433364868164,66.4566650390625,65.08999633789062,65.42666625976562,61.51652526855469,2766300.0
2019-08-15,65.78666687011719,65.96666717529297,64.73999786376953,65.3066635131836,61.4036865234375,965700.0
2019-08-16,65.99333190917969,67.23332977294922,65.99333190917969,67.04666900634766,63.03972244262695,1509900.0
2019-08-19,68.65333557128906,68.9000015258789,67.97666931152344,68.27999877929688,64.1993179321289,4550400.0
2019-08-20,68.25666809082031,68.4433364868164,67.663330078125,68.02666473388672,63.96112823486328,732600.0
2019-08-21,68.586669921875,68.93000030517578,68.2933349609375,68.58333587646484,64.48454284667969,700200.0
2019-08-22,68.7300033569336,68.97000122070312,67.87000274658203,68.58333587646484,64.48454284667969,5985600.0
2019-08-23,67.74333190917969,68.21666717529297,65.41666412353516,65.60333251953125,61.68263244628906,1682700.0
2019-08-26,66.59666442871094,66.70333099365234,65.90333557128906,66.16000366210938,62.20602798461914,997800.0
2019-08-27,66.63999938964844,66.97000122070312,65.59666442871094,65.913330078125,61.974090576171875,1290600.0
2019-08-28,65.66999816894531,66.4800033569336,65.20333099365234,66.33000183105469,62.36586380004883,726000.0
2019-08-29,67.50333404541016,68.32666778564453,67.35333251953125,67.92333221435547,63.86396789550781,3748500.0
2019-08-30,68.58333587646484,68.86333465576172,67.9433364868164,68.24333190917969,64.1648178100586,1014600.0
2019-09-03,67.48999786376953,67.76667022705078,66.73332977294922,67.12000274658203,63.10865783691406,2833500.0
2019-09-04,68.14666748046875,68.97333526611328,68.14666748046875,68.92333221435547,64.80421447753906,1387800.0
2019-09-05,70.40666961669922,71.87666320800781,70.21333312988281,71.0433349609375,66.79751586914062,2037600.0
2019-09-06,71.23332977294922,71.43333435058594,70.76000213623047,71.23332977294922,66.97615051269531,1273500.0
2019-09-09,71.52333068847656,72.08999633789062,71.22333526611328,71.49333190917969,67.22061157226562,962400.0
2019-09-10,71.27333068847656,71.8133316040039,70.70999908447266,71.8133316040039,67.52149963378906,1291800.0
2019-09-11,72.22666931152344,72.93000030517578,71.7699966430664,72.88999938964844,68.5338134765625,1415400.0
2019-09-12,73.62000274658203,73.7699966430664,72.63333129882812,73.05332946777344,68.6873779296875,1719900.0
2019-09-13,73.14666748046875,73.26333618164062,72.56999969482422,72.90666961669922,68.54947662353516,1309500.0
2019-09-16,72.3566665649414,72.73666381835938,71.75333404541016,72.4366683959961,68.10757446289062,840900.0
2019-09-17,72.3066635131836,72.69000244140625,71.8566665649414,72.59666442871094,68.25800323486328,667800.0
2019-09-18,72.68000030517578,72.7300033569336,71.66000366210938,72.7300033569336,68.38336181640625,654900.0
2019-09-19,72.82333374023438,73.05000305175781,72.23666381835938,72.25333404541016,67.9352035522461,1057500.0
2019-09-20,72.45333099365234,72.45333099365234,70.66666412353516,70.92333221435547,66.6846923828125,1944900.0
2019-09-23,70.913330078125,72.10333251953125,70.86000061035156,71.76000213623047,67.47134399414062,2110800.0
2019-09-24,71.72666931152344,71.97000122070312,69.88333129882812,70.26000213623047,66.35689544677734,1169400.0
2019-09-25,69.89666748046875,71.66666412353516,69.29000091552734,71.4366683959961,67.46818542480469,1033500.0
2019-09-26,71.43333435058594,71.73666381835938,70.81666564941406,71.52666473388672,67.55322265625,1050600.0
2019-09-27,71.14666748046875,71.2933349609375,69.2933349609375,69.85333251953125,65.97283172607422,2070000.0
2019-09-30,70.163330078125,70.59666442871094,69.85333251953125,70.47000122070312,66.55523681640625,1079700.0
2019-10-01,70.9566650390625,71.86333465576172,69.62333679199219,69.80999755859375,65.9319076538086,1820400.0
2019-10-02,69.42666625976562,69.45333099365234,68.336669921875,68.79000091552734,64.96855163574219,1328700.0
2019-10-03,68.86000061035156,70.01667022705078,67.97666931152344,70.0,66.11133575439453,1603500.0
2019-10-04,70.3566665649414,71.2699966430664,70.2066650390625,71.163330078125,67.21004486083984,1213200.0
2019-10-07,71.11666870117188,71.4433364868164,70.70999908447266,70.74666595458984,66.81651306152344,1224600.0
2019-10-08,69.836669921875,70.02666473388672,68.47666931152344,68.5566635131836,64.7481689453125,2052000.0
2019-10-09,69.4366683959961,70.1500015258789,69.30000305175781,69.67666625976562,65.80597686767578,1358400.0
2019-10-10,69.75,71.12000274658203,69.75,70.3566665649414,66.44818878173828,1116300.0
2019-10-11,71.66666412353516,72.84666442871094,71.6433334350586,72.01667022705078,68.01596069335938,1947300.0
2019-10-14,71.96666717529297,72.12333679199219,71.6066665649414,72.00666809082031,68.00653839111328,1111200.0
2019-10-15,72.45333099365234,73.73666381835938,72.33000183105469,73.58999633789062,69.50190734863281,1204800.0
2019-10-16,73.17333221435547,73.51333618164062,72.336669921875,72.54666900634766,68.51654052734375,1761600.0
2019-10-17,73.37666320800781,73.56666564941406,72.26667022705078,72.66999816894531,68.63301086425781,1289700.0
2019-10-18,72.54000091552734,72.7699966430664,71.26000213623047,71.9000015258789,67.90577697753906,807600.0
2019-10-21,72.5999984741211,73.32333374023438,72.41999816894531,73.31666564941406,69.24376678466797,1299900.0
2019-10-22,73.53333282470703,73.57333374023438,72.67666625976562,72.67666625976562,68.63933563232422,1130400.0
2019-10-23,71.33999633789062,71.96333312988281,70.83999633789062,71.27666473388672,67.31706237792969,1599300.0
2019-10-24,72.23666381835938,73.11000061035156,72.1500015258789,73.04000091552734,68.98246765136719,1912200.0
2019-10-25,73.28333282470703,74.63999938964844,73.24333190917969,74.56666564941406,70.42432403564453,1859700.0
2019-10-28,75.12333679199219,75.98332977294922,75.01333618164062,75.92333221435547,71.70559692382812,1158600.0
2019-10-29,75.98999786376953,76.50333404541016,75.13666534423828,75.13666534423828,70.9626693725586,1158300.0
2019-10-30,75.70999908447266,75.72666931152344,74.66666412353516,75.163330078125,70.98783111572266,1061400.0
2019-10-31,75.03666687011719,75.03666687011719,73.80999755859375,74.78333282470703,70.62895202636719,862800.0
2019-11-01,75.48999786376953,76.5,75.13999938964844,76.5,72.25022888183594,1989600.0
2019-11-04,77.47000122070312,78.28333282470703,77.44999694824219,78.20333099365234,73.85896301269531,1991100.0
2019-11-05,78.44000244140625,78.87999725341797,78.02333068847656,78.24666595458984,73.89990234375,1091700.0
2019-11-06,78.09666442871094,78.12000274658203,76.93333435058594,77.72333526611328,73.4056396484375,1633800.0
2019-11-07,78.88333129882812,79.05000305175781,77.87000274658203,78.1933364868164,73.84954071044922,1491600.0
2019-11-08,77.8933334350586,78.63666534423828,77.43333435058594,78.586669921875,74.22099304199219,1048500.0
2019-11-11,77.92333221435547,78.38333129882812,77.62666320800781,78.26333618164062,73.91561889648438,836400.0
2019-11-12,78.45999908447266,79.02999877929688,78.11666870117188,78.42333221435547,74.06671905517578,1444200.0
2019-11-13,77.99333190917969,78.69667053222656,77.61333465576172,78.50666809082031,74.14543151855469,929700.0
2019-11-14,78.08999633789062,78.31666564941406,77.6500015258789,78.24666595458984,73.89990234375,973800.0
2019-11-15,79.28333282470703,79.62999725341797,78.59666442871094,78.96333312988281,74.57672882080078,977400.0
2019-11-18,78.9566650390625,79.26667022705078,78.39666748046875,78.78333282470703,74.40674591064453,777000.0
2019-11-19,79.1500015258789,79.26667022705078,77.9566650390625,78.38999938964844,74.03526306152344,731700.0
2019-11-20,78.02333068847656,78.413330078125,76.87333679199219,77.46666717529297,73.16322326660156,1412700.0
2019-11-21,76.92666625976562,77.31999969482422,76.30332946777344,76.63999938964844,72.38248443603516,2084400.0
2019-11-22,76.86000061035156,77.28333282470703,76.37999725341797,76.55999755859375,72.30691528320312,1028400.0
2019-11-25,77.29000091552734,78.47333526611328,77.29000091552734,78.39666748046875,74.04156494140625,1229100.0
2019-11-26,78.26667022705078,78.38666534423828,77.74666595458984,78.10333251953125,73.7645263671875,2139600.0
2019-11-27,78.41999816894531,78.67666625976562,78.31666564941406,78.66666412353516,74.29656982421875,775200.0
2019-11-29,78.40333557128906,78.40333557128906,77.72333526611328,77.82333374023438,73.50008392333984,615000.0
2019-12-02,77.90333557128906,77.98332977294922,76.46333312988281,76.62666320800781,72.36986541748047,1428900.0
2019-12-03,74.9800033569336,75.51667022705078,74.61666870117188,75.44000244140625,71.24913787841797,1932300.0
2019-12-04,76.4800033569336,76.96666717529297,76.41000366210938,76.63333129882812,72.37615966796875,1081500.0
2019-12-05,77.163330078125,77.33333587646484,76.68000030517578,77.01667022705078,72.73820495605469,1404600.0
2019-12-06,77.97000122070312,78.3566665649414,77.83000183105469,78.12999725341797,73.78968811035156,1002300.0
2019-12-09,78.3133316040039,78.38333129882812,77.76333618164062,77.77333068847656,73.45284271240234,492900.0
2019-12-10,78.18333435058594,78.61333465576172,77.80999755859375,78.10333251953125,73.7645263671875,522600.0
2019-12-11,78.3066635131836,79.82333374023438,78.25333404541016,79.70333099365234,75.27564239501953,1458900.0
2019-12-12,79.58333587646484,82.00333404541016,79.58333587646484,81.86333465576172,77.31563568115234,2190300.0
2019-12-13,81.90666961669922,82.75,81.13333129882812,81.50333404541016,76.97563171386719,1735800.0
2019-12-16,82.11000061035156,82.70333099365234,81.93000030517578,81.99333190917969,77.7123794555664,2099100.0
2019-12-17,82.4433364868164,82.52333068847656,81.93333435058594,82.36333465576172,78.06307983398438,974100.0
2019-12-18,82.52666473388672,82.52666473388672,82.0199966430664,82.31999969482422,78.02201080322266,963900.0
2019-12-19,82.6500015258789,82.98332977294922,82.25333404541016,82.98332977294922,78.65069580078125,1063500.0
2019-12-20,83.55999755859375,83.97000122070312,83.16999816894531,83.77333068847656,79.39945220947266,1035600.0
2019-12-23,84.43000030517578,84.47333526611328,83.93333435058594,84.04000091552734,79.65221405029297,1356300.0
2019-12-24,84.22666931152344,84.24666595458984,83.75,84.17666625976562,79.78172302246094,504300.0
2019-12-26,84.53333282470703,84.53333282470703,83.95999908447266,84.27333068847656,79.87335205078125,654000.0
2019-12-27,84.62000274658203,84.62000274658203,83.82333374023438,84.1066665649414,79.71536254882812,1104000.0
2019-12-30,84.086669921875,84.086669921875,82.9000015258789,83.47333526611328,79.1151123046875,1118700.0
2019-12-31,83.04000091552734,83.74333190917969,83.0,83.69999694824219,79.32994842529297,604500.0
2020-01-02,84.75333404541016,85.43000030517578,84.33333587646484,85.43000030517578,80.96961975097656,1275300.0
2020-01-03,84.11333465576172,84.56999969482422,83.65333557128906,83.836669921875,79.45946502685547,1235100.0
2020-01-06,82.78333282470703,83.2300033569336,82.41999816894531,82.96333312988281,78.63175964355469,1615200.0
2020-01-07,83.99666595458984,84.82333374023438,83.5,84.48999786376953,80.07869720458984,1146600.0
2020-01-08,84.65666961669922,84.98332977294922,84.05332946777344,84.413330078125,80.00603485107422,1297800.0
2020-01-09,85.586669921875,85.586669921875,84.14666748046875,84.94667053222656,80.51155090332031,639600.0
2020-01-10,85.48666381835938,85.48666381835938,84.2066650390625,84.45333099365234,80.04393005371094,1952100.0
2020-01-13,85.0433349609375,85.55999755859375,84.78333282470703,85.44000244140625,80.97909545898438,950100.0
2020-01-14,85.66666412353516,86.34666442871094,85.18000030517578,85.62666320800781,81.1560287475586,896400.0
2020-01-15,85.74666595458984,85.78666687011719,84.37000274658203,84.72000122070312,80.29669189453125,1516500.0
2020-01-16,85.37333679199219,86.09333038330078,85.3133316040039,86.05999755859375,81.56672668457031,1708500.0
2020-01-17,86.58333587646484,86.7066650390625,86.02666473388672,86.7066650390625,82.17964935302734,1016700.0
2020-01-21,86.36666870117188,86.9566650390625,86.2933349609375,86.65666961669922,82.13225555419922,1653300.0
2020-01-22,87.2933349609375,88.20999908447266,87.04000091552734,87.23999786376953,82.68513488769531,1251300.0
2020-01-23,87.57333374023438,87.9800033569336,86.77666473388672,87.9000015258789,83.31065368652344,1077300.0
2020-01-24,89.18333435058594,89.30999755859375,86.36000061035156,86.96666717529297,82.42606353759766,1626300.0
2020-01-27,84.5,84.66999816894531,83.47666931152344,83.64666748046875,79.27940368652344,3212100.0
2020-01-28,84.59333038330078,85.88666534423828,84.12333679199219,85.586669921875,81.11811828613281,2410500.0
2020-01-29,85.28333282470703,85.49666595458984,83.96333312988281,84.01333618164062,79.62692260742188,1242300.0
2020-01-30,83.55000305175781,84.26333618164062,82.36666870117188,84.01667022705078,79.63008880615234,1741800.0
2020-01-31,83.24666595458984,83.3133316040039,80.63333129882812,81.0199966430664,76.78987121582031,2155500.0
2020-02-03,81.26667022705078,82.12666320800781,81.21333312988281,81.92666625976562,77.64918518066406,1719300.0
2020-02-04,84.11000061035156,84.61333465576172,83.69000244140625,84.48666381835938,80.07554626464844,2465100.0
2020-02-05,86.09666442871094,86.58000183105469,85.15666961669922,86.43333435058594,81.92057800292969,2009100.0
2020-02-06,86.40333557128906,86.52666473388672,85.44000244140625,86.48332977294922,81.96797180175781,1068600.0
2020-02-07,85.46666717529297,85.61666870117188,84.33999633789062,84.4433364868164,80.03446960449219,1550700.0
2020-02-10,83.65666961669922,85.67333221435547,83.65666961669922,85.62666320800781,81.1560287475586,1212900.0
2020-02-11,86.4566650390625,87.86333465576172,86.4566650390625,87.3566665649414,82.79569244384766,1132500.0
2020-02-12,88.33333587646484,88.83333587646484,88.25333404541016,88.70333099365234,84.0720443725586,1554900.0
2020-02-13,87.97000122070312,89.37333679199219,87.86333465576172,88.79666900634766,84.16051483154297,1681800.0
2020-02-14,89.49333190917969,89.78666687011719,88.0566635131836,88.5,83.87933349609375,1366800.0
2020-02-18,87.15666961669922,87.50333404541016,86.69667053222656,87.36333465576172,82.80201721191406,2409900.0
2020-02-19,88.47333526611328,89.73332977294922,88.47333526611328,89.56666564941406,84.89031219482422,1575300.0
2020-02-20,89.28666687011719,89.52333068847656,86.96666717529297,88.26667022705078,83.6581802368164,2301300.0
2020-02-21,87.65333557128906,87.7300033569336,85.30332946777344,85.6433334350586,81.17182159423828,2479200.0
2020-02-24,81.62333679199219,82.78666687011719,81.0,81.54000091552734,77.28273010253906,3786600.0
2020-02-25,82.63333129882812,82.75666809082031,78.63666534423828,79.11000061035156,74.9796142578125,5127600.0
2020-02-26,79.76000213623047,80.9566650390625,78.73332977294922,79.21666717529297,75.0807113647461,4525200.0
2020-02-27,76.86000061035156,78.4366683959961,75.42333221435547,75.55999755859375,71.61492919921875,4172100.0
2020-02-28,72.92666625976562,77.7699966430664,72.7066650390625,77.26333618164062,73.22936248779297,4788900.0
2020-03-02,78.63333129882812,80.0,76.10333251953125,80.0,75.82312774658203,4137600.0
2020-03-03,80.3566665649414,81.40333557128906,76.66666412353516,77.18333435058594,73.15351104736328,2729700.0
2020-03-04,78.88666534423828,81.12666320800781,77.7300033569336,81.12666320800781,76.8909683227539,3355800.0
2020-03-05,79.11666870117188,80.72000122070312,78.02666473388672,78.68333435058594,74.57518768310547,3548700.0
2020-03-06,76.2933349609375,77.69000244140625,75.11000061035156,76.96333312988281,72.94502258300781,4851600.0
2020-03-09,70.82333374023438,74.26000213623047,70.0,70.38999938964844,66.71487426757812,6082500.0
2020-03-10,73.33333587646484,75.07666778564453,70.69999694824219,75.01000213623047,71.09365844726562,3859500.0
2020-03-11,72.63666534423828,73.6933364868164,70.02999877929688,70.8066635131836,67.1097640991211,2262900.0
2020-03-12,65.86333465576172,68.55999755859375,62.936668395996094,63.043331146240234,59.75178146362305,5859900.0
2020-03-13,66.80332946777344,70.05999755859375,63.0533332824707,69.8066635131836,66.1620101928711,4420200.0
2020-03-16,62.66666793823242,65.62333679199219,58.54999923706055,59.176666259765625,56.08699417114258,4817100.0
2020-03-17,60.75333404541016,65.0,58.106666564941406,64.38333129882812,61.02182388305664,4079100.0
2020-03-18,60.10333251953125,62.26333236694336,55.93000030517578,59.09333419799805,56.00801467895508,4131600.0
2020-03-19,58.0099983215332,62.49666595458984,56.793331146240234,60.61333465576172,57.44866561889648,2945100.0
2020-03-20,62.81666564941406,63.92333221435547,58.586666107177734,58.88666534423828,55.812137603759766,2942700.0
2020-03-23,59.53666687011719,61.970001220703125,58.10333251953125,60.9900016784668,57.80565643310547,2787600.0
2020-03-24,64.81666564941406,67.78333282470703,64.62000274658203,67.586669921875,64.05790710449219,5754600.0
2020-03-25,67.95333099365234,70.16999816894531,65.51667022705078,66.47666931152344,63.2228889465332,2496000.0
2020-03-26,68.22000122070312,71.23666381835938,67.60333251953125,70.94667053222656,67.47407531738281,3301800.0
2020-03-27,68.7066650390625,69.71333312988281,67.19667053222656,67.42666625976562,64.12637329101562,2500800.0
2020-03-30,68.13333129882812,69.9800033569336,67.63333129882812,69.77333068847656,66.35819244384766,3341400.0
2020-03-31,69.78333282470703,70.95999908447266,67.8066635131836,68.40333557128906,65.05523681640625,4342200.0
2020-04-01,66.15333557128906,67.73666381835938,63.973331451416016,64.66000366210938,61.495140075683594,2938800.0
2020-04-02,64.10333251953125,66.74333190917969,63.96666717529297,66.586669921875,63.32749938964844,3537900.0
2020-04-03,66.48332977294922,67.32666778564453,64.46666717529297,65.32666778564453,62.129188537597656,3110400.0
2020-04-06,68.163330078125,72.31666564941406,68.163330078125,71.98999786376953,68.46633911132812,5011800.0
2020-04-07,74.50666809082031,74.7933349609375,71.6500015258789,71.73332977294922,68.22225952148438,6696300.0
2020-04-08,72.94000244140625,74.40666961669922,71.91999816894531,74.13333129882812,70.50479125976562,3915900.0
2020-04-09,75.19000244140625,75.7699966430664,71.81999969482422,72.52999877929688,68.97993469238281,6792300.0
2020-04-13,72.25333404541016,73.56999969482422,71.66999816894531,73.3499984741211,69.7597885131836,3968100.0
2020-04-14,75.12666320800781,76.73332977294922,74.94667053222656,76.73332977294922,72.97748565673828,5871300.0
2020-04-15,75.12333679199219,75.12333679199219,73.75,74.44999694824219,70.80596160888672,3620400.0
2020-04-16,75.80000305175781,76.70333099365234,74.7933349609375,76.54000091552734,72.79367065429688,3338100.0
2020-04-17,77.88666534423828,78.0433349609375,76.18333435058594,77.13333129882812,73.35795593261719,2772600.0
2020-04-20,75.97333526611328,77.10333251953125,75.3566665649414,75.4566650390625,71.76333618164062,2713200.0
2020-04-21,74.27999877929688,74.663330078125,71.52666473388672,71.76000213623047,68.24761962890625,3653100.0
2020-04-22,74.0999984741211,76.46333312988281,73.72333526611328,76.10333251953125,72.37834930419922,3341100.0
2020-04-23,76.1066665649414,76.88999938964844,75.07666778564453,75.34333038330078,71.65555572509766,2933100.0
2020-04-24,75.2933349609375,77.08000183105469,74.663330078125,76.91000366210938,73.14556884765625,2887200.0
2020-04-27,77.90333557128906,78.71333312988281,77.57666778564453,77.9366683959961,74.12194061279297,3212400.0
2020-04-28,79.38999938964844,79.78666687011719,77.44667053222656,77.53333282470703,73.73838806152344,4094100.0
2020-04-29,78.91000366210938,81.5433349609375,78.76333618164062,81.21333312988281,77.23824310302734,3975900.0
2020-04-30,80.87000274658203,80.97000122070312,78.21333312988281,78.34666442871094,74.51188659667969,5172300.0
2020-05-01,76.28666687011719,76.70333099365234,74.16666412353516,74.52666473388672,70.87886047363281,6033600.0
2020-05-04,73.81666564941406,75.23999786376953,73.52333068847656,75.14666748046875,71.46852111816406,3381300.0
2020-05-05,76.54666900634766,77.83333587646484,75.95333099365234,76.41000366210938,72.66999816894531,4506300.0
2020-05-06,77.24333190917969,78.53666687011719,77.12333679199219,77.34666442871094,73.56086730957031,4407900.0
2020-05-07,78.71333312988281,79.01000213623047,77.65333557128906,78.0433349609375,74.2234115600586,2825700.0
2020-05-08,78.86000061035156,80.43000030517578,78.63666534423828,80.34666442871094,76.41398620605469,3885600.0
2020-05-11,79.59333038330078,80.98999786376953,79.44667053222656,80.2699966430664,76.34107208251953,3498300.0
2020-05-12,80.8133316040039,81.08333587646484,78.07333374023438,78.13999938964844,74.31533813476562,3764100.0
2020-05-13,78.5199966430664,78.87999725341797,75.47333526611328,76.63333129882812,72.88243103027344,6889500.0
2020-05-14,75.9800033569336,78.76000213623047,74.70333099365234,78.68333435058594,74.83208465576172,6521700.0
2020-05-15,76.04666900634766,77.31999969482422,75.58000183105469,77.0566635131836,73.28502655029297,5657100.0
2020-05-18,78.88666534423828,81.02666473388672,78.88666534423828,80.59666442871094,76.65177154541016,4940700.0
2020-05-19,80.61333465576172,82.1933364868164,80.30332946777344,80.33333587646484,76.40132141113281,4308000.0
2020-05-20,81.98666381835938,83.836669921875,81.98666381835938,83.2933349609375,79.21641540527344,3791100.0
2020-05-21,83.31999969482422,83.38333129882812,81.0633316040039,81.19667053222656,77.2223892211914,3809700.0
2020-05-22,81.27666473388672,81.6933364868164,80.2699966430664,81.5566635131836,77.56477355957031,2462400.0
2020-05-26,83.73999786376953,84.1433334350586,82.30332946777344,82.413330078125,78.3795166015625,4310400.0
2020-05-27,82.66666412353516,83.68333435058594,80.32666778564453,83.68333435058594,79.58733367919922,5297400.0
2020-05-28,83.06999969482422,84.1866683959961,81.40666961669922,81.8566665649414,77.85009002685547,4460100.0
2020-05-29,82.12666320800781,84.17666625976562,81.87333679199219,83.95333099365234,79.84414672851562,6282000.0
2020-06-01,83.5199966430664,83.8933334350586,82.75666809082031,83.5,79.4129638671875,2780100.0
2020-06-02,83.73999786376953,85.36666870117188,83.3499984741211,85.30332946777344,81.12803649902344,3159900.0
2020-06-03,86.56999969482422,88.16666412353516,86.54666900634766,87.76667022705078,83.4708023071289,1781700.0
2020-06-04,87.43333435058594,89.22333526611328,87.15666961669922,88.56666564941406,84.23163604736328,1948500.0
2020-06-05,90.68333435058594,92.05332946777344,90.25666809082033,90.73666381835938,86.29545593261719,2878200.0
2020-06-08,91.27666473388672,91.41999816894533,89.65666961669922,90.5500030517578,86.117919921875,2531400.0
2020-06-09,89.63666534423828,90.9433364868164,89.23999786376953,90.62000274658205,86.18449401855469,1958400.0
2020-06-10,91.22333526611328,91.80332946777344,90.56666564941406,90.94000244140624,86.48882293701172,2579400.0
2020-06-11,88.63333129882812,88.92333221435547,85.06999969482422,85.163330078125,80.99491119384766,3992100.0
2020-06-12,87.34333038330078,88.0566635131836,84.39666748046875,86.32333374023438,82.09813690185547,4613400.0
2020-06-15,84.23999786376953,87.43333435058594,83.94667053222656,87.29666900634766,83.2047348022461,2132400.0
2020-06-16,89.86333465576172,90.43333435058594,87.413330078125,89.0,84.82819366455078,3384300.0
2020-06-17,89.84666442871094,90.5,89.15666961669922,89.6933364868164,85.48900604248047,1371300.0
2020-06-18,89.57333374023438,90.00666809082031,89.12999725341797,89.52666473388672,85.33016204833984,1340400.0
2020-06-19,90.6500015258789,90.93333435058594,88.8499984741211,89.09333038330078,84.91716003417969,2271300.0
2020-06-22,89.0,89.95999908447266,88.13999938964844,89.75,85.54304504394531,1286100.0
2020-06-23,90.6233367919922,91.00666809082033,89.91000366210938,90.06999969482422,85.84803771972656,1177800.0
2020-06-24,89.58000183105469,90.05332946777344,87.413330078125,88.09333038330078,83.96403503417969,1974000.0
2020-06-25,87.98666381835938,88.89666748046875,86.6433334350586,88.72333526611328,84.56449890136719,1376400.0
2020-06-26,88.83333587646484,88.91999816894531,86.84333038330078,87.05999755859375,82.9791259765625,1637700.0
2020-06-29,87.08333587646484,88.0433349609375,85.98666381835938,88.01000213623047,83.88460540771484,2664900.0
2020-06-30,88.41000366210938,90.6266632080078,88.336669921875,90.29000091552734,86.0577392578125,4086000.0
2020-07-01,90.3733367919922,90.40666961669922,89.05000305175781,89.13333129882812,84.95528411865234,1909200.0
2020-07-02,90.51000213623048,91.0633316040039,89.94999694824219,90.22333526611328,85.99420166015625,1787400.0
2020-07-06,91.99666595458984,92.95999908447266,91.70999908447266,92.6066665649414,88.26581573486328,2312700.0
2020-07-07,92.413330078125,92.9800033569336,91.36666870117188,91.51333618164062,87.22372436523438,1893000.0
2020-07-08,92.20999908447266,92.83333587646484,91.48666381835938,92.75333404541016,88.40559387207031,1610700.0
2020-07-09,93.1999969482422,94.55332946777344,91.77666473388672,93.98332977294922,89.57792663574219,2007900.0
2020-07-10,94.23332977294922,94.34666442871094,92.76000213623048,93.66666412353516,89.27611541748047,966000.0
2020-07-13,94.99333190917967,96.01667022705078,91.9499969482422,92.1266632080078,87.80830383300781,2951700.0
2020-07-14,91.47666931152344,93.88333129882812,90.28333282470705,93.6500015258789,89.2602310180664,3124200.0
2020-07-15,94.4000015258789,94.40333557128906,92.05332946777344,93.48666381835938,89.10453796386719,2247000.0
2020-07-16,92.4000015258789,93.4366683959961,91.99333190917967,93.13666534423828,88.77095794677734,1344600.0
2020-07-17,93.4433364868164,93.98666381835938,93.1500015258789,93.6066665649414,89.21894073486328,1340400.0
2020-07-20,93.76333618164062,95.72333526611328,93.14666748046876,95.4566650390625,90.98221588134766,1783200.0
2020-07-21,96.163330078125,96.29000091552734,94.58000183105467,94.97000122070312,90.51839447021484,1593900.0
2020-07-22,95.2300033569336,96.00666809082033,94.51000213623048,95.28333282470705,90.81700897216795,1240500.0
2020-07-23,95.33333587646484,96.07666778564452,93.0,93.82666778564452,89.42861938476562,2006100.0
2020-07-24,92.16666412353516,93.66999816894533,90.92333221435548,92.35333251953124,88.02433013916016,2717400.0
2020-07-27,93.5199966430664,95.2699966430664,93.45333099365234,95.2300033569336,90.76618957519533,2324400.0
2020-07-28,94.53333282470705,94.65666961669922,93.20333099365234,93.38999938964844,89.01240539550781,1822500.0
2020-07-29,94.22000122070312,95.70333099365234,94.12000274658205,95.3133316040039,90.84559631347656,1452000.0
2020-07-30,95.0366668701172,97.27999877929688,95.01333618164062,97.19000244140624,92.6343002319336,2717400.0
2020-07-31,97.43333435058594,97.4800033569336,95.31999969482422,96.79666900634766,92.25940704345705,1928400.0
2020-08-03,97.38666534423828,98.79000091552734,97.3733367919922,98.55332946777344,93.93370819091795,1654200.0
2020-08-04,98.55332946777344,100.086669921875,98.50333404541016,100.0,95.31257629394533,1452900.0
2020-08-05,99.84333038330078,100.33999633789062,99.1999969482422,99.89666748046876,95.214111328125,1741500.0
2020-08-06,99.81999969482422,100.00666809082033,98.83000183105467,99.84333038330078,95.16325378417967,1096200.0
2020-08-07,99.7300033569336,100.0999984741211,97.53333282470705,98.73332977294922,94.10528564453124,1364700.0
2020-08-10,99.02999877929688,99.1500015258789,97.3000030517578,98.7300033569336,94.10211181640624,1326900.0
2020-08-11,98.61666870117188,99.63666534423828,97.4000015258789,97.6999969482422,93.1203842163086,2116500.0
2020-08-12,98.52999877929688,101.1233367919922,98.2133331298828,100.8566665649414,96.1291046142578,1945800.0
2020-08-13,100.8566665649414,100.95999908447266,99.3566665649414,99.85333251953124,95.17279052734376,1522200.0
2020-08-14,100.17333221435548,100.95999908447266,99.44000244140624,99.7933349609375,95.11560821533205,1088700.0
2020-08-17,100.61666870117188,101.3933334350586,100.38666534423828,100.91666412353516,96.186279296875,928500.0
2020-08-18,101.48999786376952,101.5633316040039,100.09666442871094,100.38333129882812,95.67794799804688,1020300.0
2020-08-19,100.50666809082033,100.69000244140624,99.51000213623048,99.8133316040039,95.13465881347656,1197600.0
2020-08-20,98.66666412353516,99.38333129882812,98.19000244140624,98.92666625976562,94.2895736694336,1899300.0
2020-08-21,98.73332977294922,99.67333221435548,98.3566665649414,99.59666442871094,94.92814636230467,1239300.0
2020-08-24,100.75,100.99333190917967,99.84666442871094,100.63333129882812,95.9162368774414,1043700.0
2020-08-25,100.83333587646484,101.69000244140624,100.62999725341795,101.61000061035156,96.84713745117188,1089900.0
2020-08-26,101.83999633789062,102.3000030517578,101.41666412353516,101.9366683959961,97.15846252441406,1019700.0
2020-08-27,102.38333129882812,102.38333129882812,100.13666534423828,100.77666473388672,96.05284881591795,1660200.0
2020-08-28,100.9000015258789,102.67666625976562,100.72333526611328,102.63666534423828,97.8256607055664,1711200.0
2020-08-31,102.56666564941406,103.26667022705078,101.75,102.40666961669922,97.60643005371094,1013400.0
2020-09-01,103.22666931152344,104.51000213623048,102.69000244140624,104.44000244140624,99.54447174072266,1414200.0
2020-09-02,106.086669921875,108.086669921875,105.07333374023438,107.46666717529295,102.4292449951172,2971800.0
2020-09-03,105.73999786376952,105.97666931152344,100.76667022705078,101.47333526611328,96.71686553955078,3921000.0
2020-09-04,100.79666900634766,102.1500015258789,96.83999633789062,100.41999816894533,95.71290588378906,3466800.0
2020-09-08,96.8133316040039,98.58999633789062,95.586669921875,95.72666931152344,91.2395477294922,3036000.0
2020-09-09,98.15333557128906,99.15333557128906,96.86333465576172,98.33333587646484,93.72404479980467,1914600.0
2020-09-10,99.663330078125,99.9566650390625,96.43000030517578,97.0,92.45320129394533,1914000.0
2020-09-11,97.67666625976562,98.6866683959961,95.91666412353516,96.97333526611328,92.42778778076172,1524300.0
2020-09-14,98.91666412353516,99.53333282470705,98.15333557128906,98.913330078125,94.27684783935548,1155600.0
2020-09-15,100.26667022705078,101.3133316040039,100.09333038330078,100.62000274658205,95.90353393554688,1259700.0
2020-09-16,101.34333038330078,101.4633331298828,99.52333068847656,99.67666625976562,95.0044174194336,1217400.0
2020-09-17,97.13666534423828,99.7866668701172,96.79666900634766,99.6266632080078,94.95675659179688,1714800.0
2020-09-18,100.08333587646484,100.336669921875,96.79000091552734,98.06666564941406,93.46987915039062,1210800.0
2020-09-21,96.22000122070312,97.88999938964844,95.3933334350586,97.88999938964844,93.3014907836914,2331600.0
2020-09-22,98.51667022705078,99.0366668701172,96.8000030517578,98.9000015258789,94.26414489746094,1096200.0
2020-09-23,98.56999969482422,99.0999984741211,95.913330078125,96.2699966430664,92.08921813964844,1896000.0
2020-09-24,95.47333526611328,98.43333435058594,95.40333557128906,97.08333587646484,92.86724090576172,2350500.0
2020-09-25,97.25333404541016,98.72666931152344,95.79666900634766,98.41666412353516,94.14265441894533,1614300.0
2020-09-28,99.8133316040039,101.22666931152344,99.16666412353516,101.1266632080078,96.7349624633789,1836000.0
2020-09-29,101.2133331298828,102.3133316040039,101.05999755859376,101.36333465576172,96.96137237548828,1915500.0
2020-09-30,101.29666900634766,102.5366668701172,100.9433364868164,101.5366668701172,97.1271743774414,1947600.0
2020-10-01,102.91666412353516,103.90666961669922,102.4433364868164,103.70999908447266,99.20611572265624,2045400.0
2020-10-02,101.02999877929688,102.69667053222656,100.45999908447266,100.5999984741211,96.23119354248048,2008500.0
2020-10-05,101.51667022705078,103.836669921875,101.37999725341795,103.74333190917967,99.2380142211914,1540200.0
2020-10-06,103.82666778564452,105.73666381835938,102.82666778564452,103.25,98.76607513427734,1888800.0
2020-10-07,104.72000122070312,105.5500030517578,104.70333099365234,105.22666931152344,100.65691375732422,1249200.0
2020-10-08,106.19000244140624,106.74666595458984,105.8566665649414,106.52999877929688,101.90367126464844,979800.0
2020-10-09,108.06999969482422,108.7066650390625,107.66000366210938,108.40333557128906,103.69564056396484,1967400.0
2020-10-12,109.836669921875,110.57666778564452,109.29000091552734,110.01333618164062,105.23571014404295,1591500.0
2020-10-13,110.1999969482422,110.75333404541016,109.31999969482422,109.81666564941406,105.04757690429688,2298900.0
2020-10-14,110.27333068847656,110.61000061035156,108.75,109.3733367919922,104.6235122680664,1562400.0
2020-10-15,107.33333587646484,109.2933349609375,107.11000061035156,109.08000183105467,104.34291076660156,1207200.0
2020-10-16,109.83333587646484,110.03333282470705,108.47333526611328,108.55999755859376,103.84547424316406,865800.0
2020-10-19,109.4499969482422,110.09666442871094,107.5999984741211,108.01333618164062,103.32257843017578,1208700.0
2020-10-20,108.5,108.7933349609375,107.58333587646484,107.836669921875,103.15357971191406,1048800.0
2020-10-21,108.09333038330078,108.30999755859376,107.02666473388672,107.11333465576172,102.46166229248048,1074300.0
2020-10-22,107.24666595458984,107.7133331298828,105.8566665649414,107.15666961669922,102.50312042236328,905100.0
2020-10-23,106.74666595458984,106.77999877929688,105.7699966430664,106.77999877929688,102.1427993774414,786000.0
2020-10-26,105.86666870117188,106.24666595458984,103.10333251953124,104.46666717529295,99.92992401123048,1671300.0
2020-10-27,105.19000244140624,105.44667053222656,103.69667053222656,104.0566635131836,99.53772735595705,890100.0
2020-10-28,102.41666412353516,102.41666412353516,100.48332977294922,100.6500015258789,96.2790069580078,1481100.0
2020-10-29,100.66666412353516,104.27999877929688,100.52666473388672,103.20333099365234,98.72145080566406,1504500.0
2020-10-30,102.11333465576172,102.77999877929688,100.4800033569336,101.82666778564452,97.40457916259766,1337100.0
2020-11-02,102.77999877929688,103.25,101.3133316040039,102.19000244140624,97.75212860107422,1456200.0
2020-11-03,103.08999633789062,105.0,103.06999969482422,104.11666870117188,99.5951156616211,1385100.0
2020-11-04,106.336669921875,108.31666564941406,105.06666564941406,107.75666809082033,103.07704162597656,3026700.0
2020-11-05,110.87000274658205,112.8766632080078,110.7699966430664,112.59666442871094,107.70684814453124,2808600.0
2020-11-06,112.33000183105467,114.8499984741211,111.96666717529295,114.43333435058594,109.46375274658205,2016000.0
2020-11-09,117.50666809082033,117.92333221435548,113.09333038330078,113.0999984741211,108.18831634521484,1920900.0
2020-11-10,112.086669921875,112.56666564941406,109.42333221435548,109.7066650390625,104.94235229492188,1862100.0
2020-11-11,111.4000015258789,113.86000061035156,111.38999938964844,113.66000366210938,108.72400665283205,1670400.0
2020-11-12,113.83999633789062,114.11000061035156,111.66000366210938,112.25666809082033,107.3816146850586,1203600.0
2020-11-13,113.59333038330078,114.58000183105467,112.81999969482422,113.63333129882812,108.69851684570312,1070700.0
2020-11-16,114.5633316040039,116.45999908447266,114.25,116.45999908447266,111.40242004394533,1456200.0
2020-11-17,116.04666900634766,116.08000183105467,114.6433334350586,115.5,110.48412322998048,1371600.0
2020-11-18,115.70333099365234,116.5,114.56666564941406,114.63999938964844,109.66143798828124,1361100.0
2020-11-19,114.2300033569336,116.4433364868164,113.7066650390625,116.33333587646484,111.28124237060548,1056300.0
2020-11-20,116.3733367919922,117.3566665649414,115.65333557128906,115.79000091552734,110.76150512695312,1369500.0
2020-11-23,116.3066635131836,117.8499984741211,115.93333435058594,117.44000244140624,112.33985137939452,1374900.0
2020-11-24,118.28333282470705,118.29000091552734,116.26000213623048,118.08000183105467,112.95206451416016,1824600.0
2020-11-25,118.25333404541016,118.72666931152344,117.33333587646484,117.81999969482422,112.70335388183594,974100.0
2020-11-27,118.56666564941406,119.91999816894533,118.56666564941406,119.22333526611328,114.04573059082033,1713300.0
2020-11-30,119.42333221435548,120.74333190917967,117.913330078125,120.60333251953124,115.36581420898438,1874100.0
2020-12-01,121.66666412353516,123.37000274658205,121.2699966430664,122.59333038330078,117.26939392089844,2005200.0
2020-12-02,122.25,123.55999755859376,122.1266632080078,122.95333099365234,117.61377716064452,2141400.0
2020-12-03,123.66666412353516,124.38999938964844,122.94667053222656,123.11333465576172,117.76681518554688,1096800.0
2020-12-04,123.66666412353516,126.54666900634766,123.47000122070312,126.47000122070312,120.97769165039062,1624500.0
2020-12-07,127.1866683959961,127.1999969482422,125.9000015258789,127.11000061035156,121.58991241455078,1657800.0
2020-12-08,127.0199966430664,128.01666259765625,126.39666748046876,127.5199966430664,121.98211669921876,1203000.0
2020-12-09,127.0366668701172,127.88333129882812,123.17333221435548,123.92666625976562,118.54481506347656,1949400.0
2020-12-10,122.86666870117188,124.81666564941406,122.45333099365234,123.75333404541016,118.37901306152344,1967400.0
2020-12-11,122.8766632080078,123.41000366210938,121.20333099365234,122.5500030517578,117.22795867919922,1605900.0
2020-12-14,123.44000244140624,124.413330078125,123.16666412353516,123.66666412353516,118.53695678710938,1313400.0
2020-12-15,125.33333587646484,125.8066635131836,124.51000213623048,125.38999938964844,120.18878173828124,1102500.0
2020-12-16,125.9800033569336,125.9800033569336,124.47000122070312,125.4633331298828,120.25908660888672,1342500.0
2020-12-17,126.2866668701172,126.2866668701172,125.1433334350586,125.6933364868164,120.47956085205078,1240200.0
2020-12-18,125.86000061035156,126.09333038330078,124.29666900634766,124.94667053222656,119.76387786865234,1160100.0
2020-12-21,123.36666870117188,124.49666595458984,122.32333374023438,124.38999938964844,119.23027801513672,1799700.0
2020-12-22,124.41999816894533,124.5,123.16999816894533,124.2066650390625,119.05455780029295,668700.0
2020-12-23,124.413330078125,124.61666870117188,123.16666412353516,123.27333068847656,118.15994262695312,1257000.0
2020-12-24,123.93000030517578,124.43000030517578,123.5566635131836,124.3733367919922,119.21432495117188,574200.0
2020-12-28,125.83333587646484,125.9000015258789,124.05332946777344,124.23666381835938,119.08330535888672,1108500.0
2020-12-29,124.8766632080078,124.8766632080078,122.5433349609375,123.91666412353516,118.77660369873048,1334700.0
2020-12-30,124.60333251953124,126.20333099365234,124.48666381835938,125.99333190917967,120.7671127319336,1159800.0
2020-12-31,126.1233367919922,126.58999633789062,125.2066650390625,126.3933334350586,121.1505126953125,1193100.0
2021-01-04,127.2133331298828,129.92666625976562,124.95333099365234,125.86333465576172,120.64250946044922,2487600.0
2021-01-05,125.76333618164062,128.43666076660156,125.66666412353516,128.43666076660156,123.1090850830078,1670700.0
2021-01-06,127.03333282470705,130.5366668701172,126.8566665649414,128.02000427246094,122.70970916748048,3215100.0
2021-01-07,129.89332580566406,133.17666625976562,129.89332580566406,132.85000610351562,127.33935546875,1809000.0
2021-01-08,134.75332641601562,135.3699951171875,131.36000061035156,132.9199981689453,127.40641784667967,2119800.0
2021-01-11,131.76666259765625,135.3300018310547,131.6666717529297,134.26666259765625,128.697265625,1627500.0
2021-01-12,135.1300048828125,136.3866729736328,133.90333557128906,135.0800018310547,129.47683715820312,4503900.0
2021-01-13,136.3300018310547,136.6266632080078,134.77000427246094,135.3000030517578,129.687744140625,1200000.0
2021-01-14,136.97999572753906,139.75332641601562,136.97999572753906,138.1666717529297,132.43551635742188,1748400.0
2021-01-15,138.01333618164062,138.1666717529297,134.5800018310547,135.35667419433594,129.74205017089844,2403900.0
2021-01-19,137.5833282470703,140.0933380126953,137.25999450683594,140.0,134.19277954101562,2517000.0
2021-01-20,141.52000427246094,141.99667358398438,139.17333984375,139.5,133.7135467529297,1851000.0
2021-01-21,140.82333374023438,142.0833282470703,139.3733367919922,141.51666259765625,135.64657592773438,2540400.0
2021-01-22,140.36666870117188,140.97332763671875,139.0433349609375,139.11666870117188,133.3460693359375,1668300.0
2021-01-25,140.27999877929688,140.63999938964844,136.63333129882812,139.31666564941406,133.53781127929688,1683300.0
2021-01-26,139.39332580566406,139.39332580566406,137.0399932861328,137.05332946777344,131.36834716796875,1224900.0
2021-01-27,134.6666717529297,134.68333435058594,129.41000366210938,129.94000244140625,124.5500946044922,5391300.0
2021-01-28,132.55667114257812,134.69667053222656,131.51333618164062,132.7899932861328,127.28187561035156,3369900.0
2021-01-29,133.23666381835938,133.7133331298828,130.0399932861328,130.47332763671875,125.06128692626952,2761800.0
2021-02-01,132.69667053222656,136.0399932861328,132.2566680908203,135.6266632080078,130.00082397460938,1923300.0
2021-02-02,137.88999938964844,138.0,135.96665954589844,137.82666015625,132.109619140625,2429400.0
2021-02-03,138.35333251953125,138.75,134.6666717529297,135.02667236328125,129.42579650878906,2767800.0
2021-02-04,134.60000610351562,136.24000549316406,133.65333557128906,136.13333129882812,130.48651123046875,1832400.0
2021-02-05,137.14999389648438,137.14999389648438,135.0,135.20333862304688,129.59506225585938,1462800.0
2021-02-08,136.1133270263672,139.3633270263672,136.10667419433594,139.25999450683594,133.4834747314453,1947300.0
2021-02-09,138.85667419433594,139.8300018310547,138.07666015625,138.85000610351562,133.09048461914062,1383300.0
2021-02-10,140.0,140.72999572753906,137.336669921875,139.1233367919922,133.3524932861328,2220300.0
2021-02-11,140.27333068847656,144.0433349609375,140.27333068847656,143.94000244140625,137.96937561035156,2112600.0
2021-02-12,143.51666259765625,146.00332641601562,142.78334045410156,145.72000122070312,139.67552185058594,1925100.0
2021-02-16,147.4566650390625,147.99000549316406,145.82666015625,146.45333862304688,140.37843322753906,3152400.0
2021-02-17,145.19667053222656,145.73333740234375,141.97000122070312,143.94332885742188,137.97254943847656,2785200.0
2021-02-18,142.1566619873047,143.1233367919922,140.67999267578125,142.4633331298828,136.55393981933594,2247600.0
2021-02-19,144.6233367919922,146.76333618164062,144.32666015625,145.89666748046875,139.84487915039062,2254500.0
2021-02-22,144.0,145.01333618164062,140.11666870117188,140.61000061035156,134.7774658203125,2652000.0
2021-02-23,138.02667236328125,140.60667419433594,134.02667236328125,139.55332946777344,133.76466369628906,4029300.0
2021-02-24,138.68333435058594,144.23333740234375,137.43333435058594,144.0800018310547,138.1035614013672,3144900.0
2021-02-25,142.39999389648438,143.3433380126953,135.30999755859375,135.8733367919922,130.23731994628906,5339700.0
2021-02-26,138.10000610351562,140.25332641601562,135.35000610351562,138.97000122070312,133.20550537109375,4558800.0
2021-03-01,141.07666015625,143.5500030517578,140.0066680908203,143.39999389648438,137.4517364501953,2316600.0
2021-03-02,143.97999572753906,143.97999572753906,138.94332885742188,139.10000610351562,133.3301239013672,3177600.0
2021-03-03,139.24667358398438,139.54666137695312,133.5800018310547,134.8433380126953,129.25,4425900.0
2021-03-04,134.4066619873047,135.0399932861328,126.4499969482422,128.35333251953125,123.02922821044922,7243500.0
2021-03-05,131.30667114257812,132.64999389648438,125.18333435058594,132.20333862304688,126.7195281982422,6307800.0
2021-03-08,132.03334045410156,132.57000732421875,125.0199966430664,125.06999969482422,119.88209533691406,7349100.0
2021-03-09,129.60000610351562,133.73333740234375,129.21665954589844,132.83999633789062,127.32980346679688,4132800.0
2021-03-10,135.1300048828125,135.17333984375,130.3333282470703,130.3333282470703,124.92709350585938,4082400.0
2021-03-11,134.2100067138672,136.5933380126953,133.50332641601562,135.82000732421875,130.18617248535156,3689400.0
2021-03-12,133.3333282470703,134.63333129882812,132.3733367919922,134.3866729736328,128.81228637695312,3153600.0
2021-03-15,135.10667419433594,137.4066619873047,134.1266632080078,137.22000122070312,131.52809143066406,3894900.0
2021-03-16,138.8433380126953,141.1999969482422,138.18333435058594,138.9933319091797,133.22787475585938,6785100.0
2021-03-17,137.07333374023438,141.84666442871094,136.03334045410156,140.7433319091797,134.90528869628906,5773800.0
2021-03-18,138.7866668701172,139.05999755859375,134.76333618164062,134.9199981689453,129.32347106933594,6042900.0
2021-03-19,135.19000244140625,137.7933349609375,133.46665954589844,136.586669921875,130.92103576660156,6614100.0
2021-03-22,138.26333618164062,141.11000061035156,137.74000549316406,139.47666931152344,133.691162109375,3130200.0
2021-03-23,140.01666259765625,140.26333618164062,135.18333435058594,135.80999755859375,130.17657470703125,5638800.0
2021-03-24,138.07000732421875,138.6300048828125,133.88333129882812,133.94667053222656,128.3905487060547,6608100.0
2021-03-25,131.6300048828125,134.48666381835938,130.27333068847656,133.836669921875,128.5269012451172,5580000.0
2021-03-26,133.94000244140625,140.6999969482422,133.85000610351562,140.44332885742188,134.8714599609375,6493800.0
2021-03-29,139.1300048828125,139.663330078125,136.63333129882812,138.2899932861328,132.80355834960938,6540600.0
2021-03-30,137.1999969482422,138.25,136.3300018310547,137.9600067138672,132.4866180419922,4263600.0
2021-03-31,139.26333618164062,142.39999389648438,138.99000549316406,141.3300018310547,135.7229766845703,5968200.0
2021-04-01,143.7899932861328,146.61000061035156,143.73666381835938,146.52667236328125,140.7134552001953,7380000.0
2021-04-05,148.93666076660156,149.9199981689453,147.15333557128906,149.48333740234375,143.55284118652344,6504000.0
2021-04-06,148.60333251953125,149.52000427246094,146.3433380126953,147.81333923339844,141.94906616210938,5913000.0
2021-04-07,147.96665954589844,148.47332763671875,146.59666442871094,147.71665954589844,141.85623168945312,3296400.0
2021-04-08,149.30332946777344,149.57000732421875,148.03334045410156,149.39999389648438,143.47276306152344,4276500.0
2021-04-09,148.19000244140625,149.0800018310547,147.56666564941406,148.93333435058594,143.02462768554688,2466000.0
2021-04-12,148.15333557128906,148.15333557128906,146.06666564941406,147.3333282470703,141.48812866210938,2607900.0
2021-04-13,148.4566650390625,148.6666717529297,145.63333129882812,147.10000610351562,141.26405334472656,3328500.0
2021-04-14,146.82000732421875,147.93333435058594,144.68666076660156,145.48333740234375,139.71151733398438,4996200.0
2021-04-15,146.97666931152344,148.22666931152344,145.84666442871094,147.9199981689453,142.05149841308594,5672400.0
2021-04-16,147.9199981689453,148.22332763671875,146.90333557128906,147.22666931152344,141.3856658935547,2712600.0
2021-04-19,146.14332580566406,146.63333129882812,142.0399932861328,143.35667419433594,137.66921997070312,8922300.0
2021-04-20,142.8866729736328,143.47999572753906,140.47999572753906,141.31333923339844,135.70697021484375,5374500.0
2021-04-21,141.42333984375,145.07333374023438,140.83999633789062,145.02000427246094,139.26657104492188,4321800.0
2021-04-22,144.72000122070312,144.913330078125,141.0,141.8633270263672,136.23512268066406,5433000.0
2021-04-23,142.44332885742188,145.04666137695312,142.27000427246094,144.4499969482422,138.7191619873047,3996300.0
2021-04-26,144.6366729736328,147.27999877929688,144.3766632080078,147.09666442871094,141.26083374023438,3577800.0
2021-04-27,147.67333984375,147.77999877929688,145.5500030517578,145.9933319091797,140.20127868652344,4878300.0
2021-04-28,145.18333435058594,145.25332641601562,143.61000061035156,143.77667236328125,138.07257080078125,2356200.0
2021-04-29,145.82000732421875,145.9066619873047,142.61000061035156,144.7100067138672,138.96888732910156,3237000.0
2021-04-30,142.586669921875,143.42666625976562,140.336669921875,140.67666625976562,135.09552001953125,3900000.0
2021-05-03,141.67666625976562,141.82333374023438,138.43666076660156,139.2133331298828,133.6903076171875,3222900.0
2021-05-04,137.39999389648438,137.45333862304688,134.336669921875,136.86666870117188,131.4367218017578,6061800.0
2021-05-05,138.5833282470703,139.42666625976562,136.69000244140625,137.72332763671875,132.2593994140625,4808700.0
2021-05-06,137.46665954589844,138.8866729736328,135.90333557128906,138.85333251953125,133.3445281982422,3656400.0
2021-05-07,140.26666259765625,141.72000122070312,139.60333251953125,140.75999450683594,135.17555236816406,2871600.0
2021-05-10,139.52999877929688,139.52999877929688,134.26333618164062,134.5,129.1639404296875,6354600.0
2021-05-11,130.39666748046875,135.05332946777344,129.92999267578125,134.67999267578125,129.33676147460938,6719400.0
2021-05-12,131.8633270263672,132.64332580566406,128.67333984375,129.19332885742188,124.06778717041016,7754100.0
2021-05-13,131.43333435058594,132.86666870117188,129.52999877929688,130.83999633789062,125.64910125732422,4862400.0
2021-05-14,132.74667358398438,136.11000061035156,131.4566650390625,134.88999938964844,129.53846740722656,4663500.0
2021-05-17,133.63999938964844,133.82666015625,131.47999572753906,133.7133331298828,128.40847778320312,3365100.0
2021-05-18,134.97000122070312,135.22666931152344,132.55999755859375,132.6366729736328,127.37451934814452,2354700.0
2021-05-19,130.06666564941406,135.3633270263672,129.51666259765625,135.22332763671875,129.8585662841797,4127400.0
2021-05-20,136.23333740234375,139.35333251953125,136.13333129882812,138.77999877929688,133.2741241455078,5020800.0
2021-05-21,139.75999450683594,139.81333923339844,137.78334045410156,138.01333618164062,132.53787231445312,5250000.0
2021-05-24,139.4566650390625,142.26333618164062,139.3333282470703,141.5,135.88621520996094,3373800.0
2021-05-25,142.5399932861328,142.9933319091797,141.1199951171875,141.9199981689453,136.28953552246094,4363500.0
2021-05-26,142.02333068847656,142.9166717529297,141.0066680908203,142.3000030517578,136.65447998046875,2492400.0
2021-05-27,142.0366668701172,143.61666870117188,141.6666717529297,142.89999389648438,137.23068237304688,3302700.0
2021-05-28,143.44000244140625,144.9199981689453,143.18666076660156,144.22666931152344,138.50469970703125,2179500.0
2021-06-01,145.31666564941406,146.4633331298828,143.0800018310547,143.82333374023438,138.11740112304688,3373500.0
2021-06-02,143.7133331298828,145.2866668701172,143.2566680908203,144.6999969482422,138.959228515625,2140500.0
2021-06-03,143.07666015625,143.6999969482422,141.54666137695312,142.2133331298828,136.57122802734375,3247500.0
2021-06-04,143.43333435058594,145.9566650390625,143.43333435058594,145.6666717529297,139.88755798339844,2821500.0
2021-06-07,144.97666931152344,145.2433319091797,143.69332885742188,144.53334045410156,138.79922485351562,2376300.0
2021-06-08,145.66000366210938,145.913330078125,142.6233367919922,143.7066650390625,138.0052947998047,2534400.0
2021-06-09,144.18333435058594,144.60000610351562,143.0,143.0,137.32672119140625,2607000.0
2021-06-10,143.05667114257812,145.03334045410156,142.7566680908203,144.47000122070312,138.90415954589844,2165100.0
2021-06-11,144.90333557128906,145.1999969482422,144.086669921875,145.1999969482422,139.60604858398438,1765200.0
2021-06-14,145.56666564941406,147.26333618164062,144.7133331298828,147.26333618164062,141.5898895263672,3673800.0
2021-06-15,146.8699951171875,147.76666259765625,145.57666015625,146.05667114257812,140.42967224121094,2388300.0
2021-06-16,146.50999450683594,146.93333435058594,143.53334045410156,144.68333435058594,139.1092529296875,3614700.0
2021-06-17,144.2866668701172,147.31333923339844,144.17666625976562,146.2433319091797,140.6091766357422,3873000.0
2021-06-18,145.24000549316406,145.34666442871094,141.9566650390625,142.7433319091797,137.24400329589844,2889900.0
2021-06-21,142.9066619873047,143.52000427246094,141.69332885742188,143.27000427246094,137.75042724609375,2233200.0
2021-06-22,143.48333740234375,144.36000061035156,142.67999267578125,143.94667053222656,138.40098571777344,1737900.0
2021-06-23,144.30667114257812,145.36000061035156,144.25999450683594,144.54666137695312,138.97789001464844,1889400.0
2021-06-24,145.95333862304688,147.39332580566406,145.8000030517578,147.00332641601562,141.3398895263672,1428300.0
2021-06-25,147.6266632080078,147.8633270263672,146.19000244140625,146.60333251953125,140.95530700683594,1343100.0
2021-06-28,147.50999450683594,150.72666931152344,147.50999450683594,150.10333251953125,144.32044982910156,2651100.0
2021-06-29,149.92666625976562,151.5,149.43333435058594,151.27999877929688,145.45181274414062,1748100.0
2021-06-30,151.13999938964844,151.69667053222656,150.39666748046875,151.4066619873047,145.57359313964844,1317300.0
2021-07-01,151.25332641601562,151.25332641601562,148.72999572753906,149.23666381835938,143.4871826171875,2264100.0
2021-07-02,150.163330078125,150.50999450683594,148.97332763671875,150.14666748046875,144.3621063232422,1827000.0
2021-07-06,150.55332946777344,151.0399932861328,147.97999572753906,149.88999938964844,144.11537170410156,2001900.0
2021-07-07,150.8333282470703,150.84666442871094,146.99667358398438,147.6199951171875,141.9328155517578,1888200.0
2021-07-08,144.50999450683594,146.4199981689453,143.40333557128906,145.72332763671875,140.10919189453125,2000100.0
2021-07-09,146.20333862304688,148.3766632080078,145.14999389648438,148.10000610351562,142.3943328857422,1833000.0
2021-07-12,148.73333740234375,150.0,148.1666717529297,150.0,144.22113037109375,3949800.0
2021-07-13,149.3733367919922,150.04666137695312,148.60667419433594,149.39999389648438,143.6442108154297,2122200.0
2021-07-14,150.4199981689453,151.69667053222656,148.28334045410156,148.7100067138672,142.9807891845703,2256600.0
2021-07-15,147.9933319091797,148.31333923339844,144.30667114257812,145.41000366210938,139.8079071044922,2657100.0
2021-07-16,145.8633270263672,146.60000610351562,141.91000366210938,142.25,136.76968383789062,2571600.0
2021-07-19,140.30667114257812,142.33999633789062,139.50332641601562,142.10667419433594,136.63189697265625,4068000.0
2021-07-20,142.7899932861328,145.1366729736328,141.0,144.0433349609375,138.4939422607422,3201000.0
2021-07-21,144.5933380126953,148.5366668701172,144.5933380126953,148.46665954589844,142.74681091308594,2039400.0
2021-07-22,147.72332763671875,148.39999389648438,146.49667358398438,147.58999633789062,141.90399169921875,1185000.0
2021-07-23,148.27999877929688,148.49000549316406,146.51333618164062,148.3433380126953,142.62826538085938,1312500.0
2021-07-26,147.77333068847656,148.72000122070312,147.4066619873047,148.38999938964844,142.6731414794922,1123200.0
2021-07-27,147.96665954589844,147.96665954589844,142.58999633789062,145.6666717529297,140.0547332763672,2508000.0
2021-07-28,146.19667053222656,148.6699981689453,145.4933319091797,148.04666137695312,142.34304809570312,2289600.0
2021-07-29,148.61000061035156,151.52999877929688,148.55332946777344,151.06666564941406,145.24667358398438,2303700.0
2021-07-30,149.6999969482422,152.6133270263672,149.6999969482422,152.30332946777344,146.4357147216797,2320200.0
2021-08-02,153.76333618164062,155.1666717529297,152.88999938964844,153.26666259765625,147.3618927001953,2864100.0
2021-08-03,153.60667419433594,154.43333435058594,151.80999755859375,154.43333435058594,148.483642578125,1769100.0
2021-08-04,154.73333740234375,156.7566680908203,154.50332641601562,156.0066680908203,149.99639892578125,1626000.0
2021-08-05,156.7566680908203,157.1266632080078,155.14666748046875,156.03334045410156,150.0220184326172,1420200.0
2021-08-06,155.11666870117188,156.0366668701172,154.85000610351562,155.2566680908203,149.2752685546875,1233000.0
2021-08-09,155.88333129882812,155.97332763671875,154.07666015625,154.72999572753906,148.7688751220703,1065900.0
2021-08-10,154.9600067138672,155.22666931152344,151.81666564941406,152.93333435058594,147.0414276123047,2695500.0
2021-08-11,153.35000610351562,153.56333923339844,150.6199951171875,152.41000366210938,146.5382537841797,1296900.0
2021-08-12,151.91000366210938,151.91000366210938,149.52333068847656,150.77333068847656,144.9646453857422,1531500.0
2021-08-13,150.42666625976562,151.7433319091797,150.29666137695312,151.72000122070312,145.8748321533203,1060200.0
2021-08-16,151.14666748046875,151.54666137695312,149.88999938964844,151.1566619873047,145.33323669433594,1143900.0
2021-08-17,149.89999389648438,149.89999389648438,146.8433380126953,148.22999572753906,142.51931762695312,1850700.0
2021-08-18,148.02333068847656,148.92999267578125,146.07666015625,146.27000427246094,140.63482666015625,1879200.0
2021-08-19,145.35333251953125,148.27667236328125,144.22666931152344,147.47000122070312,141.78860473632812,2175600.0
2021-08-20,147.8633270263672,148.83999633789062,146.80667114257812,148.57666015625,142.8526153564453,1798200.0
2021-08-23,150.1199951171875,152.9633331298828,150.1199951171875,152.75999450683594,146.87474060058594,2181000.0
2021-08-24,153.1999969482422,153.6666717529297,152.49667358398438,152.75999450683594,146.87474060058594,1662900.0
2021-08-25,153.3633270263672,155.05999755859375,153.27667236328125,153.92333984375,147.99330139160156,2274300.0
2021-08-26,153.74000549316406,154.6666717529297,152.80667114257812,154.06666564941406,148.13108825683594,2284500.0
2021-08-27,154.15333557128906,157.19332885742188,153.93666076660156,157.0066680908203,150.95782470703125,2404500.0
2021-08-30,157.64666748046875,158.8433380126953,156.7566680908203,157.32000732421875,151.25912475585938,2519400.0
2021-08-31,157.49000549316406,157.6999969482422,154.84666442871094,156.06333923339844,150.0508575439453,2107800.0
2021-09-01,156.84666442871094,157.00332641601562,155.2133331298828,155.2133331298828,149.23361206054688,1632600.0
2021-09-02,155.9499969482422,156.27333068847656,155.19000244140625,155.7933349609375,149.791259765625,1501500.0
2021-09-03,155.82000732421875,157.57000732421875,155.47332763671875,156.9600067138672,150.91299438476562,1356000.0
2021-09-07,157.0399932861328,157.04666137695312,155.4566650390625,156.38333129882812,150.3585205078125,1640700.0
2021-09-08,155.6666717529297,155.82666015625,153.03334045410156,154.3800048828125,148.43238830566406,3087900.0
2021-09-09,154.27667236328125,155.83999633789062,154.18333435058594,154.92333984375,148.9547882080078,3921000.0
2021-09-10,156.19667053222656,158.52667236328125,156.13999938964844,156.15333557128906,150.13739013671875,2959200.0
2021-09-13,157.72666931152344,157.97666931152344,155.51666259765625,157.64999389648438,151.57640075683594,2835900.0
2021-09-14,158.05332946777344,158.85333251953125,156.93666076660156,157.6566619873047,151.582763671875,2581500.0
2021-09-15,157.77999877929688,158.56666564941406,156.44332885742188,158.56333923339844,152.45457458496094,3770400.0
2021-09-16,157.4166717529297,159.39666748046875,156.76333618164062,158.86666870117188,152.74618530273438,1655100.0
2021-09-17,158.44667053222656,158.44667053222656,155.6266632080078,156.3333282470703,150.3104248046875,2426700.0
2021-09-20,153.0,153.5933380126953,150.21665954589844,152.4633331298828,146.5895538330078,3124800.0
2021-09-21,153.60333251953125,154.05999755859375,151.52333068847656,152.913330078125,147.02220153808594,2214000.0
2021-09-22,154.11666870117188,156.44667053222656,153.55332946777344,156.086669921875,150.0732879638672,1309200.0
2021-09-23,156.82666015625,158.6666717529297,156.26333618164062,158.1666717529297,152.07315063476562,2407200.0
2021-09-24,156.5833282470703,157.93666076660156,156.3333282470703,157.60000610351562,151.8987274169922,1191900.0
2021-09-27,155.913330078125,157.8333282470703,154.99000549316406,157.21665954589844,151.5292205810547,1339800.0
2021-09-28,154.24667358398438,155.14332580566406,151.06666564941406,151.06666564941406,145.60169982910156,5448000.0
2021-09-29,151.40333557128906,151.84666442871094,148.39332580566406,148.68333435058594,143.3046112060547,6776400.0
2021-09-30,150.0933380126953,151.07333374023438,148.5833282470703,148.6233367919922,143.24679565429688,4524900.0
2021-10-01,149.2133331298828,149.4933319091797,146.27667236328125,148.72000122070312,143.33995056152344,3114900.0
2021-10-04,147.9499969482422,148.0399932861328,144.44667053222656,144.88999938964844,139.64845275878906,4161900.0
2021-10-05,145.5833282470703,148.10333251953125,145.33999633789062,147.0833282470703,141.762451171875,3156000.0
2021-10-06,145.44667053222656,147.77000427246094,144.94332885742188,147.6566619873047,142.31507873535156,3410700.0
2021-10-07,149.56333923339844,151.3633270263672,149.19332885742188,149.38333129882812,143.97927856445312,1913400.0
2021-10-08,149.9199981689453,150.1133270263672,147.73333740234375,147.85333251953125,142.50462341308594,1672200.0
2021-10-11,147.26666259765625,149.35333251953125,146.80999755859375,146.8633270263672,141.5504150390625,1532100.0
2021-10-12,147.7899932861328,148.0066680908203,144.4199981689453,145.02999877929688,139.783447265625,3201900.0
2021-10-13,146.0800018310547,146.77333068847656,145.38999938964844,145.86666870117188,140.58982849121094,1756500.0
2021-10-14,148.55667114257812,150.4066619873047,148.14332580566406,150.39332580566406,144.95272827148438,2486100.0
2021-10-15,151.49667358398438,151.85000610351562,150.6300048828125,151.39666748046875,145.91976928710938,1639500.0
2021-10-18,150.49667358398438,152.6666717529297,149.63333129882812,152.61666870117188,147.0956268310547,1352700.0
2021-10-19,152.96665954589844,154.48666381835938,152.27000427246094,154.48666381835938,148.8979949951172,1394100.0
2021-10-20,153.92999267578125,154.77000427246094,153.5,154.1666717529297,148.58958435058594,1261500.0
2021-10-21,153.17666625976562,155.9199981689453,153.10667419433594,155.72000122070312,150.08670043945312,1303200.0
2021-10-22,154.89999389648438,156.5,153.7066650390625,153.97332763671875,148.40321350097656,3284400.0
2021-10-25,154.75999450683594,155.9199981689453,154.1999969482422,155.02999877929688,149.42164611816406,1684800.0
2021-10-26,156.2433319091797,156.8000030517578,154.60000610351562,155.14666748046875,149.53414916992188,1879200.0
2021-10-27,154.20333862304688,155.83999633789062,153.48666381835938,154.03334045410156,148.4610595703125,3226200.0
2021-10-28,156.08999633789062,157.63333129882812,155.80999755859375,157.5066680908203,151.80870056152344,3278100.0
2021-10-29,156.17666625976562,158.22999572753906,156.0,158.2100067138672,152.48663330078125,2135700.0
2021-11-01,158.39999389648438,160.82666015625,158.0,160.7899932861328,154.97328186035156,2547300.0
2021-11-02,160.70333862304688,162.79666137695312,160.70333862304688,162.7899932861328,156.90093994140625,2225400.0
2021-11-03,163.0,164.86666870117188,162.3699951171875,164.6666717529297,158.70968627929688,2175000.0
2021-11-04,166.52667236328125,170.97000122070312,165.6199951171875,170.2066650390625,164.04931640625,4080900.0
2021-11-05,171.26666259765625,173.4166717529297,170.38999938964844,172.09666442871094,165.8709716796875,4534800.0
2021-11-08,173.163330078125,175.55999755859375,172.5366668701172,174.42333984375,168.1134490966797,2921400.0
2021-11-09,176.163330078125,176.3633270263672,172.5433349609375,174.42333984375,168.1134490966797,2722800.0
2021-11-10,171.14999389648438,173.49000549316406,168.5433349609375,169.27999877929688,163.15618896484375,3934200.0
2021-11-11,172.0800018310547,173.27333068847656,170.75,172.86000061035156,166.60665893554688,2283000.0
2021-11-12,173.4600067138672,175.3766632080078,172.50332641601562,174.5500030517578,168.23550415039062,1970400.0
2021-11-15,175.85667419433594,175.85667419433594,172.6266632080078,174.4199981689453,168.11021423339844,2318100.0
2021-11-16,173.63333129882812,177.35333251953125,173.42333984375,177.03334045410156,170.62899780273438,2023200.0
2021-11-17,177.1233367919922,177.1233367919922,174.94000244140625,175.8000030517578,169.4403076171875,1575600.0
2021-11-18,178.99667358398438,179.6366729736328,177.03334045410156,178.74000549316406,172.27392578125,1997100.0
2021-11-19,178.76666259765625,180.4499969482422,177.8766632080078,179.23666381835938,172.75262451171875,3405900.0
2021-11-22,180.26666259765625,182.7066650390625,176.39999389648438,176.63999938964844,170.24989318847656,4422600.0
2021-11-23,176.4499969482422,177.6366729736328,172.97332763671875,175.92999267578125,169.56556701660156,2422800.0
2021-11-24,174.5500030517578,177.95333862304688,172.80332946777344,177.8633270263672,171.42897033691406,2117100.0
2021-11-26,174.5066680908203,176.086669921875,171.63999938964844,172.913330078125,166.65805053710938,2448000.0
2021-11-29,175.47666931152344,179.9600067138672,174.81666564941406,179.55999755859375,173.0642852783203,2412300.0
2021-11-30,178.85333251953125,180.52999877929688,174.9066619873047,176.413330078125,170.03143310546875,3264300.0
2021-12-01,179.0,182.16000366210935,174.9933319091797,175.00332641601562,168.6724395751953,3112500.0
2021-12-02,173.1999969482422,176.47666931152344,171.8766632080078,175.2566680908203,168.9166259765625,3124500.0
2021-12-03,177.73666381835938,179.49667358398438,172.85000610351562,174.81333923339844,168.48931884765625,2490900.0
2021-12-06,174.47332763671875,175.1233367919922,169.1266632080078,174.58999633789062,168.27406311035156,2091600.0
2021-12-07,178.4933319091797,183.7599945068359,178.4933319091797,183.3999938964844,176.765380859375,2692200.0
2021-12-08,182.4266662597656,182.586669921875,180.32666015625,182.2066650390625,175.6151885986328,1666500.0
2021-12-09,181.1300048828125,182.93666076660156,177.86000061035156,178.01666259765625,171.57676696777344,1674000.0
2021-12-10,181.336669921875,182.1999969482422,177.47332763671875,179.69667053222656,173.1959991455078,2020500.0
2021-12-13,180.1133270263672,180.19332885742188,174.32000732421875,174.6266632080078,168.58241271972656,2286600.0
2021-12-14,172.48333740234375,174.70333862304688,171.52333068847656,173.7866668701172,167.77151489257812,2888100.0
2021-12-15,174.13999938964844,180.3300018310547,171.8000030517578,180.1666717529297,173.93064880371094,2344200.0
2021-12-16,180.8999938964844,181.41000366210935,171.27333068847656,172.30667114257812,166.3426971435547,2797800.0
2021-12-17,170.61000061035156,174.63999938964844,170.0399932861328,171.89999389648438,165.9501190185547,2702100.0
2021-12-20,169.39999389648438,171.88333129882812,168.69332885742188,170.55332946777344,164.65008544921875,2145900.0
2021-12-21,174.39666748046875,176.7899932861328,172.01333618164062,176.7066650390625,170.5904083251953,1624200.0
2021-12-22,175.79666137695312,178.5433349609375,174.88333129882812,178.5433349609375,172.3634796142578,2134800.0
2021-12-23,178.89999389648438,181.43666076660156,178.89666748046875,180.27000427246097,174.03042602539062,2100300.0
2021-12-27,180.92999267578125,185.25,180.8866729736328,185.2100067138672,178.7994384765625,2503500.0
2021-12-28,186.0666656494141,186.0933380126953,182.32000732421875,183.1666717529297,176.8268280029297,1974900.0
2021-12-29,183.09666442871097,184.5933380126953,182.3233337402344,183.44667053222656,177.09716796875,1254900.0
2021-12-30,183.0033264160156,183.76333618164065,180.7566680908203,181.32000732421875,175.0933837890625,1361700.0
2021-12-31,181.5066680908203,182.7133331298828,180.7533264160156,180.77333068847656,174.5655059814453,1217400.0
2022-01-03,181.9900054931641,184.54666137695312,181.27333068847656,184.36666870117188,178.03543090820312,1699800.0
2022-01-04,185.18666076660156,186.33999633789065,179.3733367919922,183.8000030517578,177.48822021484375,3504600.0
2022-01-05,182.3933258056641,183.9600067138672,177.39666748046875,177.55667114257812,171.4592742919922,3751800.0
2022-01-06,177.52999877929688,179.77333068847656,175.60667419433594,178.93666076660156,172.79188537597656,2934300.0
2022-01-07,178.76333618164062,179.4166717529297,173.20333862304688,173.74667358398438,167.78012084960938,2284500.0
2022-01-10,171.59666442871094,174.18666076660156,168.0,173.80999755859375,167.84129333496094,5377500.0
2022-01-11,173.22666931152344,177.2866668701172,171.94667053222656,177.0800018310547,170.9990234375,3157200.0
2022-01-12,178.7899932861328,180.02333068847656,176.60333251953125,178.3800048828125,172.2543487548828,3571500.0
2022-01-13,181.1066741943359,182.61666870117188,173.77333068847656,174.21665954589844,168.23399353027344,3268800.0
2022-01-14,172.836669921875,178.55332946777344,172.81333923339844,178.3866729736328,172.26080322265625,3401700.0
2022-01-18,175.5366668701172,175.55999755859375,170.0399932861328,170.413330078125,164.56126403808594,7686000.0
2022-01-19,171.79666137695312,172.85333251953125,165.28334045410156,165.39999389648438,159.72007751464844,9931800.0
2022-01-20,166.67666625976562,168.0,160.0,160.2133331298828,154.71151733398438,8349900.0
2022-01-21,159.0933380126953,163.61666870117188,157.19667053222656,157.54666137695312,152.13644409179688,13946100.0
2022-01-24,154.25332641601562,159.64332580566406,148.97666931152344,159.34666442871094,153.8746337890625,15465300.0
2022-01-25,155.25,157.16000366210938,152.51666259765625,153.39999389648438,148.13214111328125,10710300.0
2022-01-26,157.7066650390625,162.2566680908203,153.39999389648438,155.7566680908203,150.4078826904297,8508000.0
2022-01-27,157.29666137695312,157.48666381835938,148.32333374023438,148.82333374023438,143.7126922607422,8400900.0
2022-01-28,148.70333862304688,151.67666625976562,144.42666625976562,151.67666625976562,146.46800231933594,7173000.0
2022-01-31,152.43666076660156,160.06666564941406,151.59666442871094,159.82333374023438,154.3349609375,7846800.0
2022-02-01,161.3866729736328,161.64666748046875,157.1300048828125,161.15333557128906,155.61927795410156,4068900.0
2022-02-02,164.41000366210938,165.63999938964844,162.086669921875,165.22332763671875,159.5494842529297,5229000.0
2022-02-03,161.06666564941406,163.72999572753906,157.42666625976562,158.03334045410156,152.60638427734375,6506400.0
2022-02-04,157.29666137695312,160.3000030517578,155.1666717529297,158.94000244140625,153.48196411132812,5061300.0
2022-02-07,159.3333282470703,161.50332641601562,158.25,158.85000610351562,153.39501953125,3501900.0
2022-02-08,158.17666625976562,163.19667053222656,157.913330078125,162.86666870117188,157.27378845214844,2941200.0
2022-02-09,165.01333618164062,168.22999572753906,162.94667053222656,168.2100067138672,162.43357849121094,5061000.0
2022-02-10,164.10667419433594,169.2933349609375,162.0399932861328,162.96665954589844,157.37030029296875,4614000.0
2022-02-11,163.24000549316406,164.42666625976562,153.56333923339844,154.67333984375,149.3617706298828,7881900.0
2022-02-14,155.1999969482422,157.94667053222656,152.8000030517578,154.82000732421875,149.50344848632812,5697300.0
2022-02-15,158.1699981689453,163.7866668701172,157.75,163.3633270263672,157.7533721923828,4881000.0
2022-02-16,161.35667419433594,164.02333068847656,159.92999267578125,163.4166717529297,157.8048553466797,2713200.0
2022-02-17,161.24667358398438,161.47000122070312,157.0366668701172,157.27999877929688,151.87893676757812,6003000.0
2022-02-18,157.35333251953125,157.93333435058594,153.36000061035156,155.52333068847656,150.18258666992188,5866200.0
2022-02-22,153.8433380126953,158.2866668701172,152.1233367919922,154.57666015625,149.26846313476562,8370000.0
2022-02-23,156.3699951171875,158.0,150.4066619873047,150.89332580566406,145.7116241455078,6525600.0
2022-02-24,145.02667236328125,156.663330078125,144.67666625976562,156.413330078125,151.0420379638672,8669100.0
2022-02-25,156.4066619873047,159.02000427246094,154.19000244140625,159.02000427246094,153.55918884277344,7065000.0
2022-02-28,156.9499969482422,159.4566650390625,154.8699951171875,158.05332946777344,152.62571716308594,4359300.0
2022-03-01,157.413330078125,158.3300018310547,150.65333557128906,152.32333374023438,147.0924835205078,4265700.0
2022-03-02,153.58999633789062,158.26333618164062,153.23333740234375,157.1666717529297,151.76947021484375,2850600.0
2022-03-03,158.1266632080078,158.17333984375,152.93333435058594,153.8699951171875,148.58602905273438,4177800.0
2022-03-04,152.3699951171875,153.7133331298828,148.10000610351562,149.7866668701172,144.64292907714844,4443300.0
2022-03-07,150.23333740234375,151.30332946777344,142.2433319091797,142.27333068847656,137.38758850097656,5869200.0
2022-03-08,143.2433319091797,150.29666137695312,140.85333251953125,145.0,140.0206298828125,7909500.0
2022-03-09,149.8800048828125,152.21665954589844,148.17333984375,151.07666015625,145.8886260986328,4699800.0
2022-03-10,148.40333557128906,148.5500030517578,145.06666564941406,147.97666931152344,142.8950958251953,4805700.0
2022-03-11,150.1233367919922,150.39999389648438,144.5066680908203,144.8000030517578,139.82748413085938,6524400.0
2022-03-14,144.36666870117188,145.11666870117188,139.45333862304688,140.1133270263672,135.30174255371094,5683800.0
2022-03-15,141.51666259765625,146.89999389648438,140.6300048828125,146.55332946777344,141.5205841064453,3980400.0
2022-03-16,149.0399932861328,154.1233367919922,147.42333984375,154.10000610351562,148.8081512451172,4868700.0
2022-03-17,152.35333251953125,155.0500030517578,151.17666625976562,155.0500030517578,149.7255096435547,4133100.0
2022-03-18,153.97000122070312,158.71665954589844,153.01666259765625,158.07666015625,152.6482391357422,5004600.0
2022-03-21,157.46665954589844,159.05667114257812,154.94332885742188,157.76333618164062,152.34567260742188,4801500.0
2022-03-22,157.47666931152344,160.51333618164062,157.32000732421875,158.6366729736328,153.1890106201172,2886600.0
2022-03-23,157.18666076660156,159.11000061035156,154.59666442871094,154.63999938964844,149.32960510253906,3530400.0
2022-03-24,155.94000244140625,162.26666259765625,155.3000030517578,162.13999938964844,156.86788940429688,5002500.0
2022-03-25,161.9600067138672,162.39999389648438,159.08999633789062,161.77333068847656,156.51312255859375,3103200.0
2022-03-28,160.80332946777344,163.02999877929688,158.48666381835938,163.02999877929688,157.72894287109375,2735700.0
2022-03-29,165.6300048828125,167.02999877929688,163.39999389648438,166.76666259765625,161.34413146972656,3093600.0
2022-03-30,165.47666931152344,166.06333923339844,160.57666015625,161.43333435058594,156.18423461914062,3269100.0
2022-03-31,161.31333923339844,162.02999877929688,157.336669921875,157.75999450683594,152.6303253173828,3369300.0
2022-04-01,158.42666625976562,158.79666137695312,152.39332580566406,154.70333862304688,149.6730499267578,5391900.0
2022-04-04,155.10667419433594,157.43666076660156,154.52333068847656,157.21665954589844,152.1046600341797,2705100.0
2022-04-05,155.92999267578125,156.06333923339844,149.5800018310547,149.97999572753906,145.10330200195312,4054800.0
2022-04-06,146.6666717529297,148.9066619873047,145.0,146.25,141.4945831298828,4836900.0
2022-04-07,146.0500030517578,147.88333129882812,143.50332641601562,146.57000732421875,141.80419921875,3511800.0
2022-04-08,145.35333251953125,145.4066619873047,142.70333862304688,142.93333435058594,138.2857666015625,4500300.0
2022-04-11,140.82000732421875,142.0,139.67333984375,139.99667358398438,135.44454956054688,4291800.0
2022-04-12,142.9566650390625,144.01333618164062,138.83999633789062,139.57000732421875,135.03179931640625,5894700.0
2022-04-13,140.47332763671875,143.55999755859375,139.60667419433594,142.57333374023438,137.93746948242188,3309000.0
2022-04-14,143.50332641601562,143.5366668701172,138.4499969482422,138.6300048828125,134.1223602294922,5903400.0
2022-04-18,137.93666076660156,142.27667236328125,137.76666259765625,141.02999877929688,136.44432067871094,3630300.0
2022-04-19,140.46665954589844,144.42333984375,139.75332641601562,144.1199951171875,139.43382263183594,3036600.0
2022-04-20,146.39999389648438,147.6699981689453,143.2933349609375,143.8000030517578,139.12425231933594,3826200.0
2022-04-21,145.57000732421875,147.19000244140625,139.24000549316406,139.9633331298828,135.41233825683594,3600300.0
2022-04-22,139.7433319091797,140.52000427246094,136.6199951171875,136.85000610351562,132.40023803710938,4569000.0
2022-04-25,135.73333740234375,139.1999969482422,135.32666015625,139.163330078125,134.63836669921875,6353700.0
2022-04-26,137.28334045410156,137.52333068847656,132.836669921875,132.9933319091797,128.6689910888672,5844000.0
2022-04-27,131.52667236328125,135.57333374023438,131.22999572753906,132.26666259765625,127.96593475341795,4350300.0
2022-04-28,134.92333984375,141.04666137695312,133.22332763671875,139.55667114257812,135.01889038085938,4923300.0
2022-04-29,137.60000610351562,140.27000427246094,133.2066650390625,133.5933380126953,129.24949645996094,4188300.0
2022-05-02,133.71665954589844,138.2066650390625,132.6699981689453,138.05332946777344,133.56442260742188,4635300.0
2022-05-03,137.68666076660156,140.2899932861328,136.72999572753906,139.19667053222656,134.67059326171875,2300100.0
2022-05-04,140.22999572753906,144.836669921875,135.89999389648438,144.59666442871094,139.89501953125,4259400.0
2022-05-05,142.00332641601562,142.21665954589844,135.5433349609375,137.5933380126953,133.11940002441406,4597200.0
2022-05-06,136.3333282470703,139.40333557128906,133.7933349609375,136.36666870117188,131.9326171875,3950400.0
2022-05-09,133.4199981689453,135.04666137695312,128.663330078125,129.42333984375,125.2150650024414,5058600.0
2022-05-10,133.3300018310547,134.81333923339844,129.47666931152344,132.36666870117188,128.06268310546875,4476600.0
2022-05-11,131.23666381835938,134.32666015625,128.0833282470703,128.4566650390625,124.2798080444336,5066100.0
2022-05-12,126.87000274658205,130.31333923339844,125.77666473388672,129.23666381835938,125.03443145751952,5345100.0
2022-05-13,131.50332641601562,136.78334045410156,130.80667114257812,135.8333282470703,131.41661071777344,4724400.0
2022-05-16,134.45333862304688,135.8733367919922,133.25999450683594,133.76666259765625,129.41714477539062,2372400.0
2022-05-17,137.2566680908203,140.6233367919922,136.74000549316406,140.26333618164062,135.70257568359375,3193200.0
2022-05-18,137.94667053222656,139.8633270263672,132.6266632080078,133.19332885742188,128.86244201660156,3581100.0
2022-05-19,132.5433349609375,135.7866668701172,131.23333740234375,132.3866729736328,128.08201599121094,3303300.0
2022-05-20,134.9933319091797,135.00332641601562,126.38999938964844,132.31666564941406,128.01431274414062,4083900.0
2022-05-23,131.2899932861328,133.24000549316406,130.27667236328125,132.8866729736328,128.5657958984375,3639300.0
2022-05-24,130.75332641601562,131.19000244140625,128.17333984375,129.64999389648438,125.434326171875,2865600.0
2022-05-25,128.77333068847656,133.22332763671875,128.65333557128906,131.98333740234375,127.69181823730467,2512500.0
2022-05-26,130.74667358398438,137.75332641601562,130.5366668701172,137.13999938964844,132.68080139160156,2966700.0
2022-05-27,139.30332946777344,143.01666259765625,139.30332946777344,142.77999877929688,138.13742065429688,3165600.0
2022-05-31,142.53334045410156,143.30667114257812,139.86666870117188,142.04666137695312,137.42791748046875,2807100.0
2022-06-01,142.77000427246094,143.49000549316406,137.86000061035156,139.7933349609375,135.24786376953125,2466000.0
2022-06-02,139.30667114257812,144.80667114257812,139.0366668701172,144.663330078125,139.9595184326172,2005800.0
2022-06-03,141.52999877929688,142.3300018310547,139.68666076660156,140.336669921875,135.77354431152344,2065500.0
2022-06-06,143.2866668701172,143.75999450683594,139.64666748046875,140.5800018310547,136.00892639160156,2241900.0
2022-06-07,138.91000366210938,142.10333251953125,137.83999633789062,141.70333862304688,137.0957489013672,1866600.0
2022-06-08,140.92666625976562,141.5,137.63999938964844,138.68666076660156,134.17721557617188,3396000.0
2022-06-09,137.28334045410156,139.67666625976562,134.5433349609375,134.54666137695312,130.3685760498047,2517000.0
2022-06-10,132.3333282470703,133.47666931152344,129.49667358398438,129.76666259765625,125.73700714111328,3599100.0
2022-06-13,125.0,126.6433334350586,121.80999755859376,122.27999877929688,118.48282623291016,4042800.0
2022-06-14,123.6233367919922,124.17333221435548,121.51667022705078,122.95999908447266,119.14170837402344,2831100.0
2022-06-15,124.41000366210938,127.27333068847656,122.2699966430664,125.07333374023438,121.18939971923828,3811200.0
2022-06-16,121.41999816894533,121.5433349609375,116.0566635131836,117.5366668701172,113.88677978515624,3921300.0
2022-06-17,117.8000030517578,118.86666870117188,115.3066635131836,118.01333618164062,114.3486557006836,3400200.0
2022-06-21,120.50333404541016,122.92333221435548,120.41666412353516,121.10333251953124,117.34269714355467,2830200.0
2022-06-22,119.01667022705078,121.55332946777344,118.83999633789062,119.83999633789062,116.11859130859376,4106700.0
2022-06-23,120.5500030517578,120.65333557128906,117.15333557128906,119.02666473388672,115.33050537109376,2178900.0
2022-06-24,120.88999938964844,124.3000030517578,120.6266632080078,124.3000030517578,120.44010162353516,3783600.0
2022-06-27,125.42333221435548,125.73332977294922,123.00666809082033,123.95999908447266,120.1106414794922,2497500.0
2022-06-28,124.6933364868164,126.14666748046876,120.74666595458984,120.9366683959961,117.1811981201172,3039900.0
2022-06-29,119.27999877929688,119.41999816894533,116.61666870117188,118.08333587646484,114.41647338867188,3393600.0
2022-06-30,116.42666625976562,118.86000061035156,114.6999969482422,116.5366668701172,112.91783142089844,3285600.0
2022-07-01,114.59666442871094,115.21666717529295,110.95999908447266,112.413330078125,108.92252349853516,3875100.0
2022-07-05,109.56666564941406,113.3000030517578,108.9000015258789,113.3000030517578,109.78167724609376,3391200.0
2022-07-06,113.41000366210938,115.1866683959961,112.16999816894533,113.85333251953124,110.31781768798828,2672100.0
2022-07-07,116.52666473388672,119.54666900634766,116.52666473388672,118.9499969482422,115.25621795654295,2866200.0
2022-07-08,117.22666931152344,120.33333587646484,116.8733367919922,119.51667022705078,115.80531311035156,2334000.0
2022-07-11,117.7066650390625,118.2933349609375,116.00333404541016,116.76333618164062,113.13746643066406,2490000.0
2022-07-12,117.52333068847656,118.38666534423828,116.23666381835938,117.08999633789062,113.4539794921875,4494300.0
2022-07-13,114.6999969482422,118.69000244140624,114.46666717529295,117.75,114.09349060058594,3564600.0
2022-07-14,117.4366683959961,120.76000213623048,115.72333526611328,120.24666595458984,116.51262664794922,3186900.0
2022-07-15,122.08333587646484,123.3133316040039,120.16999816894533,123.11666870117188,119.2935028076172,2984100.0
2022-07-18,125.15666961669922,126.11666870117188,121.9433364868164,122.72333526611328,118.91238403320312,2959200.0
2022-07-19,124.66000366210938,128.82666015625,124.30332946777344,128.13333129882812,124.15438842773438,3116700.0
2022-07-20,127.94000244140624,132.02333068847656,127.1500015258789,131.39999389648438,127.31961059570312,4845300.0
2022-07-21,132.0833282470703,133.63333129882812,130.19667053222656,133.54666137695312,129.39962768554688,2753400.0
2022-07-22,133.11666870117188,133.17333984375,129.07666015625,130.2566680908203,126.2117691040039,4548000.0
2022-07-25,129.2566680908203,129.53334045410156,127.2699966430664,129.43333435058594,125.4140167236328,2862900.0
2022-07-26,128.57333374023438,129.22332763671875,126.80332946777344,127.27666473388672,123.3243179321289,2510400.0
2022-07-27,129.55999755859375,134.17333984375,129.1699981689453,133.10000610351562,128.966796875,3214200.0
2022-07-28,133.39332580566406,135.02999877929688,130.48666381835938,134.74000549316406,130.55589294433594,3532200.0
2022-07-29,132.7899932861328,136.1566619873047,132.3333282470703,135.77667236328125,131.5603790283203,3840900.0
2022-08-01,134.81333923339844,137.47666931152344,133.92666625976562,136.3000030517578,132.06744384765625,3812100.0
2022-08-02,134.75999450683594,138.10667419433594,134.19000244140625,136.0399932861328,131.81552124023438,2124900.0
2022-08-03,136.02000427246094,140.0933380126953,135.93333435058594,139.82000732421875,135.4781494140625,2860800.0
2022-08-04,139.49667358398438,141.25332641601562,139.08999633789062,140.8300018310547,136.45677185058594,1919100.0
2022-08-05,138.36000061035156,140.93666076660156,137.72666931152344,139.73333740234375,135.39418029785156,3279900.0
2022-08-08,137.80667114257812,139.336669921875,135.50332641601562,137.6199951171875,133.34645080566406,3061200.0
2022-08-09,134.44000244140625,134.5800018310547,129.5066680908203,131.31333923339844,127.23565673828124,4368900.0
2022-08-10,134.81333923339844,137.01666259765625,133.01666259765625,136.76333618164062,132.5164031982422,3456000.0
2022-08-11,137.92333984375,140.6199951171875,136.2866668701172,136.586669921875,132.34521484375,2403900.0
2022-08-12,137.49667358398438,140.9633331298828,136.99667358398438,140.5833282470703,136.2177734375,2049600.0
2022-08-15,139.9566650390625,141.5,139.0,141.10667419433594,136.72486877441406,1325100.0
2022-08-16,140.38333129882812,141.0,138.10333251953125,139.663330078125,135.32632446289062,1566900.0
2022-08-17,137.52333068847656,137.58999633789062,134.38333129882812,136.2899932861328,132.05775451660156,2640000.0
2022-08-18,136.66000366210938,140.32666015625,136.1666717529297,139.39666748046875,135.06796264648438,1698900.0
2022-08-19,137.47666931152344,138.17333984375,134.93666076660156,135.63333129882812,131.4214630126953,2323500.0
2022-08-22,132.88333129882812,133.13333129882812,129.89666748046875,130.52999877929688,126.47663879394533,2903400.0
2022-08-23,130.6233367919922,133.17999267578125,130.47332763671875,131.17999267578125,127.1064682006836,2430600.0
2022-08-24,131.02999877929688,131.9633331298828,129.99000549316406,131.50999450683594,127.42621612548828,1251900.0
2022-08-25,131.6366729736328,136.49000549316406,131.56333923339844,136.3300018310547,132.09652709960938,2679300.0
2022-08-26,136.02333068847656,136.33999633789062,128.39332580566406,128.59666442871094,124.60334014892578,2838000.0
2022-08-29,127.2300033569336,128.70333862304688,125.7933349609375,126.0,122.08729553222656,2575200.0
2022-08-30,127.3566665649414,127.40666961669922,123.00333404541016,124.53333282470705,120.66619110107422,3212700.0
2022-08-31,125.08333587646484,125.086669921875,122.15333557128906,123.2300033569336,119.4033203125,2974800.0
2022-09-01,120.086669921875,120.95999908447266,117.19667053222656,120.9433364868164,117.18767547607422,4537800.0
2022-09-02,122.8066635131836,123.663330078125,119.09333038330078,119.61666870117188,115.9021987915039,3841200.0
2022-09-06,119.59666442871094,120.25333404541016,117.33000183105467,118.23666381835938,114.56502532958984,2692500.0
2022-09-07,118.7133331298828,121.25333404541016,117.81666564941406,120.23666381835938,116.50294494628906,1699500.0
2022-09-08,119.06999969482422,122.72000122070312,118.33333587646484,122.26333618164062,118.46668243408205,2823300.0
2022-09-09,123.8733367919922,125.84333038330078,123.8733367919922,125.19667053222656,121.30891418457033,2066400.0
2022-09-12,125.73666381835938,126.43000030517578,124.29666900634766,125.8066635131836,121.89997100830078,2610900.0
2022-09-13,121.02333068847656,122.0633316040039,117.63666534423828,117.99333190917967,114.3292465209961,4065000.0
2022-09-14,118.87999725341795,120.16000366210938,117.55332946777344,119.33333587646484,115.62767028808594,2722800.0
2022-09-15,118.52999877929688,119.91999816894533,116.5566635131836,117.35333251953124,113.70914459228516,2432700.0
2022-09-16,116.0633316040039,118.18333435058594,115.18000030517578,118.0566635131836,114.39061737060548,3392100.0
2022-09-19,116.5500030517578,119.30332946777344,116.49666595458984,118.67666625976562,114.99137878417967,2146200.0
2022-09-20,117.52999877929688,118.0999984741211,116.16999816894533,117.0999984741211,113.46368408203124,2630700.0
2022-09-21,117.31666564941406,121.11666870117188,115.91666412353516,115.91666412353516,112.31707000732422,3535200.0
2022-09-22,115.25333404541016,115.73999786376952,112.09666442871094,112.76333618164062,109.26166534423828,2936100.0
2022-09-23,111.43000030517578,111.7300033569336,109.23666381835938,111.25333404541016,107.79857635498048,3881700.0
2022-09-26,110.26667022705078,111.9633331298828,108.79666900634766,108.99333190917967,106.18203735351562,2881500.0
2022-09-27,110.97333526611328,111.7866668701172,108.42666625976562,110.00666809082033,107.1692352294922,2977200.0
2022-09-28,109.09666442871094,112.00333404541016,108.6433334350586,111.56666564941406,108.68899536132812,4045200.0
2022-09-29,109.52666473388672,109.73332977294922,106.37000274658205,108.09666442871094,105.30848693847656,3009000.0
2022-09-30,106.6999969482422,109.45333099365234,106.08000183105467,106.24333190917967,103.50296783447266,2722800.0
2022-10-03,107.45333099365234,111.14666748046876,106.68333435058594,109.91666412353516,107.08155822753906,3747300.0
2022-10-04,113.4566650390625,115.20999908447266,113.16666412353516,115.07333374023438,112.10521697998048,3182400.0
2022-10-05,113.16666412353516,117.1866683959961,112.16000366210938,116.01333618164062,113.02095794677734,2505600.0
2022-10-06,115.8933334350586,118.02666473388672,115.12000274658205,115.5500030517578,112.56958770751952,2850000.0
2022-10-07,112.1066665649414,112.42333221435548,107.96666717529295,108.61666870117188,105.8150863647461,3969000.0
2022-10-10,108.1933364868164,108.32333374023438,103.41999816894533,104.92333221435548,102.21700286865234,4665000.0
2022-10-11,103.05332946777344,104.01000213623048,100.54000091552734,101.97333526611328,99.34310913085938,4818600.0
2022-10-12,101.83999633789062,102.37999725341795,100.66000366210938,100.98332977294922,98.37863159179688,3107400.0
2022-10-13,97.03333282470705,105.80332946777344,95.94000244140624,103.88999938964844,101.21033477783205,4911600.0
2022-10-14,105.34333038330078,105.34333038330078,99.23666381835938,99.55999755859376,96.99201202392578,3887100.0
2022-10-17,102.20999908447266,103.06999969482422,100.86666870117188,101.66999816894533,99.04759979248048,3760500.0
2022-10-18,104.8499984741211,105.5366668701172,100.22000122070312,102.0199966430664,99.38855743408205,3558900.0
2022-10-19,101.2933349609375,103.64666748046876,100.9800033569336,102.67333221435548,100.02503204345705,3043500.0
2022-10-20,103.23999786376952,106.4633331298828,102.72333526611328,103.30999755859376,100.64530181884766,3567300.0
2022-10-21,103.04000091552734,107.41666412353516,102.58999633789062,107.1500015258789,104.38623809814452,3703200.0
2022-10-24,107.51000213623048,108.08000183105467,105.0999984741211,107.61333465576172,104.83763885498048,3784200.0
2022-10-25,108.06666564941406,110.80999755859376,107.8933334350586,110.06999969482422,107.23091888427734,2770800.0
2022-10-26,107.79666900634766,111.57333374023438,107.26667022705078,108.98666381835938,106.17552947998048,4811700.0
2022-10-27,109.6999969482422,110.7300033569336,106.913330078125,107.05332946777344,104.29207611083984,3589500.0
2022-10-28,107.25,111.413330078125,106.97333526611328,111.25,108.38048553466795,4192500.0
2022-10-31,110.24666595458984,110.55332946777344,108.2699966430664,108.82666778564452,106.0196533203125,2394900.0
2022-11-01,111.01333618164062,111.3766632080078,109.04666900634766,109.70333099365234,106.87371826171876,2810400.0
2022-11-02,110.39666748046876,112.32666778564452,106.0999984741211,106.23999786376952,103.4997100830078,3193800.0
2022-11-03,104.25333404541016,106.4433364868164,103.16000366210938,104.81666564941406,102.1130828857422,3752100.0
2022-11-04,108.59666442871094,109.94667053222656,107.08999633789062,109.66666412353516,106.83800506591795,4601700.0
2022-11-07,110.68333435058594,112.46666717529295,109.23666381835938,112.0366668701172,109.1468734741211,3548700.0
2022-11-08,114.13333129882812,115.85333251953124,112.18333435058594,114.50333404541016,111.5499038696289,3901200.0
2022-11-09,112.5633316040039,113.01000213623048,110.67333221435548,110.84333038330078,107.98431396484376,3578700.0
2022-11-10,117.18333435058594,122.61666870117188,116.2066650390625,122.3133316040039,119.15846252441406,5347500.0
2022-11-11,122.91000366210938,126.79666900634766,121.50333404541016,126.0566635131836,122.80525970458984,6114000.0
2022-11-14,125.3733367919922,127.1266632080078,124.63333129882812,124.67666625976562,121.46084594726562,3683100.0
2022-11-15,129.8433380126953,130.19667053222656,126.5500030517578,128.2899932861328,124.98096466064452,4897800.0
2022-11-16,125.36666870117188,125.61666870117188,122.21666717529295,122.99333190917967,119.82093048095705,4775700.0
2022-11-17,120.44000244140624,124.51000213623048,120.22333526611328,123.9566650390625,120.75939178466795,3961500.0
2022-11-18,126.02999877929688,126.0566635131836,122.88999938964844,124.23332977294922,121.02893829345705,3105300.0
2022-11-21,122.87999725341795,123.31999969482422,121.7866668701172,122.17333221435548,119.02207946777344,1815000.0
2022-11-22,123.22000122070312,125.91000366210938,122.1866683959961,125.8133316040039,122.56819152832033,3290700.0
2022-11-23,125.68000030517578,128.55999755859375,125.663330078125,127.33333587646484,124.04898834228516,3905400.0
2022-11-25,126.5566635131836,127.0,125.63666534423828,125.63666534423828,122.39608001708984,1164000.0
2022-11-28,124.07666778564452,125.38999938964844,121.6500015258789,122.49666595458984,119.33706665039062,3197700.0
2022-11-29,122.86333465576172,123.55332946777344,121.27666473388672,122.02333068847656,118.8759536743164,1828200.0
2022-11-30,122.4800033569336,129.43333435058594,121.33999633789062,129.3433380126953,126.00715637207033,4166100.0
2022-12-01,130.11000061035156,130.2433319091797,126.6233367919922,128.413330078125,125.1011199951172,4130700.0
2022-12-02,125.1933364868164,127.163330078125,124.55332946777344,126.9633331298828,123.68853759765624,3110400.0
2022-12-05,126.0999984741211,127.31666564941406,124.22333526611328,125.3566665649414,122.12329864501952,2709300.0
2022-12-06,125.34333038330078,125.47333526611328,121.4800033569336,122.72000122070312,119.55464935302734,2182200.0
2022-12-07,121.41000366210938,123.31666564941406,121.18000030517578,122.4566650390625,119.29808807373048,2111400.0
2022-12-08,123.20333099365234,126.086669921875,122.38333129882812,125.99666595458984,122.74679565429688,2694300.0
2022-12-09,125.44000244140624,127.0366668701172,124.38333129882812,124.83000183105467,121.6102294921875,1749000.0
2022-12-12,124.21666717529295,127.17666625976562,123.58000183105467,127.04000091552734,123.76322174072266,2178900.0
2022-12-13,132.40333557128906,132.97999572753906,127.25,128.8633270263672,125.89029693603516,4521000.0
2022-12-14,128.5500030517578,130.08999633789062,125.44667053222656,126.93000030517578,124.0015869140625,3972000.0
2022-12-15,124.26333618164062,124.80332946777344,121.3933334350586,121.55999755859376,118.75548553466795,3881100.0
2022-12-16,120.913330078125,121.9633331298828,119.4499969482422,120.63999938964844,117.85670471191406,2465700.0
2022-12-19,120.51333618164062,120.79000091552734,117.91666412353516,119.14666748046876,116.3978042602539,2231700.0
2022-12-20,117.66000366210938,119.50666809082033,117.3933334350586,118.41999816894533,115.68791198730467,2275500.0
2022-12-21,119.24666595458984,121.48666381835938,119.01667022705078,121.086669921875,118.29306030273438,2291700.0
2022-12-22,118.73332977294922,118.92333221435548,113.74666595458984,116.1933364868164,113.51262664794922,5403300.0
2022-12-23,115.1866683959961,116.29666900634766,114.01333618164062,116.2933349609375,113.6103286743164,2571900.0
2022-12-27,115.37000274658205,115.47666931152344,113.66666412353516,114.1933364868164,111.55876159667967,3494400.0
2022-12-28,113.4566650390625,114.84666442871094,112.0500030517578,112.51000213623048,109.9142608642578,2682000.0
2022-12-29,114.34333038330078,116.63999938964844,113.91999816894533,116.0999984741211,113.42145538330078,3263100.0
2022-12-30,114.44000244140624,116.1866683959961,113.61333465576172,115.99333190917967,113.31723022460938,2010000.0
2023-01-03,115.2352740652438,115.44042823813128,111.53271267065293,112.21331024169922,,2844600.0
2023-01-04,114.34953648227328,115.74003092677036,113.03067643818603,115.10176849365234,,3257100.0
2023-01-05,113.9652806644887,114.77612604909376,112.97532318732424,113.16094207763672,,2671800.0
2023-01-06,114.69146441294508,119.04856679480326,113.1414005755123,118.42658996582033,,4898400.0
2023-01-09,120.59863451375983,123.3503169182883,119.83011682151007,120.6083984375,,4581300.0
2023-01-10,120.19482727739154,122.3343041097141,119.56959333200189,122.16822052001952,,2825400.0
2023-01-11,122.24310193210884,123.79642264905618,121.21407400656396,123.74431610107422,,2682000.0
2023-01-12,124.4118998204412,126.0042913196923,121.8425793748916,125.2488021850586,,3324000.0
2023-01-13,123.62385213376535,125.77960717674743,123.4707970437074,125.7665786743164,,2079000.0
2023-01-17,125.33670108344587,127.18309588441625,124.74729563361043,125.90983581542967,,3017400.0
2023-01-18,127.31988678105058,128.2154099507418,125.20321733523892,125.2488021850586,,3512700.0
2023-01-19,124.13510220886418,124.20022981067493,121.3410848616006,121.73511505126952,,3775200.0
2023-01-20,123.04419974124684,125.623291603791,121.79373186284684,125.54513549804688,,3352500.0
2023-01-23,126.71743786248004,132.28917856567983,126.5155259324454,131.8495635986328,,5726700.0
2023-01-24,130.24091345135326,132.08079436568647,130.061808812252,130.85311889648438,,2370300.0
2023-01-25,128.5508210401154,131.44252224395262,127.56411330819458,131.20806884765625,,3301200.0
2023-01-26,132.71253486105033,133.58851525233132,130.51770937485065,133.419189453125,,3896700.0
2023-01-27,131.1136450032496,133.71552934063914,130.7749635696541,132.5692596435547,,4289700.0
2023-01-30,130.76191634317763,131.5532262286109,128.94482831091446,129.0490264892578,,4384500.0
2023-01-31,128.8015679104994,131.51742907542408,128.67781205457317,131.45555114746094,,3104100.0
2023-02-01,132.10687272306902,139.7073801803256,131.98964599734705,138.31036376953125,,7244100.0
2023-02-02,139.7268821175275,142.6674325804707,138.93230755804976,141.51466369628906,,7456200.0
2023-02-03,138.36895301600657,141.94125163114683,138.01725803127093,138.75320434570312,,5555400.0
2023-02-06,136.58444147850307,138.6001774179612,135.8875656553537,136.49977111816406,,2496300.0
2023-02-07,137.0273248588576,141.51469010473377,136.6821440635405,140.84060668945312,,3285300.0
2023-02-08,139.9027460231915,141.05226543172702,137.489730166962,137.81211853027344,,3522000.0
2023-02-09,140.26417886727305,141.83703488259624,137.14127416561405,138.16378784179688,,3015600.0
2023-02-10,136.75052465591207,137.14781947278854,134.48730667706357,135.96572875976562,,2947800.0
2023-02-13,136.6072183628299,138.36244367701656,135.4153639226278,137.96514892578125,,2122500.0
2023-02-14,136.74727821577142,140.89271253708003,135.72149970459265,140.46937561035156,,3252000.0
2023-02-15,139.00720205610085,141.11412231657684,137.9814386701954,141.04248046875,,2143500.0
2023-02-16,138.50246779794938,139.95483268652734,137.35946274240703,137.5841522216797,,3444900.0
2023-02-17,136.77002999479083,137.17057437453852,134.2137310180358,135.44140625,,3064200.0
2023-02-21,133.33453419739595,134.90739052934453,130.80102701241418,131.05502319335938,,2208600.0
2023-02-22,131.36113806986447,132.34458138478692,129.63848370582056,130.42654418945312,,2285700.0
2023-02-23,134.81618900375736,135.35675255526962,132.07102116347133,134.71524047851562,,4617000.0
2023-02-24,132.32503852136867,132.99912195950864,131.30903885543972,132.30224609375,,2842200.0
2023-02-27,134.51334296169694,134.53288571363626,132.9535153337954,133.00234985351562,,2040900.0
2023-02-28,132.69301440008508,135.26234265556803,132.40646185277046,133.45828247070312,,1582500.0
2023-03-01,133.94997279024273,135.12229940477297,132.96654453870687,133.49407958984375,,1922400.0
2023-03-02,131.41651231303837,135.20373757343003,130.3972479851622,134.56222534179688,,3108300.0
2023-03-03,134.5328796313615,136.7863183303338,133.52012984953137,136.6365203857422,,2408700.0
2023-03-06,137.01754528077385,138.1963862863688,134.72502069090456,135.0474090576172,,2177100.0
2023-03-07,135.19065499006263,135.7605251258332,133.08699956015155,133.6243133544922,,1899000.0
2023-03-08,134.16166654672497,137.3269219955539,134.16166654672497,137.1771240234375,,2088300.0
2023-03-09,137.00126231030492,139.12446100824806,134.24633031071517,134.45147705078125,,3889800.0
2023-03-10,135.1743961516168,135.5228265698467,131.22759508577195,131.8528289794922,,3320700.0
2023-03-13,130.47537800633276,133.51362762549525,129.11093311635216,131.8919219970703,,3512700.0
2023-03-14,134.19096525580912,136.58770285382283,133.55270280271017,135.74754333496094,,2743200.0
2023-03-15,133.8067076887047,134.47102718973304,131.32856414984116,134.1649169921875,,3527100.0
2023-03-16,133.57874302083368,139.71059047164036,132.9958443224868,139.4044952392578,,3730200.0
2023-03-17,139.671541590258,140.75266880731562,137.78606085163273,138.54156494140625,,2828400.0
2023-03-20,138.8118388492143,140.45633700267487,137.66558402900787,140.0069580078125,,2155800.0
2023-03-21,141.1466737394877,142.63160974081663,138.202858737586,140.28372192382812,,2899500.0
2023-03-22,140.2869694271457,144.01557969535847,138.85413269497704,138.88995361328125,,3313200.0
2023-03-23,141.30319105175877,144.5874128036599,140.18341376398666,142.67433166503906,,4039800.0
2023-03-24,141.51866277970427,141.90388231918365,138.77962437902136,140.19973754882812,,3120600.0
2023-03-27,140.70578068525816,141.13671491841112,138.067944909559,138.55438232421875,,1806300.0
2023-03-28,138.2344288148147,138.3486930293994,135.42032507539648,137.51622009277344,,2737500.0
2023-03-29,139.81126324413438,142.92573306155202,139.550096407786,141.93655395507812,,3140400.0
2023-03-30,143.73534955081857,145.21749668353655,143.25218494830685,144.27401733398438,,2602200.0
2023-03-31,143.17709869904428,145.3872579751539,142.9453124050854,145.16851806640625,,2151000.0
2023-04-03,144.3197588369862,144.86821524757923,142.1357067775168,143.91493225097656,,1876800.0
2023-04-04,144.17608653308753,144.2185134391448,140.44133819927958,141.23138427734375,,2324100.0
2023-04-05,139.72310442167628,139.8406414389678,137.31707011984105,138.78289794921875,,3343800.0
2023-04-06,137.51621800257607,139.08650657558303,136.45194384848506,138.06793212890625,,1894800.0
2023-04-10,136.87960773268617,140.6045673399119,136.66088277195763,140.50662231445312,,1927200.0
2023-04-11,141.2836148539428,141.3815598848321,139.50111691308928,139.76882934570312,,1823100.0
2023-04-12,141.15301215143285,141.1954539960636,137.07874450999452,137.2126007080078,,2598900.0
2023-04-13,137.52278181112334,139.15508967411762,136.42259620910755,138.34219360351562,,3013500.0
2023-04-14,138.21159300337294,139.88308465539654,136.62172719538188,138.12672424316406,,1963500.0
2023-04-17,136.6413042469532,138.2148658081776,136.22996199924248,138.12672424316406,,2206500.0
2023-04-18,139.20402779590947,140.40541600919695,137.67292321947482,138.72412109375,,2765100.0
2023-04-19,136.8828845447768,137.53580158590896,136.36706663240057,137.20608520507812,,1264500.0
2023-04-20,135.83167782531922,139.13549200269483,135.69456374603652,137.07876586914062,,2391900.0
2023-04-21,136.60537927299384,136.60537927299384,134.8751267522548,136.0732421875,,2157600.0
2023-04-24,135.82838081261255,136.60210757834275,134.5486546154909,135.46275329589844,,2074800.0
2023-04-25,134.6531604702606,134.6662218025865,130.8270120361507,130.91189575195312,,2482500.0
2023-04-26,132.27320934128355,132.95877964365943,130.9379649733995,131.61048889160156,,1926300.0
2023-04-27,131.44074242302588,132.33199143007417,128.8192407241359,132.16549682617188,,3116700.0
2023-04-28,132.7792389326169,134.58131391774663,132.19159863801164,134.54867553710938,,2359200.0
2023-05-01,135.0873484372255,136.1614262950963,134.73478214127036,135.7664031982422,,1803900.0
2023-05-02,135.81860046954716,136.5923123375691,133.48111578809323,134.79676818847656,,2115600.0
2023-05-03,134.03938995833337,135.65537837228496,133.1514137846175,133.2493438720703,,2525400.0
2023-05-04,132.19488818889937,133.64112430899715,131.31342763532948,132.5017547607422,,2102700.0
2023-05-05,132.66493894649716,136.0177246601661,131.9956879364093,135.44967651367188,,1619400.0
2023-05-08,135.29952982798903,136.11568357297125,134.17649462340546,136.02101135253906,,1365300.0
2023-05-09,134.08838266895134,134.26793862468998,133.161222365166,133.7064208984375,,2348400.0
2023-05-10,135.20812095755366,136.0242896799873,133.76188504526894,135.0677490234375,,2766600.0
2023-05-11,135.10693186005844,135.39749417173962,132.90983364985152,134.18304443359375,,1854600.0
2023-05-12,134.662950009417,135.22119488190722,132.7955682322281,134.05899047851562,,1383300.0
2023-05-15,134.44095123178946,137.72517356507834,134.04592816642923,137.6990509033203,,1799100.0
2023-05-16,137.25178714122822,139.0048895999305,137.25178714122822,137.44113159179688,,2047500.0
2023-05-17,138.69802770550885,141.37829040043505,137.8296285700783,140.83636474609375,,1986000.0
2023-05-18,141.4631518704728,145.63862240179577,141.3586761885361,145.28604125976562,,3429300.0
2023-05-19,144.8616528075715,145.19138413152456,143.63414187491287,144.5384521484375,,2877600.0
2023-05-22,143.23585844368796,145.41989504102003,143.17382460116494,145.03793334960938,,2299800.0
2023-05-23,144.06506248414613,145.01507237738895,142.92896602191385,143.24563598632812,,1553100.0
2023-05-24,140.36296403023195,141.27053205310025,139.19748708362482,140.68289184570312,,4341000.0
2023-05-25,147.15018376747244,150.63028134099352,145.5537722641345,150.0524444580078,,12973800.0
2023-05-26,152.34093560359622,160.68208970745118,152.28870522498232,159.85939025878906,,8010900.0
2023-05-30,163.5581873322425,164.217649872975,159.07585057061408,159.7255096435547,,7862700.0
2023-05-31,157.02567345085993,159.18686012760168,155.5533149638832,155.62513732910156,,5358600.0
2023-06-01,156.57514468535476,159.65370287009355,154.9722177676788,158.30213928222656,,7343700.0
2023-06-02,159.51006953864717,159.96711146877783,156.7808344546472,157.9299774169922,,3318900.0
2023-06-05,157.35215379789602,157.44029536445092,154.68821019481982,155.4847869873047,,2710800.0
2023-06-06,154.38787084151394,158.12587718363932,154.1528117249969,157.36195373535156,,3235500.0
2023-06-07,158.40182810697308,160.63131781506218,156.77385243255418,157.1301727294922,,3906300.0
2023-06-08,157.59110582178198,159.13082068868982,156.7803727902781,158.73854064941406,,2724900.0
2023-06-09,160.5365324444787,161.62512689265137,158.40838230002916,159.15699768066406,,2519400.0
2023-06-12,161.0236236679918,164.43978544790167,160.82748362992834,164.28286743164062,,2638500.0
2023-06-13,166.92425951025538,167.5617333535623,164.59015260202654,166.48294067382812,,4164300.0
2023-06-14,165.8618213131036,168.92818734010953,164.89418514271452,168.84646606445312,,8500500.0
2023-06-15,166.90134826057485,168.68624177381398,166.25081050490493,167.45054626464844,,6561300.0
2023-06-16,169.13738222278752,169.15372348268008,165.66565761537876,165.904296875,,4956300.0
2023-06-20,165.14259494034422,166.59404892117635,163.1125227125989,164.56069946289062,,2024400.0
2023-06-21,163.52769598205043,164.3449535399982,160.36325280961333,160.54959106445312,,4128300.0
2023-06-22,159.45774578118375,161.96837410635425,159.23871002554205,161.2982177734375,,3656400.0
2023-06-23,158.699329235278,159.46428583814563,157.73495536863217,158.45741271972656,,2057400.0
2023-06-26,159.56886356674988,162.0173887479271,158.9640873345067,158.9706268310547,,2434800.0
2023-06-27,159.52966632205732,164.80264128525303,158.9248899959109,164.52476501464844,,2763600.0
2023-06-28,161.87027366872104,164.63915937774337,161.69375215424432,163.25634765625,,2912400.0
2023-06-29,163.92001023777516,164.0344290133879,161.94877795224855,163.3021697998047,,1674600.0
2023-06-30,165.10011687465212,166.48946826320164,164.51169678967904,165.8258514404297,,1618200.0
2023-07-03,166.58751539334142,167.702267646268,165.46296137748854,167.3001708984375,,809400.0
2023-07-05,166.18214489239682,166.52540110989574,163.55055878513934,163.60287475585938,,2821800.0
2023-07-06,160.82419752298833,161.8114521210665,159.50350338215208,161.5401153564453,,3454200.0
2023-07-07,161.84417221028852,164.1782643000885,161.34727509317483,161.60879516601562,,1824300.0
2023-07-10,162.11546380660786,165.1164494797683,161.95202127383504,164.9726104736328,,1833600.0
2023-07-11,165.54471077772672,165.84546779599765,162.59928826627225,164.97915649414062,,2370300.0
2023-07-12,167.36555050744744,168.3560822480384,166.42079524429286,168.05206298828125,,4269300.0
2023-07-13,169.83374048264722,171.91285208771163,169.17992530776908,171.52383422851562,,2791200.0
2023-07-14,171.54341259402094,173.07986517570467,168.6797264419273,169.37930297851562,,5124900.0
2023-07-17,169.44141985094612,174.28941726497976,168.39860193859002,173.4329376220703,,2926200.0
2023-07-18,172.68756711111882,174.3253594208515,171.33419054115294,173.75328063964844,,2669400.0
2023-07-19,173.9788669306436,174.1031024259993,171.2622966567451,171.69053649902344,,2483400.0
2023-07-20,168.62742470067724,169.21258253548604,164.6947624029017,165.44664001464844,,5085600.0
2023-07-21,167.24789406974074,168.4999460072777,166.0056588610729,166.9405975341797,,2527800.0
2023-07-24,166.9372982264982,168.12069265747513,166.0677247946616,166.93402099609375,,1544400.0
2023-07-25,167.89840796133294,170.75229225303372,167.89840796133294,169.74215698242188,,1869300.0
2023-07-26,167.6238146661204,168.8137487280826,165.56758430466266,167.39825439453125,,2618700.0
2023-07-27,171.7526465931689,174.11289643186072,169.59179905534992,170.54635620117188,,3826500.0
2023-07-28,173.7957896250486,174.86150321328995,172.09587948168385,174.26980590820312,,2821500.0
2023-07-31,174.90728054497558,175.50879463262928,173.9102241057231,174.99227905273438,,1628400.0
2023-08-01,173.3904346003748,175.47282307781566,172.85430056292537,175.10340881347656,,1343400.0
2023-08-02,172.88043767800525,172.92619918995317,167.3982444615025,168.40184020996094,,4657800.0
2023-08-03,166.3848606664326,169.18316712923885,165.76374305939694,167.97035217285156,,4354800.0
2023-08-04,167.36229459973808,170.03638023107706,165.85852453897746,167.70553588867188,,4139400.0
2023-08-07,168.91184060914458,169.68659898079383,167.88534899182895,169.47084045410156,,2262900.0
2023-08-08,166.82291875631353,166.96349551277984,164.5378506132807,166.7738800048828,,2767500.0
2023-08-09,166.65942694751908,166.72480694779867,163.38384254349117,163.71401977539062,,3228000.0
2023-08-10,165.02165003618467,166.7738611421761,161.94548257846358,163.05368041992188,,3831600.0
2023-08-11,161.0530229444405,161.16416446217323,158.81371664916065,159.1013946533203,,3882000.0
2023-08-14,158.49009200869804,163.73036886682084,157.94415626040276,163.69114685058594,,3127200.0
2023-08-15,162.84447018091518,163.36752522432283,160.77189842865025,160.95823669433594,,2276700.0
2023-08-16,160.7849643112197,160.94514457408826,157.71859870171548,157.8428192138672,,2840100.0
2023-08-17,158.1370602904958,158.49338062006757,155.80621564333956,156.2998504638672,,2624400.0
2023-08-18,154.59667321991122,157.7022612153281,154.27303542500505,157.13998413085938,,2315700.0
2023-08-21,157.88204405922144,161.8931650223186,157.63032579969396,161.65452575683594,,2757900.0
2023-08-22,163.63231527523473,163.83171756247478,159.6832970099928,160.22923278808594,,2055300.0
2023-08-23,159.30405540495195,164.08014720033793,159.12425667352312,163.50479125976562,,3027300.0
2023-08-24,166.5907604567224,166.6790211995871,157.74144626966304,158.10104370117188,,4848600.0
2023-08-25,158.06185654604812,160.14096784404512,155.60680644149065,158.7810516357422,,3435900.0
2023-08-28,160.34363042108512,161.23606964343125,159.1536964934346,160.79148864746094,,1689300.0
2023-08-29,159.98732531368594,165.55779500235923,159.75522552760063,165.01512145996094,,2730000.0
2023-08-30,164.5214813298734,166.47310957401982,163.34462631860646,165.7931365966797,,3073800.0
2023-08-31,165.19492575140205,167.9017091627623,165.19492575140205,166.9405975341797,,2109000.0
2023-09-01,168.05532422631143,168.4378024805247,166.16581371156155,167.3753662109375,,1891200.0
2023-09-05,166.78364424680112,168.6306552414019,165.8879129008625,167.31976318359375,,1871100.0
2023-09-06,166.85230521758552,167.95724069392529,164.24359980094607,166.1102294921875,,2008200.0
2023-09-07,162.298517329835,162.77251856669423,160.2618907684196,162.30831909179688,,3877500.0
2023-09-08,161.96511305193377,163.14198329085937,160.79479727570904,161.4682159423828,,1333800.0
2023-09-11,163.49502675000954,163.5244470068993,159.19948966980476,161.37667846679688,,1422900.0
2023-09-12,160.31097732906483,162.73660736551048,159.89253923786293,160.0069580078125,,1720500.0
2023-09-13,159.96118773665324,162.4521976533219,159.79119072442,160.82748413085938,,2927700.0
2023-09-14,162.38680093477873,162.65813768730607,160.44498931197384,161.97816467285156,,2022000.0
2023-09-15,161.01707771631075,161.01707771631075,156.5057821990466,157.30343627929688,,2901000.0
2023-09-18,156.09717446265785,158.41820243336014,155.78007614865044,157.83956909179688,,1722600.0
2023-09-19,157.36883594620926,157.4538344592713,155.67546504135245,156.5090789794922,,1553700.0
2023-09-20,157.22171454196712,157.8820541381419,153.8872741803187,153.9395751953125,,2122800.0
2023-09-21,152.10236591706993,153.0700019423191,151.03011290730873,151.09877014160156,,2532900.0
2023-09-22,152.53715960793937,153.87747225573392,151.7591240231847,152.35736083984375,,2395500.0
2023-09-25,151.64472922529274,153.6126992568786,150.9418902677043,153.47213745117188,,1587600.0
2023-09-26,152.2241364233448,152.6112507280728,150.01623178095798,150.68548583984375,,2349000.0
2023-09-27,151.91902228433037,153.15911853906795,149.75375340139897,152.01416015625,,2727300.0
2023-09-28,151.6992215078368,156.4627834861042,151.0726180412478,154.82901000976562,,3674400.0
2023-09-29,157.0696969362262,157.63726529733438,154.91100587273792,155.38998413085938,,2802600.0
2023-10-02,155.72792313044968,157.40434728251975,154.28113645349185,156.17408752441406,,2466600.0
2023-10-03,154.7207669548791,156.89258410740754,151.86328116448908,152.942626953125,,2685900.0
2023-10-04,153.68732229544784,155.4392108803344,152.56532606672477,154.97335815429688,,3280200.0
2023-10-05,155.0126888242235,155.6097821455205,152.7982218410203,154.2220458984375,,1902300.0
2023-10-06,153.42812023844414,158.30323369545934,152.41438762458728,157.53555297851562,,3818700.0
2023-10-09,155.8853956261709,157.58478197646588,154.687934818918,157.1418914794922,,2082000.0
2023-10-10,157.63070979338465,160.57348122284938,156.98112910316428,159.15623474121094,,1863300.0
2023-10-11,159.70084408151322,160.6784891126219,158.44762206272665,160.35369873046875,,2983200.0
2023-10-12,160.6194121709308,163.0700796168558,159.2152763190146,160.76376342773438,,3051600.0
2023-10-13,161.08526236674663,161.27226422088398,156.08548576178626,156.38731384277344,,2544900.0
2023-10-16,156.91553081484918,159.18904842372436,156.76134286540588,158.601806640625,,1732500.0
2023-10-17,155.43593323056632,158.5657218958851,153.64468281404126,157.4437255859375,,2450100.0
2023-10-18,154.75356695057198,155.93133954399607,153.78904741199804,154.60594177246094,,2865900.0
2023-10-19,156.01331152446983,156.433239720099,151.67624109829387,152.22412109375,,4398300.0
2023-10-20,152.2142865833912,153.2870844533584,149.75049330347122,150.0227813720703,,3013200.0
2023-10-23,149.13371199016382,151.73858240413065,147.5491370530695,149.1697998046875,,2846100.0
2023-10-24,150.07855157287335,151.48925030461177,149.3732097159131,151.19398498535156,,2233500.0
2023-10-25,149.19604277639618,149.6979983186271,144.3209437435294,145.08206176757812,,3244200.0
2023-10-26,145.72505940407694,147.4310081800784,143.56635351993782,144.21922302246094,,4508100.0
2023-10-27,146.26637380437413,147.14888080089133,145.1050159823289,145.77099609375,,2436900.0
2023-10-30,144.73103239565674,145.65947902340548,142.25738734700164,143.81900024414062,,2743200.0
2023-10-31,143.94363891015118,145.5085404460273,142.12286381623684,145.13453674316406,,1911600.0
2023-11-01,145.15095624040836,148.68427351236505,145.15095624040836,148.5497589111328,,3542100.0
2023-11-02,151.49907664328975,153.01147593522916,149.94731565311517,151.92556762695312,,2726700.0
2023-11-03,153.60856213517783,157.0500148716579,153.3231485373248,155.9181671142578,,2326800.0
2023-11-06,156.17078803356966,156.60384180026915,154.15644825941925,155.6294708251953,,1740000.0
2023-11-07,155.28829419173064,157.30592303859487,155.0488050461401,156.62025451660156,,1556400.0
2023-11-08,156.76785803357842,157.51256142449432,155.69506044686236,156.77769470214844,,2233800.0
2023-11-09,157.8012787741728,159.6778449936401,155.71148960275443,156.02642822265625,,2383200.0
2023-11-10,157.9817464154764,162.82404683782693,157.32889179903842,162.31883239746094,,2229000.0
2023-11-13,161.0426661549921,161.28871814767723,159.69101713780222,160.73756408691406,,1956000.0
2023-11-14,164.80230383823772,167.17752190338624,164.51687519290255,166.68214416503906,,2765100.0
2023-11-15,167.7188086734876,169.14590658741977,166.62633771524418,167.89268493652344,,5104800.0
2023-11-16,167.18736225789723,168.47339809674824,166.62308275899505,167.9747314453125,,2275500.0
2023-11-17,167.45310181739745,169.48385623125412,167.17752485568036,169.15577697753906,,1815300.0
2023-11-20,168.97206269276202,172.2363506224181,168.9162865168577,171.64910888671875,,1482000.0
2023-11-21,170.2416842028938,170.2416842028938,167.57448969498162,168.44058227539062,,3018600.0
2023-11-22,169.56586416164868,171.6491057959459,168.5062069454546,168.97862243652344,,2044200.0
2023-11-24,168.96876539887907,169.29028184762194,168.37496090622213,169.10000610351562,,516600.0
2023-11-27,168.47339685127085,170.2974610294254,168.0534686234629,168.86380004882812,,1816800.0
2023-11-28,167.89600085733346,168.7653823901849,166.5279526497829,167.87632751464844,,1852200.0
2023-11-29,170.25478388204007,172.24616126041525,169.41165367354435,169.6970672607422,,3665700.0
2023-11-30,169.96281639429782,170.13340377164369,167.15454478463403,168.5127410888672,,2419500.0
2023-12-01,167.64009241461227,169.61834440343722,166.33109442557475,169.30340576171875,,1719600.0
2023-12-04,167.5777681851941,167.74837060207375,164.9925859101868,167.4071807861328,,1810500.0
2023-12-05,165.80292539669887,166.8986705328382,165.07460622304444,166.45578002929688,,2568300.0
2023-12-06,168.8736207460199,168.96875861425295,165.23534442248135,165.42889404296875,,2683500.0
2023-12-07,166.98723671432631,170.38931289791893,166.3212566032729,169.86439514160156,,1916700.0
2023-12-08,169.4641706267192,171.9542150113121,169.3919949918667,171.2062225341797,,4207200.0
2023-12-11,172.81045265621032,177.5969912764222,172.62673970412308,177.04583740234375,,3977100.0
2023-12-12,176.15349385645277,178.34828788906617,175.84182907904645,178.32203674316406,,2226600.0
2023-12-13,178.34831102102376,182.10141440963213,177.68560466140426,181.0679931640625,,5724900.0
2023-12-14,182.5311835096676,186.61236595025045,182.5311835096676,186.0874481201172,,3372300.0
2023-12-15,186.6320381662904,188.87931961694304,186.37614954861428,186.77967834472656,,3956100.0
2023-12-18,186.77637285466184,187.08476374011929,184.5651944372237,186.2613067626953,,2272200.0
2023-12-19,186.5270517318758,187.63263345945995,186.2908364721136,187.25535583496097,,1910100.0
2023-12-20,185.8560203789292,186.9375088652231,181.704345703125,181.704345703125,,3355800.0
2023-12-21,185.63248784953487,187.07555075606805,184.76795321244077,186.7336883544922,,2589300.0
2023-12-22,187.62447640487736,188.4528519990719,185.9973385417571,187.33192443847656,,2363400.0
2023-12-26,188.18988699713904,191.3981630764196,188.18988699713904,190.64212036132812,,1906500.0
2023-12-27,191.5132290011412,191.83865963837775,190.0767417235181,191.1319122314453,,1877400.0
2023-12-28,191.57566308347305,191.94054804200184,190.52377298384187,190.7736053466797,,1053000.0
2023-12-29,190.8130432668492,191.19436000846463,188.35424923621963,189.3732757568359,,1452300.0
2024-01-02,186.16831014754112,186.16831014754112,181.0008893069116,182.55242919921875,,3256800.0
2024-01-03,179.32445539514922,180.34018669536428,177.92412695259472,178.630859375,,4069800.0
2024-01-04,175.81044683457182,178.9299581556869,175.41599369258435,177.12860107421875,,3737100.0
2024-01-05,177.4606040281838,179.67614138072642,176.90178789731064,178.1114501953125,,3888900.0
2024-01-08,179.33757399231106,184.3932220540218,179.28826358875185,183.91329956054688,,3202200.0
2024-01-09,181.83907985738145,185.38921809847025,181.5662550515103,183.97573852539065,,2944200.0
2024-01-10,184.39323116335513,184.43267045969736,181.04031917218217,183.35777282714844,,2821800.0
2024-01-11,183.6174819167171,185.23146871626713,180.4387886343104,184.03494262695312,,3692100.0
2024-01-12,184.2814731302217,185.175591088854,182.3354800154091,183.22300720214844,,2277000.0
2024-01-16,183.4498252892537,187.07556225714256,182.50641200315445,185.81985473632812,,4151400.0
2024-01-17,183.92316496749265,184.33406495480068,180.99430440684483,184.1171112060547,,4971000.0
2024-01-18,189.2286324085459,190.44487040427217,187.18072338675424,190.1950531005859,,3552000.0
2024-01-19,192.5913843312532,197.89028890008447,191.61181219653008,197.63389587402344,,5326800.0
2024-01-22,199.27092221129828,200.8717574032713,196.4636748910261,198.2814788818359,,5288400.0
2024-01-23,198.35380296350317,199.83302492506277,196.4702567210689,199.59634399414065,,3282000.0
2024-01-24,201.90061597215535,205.19434610035137,200.31949309331063,202.50216674804688,,6283800.0
2024-01-25,206.22982851282327,206.3646082844806,200.9210674320768,201.94009399414065,,3916800.0
2024-01-26,197.8081454318221,199.15258766623285,195.81612223778097,196.49656677246097,,5781300.0
2024-01-29,196.8844167038256,198.54115295410156,195.4446492366918,198.54115295410156,,3467400.0
2024-01-30,197.3544631179612,198.5641403269764,194.65898852745593,195.4742126464844,,3059100.0
2024-01-31,192.4369147560757,196.167848274249,190.92482922350115,192.64401245117188,,6573600.0
2024-02-01,193.4230404676542,194.07718200402536,191.06286734844457,193.5972595214844,,3464100.0
2024-02-02,193.59069265919857,196.52284852396983,193.06475513560233,196.0692138671875,,4801200.0
2024-02-05,197.74240037624665,199.73770387998405,195.56300668416435,198.74826049804688,,4735200.0
2024-02-06,199.31036691854376,199.46485881937792,194.22513516523705,196.43081665039065,,3624000.0
2024-02-07,197.82130069546295,199.62265800873985,195.7635352642177,199.4352874755859,,4839300.0
2024-02-08,200.06312818150224,204.32985528879655,199.98751487701435,202.86378479003903,,2760900.0
2024-02-09,204.0997648439027,207.23242803723187,202.89995842214475,206.9037170410156,,3518700.0
2024-02-12,206.9266944464858,210.35192422314145,205.69730496631175,206.52894592285156,,4299900.0
2024-02-13,200.53977668435684,204.4744975571504,199.56348475146615,202.2852478027344,,6551400.0
2024-02-14,204.8788393943117,206.95961244550995,203.9880167548747,206.8544158935547,,3236400.0
2024-02-15,208.1988493338702,208.4519620497902,205.7400551409285,206.65716552734375,,2845500.0
2024-02-16,208.20868593482308,209.80296033854827,204.87879668873,205.48692321777344,,4103100.0
2024-02-20,203.56063635976295,204.2903911821369,198.91588843635665,202.02882385253903,,5547600.0
2024-02-21,199.7442690639484,201.6146638002387,198.6890835411196,201.5653533935547,,4471500.0
2024-02-22,209.50053165857247,212.639769979124,208.57355027349385,211.49913024902344,,6676500.0
2024-02-23,212.56417044194345,213.6587951489205,208.1034976429747,209.21783447265625,,5105100.0
2024-02-26,211.32821106566,212.22560930201652,209.81283019794543,211.28219604492188,,3759000.0
2024-02-27,212.3012123882834,212.8435816909881,210.5261431730588,211.07180786132812,,4560900.0
2024-02-28,208.7346605467722,209.81283857080743,207.7189293323131,208.6985015869141,,2923800.0
2024-02-29,211.2854809729321,214.78302890543523,210.6247636447833,214.35240173339844,,3382800.0
2024-03-01,216.83091148996465,224.43739882143748,216.5843745129085,223.47425842285156,,6123000.0
2024-03-04,225.95278566353792,228.13875494365885,224.42425335556416,225.6700897216797,,7328400.0
2024-03-05,222.94176597415728,224.49001050986396,218.81965950851867,221.24559020996097,,7260000.0
2024-03-06,225.8541954417303,229.0657521738924,224.1645953982928,226.68255615234375,,5531700.0
2024-03-07,229.565364796351,235.4033736512535,229.4273046911797,234.4566650390625,,4799600.0
2024-03-08,235.24560018040512,236.6853677834833,224.81215289968455,224.96994018554688,,10483000.0
2024-03-11,222.37634093977056,223.64846504977984,219.43762454994223,221.9818878173828,,4499800.0
2024-03-12,224.8219908369956,226.70553691063697,220.88727040220613,226.5872039794922,,3598400.0
2024-03-13,223.90488433474005,224.22044383896844,219.72361180989824,221.0647735595703,,3264600.0
2024-03-14,220.4731260814891,221.7255232669816,215.09860718762008,217.2878570556641,,4662100.0
2024-03-15,214.38855924956772,218.3035678320005,214.0927269012115,215.7297210693359,,4105300.0
2024-03-18,219.4179303095163,220.24629101930296,215.34513424859537,215.5620880126953,,3143300.0
2024-03-19,212.7613966107551,214.67452582911832,209.7043322859076,213.7574005126953,,3558700.0
2024-03-20,214.27021423619053,217.96826885649585,212.54445541338137,217.39630126953125,,3386600.0
2024-03-21,224.44953155339527,226.33500209230593,221.8730552067887,222.28765869140625,,4059800.0
2024-03-22,221.2807752813846,224.18301479305137,220.57988826526756,222.55419921875,,2658900.0
2024-03-25,219.39527818055063,223.69927614129512,218.86222091518852,221.68548583984375,,2283500.0
2024-03-26,223.28467856402744,223.9658181885681,219.9678358735481,220.01719665527344,,4414200.0
2024-03-27,222.4949662883218,222.860208984752,218.5562106199435,222.78123474121097,,4161700.0
2024-03-28,222.52456500785348,224.0842723231891,222.0211211842713,223.0181427001953,,1794300.0
2024-04-01,223.1563657856638,228.4771332295771,223.1563657856638,225.3675994873047,,3000900.0
2024-04-02,221.6558690271542,222.36662212703604,219.54335705328216,221.89279174804688,,2383500.0
2024-04-03,219.316320451369,224.07441686226443,219.286706993442,222.51470947265625,,1860600.0
2024-04-04,225.5748731849236,226.2263993586615,215.75268004788353,216.21664428710935,,3744000.0
2024-04-05,217.17421112551108,220.13567764085897,215.77245211578213,218.7832794189453,,2428300.0
2024-04-08,220.0764477521648,221.2314178700363,218.467379480434,219.345947265625,,1866900.0
2024-04-09,221.55716342597745,222.40611768413757,217.9244236714796,221.70523071289065,,3170100.0
2024-04-10,218.00339329897065,220.56012215087736,216.41407251428345,217.65789794921875,,3610500.0
2024-04-11,219.03004456860725,222.968784967162,217.2334145137748,222.5739288330078,,2455300.0
2024-04-12,218.6450670392282,218.91158816672873,214.8445125142946,215.2689971923828,,3210400.0
2024-04-15,218.2107111944339,219.0103046840803,211.48818511446296,212.54443359375,,3170800.0
2024-04-16,212.63326045576645,215.19987044026396,211.75469277987537,214.1534881591797,,2452300.0
2024-04-17,214.31146888934236,214.64709815024435,207.20393711260755,207.6580352783203,,4798600.0
2024-04-18,206.17730476452877,207.52970302162367,203.32442588304073,203.9759521484375,,5372700.0
2024-04-19,202.16943631763732,203.47247366058224,194.89409051117383,195.84176635742188,,6406600.0
2024-04-22,197.8654475473396,200.50115088107597,195.47653308450884,199.0697784423828,,4493800.0
2024-04-23,200.4419221431249,204.20298209154797,199.89898361950017,203.22569274902344,,3645400.0
2024-04-24,208.66492206197836,209.77053133645677,204.0845214155436,205.86138916015625,,4077600.0
2024-04-25,205.3678219176328,211.08346065118943,204.27207871905648,209.68170166015625,,3902900.0
2024-04-26,209.42501030298232,215.02219462861905,208.94131380128735,214.1139984130859,,3812600.0
2024-04-29,213.73887376020917,215.950092033264,212.20878000411116,215.7427978515625,,3247300.0
2024-04-30,214.80502571664985,217.17419270283497,211.1821520649372,211.24139404296875,,3583500.0
2024-05-01,207.31250314348856,211.09331018795635,202.94927801962967,204.104248046875,,7023200.0
2024-05-02,207.5987759868125,209.43488556570148,203.86732991726328,208.69451904296875,,3955500.0
2024-05-03,213.0775049368437,214.61746499287128,211.72509175919163,213.3933868408203,,3467100.0
2024-05-06,215.2097583400032,217.84546163428016,214.3706852291643,217.8257293701172,,2441500.0
2024-05-07,218.14160408985097,218.72403724497696,215.90077209472656,215.90077209472656,,2859500.0
2024-05-08,213.8178700023388,216.31537200997607,213.5908134105199,216.10806274414065,,3212000.0
2024-05-09,216.1179402885797,216.5226776472342,214.27196437574636,215.29861450195312,,1874300.0
2024-05-10,217.65792168757932,219.56312457304895,216.45359077216835,217.4111328125,,3079200.0
2024-05-13,218.3587662869228,219.22746783840773,217.49994592939285,217.8651885986328,,1843200.0
2024-05-14,217.6973942433318,221.67562957599847,217.49010003013217,221.48806762695312,,2149400.0
2024-05-15,223.8374906373136,227.85522041164043,222.60354636698665,227.70713806152344,,3106200.0
2024-05-16,227.65778925910377,229.45441944139333,226.5127003637029,226.59165954589844,,2878400.0
2024-05-17,228.03292392527123,228.42778010608333,223.5117498598232,225.30838012695312,,1806100.0
2024-05-20,226.32514471050249,231.70513914936015,225.9105412098556,230.26388549804688,,2555300.0
2024-05-21,227.2234095206635,229.898607126635,227.11483689326508,229.5234832763672,,2178700.0
2024-05-22,231.65575900855148,232.82061022878375,229.81964933748412,232.21844482421875,,3488500.0
2024-05-23,237.7366374630441,237.82547783422473,229.17800192833295,230.91539001464844,,4704800.0
2024-05-24,233.00815276173165,236.27564977127903,231.9815177787665,235.49578857421875,,2450100.0
2024-05-28,238.24996646133408,240.50067961220253,235.7820779132067,239.4740295410156,,2824200.0
2024-05-29,235.0713198293083,236.10782094733952,234.212484390042,234.52838134765625,,2061100.0
2024-05-30,234.5974751460281,235.2687486517154,231.67550359269572,232.89956665039065,,1536800.0
2024-05-31,233.73866676349675,234.31121873330005,224.57786537223757,231.00424194335935,,2991000.0
2024-06-03,234.74555221341433,234.89361949519312,227.24316530551008,231.3793487548828,,1815900.0
2024-06-04,230.99435157100703,231.3497280990127,227.82557627439024,229.5728454589844,,2246900.0
2024-06-05,233.6596824777233,239.77017687418743,232.83047554859564,239.6122283935547,,3749400.0
2024-06-06,239.84914895724265,239.84914895724265,235.8709138967132,237.64779663085935,,2261300.0
2024-06-07,237.74654776070813,238.447434854528,235.28853999130925,236.9370880126953,,2052600.0
2024-06-10,235.10095596331624,241.0337550570551,234.77519284290295,240.3526153564453,,1824300.0
2024-06-11,239.09733845382175,240.8863804468891,236.7251509075898,240.55030822753903,,1662100.0
2024-06-12,244.83010943568829,248.25002801800997,244.30625129788157,247.3307952880859,,3101600.0
2024-06-13,249.1395993623409,251.13619961635047,246.61914096020988,250.019287109375,,3469400.0
2024-06-14,247.89420371379745,249.85125897002771,246.83659362457263,249.1198272705078,,2567600.0
2024-06-17,250.79026490854775,253.5281757467849,247.7162969502093,253.05372619628903,,3057900.0
2024-06-18,254.02238783571775,257.6300927585612,253.51828706340805,256.2759704589844,,3071500.0
2024-06-20,256.6515649590246,257.1062269213929,247.9139894281237,249.31753540039065,,3921500.0
2024-06-21,247.2418617252755,249.76232028232397,244.07894014164597,246.8860321044922,,3156800.0
2024-06-24,244.6620876295903,246.15458716570143,239.7101394976462,239.838623046875,,3958300.0
2024-06-25,241.76606075833013,243.66381375254988,238.98860486059172,243.5254364013672,,2551800.0
2024-06-26,243.35739351465256,244.79059065654815,239.89794485669793,242.5765380859375,,1933800.0
2024-06-27,242.10212319853272,243.89115009308637,239.88807044901856,241.33116149902344,,2363600.0
2024-06-28,243.00154513620635,248.54654730291972,241.83520897897708,243.7725067138672,,3851300.0
2024-07-01,243.63416597522323,244.04929803462412,239.1665305880513,243.7626495361328,,2330400.0
2024-07-02,242.35908522197724,247.27150351069352,242.16140545841105,247.1924285888672,,1617400.0
2024-07-03,247.81512375067405,252.6188157051202,246.4906528002791,251.31410217285156,,1392200.0
2024-07-05,253.31071243892217,253.8543280169353,250.34547074649024,251.80831909179688,,1823900.0
2024-07-08,253.73569983664305,256.8887422926959,253.71594241955023,256.58233642578125,,2295500.0
2024-07-09,257.72894431785795,259.04352163416456,254.15089054992495,256.4637756347656,,2374700.0
2024-07-10,258.8358877046157,262.91804106315067,257.56082560091045,262.4139404296875,,3075800.0
2024-07-11,264.05479248059106,264.1437461203764,253.0043312663496,253.78518676757812,,4689600.0
2024-07-12,254.85263963056823,261.3564200679654,253.58747102887375,256.87890625,,2929500.0
2024-07-15,258.32201556106946,260.57559836722965,255.59398315634823,257.1655578613281,,3202200.0
2024-07-16,258.49986920535576,259.10281733032065,254.6055162801611,258.7568664550781,,2595100.0
2024-07-17,249.821606826992,250.72106707263632,239.96711928980852,240.35260009765625,,9101600.0
2024-07-18,244.54348487276485,244.65221100426857,236.87338341104595,241.0741424560547,,5274000.0
2024-07-19,240.73807867865676,240.8764560165529,233.30520218680996,233.70057678222656,,4983500.0
2024-07-22,238.7217244654867,243.58471894412497,236.72512420538763,243.3870391845703,,4941700.0
2024-07-23,240.0758518664962,242.24048072331,239.03801425380476,239.7595672607422,,2418700.0
2024-07-24,236.48790359814657,237.11060917957911,226.69273333989344,227.0090179443359,,5738900.0
2024-07-25,225.07174060937396,229.37133211695183,218.07376823815804,221.94834899902344,,8437600.0
2024-07-26,227.00902108612755,228.53118695469615,224.2810041218089,226.7124938964844,,3805500.0
2024-07-29,228.9166760582357,232.10924888269437,225.38803102962356,226.23806762695312,,2926800.0
2024-07-30,227.33522662774195,227.88873607075885,217.27317905375287,218.0243682861328,,8083500.0
2024-07-31,228.04685027511127,232.87031480772455,226.31712599516172,232.65286254882812,,7494100.0
2024-08-01,228.71896649921425,230.5080082963688,213.09214542170685,215.8893585205078,,8576300.0
2024-08-02,206.63781070378715,209.00011935789456,201.8440122641463,204.41387939453125,,13105400.0
2024-08-05,190.852847087988,206.26221703779655,190.63539481117223,200.80618286132812,,9247100.0
2024-08-06,202.68414983237844,208.04135130533675,199.4026235608316,202.62484741210935,,6602300.0
2024-08-07,209.04952717200015,210.71005518393628,196.54609812808172,196.98098754882812,,5292500.0
2024-08-08,203.0894152988371,210.7891533251353,198.9084285177073,210.5717010498047,,6243200.0
2024-08-09,209.0396757890952,211.20428971290244,206.33141608379265,209.32630920410156,,3454500.0
2024-08-12,209.64261422406207,213.05263948800072,207.86346601792,210.5321807861328,,4365200.0
2024-08-13,213.4875283631397,219.4081181012446,212.1828147472237,219.0819396972656,,4525400.0
2024-08-14,221.05876431334545,221.93845208747692,214.9701461072891,218.52842712402344,,3769900.0
2024-08-15,223.45073073129623,229.92482951132996,222.4326505702083,229.03526306152344,,4332100.0
2024-08-16,226.92995085273307,229.52948431812297,225.38802753312527,228.5509490966797,,3966100.0
2024-08-19,227.66138368406516,232.4749547260468,225.02232028483908,232.4354248046875,,2197800.0
2024-08-20,231.23943058630047,232.8208988707109,227.60207464695557,229.3614501953125,,2587700.0
2024-08-21,230.50801564417287,233.76976949653013,229.94461247352967,232.6133270263672,,1832200.0
2024-08-22,233.957573529452,234.74830768753625,223.99435933438943,224.66648864746097,,2969600.0
2024-08-23,228.2445296144461,232.27726002384892,227.0386634835071,230.6859130859375,,3452900.0
2024-08-26,229.7765811796356,230.5080128971928,224.07342873778887,224.8938140869141,,2148200.0
2024-08-27,223.262944005258,228.1358174554349,221.2169199246525,227.38462829589844,,2024700.0
2024-08-28,226.4357424182697,228.02708944051645,221.029117042922,223.28269958496097,,3480000.0
2024-08-29,224.46881538119112,228.3433962778491,221.6122996523846,222.64024353027344,,4084600.0
2024-08-30,227.8887084793014,229.0649234443036,224.6467120638665,228.4619903564453,,3249700.0
2024-09-03,224.17227504508836,224.20192625546343,209.82050102558293,211.0263671875,,7214300.0
2024-09-04,208.66405124265668,214.9701365154844,208.08089068310645,211.71824645996097,,4435800.0
2024-09-05,208.7530169596859,213.8730089096937,208.4169598464498,210.5815887451172,,3988300.0
2024-09-06,209.00012245914183,209.1582723076044,200.50965042105443,201.56724548339844,,5596300.0
2024-09-09,204.83889318445907,206.26219646987053,202.1899362046685,205.5505523681641,,4078600.0
2024-09-10,205.92613753229185,207.942510228715,202.585308980843,207.7151641845703,,2390600.0
2024-09-11,209.13849536193425,217.78711706470435,204.76970769448917,217.3621063232422,,6521400.0
2024-09-12,216.16614129658913,218.40984532563297,213.1317181239535,216.4033660888672,,4739100.0
2024-09-13,218.29122328015413,220.86109045845316,217.76736510187783,220.26805114746097,,5268000.0
2024-09-16,217.12486969170047,218.43946192853105,214.52533642712595,217.3324432373047,,2469800.0
2024-09-17,220.07033883732933,220.58431826501592,215.70155140698964,217.59930419921875,,2304100.0
2024-09-18,218.61739845674035,221.6123067134955,214.98004222308472,215.1974945068359,,4671900.0
2024-09-19,223.35187531170507,227.3944842737401,221.56284868499512,224.3600616455078,,4624700.0
2024-09-20,222.10648056778152,222.95651707325212,217.88594924906135,221.0785217285156,,4550800.0
2024-09-23,222.14601959586292,222.93675371649715,220.36687159493567,221.93844604492188,,2454200.0
2024-09-24,223.92517244193792,225.98107516727163,221.37506276576437,224.62693786621097,,4314700.0
2024-09-25,223.90561884599856,227.66083711631617,223.77682245799605,226.1746063232422,,2191200.0
2024-09-26,235.5378562740373,236.191801448646,228.17605191587975,234.2596893310547,,5537400.0
2024-09-27,234.9730821280906,235.0028055344279,229.34522878698587,230.5441131591797,,2303600.0
2024-09-30,227.68065289551345,229.97936388264836,225.2135193438795,228.4733123779297,,2693300.0
2024-10-01,228.38413869573813,229.0777100628268,220.2891365484048,222.07261657714844,,3926500.0
2024-10-02,222.5085766737641,227.54193172943167,221.21058906226884,225.06488037109375,,1762100.0
2024-10-03,223.2913377320738,228.71112778647077,223.14272068509592,225.8674774169922,,2110700.0
2024-10-04,230.3558617927445,230.7422811801523,226.29349172514765,228.95880126953125,,2685000.0
2024-10-07,227.49242152541703,230.1279928974319,226.67994135600887,228.33460998535156,,2006800.0
2024-10-08,228.33458865153463,231.3962204679389,226.8384550904572,230.5837554931641,,2508500.0
2024-10-09,230.35585363351996,233.3183971258061,228.7606320920119,232.99142456054688,,2019100.0
2024-10-10,229.86049463625048,232.63478044093023,228.5327834368981,231.35662841796875,,1886400.0
2024-10-11,229.6623047820615,234.02192457986203,229.54341114569192,233.2986297607422,,4572900.0
2024-10-14,234.7848434172394,238.0842625335419,234.6362112639894,237.59877014160156,,2142500.0
2024-10-15,237.04390158284176,238.2626065631609,223.64800420541755,225.27294921875,,6421200.0
2024-10-16,228.0076083527814,228.0076083527814,224.33167276860564,225.27294921875,,3776600.0
2024-10-17,231.1584384208331,231.72319827524151,227.04652404785156,227.04652404785156,,2407800.0
2024-10-18,229.17678710489415,229.18668986725967,226.32321919663227,227.2545928955078,,1643700.0
2024-10-21,226.34305982904985,227.4329534156305,223.90563450570036,226.82855224609375,,2034300.0
2024-10-22,225.59002134120044,226.70965342934943,224.20287858318392,225.98635864257812,,2476400.0
2024-10-23,225.5602943374845,226.4124006234593,220.8241732722615,223.9650726318359,,2260000.0
2024-10-24,225.9764522995349,226.115166573139,223.5093036632319,225.21351623535156,,2247900.0
2024-10-25,227.34376844867433,230.93054906163488,227.26450099172652,227.4725799560547,,2209600.0
2024-10-28,227.3933158772575,229.18669865101947,226.27368381947872,227.61129760742188,,1508500.0
2024-10-29,227.80945793242265,234.28943276435223,226.75919057353244,233.2094268798828,,3135000.0
2024-10-30,227.1852338999738,228.62193577122,224.89644088229252,224.98562622070312,,4324400.0
2024-10-31,222.83554846996483,222.92473381482532,214.5721082359613,216.25650024414065,,6120800.0
2024-11-01,218.0003644106673,220.71520332520404,217.29687509446225,218.5552215576172,,2130100.0
2024-11-04,217.9111636649695,220.4179536503662,216.494297487598,217.29685974121097,,1727700.0
2024-11-05,217.3959485875016,220.03153497699472,217.128422795812,219.83335876464844,,2273700.0
2024-11-06,224.28213709185937,227.0663403785044,222.25095196969403,226.24395751953125,,3644000.0
2024-11-07,229.70193501243503,231.2674333303833,229.1966219634739,230.9602813720703,,3154600.0
2024-11-08,229.7019387168853,231.04945532123557,228.02744950426745,229.2362518310547,,1769200.0
2024-11-11,227.0762526777652,227.0762526777652,220.7350070297204,223.49940490722656,,4250400.0
2024-11-12,222.7166497629551,223.08324854121008,218.12914561896497,221.06198120117188,,3259700.0
2024-11-13,219.4667516729676,220.09097345702617,215.96915634338825,216.365478515625,,3057500.0
2024-11-14,218.47594346109796,219.3379525496879,215.84035702259763,216.2366943359375,,2523600.0
2024-11-15,212.60036728521655,213.690260791376,208.65689071062707,209.27120971679688,,4748200.0
2024-11-18,209.21175271657935,212.36256992176592,208.3101175078957,211.9761505126953,,2422300.0
2024-11-19,211.37175927290065,212.838169519754,210.5196529567448,212.3824005126953,,2363400.0
2024-11-20,211.11414229256675,211.71852831537376,207.72552269991544,210.7574462890625,,3995000.0
2024-11-21,213.07596785720733,215.26567286331976,208.96405339625596,214.0965118408203,,4245400.0
2024-11-22,213.6407146382368,214.71080260884327,212.59044731117524,214.1856689453125,,2672600.0
2024-11-25,216.9599747435935,218.27776787537377,214.88916344453375,216.27630615234375,,2787700.0
2024-11-26,217.98051110180495,218.5650915712668,211.80770358884575,213.47227478027344,,2783900.0
2024-11-27,212.28329954734747,212.4418344613836,206.97250087691003,210.6088104248047,,3122300.0
2024-11-29,212.15451079886753,216.01872036974532,212.11488462546836,213.4227600097656,,2505300.0
2024-12-02,214.7107840415296,220.4278221527898,214.53244362121129,219.03076171875,,3707000.0
2024-12-03,217.63373192617505,219.03079255691225,217.00952524845667,217.79226684570312,,1914900.0
2024-12-04,222.09241848652292,222.2608712831719,219.1100540972423,220.6755523681641,,2681200.0
2024-12-05,220.2891379814323,220.61611058205585,215.8898922548206,216.5041961669922,,2422000.0
2024-12-06,216.59336776977207,218.35702705371293,215.9988694211246,217.81207275390625,,1822900.0
2024-12-09,216.49426928801364,219.50635681717517,215.38455521706788,216.7617950439453,,1574800.0
2024-12-10,217.41575217871323,217.56438433665008,210.2422208698052,211.60955810546875,,2566600.0
2024-12-11,214.74054712797764,218.20841927195525,213.42275389901943,216.9302673339844,,3233900.0
2024-12-12,215.39448190534577,216.1772234990392,213.48220547290552,215.2458648681641,,2680200.0
2024-12-13,220.2594083450778,222.59774541657583,217.99042084941755,221.2502288818359,,3720600.0
2024-12-16,221.95372648306855,226.4817840721879,220.3486018816608,225.3522491455078,,4774000.0
2024-12-17,223.12728512012632,224.45707408033928,220.86465415593972,222.1646728515625,,2397300.0
2024-12-18,223.63343339739876,225.42964354830195,212.32026224538873,213.94776916503903,,4426000.0
2024-12-19,214.44395825775808,214.91037930390385,209.83930347367485,210.3553466796875,,3255700.0
2024-12-20,209.20417556944628,216.1210835718286,208.69806588971963,213.1836395263672,,4681100.0
2024-12-23,214.82107800326432,219.91200595112443,214.82107800326432,219.63414001464844,,3044300.0
2024-12-24,221.08299801951424,221.97613631704675,219.6638981468149,221.89675903320312,,1252300.0
2024-12-26,220.28910483056112,223.2364826251684,220.00132051378208,221.82730102539065,,1303500.0
2024-12-27,220.49748886500592,221.02345042336765,217.1829346671076,219.95167541503903,,1933000.0
2024-12-30,216.18064032770033,217.6394440851205,214.02717171973683,215.6249084472656,,2566900.0
2024-12-31,216.2699267581477,217.15316178453352,213.0049947573226,213.84852600097656,,1354500.0
2025-01-02,216.02184578835497,218.54250617357215,213.32257893893788,215.1684112548828,,2409100.0
2025-01-03,216.58748931912208,221.34099502221008,216.2997050452943,220.7753448486328,,2623200.0
2025-01-06,225.5288651596697,230.0342906621799,225.5288651596697,227.1663055419922,,4176500.0
2025-01-07,229.93505336291696,230.1236084862629,222.849441958974,224.070068359375,,3694800.0
2025-01-08,223.33569606349565,223.742576543496,219.42570639092955,221.83718872070312,,3141400.0
2025-01-10,219.05854794183895,219.1974809048087,215.12870605096097,216.5378875732422,,4038000.0
2025-01-13,212.22104013968533,216.1806373036731,212.0324850094844,215.8730010986328,,2310000.0
2025-01-14,217.67912760418687,219.06845717591295,214.4737209295044,217.29209899902344,,1492800.0
2025-01-15,220.785269670755,222.9387380279837,219.9814422128213,221.5097198486328,,2900200.0
2025-01-16,225.51893464652397,226.0548145611772,221.8272703465163,221.83718872070312,,3029500.0
2025-01-17,226.8388075708138,228.565558677972,225.62809963520104,227.9899749755859,,3785500.0
2025-01-21,230.0441970611952,232.79310097140416,228.0495135820859,230.6793212890625,,3201500.0
2025-01-22,233.04120222523295,236.5244596169588,232.53509256260637,234.01373291015625,,3461100.0
2025-01-23,230.2625331570137,233.58702091956673,229.4190018911251,233.57708740234375,,2567100.0
2025-01-24,233.686261308399,233.686261308399,227.9602243419484,228.8831329345703,,2229900.0
2025-01-27,217.331772445262,217.9371263897387,208.14231573748097,210.930908203125,,16943600.0
2025-01-28,211.99276881200856,213.13401790178517,207.3881140962457,211.87368774414065,,9118300.0
2025-01-29,213.91799825877567,214.53327064651504,210.53396984109463,212.7469940185547,,2430800.0
2025-01-30,215.35692829948957,218.31423915410156,214.11645013171616,217.07376098632812,,4653800.0
2025-01-31,218.3142464879973,222.58147941444375,215.81343817784008,216.46841430664065,,3867800.0
2025-02-03,210.77213408182132,215.1981670202952,209.35303427080413,212.56834411621097,,3646800.0
2025-02-04,212.0920088351583,215.61497006629145,211.8042094035631,214.7515869140625,,3742300.0
2025-02-05,214.18594730589655,219.35625238764808,212.8462246830122,218.90968322753903,,2200500.0
2025-02-06,217.38140897179227,219.0188341852851,216.22032316071537,218.62188720703125,,3111700.0
2025-02-07,219.12800758957965,220.38833777812,213.7492955157072,215.218017578125,,3297400.0
2025-02-10,216.7859804643539,218.5722722101332,216.7562101971374,218.0264587402344,,2698600.0
2025-02-11,216.2302310961365,219.48524461685383,216.2302310961365,218.22491455078125,,1549700.0
2025-02-12,214.79127666616836,218.5424814085613,214.3050037763931,218.4630889892578,,2017500.0
2025-02-13,218.2745472740693,221.29139882241583,218.21500674157872,221.1425323486328,,2546800.0
2025-02-14,221.12269293013193,222.0654533491506,220.2295395258855,221.37078857421875,,1566200.0
2025-02-18,222.98836336923344,225.73726736403023,221.76773703207215,225.0326690673828,,3605000.0
2025-02-19,225.419713348188,229.85566501409977,224.53649339359697,228.7739715576172,,2635700.0
2025-02-20,230.23278412172056,231.66181761838885,227.00754037863615,229.30987548828125,,2642300.0
2025-02-21,229.9946006572499,230.0839266053149,221.43034856759544,222.27386474609375,,2947000.0
2025-02-24,223.2563158413266,223.62349255953055,216.87528781753088,217.05392456054688,,3372800.0
2025-02-25,216.78597000543897,217.5501088264311,211.9530717213919,212.57827758789065,,3514200.0
2025-02-26,215.29739724675463,218.12569365079037,213.93783796065057,216.2798614501953,,2562600.0
2025-02-27,217.51040543330865,217.82797512560904,203.35903537077385,203.6865234375,,4349100.0
2025-02-28,203.80561106991607,208.44996954289016,201.57275020508695,206.93162536621097,,3722100.0
2025-03-03,209.8988523658902,210.03778533351496,197.80172037951704,199.6177673339844,,5067800.0
2025-03-04,199.27042915434583,206.03847061377303,195.2016544363873,200.7292327880859,,5487900.0
2025-03-05,202.98193904218752,205.71099130916957,199.0421938824608,205.0560302734375,,3312100.0
2025-03-06,198.0597260863719,202.168189547584,195.82686518044025,196.5314483642578,,5088700.0
2025-03-07,197.28566036604616,202.9819266965276,194.9833255069597,202.2971954345703,,3713300.0
2025-03-10,197.30551846337295,198.7543885990959,190.10081099889783,192.93902587890625,,5410800.0
2025-03-11,193.0382672381616,194.81462542618132,187.6694737477866,190.6565399169922,,3776600.0
2025-03-12,195.2016523648768,197.1764991696941,192.83979209833657,194.5863800048828,,3143000.0
2025-03-13,194.5764581312955,197.7223090669571,191.7084579617914,193.6138458251953,,2504200.0
2025-03-14,196.98795969075763,200.17351471926307,196.8093380788613,199.58799743652344,,3696800.0
2025-03-17,198.7841606135137,204.6888341866004,198.68493143683625,202.88270568847656,,2743100.0
2025-03-18,200.82682354590375,201.76085800170964,198.90906904712767,200.19088745117188,,2470800.0
2025-03-19,200.22070143100265,205.1193941932588,198.730224745412,201.8204803466797,,2330800.0
2025-03-20,199.24694203917213,202.42662283354113,199.08795420897516,200.21078491210935,,2265900.0
2025-03-21,196.6833213616819,198.86935097383127,195.1232816967288,198.1141815185547,,2873400.0
2025-03-24,202.2775849349574,205.347963547711,202.0391031852808,203.99659729003903,,3947000.0
2025-03-25,203.74818690097572,204.4040003489221,202.26764111611152,202.8936462402344,,1419100.0
2025-03-26,201.92978865856855,202.76445198877897,195.1928350497459,197.20994567871097,,3595300.0
2025-03-27,194.62644866550485,195.7890187081024,192.1522669704563,193.32476806640625,,3545900.0
2025-03-28,192.062818454683,193.00679914890688,186.2499684955595,187.48208618164065,,4122300.0
2025-03-31,183.52737096948508,187.1045213028306,180.9637490909064,186.975341796875,,3843000.0
2025-04-01,186.25990580715433,187.14425472784336,182.63308515938667,187.07470703125,,3108800.0
2025-04-02,184.21297865604916,190.80089036643255,183.55716528466263,188.27700805664065,,2784800.0
2025-04-03,178.60879563137897,179.98997013437457,168.91076578862604,169.27841186523438,,9982600.0
2025-04-04,162.8792853900214,164.717545977343,153.62839613754778,156.6292266845703,,13988400.0
2025-04-07,151.06479662157994,169.33804229660743,147.36841280029645,160.2461395263672,,18686500.0
2025-04-08,166.5756926412186,168.77166854460972,150.1506389186886,153.8768310546875,,11023300.0
2025-04-09,155.10896722557078,184.38192475538088,153.956328129014,182.45423889160156,,23539500.0
2025-04-10,173.45174154752382,174.534817657353,161.3590089251761,167.53952026367188,,14499000.0
2025-04-11,165.9198593715928,172.01094557429585,163.3761149364416,171.1663360595703,,9890900.0
2025-04-14,176.4227641393999,176.4227641393999,169.70567268368623,172.29910278320312,,5657400.0
2025-04-15,173.21326629686644,175.50859790224908,172.1500523466468,173.0045928955078,,3201100.0
2025-04-16,165.27400268232287,168.5033690191497,160.80257236979344,166.3272705078125,,10205000.0
2025-04-17,167.49977902437823,167.6786289508742,163.76364105494474,165.4925994873047,,4921000.0
2025-04-21,162.10424864179686,162.85941806047683,159.24252846673443,162.60107421875,,4769700.0
2025-04-22,164.18097789853402,166.953273142104,163.57485008085033,165.76089477539062,,4996000.0
2025-04-23,174.13737428052613,176.01537445801642,171.25579184079237,171.97122192382812,,7323800.0
2025-04-24,176.67117451689614,182.39459958588975,175.4191643854288,181.8679656982422,,6873400.0
2025-04-25,180.0495915912657,184.93835359936557,179.5130266229009,183.6366729736328,,4224900.0
2025-04-28,182.72252626162296,184.58064923211353,179.29443250954267,183.30877685546875,,2875400.0
2025-04-29,181.0829824430243,183.3683678500663,180.09926239290692,181.35125732421875,,3527000.0
2025-04-30,176.86991682864192,183.20941645217772,175.64773007566765,182.67283630371097,,3580500.0
2025-05-01,184.8191262886525,186.16056149583588,182.30518992359333,182.42442321777344,,3997600.0
2025-05-02,186.75673583523732,190.651846632786,186.6375025457137,188.8235321044922,,4581400.0
2025-05-05,186.99521044938928,189.25080278236675,186.73685144938295,187.372802734375,,3323200.0
2025-05-06,184.08382071913215,187.05484334394671,183.1001157087574,185.5842437744141,,2844600.0
2025-05-07,185.3954409476264,189.3700457097273,183.63667409506084,188.83346557617188,,3001100.0
2025-05-08,191.28777501983643,193.8017111847321,189.2607333705994,190.52267456054688,,3457700.0
2025-05-09,193.24525937435703,194.38796722285497,191.0592300128516,192.7086944580078,,2808500.0
2025-05-12,205.48706359069865,208.0606164646345,203.6885574111379,206.55026245117188,,10675600.0
2025-05-13,207.3749901987424,213.45614549482556,207.0868380389491,212.40286254882812,,5693600.0
2025-05-14,213.84367740504857,215.32420796160383,211.8563750423906,213.42633056640625,,4162800.0
2025-05-15,211.3396694331029,213.63500120620293,209.57097156630232,212.0550994873047,,4216900.0
2025-05-16,212.2041487263818,212.2041487263818,209.342428406698,211.77688598632812,,2521500.0
2025-05-19,206.89804631039829,211.0415698394287,206.84836071988056,210.5050048828125,,5334700.0
2025-05-20,208.70648370401364,210.27645436172597,208.08049378112867,210.19696044921875,,2968000.0
2025-05-21,208.41832818865672,212.54197438602696,205.03992035191345,206.35153198242188,,5007700.0
2025-05-22,206.21243882352852,208.14012463820163,204.27482195483137,204.44374084472656,,5397300.0
2025-05-23,199.19725942487253,202.3670092129578,198.66067928041477,201.27398681640625,,9527500.0
2025-05-27,205.6460639258603,208.895292510744,203.96679093192003,207.9612579345703,,6057600.0
2025-05-28,208.50775573215392,209.12382976132687,206.4310284470453,206.9179229736328,,6769200.0
2025-05-29,211.67750010537893,211.81661065782163,206.4310233248062,207.76251220703125,,8600400.0
2025-05-30,206.5005904189829,206.5502608472285,199.8431155474328,203.6388702392578,,10781000.0
2025-06-02,203.1221775754617,207.50418302985517,202.99299806695544,206.70925903320312,,6034900.0
2025-06-03,206.8284753099688,212.78045099854643,205.39763042800965,212.2637481689453,,8905100.0
2025-06-04,214.02251698881437,216.23835477067357,212.18425632749737,215.4235687255859,,7339500.0
2025-06-05,217.08298539573295,218.881491695834,213.04876382849565,214.5193634033203,,10941600.0
2025-06-06,216.6159421561721,218.8317798879387,215.83096444987527,215.9601287841797,,7582100.0
2025-06-09,217.93752008233943,222.9852700108996,217.73879287420533,221.0476531982422,,7712000.0
2025-06-10,222.12077000592944,226.63195468929277,221.57427400638937,225.8767852783203,,7676200.0
2025-06-11,227.44675270870144,228.3410478822855,222.84615798113956,225.12161254882812,,10405600.0
2025-06-12,223.5118870663106,226.55245709083417,223.17404932178863,225.42962646484375,,5149200.0
2025-06-13,220.58063420034708,223.1541871561178,218.9013612551649,219.5571746826172,,10484600.0
2025-06-16,222.65717556369975,227.62636268008671,222.3086448859578,226.4911193847656,,5772500.0
2025-06-17,225.50524188570577,228.68193555697897,224.5392875344055,224.69862365722656,,7290000.0
2025-06-18,225.9035905027451,228.2338244029882,224.16089148249728,225.6147918701172,,6657600.0
2025-06-20,227.8354615703923,228.124260174486,221.23313283870192,224.1708221435547,,8202300.0
2025-06-23,224.0812283960878,226.93924999034328,220.9344081627888,225.56500244140625,,7115100.0
2025-06-24,229.60805650977795,234.37806567917227,229.49851482805263,234.11915588378903,,7017500.0
2025-06-25,235.6726437671978,236.250225795421,233.8204031922504,236.22035217285156,,5252500.0
2025-06-26,238.0427124995855,238.6501681722464,236.19047185795785,238.07260131835935,,4350100.0
2025-06-27,238.3115991807452,240.223587140853,235.3838623935043,237.8634796142578,,4520500.0
2025-06-30,239.16800040346004,239.16800040346004,236.56888880838693,237.70413208007812,,4925300.0
2025-07-01,235.7124869048912,238.1821361148131,233.10342238138816,236.6286468505859,,10892900.0
2025-07-02,236.1008568218332,242.1056984449172,236.01123594868375,241.1297912597656,,5979000.0
2025-07-03,242.13557357284083,243.18119601813217,241.68745400918155,242.3247833251953,,3069400.0
2025-07-07,240.28332091813516,241.11982794982376,236.75809663827368,237.78379821777344,,4859200.0
2025-07-08,240.05429668720075,244.37618658626675,239.10826312055792,242.3247833251953,,7276200.0
2025-07-09,242.99197504023175,245.50146575397363,240.87087181819896,243.1015167236328,,4415300.0
2025-07-10,245.3919303217313,246.48734718364656,243.2509062313224,245.5213928222656,,4868500.0
2025-07-11,243.98782592338696,246.03924447755335,243.04179231156627,245.1429901123047,,2649600.0
2025-07-14,243.13138592175736,243.7189359557396,239.3472518988748,242.8127288818359,,5522600.0
2025-07-15,247.75203326297495,248.91716535626136,245.07326879523265,245.2325897216797,,6042100.0
2025-07-16,243.2608517208259,244.64505197097745,238.22196469790225,244.5653839111328,,8348900.0
2025-07-17,244.51558969679587,246.09896769556377,242.89240046076253,245.50146484375,,4801100.0
2025-07-18,246.9155491911736,247.33379512713168,243.8583651372196,245.7006378173828,,3758500.0
2025-07-21,246.3280166408104,249.1462117265699,245.9197235107422,245.9197235107422,,4672600.0
2025-07-22,245.0135110051977,245.47159856464373,239.6858403968357,242.52394104003903,,6871000.0
2025-07-23,240.7115624836268,241.38871827809191,238.06265616853085,241.05014038085935,,5952600.0
2025-07-24,240.5820739406633,241.0799879221764,238.4609707121051,240.5522003173828,,4166800.0
2025-07-25,239.09829287873097,240.6617348326456,238.10246494536705,240.5322723388672,,3511400.0
2025-07-28,243.19116300837888,244.9736884457655,242.89241156880937,244.7247314453125,,6433000.0
2025-07-29,246.25830453765496,248.48896477413024,243.4799510459327,245.16290283203125,,5299700.0
2025-07-30,247.32383571786383,248.45907899806585,244.8442185974964,246.91554260253903,,5300500.0
2025-07-31,244.0176878085573,244.26664480995953,236.66848745985135,239.02859497070312,,9419300.0
2025-08-01,234.52743558380644,238.6103362664251,231.3607099890478,236.2502288818359,,8549000.0
2025-08-04,237.76387645719015,239.8551212353908,236.77801650914503,239.39703369140625,,6189500.0
2025-08-05,240.75136634496144,241.4384900805852,234.8959081705619,237.7340087890625,,5149700.0
2025-08-06,235.5730768109262,236.4693311567746,232.69513440634637,235.9415283203125,,4966500.0
2025-08-07,241.03019560524248,242.3546486311334,237.89334357216796,239.835205078125,,6073400.0
2025-08-08,240.0044945896905,242.16543947027097,239.28749723266216,241.8567352294922,,5301300.0
2025-08-11,242.762945863881,245.48155201833097,240.940578821188,241.3986663818359,,4127900.0
2025-08-12,243.22103314503912,249.33541638067985,241.6974175397256,249.1163330078125,,10091500.0
2025-08-13,251.07811705011943,253.03989941438215,249.9926529880998,252.82081604003903,,6022400.0
2025-08-14,249.31548351869984,253.99587179490504,249.00677928870303,253.0797119140625,,5315700.0
2025-08-15,251.13786126960605,251.21752933159988,246.58692009715656,247.2840118408203,,6840100.0
2025-08-18,246.50724587010535,248.29973923231415,246.44749862388653,248.01095581054688,,4978200.0
2025-08-19,248.03088690950037,248.996826088641,243.69902903745935,244.12722778320312,,3508000.0
2025-08-20,243.6193684205598,243.6193684205598,236.11083176733143,242.72312927246097,,9423100.0
2025-08-21,241.45840337624375,243.1015134097321,239.9945350794435,241.3488616943359,,4581100.0
2025-08-22,242.105687152965,250.9386914317559,241.4285314383573,248.05078125,,6527700.0
2025-08-25,247.81179862753064,248.58854323546296,246.23838859745177,247.47320556640625,,3654200.0
2025-08-26,248.52880813718104,250.5602906275902,248.4690456916171,249.803466796875,,3762000.0
2025-08-27,248.8374967749915,250.6100693372119,247.78192156323428,250.29139709472656,,4195400.0
2025-08-28,251.2673169743317,253.2589728849267,249.85322790609592,251.4963531494141,,5060200.0
2025-08-29,247.90143190827447,247.90143190827447,243.15132795650007,244.29653930664065,,8672600.0
2025-09-02,237.674261753548,241.91648347079,237.1564269502044,241.81690979003903,,6659200.0
2025-09-03,242.2152436141967,242.40445336809591,238.2319315578084,240.6717071533203,,5473300.0
2025-09-04,239.0584677153398,243.4998672898648,237.7539354640145,243.1513214111328,,11842200.0
2025-09-05,246.8159677810547,247.46324988176832,243.11148652697284,246.0193023681641,,17105500.0
2025-09-08,247.37363135470645,248.8773261293732,246.52717149640569,247.81179809570312,,10290500.0
2025-09-09,248.0707142389412,248.63832829873496,246.19855273234043,248.0209197998047,,9305200.0
2025-09-10,251.97434746406944,253.14943235815397,250.8092305744658,252.39259338378903,,13398400.0
2025-09-11,253.7469314479187,255.43985121202252,253.55772169580388,254.12535095214844,,10286200.0
2025-09-12,254.7427600070889,255.3302948843132,253.09964987379945,254.5734710693359,,7144200.0
2025-09-15,254.13531299785552,256.76429841801803,253.4681100338702,256.7244567871094,,7239200.0
2025-09-16,257.7533185976022,258.51171871672767,256.04684980769423,258.0426940917969,,7543300.0
2025-09-17,257.4040274703561,260.19819715305863,254.3004891476347,257.9927978515625,,6566900.0
2025-09-18,264.50924373377165,268.42111197774176,263.59117240631826,267.0140380859375,,12601600.0
2025-09-19,266.7445664195252,266.84436472083394,263.05227290442866,265.30755615234375,,5839100.0
2025-09-22,266.0959325308641,270.0976100574576,266.0260706720665,269.2693176269531,,5721400.0
2025-09-23,270.22732069646736,271.5645325902038,267.3533003171443,268.9499816894531,,6068300.0
2025-09-24,268.1815952184052,269.1994953262604,265.05809394201543,268.5408630371094,,7825500.0
2025-09-25,264.0302186084021,268.3811748465485,261.25599635925107,267.6826171875,,11157800.0
2025-09-26,267.9720283649164,268.8601936786634,265.1878170949024,268.2713928222656,,7244300.0
2025-09-29,271.15539651233394,272.23313898957184,268.3113124125637,268.3711853027344,,5954900.0
2025-09-30,268.29136837339325,270.8859719793266,267.20363691579354,270.556640625,,7091800.0
2025-10-01,268.82027834701154,276.12507592192685,268.3213172632742,275.76580810546875,,9339600.0
2025-10-02,280.91509815698487,281.9529457679292,279.0290105886582,281.1047058105469,,7250000.0
2025-10-03,282.36210404202245,283.7492000902364,277.9013905050156,279.3782958984375,,8629100.0
2025-10-06,290.3853432282154,291.90220431659895,287.75084471045136,287.76080322265625,,11275000.0
2025-10-07,290.3753793735901,290.87434041629075,280.94500348488106,281.32421875,,9952000.0
2025-10-08,281.41404869978936,291.25354656469653,280.8951401408645,290.9342346191406,,9301700.0
2025-10-09,290.4751404142707,291.0040378889771,286.87265638836107,289.5870056152344,,7603500.0
2025-10-10,290.2156936701019,291.0240080825155,270.89590722685705,271.4248046875,,26691200.0
2025-10-13,282.1924225462715,285.35584914128594,279.757490079578,284.278076171875,,8703400.0
2025-10-14,277.9212978310241,284.17825827650324,276.7836520477561,278.4501953125,,8476000.0
2025-10-15,285.65523191193824,287.4215432558056,281.2543913221309,287.0423583984375,,7595200.0
2025-10-16,290.47515922174574,291.65273047634423,285.3458553269967,288.3795471191406,,7410400.0
2025-10-17,286.2938889438717,289.0381747481735,283.13046245326166,287.57122802734375,,6261500.0
2025-10-20,290.00612459848935,294.3870172012807,289.89636778634593,292.3612365722656,,5832300.0
2025-10-21,291.89222218113593,292.0918187882255,288.6190388223654,290.7246398925781,,3965200.0
2025-10-22,287.51132229313566,289.2277495273627,277.88138009618825,283.53961181640625,,7875300.0
2025-10-23,281.9030302200489,291.253556284674,281.66353863934756,290.4552307128906,,5374800.0
2025-10-24,295.71426389692704,297.6003514204413,294.8261289998101,295.2452392578125,,4621200.0
2025-10-27,300.8036630571838,304.3762413692253,299.7857934388788,303.4481506347656,,5165000.0
2025-10-28,302.8294192660117,305.33421337752395,301.75167684294604,303.8173828125,,4156400.0
2025-10-29,309.22612356651206,312.1400695672502,306.3321554989124,308.9566955566406,,4503100.0
2025-10-30,307.30013230665776,310.4735172590974,304.74545418032284,304.775390625,,4630700.0
2025-10-31,308.05858190221534,310.6731330796549,303.62780509089254,305.91302490234375,,5163900.0
2025-11-03,309.75501900764283,311.10221995634635,306.4918246487457,307.7392272949219,,3750800.0
2025-11-04,299.7159488593834,304.1167894006993,294.93589301070887,295.6444396972656,,5288800.0
2025-11-05,296.5924197946885,308.5275900771583,296.2731078667984,304.83526611328125,,4949400.0
2025-11-06,304.3662519695378,305.25441729000636,294.7363094324825,296.8818359375,,8548300.0
2025-11-07,292.03196618795914,293.83820292720526,283.0007520375598,293.7683410644531,,13798600.0
2025-11-10,301.81158575295956,302.72965710178414,297.91969535214247,301.37249755859375,,6030800.0
2025-11-11,298.4186443774377,299.3965885810369,294.07767699062833,294.5367126464844,,5877900.0
2025-11-12,299.5961777437171,301.06312446682193,296.88182838035857,299.0473327636719,,4145000.0
2025-11-13,295.3250839177805,296.5126137142643,285.85481244645206,288.7787170410156,,10980600.0
2025-11-14,280.0368927507554,292.1915765295373,278.8294155458843,287.92047119140625,,7142000.0
2025-11-17,285.4755889510557,290.9242352138553,279.6576859213557,282.9707946777344,,8188700.0
2025-11-18,278.959158173363,280.8252676665774,273.52047043338,276.40447998046875,,11103100.0
2025-11-19,277.5620806931497,284.5475357248821,276.2448161495943,281.02484130859375,,5108100.0
2025-11-20,288.2997070598747,289.3874385640256,266.44521776129835,267.5429382324219,,13398300.0
2025-11-21,267.7125641644752,274.18909962553823,259.8988471313418,270.2672424316406,,15355900.0
2025-11-24,273.2111011453642,283.4597497672016,273.0514299608105,282.1125793457031,,6424800.0
2025-11-25,278.38035766011257,283.74918376194324,272.1932585309744,282.9907531738281,,5942800.0
2025-11-26,286.1242361223399,293.4689284271032,286.0144488511862,290.7845458984375,,5818300.0
2025-11-28,292.6406744802529,296.37289362684135,291.22361160808515,296.1234130859375,,3038000.0
2025-12-01,292.26143682485576,298.79784476894565,291.9221469696853,296.30303955078125,,3933000.0
2025-12-02,299.82570590384637,304.20656806881317,298.0693532696766,302.2107238769531,,5086900.0
2025-12-03,303.8672763474553,308.92674865179686,300.84357363349454,308.7171630859375,,3867100.0
2025-12-04,307.2003719464627,307.6294711912186,303.95712473783766,305.64361572265625,,4639700.0
2025-12-05,308.65731228874597,312.1799762997437,308.2880859617553,308.7571105957031,,4338100.0
2025-12-08,311.28184550974845,313.4273720177684,309.22612833973864,312.1101379394531,,3620900.0
2025-12-09,310.1342565794178,312.19996281898324,308.79704450108846,311.5313415527344,,2775300.0
2025-12-10,311.3616984500087,316.6905990539714,309.91469915696155,315.6726989746094,,5093800.0
2025-12-11,312.15002780885953,314.1259245753685,305.15461443734233,313.866455078125,,6504700.0
2025-12-12,310.15418228850535,310.952538255909,297.3408659397974,298.85772705078125,,13813600.0
2025-12-15,301.9712364158488,302.86936022353683,296.6123995606722,297.3907775878906,,5241800.0
2025-12-16,296.5273044093325,298.7359656513196,292.8995345536077,296.01763916015625,,5850400.0
2025-12-17,297.1369343196491,297.99639014040866,284.2548566201303,285.05438232421875,,10422000.0
2025-12-18,295.5379258721328,296.7771526422402,290.6609256173008,291.8601989746094,,6740400.0
2025-12-19,294.4885774198599,301.50424404331926,294.3186686738244,299.6253967285156,,5075000.0
2025-12-22,306.5411588649731,306.75102102937103,302.3637092908199,303.6529235839844,,4019000.0
2025-12-23,302.0239100691879,304.93212193906766,301.184430946767,304.772216796875,,2708600.0
2025-12-24,304.81219488902866,306.31127125733536,304.5223649181624,305.9515075683594,,1723200.0
2025-12-26,307.2107104320961,307.3506388656402,305.10202431717994,305.8515625,,1860900.0
2025-12-29,303.1832074760345,306.27130127532075,301.7041382446025,305.13201904296875,,3620700.0
2025-12-30,305.8915282175793,307.29069061416544,304.5124035246848,304.7322692871094,,2984800.0
2025-12-31,305.451825237282,305.93151017129355,300.9245851810333,300.9645690917969,,2954200.0
2026-01-02,308.37001046213777,315.61554647957297,308.37001046213777,313.4968566894531,,8491300.0
2026-01-05,320.50255543658926,322.4413634077674,316.6849001119982,317.8641662597656,,7923200.0
2026-01-06,321.87169522940405,328.9473223551628,321.8017310116491,328.1478271484375,,7579900.0
2026-01-07,324.8498465689834,325.7493168160113,321.91165435895465,324.6899719238281,,4528500.0
2026-01-08,323.99038653856155,323.99038653856155,316.20517459309417,319.3832092285156,,5408300.0
2026-01-09,322.60124646726587,330.4664266888124,320.9122845256686,328.57757568359375,,7323100.0
2026-01-12,325.4994755945424,331.1759710445101,325.3295668457015,330.1466064453125,,5159600.0
2026-01-13,332.6450524685317,336.2128615474009,331.68565213177914,333.0947570800781,,3835900.0
2026-01-14,330.82618871873655,331.78558912189396,326.9785530045512,331.6956481933594,,5468900.0
2026-01-15,342.88874391709265,344.3378327872612,337.0123596191406,337.0123596191406,,6531500.0
2026-01-16,343.29849291381424,345.19731688594123,340.010510197049,342.2591247558594,,5127300.0
2026-01-20,335.9930176087301,342.97870418406836,335.75314463487734,337.1423034667969,,6232600.0
2026-01-21,341.62951989287035,351.1136669859242,340.0904595562544,347.9256591796875,,7204200.0
2026-01-22,354.1417906283849,354.38166358921126,347.15610443240945,348.455322265625,,4662000.0
2026-01-23,346.17673044471917,347.8157047811426,341.9593276233982,344.49774169921875,,4335900.0
2026-01-26,343.07863040510836,345.28726107522,340.91995674837267,342.8587646484375,,4458700.0
2026-01-27,347.94564545694266,352.98255092519184,346.43656538737616,350.86383056640625,,5293600.0
2026-01-28,358.3092328325055,361.8170812988479,356.5003497854619,360.238037109375,,5364000.0
2026-01-29,360.9576108236174,363.5759927856506,347.50590680940144,360.90765380859375,,8446200.0
2026-01-30,355.780801120382,359.9682236633592,343.4983598678858,346.0867614746094,,8719100.0
2026-02-02,342.15918640654246,355.8907164672256,341.6894745813844,352.47283935546875,,7758000.0
2026-02-03,355.6908502745083,356.9000966712188,337.8818157100659,345.42718505859375,,8371200.0
2026-02-04,341.9692967043845,345.1773421187608,323.13089741725736,330.17657470703125,,15231400.0
2026-02-05,326.3389452165365,335.2634393500171,323.84048456334796,330.62628173828125,,10406500.0
2026-02-06,337.19226496981355,349.34478201498536,335.663208173356,348.2954406738281,,9096100.0
2026-02-09,344.62768507623724,354.52158373952113,343.668284669179,352.55279541015625,,7091400.0
2026-02-10,353.30233260861826,354.8214162890053,347.90566339898425,351.213623046875,,6252400.0
2026-02-11,358.5990857380211,362.0569469138927,351.1836407320653,359.9782409667969,,7497000.0
2026-02-12,363.2361966120887,365.15502782138446,350.8338342169313,351.2835693359375,,9488000.0
2026-02-13,352.58274931859927,357.3897850955391,348.4652911103818,354.4416198730469,,5963000.0
2026-02-17,349.59462131697535,356.88014144060355,345.107395546819,353.8819885253906,,4068900.0
2026-02-18,355.60093284333277,361.4473371621709,353.3822984530635,357.69964599609375,,5681200.0
2026-02-19,353.96192902338703,356.1006260948296,351.55340916672037,355.62091064453125,,5576400.0
2026-02-20,353.3722787490364,361.1075032037541,352.5827566396963,359.20867919921875,,6013600.0
2026-02-23,357.34984950016366,360.15811692777487,352.63275441022375,356.6003112792969,,6339800.0
2026-02-24,361.3773766131054,364.5154275220202,357.8195708698572,361.8171081542969,,6206000.0
2026-02-25,365.9745275173488,368.5929093937764,365.2849499393538,367.7734069824219,,4539900.0
2026-02-26,366.15441003761896,366.2543545633706,350.19424218638227,356.5802917480469,,13329100.0
2026-02-27,349.3847434995081,353.8120084529138,348.12550957192224,352.0730895996094,,6250200.0
2026-03-02,343.5783280721075,352.1130478122942,343.1285929493265,351.8332214355469,,7284000.0
2026-03-03,337.8818427320237,339.10109282830433,330.6862938923061,334.5738830566406,,17946100.0
2026-03-04,339.75066768907317,343.5983032260604,336.58263663436344,341.3297119140625,,10649900.0
2026-03-05,338.6913146510386,343.5083540333584,330.366457306698,337.5520324707031,,7239300.0
2026-03-06,328.197794853682,334.83372118107485,321.2920457474563,323.3108215332031,,8733700.0
2026-03-09,318.11399535926046,336.9623980066419,316.02528595511984,336.1628723144531,,9824600.0
2026-03-10,336.10291873933784,345.3472231635535,336.10291873933784,338.60137939453125,,7471000.0
2026-03-11,340.2903466714483,345.1873235340699,340.24038965706154,341.8793640136719,,6215100.0
2026-03-12,337.1322857620186,337.34214791892117,328.437660917963,329.9866943359375,,8008100.0
2026-03-13,333.6744185567503,338.1916243910716,329.5869406305897,331.1159973144531,,6450800.0
2026-03-16,338.68135415817034,341.8294085484953,336.11292923226694,337.6219787597656,,8018200.0
2026-03-17,340.55999755859375,341.1600036621094,336.7900085449219,340.25,,4472100.0
2026-03-18,340.5299987792969,343.44000244140625,338.2900085449219,338.2900085449219,,6363900.0
2026-03-19,328.760009765625,342.7699890136719,326.760009765625,340.20001220703125,,8292100.0
2026-03-20,339.7099914550781,341.25,327.94000244140625,332.510009765625,,9441300.0
2026-03-23,340.1199951171875,344.92999267578125,335.1199951171875,336.5899963378906,,8151000.0
2026-03-24,333.7900085449219,343.2200012207031,333.6199951171875,341.0199890136719,,5287500.0
2026-03-25,344.1700134277344,347.67999267578125,342.1400146484375,345.25,,5869000.0
2026-03-26,339.45001220703125,339.8900146484375,328.5199890136719,328.8500061035156,,10172400.0
2026-03-27,326.8399963378906,329.95001220703125,322.1600036621094,323.4800109863281,,6334800.0
2026-03-30,326.75,327.6300048828125,307.260009765625,309.7900085449219,,13204800.0
2026-03-31,315.6000061035156,329.17999267578125,314.8800048828125,328.6600036621094,,14036500.0
2026-04-01,333.489990234375,342.6499938964844,332.3500061035156,338.5400085449219,,10130800.0
2026-04-02,325.1099853515625,340.3900146484375,325.0299987792969,339.6099853515625,,6521000.0
2026-04-06,341.5199890136719,345.7699890136719,339.9200134277344,344.1000061035156,,3105000.0
2026-04-07,343.0400085449219,347.94000244140625,338.4700012207031,347.760009765625,,4026000.0
2026-04-08,367.8900146484375,371.1499938964844,362.1300048828125,370.3999938964844,,9868700.0
2026-04-09,371.2999877929687,378.9500122070313,371.2999877929687,378.6300048828125,,6036700.0
2026-04-10,382.6700134277344,389.6000061035156,382.6700134277344,386.6000061035156,,5596900.0
2026-04-13,384.8800048828125,393.5700073242187,384.3699951171875,393.3399963378906,,4377400.0
2026-04-14,397.8399963378906,401.44000244140625,393.510009765625,401.239990234375,,5202600.0
2026-04-15,400.30999755859375,402.0899963378906,392.3900146484375,401.8599853515625,,5570200.0
2026-04-16,400.6000061035156,407.4800109863281,397.989990234375,405.9500122070313,,4400500.0
2026-04-17,413.3800048828125,415.7300109863281,409.5799865722656,415.7099914550781,,5729100.0
2026-04-20,417.4299926757813,418.8599853515625,411.7900085449219,417.5499877929687,,3493500.0
2026-04-21,420.3999938964844,423.3500061035156,416.6700134277344,420.7000122070313,,3676800.0
2026-04-22,427.260009765625,432.1600036621094,422.8200073242187,431.7699890136719,,6557600.0
2026-04-23,435.3399963378906,446.6400146484375,434.0400085449219,441.0,,10812400.0
2026-04-24,457.5899963378906,463.8699951171875,450.9700012207031,461.6000061035156,,9072000.0
2026-04-27,461.75,463.0,448.9299926757813,455.4100036621094,,8924600.0
2026-04-28,437.6300048828125,446.1400146484375,431.739990234375,438.7099914550781,,11014900.0
2026-04-29,445.260009765625,450.3699951171875,442.4100036621094,449.989990234375,,5972800.0
2026-04-30,455.7000122070313,462.1400146484375,449.3399963378906,461.44000244140625,,5170200.0
2026-05-01,458.4700012207031,466.9100036621094,455.0700073242187,465.75,,4155900.0
2026-05-04,467.9299926757813,469.6099853515625,457.80999755859375,462.05999755859375,,5233100.0
2026-05-05,471.1400146484375,486.1799926757813,470.2300109863281,482.7300109863281,,7203000.0
2026-05-06,497.9599914550781,506.94000244140625,487.8599853515625,506.8699951171875,,9768600.0
2026-05-07,502.9299926757813,503.6799926757813,488.1300048828125,492.3599853515625,,9913700.0
2026-05-08,504.239990234375,520.4600219726562,502.75,520.2999877929688,,7754500.0
2026-05-11,524.0800170898438,533.739990234375,521.6599731445312,532.760009765625,,7492600.0
2026-05-12,520.8499755859375,525.1500244140625,495.7099914550781,515.989990234375,,14660600.0
2026-05-13,527.6199951171875,532.25,515.9400024414062,528.2899780273438,,7346400.0
2026-05-14,526.5,533.1300048828125,522.2100219726562,530.030029296875,,5212400.0
2026-05-15,511.6700134277344,518.7899780273438,506.260009765625,508.5199890136719,,9388200.0
2026-05-18,518.02001953125,519.9600219726562,486.9200134277344,495.8699951171875,,9999000.0
2026-05-19,484.3999938964844,506.0400085449219,477.9500122070313,496.739990234375,,12217000.0
2026-05-20,507.7300109863281,520.5399780273438,506.5499877929687,520.3099975585938,,9457600.0
2026-05-21,518.1699829101562,526.780029296875,515.0,524.7100219726562,,6749900.0
2026-05-22,531.8800048828125,541.8900146484375,530.1699829101562,537.3300170898438,,7671100.0
2026-05-26,556.989990234375,572.9500122070312,555.4099731445312,570.0900268554688,570.0900268554688,8926200.0
2026-05-27,584.3800048828125,584.5,551.8900146484375,563.97998046875,563.97998046875,11412400.0
2026-05-28,564.3200073242188,575.7999877929688,554.8300170898438,569.469970703125,569.469970703125,6763900.0
2026-05-29,576.4400024414062,582.22998046875,564.5999755859375,569.0800170898438,569.0800170898438,7323900.0
2026-06-01,563.6699829101562,577.989990234375,557.3800048828125,571.9299926757812,571.9299926757812,6999500.0
2026-06-02,585.1699829101562,605.4400024414062,581.9299926757812,605.02001953125,605.02001953125,7475400.0
