date,open,high,low,close,adj_close,volume
2018-01-02,28.09000015258789,28.09000015258789,27.790000915527344,27.920000076293945,23.88414192199707,55436100
2018-01-03,27.969999313354492,28.09000015258789,27.8799991607666,28.06999969482422,24.01245880126953,56906200
2018-01-04,28.229999542236328,28.540000915527344,28.18000030517578,28.329999923706055,24.2348690032959,62247000
2018-01-05,28.479999542236328,28.479999542236328,28.229999542236328,28.40999984741211,24.303308486938477,37989500
2018-01-08,28.3799991607666,28.43000030517578,28.270000457763672,28.3700008392334,24.269092559814453,44252100
2018-01-09,28.489999771118164,28.739999771118164,28.440000534057617,28.59000015258789,24.457292556762695,51418700
2018-01-10,28.68000030517578,28.950000762939453,28.6299991607666,28.829999923706055,24.6625919342041,64670900
2018-01-11,28.950000762939453,29.0,28.809999465942383,28.969999313354492,24.782360076904297,42361700
2018-01-12,29.139999389648438,29.25,28.959999084472656,29.229999542236328,25.004776000976562,44537500
2018-01-16,29.479999542236328,29.530000686645508,28.989999771118164,29.149999618530273,24.936336517333984,67563800
2018-01-17,29.229999542236328,29.450000762939453,28.989999771118164,29.3700008392334,25.124544143676758,54312000
2018-01-18,29.469999313354492,29.479999542236328,29.290000915527344,29.329999923706055,25.0903263092041,49247400
2018-01-19,29.43000030517578,29.549999237060547,29.3700008392334,29.540000915527344,25.269968032836914,60727800
2018-01-22,29.549999237060547,29.790000915527344,29.510000228881836,29.780000686645508,25.47527503967285,46868900
2018-01-23,29.709999084472656,29.860000610351562,29.56999969482422,29.809999465942383,25.500940322875977,60862000
2018-01-24,29.950000762939453,30.079999923706055,29.770000457763672,30.010000228881836,25.67202377319336,66371000
2018-01-25,30.1299991607666,30.1299991607666,29.850000381469727,29.950000762939453,25.620698928833008,45423700
2018-01-26,30.040000915527344,30.18000030517578,29.899999618530273,30.170000076293945,25.80890464782715,33871900
2018-01-29,30.190000534057617,30.329999923706055,30.030000686645508,30.049999237060547,25.706247329711914,41037700
2018-01-30,29.829999923706055,30.020000457763672,29.65999984741211,29.65999984741211,25.372621536254883,67316900
2018-01-31,29.739999771118164,29.889999389648438,29.639999389648438,29.739999771118164,25.441055297851562,49504500
2018-02-01,29.68000030517578,30.049999237060547,29.670000076293945,30.020000457763672,25.68058204650879,60824200
2018-02-02,29.959999084472656,30.040000915527344,29.34000015258789,29.360000610351562,25.11598777770996,73086000
2018-02-05,28.729999542236328,29.209999084472656,27.600000381469727,27.8799991607666,23.84992218017578,147871500
2018-02-06,27.239999771118164,28.459999084472656,27.170000076293945,28.389999389648438,24.28619956970215,159006400
2018-02-07,28.34000015258789,28.809999465942383,28.219999313354492,28.40999984741211,24.303308486938477,102699400
2018-02-08,28.459999084472656,28.510000228881836,27.139999389648438,27.15999984741211,23.233997344970703,135270500
2018-02-09,27.56999969482422,27.889999389648438,26.760000228881836,27.68000030517578,23.678834915161133,149504900
2018-02-12,27.959999084472656,28.350000381469727,27.709999084472656,28.06999969482422,24.01245880126953,83571800
2018-02-13,27.90999984741211,28.25,27.829999923706055,28.190000534057617,24.1151123046875,43365500
2018-02-14,28.170000076293945,28.8700008392334,28.06999969482422,28.860000610351562,24.688262939453125,57379700
2018-02-15,29.100000381469727,29.139999389648438,28.700000762939453,29.020000457763672,24.82513427734375,66976000
2018-02-16,28.8799991607666,29.229999542236328,28.84000015258789,28.979999542236328,24.790918350219727,47508200
2018-02-20,28.920000076293945,29.209999084472656,28.799999237060547,28.889999389648438,24.71392250061035,58236100
2018-02-21,28.899999618530273,29.399999618530273,28.8700008392334,28.93000030517578,24.748146057128906,44578800
2018-02-22,29.0,29.15999984741211,28.6200008392334,28.690000534057617,24.542831420898438,47602700
2018-02-23,28.780000686645508,29.1200008392334,28.770000457763672,29.1200008392334,24.910676956176758,41187300
2018-02-26,29.329999923706055,29.559999465942383,29.139999389648438,29.559999465942383,25.287071228027344,55124200
2018-02-27,29.579999923706055,29.770000457763672,29.260000228881836,29.280000686645508,25.04755210876465,72752100
2018-02-28,29.43000030517578,29.540000915527344,28.8700008392334,28.8700008392334,24.696815490722656,65254700
2018-03-01,28.8799991607666,29.110000610351562,28.209999084472656,28.3700008392334,24.269092559814453,82467900
2018-03-02,28.170000076293945,28.520000457763672,27.889999389648438,28.440000534057617,24.328977584838867,78991200
2018-03-05,28.219999313354492,29.0,28.209999084472656,28.84000015258789,24.671159744262695,58952100
2018-03-06,29.0,29.020000457763672,28.65999984741211,28.959999084472656,24.7738037109375,49746100
2018-03-07,28.600000381469727,28.969999313354492,28.56999969482422,28.90999984741211,24.73103904724121,41530200
2018-03-08,28.979999542236328,29.040000915527344,28.690000534057617,29.0,24.808029174804688,50803000
2018-03-09,29.309999465942383,29.719999313354492,29.190000534057617,29.700000762939453,25.406843185424805,54595700
2018-03-12,29.700000762939453,29.809999465942383,29.549999237060547,29.600000381469727,25.321292877197266,51784500
2018-03-13,29.739999771118164,29.770000457763672,29.200000762939453,29.270000457763672,25.03899574279785,47049400
2018-03-14,29.399999618530273,29.399999618530273,28.850000381469727,28.940000534057617,24.756698608398438,57278900
2018-03-15,29.049999237060547,29.110000610351562,28.860000610351562,28.950000762939453,24.765254974365234,47451600
2018-03-16,28.90999984741211,29.149999618530273,28.8700008392334,28.8700008392334,24.786718368530273,61278200
2018-03-19,28.829999923706055,28.93000030517578,28.389999389648438,28.65999984741211,24.60641860961914,52145000
2018-03-20,28.770000457763672,28.850000381469727,28.65999984741211,28.729999542236328,24.66651725769043,37146500
2018-03-21,28.780000686645508,29.100000381469727,28.6200008392334,28.719999313354492,24.657928466796875,53291400
2018-03-22,28.34000015258789,28.450000762939453,27.559999465942383,27.65999984741211,23.74785614013672,85160300
2018-03-23,27.690000534057617,27.729999542236328,26.770000457763672,26.81999969482422,23.026662826538086,89289500
2018-03-26,27.360000610351562,27.770000457763672,27.100000381469727,27.690000534057617,23.773611068725586,84145000
2018-03-27,27.780000686645508,27.899999618530273,26.93000030517578,27.149999618530273,23.309986114501953,78827400
2018-03-28,27.219999313354492,27.469999313354492,26.850000381469727,27.200000762939453,23.352922439575195,84244500
2018-03-29,27.31999969482422,27.760000228881836,27.200000762939453,27.56999969482422,23.670581817626953,58290000
2018-04-02,27.56999969482422,27.600000381469727,26.549999237060547,26.959999084472656,23.146862030029297,74363900
2018-04-03,27.1299991607666,27.389999389648438,26.889999389648438,27.329999923706055,23.46453285217285,75160400
2018-04-04,26.84000015258789,27.700000762939453,26.81999969482422,27.6200008392334,23.71351432800293,70327000
2018-04-05,27.8700008392334,28.040000915527344,27.75,27.84000015258789,23.902387619018555,45378300
2018-04-06,27.520000457763672,27.700000762939453,26.920000076293945,27.170000076293945,23.32715606689453,88521000
2018-04-09,27.31999969482422,27.8700008392334,27.270000457763672,27.31999969482422,23.45594024658203,54633200
2018-04-10,27.760000228881836,27.889999389648438,27.549999237060547,27.729999542236328,23.807954788208008,67801500
2018-04-11,27.479999542236328,27.610000610351562,27.329999923706055,27.399999618530273,23.524627685546875,52480800
2018-04-12,27.610000610351562,28.059999465942383,27.59000015258789,27.8799991607666,23.936735153198242,63289100
2018-04-13,28.219999313354492,28.239999771118164,27.309999465942383,27.459999084472656,23.576141357421875,70103900
2018-04-16,27.6200008392334,27.780000686645508,27.5,27.579999923706055,23.679174423217773,44633600
2018-04-17,27.81999969482422,27.850000381469727,27.479999542236328,27.579999923706055,23.679174423217773,50750100
2018-04-18,27.649999618530273,27.760000228881836,27.389999389648438,27.450000762939453,23.56755828857422,66795500
2018-04-19,27.5,27.93000030517578,27.479999542236328,27.8700008392334,23.928150177001953,76142000
2018-04-20,27.920000076293945,28.040000915527344,27.760000228881836,27.8799991607666,23.936735153198242,49800400
2018-04-23,27.959999084472656,27.989999771118164,27.760000228881836,27.850000381469727,23.91098403930664,45689200
2018-04-24,28.0,28.170000076293945,27.479999542236328,27.670000076293945,23.756441116333008,69592900
2018-04-25,27.639999389648438,27.790000915527344,27.3700008392334,27.649999618530273,23.73926544189453,51819000
2018-04-26,27.6299991607666,27.809999465942383,27.520000457763672,27.65999984741211,23.74785614013672,33456200
2018-04-27,27.610000610351562,27.770000457763672,27.56999969482422,27.700000762939453,23.782197952270508,47185200
2018-04-30,27.770000457763672,27.920000076293945,27.440000534057617,27.450000762939453,23.56755828857422,41731400
2018-05-01,27.389999389648438,27.479999542236328,27.170000076293945,27.459999084472656,23.576141357421875,46372400
2018-05-02,27.360000610351562,27.469999313354492,27.110000610351562,27.149999618530273,23.309986114501953,45430300
2018-05-03,27.020000457763672,27.059999465942383,26.459999084472656,26.920000076293945,23.112516403198242,68947900
2018-05-04,26.760000228881836,27.420000076293945,26.670000076293945,27.270000457763672,23.41301727294922,40575600
2018-05-07,27.3700008392334,27.559999465942383,27.260000228881836,27.450000762939453,23.56755828857422,36873600
2018-05-08,27.469999313354492,27.829999923706055,27.459999084472656,27.639999389648438,23.73067855834961,47718500
2018-05-09,27.770000457763672,28.1200008392334,27.670000076293945,28.049999237060547,24.082691192626953,43817000
2018-05-10,28.0,28.34000015258789,27.959999084472656,28.280000686645508,24.28016471862793,41445500
2018-05-11,28.299999237060547,28.450000762939453,28.200000762939453,28.260000228881836,24.262985229492188,25894000
2018-05-14,28.34000015258789,28.389999389648438,28.190000534057617,28.239999771118164,24.245820999145508,31292900
2018-05-15,28.200000762939453,28.34000015258789,28.079999923706055,28.190000534057617,24.202892303466797,54655800
2018-05-16,28.15999984741211,28.31999969482422,28.100000381469727,28.239999771118164,24.245820999145508,31984900
2018-05-17,28.209999084472656,28.280000686645508,28.0,28.18000030517578,24.194305419921875,45070400
2018-05-18,28.18000030517578,28.190000534057617,27.940000534057617,27.950000762939453,23.996841430664062,33266100
2018-05-21,28.110000610351562,28.260000228881836,28.100000381469727,28.149999618530273,24.168550491333008,29647900
2018-05-22,28.170000076293945,28.5,28.170000076293945,28.34000015258789,24.33167839050293,52841400
2018-05-23,28.149999618530273,28.239999771118164,27.860000610351562,28.15999984741211,24.17713737487793,44968500
2018-05-24,28.06999969482422,28.09000015258789,27.65999984741211,27.940000534057617,23.98825454711914,43245200
2018-05-25,27.809999465942383,27.899999618530273,27.719999313354492,27.850000381469727,23.91098403930664,39312500
2018-05-29,27.459999084472656,27.5,26.719999313354492,26.920000076293945,23.112516403198242,126469700
2018-05-30,27.18000030517578,27.520000457763672,27.110000610351562,27.40999984741211,23.533214569091797,65843700
2018-05-31,27.350000381469727,27.389999389648438,27.100000381469727,27.18000030517578,23.335744857788086,66686900
2018-06-01,27.510000228881836,27.6299991607666,27.399999618530273,27.479999542236328,23.59330940246582,62934300
2018-06-04,27.610000610351562,27.670000076293945,27.520000457763672,27.56999969482422,23.670581817626953,44196900
2018-06-05,27.479999542236328,27.520000457763672,27.309999465942383,27.450000762939453,23.56755828857422,44996800
2018-06-06,27.610000610351562,27.969999313354492,27.579999923706055,27.950000762939453,23.996841430664062,61960000
2018-06-07,28.06999969482422,28.18000030517578,27.850000381469727,28.040000915527344,24.07411003112793,65166100
2018-06-08,28.010000228881836,28.110000610351562,27.860000610351562,28.079999923706055,24.10845375061035,47713400
2018-06-11,28.170000076293945,28.270000457763672,28.020000457763672,28.020000457763672,24.056941986083984,47319600
2018-06-12,28.100000381469727,28.170000076293945,27.809999465942383,27.950000762939453,23.996841430664062,55517200
2018-06-13,27.959999084472656,28.18000030517578,27.81999969482422,27.850000381469727,23.91098403930664,61095800
2018-06-14,27.899999618530273,27.950000762939453,27.510000228881836,27.59000015258789,23.68775749206543,70635500
2018-06-15,27.299999237060547,27.559999465942383,27.110000610351562,27.469999313354492,23.686893463134766,63387600
2018-06-18,27.229999542236328,27.459999084472656,27.139999389648438,27.420000076293945,23.64377784729004,49824600
2018-06-19,27.139999389648438,27.420000076293945,27.1299991607666,27.350000381469727,23.583419799804688,50214700
2018-06-20,27.600000381469727,27.600000381469727,27.25,27.280000686645508,23.523059844970703,42833600
2018-06-21,27.190000534057617,27.360000610351562,27.010000228881836,27.200000762939453,23.454084396362305,75190900
2018-06-22,27.389999389648438,27.420000076293945,27.049999237060547,27.06999969482422,23.341983795166016,61389400
2018-06-25,26.950000762939453,27.0,26.600000381469727,26.780000686645508,23.091915130615234,80746100
2018-06-26,26.799999237060547,26.829999923706055,26.520000457763672,26.690000534057617,23.014312744140625,56387800
2018-06-27,26.68000030517578,26.8799991607666,26.350000381469727,26.360000610351562,22.729764938354492,78099200
2018-06-28,26.360000610351562,26.700000762939453,26.309999465942383,26.59000015258789,22.92807960510254,78544800
2018-06-29,26.920000076293945,27.06999969482422,26.549999237060547,26.59000015258789,22.92807960510254,77149900
2018-07-02,26.3700008392334,26.729999542236328,26.350000381469727,26.719999313354492,23.040180206298828,66202800
2018-07-03,26.790000915527344,26.8700008392334,26.420000076293945,26.479999542236328,22.83323097229004,30717800
2018-07-05,26.6200008392334,26.68000030517578,26.450000762939453,26.540000915527344,22.884973526000977,40668500
2018-07-06,26.469999313354492,26.780000686645508,26.3700008392334,26.670000076293945,22.997068405151367,41285000
2018-07-09,26.809999465942383,27.309999465942383,26.780000686645508,27.280000686645508,23.523059844970703,73447400
2018-07-10,27.299999237060547,27.389999389648438,27.100000381469727,27.18000030517578,23.436830520629883,51260600
2018-07-11,27.030000686645508,27.190000534057617,26.989999771118164,27.049999237060547,23.32472801208496,46023700
2018-07-12,27.219999313354492,27.239999771118164,26.940000534057617,27.100000381469727,23.367849349975586,64876800
2018-07-13,26.989999771118164,27.06999969482422,26.700000762939453,26.979999542236328,23.264371871948242,64146900
2018-07-16,27.059999465942383,27.479999542236328,27.040000915527344,27.459999084472656,23.678268432617188,55812000
2018-07-17,27.489999771118164,27.600000381469727,27.34000015258789,27.489999771118164,23.704137802124023,55502200
2018-07-18,27.600000381469727,27.979999542236328,27.559999465942383,27.93000030517578,24.083545684814453,59109200
2018-07-19,27.790000915527344,27.799999237060547,27.469999313354492,27.510000228881836,23.72138214111328,61765100
2018-07-20,27.459999084472656,27.639999389648438,27.360000610351562,27.559999465942383,23.764493942260742,51562300
2018-07-23,27.559999465942383,27.979999542236328,27.549999237060547,27.940000534057617,24.09217071533203,81516200
2018-07-24,28.049999237060547,28.190000534057617,27.950000762939453,28.020000457763672,24.16115379333496,63133700
2018-07-25,28.0,28.1299991607666,27.850000381469727,28.079999923706055,24.2128849029541,44197200
2018-07-26,28.149999618530273,28.260000228881836,28.040000915527344,28.06999969482422,24.204261779785156,40056800
2018-07-27,28.059999465942383,28.270000457763672,27.969999313354492,28.1299991607666,24.255998611450195,63149400
2018-07-30,28.149999618530273,28.360000610351562,28.110000610351562,28.149999618530273,24.27324676513672,56474100
2018-07-31,28.229999542236328,28.239999771118164,27.889999389648438,27.950000762939453,24.10079002380371,84500100
2018-08-01,28.1299991607666,28.270000457763672,27.8799991607666,27.950000762939453,24.10079002380371,64046900
2018-08-02,27.770000457763672,28.010000228881836,27.68000030517578,27.959999084472656,24.109411239624023,38330700
2018-08-03,27.920000076293945,28.1200008392334,27.920000076293945,28.1200008392334,24.247377395629883,34894300
2018-08-06,28.15999984741211,28.34000015258789,28.100000381469727,28.270000457763672,24.37671661376953,38230100
2018-08-07,28.350000381469727,28.559999465942383,28.329999923706055,28.399999618530273,24.488813400268555,44608600
2018-08-08,28.360000610351562,28.520000457763672,28.34000015258789,28.469999313354492,24.549171447753906,47522000
2018-08-09,28.399999618530273,28.469999313354492,28.299999237060547,28.299999237060547,24.402585983276367,29357800
2018-08-10,27.93000030517578,28.06999969482422,27.829999923706055,27.969999313354492,24.1180362701416,83301400
2018-08-13,27.969999313354492,28.040000915527344,27.690000534057617,27.700000762939453,23.885215759277344,74413500
2018-08-14,27.799999237060547,28.010000228881836,27.719999313354492,27.959999084472656,24.109411239624023,43659000
2018-08-15,27.729999542236328,27.8799991607666,27.610000610351562,27.739999771118164,23.919706344604492,55681100
2018-08-16,27.8700008392334,28.190000534057617,27.8700008392334,28.110000610351562,24.238754272460938,49534200
2018-08-17,28.030000686645508,28.209999084472656,28.030000686645508,28.170000076293945,24.290491104125977,43193100
2018-08-20,28.170000076293945,28.309999465942383,28.1299991607666,28.260000228881836,24.36808967590332,30053700
2018-08-21,28.280000686645508,28.510000228881836,28.219999313354492,28.3700008392334,24.46294593811035,47940000
2018-08-22,28.25,28.3799991607666,28.229999542236328,28.270000457763672,24.37671661376953,27323300
2018-08-23,28.260000228881836,28.290000915527344,28.100000381469727,28.139999389648438,24.264623641967773,31767800
2018-08-24,28.25,28.299999237060547,28.190000534057617,28.239999771118164,24.350849151611328,22064500
2018-08-27,28.350000381469727,28.719999313354492,28.34000015258789,28.6200008392334,24.67852020263672,52254500
2018-08-28,28.700000762939453,28.719999313354492,28.540000915527344,28.59000015258789,24.652645111083984,28896800
2018-08-29,28.59000015258789,28.65999984741211,28.440000534057617,28.579999923706055,24.64402961730957,34015300
2018-08-30,28.450000762939453,28.559999465942383,28.309999465942383,28.360000610351562,24.45432472229004,43264100
2018-08-31,28.260000228881836,28.350000381469727,28.170000076293945,28.329999923706055,24.428455352783203,34107800
2018-09-04,28.270000457763672,28.5,28.200000762939453,28.469999313354492,24.549171447753906,43145600
2018-09-05,28.450000762939453,28.639999389648438,28.43000030517578,28.489999771118164,24.566425323486328,32727700
2018-09-06,28.450000762939453,28.530000686645508,28.270000457763672,28.360000610351562,24.45432472229004,38328900
2018-09-07,28.420000076293945,28.440000534057617,28.209999084472656,28.329999923706055,24.428455352783203,43644300
2018-09-10,28.399999618530273,28.440000534057617,28.270000457763672,28.299999237060547,24.402585983276367,29927200
2018-09-11,28.219999313354492,28.40999984741211,28.1200008392334,28.329999923706055,24.428455352783203,32065200
2018-09-12,28.329999923706055,28.389999389648438,28.049999237060547,28.06999969482422,24.204261779785156,47963400
2018-09-13,28.139999389648438,28.280000686645508,27.969999313354492,28.030000686645508,24.169776916503906,44977100
2018-09-14,28.06999969482422,28.260000228881836,28.059999465942383,28.229999542236328,24.34222984313965,34151000
2018-09-17,28.229999542236328,28.309999465942383,28.079999923706055,28.110000610351562,24.238754272460938,26907900
2018-09-18,28.18000030517578,28.280000686645508,28.059999465942383,28.25,24.359474182128906,36405600
2018-09-19,28.229999542236328,28.81999969482422,28.229999542236328,28.729999542236328,24.77337074279785,75551800
2018-09-20,28.940000534057617,29.06999969482422,28.8700008392334,28.979999542236328,24.988943099975586,78555500
2018-09-21,28.950000762939453,29.0,28.700000762939453,28.739999771118164,24.891935348510742,64710000
2018-09-24,28.709999084472656,28.75,28.399999618530273,28.420000076293945,24.614778518676758,47985100
2018-09-25,28.530000686645508,28.549999237060547,28.299999237060547,28.309999465942383,24.519506454467773,32964400
2018-09-26,28.350000381469727,28.389999389648438,27.899999618530273,27.969999313354492,24.22503662109375,60288100
2018-09-27,28.0,28.100000381469727,27.84000015258789,27.8700008392334,24.13842010498047,57492200
2018-09-28,27.760000228881836,27.770000457763672,27.540000915527344,27.579999923706055,23.88725471496582,66454900
2018-10-01,27.739999771118164,27.889999389648438,27.600000381469727,27.690000534057617,23.98252296447754,49855000
2018-10-02,27.649999618530273,27.739999771118164,27.469999313354492,27.690000534057617,23.98252296447754,47629500
2018-10-03,27.8700008392334,28.06999969482422,27.790000915527344,27.950000762939453,24.207712173461914,79591400
2018-10-04,27.940000534057617,28.350000381469727,27.920000076293945,28.139999389648438,24.372270584106445,94700800
2018-10-05,28.209999084472656,28.309999465942383,27.93000030517578,28.0,24.251012802124023,58148700
2018-10-08,27.920000076293945,28.280000686645508,27.899999618530273,28.190000534057617,24.415576934814453,56594900
2018-10-09,28.059999465942383,28.200000762939453,27.8799991607666,28.079999923706055,24.32030487060547,47963500
2018-10-10,28.06999969482422,28.139999389648438,27.209999084472656,27.209999084472656,23.566787719726562,101604400
2018-10-11,27.049999237060547,27.219999313354492,26.31999969482422,26.399999618530273,22.865249633789062,178628200
2018-10-12,26.8799991607666,26.920000076293945,26.030000686645508,26.43000030517578,22.891225814819336,137933000
2018-10-15,26.440000534057617,26.6299991607666,26.309999465942383,26.309999465942383,22.787294387817383,82196400
2018-10-16,26.489999771118164,26.770000457763672,26.309999465942383,26.75,23.168378829956055,75137300
2018-10-17,26.690000534057617,27.190000534057617,26.559999465942383,27.020000457763672,23.402231216430664,79472100
2018-10-18,26.8700008392334,27.06999969482422,26.489999771118164,26.56999969482422,23.012483596801758,81706000
2018-10-19,26.549999237060547,26.8799991607666,26.420000076293945,26.670000076293945,23.09909439086914,73614300
2018-10-22,26.700000762939453,26.760000228881836,26.100000381469727,26.100000381469727,22.60541343688965,58645800
2018-10-23,25.56999969482422,26.040000915527344,25.420000076293945,25.889999389648438,22.423526763916016,93698200
2018-10-24,25.850000381469727,25.850000381469727,25.139999389648438,25.239999771118164,21.860557556152344,98050700
2018-10-25,25.360000610351562,25.84000015258789,25.329999923706055,25.6299991607666,22.19833755493164,72439400
2018-10-26,25.31999969482422,25.520000457763672,25.020000457763672,25.260000228881836,21.87788200378418,115308900
2018-10-29,25.56999969482422,25.93000030517578,25.209999084472656,25.479999542236328,22.06842613220215,97946100
2018-10-30,25.6200008392334,25.940000534057617,25.440000534057617,25.920000076293945,22.44951057434082,82719100
2018-10-31,26.170000076293945,26.610000610351562,26.1299991607666,26.280000686645508,22.761310577392578,93781100
2018-11-01,26.350000381469727,26.510000228881836,26.219999313354492,26.399999618530273,22.865249633789062,62346600
2018-11-02,26.65999984741211,26.809999465942383,26.18000030517578,26.3799991607666,22.847917556762695,73034200
2018-11-05,26.489999771118164,26.8799991607666,26.489999771118164,26.799999237060547,23.211685180664062,58705800
2018-11-06,26.780000686645508,26.940000534057617,26.649999618530273,26.940000534057617,23.332944869995117,51010900
2018-11-07,27.09000015258789,27.31999969482422,26.81999969482422,27.290000915527344,23.63608169555664,59990800
2018-11-08,27.1299991607666,27.520000457763672,27.040000915527344,27.3700008392334,23.705371856689453,46730100
2018-11-09,27.299999237060547,27.3799991607666,26.979999542236328,27.1200008392334,23.488840103149414,47051200
2018-11-12,27.059999465942383,27.18000030517578,26.530000686645508,26.579999923706055,23.02113914489746,47135500
2018-11-13,26.6200008392334,26.989999771118164,26.600000381469727,26.729999542236328,23.151058197021484,69820600
2018-11-14,26.940000534057617,26.979999542236328,26.079999923706055,26.3700008392334,22.83926010131836,104274200
2018-11-15,26.190000534057617,26.780000686645508,26.030000686645508,26.760000228881836,23.177040100097656,93998000
2018-11-16,26.6200008392334,26.90999984741211,26.469999313354492,26.790000915527344,23.20302391052246,80518300
2018-11-19,26.770000457763672,26.899999618530273,26.540000915527344,26.780000686645508,23.194360733032227,65491300
2018-11-20,26.469999313354492,26.579999923706055,26.110000610351562,26.190000534057617,22.68335723876953,103778300
2018-11-21,26.34000015258789,26.59000015258789,26.1299991607666,26.209999084472656,22.70068359375,48618000
2018-11-23,26.06999969482422,26.219999313354492,25.93000030517578,26.0,22.518796920776367,24252300
2018-11-26,26.270000457763672,26.6299991607666,26.260000228881836,26.530000686645508,22.97784423828125,50168800
2018-11-27,26.479999542236328,26.6299991607666,26.420000076293945,26.549999237060547,22.995162963867188,47174300
2018-11-28,26.6299991607666,27.059999465942383,26.399999618530273,27.059999465942383,23.436872482299805,61375300
2018-11-29,26.860000610351562,27.010000228881836,26.719999313354492,26.829999923706055,23.237668991088867,43664100
2018-11-30,26.75,27.079999923706055,26.709999084472656,26.969999313354492,23.358928680419922,45435200
2018-12-03,27.360000610351562,27.469999313354492,26.950000762939453,27.139999389648438,23.50616455078125,65332700
2018-12-04,27.0,27.010000228881836,25.829999923706055,25.959999084472656,22.48415756225586,110918600
2018-12-06,25.3799991607666,25.610000610351562,24.93000030517578,25.600000381469727,22.172359466552734,134687100
2018-12-07,25.540000915527344,25.899999618530273,24.989999771118164,25.110000610351562,21.747961044311523,86740000
2018-12-10,25.010000228881836,25.079999923706055,24.299999237060547,24.760000228881836,21.4448299407959,101121800
2018-12-11,25.06999969482422,25.219999313354492,24.43000030517578,24.520000457763672,21.236963272094727,92308200
2018-12-12,24.860000610351562,25.020000457763672,24.540000915527344,24.65999984741211,21.358213424682617,86748900
2018-12-13,24.649999618530273,24.780000686645508,24.389999389648438,24.479999542236328,21.202312469482422,67232900
2018-12-14,24.239999771118164,24.579999923706055,24.190000534057617,24.239999771118164,20.99445343017578,66817000
2018-12-17,24.100000381469727,24.469999313354492,23.889999389648438,24.0,20.786584854125977,101180400
2018-12-18,24.139999389648438,24.399999618530273,23.760000228881836,23.90999984741211,20.708629608154297,90844000
2018-12-19,23.860000610351562,24.389999389648438,23.420000076293945,23.610000610351562,20.448806762695312,129331700
2018-12-20,23.3799991607666,23.75,23.270000457763672,23.399999618530273,20.266918182373047,107016900
2018-12-21,23.229999542236328,23.670000076293945,22.739999771118164,22.790000915527344,19.86166763305664,118502300
2018-12-24,22.489999771118164,22.75,22.280000686645508,22.309999465942383,19.443340301513672,71752700
2018-12-26,22.3700008392334,23.329999923706055,22.049999237060547,23.31999969482422,20.323564529418945,108133500
2018-12-27,22.93000030517578,23.600000381469727,22.709999084472656,23.600000381469727,20.567590713500977,98005000
2018-12-28,23.709999084472656,23.899999618530273,23.489999771118164,23.59000015258789,20.558874130249023,76348400
2018-12-31,23.719999313354492,23.920000076293945,23.520000457763672,23.81999969482422,20.759323120117188,56435400
2019-01-02,23.469999313354492,24.06999969482422,23.399999618530273,24.020000457763672,20.93362808227539,62945000
2019-01-03,23.84000015258789,23.899999618530273,23.420000076293945,23.479999542236328,20.4630069732666,65729700
2019-01-04,23.8799991607666,24.309999465942383,23.81999969482422,24.260000228881836,21.142784118652344,64638400
2019-01-07,24.209999084472656,24.510000228881836,24.059999465942383,24.290000915527344,21.16893196105957,48167000
2019-01-08,24.510000228881836,24.549999237060547,24.030000686645508,24.309999465942383,21.186359405517578,90114700
2019-01-09,24.3700008392334,24.520000457763672,24.200000762939453,24.43000030517578,21.29094696044922,61037100
2019-01-10,24.290000915527344,24.520000457763672,24.209999084472656,24.440000534057617,21.29965591430664,48630500
2019-01-11,24.31999969482422,24.549999237060547,24.18000030517578,24.5,21.351953506469727,44961600
2019-01-14,24.260000228881836,24.75,24.229999542236328,24.670000076293945,21.500104904174805,50610600
2019-01-15,24.56999969482422,24.93000030517578,24.5,24.889999389648438,21.69183921813965,59156500
2019-01-16,25.18000030517578,25.56999969482422,25.110000610351562,25.420000076293945,22.153732299804688,72982400
2019-01-17,25.31999969482422,25.649999618530273,25.170000076293945,25.559999465942383,22.27574348449707,55771300
2019-01-18,25.739999771118164,26.030000686645508,25.530000686645508,26.0,22.659208297729492,58400200
2019-01-22,25.780000686645508,25.90999984741211,25.56999969482422,25.700000762939453,22.397764205932617,79651700
2019-01-23,25.799999237060547,25.829999923706055,25.440000534057617,25.729999542236328,22.423900604248047,44072000
2019-01-24,25.639999389648438,25.860000610351562,25.559999465942383,25.790000915527344,22.476192474365234,25496900
2019-01-25,25.969999313354492,26.170000076293945,25.899999618530273,26.0,22.659208297729492,63140000
2019-01-28,25.75,25.950000762939453,25.709999084472656,25.920000076293945,22.58948516845703,66894900
2019-01-29,25.90999984741211,26.010000228881836,25.81999969482422,25.829999923706055,22.51105499267578,29442100
2019-01-30,25.90999984741211,26.139999389648438,25.729999542236328,25.979999542236328,22.641780853271484,62076800
2019-01-31,25.760000228881836,25.979999542236328,25.719999313354492,25.940000534057617,22.60692024230957,64021500
2019-02-01,25.979999542236328,26.170000076293945,25.950000762939453,26.049999237060547,22.70278549194336,42920300
2019-02-04,26.059999465942383,26.170000076293945,25.920000076293945,26.15999984741211,22.798648834228516,30362500
2019-02-05,26.209999084472656,26.229999542236328,25.989999771118164,26.09000015258789,22.737642288208008,39094900
2019-02-06,26.010000228881836,26.200000762939453,25.969999313354492,26.059999465942383,22.711498260498047,51542800
2019-02-07,25.979999542236328,26.049999237060547,25.59000015258789,25.799999237060547,22.48490333557129,80395700
2019-02-08,25.65999984741211,25.780000686645508,25.34000015258789,25.670000076293945,22.371614456176758,54911100
2019-02-11,25.75,25.799999237060547,25.6200008392334,25.75,22.441326141357422,53115700
2019-02-12,25.940000534057617,26.229999542236328,25.93000030517578,26.1299991607666,22.772506713867188,37671300
2019-02-13,26.25,26.43000030517578,26.190000534057617,26.200000762939453,22.83350944519043,42969600
2019-02-14,26.0,26.079999923706055,25.729999542236328,25.8799991607666,22.554628372192383,47630100
2019-02-15,26.09000015258789,26.43000030517578,25.8799991607666,26.43000030517578,23.03395652770996,46880800
2019-02-19,26.299999237060547,26.549999237060547,26.219999313354492,26.469999313354492,23.06882095336914,23868300
2019-02-20,26.459999084472656,26.649999618530273,26.399999618530273,26.639999389648438,23.216968536376953,27509100
2019-02-21,26.59000015258789,26.68000030517578,26.40999984741211,26.5,23.094970703125,46619900
2019-02-22,26.5,26.579999923706055,26.360000610351562,26.459999084472656,23.060102462768555,26343700
2019-02-25,26.579999923706055,26.81999969482422,26.540000915527344,26.56999969482422,23.155967712402344,33835900
2019-02-26,26.3799991607666,26.690000534057617,26.360000610351562,26.489999771118164,23.086244583129883,35659700
2019-02-27,26.440000534057617,26.639999389648438,26.40999984741211,26.59000015258789,23.173398971557617,42542400
2019-02-28,26.600000381469727,26.649999618530273,26.510000228881836,26.520000457763672,23.112394332885742,39835900
2019-03-01,26.75,26.940000534057617,26.610000610351562,26.690000534057617,23.260549545288086,82657300
2019-03-04,26.760000228881836,26.940000534057617,26.299999237060547,26.520000457763672,23.112394332885742,76611900
2019-03-05,26.56999969482422,26.579999923706055,26.219999313354492,26.420000076293945,23.025245666503906,39868100
2019-03-06,26.420000076293945,26.510000228881836,26.229999542236328,26.25,22.87708854675293,43158900
2019-03-07,26.149999618530273,26.149999618530273,25.829999923706055,25.979999542236328,22.641780853271484,62622100
2019-03-08,25.690000534057617,25.989999771118164,25.68000030517578,25.969999313354492,22.633058547973633,55826400
2019-03-11,26.100000381469727,26.31999969482422,25.979999542236328,26.239999771118164,22.868371963500977,63343500
2019-03-12,26.280000686645508,26.389999389648438,26.239999771118164,26.299999237060547,22.92066192626953,32521100
2019-03-13,26.399999618530273,26.579999923706055,26.31999969482422,26.479999542236328,23.077533721923828,42817500
2019-03-14,26.440000534057617,26.68000030517578,26.43000030517578,26.579999923706055,23.164682388305664,37665700
2019-03-15,26.450000762939453,26.709999084472656,26.43000030517578,26.6299991607666,23.326740264892578,70020400
2019-03-18,26.68000030517578,26.979999542236328,26.68000030517578,26.899999618530273,23.56324577331543,43980700
2019-03-19,27.049999237060547,27.100000381469727,26.6200008392334,26.690000534057617,23.379289627075195,45029300
2019-03-20,26.6299991607666,26.639999389648438,26.110000610351562,26.139999389648438,22.897520065307617,65860300
2019-03-21,25.959999084472656,26.170000076293945,25.780000686645508,26.059999465942383,22.827438354492188,104914100
2019-03-22,25.75,25.889999389648438,25.229999542236328,25.34000015258789,22.196748733520508,121855900
2019-03-25,25.309999465942383,25.530000686645508,25.079999923706055,25.229999542236328,22.100393295288086,72835600
2019-03-26,25.43000030517578,25.59000015258789,25.280000686645508,25.530000686645508,22.36318588256836,51171500
2019-03-27,25.469999313354492,25.600000381469727,25.299999237060547,25.420000076293945,22.266826629638672,73148100
2019-03-28,25.469999313354492,25.649999618530273,25.350000381469727,25.639999389648438,22.45953941345215,52089300
2019-03-29,25.860000610351562,25.8799991607666,25.610000610351562,25.709999084472656,22.520858764648438,50234400
2019-04-01,25.920000076293945,26.360000610351562,25.90999984741211,26.34000015258789,23.072715759277344,62485300
2019-04-02,26.270000457763672,26.459999084472656,26.229999542236328,26.31999969482422,23.055191040039062,41002400
2019-04-03,26.5,26.6200008392334,26.290000915527344,26.399999618530273,23.125267028808594,52030900
2019-04-04,26.399999618530273,26.670000076293945,26.399999618530273,26.559999465942383,23.265419006347656,54378900
2019-04-05,26.610000610351562,26.700000762939453,26.520000457763672,26.600000381469727,23.300457000732422,37088800
2019-04-08,26.530000686645508,26.639999389648438,26.469999313354492,26.6299991607666,23.326740264892578,34998000
2019-04-09,26.510000228881836,26.510000228881836,26.290000915527344,26.40999984741211,23.1340274810791,65954800
2019-04-10,26.40999984741211,26.530000686645508,26.280000686645508,26.489999771118164,23.204099655151367,48232700
2019-04-11,26.59000015258789,26.75,26.510000228881836,26.649999618530273,23.344253540039062,62205000
2019-04-12,27.040000915527344,27.329999923706055,26.899999618530273,27.139999389648438,23.773481369018555,84627600
2019-04-15,27.149999618530273,27.15999984741211,26.90999984741211,26.969999313354492,23.624563217163086,40030400
2019-04-16,27.030000686645508,27.3799991607666,27.010000228881836,27.350000381469727,23.957427978515625,56093400
2019-04-17,27.450000762939453,27.459999084472656,27.200000762939453,27.420000076293945,24.01873779296875,58834000
2019-04-18,27.3700008392334,27.450000762939453,27.299999237060547,27.34000015258789,23.94867515563965,52495700
2019-04-22,27.260000228881836,27.34000015258789,27.170000076293945,27.260000228881836,23.878589630126953,39324100
2019-04-23,27.25,27.459999084472656,27.139999389648438,27.43000030517578,24.02750015258789,54250300
2019-04-24,27.34000015258789,27.520000457763672,27.280000686645508,27.399999618530273,24.0012264251709,39505200
2019-04-25,27.270000457763672,27.559999465942383,27.200000762939453,27.450000762939453,24.045021057128906,44532300
2019-04-26,27.450000762939453,27.719999313354492,27.40999984741211,27.700000762939453,24.26401138305664,41527900
2019-04-29,27.799999237060547,28.1299991607666,27.729999542236328,27.979999542236328,24.50927734375,61643200
2019-04-30,28.020000457763672,28.059999465942383,27.780000686645508,28.020000457763672,24.5443172454834,38800300
2019-05-01,28.049999237060547,28.139999389648438,27.770000457763672,27.790000915527344,24.342849731445312,67969500
2019-05-02,27.770000457763672,27.950000762939453,27.6200008392334,27.81999969482422,24.36912727355957,50972900
2019-05-03,27.940000534057617,28.1200008392334,27.889999389648438,28.06999969482422,24.58811378479004,34598900
2019-05-06,27.579999923706055,27.979999542236328,27.530000686645508,27.8799991607666,24.42168426513672,42517000
2019-05-07,27.6200008392334,27.889999389648438,27.229999542236328,27.420000076293945,24.01873779296875,60090800
2019-05-08,27.309999465942383,27.59000015258789,27.239999771118164,27.360000610351562,23.966190338134766,44254200
2019-05-09,27.030000686645508,27.360000610351562,26.899999618530273,27.299999237060547,23.913625717163086,56468300
2019-05-10,27.149999618530273,27.530000686645508,26.90999984741211,27.479999542236328,24.071298599243164,63453600
2019-05-13,26.93000030517578,26.989999771118164,26.59000015258789,26.68000030517578,23.370534896850586,54962500
2019-05-14,26.739999771118164,27.1200008392334,26.709999084472656,26.889999389648438,23.55448341369629,52398400
2019-05-15,26.6200008392334,26.920000076293945,26.520000457763672,26.790000915527344,23.466888427734375,49061700
2019-05-16,26.8799991607666,27.209999084472656,26.860000610351562,27.059999465942383,23.703393936157227,44872600
2019-05-17,26.790000915527344,27.139999389648438,26.75,26.8799991607666,23.545724868774414,62711500
2019-05-20,26.780000686645508,27.030000686645508,26.780000686645508,26.90999984741211,23.572006225585938,44357300
2019-05-21,27.020000457763672,27.190000534057617,27.020000457763672,27.190000534057617,23.817272186279297,36851400
2019-05-22,27.049999237060547,27.110000610351562,26.950000762939453,27.030000686645508,23.677120208740234,25867600
2019-05-23,26.770000457763672,26.780000686645508,26.420000076293945,26.649999618530273,23.344253540039062,51832900
2019-05-24,26.75,26.8700008392334,26.670000076293945,26.860000610351562,23.52820587158203,30582000
2019-05-28,26.780000686645508,26.860000610351562,26.549999237060547,26.549999237060547,23.25665855407715,35177700
2019-05-29,26.34000015258789,26.549999237060547,26.219999313354492,26.5,23.212862014770508,39700600
2019-05-30,26.559999465942383,26.709999084472656,26.280000686645508,26.40999984741211,23.1340274810791,40641200
2019-05-31,26.06999969482422,26.200000762939453,25.989999771118164,26.010000228881836,22.783641815185547,49259200
2019-06-03,25.969999313354492,26.290000915527344,25.920000076293945,26.18000030517578,22.93255615234375,63329300
2019-06-04,26.5,26.920000076293945,26.43000030517578,26.889999389648438,23.55448341369629,45454400
2019-06-05,26.940000534057617,27.079999923706055,26.709999084472656,27.059999465942383,23.703393936157227,46599700
2019-06-06,27.06999969482422,27.270000457763672,26.920000076293945,27.15999984741211,23.790990829467773,37297600
2019-06-07,27.15999984741211,27.25,27.079999923706055,27.1200008392334,23.755956649780273,33054800
2019-06-10,27.280000686645508,27.549999237060547,27.280000686645508,27.350000381469727,23.957427978515625,37081400
2019-06-11,27.5,27.610000610351562,27.280000686645508,27.360000610351562,23.966190338134766,34273400
2019-06-12,27.329999923706055,27.3799991607666,27.030000686645508,27.09000015258789,23.72968101501465,36866000
2019-06-13,27.139999389648438,27.270000457763672,27.06999969482422,27.18000030517578,23.808509826660156,31020000
2019-06-14,27.209999084472656,27.329999923706055,27.0,27.239999771118164,23.861068725585938,29724100
2019-06-17,27.229999542236328,27.309999465942383,26.959999084472656,26.989999771118164,23.64207649230957,40981600
2019-06-18,26.93000030517578,27.459999084472656,26.93000030517578,27.350000381469727,23.957427978515625,46237400
2019-06-19,27.399999618530273,27.59000015258789,27.270000457763672,27.299999237060547,23.913625717163086,58118500
2019-06-20,27.450000762939453,27.530000686645508,27.1200008392334,27.420000076293945,24.01873779296875,50583800
2019-06-21,27.299999237060547,27.479999542236328,27.18000030517578,27.219999313354492,23.965038299560547,65322300
2019-06-24,27.170000076293945,27.360000610351562,27.079999923706055,27.110000610351562,23.868192672729492,48377800
2019-06-25,27.110000610351562,27.149999618530273,26.889999389648438,27.020000457763672,23.788955688476562,47748500
2019-06-26,27.079999923706055,27.209999084472656,26.959999084472656,26.969999313354492,23.74493408203125,31448000
2019-06-27,27.06999969482422,27.290000915527344,27.06999969482422,27.209999084472656,23.95623207092285,59459800
2019-06-28,27.530000686645508,27.700000762939453,27.239999771118164,27.600000381469727,24.299602508544922,76728100
2019-07-01,27.920000076293945,28.049999237060547,27.780000686645508,27.93000030517578,24.590137481689453,48971100
2019-07-02,27.889999389648438,27.979999542236328,27.709999084472656,27.860000610351562,24.52850914001465,56626800
2019-07-03,27.950000762939453,28.09000015258789,27.8700008392334,28.079999923706055,24.722200393676758,23706800
2019-07-05,28.170000076293945,28.270000457763672,28.030000686645508,28.15999984741211,24.792633056640625,40683100
2019-07-08,28.010000228881836,28.1299991607666,27.940000534057617,28.020000457763672,24.66937255859375,26286700
2019-07-09,27.829999923706055,28.1200008392334,27.809999465942383,28.06999969482422,24.713394165039062,25895800
2019-07-10,28.079999923706055,28.229999542236328,27.93000030517578,27.969999313354492,24.625356674194336,36566700
2019-07-11,28.010000228881836,28.170000076293945,27.959999084472656,28.1299991607666,24.76621437072754,40907500
2019-07-12,28.170000076293945,28.31999969482422,28.100000381469727,28.31999969482422,24.933500289916992,31109900
2019-07-15,28.329999923706055,28.350000381469727,28.079999923706055,28.15999984741211,24.792633056640625,28346100
2019-07-16,28.209999084472656,28.260000228881836,28.030000686645508,28.09000015258789,24.731002807617188,47287700
2019-07-17,27.989999771118164,28.079999923706055,27.809999465942383,27.850000381469727,24.519704818725586,35062600
2019-07-18,27.809999465942383,28.110000610351562,27.780000686645508,28.059999465942383,24.704593658447266,46369800
2019-07-19,28.1299991607666,28.18000030517578,27.920000076293945,27.940000534057617,24.59893798828125,29338500
2019-07-22,27.8799991607666,28.049999237060547,27.829999923706055,28.0,24.651765823364258,26683300
2019-07-23,28.06999969482422,28.329999923706055,28.059999465942383,28.290000915527344,24.907087326049805,45307600
2019-07-24,28.229999542236328,28.579999923706055,28.209999084472656,28.579999923706055,25.16241455078125,36374200
2019-07-25,28.56999969482422,28.610000610351562,28.31999969482422,28.3799991607666,24.986326217651367,34180400
2019-07-26,28.440000534057617,28.709999084472656,28.3799991607666,28.690000534057617,25.259254455566406,33642800
2019-07-29,28.639999389648438,28.719999313354492,28.440000534057617,28.469999313354492,25.06555938720703,35955100
2019-07-30,28.25,28.420000076293945,28.190000534057617,28.389999389648438,24.99513053894043,30726100
2019-07-31,28.389999389648438,28.530000686645508,28.200000762939453,28.25,24.87187385559082,64485400
2019-08-01,28.229999542236328,28.420000076293945,27.56999969482422,27.610000610351562,24.30840492248535,107976300
2019-08-02,27.559999465942383,27.739999771118164,27.229999542236328,27.600000381469727,24.299602508544922,66036400
2019-08-05,26.989999771118164,27.1200008392334,26.479999542236328,26.68000030517578,23.489612579345703,85527900
2019-08-06,26.850000381469727,27.1299991607666,26.59000015258789,27.110000610351562,23.868192672729492,53445000
2019-08-07,26.600000381469727,26.8700008392334,26.239999771118164,26.75,23.55124282836914,82354600
2019-08-08,27.010000228881836,27.270000457763672,26.8799991607666,27.260000228881836,24.000253677368164,66653200
2019-08-09,27.110000610351562,27.309999465942383,26.899999618530273,27.170000076293945,23.9210147857666,53782700
2019-08-12,26.850000381469727,26.950000762939453,26.56999969482422,26.649999618530273,23.46319580078125,56837600
2019-08-13,26.600000381469727,27.170000076293945,26.5,26.979999542236328,23.753734588623047,72255900
2019-08-14,26.3799991607666,26.520000457763672,25.959999084472656,25.979999542236328,22.873315811157227,92067300
2019-08-15,26.110000610351562,26.280000686645508,25.920000076293945,26.110000610351562,22.98777198791504,59504500
2019-08-16,26.239999771118164,26.639999389648438,26.239999771118164,26.56999969482422,23.392763137817383,48451800
2019-08-19,26.979999542236328,27.030000686645508,26.790000915527344,26.84000015258789,23.630477905273438,38297700
2019-08-20,26.690000534057617,26.739999771118164,26.450000762939453,26.479999542236328,23.31352996826172,40579300
2019-08-21,26.649999618530273,26.690000534057617,26.530000686645508,26.600000381469727,23.41917610168457,44913500
2019-08-22,26.739999771118164,26.850000381469727,26.56999969482422,26.780000686645508,23.577651977539062,43896700
2019-08-23,26.59000015258789,26.790000915527344,25.920000076293945,26.100000381469727,22.97896957397461,86245300
2019-08-26,26.270000457763672,26.3700008392334,26.110000610351562,26.350000381469727,23.199073791503906,34175500
2019-08-27,26.450000762939453,26.530000686645508,26.030000686645508,26.190000534057617,23.05820655822754,54240800
2019-08-28,26.049999237060547,26.469999313354492,26.030000686645508,26.43000030517578,23.269508361816406,51870400
2019-08-29,26.670000076293945,26.920000076293945,26.6200008392334,26.829999923706055,23.621673583984375,49818300
2019-08-30,26.979999542236328,27.059999465942383,26.81999969482422,26.920000076293945,23.700912475585938,40561000
2019-09-03,26.700000762939453,26.729999542236328,26.40999984741211,26.639999389648438,23.454397201538086,59997200
2019-09-04,26.84000015258789,26.950000762939453,26.780000686645508,26.899999618530273,23.683303833007812,43945700
2019-09-05,27.280000686645508,27.68000030517578,27.270000457763672,27.450000762939453,24.16753387451172,68639200
2019-09-06,27.479999542236328,27.559999465942383,27.34000015258789,27.440000534057617,24.15873146057129,35660800
2019-09-09,27.6299991607666,27.969999313354492,27.56999969482422,27.860000610351562,24.52850914001465,67797700
2019-09-10,27.950000762939453,28.079999923706055,27.700000762939453,27.959999084472656,24.61655044555664,77540100
2019-09-11,27.979999542236328,28.149999618530273,27.729999542236328,28.1200008392334,24.757421493530273,53285900
2019-09-12,28.040000915527344,28.3799991607666,27.950000762939453,28.270000457763672,24.88947296142578,72872200
2019-09-13,28.489999771118164,28.600000381469727,28.360000610351562,28.489999771118164,25.08316993713379,56248700
2019-09-16,28.25,28.43000030517578,28.209999084472656,28.389999389648438,24.99513053894043,36693600
2019-09-17,28.290000915527344,28.420000076293945,28.190000534057617,28.420000076293945,25.02153968811035,40868800
2019-09-18,28.309999465942383,28.59000015258789,28.229999542236328,28.520000457763672,25.10958480834961,57268900
2019-09-19,28.5,28.670000076293945,28.3799991607666,28.389999389648438,24.99513053894043,42335000
2019-09-20,28.290000915527344,28.399999618530273,28.059999465942383,28.079999923706055,24.848236083984375,82921100
2019-09-23,27.940000534057617,28.209999084472656,27.889999389648438,28.1299991607666,24.892473220825195,35827300
2019-09-24,28.209999084472656,28.270000457763672,27.780000686645508,27.860000610351562,24.6535587310791,61659700
2019-09-25,27.920000076293945,28.139999389648438,27.809999465942383,28.09000015258789,24.857084274291992,53544400
2019-09-26,28.049999237060547,28.079999923706055,27.920000076293945,27.959999084472656,24.742046356201172,53107500
2019-09-27,28.190000534057617,28.290000915527344,27.920000076293945,28.06999969482422,24.839385986328125,73386900
2019-09-30,28.139999389648438,28.170000076293945,27.979999542236328,28.0,24.777442932128906,30608000
2019-10-01,28.1299991607666,28.149999618530273,27.40999984741211,27.40999984741211,24.255346298217773,54786200
2019-10-02,27.239999771118164,27.25,26.790000915527344,26.850000381469727,23.75979995727539,78141700
2019-10-03,26.809999465942383,26.959999084472656,26.450000762939453,26.959999084472656,23.85713768005371,81128700
2019-10-04,26.989999771118164,27.479999542236328,26.969999313354492,27.459999084472656,24.299591064453125,40697200
2019-10-07,27.350000381469727,27.56999969482422,27.290000915527344,27.31999969482422,24.175703048706055,36922900
2019-10-08,27.049999237060547,27.059999465942383,26.760000228881836,26.780000686645508,23.697853088378906,60008900
2019-10-09,26.950000762939453,27.15999984741211,26.93000030517578,27.030000686645508,23.919082641601562,45131000
2019-10-10,27.100000381469727,27.510000228881836,27.100000381469727,27.309999465942383,24.166852951049805,54305400
2019-10-11,27.739999771118164,27.989999771118164,27.639999389648438,27.649999618530273,24.46772003173828,78702500
2019-10-14,27.559999465942383,27.75,27.530000686645508,27.690000534057617,24.50312042236328,35821000
2019-10-15,27.850000381469727,28.260000228881836,27.739999771118164,28.09000015258789,24.857084274291992,65130200
2019-10-16,28.09000015258789,28.15999984741211,27.950000762939453,28.020000457763672,24.795141220092773,44595200
2019-10-17,28.170000076293945,28.25,27.969999313354492,28.040000915527344,24.81283950805664,32013600
2019-10-18,27.959999084472656,28.219999313354492,27.959999084472656,28.110000610351562,24.87478256225586,40523700
2019-10-21,28.350000381469727,28.540000915527344,28.34000015258789,28.5,25.219892501831055,44145400
2019-10-22,28.450000762939453,28.610000610351562,28.329999923706055,28.420000076293945,25.14910316467285,50423000
2019-10-23,28.360000610351562,28.540000915527344,28.350000381469727,28.540000915527344,25.255294799804688,30615400
2019-10-24,28.56999969482422,28.6200008392334,28.389999389648438,28.5,25.219892501831055,33469600
2019-10-25,28.469999313354492,28.729999542236328,28.229999542236328,28.639999389648438,25.343782424926758,28330200
2019-10-28,28.75,28.920000076293945,28.739999771118164,28.790000915527344,25.476518630981445,50104600
2019-10-29,28.729999542236328,29.0,28.700000762939453,28.860000610351562,25.538463592529297,48458100
2019-10-30,28.860000610351562,28.920000076293945,28.639999389648438,28.84000015258789,25.52076530456543,51106700
2019-10-31,28.739999771118164,28.75,28.469999313354492,28.700000762939453,25.396881103515625,56795500
2019-11-01,28.920000076293945,29.149999618530273,28.860000610351562,29.1200008392334,25.76854133605957,42302300
2019-11-04,29.3700008392334,29.420000076293945,29.290000915527344,29.3700008392334,25.989768981933594,37319100
2019-11-05,29.459999084472656,29.6200008392334,29.40999984741211,29.479999542236328,26.087108612060547,39516100
2019-11-06,29.459999084472656,29.6299991607666,29.420000076293945,29.6299991607666,26.21984100341797,40179900
2019-11-07,29.809999465942383,30.030000686645508,29.739999771118164,29.850000381469727,26.414525985717773,61738600
2019-11-08,29.81999969482422,29.850000381469727,29.639999389648438,29.84000015258789,26.405670166015625,53808800
2019-11-11,29.65999984741211,29.81999969482422,29.6200008392334,29.760000228881836,26.334880828857422,19702400
2019-11-12,29.770000457763672,29.889999389648438,29.690000534057617,29.799999237060547,26.370275497436523,44640600
2019-11-13,29.56999969482422,29.709999084472656,29.450000762939453,29.610000610351562,26.202150344848633,43495400
2019-11-14,29.530000686645508,29.670000076293945,29.469999313354492,29.670000076293945,26.255237579345703,46158400
2019-11-15,29.770000457763672,29.799999237060547,29.65999984741211,29.75,26.326034545898438,30097000
2019-11-18,29.75,29.81999969482422,29.65999984741211,29.809999465942383,26.37912940979004,25440500
2019-11-19,29.8799991607666,29.969999313354492,29.790000915527344,29.8700008392334,26.432222366333008,30770900
2019-11-20,29.75,29.809999465942383,29.520000457763672,29.729999542236328,26.30833625793457,46719500
2019-11-21,29.790000915527344,29.84000015258789,29.600000381469727,29.700000762939453,26.28179168701172,37192700
2019-11-22,29.739999771118164,29.950000762939453,29.739999771118164,29.920000076293945,26.476470947265625,35195000
2019-11-25,29.959999084472656,30.149999618530273,29.950000762939453,30.110000610351562,26.644601821899414,50094100
2019-11-26,30.110000610351562,30.110000610351562,29.93000030517578,30.079999923706055,26.618053436279297,33516200
2019-11-27,30.15999984741211,30.209999084472656,30.059999465942383,30.200000762939453,26.724239349365234,31012300
2019-11-29,30.139999389648438,30.239999771118164,30.09000015258789,30.149999618530273,26.67999267578125,19444200
2019-12-02,30.200000762939453,30.260000228881836,29.93000030517578,29.959999084472656,26.511863708496094,52427800
2019-12-03,29.610000610351562,29.6200008392334,29.350000381469727,29.540000915527344,26.14020347595215,66912000
2019-12-04,29.56999969482422,29.899999618530273,29.549999237060547,29.81999969482422,26.38797950744629,41793900
2019-12-05,29.940000534057617,30.010000228881836,29.829999923706055,29.959999084472656,26.511863708496094,44933500
2019-12-06,30.290000915527344,30.459999084472656,30.280000686645508,30.360000610351562,26.865829467773438,40811300
2019-12-09,30.299999237060547,30.420000076293945,30.280000686645508,30.290000915527344,26.80388641357422,21627500
2019-12-10,30.209999084472656,30.360000610351562,30.1299991607666,30.299999237060547,26.812732696533203,37362100
2019-12-11,30.290000915527344,30.34000015258789,30.200000762939453,30.229999542236328,26.75078773498535,24490200
2019-12-12,30.270000457763672,30.90999984741211,30.25,30.81999969482422,27.272886276245117,68427500
2019-12-13,30.790000915527344,30.969999313354492,30.530000686645508,30.709999084472656,27.175539016723633,48135700
2019-12-16,30.959999084472656,31.020000457763672,30.790000915527344,30.81999969482422,27.272886276245117,45914900
2019-12-17,30.84000015258789,31.040000915527344,30.829999923706055,30.940000534057617,27.379077911376953,30911900
2019-12-18,31.040000915527344,31.040000915527344,30.809999465942383,30.809999465942383,27.264034271240234,39079700
2019-12-19,30.81999969482422,30.889999389648438,30.770000457763672,30.799999237060547,27.25518798828125,36946900
2019-12-20,30.799999237060547,30.8799991607666,30.639999389648438,30.68000030517578,27.28720474243164,97416000
2019-12-23,30.760000228881836,30.770000457763672,30.56999969482422,30.610000610351562,27.224952697753906,38293100
2019-12-24,30.670000076293945,30.690000534057617,30.600000381469727,30.68000030517578,27.28720474243164,12315900
2019-12-26,30.709999084472656,30.850000381469727,30.709999084472656,30.850000381469727,27.438405990600586,15891300
2019-12-27,30.899999618530273,30.90999984741211,30.75,30.770000457763672,27.367258071899414,19417400
2019-12-30,30.90999984741211,30.959999084472656,30.649999618530273,30.68000030517578,27.28720474243164,18819300
2019-12-31,30.65999984741211,30.790000915527344,30.6200008392334,30.780000686645508,27.37615394592285,15788100
2020-01-02,30.889999389648438,31.079999923706055,30.799999237060547,31.079999923706055,27.64297103881836,28843300
2020-01-03,30.68000030517578,30.8799991607666,30.59000015258789,30.75,27.349462509155273,51363600
2020-01-06,30.469999313354492,30.75,30.459999084472656,30.729999542236328,27.33167266845703,27956100
2020-01-07,30.65999984741211,30.709999084472656,30.530000686645508,30.530000686645508,27.153793334960938,39627500
2020-01-08,30.559999465942383,30.899999618530273,30.559999465942383,30.729999542236328,27.33167266845703,47966600
2020-01-09,30.950000762939453,30.979999542236328,30.829999923706055,30.920000076293945,27.500667572021484,27705300
2020-01-10,30.940000534057617,30.950000762939453,30.649999618530273,30.690000534057617,27.29609489440918,33458200
2020-01-13,30.760000228881836,30.93000030517578,30.68000030517578,30.899999618530273,27.482877731323242,27542700
2020-01-14,30.899999618530273,31.079999923706055,30.799999237060547,30.84000015258789,27.42951202392578,37575400
2020-01-15,30.690000534057617,30.790000915527344,30.56999969482422,30.670000076293945,27.27831268310547,41457300
2020-01-16,30.81999969482422,30.940000534057617,30.75,30.940000534057617,27.51845359802246,34444000
2020-01-17,31.030000686645508,31.100000381469727,30.90999984741211,31.030000686645508,27.598499298095703,38819400
2020-01-21,30.8799991607666,31.020000457763672,30.770000457763672,30.770000457763672,27.367258071899414,41276500
2020-01-22,30.8700008392334,30.940000534057617,30.81999969482422,30.860000610351562,27.44729995727539,27391000
2020-01-23,30.700000762939453,30.850000381469727,30.489999771118164,30.780000686645508,27.37615394592285,43072300
2020-01-24,30.790000915527344,30.790000915527344,30.200000762939453,30.389999389648438,27.02927589416504,58924900
2020-01-27,29.790000915527344,30.059999465942383,29.75,29.920000076293945,26.611251831054688,50289300
2020-01-28,30.079999923706055,30.399999618530273,30.030000686645508,30.270000457763672,26.92254638671875,34257900
2020-01-29,30.3700008392334,30.479999542236328,30.170000076293945,30.219999313354492,26.878074645996094,41167500
2020-01-30,29.950000762939453,30.6200008392334,29.93000030517578,30.600000381469727,27.21605682373047,51210000
2020-01-31,30.34000015258789,30.3799991607666,29.850000381469727,29.959999084472656,26.646825790405273,58958800
2020-02-03,30.170000076293945,30.469999313354492,30.149999618530273,30.170000076293945,26.83360481262207,40168200
2020-02-04,30.579999923706055,30.75,30.450000762939453,30.459999084472656,27.091535568237305,79273300
2020-02-05,30.8700008392334,31.100000381469727,30.799999237060547,31.06999969482422,27.63408088684082,51086900
2020-02-06,31.239999771118164,31.270000457763672,30.969999313354492,31.030000686645508,27.598499298095703,37044400
2020-02-07,30.860000610351562,31.010000228881836,30.790000915527344,30.920000076293945,27.500667572021484,27982500
2020-02-10,30.81999969482422,31.010000228881836,30.809999465942383,31.010000228881836,27.580711364746094,17723700
2020-02-11,31.09000015258789,31.260000228881836,31.09000015258789,31.1200008392334,27.67855453491211,27997400
2020-02-12,31.280000686645508,31.3799991607666,31.100000381469727,31.139999389648438,27.696334838867188,26964200
2020-02-13,31.040000915527344,31.200000762939453,30.950000762939453,31.1299991607666,27.687442779541016,22758700
2020-02-14,31.100000381469727,31.190000534057617,31.020000457763672,31.170000076293945,27.723020553588867,22080200
2020-02-18,31.079999923706055,31.15999984741211,30.719999313354492,30.899999618530273,27.482877731323242,37768900
2020-02-19,31.010000228881836,31.209999084472656,30.969999313354492,31.1299991607666,27.687442779541016,25643300
2020-02-20,31.020000457763672,31.280000686645508,30.860000610351562,31.06999969482422,27.63408088684082,50344300
2020-02-21,30.920000076293945,30.989999771118164,30.600000381469727,30.770000457763672,27.367258071899414,51128200
2020-02-24,29.799999237060547,30.059999465942383,29.6299991607666,29.770000457763672,26.477842330932617,70455400
2020-02-25,29.780000686645508,29.84000015258789,28.6200008392334,28.760000228881836,25.57953453063965,111826900
2020-02-26,28.950000762939453,29.219999313354492,28.549999237060547,28.549999237060547,25.392757415771484,95015700
2020-02-27,27.940000534057617,28.389999389648438,27.309999465942383,27.329999923706055,24.307666778564453,143536200
2020-02-28,26.399999618530273,26.850000381469727,25.969999313354492,26.59000015258789,23.649505615234375,192063500
2020-03-02,26.639999389648438,27.950000762939453,26.360000610351562,27.950000762939453,24.85910987854004,127115500
2020-03-03,27.860000610351562,28.25,26.6299991607666,26.899999618530273,23.925222396850586,256525000
2020-03-04,27.260000228881836,27.799999237060547,26.799999237060547,27.790000915527344,24.71680450439453,124408000
2020-03-05,26.8700008392334,26.940000534057617,26.149999618530273,26.450000762939453,23.52499008178711,130265700
2020-03-06,25.25,25.84000015258789,25.030000686645508,25.549999237060547,22.724519729614258,160606600
2020-03-09,23.0,23.8799991607666,22.520000457763672,22.809999465942383,20.287521362304688,134165700
2020-03-10,23.8700008392334,24.170000076293945,22.84000015258789,24.149999618530273,21.47933578491211,149282300
2020-03-11,23.40999984741211,23.649999618530273,22.520000457763672,22.84000015258789,20.3142032623291,146915400
2020-03-12,20.940000534057617,22.209999084472656,20.299999237060547,20.3700008392334,18.11734962463379,161437500
2020-03-13,21.899999618530273,23.09000015258789,20.899999618530273,23.049999237060547,20.500986099243164,160945700
2020-03-16,19.350000381469727,21.34000015258789,18.93000030517578,19.889999389648438,17.690427780151367,110661600
2020-03-17,20.350000381469727,21.190000534057617,19.540000915527344,20.969999313354492,18.650999069213867,122295100
2020-03-18,19.649999618530273,20.049999237060547,18.280000686645508,19.190000534057617,17.06784439086914,145056400
2020-03-19,18.790000915527344,19.889999389648438,18.110000610351562,19.610000610351562,17.441402435302734,105652800
2020-03-20,19.81999969482422,19.920000076293945,18.670000076293945,18.90999984741211,16.81881332397461,157840900
2020-03-23,18.440000534057617,18.600000381469727,17.489999771118164,17.65999984741211,15.840231895446777,144547900
2020-03-24,18.709999084472656,19.959999084472656,18.579999923706055,19.850000381469727,17.804561614990234,158551100
2020-03-25,20.139999389648438,21.229999542236328,19.389999389648438,20.389999389648438,18.288917541503906,162949600
2020-03-26,20.65999984741211,21.81999969482422,20.6299991607666,21.670000076293945,19.437021255493164,129753900
2020-03-27,20.790000915527344,21.670000076293945,20.549999237060547,21.010000228881836,18.845029830932617,109305600
2020-03-30,21.040000915527344,21.530000686645508,20.600000381469727,21.40999984741211,19.20381736755371,67297200
2020-03-31,21.209999084472656,21.450000762939453,20.639999389648438,20.81999969482422,18.674610137939453,83819900
2020-04-01,19.719999313354492,19.940000534057617,19.3700008392334,19.549999237060547,17.535472869873047,79185000
2020-04-02,19.43000030517578,20.200000762939453,19.360000610351562,20.040000915527344,17.974985122680664,68398300
2020-04-03,19.850000381469727,20.139999389648438,19.360000610351562,19.639999389648438,17.6162052154541,68418100
2020-04-06,20.6200008392334,21.219999313354492,20.469999313354492,21.049999237060547,18.88090705871582,69015100
2020-04-07,22.200000762939453,22.219999313354492,21.25,21.260000228881836,19.069272994995117,70950900
2020-04-08,21.579999923706055,22.329999923706055,21.34000015258789,22.190000534057617,19.90343475341797,80003400
2020-04-09,22.770000457763672,23.65999984741211,22.729999542236328,23.3799991607666,20.97081756591797,147845500
2020-04-13,23.309999465942383,23.329999923706055,22.329999923706055,22.530000686645508,20.208404541015625,66236300
2020-04-14,23.06999969482422,23.139999389648438,22.209999084472656,22.6299991607666,20.29810333251953,96169000
2020-04-15,21.729999542236328,21.860000610351562,21.540000915527344,21.649999618530273,19.419078826904297,63482000
2020-04-16,21.600000381469727,21.639999389648438,21.059999465942383,21.270000457763672,19.0782413482666,68907600
2020-04-17,22.100000381469727,22.520000457763672,21.920000076293945,22.389999389648438,20.082828521728516,88698600
2020-04-20,21.950000762939453,22.360000610351562,21.75,22.0,19.73301124572754,59063100
2020-04-21,21.329999923706055,21.709999084472656,21.209999084472656,21.290000915527344,19.096181869506836,71957900
2020-04-22,21.729999542236328,21.790000915527344,21.469999313354492,21.520000457763672,19.302478790283203,47507800
2020-04-23,21.579999923706055,21.860000610351562,21.399999618530273,21.43000030517578,19.221752166748047,71740200
2020-04-24,21.65999984741211,21.829999923706055,21.329999923706055,21.739999771118164,19.49981117248535,33825300
2020-04-27,21.959999084472656,22.600000381469727,21.920000076293945,22.479999542236328,20.163558959960938,109435100
2020-04-28,23.15999984741211,23.329999923706055,22.670000076293945,22.719999313354492,20.378826141357422,46452300
2020-04-29,23.420000076293945,23.65999984741211,23.18000030517578,23.3799991607666,20.97081756591797,70064400
2020-04-30,22.90999984741211,23.15999984741211,22.68000030517578,22.790000915527344,20.441614151000977,56745700
2020-05-01,22.25,22.309999465942383,21.90999984741211,22.059999465942383,19.786834716796875,37534300
2020-05-04,21.770000457763672,21.889999389648438,21.440000534057617,21.860000610351562,19.60744285583496,50177200
2020-05-05,22.15999984741211,22.280000686645508,21.790000915527344,21.790000915527344,19.54465675354004,65123000
2020-05-06,21.989999771118164,22.049999237060547,21.299999237060547,21.31999969482422,19.123090744018555,63738400
2020-05-07,21.600000381469727,22.18000030517578,21.600000381469727,21.81999969482422,19.571563720703125,61339000
2020-05-08,22.239999771118164,22.31999969482422,22.010000228881836,22.290000915527344,19.993135452270508,42218300
2020-05-11,21.979999542236328,22.049999237060547,21.739999771118164,21.860000610351562,19.60744285583496,54994900
2020-05-12,21.950000762939453,22.030000686645508,21.270000457763672,21.290000915527344,19.096181869506836,62202700
2020-05-13,21.110000610351562,21.139999389648438,20.5,20.65999984741211,18.53109359741211,86848300
2020-05-14,20.299999237060547,21.209999084472656,20.09000015258789,21.190000534057617,19.006484985351562,103763100
2020-05-15,20.989999771118164,21.229999542236328,20.799999237060547,21.049999237060547,18.88090705871582,70285000
2020-05-18,21.829999923706055,22.299999237060547,21.68000030517578,22.1299991607666,19.849620819091797,79548500
2020-05-19,22.0,22.110000610351562,21.579999923706055,21.59000015258789,19.365270614624023,56673200
2020-05-20,21.950000762939453,22.200000762939453,21.93000030517578,22.06999969482422,19.795801162719727,50402600
2020-05-21,22.0,22.209999084472656,21.8799991607666,22.0,19.73301124572754,49939900
2020-05-22,21.989999771118164,22.020000457763672,21.700000762939453,21.920000076293945,19.6612606048584,37584500
2020-05-26,22.75,23.299999237060547,22.729999542236328,23.059999465942383,20.683794021606445,108349200
2020-05-27,24.09000015258789,24.100000381469727,23.540000915527344,24.059999465942383,21.58074378967285,121521200
2020-05-28,24.329999923706055,24.34000015258789,23.610000610351562,23.68000030517578,21.239904403686523,101590100
2020-05-29,23.399999618530273,23.6200008392334,23.170000076293945,23.40999984741211,20.99772834777832,86969000
2020-06-01,23.5,23.790000915527344,23.34000015258789,23.68000030517578,21.239904403686523,52619200
2020-06-02,23.889999389648438,24.040000915527344,23.700000762939453,23.8700008392334,21.410322189331055,52572800
2020-06-03,24.399999618530273,24.8700008392334,24.34000015258789,24.760000228881836,22.208616256713867,77622900
2020-06-04,24.719999313354492,25.299999237060547,24.520000457763672,25.299999237060547,22.692968368530273,97575100
2020-06-05,26.780000686645508,26.829999923706055,26.149999618530273,26.239999771118164,23.536104202270508,135859300
2020-06-08,26.670000076293945,26.799999237060547,26.3700008392334,26.739999771118164,23.984582901000977,80298400
2020-06-09,26.110000610351562,26.399999618530273,25.920000076293945,26.170000076293945,23.47332000732422,92833100
2020-06-10,26.020000457763672,26.15999984741211,25.170000076293945,25.190000534057617,22.59430694580078,110848900
2020-06-11,24.0,24.360000610351562,23.09000015258789,23.1299991607666,20.7465763092041,233116600
2020-06-12,24.059999465942383,24.059999465942383,23.219999313354492,23.829999923706055,21.37444496154785,127502900
2020-06-15,23.010000228881836,24.239999771118164,22.959999084472656,24.15999984741211,21.670442581176758,92469500
2020-06-16,25.1200008392334,25.1200008392334,23.950000762939453,24.540000915527344,22.011281967163086,108121300
2020-06-17,24.610000610351562,24.610000610351562,24.1299991607666,24.170000076293945,21.679405212402344,56320900
2020-06-18,23.93000030517578,24.3700008392334,23.860000610351562,24.139999389648438,21.652502059936523,61206500
2020-06-19,24.600000381469727,24.610000610351562,23.709999084472656,23.979999542236328,21.508989334106445,99903900
2020-06-22,23.68000030517578,23.8799991607666,23.530000686645508,23.709999084472656,21.40247344970703,47929500
2020-06-23,24.06999969482422,24.219999313354492,23.799999237060547,23.81999969482422,21.50176429748535,47218900
2020-06-24,23.510000228881836,23.520000457763672,22.90999984741211,22.979999542236328,20.74352264404297,90217500
2020-06-25,22.899999618530273,23.639999389648438,22.860000610351562,23.59000015258789,21.29414939880371,110208900
2020-06-26,23.190000534057617,23.260000228881836,22.520000457763672,22.579999923706055,20.382450103759766,123959100
2020-06-29,22.81999969482422,22.979999542236328,22.6299991607666,22.829999923706055,20.60811424255371,69107100
2020-06-30,22.709999084472656,23.299999237060547,22.690000534057617,23.139999389648438,20.88794708251953,60653100
2020-07-01,23.239999771118164,23.350000381469727,22.8700008392334,22.940000534057617,20.70741081237793,60500300
2020-07-02,23.450000762939453,23.530000686645508,22.920000076293945,22.969999313354492,20.734487533569336,50841900
2020-07-06,23.479999542236328,23.65999984741211,23.280000686645508,23.40999984741211,21.131671905517578,60271700
2020-07-07,23.219999313354492,23.229999542236328,22.8700008392334,22.93000030517578,20.69838523864746,43810900
2020-07-08,22.920000076293945,23.229999542236328,22.84000015258789,23.170000076293945,20.915023803710938,53046100
2020-07-09,23.15999984741211,23.209999084472656,22.489999771118164,22.68000030517578,20.472719192504883,71163700
2020-07-10,22.670000076293945,23.489999771118164,22.670000076293945,23.459999084472656,21.176803588867188,94440600
2020-07-13,23.760000228881836,23.90999984741211,23.420000076293945,23.559999465942383,21.26706886291504,102487100
2020-07-14,23.459999084472656,23.75,23.25,23.68000030517578,21.375396728515625,102468300
2020-07-15,24.25,24.260000228881836,23.889999389648438,24.149999618530273,21.799646377563477,90561800
2020-07-16,23.940000534057617,24.399999618530273,23.850000381469727,24.149999618530273,21.799646377563477,74678500
2020-07-17,24.200000762939453,24.219999313354492,23.940000534057617,23.950000762939453,21.61911392211914,47033200
2020-07-20,23.81999969482422,23.979999542236328,23.75,23.84000015258789,21.519817352294922,40127600
2020-07-21,24.0,24.43000030517578,23.969999313354492,24.309999465942383,21.944076538085938,46491300
2020-07-22,24.190000534057617,24.329999923706055,24.110000610351562,24.309999465942383,21.944076538085938,44437400
2020-07-23,24.260000228881836,24.469999313354492,24.18000030517578,24.329999923706055,21.962127685546875,49916100
2020-07-24,24.350000381469727,24.479999542236328,24.190000534057617,24.270000457763672,21.907968521118164,41245600
2020-07-27,24.15999984741211,24.18000030517578,23.860000610351562,24.06999969482422,21.727436065673828,43060200
2020-07-28,23.979999542236328,24.1200008392334,23.899999618530273,24.010000228881836,21.67327117919922,35370500
2020-07-29,23.969999313354492,24.489999771118164,23.93000030517578,24.459999084472656,22.079483032226562,36491600
2020-07-30,24.0,24.06999969482422,23.709999084472656,24.020000457763672,21.682300567626953,53994600
2020-07-31,24.010000228881836,24.059999465942383,23.709999084472656,24.030000686645508,21.69133186340332,50115900
2020-08-03,24.1299991607666,24.290000915527344,23.959999084472656,24.100000381469727,21.754520416259766,42982100
2020-08-04,24.0,24.040000915527344,23.8700008392334,24.0,21.66425132751465,30754400
2020-08-05,24.15999984741211,24.389999389648438,24.1299991607666,24.329999923706055,21.962127685546875,34860700
2020-08-06,24.25,24.420000076293945,24.149999618530273,24.31999969482422,21.95310401916504,33115400
2020-08-07,24.200000762939453,24.860000610351562,24.149999618530273,24.84000015258789,22.422496795654297,63302800
2020-08-10,24.979999542236328,25.110000610351562,24.8700008392334,25.020000457763672,22.584980010986328,45436100
2020-08-11,25.489999771118164,25.719999313354492,25.25,25.309999465942383,22.846755981445312,73758600
2020-08-12,25.760000228881836,25.770000457763672,25.059999465942383,25.239999771118164,22.783573150634766,58793600
2020-08-13,25.049999237060547,25.260000228881836,24.93000030517578,25.079999923706055,22.639137268066406,35222500
2020-08-14,24.959999084472656,25.299999237060547,24.93000030517578,25.18000030517578,22.72941017150879,28276900
2020-08-17,25.09000015258789,25.110000610351562,24.75,24.760000228881836,22.350284576416016,53397000
2020-08-18,24.780000686645508,24.84000015258789,24.579999923706055,24.600000381469727,22.205854415893555,35502500
2020-08-19,24.690000534057617,24.940000534057617,24.520000457763672,24.59000015258789,22.196828842163086,59847200
2020-08-20,24.309999465942383,24.5,24.290000915527344,24.360000610351562,21.989213943481445,45586100
2020-08-21,24.31999969482422,24.530000686645508,24.229999542236328,24.309999465942383,21.944076538085938,35349200
2020-08-24,24.450000762939453,24.889999389648438,24.389999389648438,24.889999389648438,22.467634201049805,51010900
2020-08-25,25.100000381469727,25.170000076293945,24.799999237060547,24.959999084472656,22.53081512451172,55236900
2020-08-26,24.899999618530273,24.959999084472656,24.75,24.84000015258789,22.422496795654297,30646600
2020-08-27,24.81999969482422,25.3799991607666,24.81999969482422,25.260000228881836,22.801616668701172,66463900
2020-08-28,25.440000534057617,25.450000762939453,25.149999618530273,25.360000610351562,22.891887664794922,49170600
2020-08-31,25.34000015258789,25.34000015258789,25.059999465942383,25.059999465942383,22.621084213256836,52259000
2020-09-01,24.93000030517578,25.219999313354492,24.850000381469727,25.1299991607666,22.68427848815918,42036100
2020-09-02,25.1200008392334,25.579999923706055,25.049999237060547,25.489999771118164,23.009239196777344,48432500
2020-09-03,25.639999389648438,26.010000228881836,24.940000534057617,25.100000381469727,22.657194137573242,98405500
2020-09-04,25.549999237060547,25.690000534057617,24.889999389648438,25.290000915527344,22.828704833984375,111105500
2020-09-08,25.040000915527344,25.100000381469727,24.549999237060547,24.639999389648438,22.241960525512695,84687600
2020-09-09,24.8700008392334,25.06999969482422,24.709999084472656,24.889999389648438,22.467634201049805,52321200
2020-09-10,24.969999313354492,25.139999389648438,24.489999771118164,24.540000915527344,22.15169334411621,55515300
2020-09-11,24.579999923706055,24.84000015258789,24.5,24.709999084472656,22.30514907836914,69285700
2020-09-14,24.93000030517578,25.270000457763672,24.860000610351562,25.049999237060547,22.612056732177734,51021000
2020-09-15,25.100000381469727,25.1200008392334,24.690000534057617,24.709999084472656,22.30514907836914,48459900
2020-09-16,24.760000228881836,25.270000457763672,24.709999084472656,24.989999771118164,22.55789566040039,62119900
2020-09-17,24.649999618530273,24.8799991607666,24.579999923706055,24.729999542236328,22.32320213317871,47334200
2020-09-18,24.729999542236328,24.93000030517578,24.6299991607666,24.68000030517578,22.27806854248047,61707200
2020-09-21,24.030000686645508,24.170000076293945,23.559999465942383,23.93000030517578,21.71986961364746,72307300
2020-09-22,23.8700008392334,24.100000381469727,23.530000686645508,23.729999542236328,21.538341522216797,84561500
2020-09-23,23.780000686645508,23.950000762939453,23.200000762939453,23.200000762939453,21.05729103088379,54282500
2020-09-24,23.209999084472656,23.579999923706055,22.940000534057617,23.25,21.10267448425293,56512300
2020-09-25,23.079999923706055,23.56999969482422,23.030000686645508,23.489999771118164,21.32050323486328,46026600
2020-09-28,23.81999969482422,24.219999313354492,23.81999969482422,24.049999237060547,21.82879066467285,62803500
2020-09-29,23.979999542236328,24.020000457763672,23.6200008392334,23.75,21.556493759155273,53250800
2020-09-30,23.850000381469727,24.270000457763672,23.84000015258789,24.06999969482422,21.84693717956543,66732200
2020-10-01,24.170000076293945,24.329999923706055,23.920000076293945,24.110000610351562,21.88324737548828,65766100
2020-10-02,23.790000915527344,24.440000534057617,23.729999542236328,24.299999237060547,22.055702209472656,63368100
2020-10-05,24.530000686645508,24.780000686645508,24.469999313354492,24.700000762939453,22.418750762939453,58911700
2020-10-06,24.90999984741211,25.079999923706055,24.360000610351562,24.450000762939453,22.191844940185547,88404900
2020-10-07,24.68000030517578,24.979999542236328,24.68000030517578,24.860000610351562,22.56397819519043,53815200
2020-10-08,25.0,25.260000228881836,24.940000534057617,25.200000762939453,22.87257194519043,57646300
2020-10-09,25.34000015258789,25.3700008392334,25.030000686645508,25.229999542236328,22.899808883666992,52031600
2020-10-12,25.209999084472656,25.59000015258789,25.209999084472656,25.510000228881836,23.153945922851562,45931400
2020-10-13,25.43000030517578,25.510000228881836,24.940000534057617,25.020000457763672,22.709199905395508,60377800
2020-10-14,25.040000915527344,25.1299991607666,24.75,24.780000686645508,22.491371154785156,48982200
2020-10-15,24.549999237060547,24.979999542236328,24.510000228881836,24.969999313354492,22.663820266723633,41637200
2020-10-16,25.020000457763672,25.149999618530273,24.8700008392334,24.989999771118164,22.68196678161621,40103600
2020-10-19,25.079999923706055,25.09000015258789,24.56999969482422,24.610000610351562,22.337068557739258,42989000
2020-10-20,24.770000457763672,25.100000381469727,24.760000228881836,24.809999465942383,22.518592834472656,67293900
2020-10-21,24.770000457763672,24.93000030517578,24.68000030517578,24.68000030517578,22.40060043334961,44307200
2020-10-22,24.670000076293945,25.200000762939453,24.65999984741211,25.170000076293945,22.84534454345703,39511800
2020-10-23,25.329999923706055,25.40999984741211,25.049999237060547,25.25,22.917957305908203,45092700
2020-10-26,24.889999389648438,24.93000030517578,24.450000762939453,24.68000030517578,22.40060043334961,54015100
2020-10-27,24.670000076293945,24.670000076293945,24.209999084472656,24.229999542236328,21.992164611816406,46083300
2020-10-28,23.719999313354492,23.93000030517578,23.469999313354492,23.610000610351562,21.429426193237305,89288300
2020-10-29,23.549999237060547,23.959999084472656,23.25,23.790000915527344,21.59280014038086,60908400
2020-10-30,23.649999618530273,23.899999618530273,23.469999313354492,23.860000610351562,21.656333923339844,66221600
2020-11-02,24.260000228881836,24.420000076293945,23.959999084472656,24.309999465942383,22.06477165222168,65136000
2020-11-03,24.760000228881836,25.100000381469727,24.729999542236328,24.850000381469727,22.554899215698242,79834200
2020-11-04,24.40999984741211,25.0,24.190000534057617,24.559999465942383,22.291688919067383,87397400
2020-11-05,24.770000457763672,25.34000015258789,24.770000457763672,25.15999984741211,22.836271286010742,65942300
2020-11-06,25.280000686645508,25.309999465942383,24.8799991607666,24.959999084472656,22.654739379882812,60783500
2020-11-09,26.979999542236328,27.440000534057617,26.65999984741211,27.010000228881836,24.515405654907227,162966800
2020-11-10,27.040000915527344,27.25,26.790000915527344,27.149999618530273,24.642478942871094,85851200
2020-11-11,27.299999237060547,27.31999969482422,26.8799991607666,27.040000915527344,24.542638778686523,65062400
2020-11-12,26.709999084472656,26.770000457763672,26.350000381469727,26.59000015258789,24.134197235107422,62733800
2020-11-13,26.84000015258789,27.139999389648438,26.770000457763672,27.030000686645508,24.533559799194336,45031800
2020-11-16,27.709999084472656,27.729999542236328,27.360000610351562,27.6299991607666,25.07813835144043,67556100
2020-11-17,27.31999969482422,27.639999389648438,27.1299991607666,27.59000015258789,25.04184341430664,63679700
2020-11-18,27.719999313354492,27.940000534057617,27.31999969482422,27.329999923706055,24.805856704711914,71578400
2020-11-19,27.190000534057617,27.450000762939453,27.020000457763672,27.420000076293945,24.887540817260742,47194800
2020-11-20,27.280000686645508,27.389999389648438,27.1200008392334,27.18000030517578,24.66970443725586,39974700
2020-11-23,27.530000686645508,27.770000457763672,27.389999389648438,27.690000534057617,25.13260269165039,51870500
2020-11-24,28.170000076293945,28.690000534057617,28.100000381469727,28.65999984741211,26.013017654418945,60983200
2020-11-25,28.5,28.579999923706055,28.219999313354492,28.559999465942383,25.92224884033203,45204600
2020-11-27,28.559999465942383,28.59000015258789,28.360000610351562,28.469999313354492,25.840559005737305,26981200
2020-11-30,28.299999237060547,28.3799991607666,27.829999923706055,27.8799991607666,25.3050537109375,72524200
2020-12-01,28.399999618530273,28.56999969482422,28.290000915527344,28.309999465942383,25.69533920288086,53972100
2020-12-02,28.270000457763672,28.670000076293945,28.219999313354492,28.6200008392334,25.97671127319336,57471800
2020-12-03,28.639999389648438,28.799999237060547,28.459999084472656,28.6299991607666,25.98578643798828,49566000
2020-12-04,28.81999969482422,29.030000686645508,28.799999237060547,28.979999542236328,26.303464889526367,52713100
2020-12-07,28.809999465942383,28.860000610351562,28.610000610351562,28.780000686645508,26.12193489074707,34631600
2020-12-08,28.510000228881836,28.84000015258789,28.510000228881836,28.770000457763672,26.11285972595215,31628500
2020-12-09,28.93000030517578,28.950000762939453,28.59000015258789,28.700000762939453,26.049325942993164,47589600
2020-12-10,28.479999542236328,28.780000686645508,28.389999389648438,28.75,26.09469985961914,41298300
2020-12-11,28.43000030517578,28.530000686645508,28.229999542236328,28.459999084472656,25.83148765563965,48216300
2020-12-14,28.84000015258789,28.84000015258789,28.110000610351562,28.1299991607666,25.531959533691406,38302900
2020-12-15,28.350000381469727,28.690000534057617,28.190000534057617,28.610000610351562,25.967634201049805,38604200
2020-12-16,28.65999984741211,28.68000030517578,28.520000457763672,28.65999984741211,26.013017654418945,55602800
2020-12-17,28.709999084472656,28.790000915527344,28.579999923706055,28.739999771118164,26.08562660217285,38510900
2020-12-18,28.780000686645508,28.780000686645508,28.31999969482422,28.489999771118164,25.858715057373047,56080100
2020-12-21,28.670000076293945,28.860000610351562,28.229999542236328,28.719999313354492,26.207298278808594,77688100
2020-12-22,28.739999771118164,28.780000686645508,28.420000076293945,28.440000534057617,25.951793670654297,42317900
2020-12-23,28.610000610351562,29.06999969482422,28.600000381469727,28.90999984741211,26.380674362182617,52681400
2020-12-24,28.969999313354492,28.979999542236328,28.709999084472656,28.950000762939453,26.417173385620117,16071000
2020-12-28,29.149999618530273,29.31999969482422,28.989999771118164,29.09000015258789,26.544925689697266,32824800
2020-12-29,29.209999084472656,29.219999313354492,28.959999084472656,28.989999771118164,26.45367431640625,23607000
2020-12-30,29.09000015258789,29.209999084472656,29.020000457763672,29.1200008392334,26.572296142578125,16616700
2020-12-31,29.079999923706055,29.520000457763672,29.0,29.479999542236328,26.900802612304688,26239300
2021-01-04,29.59000015258789,29.600000381469727,28.829999923706055,29.079999923706055,26.535797119140625,47086300
2021-01-05,29.06999969482422,29.34000015258789,28.920000076293945,29.209999084472656,26.6544246673584,35265400
2021-01-06,29.770000457763672,30.739999771118164,29.770000457763672,30.5,27.831565856933594,102254900
2021-01-07,30.950000762939453,31.260000228881836,30.8799991607666,30.940000534057617,28.233064651489258,64342700
2021-01-08,31.09000015258789,31.100000381469727,30.510000228881836,30.920000076293945,28.214818954467773,54266400
2021-01-11,30.6200008392334,31.06999969482422,30.489999771118164,31.020000457763672,28.306068420410156,56590400
2021-01-12,31.200000762939453,31.489999771118164,31.110000610351562,31.34000015258789,28.59807586669922,60546600
2021-01-13,31.290000915527344,31.399999618530273,31.09000015258789,31.31999969482422,28.579822540283203,55394700
2021-01-14,31.40999984741211,31.6200008392334,31.290000915527344,31.459999084472656,28.70757484436035,49828800
2021-01-15,31.0,31.190000534057617,30.709999084472656,30.940000534057617,28.233064651489258,68732700
2021-01-19,31.100000381469727,31.18000030517578,30.829999923706055,31.020000457763672,28.306068420410156,97457200
2021-01-20,31.1200008392334,31.1200008392334,30.780000686645508,30.889999389648438,28.18744468688965,56113100
2021-01-21,30.8700008392334,30.93000030517578,30.559999465942383,30.559999465942383,27.886314392089844,43713800
2021-01-22,30.25,30.459999084472656,30.200000762939453,30.34000015258789,27.685564041137695,37928000
2021-01-25,30.040000915527344,30.15999984741211,29.739999771118164,30.1200008392334,27.484811782836914,68321500
2021-01-26,30.239999771118164,30.280000686645508,29.860000610351562,29.8799991607666,27.265810012817383,55504600
2021-01-27,29.469999313354492,29.5,28.940000534057617,29.0,26.462799072265625,84059200
2021-01-28,29.3700008392334,29.8799991607666,29.280000686645508,29.540000915527344,26.95555305480957,62985900
2021-01-29,29.459999084472656,29.540000915527344,28.81999969482422,28.950000762939453,26.417173385620117,78260700
2021-02-01,29.270000457763672,29.3700008392334,29.020000457763672,29.329999923706055,26.763927459716797,41947400
2021-02-02,29.670000076293945,30.190000534057617,29.65999984741211,30.040000915527344,27.411813735961914,54263000
2021-02-03,30.0,30.219999313354492,29.940000534057617,30.209999084472656,27.56693458557129,46195200
2021-02-04,30.309999465942383,30.889999389648438,30.299999237060547,30.8799991607666,28.17831802368164,63061800
2021-02-05,31.100000381469727,31.1299991607666,30.81999969482422,30.889999389648438,28.18744468688965,38461900
2021-02-08,30.989999771118164,31.290000915527344,30.989999771118164,31.290000915527344,28.55245018005371,48756300
2021-02-09,31.190000534057617,31.399999618530273,31.079999923706055,31.299999237060547,28.56157112121582,33572000
2021-02-10,31.459999084472656,31.5,31.149999618530273,31.299999237060547,28.56157112121582,38899600
2021-02-11,31.31999969482422,31.440000534057617,30.989999771118164,31.200000762939453,28.470321655273438,31909500
2021-02-12,31.170000076293945,31.549999237060547,31.139999389648438,31.520000457763672,28.7623233795166,38271800
2021-02-16,31.84000015258789,32.209999084472656,31.700000762939453,32.060001373291016,29.255081176757812,71330600
2021-02-17,31.959999084472656,32.2599983215332,31.850000381469727,32.220001220703125,29.40108299255371,60460900
2021-02-18,31.989999771118164,32.20000076293945,31.770000457763672,32.029998779296875,29.22770881652832,45188200
2021-02-19,32.2400016784668,32.52000045776367,32.20000076293945,32.40999984741211,29.574459075927734,54361800
2021-02-22,32.29999923706055,32.83000183105469,32.290000915527344,32.709999084472656,29.84821128845215,65930200
2021-02-23,32.939998626708984,32.95000076293945,32.56999969482422,32.90999984741211,30.030715942382812,94331400
2021-02-24,32.959999084472656,33.63999938964844,32.939998626708984,33.54999923706055,30.614723205566406,66000600
2021-02-25,33.81999969482422,33.84000015258789,32.849998474121094,32.939998626708984,30.058088302612305,92189400
2021-02-26,32.88999938964844,32.9900016784668,32.189998626708984,32.310001373291016,29.483211517333984,103105700
2021-03-01,32.86000061035156,33.52000045776367,32.86000061035156,33.31999969482422,30.40483856201172,67590700
2021-03-02,33.279998779296875,33.470001220703125,33.16999816894531,33.20000076293945,30.29534149169922,49987000
2021-03-03,33.33000183105469,33.959999084472656,33.290000915527344,33.459999084472656,30.53260040283203,72541700
2021-03-04,33.369998931884766,33.689998626708984,32.599998474121094,33.08000183105469,30.18583869934082,101311800
2021-03-05,33.63999938964844,33.79999923706055,32.779998779296875,33.709999084472656,30.760719299316406,109299800
2021-03-08,33.959999084472656,34.58000183105469,33.81999969482422,34.13999938964844,31.153104782104492,90538200
2021-03-09,33.869998931884766,34.33000183105469,33.52000045776367,33.83000183105469,30.870227813720703,117224600
2021-03-10,33.9900016784668,34.650001525878906,33.93000030517578,34.52000045776367,31.499860763549805,73269300
2021-03-11,34.34000015258789,34.689998626708984,34.13999938964844,34.41999816894531,31.40860939025879,50904800
2021-03-12,34.81999969482422,34.95000076293945,34.65999984741211,34.77000045776367,31.727977752685547,68126000
2021-03-15,34.900001525878906,34.90999984741211,34.25,34.56999969482422,31.54548454284668,57836400
2021-03-16,34.38999938964844,34.43000030517578,33.939998626708984,34.209999084472656,31.216978073120117,67373600
2021-03-17,34.459999084472656,34.63999938964844,34.08000183105469,34.439998626708984,31.426855087280273,64051100
2021-03-18,34.790000915527344,35.290000915527344,34.5,34.619998931884766,31.591108322143555,96690500
2021-03-19,34.349998474121094,34.380001068115234,33.86000061035156,34.220001220703125,31.22610855102539,98510500
2021-03-22,33.81999969482422,33.88999938964844,33.5099983215332,33.630001068115234,30.823740005493164,68170600
2021-03-23,33.43000030517578,33.65999984741211,33.040000915527344,33.15999984741211,30.392959594726562,70441900
2021-03-24,33.400001525878906,33.79999923706055,33.279998779296875,33.279998779296875,30.5029354095459,63357100
2021-03-25,33.2599983215332,33.88999938964844,33.0,33.84000015258789,31.016212463378906,60532600
2021-03-26,34.189998626708984,34.43000030517578,33.95000076293945,34.369998931884766,31.50198745727539,53779900
2021-03-29,33.88999938964844,34.290000915527344,33.720001220703125,34.06999969482422,31.227025985717773,71777800
2021-03-30,34.25,34.470001220703125,34.209999084472656,34.310001373291016,31.446992874145508,55011400
2021-03-31,34.2400016784668,34.380001068115234,34.029998779296875,34.04999923706055,31.208688735961914,51138300
2021-04-01,34.0,34.470001220703125,34.0,34.470001220703125,31.593645095825195,51690100
2021-04-05,34.84000015258789,34.90999984741211,34.630001068115234,34.7400016784668,31.84111213684082,51790700
2021-04-06,34.65999984741211,34.83000183105469,34.54999923706055,34.66999816894531,31.776947021484375,41336800
2021-04-07,34.77000045776367,34.91999816894531,34.599998474121094,34.84000015258789,31.932769775390625,38660800
2021-04-08,34.709999084472656,34.88999938964844,34.470001220703125,34.849998474121094,31.941930770874023,39927400
2021-04-09,35.09000015258789,35.16999816894531,34.88999938964844,35.150001525878906,32.21689987182617,40133700
2021-04-12,35.220001220703125,35.310001373291016,35.13999938964844,35.29999923706055,32.3543815612793,44435500
2021-04-13,35.099998474121094,35.13999938964844,34.779998779296875,34.970001220703125,32.05191421508789,39950900
2021-04-14,34.880001068115234,35.43000030517578,34.83000183105469,35.18000030517578,32.2443962097168,44065300
2021-04-15,35.2599983215332,35.29999923706055,34.81999969482422,35.150001525878906,32.21689987182617,55483500
2021-04-16,35.459999084472656,35.529998779296875,35.2400016784668,35.400001525878906,32.446041107177734,39115700
2021-04-19,35.38999938964844,35.4900016784668,35.18000030517578,35.29999923706055,32.3543815612793,31172300
2021-04-20,35.09000015258789,35.11000061035156,34.52000045776367,34.63999938964844,31.749452590942383,50227700
2021-04-21,34.52000045776367,35.150001525878906,34.41999816894531,35.119998931884766,32.18939971923828,39680000
2021-04-22,35.08000183105469,35.130001068115234,34.66999816894531,34.72999954223633,31.83194923400879,43611200
2021-04-23,34.72999954223633,35.529998779296875,34.66999816894531,35.380001068115234,32.427703857421875,50437700
2021-04-26,35.5099983215332,35.849998474121094,35.47999954223633,35.52000045776367,32.55602264404297,43749700
2021-04-27,35.56999969482422,35.849998474121094,35.4900016784668,35.79999923706055,32.81266403198242,50852400
2021-04-28,35.939998626708984,36.040000915527344,35.83000183105469,35.939998626708984,32.94097900390625,35771700
2021-04-29,36.220001220703125,36.61000061035156,36.189998626708984,36.58000183105469,33.52756118774414,48573000
2021-04-30,36.380001068115234,36.5099983215332,36.20000076293945,36.2599983215332,33.23427200317383,43940900
2021-05-03,36.56999969482422,36.63999938964844,36.29999923706055,36.439998626708984,33.399253845214844,33317300
2021-05-04,36.279998779296875,36.72999954223633,36.040000915527344,36.72999954223633,33.66505813598633,66939700
2021-05-05,36.84000015258789,37.16999816894531,36.84000015258789,37.029998779296875,33.940025329589844,38954200
2021-05-06,37.18000030517578,37.59000015258789,36.959999084472656,37.58000183105469,34.444129943847656,43332900
2021-05-07,37.150001525878906,37.790000915527344,37.060001373291016,37.779998779296875,34.62744140625,64616700
2021-05-10,37.97999954223633,38.2599983215332,37.720001220703125,37.75,34.59993362426758,56341100
2021-05-11,37.369998931884766,37.709999084472656,36.939998626708984,37.08000183105469,33.9858512878418,82723700
2021-05-12,37.369998931884766,37.5099983215332,36.54999923706055,36.70000076293945,33.6375617980957,97911900
2021-05-13,36.560001373291016,37.52000045776367,36.540000915527344,37.290000915527344,34.178321838378906,66882600
2021-05-14,37.5,37.97999954223633,37.459999084472656,37.880001068115234,34.719085693359375,44850200
2021-05-17,37.7599983215332,37.9900016784668,37.61000061035156,37.95000076293945,34.78326416015625,40376700
2021-05-18,37.91999816894531,38.04999923706055,37.400001525878906,37.41999816894531,34.29747772216797,40299200
2021-05-19,36.9900016784668,37.209999084472656,36.59000015258789,37.189998626708984,34.086673736572266,63573900
2021-05-20,37.25,37.470001220703125,36.95000076293945,37.209999084472656,34.105003356933594,59216100
2021-05-21,37.36000061035156,37.779998779296875,37.34000015258789,37.58000183105469,34.444129943847656,44950300
2021-05-24,37.7400016784668,37.849998474121094,37.54999923706055,37.7599983215332,34.609107971191406,29159600
2021-05-25,37.810001373291016,38.099998474121094,37.33000183105469,37.380001068115234,34.26081848144531,38755900
2021-05-26,37.52000045776367,37.65999984741211,37.220001220703125,37.4900016784668,34.36164474487305,38601900
2021-05-27,37.83000183105469,38.02000045776367,37.61000061035156,37.91999816894531,34.755760192871094,39789500
2021-05-28,38.09000015258789,38.09000015258789,37.709999084472656,37.9900016784668,34.81991958618164,39265000
2021-06-01,38.369998931884766,38.47999954223633,38.119998931884766,38.220001220703125,35.030723571777344,35710700
2021-06-02,38.34000015258789,38.380001068115234,38.06999969482422,38.279998779296875,35.08571243286133,37537500
2021-06-03,38.15999984741211,38.599998474121094,38.040000915527344,38.369998931884766,35.16820526123047,54877500
2021-06-04,38.41999816894531,38.5,38.130001068115234,38.470001220703125,35.259857177734375,27250900
2021-06-07,38.529998779296875,38.529998779296875,38.150001525878906,38.220001220703125,35.030723571777344,37401800
2021-06-08,38.0099983215332,38.2400016784668,37.72999954223633,38.119998931884766,34.939064025878906,47747700
2021-06-09,37.970001220703125,38.02000045776367,37.65999984741211,37.7599983215332,34.609107971191406,40776200
2021-06-10,38.08000183105469,38.18000030517578,37.290000915527344,37.31999969482422,34.20582962036133,53775500
2021-06-11,37.38999938964844,37.58000183105469,37.380001068115234,37.560001373291016,34.42580032348633,40416700
2021-06-14,37.4900016784668,37.54999923706055,36.95000076293945,37.16999816894531,34.06834411621094,50613400
2021-06-15,37.18000030517578,37.43000030517578,37.0,37.2400016784668,34.13249588012695,51315100
2021-06-16,37.119998931884766,37.45000076293945,36.7400016784668,37.20000076293945,34.09584045410156,84961100
2021-06-17,37.38999938964844,37.40999984741211,35.9900016784668,36.099998474121094,33.08762741088867,97659900
2021-06-18,35.619998931884766,35.7400016784668,35.18000030517578,35.22999954223633,32.290225982666016,180960000
2021-06-21,35.439998626708984,35.93000030517578,35.380001068115234,35.90999984741211,33.043846130371094,89831400
2021-06-22,35.9900016784668,36.11000061035156,35.630001068115234,35.970001220703125,33.09906768798828,42576400
2021-06-23,36.0,36.209999084472656,35.95000076293945,36.040000915527344,33.163482666015625,48094900
2021-06-24,36.25,36.58000183105469,36.08000183105469,36.4900016784668,33.57756805419922,42942800
2021-06-25,36.68000030517578,37.029998779296875,36.470001220703125,36.93000030517578,33.982452392578125,56845000
2021-06-28,36.86000061035156,36.88999938964844,36.45000076293945,36.65999984741211,33.7339973449707,70250700
2021-06-29,36.849998474121094,37.04999923706055,36.43000030517578,36.529998779296875,33.61437225341797,61051200
2021-06-30,36.41999816894531,36.77000045776367,36.40999984741211,36.689998626708984,33.76160430908203,42414100
2021-07-01,36.869998931884766,37.0,36.68000030517578,36.97999954223633,34.0284538269043,36615600
2021-07-02,36.97999954223633,37.02000045776367,36.790000915527344,36.939998626708984,33.99165344238281,27018400
2021-07-06,36.849998474121094,36.869998931884766,36.119998931884766,36.36000061035156,33.45794677734375,49225300
2021-07-07,36.13999938964844,36.4900016784668,36.060001373291016,36.40999984741211,33.50394821166992,43747100
2021-07-08,35.83000183105469,36.040000915527344,35.5099983215332,35.68000030517578,32.832218170166016,75084200
2021-07-09,36.20000076293945,36.7599983215332,36.09000015258789,36.709999084472656,33.78000259399414,70546500
2021-07-12,36.4900016784668,37.13999938964844,36.33000183105469,37.06999969482422,34.11127853393555,62953400
2021-07-13,36.95000076293945,37.0099983215332,36.529998779296875,36.66999816894531,33.743194580078125,44476200
2021-07-14,36.689998626708984,36.93000030517578,36.099998474121094,36.5,33.586761474609375,69632700
2021-07-15,36.13999938964844,36.849998474121094,36.13999938964844,36.619998931884766,33.69717788696289,53977600
2021-07-16,36.810001373291016,36.810001373291016,36.040000915527344,36.119998931884766,33.237098693847656,56160700
2021-07-19,35.41999816894531,35.61000061035156,34.900001525878906,35.11000061035156,32.30771255493164,89972200
2021-07-20,35.06999969482422,36.220001220703125,35.0,35.97999954223633,33.108272552490234,70635800
2021-07-21,36.27000045776367,36.779998779296875,36.2400016784668,36.599998474121094,33.67878341674805,59975000
2021-07-22,36.470001220703125,36.560001373291016,36.04999923706055,36.20000076293945,33.31071090698242,35292300
2021-07-23,36.54999923706055,36.650001525878906,36.15999984741211,36.2599983215332,33.36592483520508,36766900
2021-07-26,36.189998626708984,36.540000915527344,36.16999816894531,36.470001220703125,33.55915832519531,25396000
2021-07-27,36.189998626708984,36.619998931884766,36.02000045776367,36.459999084472656,33.54995346069336,38988400
2021-07-28,36.59000015258789,36.63999938964844,36.15999984741211,36.40999984741211,33.50394821166992,42908200
2021-07-29,36.650001525878906,36.970001220703125,36.4900016784668,36.810001373291016,33.87202072143555,41434200
2021-07-30,36.709999084472656,36.97999954223633,36.43000030517578,36.52000045776367,33.605167388916016,52385300
2021-08-02,36.77000045776367,37.189998626708984,36.47999954223633,36.529998779296875,33.61437225341797,47589900
2021-08-03,36.65999984741211,36.9900016784668,36.119998931884766,36.939998626708984,33.99165344238281,42169600
2021-08-04,36.59000015258789,37.02000045776367,36.43000030517578,36.630001068115234,33.706382751464844,52346400
2021-08-05,36.86000061035156,37.11000061035156,36.849998474121094,37.11000061035156,34.148075103759766,37168200
2021-08-06,37.459999084472656,37.93000030517578,37.45000076293945,37.86000061035156,34.838218688964844,58081000
2021-08-09,37.810001373291016,38.13999938964844,37.599998474121094,37.959999084472656,34.930240631103516,48015600
2021-08-10,37.93000030517578,38.470001220703125,37.88999938964844,38.36000061035156,35.29831314086914,40907400
2021-08-11,38.470001220703125,38.810001373291016,38.290000915527344,38.79999923706055,35.70319366455078,48372100
2021-08-12,38.84000015258789,38.91999816894531,38.599998474121094,38.869998931884766,35.76759719848633,44566400
2021-08-13,38.900001525878906,38.95000076293945,38.4900016784668,38.58000183105469,35.50075149536133,43077200
2021-08-16,38.33000183105469,38.52000045776367,37.9900016784668,38.47999954223633,35.40874099731445,48011800
2021-08-17,38.220001220703125,38.5,37.83000183105469,38.209999084472656,35.160282135009766,52414800
2021-08-18,38.060001373291016,38.33000183105469,37.709999084472656,37.7400016784668,34.72779846191406,39550400
2021-08-19,37.33000183105469,37.7400016784668,37.220001220703125,37.459999084472656,34.470149993896484,48961300
2021-08-20,37.459999084472656,37.75,37.31999969482422,37.689998626708984,34.681785583496094,33898600
2021-08-23,37.880001068115234,38.15999984741211,37.880001068115234,38.0,34.967044830322266,28807400
2021-08-24,38.06999969482422,38.31999969482422,38.040000915527344,38.22999954223633,35.178688049316406,37677300
2021-08-25,38.33000183105469,38.91999816894531,38.25,38.68000030517578,35.5927734375,47904800
2021-08-26,38.849998474121094,38.900001525878906,38.45000076293945,38.4900016784668,35.417930603027344,38484300
2021-08-27,38.540000915527344,39.0099983215332,38.529998779296875,39.0,35.88723373413086,38511100
2021-08-30,39.02000045776367,39.040000915527344,38.43000030517578,38.45000076293945,35.38112258911133,30096500
2021-08-31,38.41999816894531,38.689998626708984,38.2599983215332,38.400001525878906,35.335121154785156,49876200
2021-09-01,38.43000030517578,38.45000076293945,38.04999923706055,38.18000030517578,35.13267135620117,43976200
2021-09-02,38.27000045776367,38.45000076293945,38.15999984741211,38.310001373291016,35.25230407714844,29611500
2021-09-03,38.2400016784668,38.31999969482422,37.97999954223633,38.06999969482422,35.031455993652344,34847500
2021-09-07,38.20000076293945,38.20000076293945,37.84000015258789,37.84000015258789,34.8198127746582,39214900
2021-09-08,37.75,37.93000030517578,37.54999923706055,37.75,34.736995697021484,32523900
2021-09-09,37.70000076293945,38.220001220703125,37.66999816894531,37.86000061035156,34.838218688964844,33421000
2021-09-10,38.06999969482422,38.11000061035156,37.56999969482422,37.58000183105469,34.58056640625,39350500
2021-09-13,37.849998474121094,38.06999969482422,37.7400016784668,38.0099983215332,34.97624588012695,40357300
2021-09-14,38.13999938964844,38.279998779296875,37.380001068115234,37.5,34.506954193115234,45670600
2021-09-15,37.47999954223633,37.95000076293945,37.439998626708984,37.86000061035156,34.838218688964844,36371300
2021-09-16,38.0,38.189998626708984,37.58000183105469,37.75,34.736995697021484,42630200
2021-09-17,37.70000076293945,37.939998626708984,37.47999954223633,37.58000183105469,34.58056640625,82987200
2021-09-20,36.59000015258789,36.689998626708984,36.029998779296875,36.54999923706055,33.77839279174805,95008800
2021-09-21,36.779998779296875,36.91999816894531,36.40999984741211,36.5,33.732173919677734,45837600
2021-09-22,36.959999084472656,37.369998931884766,36.880001068115234,37.11000061035156,34.295921325683594,58347800
2021-09-23,37.470001220703125,38.20000076293945,37.40999984741211,38.02000045776367,35.13691329956055,71805000
2021-09-24,37.9900016784668,38.349998474121094,37.939998626708984,38.220001220703125,35.321746826171875,48066100
2021-09-27,38.560001373291016,38.849998474121094,38.4900016784668,38.7400016784668,35.80232620239258,58794500
2021-09-28,38.72999954223633,38.91999816894531,38.040000915527344,38.099998474121094,35.210845947265625,96152700
2021-09-29,38.220001220703125,38.29999923706055,37.95000076293945,38.130001068115234,35.23857879638672,49882500
2021-09-30,38.349998474121094,38.36000061035156,37.52000045776367,37.529998779296875,34.6840705871582,73319300
2021-10-01,37.630001068115234,38.40999984741211,37.4900016784668,38.150001525878906,35.25705337524414,70444000
2021-10-04,38.09000015258789,38.59000015258789,37.7599983215332,37.81999969482422,34.95207595825195,69772700
2021-10-05,38.099998474121094,38.75,37.959999084472656,38.560001373291016,35.63597106933594,56058400
2021-10-06,38.209999084472656,38.630001068115234,37.93000030517578,38.599998474121094,35.67293167114258,63405900
2021-10-07,39.0,39.2400016784668,38.779998779296875,38.83000183105469,35.885498046875,53295600
2021-10-08,38.869998931884766,39.15999984741211,38.689998626708984,39.02000045776367,36.06107711791992,38607500
2021-10-11,39.11000061035156,39.400001525878906,38.61000061035156,38.630001068115234,35.700660705566406,50748300
2021-10-12,38.58000183105469,38.77000045776367,38.40999984741211,38.5099983215332,35.58976364135742,58527700
2021-10-13,38.5,38.540000915527344,37.7400016784668,38.290000915527344,35.38644790649414,72105100
2021-10-14,38.720001220703125,38.939998626708984,38.349998474121094,38.93000030517578,35.97791290283203,51893500
2021-10-15,39.310001373291016,39.709999084472656,39.18000030517578,39.5099983215332,36.51393508911133,58411100
2021-10-18,39.43000030517578,39.75,39.31999969482422,39.52000045776367,36.52317428588867,56312700
2021-10-19,39.70000076293945,39.90999984741211,39.54999923706055,39.90999984741211,36.88360595703125,33082600
2021-10-20,39.84000015258789,40.22999954223633,39.72999954223633,40.22999954223633,37.17933654785156,44670200
2021-10-21,40.220001220703125,40.310001373291016,39.849998474121094,40.060001373291016,37.02222442626953,35067600
2021-10-22,40.25,40.689998626708984,40.209999084472656,40.619998931884766,37.539756774902344,41458200
2021-10-25,40.720001220703125,40.77000045776367,40.470001220703125,40.56999969482422,37.493553161621094,33121000
2021-10-26,40.66999816894531,40.86000061035156,40.540000915527344,40.599998474121094,37.521270751953125,41586900
2021-10-27,40.5,40.68000030517578,39.91999816894531,39.93000030517578,36.90208053588867,62449500
2021-10-28,40.09000015258789,40.439998626708984,40.060001373291016,40.41999816894531,37.35491943359375,44566600
2021-10-29,40.470001220703125,40.54999923706055,40.18000030517578,40.2599983215332,37.20705032348633,42092000
2021-11-01,40.540000915527344,40.630001068115234,40.119998931884766,40.279998779296875,37.22554016113281,37503800
2021-11-02,40.27000045776367,40.5,40.15999984741211,40.380001068115234,37.31795883178711,31436800
2021-11-03,40.25,40.68000030517578,40.16999816894531,40.529998779296875,37.45657730102539,42946800
2021-11-04,40.380001068115234,40.47999954223633,39.689998626708984,40.0,36.96677017211914,48279700
2021-11-05,40.31999969482422,40.4900016784668,39.88999938964844,40.02000045776367,36.985260009765625,57866300
2021-11-08,40.27000045776367,40.529998779296875,40.13999938964844,40.2400016784668,37.188568115234375,32864600
2021-11-09,40.029998779296875,40.15999984741211,39.7599983215332,40.02000045776367,36.985260009765625,48420400
2021-11-10,39.97999954223633,40.20000076293945,39.849998474121094,39.95000076293945,36.920562744140625,60695100
2021-11-11,40.0099983215332,40.189998626708984,39.84000015258789,40.060001373291016,37.02222442626953,31438900
2021-11-12,40.119998931884766,40.15999984741211,39.790000915527344,40.150001525878906,37.105403900146484,39218800
2021-11-15,40.2599983215332,40.36000061035156,40.06999969482422,40.150001525878906,37.105403900146484,30081100
2021-11-16,40.20000076293945,40.349998474121094,40.0,40.11000061035156,37.06843566894531,32599500
2021-11-17,40.04999923706055,40.04999923706055,39.540000915527344,39.650001525878906,36.643310546875,53557200
2021-11-18,39.689998626708984,39.77000045776367,39.27000045776367,39.45000076293945,36.45847702026367,42990100
2021-11-19,39.11000061035156,39.25,38.720001220703125,39.02000045776367,36.06107711791992,71858100
2021-11-22,39.540000915527344,39.959999084472656,39.220001220703125,39.56999969482422,36.56937789916992,81965800
2021-11-23,39.83000183105469,40.220001220703125,39.65999984741211,40.189998626708984,37.142356872558594,61571200
2021-11-24,40.11000061035156,40.2599983215332,39.95000076293945,40.099998474121094,37.05918502807617,40410300
2021-11-26,38.84000015258789,39.0099983215332,38.33000183105469,38.77000045776367,35.830039978027344,76492200
2021-11-29,39.220001220703125,39.36000061035156,38.599998474121094,38.88999938964844,35.940948486328125,79316500
2021-11-30,38.41999816894531,38.58000183105469,37.900001525878906,37.959999084472656,35.08146286010742,121263700
2021-12-01,38.630001068115234,38.880001068115234,37.540000915527344,37.540000915527344,34.69331359863281,101946500
2021-12-02,37.88999938964844,38.869998931884766,37.75,38.65999984741211,35.72837829589844,98076400
2021-12-03,38.709999084472656,38.810001373291016,37.72999954223633,38.029998779296875,35.14615249633789,97178200
2021-12-06,38.630001068115234,38.97999954223633,38.33000183105469,38.61000061035156,35.68217086791992,69716600
2021-12-07,39.060001373291016,39.40999984741211,38.869998931884766,39.29999923706055,36.319854736328125,115475500
2021-12-08,39.31999969482422,39.47999954223633,38.9900016784668,39.09000015258789,36.125770568847656,53033200
2021-12-09,38.900001525878906,39.209999084472656,38.7599983215332,39.0099983215332,36.051841735839844,45521100
2021-12-10,39.279998779296875,39.290000915527344,38.79999923706055,39.04999923706055,36.088809967041016,38900900
2021-12-13,38.959999084472656,38.970001220703125,38.5,38.630001068115234,35.700660705566406,44343000
2021-12-14,38.56999969482422,39.150001525878906,38.540000915527344,38.86000061035156,35.9132194519043,51734400
2021-12-15,38.959999084472656,39.09000015258789,38.47999954223633,38.970001220703125,36.01487350463867,70424900
2021-12-16,39.41999816894531,39.7400016784668,39.220001220703125,39.459999084472656,36.46772003173828,71156600
2021-12-17,39.20000076293945,39.25,38.349998474121094,38.59000015258789,35.663692474365234,97654400
2021-12-20,37.810001373291016,37.86000061035156,37.209999084472656,37.65999984741211,34.9709587097168,85242300
2021-12-21,38.040000915527344,38.61000061035156,38.040000915527344,38.439998626708984,35.69525909423828,57667900
2021-12-22,38.33000183105469,38.650001525878906,38.27000045776367,38.619998931884766,35.8624153137207,49702700
2021-12-23,38.84000015258789,39.16999816894531,38.79999923706055,38.81999969482422,36.048126220703125,39057300
2021-12-27,38.939998626708984,39.220001220703125,38.7400016784668,39.220001220703125,36.41957092285156,36120300
2021-12-28,39.150001525878906,39.4900016784668,39.13999938964844,39.2400016784668,36.438140869140625,34055200
2021-12-29,39.31999969482422,39.43000030517578,39.13999938964844,39.189998626708984,36.3917121887207,27150500
2021-12-30,39.310001373291016,39.529998779296875,39.0,39.119998931884766,36.32671356201172,30089100
2021-12-31,39.040000915527344,39.2400016784668,38.970001220703125,39.04999923706055,36.26171112060547,28497800
2022-01-03,39.34000015258789,39.68000030517578,39.31999969482422,39.529998779296875,36.70743942260742,49884400
2022-01-04,39.9900016784668,40.70000076293945,39.970001220703125,40.56999969482422,37.67317581176758,74210200
2022-01-05,40.689998626708984,40.900001525878906,40.06999969482422,40.099998474121094,37.236732482910156,76288400
2022-01-06,40.52000045776367,40.720001220703125,40.150001525878906,40.689998626708984,37.78460693359375,57725200
2022-01-07,40.779998779296875,41.27000045776367,40.63999938964844,41.16999816894531,38.23033905029297,62185500
2022-01-10,41.43000030517578,41.459999084472656,40.599998474121094,41.029998779296875,38.1003303527832,73620000
2022-01-11,41.18000030517578,41.40999984741211,40.79999923706055,41.38999938964844,38.43461990356445,60706300
2022-01-12,41.5,41.65999984741211,41.220001220703125,41.41999816894531,38.46248245239258,51560600
2022-01-13,41.47999954223633,41.70000076293945,41.119998931884766,41.2599983215332,38.313907623291016,51659600
2022-01-14,40.599998474121094,40.869998931884766,40.34000015258789,40.83000183105469,37.914615631103516,81135500
2022-01-18,40.560001373291016,40.599998474121094,39.66999816894531,39.91999816894531,37.069580078125,82526700
2022-01-19,40.220001220703125,40.2400016784668,39.220001220703125,39.25,36.447425842285156,85975100
2022-01-20,39.36000061035156,39.869998931884766,38.91999816894531,39.0,36.21527862548828,80314000
2022-01-21,38.84000015258789,38.95000076293945,38.040000915527344,38.20000076293945,35.47240447998047,117914300
2022-01-24,37.540000915527344,38.38999938964844,36.81999969482422,38.310001373291016,35.574546813964844,169153300
2022-01-25,37.880001068115234,38.75,37.2599983215332,38.470001220703125,35.723121643066406,97364900
2022-01-26,38.88999938964844,39.209999084472656,38.11000061035156,38.56999969482422,35.815975189208984,106682000
2022-01-27,38.939998626708984,39.34000015258789,37.970001220703125,38.220001220703125,35.490970611572266,91498900
2022-01-28,38.06999969482422,38.72999954223633,37.59000015258789,38.720001220703125,35.95528030395508,79753600
2022-01-31,38.45000076293945,39.09000015258789,38.220001220703125,39.060001373291016,36.27099609375,58740900
2022-02-01,39.11000061035156,39.70000076293945,38.90999984741211,39.599998474121094,36.772430419921875,64601500
2022-02-02,39.58000183105469,39.939998626708984,39.33000183105469,39.869998931884766,37.023162841796875,46649400
2022-02-03,39.86000061035156,40.0,39.369998931884766,39.43000030517578,36.61457443237305,50677000
2022-02-04,39.5,40.439998626708984,39.47999954223633,40.099998474121094,37.236732482910156,77792400
2022-02-07,40.150001525878906,40.47999954223633,39.91999816894531,40.220001220703125,37.34817123413086,52710400
2022-02-08,40.5,40.880001068115234,40.400001525878906,40.779998779296875,37.86817932128906,56921200
2022-02-09,41.0,41.310001373291016,40.900001525878906,41.040000915527344,38.109619140625,67505300
2022-02-10,40.849998474121094,41.38999938964844,40.5099983215332,40.68000030517578,37.77532196044922,67260800
2022-02-11,40.54999923706055,41.040000915527344,39.869998931884766,40.11000061035156,37.24602508544922,77962800
2022-02-14,40.09000015258789,40.22999954223633,39.33000183105469,39.65999984741211,36.828155517578125,71521600
2022-02-15,40.13999938964844,40.40999984741211,40.0,40.20000076293945,37.329593658447266,55439600
2022-02-16,40.0,40.40999984741211,39.95000076293945,40.22999954223633,37.357460021972656,41168800
2022-02-17,39.810001373291016,39.939998626708984,39.119998931884766,39.22999954223633,36.42885971069336,59107800
2022-02-18,39.189998626708984,39.54999923706055,39.02000045776367,39.220001220703125,36.41957092285156,47816500
2022-02-22,39.040000915527344,39.400001525878906,38.689998626708984,39.02000045776367,36.23384475708008,60719700
2022-02-23,39.310001373291016,39.43000030517578,38.2400016784668,38.34000015258789,35.60240936279297,64169800
2022-02-24,37.06999969482422,38.0,36.79999923706055,37.880001068115234,35.175254821777344,143075700
2022-02-25,38.130001068115234,39.20000076293945,38.119998931884766,39.099998474121094,36.30813980102539,99127100
2022-02-28,38.16999816894531,38.77000045776367,38.119998931884766,38.52000045776367,35.76955032348633,107370200
2022-03-01,38.150001525878906,38.2599983215332,36.849998474121094,37.099998474121094,34.45094299316406,129873100
2022-03-02,37.40999984741211,38.279998779296875,37.38999938964844,38.060001373291016,35.3423957824707,88182500
2022-03-03,38.22999954223633,38.43000030517578,37.619998931884766,37.939998626708984,35.23096466064453,71952600
2022-03-04,37.27000045776367,37.279998779296875,36.79999923706055,37.22999954223633,34.571659088134766,105904100
2022-03-07,36.88999938964844,36.93000030517578,35.849998474121094,35.869998931884766,33.30876922607422,116046200
2022-03-08,36.02000045776367,36.66999816894531,35.4900016784668,35.65999984741211,33.11376190185547,114915000
2022-03-09,36.849998474121094,37.279998779296875,36.70000076293945,36.970001220703125,34.33022689819336,88716400
2022-03-10,36.36000061035156,36.900001525878906,36.25,36.65999984741211,34.04236602783203,71547300
2022-03-11,36.97999954223633,37.209999084472656,36.380001068115234,36.400001525878906,33.800933837890625,76788200
2022-03-14,36.95000076293945,37.459999084472656,36.689998626708984,36.86000061035156,34.22808074951172,70969700
2022-03-15,37.22999954223633,37.439998626708984,36.90999984741211,37.380001068115234,34.71095657348633,51828700
2022-03-16,37.86000061035156,38.4900016784668,37.7400016784668,38.43000030517578,35.68597412109375,87007600
2022-03-17,38.209999084472656,38.91999816894531,37.959999084472656,38.90999984741211,36.13169860839844,58266400
2022-03-18,38.900001525878906,39.099998474121094,38.529998779296875,39.0,36.21527862548828,82342500
2022-03-21,39.02000045776367,39.13999938964844,38.61000061035156,38.810001373291016,36.17985534667969,46828600
2022-03-22,39.27000045776367,39.689998626708984,39.220001220703125,39.439998626708984,36.76715087890625,61053100
2022-03-23,39.189998626708984,39.279998779296875,38.689998626708984,38.709999084472656,36.08662796020508,42142600
2022-03-24,38.97999954223633,39.060001373291016,38.70000076293945,39.02000045776367,36.37561798095703,30421500
2022-03-25,39.150001525878906,39.599998474121094,39.09000015258789,39.52000045776367,36.841732025146484,48613100
2022-03-28,39.400001525878906,39.439998626708984,38.959999084472656,39.40999984741211,36.73918533325195,44761000
2022-03-29,39.88999938964844,40.0099983215332,39.27000045776367,39.5,36.82308578491211,67968600
2022-03-30,39.5,39.52000045776367,38.9900016784668,39.220001220703125,36.56207275390625,47405300
2022-03-31,39.16999816894531,39.33000183105469,38.310001373291016,38.31999969482422,35.72306442260742,66619600
2022-04-01,38.58000183105469,38.65999984741211,37.95000076293945,38.220001220703125,35.62983703613281,68422500
2022-04-04,38.130001068115234,38.36000061035156,37.779998779296875,38.04999923706055,35.471351623535156,134312400
2022-04-05,37.900001525878906,38.310001373291016,37.720001220703125,37.810001373291016,35.24762725830078,56165700
2022-04-06,37.5099983215332,37.709999084472656,37.40999984741211,37.54999923706055,35.005245208740234,55835100
2022-04-07,37.52000045776367,37.689998626708984,36.97999954223633,37.5099983215332,34.96794891357422,53346900
2022-04-08,37.65999984741211,38.060001373291016,37.560001373291016,37.88999938964844,35.322200775146484,44672300
2022-04-11,37.790000915527344,38.15999984741211,37.65999984741211,37.720001220703125,35.163726806640625,54435500
2022-04-12,37.689998626708984,38.040000915527344,37.150001525878906,37.310001373291016,34.78151321411133,67215400
2022-04-13,36.959999084472656,37.33000183105469,36.88999938964844,37.310001373291016,34.78151321411133,57445600
2022-04-14,37.22999954223633,37.4900016784668,36.880001068115234,36.88999938964844,34.38996887207031,68544200
2022-04-18,36.65999984741211,37.279998779296875,36.650001525878906,37.11000061035156,34.595062255859375,52748400
2022-04-19,37.209999084472656,37.68000030517578,37.20000076293945,37.619998931884766,35.07050704956055,41519100
2022-04-20,37.90999984741211,38.150001525878906,37.790000915527344,37.880001068115234,35.3128776550293,54635800
2022-04-21,38.13999938964844,38.31999969482422,37.209999084472656,37.279998779296875,34.7535400390625,54998100
2022-04-22,37.220001220703125,37.22999954223633,36.130001068115234,36.16999816894531,33.718772888183594,73170900
2022-04-25,35.869998931884766,36.310001373291016,35.33000183105469,36.22999954223633,33.77470016479492,91392800
2022-04-26,35.81999969482422,36.20000076293945,35.29999923706055,35.31999969482422,32.92637634277344,81457500
2022-04-27,35.27000045776367,35.650001525878906,35.15999984741211,35.290000915527344,32.89840316772461,81603000
2022-04-28,35.650001525878906,35.869998931884766,35.119998931884766,35.7400016784668,33.31791305541992,62680000
2022-04-29,35.560001373291016,35.689998626708984,34.43000030517578,34.5099983215332,32.171268463134766,74631700
2022-05-02,34.66999816894531,34.790000915527344,33.84000015258789,34.52000045776367,32.18059539794922,104408800
2022-05-03,34.7599983215332,35.31999969482422,34.63999938964844,34.970001220703125,32.6000862121582,73896300
2022-05-04,35.029998779296875,36.099998474121094,34.90999984741211,36.040000915527344,33.59757614135742,87794900
2022-05-05,35.619998931884766,35.689998626708984,34.560001373291016,34.9900016784668,32.618736267089844,101093900
2022-05-06,34.849998474121094,34.900001525878906,34.2400016784668,34.7400016784668,32.385677337646484,99281900
2022-05-09,34.27000045776367,34.47999954223633,33.75,33.90999984741211,31.61191749572754,85922800
2022-05-10,34.220001220703125,34.439998626708984,33.189998626708984,33.61000061035156,31.332256317138672,107581200
2022-05-11,33.650001525878906,34.33000183105469,33.25,33.29999923706055,31.043264389038086,110212200
2022-05-12,33.02000045776367,33.36000061035156,32.40999984741211,33.04999923706055,30.81020164489746,114304100
2022-05-13,33.45000076293945,33.810001373291016,33.22999954223633,33.529998779296875,31.257680892944336,64036200
2022-05-16,33.400001525878906,33.54999923706055,32.9900016784668,33.25,30.996652603149414,55662200
2022-05-17,33.900001525878906,34.2400016784668,33.709999084472656,34.13999938964844,31.826339721679688,62859300
2022-05-18,33.81999969482422,33.869998931884766,33.06999969482422,33.20000076293945,30.950040817260742,74279300
2022-05-19,32.75,33.220001220703125,32.70000076293945,32.97999954223633,30.744953155517578,71525400
2022-05-20,33.209999084472656,33.380001068115234,32.22999954223633,32.91999816894531,30.689022064208984,77984600
2022-05-23,33.54999923706055,34.2400016784668,33.380001068115234,33.9900016784668,31.68651008605957,78189300
2022-05-24,33.790000915527344,34.029998779296875,33.220001220703125,33.91999816894531,31.62124252319336,77871200
2022-05-25,33.84000015258789,34.400001525878906,33.7400016784668,34.189998626708984,31.87295913696289,72192600
2022-05-26,34.560001373291016,35.099998474121094,34.529998779296875,34.97999954223633,32.609413146972656,50803200
2022-05-27,35.130001068115234,35.63999938964844,35.06999969482422,35.56999969482422,33.159427642822266,43862500
2022-05-31,35.279998779296875,35.7400016784668,35.09000015258789,35.470001220703125,33.06620788574219,64778900
2022-06-01,35.380001068115234,35.470001220703125,34.56999969482422,34.900001525878906,32.53483963012695,48642400
2022-06-02,34.93000030517578,35.40999984741211,34.65999984741211,35.380001068115234,32.98230743408203,45334700
2022-06-03,35.04999923706055,35.20000076293945,34.83000183105469,34.869998931884766,32.506866455078125,36699400
2022-06-06,35.15999984741211,35.52000045776367,34.959999084472656,34.970001220703125,32.6000862121582,32829600
2022-06-07,34.72999954223633,35.27000045776367,34.70000076293945,35.2400016784668,32.85179138183594,32031400
2022-06-08,34.970001220703125,35.06999969482422,34.4900016784668,34.619998931884766,32.2738151550293,38251800
2022-06-09,34.58000183105469,34.599998474121094,33.72999954223633,33.75,31.4627685546875,49715100
2022-06-10,33.02000045776367,33.13999938964844,32.5,32.529998779296875,30.3254451751709,74190900
2022-06-13,31.709999084472656,32.099998474121094,31.3700008392334,31.559999465942383,29.421186447143555,104065100
2022-06-14,31.690000534057617,31.90999984741211,31.049999237060547,31.290000915527344,29.16948127746582,75592200
2022-06-15,31.6200008392334,32.09000015258789,31.100000381469727,31.639999389648438,29.49576187133789,87858800
2022-06-16,31.0,31.010000228881836,30.579999923706055,30.84000015258789,28.749980926513672,100838500
2022-06-17,30.90999984741211,31.280000686645508,30.6299991607666,30.93000030517578,28.833881378173828,116937700
2022-06-21,31.469999313354492,31.579999923706055,31.190000534057617,31.3799991607666,29.409318923950195,58065800
2022-06-22,31.020000457763672,31.600000381469727,30.979999542236328,31.309999465942383,29.343719482421875,48035800
2022-06-23,31.329999923706055,31.389999389648438,30.68000030517578,31.190000534057617,29.23125457763672,69348900
2022-06-24,31.31999969482422,32.369998931884766,31.270000457763672,32.34000015258789,30.309030532836914,65489300
2022-06-27,32.59000015258789,32.59000015258789,32.08000183105469,32.22999954223633,30.205942153930664,47244800
2022-06-28,32.560001373291016,32.869998931884766,31.889999389648438,31.90999984741211,29.906036376953125,42459900
2022-06-29,31.940000534057617,32.060001373291016,31.6200008392334,31.729999542236328,29.737340927124023,64507500
2022-06-30,31.229999542236328,31.729999542236328,30.850000381469727,31.450000762939453,29.474924087524414,75294300
2022-07-01,31.350000381469727,31.979999542236328,31.139999389648438,31.8799991607666,29.87792205810547,77308400
2022-07-05,31.3799991607666,31.790000915527344,31.020000457763672,31.770000457763672,29.774831771850586,51536800
2022-07-06,31.700000762939453,31.950000762939453,31.389999389648438,31.690000534057617,29.699848175048828,48001700
2022-07-07,31.959999084472656,32.2400016784668,31.93000030517578,32.150001525878906,30.130971908569336,33120100
2022-07-08,32.2400016784668,32.34000015258789,31.950000762939453,32.08000183105469,30.06536293029785,29062200
2022-07-11,31.899999618530273,32.060001373291016,31.729999542236328,31.81999969482422,29.82168960571289,30564300
2022-07-12,31.579999923706055,32.20000076293945,31.559999465942383,31.6200008392334,29.634248733520508,38211000
2022-07-13,31.280000686645508,31.549999237060547,30.950000762939453,31.34000015258789,29.371835708618164,51441600
2022-07-14,30.700000762939453,30.84000015258789,30.3700008392334,30.739999771118164,28.80950927734375,57782300
2022-07-15,31.18000030517578,31.959999084472656,31.100000381469727,31.780000686645508,29.784198760986328,59650200
2022-07-18,32.22999954223633,32.45000076293945,31.520000457763672,31.65999984741211,29.671733856201172,38671600
2022-07-19,32.08000183105469,32.709999084472656,31.989999771118164,32.61000061035156,30.562076568603516,40568000
2022-07-20,32.540000915527344,32.790000915527344,32.439998626708984,32.72999954223633,30.674541473388672,38507700
2022-07-21,32.63999938964844,32.939998626708984,32.38999938964844,32.939998626708984,30.871349334716797,40561800
2022-07-22,32.9900016784668,33.15999984741211,32.5,32.75,30.69328498840332,25741200
2022-07-25,32.95000076293945,33.11000061035156,32.720001220703125,32.959999084472656,30.890092849731445,24699300
2022-07-26,32.79999923706055,32.9900016784668,32.41999816894531,32.5,30.458982467651367,26357800
2022-07-27,32.630001068115234,33.15999984741211,32.52000045776367,33.0,30.927581787109375,44817200
2022-07-28,33.029998779296875,33.25,32.5,33.2400016784668,31.152515411376953,40974600
2022-07-29,33.31999969482422,33.81999969482422,33.290000915527344,33.709999084472656,31.592998504638672,38724000
2022-08-01,33.38999938964844,33.619998931884766,33.20000076293945,33.43000030517578,31.330577850341797,35131300
2022-08-02,33.27000045776367,33.4900016784668,33.02000045776367,33.060001373291016,30.983816146850586,36806900
2022-08-03,33.310001373291016,33.63999938964844,33.119998931884766,33.560001373291016,31.45241928100586,27314900
2022-08-04,33.529998779296875,33.619998931884766,33.38999938964844,33.45000076293945,31.34932518005371,24505800
2022-08-05,33.36000061035156,33.849998474121094,33.2400016784668,33.689998626708984,31.574249267578125,34366100
2022-08-08,33.939998626708984,34.04999923706055,33.63999938964844,33.66999816894531,31.555500030517578,24369100
2022-08-09,33.72999954223633,33.93000030517578,33.66999816894531,33.84000015258789,31.71483612060547,26425400
2022-08-10,34.43000030517578,34.72999954223633,34.36000061035156,34.599998474121094,32.427093505859375,45366000
2022-08-11,34.91999816894531,35.22999954223633,34.880001068115234,35.0099983215332,32.81135940551758,46985200
2022-08-12,35.18000030517578,35.56999969482422,35.0,35.560001373291016,33.32681655883789,36370300
2022-08-15,35.20000076293945,35.650001525878906,35.130001068115234,35.54999923706055,33.31744384765625,25366000
2022-08-16,35.38999938964844,35.970001220703125,35.38999938964844,35.810001373291016,33.56111526489258,41300800
2022-08-17,35.400001525878906,35.790000915527344,35.380001068115234,35.630001068115234,33.39242172241211,33158000
2022-08-18,35.599998474121094,35.720001220703125,35.43000030517578,35.66999816894531,33.42991256713867,15966200
2022-08-19,35.459999084472656,35.459999084472656,34.84000015258789,34.959999084472656,32.76449966430664,33587400
2022-08-22,34.45000076293945,34.459999084472656,34.099998474121094,34.189998626708984,32.0428581237793,36810100
2022-08-23,34.150001525878906,34.400001525878906,34.04999923706055,34.04999923706055,31.911645889282227,23244000
2022-08-24,33.9900016784668,34.34000015258789,33.91999816894531,34.22999954223633,32.08033752441406,20682200
2022-08-25,34.29999923706055,34.790000915527344,34.209999084472656,34.7599983215332,32.577056884765625,26402600
2022-08-26,34.90999984741211,34.91999816894531,33.689998626708984,33.720001220703125,31.602371215820312,38230600
2022-08-29,33.470001220703125,33.720001220703125,33.279998779296875,33.47999954223633,31.377437591552734,34872100
2022-08-30,33.59000015258789,33.70000076293945,33.099998474121094,33.29999923706055,31.2087459564209,41870700
2022-08-31,33.470001220703125,33.59000015258789,33.0,33.04999923706055,30.97443962097168,39768200
2022-09-01,32.90999984741211,33.20000076293945,32.5099983215332,33.150001525878906,31.068164825439453,40604600
2022-09-02,33.529998779296875,33.810001373291016,32.72999954223633,32.88999938964844,30.82448959350586,43208800
2022-09-06,33.060001373291016,33.13999938964844,32.47999954223633,32.810001373291016,30.74951934814453,45877100
2022-09-07,32.709999084472656,33.52000045776367,32.65999984741211,33.459999084472656,31.35869026184082,35023000
2022-09-08,33.290000915527344,34.06999969482422,33.150001525878906,34.04999923706055,31.911645889282227,50760900
2022-09-09,34.20000076293945,34.45000076293945,34.189998626708984,34.36000061035156,32.202178955078125,41327100
2022-09-12,34.5,34.81999969482422,34.41999816894531,34.63999938964844,32.46458435058594,41969600
2022-09-13,33.959999084472656,34.08000183105469,33.2400016784668,33.349998474121094,31.255599975585938,60771600
2022-09-14,33.41999816894531,33.58000183105469,32.95000076293945,33.25,31.161884307861328,39233200
2022-09-15,33.290000915527344,33.790000915527344,33.20000076293945,33.36000061035156,31.264978408813477,47653000
2022-09-16,33.029998779296875,33.119998931884766,32.709999084472656,33.060001373291016,30.983816146850586,53893300
2022-09-19,32.5,33.279998779296875,32.5,33.2599983215332,31.335229873657227,36491400
2022-09-20,32.9900016784668,33.060001373291016,32.470001220703125,32.77000045776367,30.873592376708984,42193600
2022-09-21,32.97999954223633,33.099998474121094,32.06999969482422,32.09000015258789,30.232938766479492,49644600
2022-09-22,32.15999984741211,32.209999084472656,31.489999771118164,31.549999237060547,29.724185943603516,52299500
2022-09-23,31.239999771118164,31.309999465942383,30.600000381469727,31.049999237060547,29.253124237060547,56801000
2022-09-26,30.81999969482422,31.110000610351562,30.34000015258789,30.559999465942383,28.791481018066406,49969700
2022-09-27,30.799999237060547,30.959999084472656,30.1200008392334,30.43000030517578,28.669004440307617,60630400
2022-09-28,30.520000457763672,31.209999084472656,30.440000534057617,31.030000686645508,29.234283447265625,46088700
2022-09-29,30.700000762939453,30.81999969482422,30.260000228881836,30.639999389648438,28.866849899291992,41860000
2022-09-30,30.65999984741211,31.040000915527344,30.280000686645508,30.360000610351562,28.603057861328125,37984300
2022-10-03,30.65999984741211,31.34000015258789,30.299999237060547,31.18000030517578,29.37560272216797,47086100
2022-10-04,31.65999984741211,32.369998931884766,31.6200008392334,32.34000015258789,30.468473434448242,53441800
2022-10-05,31.84000015258789,32.27000045776367,31.729999542236328,32.09000015258789,30.232938766479492,41766800
2022-10-06,31.90999984741211,32.130001068115234,31.56999969482422,31.639999389648438,29.808979034423828,34717900
2022-10-07,31.360000610351562,31.459999084472656,30.719999313354492,30.889999389648438,29.10238265991211,36380700
2022-10-10,31.059999465942383,31.190000534057617,30.56999969482422,30.75,28.970487594604492,31011700
2022-10-11,30.549999237060547,30.8700008392334,30.229999542236328,30.360000610351562,28.603057861328125,50431900
2022-10-12,30.3700008392334,30.690000534057617,30.18000030517578,30.290000915527344,28.537105560302734,48265700
2022-10-13,29.68000030517578,31.6200008392334,29.59000015258789,31.540000915527344,29.714767456054688,83086100
2022-10-14,31.81999969482422,32.189998626708984,30.940000534057617,31.010000228881836,29.215436935424805,60886900
2022-10-17,31.670000076293945,32.0,31.579999923706055,31.790000915527344,29.950298309326172,47222200
2022-10-18,32.619998931884766,32.65999984741211,31.93000030517578,32.29999923706055,30.4307861328125,48150700
2022-10-19,32.02000045776367,32.290000915527344,31.59000015258789,31.770000457763672,29.931461334228516,35205700
2022-10-20,31.729999542236328,32.04999923706055,31.170000076293945,31.260000228881836,29.450969696044922,43124400
2022-10-21,31.350000381469727,32.220001220703125,31.1200008392334,32.189998626708984,30.327152252197266,54487300
2022-10-24,32.380001068115234,32.77000045776367,32.279998779296875,32.619998931884766,30.732267379760742,40117200
2022-10-25,32.45000076293945,33.06999969482422,32.38999938964844,33.0099983215332,31.099693298339844,33950300
2022-10-26,33.11000061035156,33.459999084472656,33.02000045776367,33.09000015258789,31.175067901611328,38012100
2022-10-27,33.400001525878906,33.72999954223633,33.29999923706055,33.36000061035156,31.429445266723633,41232200
2022-10-28,33.45000076293945,34.22999954223633,33.38999938964844,34.189998626708984,32.21141815185547,36421300
2022-10-31,33.970001220703125,34.209999084472656,33.93000030517578,33.97999954223633,32.01355743408203,40083800
2022-11-01,34.2599983215332,34.349998474121094,33.91999816894531,34.06999969482422,32.098358154296875,38946100
2022-11-02,34.0,34.599998474121094,33.61000061035156,33.63999938964844,31.693235397338867,58039800
2022-11-03,33.220001220703125,33.560001373291016,33.08000183105469,33.29999923706055,31.372915267944336,40828100
2022-11-04,33.779998779296875,34.09000015258789,33.43000030517578,33.90999984741211,31.947608947753906,41825600
2022-11-07,34.15999984741211,34.27000045776367,33.939998626708984,34.25,32.26793670654297,30060300
2022-11-08,34.2599983215332,34.619998931884766,34.09000015258789,34.45000076293945,32.456363677978516,34839600
2022-11-09,34.220001220703125,34.349998474121094,33.79999923706055,33.869998931884766,31.909927368164062,42126200
2022-11-10,34.900001525878906,35.630001068115234,34.810001373291016,35.58000183105469,33.52096939086914,67677700
2022-11-11,35.7599983215332,36.029998779296875,35.630001068115234,35.869998931884766,33.794185638427734,46076100
2022-11-14,35.77000045776367,35.79999923706055,35.33000183105469,35.36000061035156,33.31370162963867,38002700
2022-11-15,35.7400016784668,35.880001068115234,35.08000183105469,35.439998626708984,33.38907241821289,57802100
2022-11-16,35.41999816894531,35.5099983215332,35.150001525878906,35.27000045776367,33.22891616821289,32852400
2022-11-17,34.86000061035156,35.099998474121094,34.7599983215332,35.08000183105469,33.049903869628906,35706900
2022-11-18,35.54999923706055,35.599998474121094,35.08000183105469,35.369998931884766,33.3231201171875,39455400
2022-11-21,35.31999969482422,35.54999923706055,35.279998779296875,35.47999954223633,33.426761627197266,24630900
2022-11-22,35.66999816894531,35.880001068115234,35.66999816894531,35.84000015258789,33.76592254638672,29582300
2022-11-23,35.779998779296875,36.08000183105469,35.779998779296875,35.9900016784668,33.90724563598633,27916900
2022-11-25,36.029998779296875,36.15999984741211,35.959999084472656,36.11000061035156,34.02029800415039,11266500
2022-11-28,35.90999984741211,36.060001373291016,35.43000030517578,35.4900016784668,33.43617630004883,34196600
2022-11-29,35.45000076293945,35.779998779296875,35.40999984741211,35.70000076293945,33.634029388427734,31489600
2022-11-30,35.650001525878906,36.31999969482422,35.13999938964844,36.310001373291016,34.2087287902832,58607000
2022-12-01,36.4900016784668,36.4900016784668,35.81999969482422,36.099998474121094,34.0108757019043,58157600
2022-12-02,35.720001220703125,35.959999084472656,35.61000061035156,35.93000030517578,33.850711822509766,40483300
2022-12-05,35.65999984741211,35.720001220703125,34.849998474121094,35.040000915527344,33.01222610473633,53402000
2022-12-06,35.0,35.20000076293945,34.45000076293945,34.72999954223633,32.72016525268555,45102200
2022-12-07,34.59000015258789,34.97999954223633,34.5099983215332,34.59000015258789,32.588253021240234,37775900
2022-12-08,34.689998626708984,34.86000061035156,34.5,34.619998931884766,32.61653137207031,46600900
2022-12-09,34.4900016784668,34.779998779296875,34.47999954223633,34.529998779296875,32.53173065185547,40885600
2022-12-12,34.54999923706055,35.029998779296875,34.38999938964844,34.9900016784668,32.96512222290039,72570900
2022-12-13,35.900001525878906,35.900001525878906,34.849998474121094,35.08000183105469,33.049903869628906,55659000
2022-12-14,34.9900016784668,35.33000183105469,34.4900016784668,34.63999938964844,32.63536071777344,54685100
2022-12-15,34.099998474121094,34.2400016784668,33.7400016784668,33.959999084472656,31.994720458984375,70330100
2022-12-16,33.599998474121094,33.79999923706055,33.38999938964844,33.70000076293945,31.74976921081543,59619300
2022-12-19,33.400001525878906,33.7400016784668,33.189998626708984,33.400001525878906,31.66444206237793,37456800
2022-12-20,33.529998779296875,33.77000045776367,33.40999984741211,33.540000915527344,31.797168731689453,45446400
2022-12-21,33.86000061035156,34.15999984741211,33.84000015258789,34.060001373291016,32.29014205932617,31318100
2022-12-22,33.84000015258789,33.869998931884766,33.209999084472656,33.7599983215332,32.005733489990234,25605100
2022-12-23,33.7400016784668,34.0,33.56999969482422,33.95000076293945,32.18586730957031,17116200
2022-12-27,34.02000045776367,34.099998474121094,33.79999923706055,33.939998626708984,32.1763801574707,25601100
2022-12-28,34.0,34.09000015258789,33.779998779296875,33.81999969482422,32.062618255615234,24395100
2022-12-29,34.0,34.349998474121094,33.91999816894531,34.290000915527344,32.50819396972656,26624200
2022-12-30,34.040000915527344,34.27000045776367,33.91999816894531,34.20000076293945,32.422874450683594,24735700
2023-01-03,34.45000076293945,34.689998626708984,34.06999969482422,34.31999969482422,32.5366325378418,37396500
2023-01-04,34.66999816894531,35.119998931884766,34.56999969482422,34.869998931884766,33.05805587768555,44669300
2023-01-05,34.75,34.75,34.369998931884766,34.61000061035156,32.81156921386719,45585700
2023-01-06,34.84000015258789,35.4900016784668,34.599998474121094,35.380001068115234,33.54155731201172,41229700
2023-01-09,35.5,35.70000076293945,35.15999984741211,35.25,33.41830825805664,48726600
2023-01-10,35.189998626708984,35.47999954223633,35.06999969482422,35.45000076293945,33.60791778564453,34663700
2023-01-11,35.540000915527344,35.779998779296875,35.470001220703125,35.779998779296875,33.920772552490234,32014700
2023-01-12,35.900001525878906,36.060001373291016,35.619998931884766,35.849998474121094,33.98713684082031,56642400
2023-01-13,35.38999938964844,36.16999816894531,35.2599983215332,36.119998931884766,34.243106842041016,65920900
2023-01-17,36.029998779296875,36.04999923706055,35.77000045776367,35.880001068115234,34.01557159423828,65345200
2023-01-18,35.68000030517578,35.900001525878906,35.18000030517578,35.209999084472656,33.38039016723633,53693000
2023-01-19,34.779998779296875,34.97999954223633,34.560001373291016,34.79999923706055,32.99169158935547,61169500
2023-01-20,34.900001525878906,35.369998931884766,34.7400016784668,35.349998474121094,33.51311492919922,42330100
2023-01-23,35.380001068115234,35.90999984741211,35.27000045776367,35.7599983215332,33.90180969238281,44997300
2023-01-24,35.70000076293945,35.939998626708984,35.29999923706055,35.779998779296875,33.920772552490234,34333500
2023-01-25,35.470001220703125,36.06999969482422,35.459999084472656,36.060001373291016,34.18622589111328,38458700
2023-01-26,36.150001525878906,36.310001373291016,35.90999984741211,36.25,34.36635208129883,29944200
2023-01-27,36.20000076293945,36.459999084472656,36.150001525878906,36.25,34.36635208129883,30787400
2023-01-30,36.060001373291016,36.33000183105469,36.0099983215332,36.06999969482422,34.19569778442383,31595000
2023-01-31,36.13999938964844,36.56999969482422,35.970001220703125,36.560001373291016,34.66023635864258,30282100
2023-02-01,36.18000030517578,36.880001068115234,36.099998474121094,36.560001373291016,34.66023635864258,51418700
2023-02-02,36.7599983215332,36.810001373291016,36.369998931884766,36.65999984741211,34.75505065917969,42107300
2023-02-03,36.369998931884766,36.900001525878906,36.36000061035156,36.59000015258789,34.68868637084961,43155000
2023-02-06,36.380001068115234,36.59000015258789,36.29999923706055,36.58000183105469,34.679203033447266,32273600
2023-02-07,36.349998474121094,37.11000061035156,36.349998474121094,37.0,35.0773811340332,33000500
2023-02-08,36.72999954223633,37.099998474121094,36.68000030517578,36.779998779296875,34.868804931640625,34555500
2023-02-09,36.93000030517578,37.040000915527344,36.290000915527344,36.369998931884766,34.4801139831543,44329600
2023-02-10,36.189998626708984,36.52000045776367,36.06999969482422,36.4900016784668,34.59387969970703,28108900
2023-02-13,36.470001220703125,36.90999984741211,36.439998626708984,36.90999984741211,34.9920539855957,32209000
2023-02-14,36.84000015258789,37.08000183105469,36.47999954223633,36.709999084472656,34.802452087402344,33525300
2023-02-15,36.41999816894531,36.77000045776367,36.369998931884766,36.75,34.840370178222656,28510000
2023-02-16,36.400001525878906,36.65999984741211,36.310001373291016,36.380001068115234,34.48959732055664,34379100
2023-02-17,36.20000076293945,36.439998626708984,36.09000015258789,36.38999938964844,34.499080657958984,35889800
2023-02-21,36.08000183105469,36.130001068115234,35.47999954223633,35.63999938964844,33.78804397583008,36425200
2023-02-22,35.63999938964844,35.779998779296875,35.40999984741211,35.599998474121094,33.7501220703125,31065200
2023-02-23,35.75,35.91999816894531,35.29999923706055,35.630001068115234,33.778568267822266,42357600
2023-02-24,35.31999969482422,35.77000045776367,35.2599983215332,35.65999984741211,33.8070068359375,48732600
2023-02-27,35.9900016784668,36.04999923706055,35.58000183105469,35.650001525878906,33.79752731323242,31664600
2023-02-28,35.70000076293945,35.900001525878906,35.61000061035156,35.720001220703125,33.8638916015625,32531400
2023-03-01,35.560001373291016,35.7599983215332,35.459999084472656,35.599998474121094,33.7501220703125,32790300
2023-03-02,35.38999938964844,35.470001220703125,35.0099983215332,35.43000030517578,33.58896255493164,38401900
2023-03-03,35.56999969482422,36.0,35.5,35.9900016784668,34.1198616027832,33091600
2023-03-06,36.0099983215332,36.2400016784668,35.90999984741211,36.02000045776367,34.1483039855957,30111100
2023-03-07,35.88999938964844,35.91999816894531,35.0,35.09000015258789,33.266624450683594,53804400
2023-03-08,35.04999923706055,35.2400016784668,34.779998779296875,34.959999084472656,33.14338302612305,50860300
2023-03-09,34.7599983215332,34.81999969482422,33.369998931884766,33.540000915527344,31.797168731689453,107108500
2023-03-10,33.150001525878906,33.720001220703125,32.529998779296875,32.93000030517578,31.218862533569336,166569400
2023-03-13,31.760000228881836,32.31999969482422,31.3700008392334,31.6299991607666,29.986417770385742,165965900
2023-03-14,32.84000015258789,32.849998474121094,31.8700008392334,32.27000045776367,30.593156814575195,128115500
2023-03-15,31.360000610351562,31.540000915527344,30.959999084472656,31.40999984741211,29.777851104736328,132235000
2023-03-16,31.200000762939453,32.34000015258789,30.899999618530273,32.0099983215332,30.346670150756836,133892600
2023-03-17,31.709999084472656,31.709999084472656,30.899999618530273,30.979999542236328,29.370193481445312,136760600
2023-03-20,31.06999969482422,31.440000534057617,31.020000457763672,31.170000076293945,29.696985244750977,75384500
2023-03-21,31.8799991607666,32.040000915527344,31.809999465942383,31.959999084472656,30.44964599609375,115899200
2023-03-22,31.959999084472656,32.04999923706055,31.200000762939453,31.219999313354492,29.74462127685547,67874100
2023-03-23,31.280000686645508,31.600000381469727,30.790000915527344,31.010000228881836,29.54454231262207,82366300
2023-03-24,30.6299991607666,31.020000457763672,30.389999389648438,30.989999771118164,29.525489807128906,76619100
2023-03-27,31.520000457763672,31.59000015258789,31.239999771118164,31.420000076293945,29.935171127319336,61393300
2023-03-28,31.3799991607666,31.520000457763672,31.219999313354492,31.40999984741211,29.925643920898438,42980100
2023-03-29,31.75,31.8799991607666,31.610000610351562,31.8700008392334,30.363908767700195,52147200
2023-03-30,32.099998474121094,32.119998931884766,31.6200008392334,31.799999237060547,30.297210693359375,45061700
2023-03-31,31.979999542236328,32.15999984741211,31.860000610351562,32.150001525878906,30.63067626953125,49034400
2023-04-03,32.119998931884766,32.34000015258789,32.02000045776367,32.209999084472656,30.687833786010742,51213500
2023-04-04,32.290000915527344,32.34000015258789,31.700000762939453,31.90999984741211,30.402015686035156,45939300
2023-04-05,31.670000076293945,31.959999084472656,31.65999984741211,31.8700008392334,30.363908767700195,57965300
2023-04-06,31.809999465942383,32.04999923706055,31.780000686645508,31.989999771118164,30.47823143005371,36762300
2023-04-10,31.8700008392334,32.06999969482422,31.799999237060547,32.060001373291016,30.544925689697266,27900700
2023-04-11,32.13999938964844,32.47999954223633,32.119998931884766,32.34000015258789,30.81169319152832,53912600
2023-04-12,32.5,32.66999816894531,32.189998626708984,32.27000045776367,30.744997024536133,63645800
2023-04-13,32.290000915527344,32.58000183105469,32.06999969482422,32.560001373291016,31.021297454833984,58550300
2023-04-14,32.900001525878906,33.150001525878906,32.720001220703125,32.880001068115234,31.3261775970459,65276200
2023-04-17,32.86000061035156,33.27000045776367,32.720001220703125,33.2599983215332,31.688215255737305,69670600
2023-04-18,33.33000183105469,33.43000030517578,33.08000183105469,33.36000061035156,31.783491134643555,49507500
2023-04-19,33.310001373291016,33.529998779296875,33.25,33.439998626708984,31.859710693359375,39478900
2023-04-20,33.220001220703125,33.43000030517578,33.209999084472656,33.34000015258789,31.764432907104492,39291800
2023-04-21,33.2400016784668,33.2599983215332,33.029998779296875,33.220001220703125,31.650110244750977,41545000
2023-04-24,33.20000076293945,33.31999969482422,33.060001373291016,33.13999938964844,31.573888778686523,32774200
2023-04-25,32.93000030517578,32.9900016784668,32.560001373291016,32.56999969482422,31.030824661254883,58534300
2023-04-26,32.47999954223633,32.65999984741211,32.119998931884766,32.2599983215332,30.735469818115234,54294200
2023-04-27,32.380001068115234,32.84000015258789,32.380001068115234,32.779998779296875,31.230897903442383,46398800
2023-04-28,32.619998931884766,33.20000076293945,32.54999923706055,33.16999816894531,31.60246467590332,54598700
2023-05-01,33.2599983215332,33.43000030517578,33.040000915527344,33.08000183105469,31.516721725463867,31950600
2023-05-02,32.95000076293945,32.959999084472656,32.029998779296875,32.33000183105469,30.802167892456055,76096700
2023-05-03,32.369998931884766,32.529998779296875,31.93000030517578,31.959999084472656,30.44964599609375,65642400
2023-05-04,31.68000030517578,31.850000381469727,31.260000228881836,31.549999237060547,30.059022903442383,76076600
2023-05-05,32.06999969482422,32.380001068115234,32.02000045776367,32.33000183105469,30.802167892456055,55019400
2023-05-08,32.5099983215332,32.619998931884766,32.34000015258789,32.380001068115234,30.84980583190918,34323600
2023-05-09,32.13999938964844,32.38999938964844,32.06999969482422,32.2599983215332,30.735469818115234,29736200
2023-05-10,32.470001220703125,32.540000915527344,31.799999237060547,32.08000183105469,30.563982009887695,39706100
2023-05-11,31.8799991607666,32.08000183105469,31.739999771118164,32.029998779296875,30.516340255737305,36693200
2023-05-12,32.2400016784668,32.2400016784668,31.690000534057617,31.899999618530273,30.392484664916992,36253000
2023-05-15,31.959999084472656,32.220001220703125,31.899999618530273,32.15999984741211,30.640199661254883,33208500
2023-05-16,32.099998474121094,32.189998626708984,31.84000015258789,31.860000610351562,30.3543758392334,31241400
2023-05-17,32.11000061035156,32.59000015258789,32.040000915527344,32.5,30.964130401611328,46818800
2023-05-18,32.439998626708984,32.779998779296875,32.31999969482422,32.7400016784668,31.19279670715332,42232500
2023-05-19,32.81999969482422,32.91999816894531,32.45000076293945,32.599998474121094,31.059406280517578,40132900
2023-05-22,32.709999084472656,32.779998779296875,32.459999084472656,32.65999984741211,31.116567611694336,35286200
2023-05-23,32.52000045776367,32.689998626708984,32.2599983215332,32.279998779296875,30.754528045654297,42217200
2023-05-24,32.040000915527344,32.06999969482422,31.790000915527344,31.860000610351562,30.3543758392334,46610700
2023-05-25,31.780000686645508,31.959999084472656,31.65999984741211,31.850000381469727,30.3448486328125,41658900
2023-05-26,31.920000076293945,32.189998626708984,31.8700008392334,32.11000061035156,30.592561721801758,44183000
2023-05-30,32.15999984741211,32.22999954223633,31.889999389648438,32.099998474121094,30.583032608032227,57900500
2023-05-31,31.90999984741211,31.940000534057617,31.489999771118164,31.760000228881836,30.25909996032715,67667900
2023-06-01,31.940000534057617,32.16999816894531,31.719999313354492,32.099998474121094,30.583032608032227,48643400
2023-06-02,32.40999984741211,32.91999816894531,32.40999984741211,32.79999923706055,31.249956130981445,65752900
2023-06-05,32.84000015258789,32.84000015258789,32.47999954223633,32.630001068115234,31.087987899780273,53591100
2023-06-06,32.599998474121094,33.09000015258789,32.58000183105469,33.040000915527344,31.47861099243164,46236100
2023-06-07,33.06999969482422,33.2400016784668,32.869998931884766,33.16999816894531,31.60246467590332,48467100
2023-06-08,33.060001373291016,33.189998626708984,32.880001068115234,33.13999938964844,31.573888778686523,36261200
2023-06-09,33.08000183105469,33.290000915527344,33.060001373291016,33.150001525878906,31.583415985107422,34021700
2023-06-12,33.18000030517578,33.27000045776367,32.88999938964844,33.13999938964844,31.573888778686523,33655200
2023-06-13,33.11000061035156,33.47999954223633,33.06999969482422,33.34000015258789,31.764432907104492,46054400
2023-06-14,33.41999816894531,33.59000015258789,33.099998474121094,33.209999084472656,31.640575408935547,57195400
2023-06-15,33.099998474121094,33.72999954223633,33.06999969482422,33.650001525878906,32.059783935546875,52241800
2023-06-16,33.79999923706055,33.83000183105469,33.540000915527344,33.58000183105469,31.993099212646484,49861100
2023-06-20,33.209999084472656,33.27000045776367,32.97999954223633,33.18000030517578,31.753841400146484,50683100
2023-06-21,33.099998474121094,33.29999923706055,33.0,33.13999938964844,31.715559005737305,35967600
2023-06-22,33.08000183105469,33.09000015258789,32.77000045776367,32.880001068115234,31.466737747192383,38690000
2023-06-23,32.630001068115234,32.849998474121094,32.52000045776367,32.7400016784668,31.3327579498291,35529600
2023-06-26,32.689998626708984,32.939998626708984,32.58000183105469,32.66999816894531,31.265758514404297,25728300
2023-06-27,32.72999954223633,33.0,32.709999084472656,32.93000030517578,31.51458168029785,34348100
2023-06-28,32.88999938964844,32.900001525878906,32.70000076293945,32.849998474121094,31.438018798828125,36663200
2023-06-29,33.02000045776367,33.41999816894531,32.97999954223633,33.41999816894531,31.983518600463867,47471000
2023-06-30,33.63999938964844,33.849998474121094,33.58000183105469,33.709999084472656,32.26106262207031,44762300
2023-07-03,33.709999084472656,34.0,33.65999984741211,33.900001525878906,32.44288635253906,19128000
2023-07-05,33.70000076293945,33.91999816894531,33.599998474121094,33.83000183105469,32.37590408325195,39831600
2023-07-06,33.54999923706055,33.58000183105469,33.25,33.540000915527344,32.09836959838867,45808400
2023-07-07,33.400001525878906,33.869998931884766,33.400001525878906,33.59000015258789,32.14620590209961,33488700
2023-07-10,33.599998474121094,33.93000030517578,33.56999969482422,33.7400016784668,32.289772033691406,27254400
2023-07-11,33.86000061035156,34.18000030517578,33.790000915527344,34.13999938964844,32.67257308959961,33744600
2023-07-12,34.41999816894531,34.599998474121094,34.27000045776367,34.36000061035156,32.88312530517578,46546000
2023-07-13,34.40999984741211,34.529998779296875,34.349998474121094,34.47999954223633,32.997962951660156,40453700
2023-07-14,34.72999954223633,34.7400016784668,34.20000076293945,34.25,32.7778434753418,47552700
2023-07-17,34.209999084472656,34.68000030517578,34.209999084472656,34.58000183105469,33.093666076660156,38568900
2023-07-18,34.65999984741211,35.0,34.61000061035156,34.970001220703125,33.466896057128906,47160800
2023-07-19,34.970001220703125,35.2599983215332,34.959999084472656,35.119998931884766,33.61045837402344,45599800
2023-07-20,35.060001373291016,35.38999938964844,35.04999923706055,35.380001068115234,33.85927963256836,45591500
2023-07-21,35.439998626708984,35.459999084472656,35.16999816894531,35.2599983215332,33.74443817138672,30615700
2023-07-24,35.279998779296875,35.709999084472656,35.27000045776367,35.599998474121094,34.069820404052734,32299800
2023-07-25,35.5,35.58000183105469,35.34000015258789,35.369998931884766,33.849700927734375,36218600
2023-07-26,35.33000183105469,35.689998626708984,35.279998779296875,35.58000183105469,34.050682067871094,35638700
2023-07-27,35.58000183105469,35.66999816894531,35.08000183105469,35.130001068115234,33.620025634765625,44072800
2023-07-28,35.40999984741211,35.41999816894531,35.0099983215332,35.20000076293945,33.687015533447266,32422700
2023-07-31,35.27000045776367,35.439998626708984,35.18000030517578,35.33000183105469,33.81142807006836,28627000
2023-08-01,35.2599983215332,35.36000061035156,35.13999938964844,35.33000183105469,33.81142807006836,26480300
2023-08-02,35.029998779296875,35.15999984741211,34.83000183105469,35.029998779296875,33.524314880371094,48923800
2023-08-03,34.81999969482422,35.130001068115234,34.720001220703125,35.04999923706055,33.54346466064453,31861600
2023-08-04,35.02000045776367,35.36000061035156,34.880001068115234,34.90999984741211,33.40948486328125,36195700
2023-08-07,35.130001068115234,35.459999084472656,35.119998931884766,35.400001525878906,33.878421783447266,33119300
2023-08-08,34.939998626708984,35.11000061035156,34.66999816894531,35.08000183105469,33.572174072265625,37254800
2023-08-09,35.060001373291016,35.15999984741211,34.779998779296875,34.81999969482422,33.32334518432617,38304200
2023-08-10,35.0,35.2599983215332,34.7599983215332,34.849998474121094,33.352054595947266,38097500
2023-08-11,34.7400016784668,34.97999954223633,34.65999984741211,34.91999816894531,33.41904067993164,27518700
2023-08-14,34.81999969482422,34.91999816894531,34.689998626708984,34.849998474121094,33.352054595947266,23773800
2023-08-15,34.560001373291016,34.599998474121094,34.16999816894531,34.209999084472656,32.73957061767578,57472100
2023-08-16,34.150001525878906,34.41999816894531,34.119998931884766,34.15999984741211,32.69171142578125,33566500
2023-08-17,34.27000045776367,34.31999969482422,33.88999938964844,33.9900016784668,32.52902603149414,38205400
2023-08-18,33.75,34.08000183105469,33.720001220703125,33.97999954223633,32.51945114135742,40860000
2023-08-21,34.029998779296875,34.099998474121094,33.66999816894531,33.939998626708984,32.481163024902344,32308300
2023-08-22,33.95000076293945,33.9900016784668,33.56999969482422,33.619998931884766,32.17491912841797,43133000
2023-08-23,33.68000030517578,33.959999084472656,33.630001068115234,33.95000076293945,32.490745544433594,30240500
2023-08-24,33.900001525878906,34.310001373291016,33.83000183105469,33.83000183105469,32.37590408325195,35784900
2023-08-25,33.970001220703125,34.119998931884766,33.709999084472656,33.9900016784668,32.52902603149414,40347200
2023-08-28,34.099998474121094,34.29999923706055,34.06999969482422,34.18000030517578,32.710853576660156,34905300
2023-08-29,34.150001525878906,34.5,34.099998474121094,34.4900016784668,33.00753402709961,43394300
2023-08-30,34.540000915527344,34.709999084472656,34.439998626708984,34.5099983215332,33.026668548583984,33799900
2023-08-31,34.61000061035156,34.619998931884766,34.34000015258789,34.380001068115234,32.90226364135742,27999700
2023-09-01,34.59000015258789,34.79999923706055,34.560001373291016,34.689998626708984,33.19894027709961,41075700
2023-09-05,34.650001525878906,34.790000915527344,34.33000183105469,34.34000015258789,32.863983154296875,38612300
2023-09-06,34.25,34.38999938964844,34.06999969482422,34.31999969482422,32.8448371887207,35672800
2023-09-07,34.18000030517578,34.380001068115234,34.130001068115234,34.22999954223633,32.758705139160156,47632600
2023-09-08,34.2599983215332,34.369998931884766,34.130001068115234,34.29999923706055,32.82569885253906,39720800
2023-09-11,34.459999084472656,34.63999938964844,34.369998931884766,34.459999084472656,32.978824615478516,28965100
2023-09-12,34.45000076293945,34.939998626708984,34.40999984741211,34.689998626708984,33.19894027709961,48615200
2023-09-13,34.849998474121094,34.88999938964844,34.560001373291016,34.689998626708984,33.19894027709961,31994900
2023-09-14,34.93000030517578,35.060001373291016,34.7599983215332,35.0099983215332,33.50518035888672,65685500
2023-09-15,34.779998779296875,35.040000915527344,34.7599983215332,34.83000183105469,33.332923889160156,51800200
2023-09-18,34.630001068115234,34.81999969482422,34.52000045776367,34.77000045776367,33.42424392700195,32458700
2023-09-19,34.79999923706055,34.869998931884766,34.5099983215332,34.72999954223633,33.38579559326172,36112900
2023-09-20,34.849998474121094,34.959999084472656,34.47999954223633,34.4900016784668,33.15508270263672,31618000
2023-09-21,34.369998931884766,34.369998931884766,33.91999816894531,33.91999816894531,32.607139587402344,48103300
2023-09-22,33.970001220703125,34.0,33.65999984741211,33.65999984741211,32.35720443725586,41688300
2023-09-25,33.59000015258789,33.7599983215332,33.47999954223633,33.7400016784668,32.434112548828125,40141700
2023-09-26,33.4900016784668,33.63999938964844,33.22999954223633,33.290000915527344,32.001522064208984,46165400
2023-09-27,33.380001068115234,33.380001068115234,32.95000076293945,33.2400016784668,31.953462600708008,49360900
2023-09-28,33.27000045776367,33.599998474121094,33.2599983215332,33.47999954223633,32.184165954589844,63638100
2023-09-29,33.63999938964844,33.689998626708984,33.09000015258789,33.16999816894531,31.88616371154785,52860500
2023-10-02,33.060001373291016,33.13999938964844,32.709999084472656,32.88999938964844,31.617006301879883,49350600
2023-10-03,32.72999954223633,32.81999969482422,32.2400016784668,32.369998931884766,31.11713218688965,52921800
2023-10-04,32.380001068115234,32.630001068115234,32.209999084472656,32.61000061035156,31.34784507751465,40136000
2023-10-05,32.52000045776367,32.81999969482422,32.45000076293945,32.7599983215332,31.49203872680664,41407800
2023-10-06,32.619998931884766,33.22999954223633,32.5099983215332,33.040000915527344,31.761199951171875,54057800
2023-10-09,32.7400016784668,33.130001068115234,32.709999084472656,33.060001373291016,31.780427932739258,61396600
2023-10-10,33.15999984741211,33.5099983215332,33.150001525878906,33.29999923706055,32.01113510131836,44743400
2023-10-11,33.400001525878906,33.529998779296875,33.099998474121094,33.349998474121094,32.05919647216797,35746400
2023-10-12,33.45000076293945,33.45000076293945,32.90999984741211,33.13999938964844,31.857330322265625,41991200
2023-10-13,33.349998474121094,33.65999984741211,33.029998779296875,33.209999084472656,31.924619674682617,53213800
2023-10-16,33.459999084472656,33.720001220703125,33.38999938964844,33.560001373291016,32.26107406616211,45589300
2023-10-17,33.40999984741211,33.939998626708984,33.400001525878906,33.720001220703125,32.414886474609375,41925200
2023-10-18,33.54999923706055,33.58000183105469,33.06999969482422,33.13999938964844,31.857330322265625,46942100
2023-10-19,33.08000183105469,33.2599983215332,32.68000030517578,32.70000076293945,31.434364318847656,66656200
2023-10-20,32.689998626708984,32.75,32.16999816894531,32.20000076293945,30.95371437072754,59921300
2023-10-23,32.130001068115234,32.36000061035156,31.969999313354492,32.0,30.76145362854004,55913700
2023-10-24,32.150001525878906,32.369998931884766,32.04999923706055,32.220001220703125,30.97294044494629,35825000
2023-10-25,32.099998474121094,32.31999969482422,32.0099983215332,32.099998474121094,30.857582092285156,59240100
2023-10-26,32.02000045776367,32.349998474121094,31.969999313354492,32.029998779296875,30.79029083251953,56046100
2023-10-27,31.989999771118164,32.029998779296875,31.360000610351562,31.450000762939453,30.232742309570312,73057300
2023-10-30,31.670000076293945,32.09000015258789,31.59000015258789,32.0099983215332,30.77106475830078,48978100
2023-10-31,32.06999969482422,32.369998931884766,32.0099983215332,32.36000061035156,31.10751724243164,41050100
2023-11-01,32.41999816894531,32.70000076293945,32.349998474121094,32.56999969482422,31.30939292907715,51764100
2023-11-02,32.869998931884766,33.36000061035156,32.810001373291016,33.34000015258789,32.049591064453125,47417000
2023-11-03,33.65999984741211,33.939998626708984,33.650001525878906,33.779998779296875,32.47256088256836,58801300
2023-11-06,33.869998931884766,33.91999816894531,33.5,33.68000030517578,32.37643051147461,40599700
2023-11-07,33.58000183105469,33.709999084472656,33.52000045776367,33.630001068115234,32.32836151123047,27442000
2023-11-08,33.619998931884766,33.70000076293945,33.459999084472656,33.66999816894531,32.3668098449707,30165800
2023-11-09,33.779998779296875,33.83000183105469,33.470001220703125,33.529998779296875,32.23223876953125,34336600
2023-11-10,33.689998626708984,33.939998626708984,33.4900016784668,33.90999984741211,32.5975227355957,35146100
2023-11-13,33.790000915527344,33.95000076293945,33.7400016784668,33.86000061035156,32.54946517944336,28327300
2023-11-14,34.22999954223633,34.689998626708984,34.20000076293945,34.5,33.16468811035156,54296300
2023-11-15,34.560001373291016,34.790000915527344,34.54999923706055,34.689998626708984,33.34733963012695,35000200
2023-11-16,34.790000915527344,34.869998931884766,34.68000030517578,34.83000183105469,33.48192596435547,33222500
2023-11-17,34.959999084472656,35.02000045776367,34.869998931884766,35.0099983215332,33.65495300292969,31336100
2023-11-20,34.959999084472656,35.22999954223633,34.88999938964844,35.150001525878906,33.78953170776367,37285400
2023-11-21,35.099998474121094,35.220001220703125,35.06999969482422,35.130001068115234,33.77030944824219,27285700
2023-11-22,35.209999084472656,35.34000015258789,35.150001525878906,35.27000045776367,33.90488815307617,32719200
2023-11-24,35.27000045776367,35.439998626708984,35.2599983215332,35.380001068115234,34.0106315612793,13168500
2023-11-27,35.25,35.31999969482422,35.18000030517578,35.2599983215332,33.89527893066406,35017000
2023-11-28,35.220001220703125,35.369998931884766,35.15999984741211,35.25,33.88566207885742,39329300
2023-11-29,35.349998474121094,35.709999084472656,35.349998474121094,35.5,34.12598419189453,36651300
2023-11-30,35.58000183105469,35.900001525878906,35.470001220703125,35.900001525878906,34.5105094909668,37334500
2023-12-01,35.84000015258789,36.209999084472656,35.779998779296875,36.16999816894531,34.770057678222656,51267600
2023-12-04,35.959999084472656,36.27000045776367,35.91999816894531,36.130001068115234,34.73160171508789,41366600
2023-12-05,36.02000045776367,36.029998779296875,35.790000915527344,35.95000076293945,34.558570861816406,39510900
2023-12-06,36.150001525878906,36.279998779296875,35.720001220703125,35.77000045776367,34.38554000854492,35616100
2023-12-07,35.86000061035156,35.959999084472656,35.77000045776367,35.939998626708984,34.54895782470703,26050900
2023-12-08,35.900001525878906,36.189998626708984,35.86000061035156,36.130001068115234,34.73160171508789,33213100
2023-12-11,36.13999938964844,36.41999816894531,36.13999938964844,36.349998474121094,34.94308090209961,31165700
2023-12-12,36.439998626708984,36.619998931884766,36.290000915527344,36.61000061035156,35.193023681640625,37245700
2023-12-13,36.619998931884766,37.2400016784668,36.54999923706055,37.20000076293945,35.760189056396484,56989000
2023-12-14,37.5,37.709999084472656,37.369998931884766,37.56999969482422,36.115867614746094,66865700
2023-12-15,37.2599983215332,37.439998626708984,37.189998626708984,37.349998474121094,35.904388427734375,69246200
2023-12-18,37.349998474121094,37.41999816894531,37.25,37.290000915527344,36.0241813659668,43434000
2023-12-19,37.27000045776367,37.58000183105469,37.16999816894531,37.56999969482422,36.29467010498047,32509000
2023-12-20,37.470001220703125,37.560001373291016,36.900001525878906,36.900001525878906,35.64741897583008,52985700
2023-12-21,37.060001373291016,37.27000045776367,36.91999816894531,37.2599983215332,35.99518585205078,27522200
2023-12-22,37.369998931884766,37.4900016784668,37.20000076293945,37.34000015258789,36.07247543334961,30331400
2023-12-26,37.369998931884766,37.560001373291016,37.310001373291016,37.4900016784668,36.21738815307617,17837600
2023-12-27,37.40999984741211,37.61000061035156,37.349998474121094,37.61000061035156,36.33331298828125,32640800
2023-12-28,37.54999923706055,37.79999923706055,37.540000915527344,37.720001220703125,36.43958282470703,25308000
2023-12-29,37.709999084472656,37.77000045776367,37.4900016784668,37.599998474121094,36.32365417480469,30218300
2024-01-02,37.5,37.779998779296875,37.43000030517578,37.7599983215332,36.47821807861328,31351900
2024-01-03,37.59000015258789,37.650001525878906,37.380001068115234,37.439998626708984,36.1690788269043,46909000
2024-01-04,37.56999969482422,37.88999938964844,37.52000045776367,37.59000015258789,36.313987731933594,36904200
2024-01-05,37.59000015258789,37.95000076293945,37.56999969482422,37.75,36.46855545043945,44852300
2024-01-08,37.7599983215332,38.0099983215332,37.560001373291016,37.9900016784668,36.70042037963867,39098300
2024-01-09,37.790000915527344,37.79999923706055,37.630001068115234,37.75,36.46855545043945,36338100
2024-01-10,37.689998626708984,37.84000015258789,37.56999969482422,37.810001373291016,36.52652359008789,37095500
2024-01-11,37.7599983215332,37.810001373291016,37.369998931884766,37.66999816894531,36.39127731323242,49043500
2024-01-12,37.849998474121094,37.9900016784668,37.45000076293945,37.599998474121094,36.32365417480469,41333900
2024-01-16,37.279998779296875,37.40999984741211,37.130001068115234,37.34000015258789,36.07247543334961,44042100
2024-01-17,37.02000045776367,37.41999816894531,37.0,37.27000045776367,36.00485610961914,38715900
2024-01-18,37.220001220703125,37.369998931884766,36.95000076293945,37.33000183105469,36.06282043457031,42064900
2024-01-19,37.470001220703125,37.97999954223633,37.349998474121094,37.93000030517578,36.642452239990234,59417700
2024-01-22,38.09000015258789,38.29999923706055,38.02000045776367,38.11000061035156,36.81634521484375,51828800
2024-01-23,38.09000015258789,38.20000076293945,38.0099983215332,38.16999816894531,36.87429428100586,46255500
2024-01-24,38.33000183105469,38.529998779296875,38.290000915527344,38.31999969482422,37.01921463012695,43975500
2024-01-25,38.470001220703125,38.54999923706055,38.27000045776367,38.5099983215332,37.2027587890625,50693800
2024-01-26,38.45000076293945,38.720001220703125,38.40999984741211,38.650001525878906,37.33802032470703,38620200
2024-01-29,38.529998779296875,38.779998779296875,38.43000030517578,38.75,37.43461608886719,44175600
2024-01-30,38.790000915527344,39.279998779296875,38.77000045776367,39.2400016784668,37.90798568725586,43229300
2024-01-31,39.15999984741211,39.45000076293945,38.7400016784668,38.7599983215332,37.444278717041016,65780900
2024-02-01,38.689998626708984,38.849998474121094,38.25,38.81999969482422,37.502235412597656,63445600
2024-02-02,38.689998626708984,39.15999984741211,38.66999816894531,38.97999954223633,37.65679931640625,61778400
2024-02-05,38.7599983215332,38.880001068115234,38.58000183105469,38.75,37.43461608886719,37351300
2024-02-06,38.70000076293945,38.88999938964844,38.650001525878906,38.83000183105469,37.51190185546875,41055700
2024-02-07,39.040000915527344,39.16999816894531,38.77000045776367,39.119998931884766,37.792057037353516,39018700
2024-02-08,38.939998626708984,39.09000015258789,38.720001220703125,38.970001220703125,37.647151947021484,47331500
2024-02-09,38.91999816894531,39.099998474121094,38.81999969482422,39.08000183105469,37.75341033935547,50680400
2024-02-12,39.08000183105469,39.43000030517578,38.9900016784668,39.2599983215332,37.92729949951172,39952700
2024-02-13,38.959999084472656,39.060001373291016,38.41999816894531,38.72999954223633,37.4152946472168,62948300
2024-02-14,38.959999084472656,39.130001068115234,38.810001373291016,39.099998474121094,37.772735595703125,58722500
2024-02-15,39.220001220703125,39.849998474121094,39.209999084472656,39.77000045776367,38.41999053955078,58107900
2024-02-16,39.72999954223633,39.810001373291016,39.54999923706055,39.630001068115234,38.28474044799805,37900000
2024-02-20,39.349998474121094,39.65999984741211,39.31999969482422,39.52000045776367,38.178470611572266,39952200
2024-02-21,39.470001220703125,39.63999938964844,39.33000183105469,39.63999938964844,38.29439926147461,40242400
2024-02-22,39.86000061035156,40.2400016784668,39.790000915527344,40.099998474121094,38.73878860473633,55188200
2024-02-23,40.25,40.470001220703125,40.220001220703125,40.29999923706055,38.93199920654297,42190500
2024-02-26,40.2599983215332,40.529998779296875,40.029998779296875,40.099998474121094,38.73878860473633,38370000
2024-02-27,40.13999938964844,40.220001220703125,39.939998626708984,40.209999084472656,38.84505081176758,42599500
2024-02-28,40.130001068115234,40.5,40.119998931884766,40.36000061035156,38.989959716796875,40040800
2024-02-29,40.459999084472656,40.54999923706055,40.16999816894531,40.34000015258789,38.97063446044922,37629700
2024-03-01,40.33000183105469,40.41999816894531,40.15999984741211,40.290000915527344,38.92233657836914,40794900
2024-03-04,40.220001220703125,40.5,40.209999084472656,40.38999938964844,39.018943786621094,53413200
2024-03-05,40.25,40.630001068115234,40.25,40.400001525878906,39.02860641479492,50770200
2024-03-06,40.459999084472656,40.72999954223633,40.279998779296875,40.61000061035156,39.231475830078125,58459500
2024-03-07,40.7599983215332,40.84000015258789,40.400001525878906,40.54999923706055,39.17351150512695,35505100
2024-03-08,40.61000061035156,40.83000183105469,40.56999969482422,40.619998931884766,39.24113464355469,47266600
2024-03-11,40.470001220703125,40.72999954223633,40.400001525878906,40.689998626708984,39.30875778198242,36233100
2024-03-12,40.779998779296875,40.97999954223633,40.63999938964844,40.86000061035156,39.47299575805664,53199300
2024-03-13,40.939998626708984,41.16999816894531,40.90999984741211,41.15999984741211,39.7628059387207,43471400
2024-03-14,41.16999816894531,41.25,40.61000061035156,40.83000183105469,39.444007873535156,65563400
2024-03-15,40.599998474121094,40.97999954223633,40.52000045776367,40.790000915527344,39.40536880493164,67568000
2024-03-18,40.779998779296875,40.91999816894531,40.58000183105469,40.869998931884766,39.63130187988281,39140600
2024-03-19,40.900001525878906,41.09000015258789,40.880001068115234,41.06999969482422,39.82524871826172,36748300
2024-03-20,41.02000045776367,41.59000015258789,40.95000076293945,41.560001373291016,40.30039596557617,52255300
2024-03-21,41.65999984741211,42.0,41.61000061035156,41.900001525878906,40.630088806152344,49209200
2024-03-22,41.95000076293945,42.040000915527344,41.38999938964844,41.41999816894531,40.164634704589844,32033000
2024-03-25,41.38999938964844,41.459999084472656,41.2599983215332,41.2599983215332,40.00947952270508,31784000
2024-03-26,41.40999984741211,41.529998779296875,41.27000045776367,41.400001525878906,40.145240783691406,30135500
2024-03-27,41.599998474121094,41.900001525878906,41.4900016784668,41.88999938964844,40.620384216308594,36670300
2024-03-28,41.939998626708984,42.220001220703125,41.869998931884766,42.119998931884766,40.843421936035156,41490200
2024-04-01,42.15999984741211,42.20000076293945,41.810001373291016,41.88999938964844,40.620384216308594,37537700
2024-04-02,41.7599983215332,41.81999969482422,41.599998474121094,41.66999816894531,40.40705108642578,36359800
2024-04-03,41.68000030517578,41.959999084472656,41.540000915527344,41.650001525878906,40.387664794921875,39715900
2024-04-04,42.0,42.08000183105469,41.130001068115234,41.18000030517578,39.93190383911133,52657500
2024-04-05,41.34000015258789,41.68000030517578,41.20000076293945,41.56999969482422,40.31008529663086,47540300
2024-04-08,41.58000183105469,41.81999969482422,41.560001373291016,41.75,40.4846305847168,35165700
2024-04-09,41.77000045776367,41.880001068115234,41.18000030517578,41.5099983215332,40.25190734863281,51953600
2024-04-10,41.11000061035156,41.27000045776367,40.7599983215332,40.88999938964844,39.650699615478516,59492800
2024-04-11,40.869998931884766,40.93000030517578,40.349998474121094,40.599998474121094,39.369483947753906,56870800
2024-04-12,40.33000183105469,40.5,39.90999984741211,40.060001373291016,38.84585189819336,81234800
2024-04-15,40.58000183105469,40.7400016784668,39.7400016784668,39.86000061035156,38.651920318603516,71800600
2024-04-16,39.88999938964844,39.97999954223633,39.529998779296875,39.59000015258789,38.390106201171875,66751300
2024-04-17,39.77000045776367,39.95000076293945,39.529998779296875,39.689998626708984,38.48706817626953,41561900
2024-04-18,39.869998931884766,40.18000030517578,39.7400016784668,39.83000183105469,38.622825622558594,48893400
2024-04-19,40.04999923706055,40.459999084472656,39.970001220703125,40.380001068115234,39.15615463256836,55513600
2024-04-22,40.599998474121094,41.099998474121094,40.43000030517578,40.869998931884766,39.63130187988281,50701200
2024-04-23,41.060001373291016,41.22999954223633,40.95000076293945,41.130001068115234,39.88343048095703,36488600
2024-04-24,41.02000045776367,41.18000030517578,40.90999984741211,41.119998931884766,39.87372970581055,33957500
2024-04-25,40.91999816894531,41.029998779296875,40.529998779296875,40.880001068115234,39.6410026550293,50365700
2024-04-26,40.810001373291016,41.04999923706055,40.720001220703125,40.81999969482422,39.582820892333984,35796900
2024-04-29,40.810001373291016,40.9900016784668,40.61000061035156,40.7599983215332,39.52463912963867,36596100
2024-04-30,40.66999816894531,40.7599983215332,40.36000061035156,40.36000061035156,39.136756896972656,34481600
2024-05-01,40.33000183105469,40.849998474121094,40.279998779296875,40.36000061035156,39.136756896972656,54717600
2024-05-02,40.63999938964844,40.70000076293945,40.16999816894531,40.459999084472656,39.233726501464844,37085100
2024-05-03,40.70000076293945,40.790000915527344,40.349998474121094,40.54999923706055,39.32099914550781,45012600
2024-05-06,40.86000061035156,41.06999969482422,40.77000045776367,41.06999969482422,39.82524871826172,42335600
2024-05-07,41.16999816894531,41.290000915527344,41.099998474121094,41.209999084472656,39.96100616455078,42601200
2024-05-08,41.16999816894531,41.43000030517578,41.060001373291016,41.36000061035156,40.106449127197266,28390900
2024-05-09,41.2599983215332,41.66999816894531,41.25,41.66999816894531,40.40705108642578,31594800
2024-05-10,41.81999969482422,41.90999984741211,41.77000045776367,41.83000183105469,40.56221389770508,34306800
2024-05-13,41.95000076293945,42.02000045776367,41.65999984741211,41.65999984741211,40.39736557006836,29570100
2024-05-14,41.81999969482422,41.900001525878906,41.65999984741211,41.869998931884766,40.60099411010742,30638300
2024-05-15,41.970001220703125,42.220001220703125,41.959999084472656,42.18000030517578,40.9015998840332,36138300
2024-05-16,42.220001220703125,42.380001068115234,42.15999984741211,42.18000030517578,40.9015998840332,36032700
2024-05-17,42.25,42.4900016784668,42.20000076293945,42.4900016784668,41.20220184326172,29813200
2024-05-20,42.400001525878906,42.459999084472656,41.88999938964844,41.90999984741211,40.6397819519043,35719600
2024-05-21,41.9900016784668,42.220001220703125,41.970001220703125,42.18000030517578,40.9015998840332,33413400
2024-05-22,42.09000015258789,42.27000045776367,41.849998474121094,41.939998626708984,40.66887283325195,38661100
2024-05-23,41.900001525878906,41.939998626708984,41.20000076293945,41.36000061035156,40.106449127197266,51768500
2024-05-24,41.439998626708984,41.619998931884766,41.439998626708984,41.61000061035156,40.348876953125,23477300
2024-05-28,41.52000045776367,41.52000045776367,41.0,41.150001525878906,39.9028205871582,31004900
2024-05-29,40.81999969482422,40.95000076293945,40.70000076293945,40.81999969482422,39.582820892333984,40620200
2024-05-30,40.86000061035156,41.130001068115234,40.7599983215332,41.040000915527344,39.79615020751953,32769300
2024-05-31,41.119998931884766,41.68000030517578,41.0,41.63999938964844,40.37796401977539,38664000
2024-06-03,41.630001068115234,41.68000030517578,41.02000045776367,41.380001068115234,40.12584686279297,37855000
2024-06-04,41.15999984741211,41.5,41.0,41.189998626708984,39.94160842895508,27586400
2024-06-05,41.31999969482422,41.36000061035156,41.0099983215332,41.310001373291016,40.0579719543457,23817300
2024-06-06,41.380001068115234,41.5,41.130001068115234,41.290000915527344,40.03857421875,39040200
2024-06-07,41.29999923706055,41.709999084472656,41.220001220703125,41.47999954223633,40.222816467285156,42273300
2024-06-10,41.29999923706055,41.369998931884766,41.04999923706055,41.31999969482422,40.06766128540039,31615200
2024-06-11,41.119998931884766,41.13999938964844,40.650001525878906,40.849998474121094,39.611907958984375,54584900
2024-06-12,41.27000045776367,41.31999969482422,40.75,40.810001373291016,39.573123931884766,46399800
2024-06-13,40.810001373291016,40.81999969482422,40.5,40.779998779296875,39.544029235839844,39497900
2024-06-14,40.5,40.72999954223633,40.369998931884766,40.650001525878906,39.417972564697266,29083000
2024-06-17,40.54999923706055,41.02000045776367,40.47999954223633,41.0099983215332,39.767059326171875,36076900
2024-06-18,40.959999084472656,41.27000045776367,40.91999816894531,41.27000045776367,40.0191764831543,38900300
2024-06-20,41.18000030517578,41.599998474121094,41.13999938964844,41.4900016784668,40.232513427734375,42869100
2024-06-21,41.38999938964844,41.43000030517578,41.09000015258789,41.33000183105469,40.077362060546875,42530600
2024-06-24,41.34000015258789,41.849998474121094,41.2400016784668,41.59000015258789,40.489166259765625,45252000
2024-06-25,41.5099983215332,41.63999938964844,41.15999984741211,41.279998779296875,40.18737030029297,32845400
2024-06-26,41.09000015258789,41.11000061035156,40.81999969482422,41.02000045776367,39.93425369262695,37978500
2024-06-27,40.900001525878906,41.02000045776367,40.720001220703125,40.970001220703125,39.88557815551758,25466100
2024-06-28,41.060001373291016,41.369998931884766,40.939998626708984,41.11000061035156,40.02186584472656,44045100
2024-07-01,41.279998779296875,41.54999923706055,41.029998779296875,41.20000076293945,40.109493255615234,36131100
2024-07-02,41.119998931884766,41.68000030517578,41.099998474121094,41.68000030517578,40.576786041259766,27033100
2024-07-03,41.720001220703125,41.7599983215332,41.529998779296875,41.54999923706055,40.450225830078125,21113200
2024-07-05,41.63999938964844,41.63999938964844,41.29999923706055,41.540000915527344,40.440486907958984,21421100
2024-07-08,41.599998474121094,41.849998474121094,41.380001068115234,41.43000030517578,40.333404541015625,27779300
2024-07-09,41.470001220703125,42.02000045776367,41.41999816894531,41.75,40.644927978515625,33140000
2024-07-10,41.54999923706055,41.91999816894531,41.529998779296875,41.90999984741211,40.800689697265625,28445400
2024-07-11,41.95000076293945,42.310001373291016,41.81999969482422,42.2400016784668,41.12196731567383,45836600
2024-07-12,42.189998626708984,42.560001373291016,42.08000183105469,42.380001068115234,41.25825500488281,39041200
2024-07-15,42.529998779296875,43.040000915527344,42.5,43.0,41.861846923828125,46561200
2024-07-16,43.029998779296875,43.5099983215332,42.95000076293945,43.4900016784668,42.33887481689453,52243100
2024-07-17,43.439998626708984,43.900001525878906,43.369998931884766,43.81999969482422,42.66014099121094,54773300
2024-07-18,43.66999816894531,44.11000061035156,43.189998626708984,43.290000915527344,42.1441650390625,58731300
2024-07-19,43.27000045776367,43.36000061035156,42.79999923706055,42.849998474121094,41.71581268310547,47220000
2024-07-22,42.95000076293945,43.16999816894531,42.75,43.09000015258789,41.94945526123047,29071100
2024-07-23,43.20000076293945,43.38999938964844,43.099998474121094,43.16999816894531,42.027339935302734,23800400
2024-07-24,43.040000915527344,43.130001068115234,42.58000183105469,42.58000183105469,41.45296096801758,47786900
2024-07-25,42.65999984741211,43.369998931884766,42.650001525878906,42.7400016784668,41.60873031616211,44862000
2024-07-26,42.970001220703125,43.540000915527344,42.95000076293945,43.40999984741211,42.26099395751953,32636300
2024-07-29,43.5099983215332,43.540000915527344,43.130001068115234,43.349998474121094,42.202579498291016,35195700
2024-07-30,43.619998931884766,44.0,43.599998474121094,43.849998474121094,42.68934631347656,31418700
2024-07-31,43.95000076293945,44.11000061035156,43.709999084472656,43.7400016784668,42.58226013183594,38694800
2024-08-01,43.900001525878906,43.959999084472656,42.93000030517578,43.119998931884766,41.97866439819336,47060900
2024-08-02,42.630001068115234,42.779998779296875,41.79999923706055,42.060001373291016,40.94672775268555,78599800
2024-08-05,41.13999938964844,41.22999954223633,40.65999984741211,40.84000015258789,39.7590217590332,107913600
2024-08-06,41.02000045776367,41.9900016784668,40.90999984741211,41.5,40.401546478271484,57668900
2024-08-07,41.959999084472656,42.36000061035156,41.4900016784668,41.54999923706055,40.450225830078125,43912600
2024-08-08,41.81999969482422,42.27000045776367,41.7599983215332,42.220001220703125,41.10249710083008,41260500
2024-08-09,42.209999084472656,42.5099983215332,42.040000915527344,42.400001525878906,41.27772521972656,23838800
2024-08-12,42.47999954223633,42.59000015258789,42.09000015258789,42.18000030517578,41.06354904174805,20509300
2024-08-13,42.43000030517578,42.560001373291016,42.119998931884766,42.529998779296875,41.4042854309082,24922000
2024-08-14,42.630001068115234,43.130001068115234,42.599998474121094,43.04999923706055,41.9105224609375,30673000
2024-08-15,43.459999084472656,43.689998626708984,43.310001373291016,43.45000076293945,42.2999382019043,33329000
2024-08-16,43.400001525878906,43.77000045776367,43.400001525878906,43.77000045776367,42.61146545410156,25338900
2024-08-19,43.779998779296875,44.02000045776367,43.779998779296875,44.0099983215332,42.8451042175293,24458600
2024-08-20,43.959999084472656,44.0,43.779998779296875,43.869998931884766,42.70882034301758,19620400
2024-08-21,43.939998626708984,43.9900016784668,43.56999969482422,43.79999923706055,42.64066696166992,19914100
2024-08-22,43.849998474121094,44.04999923706055,43.810001373291016,44.04999923706055,42.88404846191406,24738700
2024-08-23,44.18000030517578,44.540000915527344,44.09000015258789,44.43000030517578,43.25399398803711,32762500
2024-08-26,44.58000183105469,44.810001373291016,44.470001220703125,44.56999969482422,43.390281677246094,23716300
2024-08-27,44.65999984741211,44.81999969482422,44.58000183105469,44.79999923706055,43.614200592041016,21583500
2024-08-28,44.68000030517578,45.15999984741211,44.63999938964844,44.90999984741211,43.72129440307617,24726200
2024-08-29,45.060001373291016,45.459999084472656,44.75,45.310001373291016,44.1107063293457,33726600
2024-08-30,45.439998626708984,45.779998779296875,45.22999954223633,45.7400016784668,44.529319763183594,28967700
2024-09-03,45.5,45.880001068115234,45.189998626708984,45.400001525878906,44.19832229614258,39893900
2024-09-04,45.47999954223633,45.77000045776367,45.220001220703125,45.45000076293945,44.24700164794922,32006100
2024-09-05,45.63999938964844,45.65999984741211,44.75,44.95000076293945,43.760231018066406,39523500
2024-09-06,44.95000076293945,45.20000076293945,44.189998626708984,44.290000915527344,43.117706298828125,51331300
2024-09-09,44.709999084472656,45.20000076293945,44.650001525878906,44.95000076293945,43.760231018066406,41010900
2024-09-10,45.099998474121094,45.13999938964844,43.97999954223633,44.4900016784668,43.31240463256836,59115000
2024-09-11,44.31999969482422,44.349998474121094,43.380001068115234,44.279998779296875,43.10795974731445,59397500
2024-09-12,44.36000061035156,44.52000045776367,44.0,44.380001068115234,43.20531463623047,37732700
2024-09-13,44.5099983215332,44.689998626708984,44.40999984741211,44.5099983215332,43.33187484741211,32912300
2024-09-16,44.70000076293945,45.099998474121094,44.70000076293945,45.09000015258789,43.896522521972656,37063700
2024-09-17,45.189998626708984,45.47999954223633,45.13999938964844,45.33000183105469,44.13017272949219,27893300
2024-09-18,45.349998474121094,45.689998626708984,45.09000015258789,45.189998626708984,43.99388122558594,41783900
2024-09-19,45.650001525878906,45.810001373291016,45.34000015258789,45.689998626708984,44.48064041137695,46457700
2024-09-20,45.59000015258789,45.65999984741211,45.34000015258789,45.65999984741211,44.451438903808594,48699200
2024-09-23,45.4900016784668,45.66999816894531,45.36000061035156,45.439998626708984,44.39769744873047,31615300
2024-09-24,45.29999923706055,45.29999923706055,44.900001525878906,45.060001373291016,44.02641677856445,40341400
2024-09-25,45.08000183105469,45.13999938964844,44.650001525878906,44.790000915527344,43.762611389160156,32546900
2024-09-26,44.91999816894531,45.11000061035156,44.77000045776367,45.02000045776367,43.987335205078125,31445200
2024-09-27,45.119998931884766,45.439998626708984,45.04999923706055,45.150001525878906,44.11435317993164,23226100
2024-09-30,45.040000915527344,45.34000015258789,44.84000015258789,45.31999969482422,44.280452728271484,23593400
2024-10-01,45.20000076293945,45.310001373291016,44.779998779296875,45.08000183105469,44.04595947265625,32703000
2024-10-02,45.060001373291016,45.22999954223633,44.83000183105469,45.130001068115234,44.09480667114258,37709400
2024-10-03,44.959999084472656,45.04999923706055,44.66999816894531,44.88999938964844,43.86031723022461,23545700
2024-10-04,45.33000183105469,45.689998626708984,45.150001525878906,45.650001525878906,44.602882385253906,40432000
2024-10-07,45.650001525878906,45.66999816894531,44.900001525878906,45.09000015258789,44.05572509765625,26599300
2024-10-08,45.2599983215332,45.459999084472656,45.18000030517578,45.349998474121094,44.30976486206055,28763000
2024-10-09,45.349998474121094,45.86000061035156,45.2599983215332,45.77000045776367,44.720130920410156,28334300
2024-10-10,45.81999969482422,45.86000061035156,45.439998626708984,45.630001068115234,44.58333969116211,34127400
2024-10-11,45.91999816894531,46.599998474121094,45.88999938964844,46.5099983215332,45.44315719604492,52850300
2024-10-14,46.59000015258789,46.849998474121094,46.459999084472656,46.79999923706055,45.726505279541016,35850800
2024-10-15,47.119998931884766,47.38999938964844,46.84000015258789,46.900001525878906,45.824214935302734,42356800
2024-10-16,47.08000183105469,47.5,46.9900016784668,47.47999954223633,46.39090347290039,44973700
2024-10-17,47.68000030517578,47.810001373291016,47.58000183105469,47.61000061035156,46.51792526245117,45823400
2024-10-18,47.61000061035156,47.720001220703125,47.349998474121094,47.619998931884766,46.52769088745117,34279600
2024-10-21,47.540000915527344,47.650001525878906,47.150001525878906,47.2400016784668,46.156410217285156,26207400
2024-10-22,47.0,47.22999954223633,46.779998779296875,47.150001525878906,46.068477630615234,30018700
2024-10-23,47.099998474121094,47.220001220703125,46.880001068115234,47.11000061035156,46.029388427734375,20697200
2024-10-24,47.119998931884766,47.209999084472656,46.86000061035156,47.150001525878906,46.068477630615234,19617500
2024-10-25,47.34000015258789,47.41999816894531,46.52000045776367,46.630001068115234,45.56040573120117,25526500
2024-10-28,46.869998931884766,47.25,46.86000061035156,47.209999084472656,46.12709426879883,31415900
2024-10-29,47.09000015258789,47.220001220703125,46.880001068115234,46.91999816894531,45.843753814697266,27930900
2024-10-30,46.97999954223633,47.43000030517578,46.939998626708984,47.130001068115234,46.04893493652344,28704300
2024-10-31,47.06999969482422,47.209999084472656,46.47999954223633,46.47999954223633,45.41384506225586,53417100
2024-11-01,46.630001068115234,47.0,46.52000045776367,46.63999938964844,45.57017135620117,40139900
2024-11-04,46.61000061035156,46.650001525878906,46.029998779296875,46.279998779296875,45.21842956542969,41705600
2024-11-05,46.31999969482422,46.72999954223633,46.22999954223633,46.709999084472656,45.63856887817383,35221800
2024-11-06,49.040000915527344,49.68000030517578,48.70000076293945,49.54999923706055,48.41342544555664,153473400
2024-11-07,49.439998626708984,49.439998626708984,48.65999984741211,48.75,47.63177490234375,70611400
2024-11-08,49.099998474121094,49.470001220703125,48.849998474121094,49.189998626708984,48.061683654785156,60376500
2024-11-11,49.68000030517578,50.13999938964844,49.66999816894531,49.88999938964844,48.74562072753906,63654700
2024-11-12,49.869998931884766,49.939998626708984,49.59000015258789,49.7400016784668,48.599063873291016,58512400
2024-11-13,49.84000015258789,50.130001068115234,49.689998626708984,49.77000045776367,48.62837600708008,31880700
2024-11-14,49.880001068115234,49.9900016784668,49.54999923706055,49.63999938964844,48.5013542175293,38252800
2024-11-15,49.63999938964844,50.0099983215332,49.61000061035156,49.869998931884766,48.72608184814453,40741500
2024-11-18,49.90999984741211,50.11000061035156,49.70000076293945,50.02000045776367,48.872642517089844,27141600
2024-11-19,49.619998931884766,49.880001068115234,49.41999816894531,49.689998626708984,48.550209045410156,27014700
2024-11-20,49.88999938964844,49.91999816894531,49.29999923706055,49.540000915527344,48.40365219116211,33932500
2024-11-21,49.790000915527344,50.400001525878906,49.65999984741211,50.16999816894531,49.019203186035156,50881800
2024-11-22,50.13999938964844,50.779998779296875,50.130001068115234,50.72999954223633,49.56635665893555,42050800
2024-11-25,51.0099983215332,51.25,50.86000061035156,51.060001373291016,49.888790130615234,47492500
2024-11-26,51.08000183105469,51.2599983215332,50.7599983215332,51.15999984741211,49.98649597167969,28418400
2024-11-27,51.22999954223633,51.619998931884766,51.209999084472656,51.2599983215332,50.08420181274414,31803700
2024-11-29,51.439998626708984,51.56999969482422,51.25,51.34000015258789,50.1623649597168,15178400
2024-12-02,51.41999816894531,51.4900016784668,50.70000076293945,50.83000183105469,49.664066314697266,55483600
2024-12-03,51.130001068115234,51.130001068115234,50.45000076293945,50.45000076293945,49.29277801513672,46924300
2024-12-04,50.400001525878906,50.439998626708984,50.09000015258789,50.2599983215332,49.107139587402344,41017400
2024-12-05,50.34000015258789,50.66999816894531,50.29999923706055,50.40999984741211,49.253692626953125,33599300
2024-12-06,50.400001525878906,50.56999969482422,50.2599983215332,50.400001525878906,49.243927001953125,23439400
2024-12-09,50.439998626708984,50.4900016784668,49.689998626708984,49.709999084472656,48.56975555419922,41998300
2024-12-10,49.75,49.97999954223633,49.38999938964844,49.70000076293945,48.55998229980469,38861800
2024-12-11,49.900001525878906,49.91999816894531,49.58000183105469,49.79999923706055,48.65768814086914,35035900
2024-12-12,49.93000030517578,49.970001220703125,49.58000183105469,49.58000183105469,48.44274139404297,23107300
2024-12-13,49.779998779296875,49.79999923706055,49.43000030517578,49.540000915527344,48.40365219116211,39160400
2024-12-16,49.56999969482422,49.630001068115234,49.36000061035156,49.45000076293945,48.31571960449219,35242800
2024-12-17,49.2599983215332,49.27000045776367,48.93000030517578,49.099998474121094,47.97373962402344,46103300
2024-12-18,49.189998626708984,49.29999923706055,47.59000015258789,47.630001068115234,46.53746795654297,72399500
2024-12-19,48.16999816894531,48.529998779296875,47.790000915527344,47.79999923706055,46.70356369018555,63641000
2024-12-20,47.70000076293945,48.88999938964844,47.599998474121094,48.5099983215332,47.39727783203125,56066100
2024-12-23,48.060001373291016,48.459999084472656,47.869998931884766,48.41999816894531,47.51110076904297,43033300
2024-12-24,48.52000045776367,49.0099983215332,48.43000030517578,48.9900016784668,48.070404052734375,18350500
2024-12-26,48.77000045776367,49.130001068115234,48.7400016784668,49.11000061035156,48.188148498535156,20805600
2024-12-27,48.849998474121094,49.16999816894531,48.4900016784668,48.75,47.834903717041016,33852400
2024-12-30,48.25,48.5,47.86000061035156,48.279998779296875,47.37372970581055,34819800
2024-12-31,48.400001525878906,48.56999969482422,48.15999984741211,48.33000183105469,47.42279815673828,25170500
2025-01-02,48.58000183105469,48.77000045776367,47.939998626708984,48.209999084472656,47.30503845214844,35879100
2025-01-03,48.4900016784668,48.619998931884766,48.08000183105469,48.59000015258789,47.67790985107422,25198100
2025-01-06,48.79999923706055,49.02000045776367,48.349998474121094,48.439998626708984,47.530723571777344,54289900
2025-01-07,48.650001525878906,48.7599983215332,48.119998931884766,48.33000183105469,47.42279815673828,57682700
2025-01-08,48.34000015258789,48.5,48.02000045776367,48.4900016784668,47.57978820800781,36422000
2025-01-10,48.099998474121094,48.13999938964844,47.150001525878906,47.31999969482422,46.43174743652344,53128700
2025-01-13,47.08000183105469,47.68000030517578,47.040000915527344,47.65999984741211,46.7653694152832,36002800
2025-01-14,47.849998474121094,48.290000915527344,47.7400016784668,48.25,47.34429168701172,39353300
2025-01-15,49.279998779296875,49.61000061035156,49.0099983215332,49.47999954223633,48.55120086669922,61176900
2025-01-16,49.459999084472656,49.849998474121094,49.459999084472656,49.810001373291016,48.87500762939453,33830400
2025-01-17,49.90999984741211,50.31999969482422,49.72999954223633,50.22999954223633,49.28712463378906,43693100
2025-01-21,50.400001525878906,50.709999084472656,50.38999938964844,50.650001525878906,49.69923782348633,33267500
2025-01-22,50.650001525878906,50.65999984741211,50.209999084472656,50.40999984741211,49.4637451171875,37226400
2025-01-23,50.4900016784668,50.790000915527344,50.47999954223633,50.70000076293945,49.7483024597168,32048800
2025-01-24,50.529998779296875,50.900001525878906,50.47999954223633,50.849998474121094,49.89548110961914,39088700
2025-01-27,50.7599983215332,51.439998626708984,50.619998931884766,51.40999984741211,50.44497299194336,61707400
2025-01-28,51.349998474121094,51.54999923706055,51.11000061035156,51.31999969482422,50.35666275024414,39885300
2025-01-29,51.18000030517578,51.7400016784668,51.16999816894531,51.279998779296875,50.31741714477539,43612200
2025-01-30,51.75,52.040000915527344,51.43000030517578,51.77000045776367,50.7982177734375,64250500
2025-01-31,51.83000183105469,51.970001220703125,51.439998626708984,51.470001220703125,50.50385284423828,40424200
2025-02-03,50.75,51.400001525878906,50.40999984741211,51.2599983215332,50.29779052734375,77416200
2025-02-04,51.31999969482422,51.38999938964844,51.0,51.13999938964844,50.1800422668457,41742700
2025-02-05,51.36000061035156,51.689998626708984,51.13999938964844,51.68000030517578,50.70990753173828,34758600
2025-02-06,51.97999954223633,52.130001068115234,51.7599983215332,52.11000061035156,51.131832122802734,34355900
2025-02-07,52.16999816894531,52.2599983215332,51.779998779296875,51.81999969482422,50.8472785949707,40601400
2025-02-10,51.90999984741211,51.97999954223633,51.189998626708984,51.40999984741211,50.44497299194336,37921500
2025-02-11,51.33000183105469,51.63999938964844,51.02000045776367,51.540000915527344,50.57253646850586,45162900
2025-02-12,51.279998779296875,51.380001068115234,50.91999816894531,51.36000061035156,50.395912170410156,45473100
2025-02-13,51.5,51.77000045776367,51.279998779296875,51.70000076293945,50.72953414916992,36372200
2025-02-14,51.77000045776367,52.02000045776367,51.75,51.79999923706055,50.82765579223633,29574300
2025-02-18,51.880001068115234,52.20000076293945,51.75,52.16999816894531,51.19070816040039,33496800
2025-02-19,52.040000915527344,52.25,51.900001525878906,52.189998626708984,51.21033477783203,31748500
2025-02-20,52.11000061035156,52.150001525878906,51.040000915527344,51.38999938964844,50.42534637451172,47078900
2025-02-21,51.40999984741211,51.5,50.650001525878906,50.75,49.797367095947266,51789900
2025-02-24,50.9900016784668,51.40999984741211,50.68000030517578,50.970001220703125,50.01323318481445,56673900
2025-02-25,51.27000045776367,51.40999984741211,50.310001373291016,50.959999084472656,50.00342559814453,50132800
2025-02-26,50.970001220703125,51.31999969482422,50.75,50.849998474121094,49.89548110961914,31250500
2025-02-27,51.029998779296875,51.79999923706055,50.9900016784668,51.130001068115234,50.17023849487305,44378600
2025-02-28,51.38999938964844,52.2599983215332,51.16999816894531,52.18000030517578,51.200523376464844,63537100
2025-03-03,52.31999969482422,52.63999938964844,51.369998931884766,51.7400016784668,50.76878356933594,76100100
2025-03-04,51.220001220703125,51.279998779296875,49.63999938964844,49.91999816894531,48.982940673828125,99342400
2025-03-05,49.939998626708984,50.45000076293945,49.560001373291016,50.209999084472656,49.26749801635742,75561700
2025-03-06,49.619998931884766,49.959999084472656,49.060001373291016,49.380001068115234,48.45308303833008,55477700
2025-03-07,49.20000076293945,49.33000183105469,48.25,49.119998931884766,48.19796371459961,87351400
2025-03-10,48.290000915527344,48.61000061035156,47.459999084472656,48.02000045776367,47.11860656738281,78221400
2025-03-11,47.95000076293945,48.08000183105469,47.279998779296875,47.61000061035156,46.71630859375,72972200
2025-03-12,48.119998931884766,48.189998626708984,47.220001220703125,47.68000030517578,46.78499221801758,60700100
2025-03-13,47.79999923706055,48.08000183105469,47.279998779296875,47.41999816894531,46.52987289428711,49986300
2025-03-14,47.869998931884766,48.599998474121094,47.619998931884766,48.52000045776367,47.60922622680664,49535700
2025-03-17,48.33000183105469,49.33000183105469,48.31999969482422,49.09000015258789,48.16852569580078,43570500
2025-03-18,49.130001068115234,49.290000915527344,48.849998474121094,49.029998779296875,48.109649658203125,32714200
2025-03-19,49.060001373291016,49.83000183105469,48.86000061035156,49.56999969482422,48.6395149230957,44290700
2025-03-20,49.290000915527344,49.97999954223633,49.20000076293945,49.63999938964844,48.70820236206055,46326000
2025-03-21,49.38999938964844,49.63999938964844,49.029998779296875,49.459999084472656,48.53158187866211,53382800
2025-03-24,49.790000915527344,50.27000045776367,49.65999984741211,50.150001525878906,49.387367248535156,43158200
2025-03-25,50.33000183105469,50.5099983215332,50.08000183105469,50.43000030517578,49.66310501098633,24873700
2025-03-26,50.58000183105469,50.90999984741211,50.09000015258789,50.279998779296875,49.515384674072266,39729200
2025-03-27,50.189998626708984,50.45000076293945,49.790000915527344,50.18000030517578,49.416908264160156,32299800
2025-03-28,50.029998779296875,50.29999923706055,49.02000045776367,49.209999084472656,48.4616584777832,45365400
2025-03-31,48.720001220703125,50.060001373291016,48.58000183105469,49.810001373291016,49.05253219604492,38042300
2025-04-01,49.619998931884766,49.970001220703125,49.20000076293945,49.75,48.993446350097656,37959100
2025-04-02,49.349998474121094,50.33000183105469,49.27000045776367,50.15999984741211,49.397212982177734,41792100
2025-04-03,48.20000076293945,48.650001525878906,47.599998474121094,47.689998626708984,46.96477127075195,101160600
2025-04-04,46.06999969482422,46.40999984741211,44.09000015258789,44.20000076293945,43.52784729003906,128135300
2025-04-07,42.84000015258789,45.650001525878906,42.209999084472656,44.09000015258789,43.419517517089844,179993200
2025-04-08,45.79999923706055,46.220001220703125,43.2400016784668,43.91999816894531,43.25210189819336,98804200
2025-04-09,43.2400016784668,47.61000061035156,43.06999969482422,47.22999954223633,46.51176834106445,177242900
2025-04-10,46.529998779296875,46.599998474121094,44.540000915527344,45.90999984741211,45.21184539794922,93318200
2025-04-11,45.599998474121094,46.970001220703125,45.369998931884766,46.66999816894531,45.96028137207031,63647400
2025-04-14,47.349998474121094,47.619998931884766,46.869998931884766,47.150001525878906,46.43299102783203,52008900
2025-04-15,47.41999816894531,47.900001525878906,47.22999954223633,47.27000045776367,46.55116271972656,41840100
2025-04-16,47.16999816894531,47.34000015258789,46.18000030517578,46.529998779296875,45.822410583496094,47934300
2025-04-17,46.5,47.209999084472656,46.43000030517578,46.650001525878906,45.940589904785156,61866600
2025-04-21,46.40999984741211,46.54999923706055,45.13999938964844,45.650001525878906,44.95579528808594,43082300
2025-04-22,46.34000015258789,47.279998779296875,46.20000076293945,47.15999984741211,46.442832946777344,38154800
2025-04-23,48.040000915527344,48.72999954223633,47.560001373291016,47.720001220703125,46.99431610107422,50290900
2025-04-24,47.54999923706055,48.34000015258789,47.36000061035156,48.25,47.516258239746094,26817900
2025-04-25,48.0099983215332,48.22999954223633,47.70000076293945,48.02000045776367,47.28975296020508,28113000
2025-04-28,48.220001220703125,48.56999969482422,47.83000183105469,48.16999816894531,47.43747329711914,33922800
2025-04-29,48.18000030517578,48.7599983215332,47.959999084472656,48.66999816894531,47.92987060546875,42475300
2025-04-30,48.150001525878906,48.93000030517578,47.5,48.7599983215332,48.018497467041016,33759900
2025-05-01,48.58000183105469,49.06999969482422,48.439998626708984,48.75,48.00865173339844,34420200
2025-05-02,49.4900016784668,49.939998626708984,49.33000183105469,49.7599983215332,49.0032958984375,35032100
2025-05-05,49.34000015258789,49.83000183105469,49.099998474121094,49.439998626708984,48.68816375732422,24139900
2025-05-06,49.0,49.560001373291016,48.970001220703125,49.15999984741211,48.41241455078125,28949100
2025-05-07,49.31999969482422,49.720001220703125,49.2599983215332,49.45000076293945,48.6980094909668,30070100
2025-05-08,49.84000015258789,50.369998931884766,49.72999954223633,49.86000061035156,49.101768493652344,31294200
2025-05-09,49.959999084472656,50.040000915527344,49.720001220703125,49.86000061035156,49.101768493652344,22075000
2025-05-12,51.11000061035156,51.20000076293945,50.54999923706055,50.869998931884766,50.096412658691406,44274100
2025-05-13,51.0,51.31999969482422,50.90999984741211,51.08000183105469,50.303226470947266,33986100
2025-05-14,51.11000061035156,51.16999816894531,50.790000915527344,50.939998626708984,50.16535186767578,38764200
2025-05-15,50.869998931884766,51.36000061035156,50.83000183105469,51.279998779296875,50.500179290771484,34742500
2025-05-16,51.27000045776367,51.66999816894531,51.15999984741211,51.59000015258789,50.80546569824219,53401000
2025-05-19,51.31999969482422,51.77000045776367,51.2400016784668,51.619998931884766,50.83500671386719,26348400
2025-05-20,51.380001068115234,51.52000045776367,51.11000061035156,51.34000015258789,50.559268951416016,26903000
2025-05-21,51.02000045776367,51.16999816894531,50.25,50.290000915527344,49.525238037109375,40022000
2025-05-22,50.18000030517578,50.52000045776367,49.970001220703125,50.22999954223633,49.46614456176758,33662800
2025-05-23,49.59000015258789,50.290000915527344,49.56999969482422,50.04999923706055,49.288883209228516,33645600
2025-05-27,50.439998626708984,50.959999084472656,50.2599983215332,50.93000030517578,50.15550231933594,38636400
2025-05-28,50.88999938964844,51.02000045776367,50.5099983215332,50.59000015258789,49.820674896240234,31730200
2025-05-29,50.7599983215332,50.86000061035156,50.36000061035156,50.849998474121094,50.07671356201172,34098400
2025-05-30,50.68000030517578,51.04999923706055,50.459999084472656,50.959999084472656,50.1850471496582,37953200
2025-06-02,50.61000061035156,51.0,50.290000915527344,50.97999954223633,50.20473861694336,30142300
2025-06-03,50.81999969482422,51.130001068115234,50.40999984741211,51.08000183105469,50.303226470947266,33705400
2025-06-04,51.150001525878906,51.209999084472656,50.779998779296875,50.790000915527344,50.01763153076172,24600500
2025-06-05,50.79999923706055,50.880001068115234,50.45000076293945,50.650001525878906,49.879756927490234,42014400
2025-06-06,51.16999816894531,51.439998626708984,51.04999923706055,51.279998779296875,50.500179290771484,34982800
2025-06-09,51.34000015258789,51.36000061035156,50.689998626708984,51.0,50.22443771362305,28322100
2025-06-10,50.9900016784668,51.08000183105469,50.880001068115234,51.060001373291016,50.28352737426758,27728600
2025-06-11,51.11000061035156,51.34000015258789,50.810001373291016,51.0,50.22443771362305,39368400
2025-06-12,50.70000076293945,51.0099983215332,50.5,51.0,50.22443771362305,25500900
2025-06-13,50.349998474121094,50.459999084472656,49.810001373291016,49.959999084472656,49.200252532958984,54921900
2025-06-16,50.31999969482422,50.880001068115234,50.310001373291016,50.529998779296875,49.76158142089844,35632400
2025-06-17,50.27000045776367,50.47999954223633,50.09000015258789,50.2400016784668,49.47599411010742,31130700
2025-06-18,50.220001220703125,50.77000045776367,50.150001525878906,50.220001220703125,49.456302642822266,45728200
2025-06-20,50.369998931884766,50.58000183105469,50.220001220703125,50.36000061035156,49.594173431396484,44456100
2025-06-23,50.20000076293945,50.84000015258789,49.84000015258789,50.81999969482422,50.21868896484375,43022700
2025-06-24,51.31999969482422,51.77000045776367,51.279998779296875,51.58000183105469,50.969703674316406,41225000
2025-06-25,51.59000015258789,51.599998474121094,51.29999923706055,51.40999984741211,50.80170822143555,33123900
2025-06-26,51.439998626708984,51.83000183105469,51.40999984741211,51.790000915527344,51.177215576171875,37866000
2025-06-27,51.75,52.22999954223633,51.70000076293945,51.939998626708984,51.325439453125,38954100
2025-06-30,52.18000030517578,52.439998626708984,52.13999938964844,52.369998931884766,51.75035095214844,42472900
2025-07-01,52.2400016784668,52.77000045776367,52.209999084472656,52.65999984741211,52.03691864013672,33844800
2025-07-02,52.75,52.7599983215332,52.34000015258789,52.619998931884766,51.99739456176758,40791100
2025-07-03,52.75,53.27000045776367,52.70000076293945,53.189998626708984,52.56064987182617,25904800
2025-07-07,53.130001068115234,53.25,52.41999816894531,52.68000030517578,52.05668258666992,34049000
2025-07-08,52.560001373291016,52.599998474121094,52.18000030517578,52.209999084472656,51.592247009277344,53715000
2025-07-09,52.47999954223633,52.5,52.13999938964844,52.400001525878906,51.779998779296875,36634900
2025-07-10,52.279998779296875,52.7599983215332,52.279998779296875,52.709999084472656,52.08633041381836,27992600
2025-07-11,52.36000061035156,52.40999984741211,52.08000183105469,52.15999984741211,51.5428352355957,30289900
2025-07-14,52.150001525878906,52.58000183105469,52.02000045776367,52.54999923706055,51.92822265625,27636500
2025-07-15,52.34000015258789,52.45000076293945,51.650001525878906,51.650001525878906,51.038875579833984,47704600
2025-07-16,51.93000030517578,52.060001373291016,51.33000183105469,52.0099983215332,51.39461135864258,46726500
2025-07-17,51.869998931884766,52.599998474121094,51.810001373291016,52.5099983215332,51.888694763183594,48213900
2025-07-18,52.58000183105469,52.650001525878906,52.43000030517578,52.540000915527344,51.91834259033203,29791300
2025-07-21,52.56999969482422,52.939998626708984,52.369998931884766,52.38999938964844,51.770118713378906,36871400
2025-07-22,52.5,52.75,52.470001220703125,52.68000030517578,52.05668258666992,32289100
2025-07-23,52.79999923706055,53.099998474121094,52.560001373291016,53.099998474121094,52.47171401977539,32111300
2025-07-24,53.119998931884766,53.439998626708984,53.0099983215332,53.06999969482422,52.44207000732422,32371900
2025-07-25,53.099998474121094,53.4900016784668,52.9900016784668,53.439998626708984,52.80768966674805,28964700
2025-07-28,53.380001068115234,53.439998626708984,52.959999084472656,53.06999969482422,52.44207000732422,29119300
2025-07-29,53.25,53.29999923706055,52.68000030517578,52.79999923706055,52.17526626586914,37883200
2025-07-30,52.779998779296875,53.029998779296875,52.439998626708984,52.70000076293945,52.076446533203125,37260100
2025-07-31,52.47999954223633,52.9900016784668,52.27000045776367,52.369998931884766,51.75035095214844,46179400
2025-08-01,51.720001220703125,51.7599983215332,51.04999923706055,51.400001525878906,50.791831970214844,63060800
2025-08-04,51.599998474121094,51.90999984741211,51.4900016784668,51.90999984741211,51.29579162597656,40053100
2025-08-05,52.04999923706055,52.09000015258789,51.36000061035156,51.70000076293945,51.08828353881836,33551000
2025-08-06,51.810001373291016,52.029998779296875,51.65999984741211,51.95000076293945,51.335323333740234,34198700
2025-08-07,52.18000030517578,52.25,51.220001220703125,51.369998931884766,50.76218032836914,43119400
2025-08-08,51.66999816894531,51.970001220703125,51.5,51.849998474121094,51.236507415771484,39484400
2025-08-11,51.959999084472656,52.029998779296875,51.720001220703125,51.83000183105469,51.21674346923828,29351200
2025-08-12,52.04999923706055,52.54999923706055,52.040000915527344,52.459999084472656,51.83928680419922,37510000
2025-08-13,52.65999984741211,52.90999984741211,52.4900016784668,52.7599983215332,52.135738372802734,41154900
2025-08-14,52.709999084472656,53.04999923706055,52.529998779296875,53.0099983215332,52.38277816772461,35841500
2025-08-15,53.130001068115234,53.15999984741211,52.41999816894531,52.459999084472656,51.83928680419922,46108500
2025-08-18,52.38999938964844,52.560001373291016,52.290000915527344,52.5,51.87881088256836,25405100
2025-08-19,52.45000076293945,52.869998931884766,52.45000076293945,52.599998474121094,51.977630615234375,24870800
2025-08-20,52.63999938964844,53.0099983215332,52.5099983215332,52.869998931884766,52.24443435668945,39138800
2025-08-21,52.720001220703125,52.79999923706055,52.349998474121094,52.70000076293945,52.076446533203125,29037000
2025-08-22,52.970001220703125,53.68000030517578,52.95000076293945,53.56999969482422,52.9361572265625,47249800
2025-08-25,53.470001220703125,53.58000183105469,53.2400016784668,53.2599983215332,52.629817962646484,24756500
2025-08-26,53.099998474121094,53.689998626708984,53.099998474121094,53.66999816894531,53.034969329833984,27907000
2025-08-27,53.540000915527344,53.939998626708984,53.5099983215332,53.779998779296875,53.1436653137207,39530100
2025-08-28,53.88999938964844,53.90999984741211,53.70000076293945,53.849998474121094,53.21283721923828,28837300
2025-08-29,53.900001525878906,54.13999938964844,53.79999923706055,53.9900016784668,53.3511848449707,36062400
2025-09-02,53.70000076293945,53.70000076293945,53.119998931884766,53.59000015258789,52.95591735839844,38733100
2025-09-03,53.5,53.599998474121094,53.130001068115234,53.5,52.86698532104492,36420100
2025-09-04,53.689998626708984,54.08000183105469,53.56999969482422,54.060001373291016,53.42035675048828,32730000
2025-09-05,54.11000061035156,54.25,52.869998931884766,53.06999969482422,52.44207000732422,58377100
2025-09-08,53.09000015258789,53.16999816894531,52.84000015258789,53.11000061035156,52.48159408569336,49490900
2025-09-09,52.97999954223633,53.59000015258789,52.959999084472656,53.34000015258789,52.70887756347656,38884500
2025-09-10,53.16999816894531,53.400001525878906,52.93000030517578,53.15999984741211,52.531005859375,32915900
2025-09-11,53.189998626708984,54.06999969482422,53.18000030517578,54.029998779296875,53.390708923339844,36635400
2025-09-12,53.959999084472656,54.06999969482422,53.709999084472656,53.79999923706055,53.163429260253906,25705900
2025-09-15,53.88999938964844,54.09000015258789,53.619998931884766,53.68000030517578,53.04485321044922,31922000
2025-09-16,53.61000061035156,53.66999816894531,53.27000045776367,53.560001373291016,52.926273345947266,28482500
2025-09-17,53.66999816894531,54.33000183105469,53.650001525878906,54.08000183105469,53.440120697021484,47976100
2025-09-18,54.11000061035156,54.5,53.9900016784668,54.130001068115234,53.489532470703125,36609100
2025-09-19,54.2599983215332,54.40999984741211,53.91999816894531,54.25,53.60810852050781,46731400
2025-09-22,53.70000076293945,54.060001373291016,53.63999938964844,54.0,53.53672409057617,32393000
2025-09-23,53.95000076293945,54.4900016784668,53.630001068115234,53.7599983215332,53.29878234863281,28698900
2025-09-24,53.83000183105469,53.959999084472656,53.5,53.61000061035156,53.15007400512695,23893400
2025-09-25,53.470001220703125,53.709999084472656,53.2400016784668,53.470001220703125,53.01127624511719,24757500
2025-09-26,53.709999084472656,54.099998474121094,53.63999938964844,53.86000061035156,53.397926330566406,30686100
2025-09-29,54.040000915527344,54.150001525878906,53.7400016784668,54.130001068115234,53.665611267089844,20713800
2025-09-30,54.060001373291016,54.2400016784668,53.41999816894531,53.869998931884766,53.407840728759766,32442200
2025-10-01,53.61000061035156,53.7599983215332,53.369998931884766,53.38999938964844,52.93195724487305,33210100
2025-10-02,53.310001373291016,53.47999954223633,53.060001373291016,53.349998474121094,52.892303466796875,32443400
2025-10-03,53.41999816894531,53.970001220703125,53.380001068115234,53.720001220703125,53.259132385253906,32111600
2025-10-06,53.93000030517578,54.06999969482422,53.29999923706055,53.70000076293945,53.23929977416992,32001300
2025-10-07,53.880001068115234,54.04999923706055,53.52000045776367,53.77000045776367,53.30870056152344,31250500
2025-10-08,53.93000030517578,53.95000076293945,53.34000015258789,53.5099983215332,53.050926208496094,26848700
2025-10-09,53.630001068115234,53.810001373291016,53.189998626708984,53.31999969482422,52.8625602722168,33922400
2025-10-10,53.459999084472656,53.68000030517578,52.15999984741211,52.15999984741211,51.7125129699707,73596200
2025-10-13,52.54999923706055,52.81999969482422,52.34000015258789,52.65999984741211,52.208221435546875,39651900
2025-10-14,52.45000076293945,53.650001525878906,52.25,53.2400016784668,52.78324890136719,62588700
2025-10-15,53.43000030517578,53.7599983215332,52.86000061035156,53.2400016784668,52.78324890136719,39526600
2025-10-16,53.09000015258789,53.119998931884766,51.540000915527344,51.7599983215332,51.315940856933594,85420100
2025-10-17,51.900001525878906,52.36000061035156,51.72999954223633,52.18000030517578,51.732337951660156,52288900
2025-10-20,52.36000061035156,52.900001525878906,52.290000915527344,52.790000915527344,52.33710479736328,39479600
2025-10-21,52.65999984741211,53.130001068115234,52.65999984741211,52.72999954223633,52.27762222290039,31213600
2025-10-22,52.779998779296875,52.81999969482422,52.119998931884766,52.43000030517578,51.980194091796875,53727500
2025-10-23,52.59000015258789,52.68000030517578,52.290000915527344,52.540000915527344,52.08925247192383,29483700
2025-10-24,52.849998474121094,53.279998779296875,52.810001373291016,53.11000061035156,52.654361724853516,31947800
2025-10-27,53.369998931884766,53.43000030517578,53.20000076293945,53.33000183105469,52.872474670410156,27154100
2025-10-28,53.33000183105469,53.400001525878906,52.939998626708984,52.9900016784668,52.53539276123047,33648000
2025-10-29,52.45000076293945,52.58000183105469,51.869998931884766,52.09000015258789,51.64311218261719,61846300
2025-10-30,52.02000045776367,52.81999969482422,52.02000045776367,52.22999954223633,51.78190994262695,48568700
2025-10-31,52.0099983215332,52.5,51.939998626708984,52.369998931884766,51.92070770263672,40425800
2025-11-03,52.33000183105469,52.34000015258789,51.650001525878906,52.150001525878906,51.702598571777344,38693200
2025-11-04,51.95000076293945,52.540000915527344,51.84000015258789,52.41999816894531,51.97027587890625,44675200
2025-11-05,52.4900016784668,52.81999969482422,52.18000030517578,52.599998474121094,52.14873504638672,38036300
2025-11-06,52.5099983215332,52.70000076293945,52.16999816894531,52.40999984741211,51.96036911010742,42625700
2025-11-07,52.279998779296875,52.79999923706055,52.09000015258789,52.779998779296875,52.32719039916992,46218700
2025-11-10,52.93000030517578,53.150001525878906,52.650001525878906,52.970001220703125,52.51556396484375,42010600
2025-11-11,53.06999969482422,53.34000015258789,52.880001068115234,53.209999084472656,52.753501892089844,29995800
2025-11-12,53.220001220703125,53.88999938964844,53.220001220703125,53.66999816894531,53.209556579589844,46052700
2025-11-13,53.56999969482422,53.7599983215332,52.880001068115234,52.97999954223633,52.52547836303711,50455300
2025-11-14,52.810001373291016,52.810001373291016,52.27000045776367,52.45000076293945,52.000022888183594,46154600
2025-11-17,52.470001220703125,52.4900016784668,51.25,51.45000076293945,51.00860595703125,70048500
2025-11-18,51.279998779296875,51.75,51.150001525878906,51.369998931884766,50.92928695678711,66043600
2025-11-19,51.380001068115234,51.650001525878906,51.189998626708984,51.560001373291016,51.11766052246094,46003900
2025-11-20,52.029998779296875,52.38999938964844,51.08000183105469,51.11000061035156,50.6715202331543,70096400
2025-11-21,51.459999084472656,51.970001220703125,51.13999938964844,51.66999816894531,51.226715087890625,68942900
2025-11-24,51.7400016784668,51.970001220703125,51.33000183105469,51.88999938964844,51.444828033447266,43789100
2025-11-25,52.11000061035156,52.65999984741211,51.90999984741211,52.540000915527344,52.08925247192383,50989800
2025-11-26,52.66999816894531,53.150001525878906,52.599998474121094,52.95000076293945,52.49573516845703,35268500
2025-11-28,53.099998474121094,53.54999923706055,53.029998779296875,53.33000183105469,52.872474670410156,16136100
2025-12-01,53.06999969482422,53.400001525878906,52.84000015258789,52.88999938964844,52.436248779296875,29296300
2025-12-02,52.9900016784668,53.13999938964844,52.63999938964844,52.84000015258789,52.38667678833008,29771500
2025-12-03,52.939998626708984,53.599998474121094,52.880001068115234,53.54999923706055,53.0905876159668,32018000
2025-12-04,53.59000015258789,53.90999984741211,53.470001220703125,53.65999984741211,53.199642181396484,33678700
2025-12-05,53.540000915527344,53.93000030517578,53.45000076293945,53.68000030517578,53.2194709777832,28532300
2025-12-08,53.70000076293945,53.709999084472656,53.279998779296875,53.47999954223633,53.02118682861328,31164200
2025-12-09,53.5,53.95000076293945,53.25,53.279998779296875,52.82290267944336,46335400
2025-12-10,53.279998779296875,54.08000183105469,53.209999084472656,53.88999938964844,53.427669525146484,45437500
2025-12-11,53.959999084472656,54.97999954223633,53.93000030517578,54.869998931884766,54.399261474609375,51786500
2025-12-12,55.15999984741211,55.209999084472656,54.709999084472656,54.95000076293945,54.47857666015625,64428900
2025-12-15,55.18000030517578,55.310001373291016,54.81999969482422,54.9900016784668,54.51823425292969,35356800
2025-12-16,55.040000915527344,55.15999984741211,54.47999954223633,54.63999938964844,54.171234130859375,37342300
2025-12-17,54.79999923706055,55.06999969482422,54.58000183105469,54.630001068115234,54.16132354736328,41112400
2025-12-18,54.77000045776367,55.02000045776367,54.36000061035156,54.540000915527344,54.07209396362305,35021600
2025-12-19,54.560001373291016,55.02000045776367,54.560001373291016,54.84000015258789,54.3695182800293,46595300
2025-12-22,54.75,55.439998626708984,54.7400016784668,55.31999969482422,55.03709030151367,37987800
2025-12-23,55.310001373291016,55.560001373291016,55.310001373291016,55.43000030517578,55.14652633666992,24732900
2025-12-24,55.5099983215332,55.88999938964844,55.40999984741211,55.72999954223633,55.44499206542969,15685800
2025-12-26,55.709999084472656,55.79999923706055,55.439998626708984,55.619998931884766,55.33555221557617,20410100
2025-12-29,55.59000015258789,55.68000030517578,55.2599983215332,55.31999969482422,55.03709030151367,34223800
2025-12-30,55.400001525878906,55.400001525878906,55.13999938964844,55.18000030517578,54.897804260253906,16160900
2025-12-31,55.220001220703125,55.2599983215332,54.75,54.77000045776367,54.48990249633789,22996200
2026-01-02,54.83000183105469,55.0,54.34000015258789,54.93000030517578,54.64908218383789,36087100
2026-01-05,54.81999969482422,56.5099983215332,54.81999969482422,56.130001068115234,55.84294891357422,58044100
2026-01-06,56.040000915527344,56.52000045776367,55.9900016784668,56.400001525878906,56.111568450927734,38950800
2026-01-07,56.22999954223633,56.34000015258789,55.540000915527344,55.61000061035156,55.32560729980469,44720900
2026-01-08,55.45000076293945,56.25,55.40999984741211,55.900001525878906,55.6141242980957,35358300
2026-01-09,55.97999954223633,56.15999984741211,55.720001220703125,55.72999954223633,55.44499206542969,29544900
2026-01-12,55.029998779296875,55.36000061035156,54.84000015258789,55.290000915527344,55.00724411010742,42021600
2026-01-13,55.150001525878906,55.22999954223633,54.150001525878906,54.22999954223633,53.95266342163086,77045100
2026-01-14,54.04999923706055,54.18000030517578,53.689998626708984,54.150001525878906,53.87307357788086,59754600
2026-01-15,54.220001220703125,54.70000076293945,54.209999084472656,54.369998931884766,54.09194564819336,48490800
2026-01-16,54.369998931884766,54.7599983215332,54.290000915527344,54.439998626708984,54.16158676147461,44363200
2026-01-20,53.61000061035156,54.11000061035156,53.099998474121094,53.20000076293945,52.92793273925781,57030800
2026-01-21,53.369998931884766,53.83000183105469,53.2400016784668,53.459999084472656,53.18659973144531,49360300
2026-01-22,53.650001525878906,54.04999923706055,53.63999938964844,53.810001373291016,53.534812927246094,46919300
2026-01-23,53.4900016784668,53.5099983215332,52.880001068115234,53.06999969482422,52.7985954284668,47057500
2026-01-26,53.099998474121094,53.54999923706055,53.09000015258789,53.40999984741211,53.13685607910156,31072700
2026-01-27,53.31999969482422,53.43000030517578,52.84000015258789,53.0,52.72895431518555,38633700
2026-01-28,52.93000030517578,53.209999084472656,52.7599983215332,52.9900016784668,52.7190055847168,45450800
2026-01-29,53.31999969482422,53.630001068115234,52.9900016784668,53.54999923706055,53.27614212036133,51975400
2026-01-30,53.380001068115234,53.65999984741211,53.02000045776367,53.439998626708984,53.16670227050781,42767000
2026-02-02,53.45000076293945,54.09000015258789,53.20000076293945,54.029998779296875,53.753684997558594,48031500
2026-02-03,53.720001220703125,54.16999816894531,53.15999984741211,53.529998779296875,53.25624084472656,66887100
2026-02-04,53.5099983215332,54.18000030517578,53.400001525878906,53.959999084472656,53.684043884277344,59506400
2026-02-05,53.939998626708984,54.060001373291016,53.18000030517578,53.290000915527344,53.01747131347656,64475000
2026-02-06,53.83000183105469,54.349998474121094,53.83000183105469,54.2599983215332,53.98250961303711,53073800
2026-02-09,54.08000183105469,54.38999938964844,53.900001525878906,53.939998626708984,53.664146423339844,31699900
2026-02-10,53.70000076293945,54.2599983215332,53.119998931884766,53.54999923706055,53.27614212036133,57920800
2026-02-11,53.66999816894531,53.93000030517578,52.689998626708984,52.7400016784668,52.47028350830078,60339900
2026-02-12,52.900001525878906,53.11000061035156,51.43000030517578,51.689998626708984,51.42565155029297,94645100
2026-02-13,51.54999923706055,51.93000030517578,51.25,51.650001525878906,51.385860443115234,56449300
2026-02-17,51.81999969482422,52.40999984741211,51.81999969482422,52.20000076293945,51.93304443359375,54064700
2026-02-18,52.349998474121094,52.779998779296875,52.279998779296875,52.59000015258789,52.32105255126953,45224000
2026-02-19,52.13999938964844,52.380001068115234,51.7400016784668,52.150001525878906,51.88330078125,47344400
2026-02-20,52.040000915527344,52.5,51.720001220703125,52.4900016784668,52.22156524658203,52934100
2026-02-23,52.189998626708984,52.470001220703125,50.63999938964844,50.72999954223633,50.47056198120117,94600400
2026-02-24,50.45000076293945,51.18000030517578,50.2400016784668,50.97999954223633,50.71928405761719,64114100
2026-02-25,51.2400016784668,51.88999938964844,51.16999816894531,51.869998931884766,51.604732513427734,47652800
2026-02-26,52.06999969482422,52.65999984741211,51.97999954223633,52.5,52.231510162353516,60884300
2026-02-27,51.880001068115234,52.060001373291016,51.0099983215332,51.43000030517578,51.16698455810547,81998700
2026-03-02,50.61000061035156,51.630001068115234,50.459999084472656,51.29999923706055,51.03764724731445,70107200
2026-03-03,50.290000915527344,51.54999923706055,50.08000183105469,51.209999084472656,50.9481086730957,94738700
2026-03-04,51.33000183105469,51.650001525878906,51.08000183105469,51.5,51.23662567138672,51472400
2026-03-05,51.2400016784668,51.81999969482422,50.90999984741211,51.22999954223633,50.9680061340332,58430700
2026-03-06,50.439998626708984,50.619998931884766,49.75,50.56999969482422,50.31138229370117,75632700
2026-03-09,49.91999816894531,50.52000045776367,49.18000030517578,50.33000183105469,50.072608947753906,78178700
2026-03-10,50.33000183105469,50.689998626708984,49.75,50.060001373291016,49.80398941040039,70834200
2026-03-11,49.97999954223633,50.119998931884766,49.220001220703125,49.63999938964844,49.38613510131836,56301200
2026-03-12,48.97999954223633,49.220001220703125,48.790000915527344,48.83000183105469,48.58028030395508,67871700
2026-03-13,49.11000061035156,49.459999084472656,48.849998474121094,48.88999938964844,48.63997268676758,47595200
2026-03-16,49.25,49.75,49.11000061035156,49.29999923706055,49.047874450683594,45720100
2026-03-17,49.70000076293945,50.189998626708984,49.5099983215332,49.560001373291016,49.306549072265625,46974000
2026-03-18,49.369998931884766,49.709999084472656,48.91999816894531,48.970001220703125,48.719566345214844,49239100
2026-03-19,48.77000045776367,49.18000030517578,48.52000045776367,48.9900016784668,48.739463806152344,58374000
2026-03-20,48.959999084472656,49.34000015258789,48.790000915527344,49.08000183105469,48.829002380371094,82914000
2026-03-23,49.70000076293945,49.86000061035156,49.220001220703125,49.27000045776367,49.27000045776367,81044800
2026-03-24,48.79999923706055,49.59000015258789,48.779998779296875,49.279998779296875,49.279998779296875,43296400
2026-03-25,49.59000015258789,49.95000076293945,48.9900016784668,49.34000015258789,49.34000015258789,40438800
2026-03-26,49.11000061035156,49.4900016784668,48.880001068115234,49.04999923706055,49.04999923706055,45035700
2026-03-27,48.790000915527344,48.84000015258789,47.66999816894531,47.810001373291016,47.810001373291016,64823900
2026-03-30,48.22999954223633,48.720001220703125,48.09000015258789,48.36000061035156,48.36000061035156,58128900
2026-03-31,48.91999816894531,49.459999084472656,48.5099983215332,49.369998931884766,49.369998931884766,85361900
2026-04-01,49.79999923706055,49.849998474121094,49.13999938964844,49.439998626708984,49.439998626708984,61558300
2026-04-02,48.83000183105469,49.810001373291016,48.599998474121094,49.529998779296875,49.529998779296875,39519800
2026-04-06,49.5099983215332,50.0099983215332,49.45000076293945,49.880001068115234,49.880001068115234,27345800
2026-04-07,49.619998931884766,50.02000045776367,49.5,49.880001068115234,49.880001068115234,31750000
2026-04-08,51.189998626708984,51.47999954223633,50.959999084472656,51.20000076293945,51.20000076293945,48175400
2026-04-09,50.939998626708984,51.540000915527344,50.79999923706055,51.33000183105469,51.33000183105469,30330500
2026-04-10,51.22999954223633,51.290000915527344,50.63999938964844,50.77000045776367,50.77000045776367,35427500
2026-04-13,50.5,51.66999816894531,50.41999816894531,51.65999984741211,51.65999984741211,33635900
2026-04-14,51.5099983215332,51.90999984741211,51.439998626708984,51.779998779296875,51.779998779296875,36498400
2026-04-15,52.06999969482422,52.33000183105469,51.81999969482422,52.16999816894531,52.16999816894531,33804700
2026-04-16,52.09000015258789,52.40999984741211,51.91999816894531,52.029998779296875,52.029998779296875,25432000
2026-04-17,52.369998931884766,52.97999954223633,52.29999923706055,52.43000030517578,52.43000030517578,45183400
2026-04-20,52.34000015258789,52.7599983215332,52.2599983215332,52.630001068115234,52.630001068115234,26160600
2026-04-21,52.709999084472656,53.189998626708984,52.20000076293945,52.29999923706055,52.29999923706055,34150100
2026-04-22,52.47999954223633,52.650001525878906,52.06999969482422,52.209999084472656,52.209999084472656,31838400
2026-04-23,52.08000183105469,52.16999816894531,51.29999923706055,51.79999923706055,51.79999923706055,44647900
2026-04-24,51.58000183105469,51.66999816894531,51.31999969482422,51.41999816894531,51.41999816894531,27225300
2026-04-27,51.310001373291016,51.900001525878906,51.27000045776367,51.810001373291016,51.810001373291016,25764300
2026-04-28,52.20000076293945,52.400001525878906,51.79999923706055,51.849998474121094,51.849998474121094,24337500
2026-04-29,52.130001068115234,52.29999923706055,51.70000076293945,51.91999816894531,51.91999816894531,22153100
2026-04-30,51.5099983215332,52.25,51.20000076293945,52.130001068115234,52.130001068115234,31406400
2026-05-01,52.400001525878906,52.61000061035156,51.91999816894531,51.91999816894531,51.91999816894531,39618200
2026-05-04,51.779998779296875,52.189998626708984,51.4900016784668,51.58000183105469,51.58000183105469,44456300
2026-05-05,51.56999969482422,51.77000045776367,51.380001068115234,51.59000015258789,51.59000015258789,27419600
2026-05-06,51.91999816894531,52.2400016784668,51.779998779296875,51.84000015258789,51.84000015258789,39084600
2026-05-07,51.779998779296875,52.08000183105469,51.41999816894531,51.54999923706055,51.54999923706055,36983100
2026-05-08,51.68000030517578,51.7400016784668,51.13999938964844,51.2400016784668,51.2400016784668,29627700
2026-05-11,51.2599983215332,51.459999084472656,50.959999084472656,51.18000030517578,51.18000030517578,30759200
2026-05-12,51.18000030517578,51.70000076293945,50.810001373291016,51.58000183105469,51.58000183105469,44193700
2026-05-13,51.13999938964844,51.33000183105469,50.959999084472656,50.9900016784668,50.9900016784668,33440200
2026-05-14,51.27000045776367,51.4900016784668,51.099998474121094,51.290000915527344,51.290000915527344,37059700
2026-05-15,51.31999969482422,51.5,51.040000915527344,51.099998474121094,51.099998474121094,29789800
2026-05-18,51.0099983215332,51.79999923706055,50.970001220703125,51.7400016784668,51.7400016784668,32974600
2026-05-19,51.630001068115234,51.790000915527344,51.04999923706055,51.099998474121094,51.099998474121094,35956300
2026-05-20,51.22999954223633,51.709999084472656,50.779998779296875,51.65999984741211,51.65999984741211,42148400
2026-05-21,51.459999084472656,51.83000183105469,51.209999084472656,51.72999954223633,51.72999954223633,33344200
2026-05-22,51.900001525878906,52.16999816894531,51.84000015258789,51.939998626708984,51.939998626708984,23308000
2026-05-26,52.0,52.22999954223633,51.720001220703125,51.849998474121094,51.849998474121094,24530200
2026-05-27,51.7400016784668,51.9900016784668,51.29999923706055,51.41999816894531,51.41999816894531,45239100
2026-05-28,51.189998626708984,51.5,51.02000045776367,51.27000045776367,51.27000045776367,40564600
2026-05-29,51.279998779296875,51.790000915527344,51.16999816894531,51.58000183105469,51.58000183105469,34240300
2026-06-01,51.22999954223633,51.599998474121094,51.189998626708984,51.43000030517578,51.43000030517578,34507600
2026-06-02,51.22999954223633,51.65999984741211,50.97999954223633,51.459999084472656,51.459999084472656,30988800
2026-06-03,51.13999938964844,51.15999984741211,50.52000045776367,50.869998931884766,50.869998931884766,44906700
2026-06-04,51.540000915527344,52.29999923706055,51.47999954223633,52.189998626708984,52.189998626708984,57368100
2026-06-05,52.380001068115234,52.47999954223633,52.060001373291016,52.29999923706055,52.29999923706055,42051800
